time,close,open,low,high
2023-05-01 09:31:00,142.0738468435,142.012048737,142.012048737,142.183181955
2023-05-01 09:32:00,142.344807772,142.173674554,142.173674554,142.344807772
2023-05-01 09:33:00,142.20542927334,142.344807772,142.20542927334,142.344807772
2023-05-01 09:34:00,142.382837376,142.382837376,142.382837376,142.382837376
2023-05-01 09:35:00,142.23071896,142.23071896,142.23071896,142.23071896
2023-05-01 09:36:00,142.23071896,142.23071896,142.23071896,142.23071896
2023-05-01 09:37:00,142.23071896,142.23071896,142.23071896,142.23071896
2023-05-01 09:38:00,142.23071896,142.23071896,142.23071896,142.23071896
2023-05-01 09:39:00,142.268748564,142.268748564,142.268748564,142.268748564
2023-05-01 09:40:00,142.268748564,142.268748564,142.268748564,142.268748564
2023-05-01 09:41:00,142.430374381,142.430374381,142.35260384082,142.430374381
2023-05-01 09:42:00,142.221211559,142.173674554,142.173674554,142.221211559
2023-05-01 09:43:00,142.1118764475,142.145152351,142.1118764475,142.145152351
2023-05-01 09:44:00,142.1118764475,142.145152351,142.1118764475,142.145152351
2023-05-01 09:45:00,142.30154909745,142.26057219914,142.26057219914,142.30154909745
2023-05-01 09:46:00,142.354315173,142.354315173,142.354315173,142.354315173
2023-05-01 09:47:00,142.249733762,142.249733762,142.249733762,142.249733762
2023-05-01 09:48:00,142.354315173,142.33368411283,142.33368411283,142.354315173
2023-05-01 09:49:00,142.36467824009,142.36467824009,142.36467824009,142.36467824009
2023-05-01 09:50:00,142.36467824009,142.36467824009,142.36467824009,142.36467824009
2023-05-01 09:51:00,142.401852178,142.401852178,142.401852178,142.401852178
2023-05-01 09:52:00,142.411359579,142.3780836755,142.3780836755,142.411359579
2023-05-01 09:53:00,142.40194725201,142.373329975,142.373329975,142.40194725201
2023-05-01 09:54:00,142.40194725201,142.373329975,142.373329975,142.40194725201
2023-05-01 09:55:00,142.61158544406,142.496926188,142.496926188,142.61158544406
2023-05-01 09:56:00,142.7013353095,142.620522401,142.620522401,142.7013353095
2023-05-01 09:57:00,142.7013353095,142.620522401,142.620522401,142.7013353095
2023-05-01 09:58:00,142.80116302,142.696581609,142.696581609,142.80116302
2023-05-01 09:59:00,142.80116302,142.696581609,142.696581609,142.80116302
2023-05-01 10:00:00,142.80116302,142.696581609,142.696581609,142.80116302
2023-05-01 10:01:00,142.744118614,142.7393649135,142.7393649135,142.744118614
2023-05-01 10:02:00,142.6823205075,142.6823205075,142.6823205075,142.6823205075
2023-05-01 10:03:00,142.6823205075,142.6823205075,142.6823205075,142.6823205075
2023-05-01 10:04:00,142.53505086601,142.53505086601,142.53505086601,142.53505086601
2023-05-01 10:05:00,142.53505086601,142.53505086601,142.53505086601,142.53505086601
2023-05-01 10:06:00,142.53505086601,142.53505086601,142.53505086601,142.53505086601
2023-05-01 10:07:00,142.51594099,142.51594099,142.51594099,142.51594099
2023-05-01 10:08:00,142.582492797,142.582492797,142.582492797,142.582492797
2023-05-01 10:09:00,142.582492797,142.582492797,142.582492797,142.582492797
2023-05-01 10:10:00,142.582492797,142.582492797,142.582492797,142.582492797
2023-05-01 10:11:00,142.791655619,142.725103812,142.725103812,142.791655619
2023-05-01 10:12:00,142.791655619,142.725103812,142.725103812,142.791655619
2023-05-01 10:13:00,142.70608901,142.6633057055,142.6633057055,142.70608901
2023-05-01 10:14:00,142.611015,142.7203501115,142.611015,142.7203501115
2023-05-01 10:15:00,142.57260509996,142.57260509996,142.57260509996,142.57260509996
2023-05-01 10:16:00,142.668059406,142.668059406,142.668059406,142.668059406
2023-05-01 10:17:00,142.668059406,142.668059406,142.668059406,142.668059406
2023-05-01 10:18:00,142.668059406,142.668059406,142.668059406,142.668059406
2023-05-01 10:19:00,142.668059406,142.668059406,142.668059406,142.668059406
2023-05-01 10:20:00,142.68298602557,142.696581609,142.68298602557,142.696581609
2023-05-01 10:21:00,142.75286542292,142.75286542292,142.75286542292,142.75286542292
2023-05-01 10:22:00,142.6633057055,142.6633057055,142.6633057055,142.6633057055
2023-05-01 10:23:00,142.592000198,142.5587242945,142.51594099,142.592000198
2023-05-01 10:24:00,142.6157687005,142.611015,142.611015,142.64894952999
2023-05-01 10:25:00,142.6633057055,142.696581609,142.620522401,142.696581609
2023-05-01 10:26:00,142.6633057055,142.696581609,142.620522401,142.696581609
2023-05-01 10:27:00,142.734611213,142.734611213,142.734611213,142.734611213
2023-05-01 10:28:00,142.782148218,142.772640817,142.7583797155,142.782148218
2023-05-01 10:29:00,142.71863877932,142.71863877932,142.71863877932,142.71863877932
2023-05-01 10:30:00,142.791655619,142.791655619,142.791655619,142.791655619
2023-05-01 10:31:00,142.924759233,142.924759233,142.924759233,142.924759233
2023-05-01 10:32:00,142.934266634,142.934266634,142.934266634,142.934266634
2023-05-01 10:33:00,142.782148218,142.782148218,142.782148218,142.782148218
2023-05-01 10:34:00,142.9485277355,142.9485277355,142.9485277355,142.9485277355
2023-05-01 10:35:00,142.9485277355,142.9485277355,142.9485277355,142.9485277355
2023-05-01 10:36:00,142.9485277355,142.9485277355,142.9485277355,142.9485277355
2023-05-01 10:37:00,142.858207426,142.858207426,142.858207426,142.858207426
2023-05-01 10:38:00,142.858207426,142.858207426,142.858207426,142.858207426
2023-05-01 10:39:00,142.858207426,142.858207426,142.858207426,142.858207426
2023-05-01 10:40:00,142.83881232796,142.83881232796,142.83881232796,142.83881232796
2023-05-01 10:41:00,142.91344542581,142.91344542581,142.91344542581,142.91344542581
2023-05-01 10:42:00,142.91344542581,142.91344542581,142.91344542581,142.91344542581
2023-05-01 10:43:00,142.772640817,142.772640817,142.772640817,142.772640817
2023-05-01 10:44:00,142.810670421,142.810670421,142.810670421,142.810670421
2023-05-01 10:45:00,142.839192624,142.839192624,142.839192624,142.839192624
2023-05-01 10:46:00,142.877222228,142.877222228,142.877222228,142.877222228
2023-05-01 10:47:00,142.88882125722,142.88882125722,142.88882125722,142.88882125722
2023-05-01 10:48:00,142.88882125722,142.88882125722,142.88882125722,142.88882125722
2023-05-01 10:49:00,142.88882125722,142.88882125722,142.88882125722,142.88882125722
2023-05-01 10:50:00,142.88882125722,142.88882125722,142.88882125722,142.88882125722
2023-05-01 10:51:00,142.97933171474,142.97933171474,142.97933171474,142.97933171474
2023-05-01 10:52:00,143.029340644,143.029340644,143.029340644,143.029340644
2023-05-01 10:53:00,143.06061999329,143.06061999329,143.06061999329,143.06061999329
2023-05-01 10:54:00,143.06061999329,143.06061999329,143.06061999329,143.06061999329
2023-05-01 10:55:00,143.06061999329,143.06061999329,143.06061999329,143.06061999329
2023-05-01 10:56:00,143.06061999329,143.06061999329,143.06061999329,143.06061999329
2023-05-01 10:57:00,143.06061999329,143.06061999329,143.06061999329,143.06061999329
2023-05-01 10:58:00,143.06061999329,143.06061999329,143.06061999329,143.06061999329
2023-05-01 10:59:00,143.3288237755,143.3288237755,143.3288237755,143.3288237755
2023-05-01 11:00:00,143.3288237755,143.3288237755,143.3288237755,143.3288237755
2023-05-01 11:01:00,143.28337839872,143.26056063632,143.26056063632,143.28337839872
2023-05-01 11:02:00,143.28337839872,143.26056063632,143.26056063632,143.28337839872
2023-05-01 11:03:00,143.390621882,143.390621882,143.390621882,143.390621882
2023-05-01 11:04:00,143.343084877,143.343084877,143.343084877,143.343084877
2023-05-01 11:05:00,143.343084877,143.343084877,143.343084877,143.343084877
2023-05-01 11:06:00,143.343084877,143.343084877,143.343084877,143.343084877
2023-05-01 11:07:00,143.343084877,143.343084877,143.343084877,143.343084877
2023-05-01 11:08:00,143.343084877,143.343084877,143.343084877,143.343084877
2023-05-01 11:09:00,143.343084877,143.343084877,143.343084877,143.343084877
2023-05-01 11:10:00,143.343084877,143.343084877,143.343084877,143.343084877
2023-05-01 11:11:00,143.343084877,143.343084877,143.343084877,143.343084877
2023-05-01 11:12:00,143.343084877,143.343084877,143.343084877,143.343084877
2023-05-01 11:13:00,143.343084877,143.343084877,143.343084877,143.343084877
2023-05-01 11:14:00,143.343084877,143.343084877,143.343084877,143.343084877
2023-05-01 11:15:00,143.495203293,143.495203293,143.495203293,143.495203293
2023-05-01 11:16:00,143.495203293,143.495203293,143.495203293,143.495203293
2023-05-01 11:17:00,143.495203293,143.495203293,143.495203293,143.495203293
2023-05-01 11:18:00,143.495203293,143.495203293,143.495203293,143.495203293
2023-05-01 11:19:00,143.495203293,143.495203293,143.495203293,143.495203293
2023-05-01 11:20:00,143.495203293,143.495203293,143.495203293,143.495203293
2023-05-01 11:21:00,143.438158887,143.438158887,143.438158887,143.438158887
2023-05-01 11:22:00,143.438158887,143.438158887,143.438158887,143.438158887
2023-05-01 11:23:00,143.514218095,143.4999569935,143.4999569935,143.514218095
2023-05-01 11:24:00,143.514218095,143.4999569935,143.4999569935,143.514218095
2023-05-01 11:25:00,143.514218095,143.4999569935,143.4999569935,143.514218095
2023-05-01 11:26:00,143.390621882,143.390621882,143.390621882,143.390621882
2023-05-01 11:27:00,143.343084877,143.343084877,143.343084877,143.343084877
2023-05-01 11:28:00,143.324070075,143.333577476,143.324070075,143.333577476
2023-05-01 11:29:00,143.324070075,143.333577476,143.324070075,143.333577476
2023-05-01 11:30:00,143.409636684,143.409636684,143.409636684,143.409636684
2023-05-01 11:31:00,143.409636684,143.409636684,143.409636684,143.409636684
2023-05-01 11:32:00,143.409636684,143.409636684,143.409636684,143.409636684
2023-05-01 11:33:00,143.409636684,143.409636684,143.409636684,143.409636684
2023-05-01 11:34:00,143.428651486,143.428651486,143.428651486,143.428651486
2023-05-01 11:35:00,143.428651486,143.428651486,143.428651486,143.428651486
2023-05-01 11:36:00,143.428651486,143.428651486,143.428651486,143.428651486
2023-05-01 11:37:00,143.428651486,143.428651486,143.428651486,143.428651486
2023-05-01 11:38:00,143.428651486,143.428651486,143.428651486,143.428651486
2023-05-01 11:39:00,143.428651486,143.428651486,143.428651486,143.428651486
2023-05-01 11:40:00,143.675843912,143.675843912,143.675843912,143.675843912
2023-05-01 11:41:00,143.675843912,143.675843912,143.675843912,143.675843912
2023-05-01 11:42:00,143.675843912,143.675843912,143.675843912,143.675843912
2023-05-01 11:43:00,143.675843912,143.675843912,143.675843912,143.675843912
2023-05-01 11:44:00,143.75190312,143.75190312,143.75190312,143.75190312
2023-05-01 11:45:00,143.75190312,143.75190312,143.75190312,143.75190312
2023-05-01 11:46:00,143.75190312,143.75190312,143.75190312,143.75190312
2023-05-01 11:47:00,143.75190312,143.75190312,143.75190312,143.75190312
2023-05-01 11:48:00,143.75190312,143.75190312,143.75190312,143.75190312
2023-05-01 11:49:00,143.75190312,143.75190312,143.75190312,143.75190312
2023-05-01 11:50:00,143.75190312,143.75190312,143.75190312,143.75190312
2023-05-01 11:51:00,143.75190312,143.75190312,143.75190312,143.75190312
2023-05-01 11:52:00,143.75190312,143.75190312,143.75190312,143.75190312
2023-05-01 11:53:00,143.75190312,143.75190312,143.75190312,143.75190312
2023-05-01 11:54:00,143.75190312,143.75190312,143.75190312,143.75190312
2023-05-01 11:55:00,143.75190312,143.75190312,143.75190312,143.75190312
2023-05-01 11:56:00,143.75190312,143.75190312,143.75190312,143.75190312
2023-05-01 11:57:00,143.75190312,143.75190312,143.75190312,143.75190312
2023-05-01 11:58:00,143.75190312,143.75190312,143.75190312,143.75190312
2023-05-01 11:59:00,143.75190312,143.75190312,143.75190312,143.75190312
2023-05-01 12:00:00,143.75190312,143.75190312,143.75190312,143.75190312
2023-05-01 12:01:00,143.75190312,143.75190312,143.75190312,143.75190312
2023-05-01 12:02:00,143.75190312,143.75190312,143.75190312,143.75190312
2023-05-01 12:03:00,143.75190312,143.75190312,143.75190312,143.75190312
2023-05-01 12:04:00,143.75190312,143.75190312,143.75190312,143.75190312
2023-05-01 12:05:00,143.75190312,143.75190312,143.75190312,143.75190312
2023-05-01 12:06:00,143.75190312,143.75190312,143.75190312,143.75190312
2023-05-01 12:07:00,143.75190312,143.75190312,143.75190312,143.75190312
2023-05-01 12:08:00,143.457173689,143.457173689,143.457173689,143.457173689
2023-05-01 12:09:00,143.457173689,143.457173689,143.457173689,143.457173689
2023-05-01 12:10:00,143.457173689,143.457173689,143.457173689,143.457173689
2023-05-01 12:11:00,143.552247699,143.552247699,143.552247699,143.552247699
2023-05-01 12:12:00,143.552247699,143.552247699,143.552247699,143.552247699
2023-05-01 12:13:00,143.552247699,143.552247699,143.552247699,143.552247699
2023-05-01 12:14:00,143.552247699,143.552247699,143.552247699,143.552247699
2023-05-01 12:15:00,143.552247699,143.552247699,143.552247699,143.552247699
2023-05-01 12:16:00,143.514218095,143.514218095,143.514218095,143.514218095
2023-05-01 12:17:00,143.514218095,143.514218095,143.514218095,143.514218095
2023-05-01 12:18:00,143.599784704,143.599784704,143.599784704,143.599784704
2023-05-01 12:19:00,143.599784704,143.599784704,143.599784704,143.599784704
2023-05-01 12:20:00,143.599784704,143.599784704,143.599784704,143.599784704
2023-05-01 12:21:00,143.599784704,143.599784704,143.599784704,143.599784704
2023-05-01 12:22:00,143.761410521,143.761410521,143.761410521,143.761410521
2023-05-01 12:23:00,143.761410521,143.761410521,143.761410521,143.761410521
2023-05-01 12:24:00,143.761410521,143.761410521,143.761410521,143.761410521
2023-05-01 12:25:00,143.761410521,143.761410521,143.761410521,143.761410521
2023-05-01 12:26:00,143.761410521,143.761410521,143.761410521,143.761410521
2023-05-01 12:27:00,143.761410521,143.761410521,143.761410521,143.761410521
2023-05-01 12:28:00,143.761410521,143.761410521,143.761410521,143.761410521
2023-05-01 12:29:00,143.761410521,143.761410521,143.761410521,143.761410521
2023-05-01 12:30:00,143.761410521,143.761410521,143.761410521,143.761410521
2023-05-01 12:31:00,143.761410521,143.761410521,143.761410521,143.761410521
2023-05-01 12:32:00,143.761410521,143.761410521,143.761410521,143.761410521
2023-05-01 12:33:00,143.761410521,143.761410521,143.761410521,143.761410521
2023-05-01 12:34:00,143.761410521,143.761410521,143.761410521,143.761410521
2023-05-01 12:35:00,143.761410521,143.761410521,143.761410521,143.761410521
2023-05-01 12:36:00,143.761410521,143.761410521,143.761410521,143.761410521
2023-05-01 12:37:00,143.761410521,143.761410521,143.761410521,143.761410521
2023-05-01 12:38:00,143.761410521,143.761410521,143.761410521,143.761410521
2023-05-01 12:39:00,143.761410521,143.761410521,143.761410521,143.761410521
2023-05-01 12:40:00,143.761410521,143.761410521,143.761410521,143.761410521
2023-05-01 12:41:00,143.856484531,143.856484531,143.856484531,143.856484531
2023-05-01 12:42:00,143.856484531,143.856484531,143.856484531,143.856484531
2023-05-01 12:43:00,143.856484531,143.856484531,143.856484531,143.856484531
2023-05-01 12:44:00,143.856484531,143.856484531,143.856484531,143.856484531
2023-05-01 12:45:00,143.856484531,143.856484531,143.856484531,143.856484531
2023-05-01 12:46:00,143.856484531,143.856484531,143.856484531,143.856484531
2023-05-01 12:47:00,143.856484531,143.856484531,143.856484531,143.856484531
2023-05-01 12:48:00,143.856484531,143.856484531,143.856484531,143.856484531
2023-05-01 12:49:00,143.856484531,143.856484531,143.856484531,143.856484531
2023-05-01 12:50:00,143.856484531,143.856484531,143.856484531,143.856484531
2023-05-01 12:51:00,143.856484531,143.856484531,143.856484531,143.856484531
2023-05-01 12:52:00,143.856484531,143.856484531,143.856484531,143.856484531
2023-05-01 12:53:00,143.856484531,143.856484531,143.856484531,143.856484531
2023-05-01 12:54:00,143.856484531,143.856484531,143.856484531,143.856484531
2023-05-01 12:55:00,143.856484531,143.856484531,143.856484531,143.856484531
2023-05-01 12:56:00,143.856484531,143.856484531,143.856484531,143.856484531
2023-05-01 12:57:00,143.713873516,143.713873516,143.713873516,143.713873516
2023-05-01 12:58:00,143.713873516,143.713873516,143.713873516,143.713873516
2023-05-01 12:59:00,143.713873516,143.713873516,143.713873516,143.713873516
2023-05-01 13:00:00,143.713873516,143.713873516,143.713873516,143.713873516
2023-05-01 13:01:00,143.713873516,143.713873516,143.713873516,143.713873516
2023-05-01 13:02:00,143.713873516,143.713873516,143.713873516,143.713873516
2023-05-01 13:03:00,143.713873516,143.713873516,143.713873516,143.713873516
2023-05-01 13:04:00,143.713873516,143.713873516,143.713873516,143.713873516
2023-05-01 13:05:00,143.713873516,143.713873516,143.713873516,143.713873516
2023-05-01 13:06:00,143.713873516,143.713873516,143.713873516,143.713873516
2023-05-01 13:07:00,143.713873516,143.713873516,143.713873516,143.713873516
2023-05-01 13:08:00,143.713873516,143.713873516,143.713873516,143.713873516
2023-05-01 13:09:00,143.713873516,143.713873516,143.713873516,143.713873516
2023-05-01 13:10:00,143.713873516,143.713873516,143.713873516,143.713873516
2023-05-01 13:11:00,143.713873516,143.713873516,143.713873516,143.713873516
2023-05-01 13:12:00,143.713873516,143.713873516,143.713873516,143.713873516
2023-05-01 13:13:00,143.713873516,143.713873516,143.713873516,143.713873516
2023-05-01 13:14:00,143.713873516,143.713873516,143.713873516,143.713873516
2023-05-01 13:15:00,143.713873516,143.713873516,143.713873516,143.713873516
2023-05-01 13:16:00,143.504710694,143.504710694,143.504710694,143.504710694
2023-05-01 13:17:00,143.504710694,143.504710694,143.504710694,143.504710694
2023-05-01 13:18:00,143.485695892,143.485695892,143.485695892,143.485695892
2023-05-01 13:19:00,143.485695892,143.485695892,143.485695892,143.485695892
2023-05-01 13:20:00,143.485695892,143.485695892,143.485695892,143.485695892
2023-05-01 13:21:00,143.485695892,143.485695892,143.485695892,143.485695892
2023-05-01 13:22:00,143.485695892,143.485695892,143.485695892,143.485695892
2023-05-01 13:23:00,143.485695892,143.485695892,143.485695892,143.485695892
2023-05-01 13:24:00,143.485695892,143.485695892,143.485695892,143.485695892
2023-05-01 13:25:00,143.485695892,143.485695892,143.485695892,143.485695892
2023-05-01 13:26:00,143.485695892,143.485695892,143.485695892,143.485695892
2023-05-01 13:27:00,143.485695892,143.485695892,143.485695892,143.485695892
2023-05-01 13:28:00,143.485695892,143.485695892,143.485695892,143.485695892
2023-05-01 13:29:00,143.485695892,143.485695892,143.485695892,143.485695892
2023-05-01 13:30:00,143.390621882,143.400129283,143.390621882,143.409636684
2023-05-01 13:31:00,143.390621882,143.400129283,143.390621882,143.409636684
2023-05-01 13:32:00,143.390621882,143.400129283,143.390621882,143.409636684
2023-05-01 13:33:00,143.390621882,143.400129283,143.390621882,143.409636684
2023-05-01 13:34:00,143.390621882,143.400129283,143.390621882,143.409636684
2023-05-01 13:35:00,143.390621882,143.400129283,143.390621882,143.409636684
2023-05-01 13:36:00,143.390621882,143.400129283,143.390621882,143.409636684
2023-05-01 13:37:00,143.390621882,143.400129283,143.390621882,143.409636684
2023-05-01 13:38:00,143.390621882,143.400129283,143.390621882,143.409636684
2023-05-01 13:39:00,143.390621882,143.400129283,143.390621882,143.409636684
2023-05-01 13:40:00,143.390621882,143.400129283,143.390621882,143.409636684
2023-05-01 13:41:00,143.390621882,143.400129283,143.390621882,143.409636684
2023-05-01 13:42:00,143.390621882,143.400129283,143.390621882,143.409636684
2023-05-01 13:43:00,143.390621882,143.400129283,143.390621882,143.409636684
2023-05-01 13:44:00,143.390621882,143.400129283,143.390621882,143.409636684
2023-05-01 13:45:00,143.390621882,143.400129283,143.390621882,143.409636684
2023-05-01 13:46:00,143.390621882,143.400129283,143.390621882,143.409636684
2023-05-01 13:47:00,143.390621882,143.400129283,143.390621882,143.409636684
2023-05-01 13:48:00,143.390621882,143.400129283,143.390621882,143.409636684
2023-05-01 13:49:00,143.390621882,143.400129283,143.390621882,143.409636684
2023-05-01 13:50:00,143.390621882,143.400129283,143.390621882,143.409636684
2023-05-01 13:51:00,143.390621882,143.400129283,143.390621882,143.409636684
2023-05-01 13:52:00,143.390621882,143.400129283,143.390621882,143.409636684
2023-05-01 13:53:00,143.609292105,143.590277303,143.590277303,143.609292105
2023-05-01 13:54:00,143.609292105,143.590277303,143.590277303,143.609292105
2023-05-01 13:55:00,143.609292105,143.590277303,143.590277303,143.609292105
2023-05-01 13:56:00,143.609292105,143.590277303,143.590277303,143.609292105
2023-05-01 13:57:00,143.609292105,143.590277303,143.590277303,143.609292105
2023-05-01 13:58:00,143.609292105,143.590277303,143.590277303,143.609292105
2023-05-01 13:59:00,143.609292105,143.590277303,143.590277303,143.609292105
2023-05-01 14:00:00,143.609292105,143.590277303,143.590277303,143.609292105
2023-05-01 14:01:00,143.609292105,143.590277303,143.590277303,143.609292105
2023-05-01 14:02:00,143.609292105,143.590277303,143.590277303,143.609292105
2023-05-01 14:03:00,143.609292105,143.590277303,143.590277303,143.609292105
2023-05-01 14:04:00,143.609292105,143.590277303,143.590277303,143.609292105
2023-05-01 14:05:00,143.609292105,143.590277303,143.590277303,143.609292105
2023-05-01 14:06:00,143.609292105,143.590277303,143.590277303,143.609292105
2023-05-01 14:07:00,143.609292105,143.590277303,143.590277303,143.609292105
2023-05-01 14:08:00,143.609292105,143.590277303,143.590277303,143.609292105
2023-05-01 14:09:00,143.609292105,143.590277303,143.590277303,143.609292105
2023-05-01 14:10:00,143.609292105,143.590277303,143.590277303,143.609292105
2023-05-01 14:11:00,143.609292105,143.590277303,143.590277303,143.609292105
2023-05-01 14:12:00,143.628306907,143.628306907,143.628306907,143.628306907
2023-05-01 14:13:00,143.628306907,143.628306907,143.628306907,143.628306907
2023-05-01 14:14:00,143.618799506,143.628306907,143.618799506,143.628306907
2023-05-01 14:15:00,143.618799506,143.628306907,143.618799506,143.628306907
2023-05-01 14:16:00,143.618799506,143.628306907,143.618799506,143.628306907
2023-05-01 14:17:00,143.618799506,143.628306907,143.618799506,143.628306907
2023-05-01 14:18:00,143.618799506,143.628306907,143.618799506,143.628306907
2023-05-01 14:19:00,143.618799506,143.628306907,143.618799506,143.628306907
2023-05-01 14:20:00,143.618799506,143.628306907,143.618799506,143.628306907
2023-05-01 14:21:00,143.618799506,143.628306907,143.618799506,143.628306907
2023-05-01 14:22:00,143.618799506,143.628306907,143.618799506,143.628306907
2023-05-01 14:23:00,143.618799506,143.628306907,143.618799506,143.628306907
2023-05-01 14:24:00,143.618799506,143.628306907,143.618799506,143.628306907
2023-05-01 14:25:00,143.618799506,143.628306907,143.618799506,143.628306907
2023-05-01 14:26:00,143.618799506,143.628306907,143.618799506,143.628306907
2023-05-01 14:27:00,143.362099679,143.362099679,143.362099679,143.362099679
2023-05-01 14:28:00,143.362099679,143.362099679,143.362099679,143.362099679
2023-05-01 14:29:00,143.362099679,143.362099679,143.362099679,143.362099679
2023-05-01 14:30:00,143.362099679,143.362099679,143.362099679,143.362099679
2023-05-01 14:31:00,143.362099679,143.362099679,143.362099679,143.362099679
2023-05-01 14:32:00,143.362099679,143.362099679,143.362099679,143.362099679
2023-05-01 14:33:00,143.362099679,143.362099679,143.362099679,143.362099679
2023-05-01 14:34:00,143.362099679,143.362099679,143.362099679,143.362099679
2023-05-01 14:35:00,143.362099679,143.362099679,143.362099679,143.362099679
2023-05-01 14:36:00,143.362099679,143.362099679,143.362099679,143.362099679
2023-05-01 14:37:00,143.362099679,143.362099679,143.362099679,143.362099679
2023-05-01 14:38:00,143.362099679,143.362099679,143.362099679,143.362099679
2023-05-01 14:39:00,143.362099679,143.362099679,143.362099679,143.362099679
2023-05-01 14:40:00,143.362099679,143.362099679,143.362099679,143.362099679
2023-05-01 14:41:00,143.362099679,143.362099679,143.362099679,143.362099679
2023-05-01 14:42:00,143.362099679,143.362099679,143.362099679,143.362099679
2023-05-01 14:43:00,143.362099679,143.362099679,143.362099679,143.362099679
2023-05-01 14:44:00,143.362099679,143.362099679,143.362099679,143.362099679
2023-05-01 14:45:00,143.362099679,143.362099679,143.362099679,143.362099679
2023-05-01 14:46:00,143.362099679,143.362099679,143.362099679,143.362099679
2023-05-01 14:47:00,143.362099679,143.362099679,143.362099679,143.362099679
2023-05-01 14:48:00,143.362099679,143.362099679,143.362099679,143.362099679
2023-05-01 14:49:00,143.362099679,143.362099679,143.362099679,143.362099679
2023-05-01 14:50:00,143.362099679,143.362099679,143.362099679,143.362099679
2023-05-01 14:51:00,143.362099679,143.362099679,143.362099679,143.362099679
2023-05-01 14:52:00,143.362099679,143.362099679,143.362099679,143.362099679
2023-05-01 14:53:00,143.362099679,143.362099679,143.362099679,143.362099679
2023-05-01 14:54:00,143.362099679,143.362099679,143.362099679,143.362099679
2023-05-01 14:55:00,143.362099679,143.362099679,143.362099679,143.362099679
2023-05-01 14:56:00,143.362099679,143.362099679,143.362099679,143.362099679
2023-05-01 14:57:00,143.362099679,143.362099679,143.362099679,143.362099679
2023-05-01 14:58:00,143.362099679,143.362099679,143.362099679,143.362099679
2023-05-01 14:59:00,143.362099679,143.362099679,143.362099679,143.362099679
2023-05-01 15:00:00,143.362099679,143.362099679,143.362099679,143.362099679
2023-05-01 15:01:00,143.362099679,143.362099679,143.362099679,143.362099679
2023-05-01 15:02:00,142.953281436,142.953281436,142.953281436,142.953281436
2023-05-01 15:03:00,142.953281436,142.953281436,142.953281436,142.953281436
2023-05-01 15:04:00,142.953281436,142.953281436,142.953281436,142.953281436
2023-05-01 15:05:00,142.953281436,142.953281436,142.953281436,142.953281436
2023-05-01 15:06:00,142.953281436,142.953281436,142.953281436,142.953281436
2023-05-01 15:07:00,142.953281436,142.953281436,142.953281436,142.953281436
2023-05-01 15:08:00,142.953281436,142.953281436,142.953281436,142.953281436
2023-05-01 15:09:00,142.953281436,142.953281436,142.953281436,142.953281436
2023-05-01 15:10:00,142.953281436,142.953281436,142.953281436,142.953281436
2023-05-01 15:11:00,142.953281436,142.953281436,142.953281436,142.953281436
2023-05-01 15:12:00,142.953281436,142.953281436,142.953281436,142.953281436
2023-05-01 15:13:00,142.953281436,142.953281436,142.953281436,142.953281436
2023-05-01 15:14:00,142.953281436,142.953281436,142.953281436,142.953281436
2023-05-01 15:15:00,142.953281436,142.953281436,142.953281436,142.953281436
2023-05-01 15:16:00,142.953281436,142.953281436,142.953281436,142.953281436
2023-05-01 15:17:00,142.953281436,142.953281436,142.953281436,142.953281436
2023-05-01 15:18:00,142.953281436,142.953281436,142.953281436,142.953281436
2023-05-01 15:19:00,142.953281436,142.953281436,142.953281436,142.953281436
2023-05-01 15:20:00,142.953281436,142.953281436,142.953281436,142.953281436
2023-05-01 15:21:00,142.953281436,142.953281436,142.953281436,142.953281436
2023-05-01 15:22:00,142.953281436,142.953281436,142.953281436,142.953281436
2023-05-01 15:23:00,142.810670421,142.810670421,142.810670421,142.810670421
2023-05-01 15:24:00,142.810670421,142.810670421,142.810670421,142.810670421
2023-05-01 15:25:00,142.810670421,142.810670421,142.810670421,142.810670421
2023-05-01 15:26:00,142.810670421,142.810670421,142.810670421,142.810670421
2023-05-01 15:27:00,142.810670421,142.810670421,142.810670421,142.810670421
2023-05-01 15:28:00,142.810670421,142.810670421,142.810670421,142.810670421
2023-05-01 15:29:00,142.810670421,142.810670421,142.810670421,142.810670421
2023-05-01 15:30:00,142.810670421,142.810670421,142.810670421,142.810670421
2023-05-01 15:31:00,142.744118614,142.744118614,142.744118614,142.744118614
2023-05-01 15:32:00,142.744118614,142.744118614,142.744118614,142.744118614
2023-05-01 15:33:00,142.744118614,142.744118614,142.744118614,142.744118614
2023-05-01 15:34:00,142.744118614,142.744118614,142.744118614,142.744118614
2023-05-01 15:35:00,142.744118614,142.744118614,142.744118614,142.744118614
2023-05-01 15:36:00,142.763133416,142.763133416,142.763133416,142.763133416
2023-05-01 15:37:00,142.763133416,142.763133416,142.763133416,142.763133416
2023-05-01 15:38:00,142.763133416,142.763133416,142.763133416,142.763133416
2023-05-01 15:39:00,142.611015,142.611015,142.611015,142.611015
2023-05-01 15:40:00,142.611015,142.611015,142.611015,142.611015
2023-05-01 15:41:00,142.611015,142.611015,142.611015,142.611015
2023-05-01 15:42:00,142.620522401,142.620522401,142.620522401,142.620522401
2023-05-01 15:43:00,142.620522401,142.620522401,142.620522401,142.620522401
2023-05-01 15:44:00,142.734611213,142.734611213,142.734611213,142.734611213
2023-05-01 15:45:00,142.677566807,142.677566807,142.677566807,142.677566807
2023-05-01 15:46:00,142.677566807,142.677566807,142.677566807,142.677566807
2023-05-01 15:47:00,142.677566807,142.677566807,142.677566807,142.677566807
2023-05-01 15:48:00,142.677566807,142.677566807,142.677566807,142.677566807
2023-05-01 15:49:00,142.677566807,142.677566807,142.677566807,142.677566807
2023-05-01 15:50:00,142.677566807,142.677566807,142.677566807,142.677566807
2023-05-01 15:51:00,142.677566807,142.677566807,142.677566807,142.677566807
2023-05-01 15:52:00,142.51594099,142.51594099,142.51594099,142.51594099
2023-05-01 15:53:00,142.553970594,142.553970594,142.553970594,142.553970594
2023-05-01 15:54:00,142.553970594,142.553970594,142.553970594,142.553970594
2023-05-01 15:55:00,142.553970594,142.553970594,142.553970594,142.553970594
2023-05-01 15:56:00,142.525448391,142.525448391,142.525448391,142.525448391
2023-05-01 15:57:00,142.525448391,142.525448391,142.525448391,142.525448391
2023-05-01 15:58:00,142.525448391,142.525448391,142.525448391,142.525448391
2023-05-01 15:59:00,142.525448391,142.525448391,142.525448391,142.525448391
2023-05-01 16:00:00,142.582492797,142.553970594,142.553970594,142.582492797
2023-05-02 09:31:00,142.563477995,142.42086698,142.42086698,142.592000198
2023-05-02 09:32:00,142.563477995,142.42086698,142.42086698,142.592000198
2023-05-02 09:33:00,142.563477995,142.42086698,142.42086698,142.592000198
2023-05-02 09:34:00,142.563477995,142.42086698,142.42086698,142.592000198
2023-05-02 09:35:00,142.563477995,142.42086698,142.42086698,142.592000198
2023-05-02 09:36:00,142.563477995,142.42086698,142.42086698,142.592000198
2023-05-02 09:37:00,142.563477995,142.42086698,142.42086698,142.592000198
2023-05-02 09:38:00,142.563477995,142.42086698,142.42086698,142.592000198
2023-05-02 09:39:00,142.563477995,142.42086698,142.42086698,142.592000198
2023-05-02 09:40:00,142.563477995,142.42086698,142.42086698,142.592000198
2023-05-02 09:41:00,142.563477995,142.42086698,142.42086698,142.592000198
2023-05-02 09:42:00,142.563477995,142.42086698,142.42086698,142.592000198
2023-05-02 09:43:00,142.563477995,142.42086698,142.42086698,142.592000198
2023-05-02 09:44:00,142.078600544,142.078600544,142.078600544,142.078600544
2023-05-02 09:45:00,142.069093143,142.069093143,142.069093143,142.069093143
2023-05-02 09:46:00,142.069093143,142.069093143,142.069093143,142.069093143
2023-05-02 09:47:00,142.069093143,142.069093143,142.069093143,142.069093143
2023-05-02 09:48:00,142.069093143,142.069093143,142.069093143,142.069093143
2023-05-02 09:49:00,142.012048737,142.012048737,142.012048737,142.012048737
2023-05-02 09:50:00,142.012048737,142.012048737,142.012048737,142.012048737
2023-05-02 09:51:00,142.126137549,142.126137549,142.126137549,142.126137549
2023-05-02 09:52:00,141.793378514,141.793378514,141.793378514,141.793378514
2023-05-02 09:53:00,141.793378514,141.793378514,141.793378514,141.793378514
2023-05-02 09:54:00,141.8551766205,141.8551766205,141.8551766205,141.8551766205
2023-05-02 09:55:00,141.8551766205,141.8551766205,141.8551766205,141.8551766205
2023-05-02 09:56:00,141.8551766205,141.8551766205,141.8551766205,141.8551766205
2023-05-02 09:57:00,141.8551766205,141.8551766205,141.8551766205,141.8551766205
2023-05-02 09:58:00,141.8551766205,141.8551766205,141.8551766205,141.8551766205
2023-05-02 09:59:00,141.8551766205,141.8551766205,141.8551766205,141.8551766205
2023-05-02 10:00:00,141.8551766205,141.8551766205,141.8551766205,141.8551766205
2023-05-02 10:01:00,142.42086698,142.3685762745,142.3685762745,142.42086698
2023-05-02 10:02:00,142.42086698,142.3685762745,142.3685762745,142.42086698
2023-05-02 10:03:00,142.09105523931,142.09105523931,142.09105523931,142.09105523931
2023-05-02 10:04:00,142.14306072278,142.14306072278,142.14306072278,142.14306072278
2023-05-02 10:05:00,142.1879356555,142.1879356555,142.1879356555,142.1879356555
2023-05-02 10:06:00,142.078600544,142.14724397922,142.078600544,142.14724397922
2023-05-02 10:07:00,142.126137549,142.126137549,142.126137549,142.126137549
2023-05-02 10:08:00,142.126137549,142.126137549,142.126137549,142.126137549
2023-05-02 10:09:00,142.126137549,142.126137549,142.126137549,142.126137549
2023-05-02 10:10:00,142.13564495,142.13564495,142.13564495,142.13564495
2023-05-02 10:11:00,142.13564495,142.13564495,142.13564495,142.13564495
2023-05-02 10:12:00,142.13564495,142.13564495,142.13564495,142.13564495
2023-05-02 10:13:00,142.154659752,142.154659752,142.145152351,142.154659752
2023-05-02 10:14:00,142.154659752,142.154659752,142.145152351,142.154659752
2023-05-02 10:15:00,142.154659752,142.154659752,142.145152351,142.154659752
2023-05-02 10:16:00,142.154659752,142.154659752,142.145152351,142.154659752
2023-05-02 10:17:00,142.154659752,142.154659752,142.145152351,142.154659752
2023-05-02 10:18:00,142.078600544,142.078600544,142.078600544,142.078600544
2023-05-02 10:19:00,142.078600544,142.078600544,142.078600544,142.078600544
2023-05-02 10:20:00,142.078600544,142.078600544,142.078600544,142.078600544
2023-05-02 10:21:00,142.097615346,142.097615346,142.097615346,142.097615346
2023-05-02 10:22:00,142.097615346,142.097615346,142.097615346,142.097615346
2023-05-02 10:23:00,141.955004331,142.126137549,141.955004331,142.126137549
2023-05-02 10:24:00,141.85042292,141.85042292,141.85042292,141.85042292
2023-05-02 10:25:00,141.85042292,141.85042292,141.85042292,141.85042292
2023-05-02 10:26:00,141.717319306,141.717319306,141.717319306,141.717319306
2023-05-02 10:27:00,141.584215692,141.6602749,141.584215692,141.6602749
2023-05-02 10:28:00,141.574708291,141.631752697,141.574708291,141.631752697
2023-05-02 10:29:00,141.413082474,141.47012688,141.413082474,141.47012688
2023-05-02 10:30:00,141.441604677,141.451112078,141.441604677,141.451112078
2023-05-02 10:31:00,141.451112078,141.451112078,141.451112078,141.47012688
2023-05-02 10:32:00,141.40367014701,141.47012688,141.40367014701,141.47012688
2023-05-02 10:33:00,141.40367014701,141.47012688,141.40367014701,141.47012688
2023-05-02 10:34:00,141.403575073,141.422589875,141.403575073,141.422589875
2023-05-02 10:35:00,141.365545469,141.365545469,141.365545469,141.365545469
2023-05-02 10:36:00,141.365545469,141.365545469,141.365545469,141.365545469
2023-05-02 10:37:00,141.365545469,141.365545469,141.365545469,141.365545469
2023-05-02 10:38:00,141.18490485,141.18490485,141.18490485,141.18490485
2023-05-02 10:39:00,141.108845642,141.108845642,141.108845642,141.108845642
2023-05-02 10:40:00,141.108845642,141.108845642,141.108845642,141.108845642
2023-05-02 10:41:00,141.413082474,141.413082474,141.413082474,141.413082474
2023-05-02 10:42:00,141.413082474,141.413082474,141.413082474,141.413082474
2023-05-02 10:43:00,141.413082474,141.413082474,141.413082474,141.413082474
2023-05-02 10:44:00,141.4843879815,141.4843879815,141.4843879815,141.4843879815
2023-05-02 10:45:00,141.4843879815,141.4843879815,141.4843879815,141.4843879815
2023-05-02 10:46:00,141.4843879815,141.4843879815,141.4843879815,141.4843879815
2023-05-02 10:47:00,141.26695372063,141.308501063,141.26695372063,141.308501063
2023-05-02 10:48:00,141.146875246,141.1934615109,141.146875246,141.1934615109
2023-05-02 10:49:00,141.22407534212,141.22407534212,141.22407534212,141.22407534212
2023-05-02 10:50:00,141.203919652,141.203919652,141.203919652,141.203919652
2023-05-02 10:51:00,141.203919652,141.203919652,141.203919652,141.203919652
2023-05-02 10:52:00,141.203919652,141.203919652,141.203919652,141.203919652
2023-05-02 10:53:00,141.203919652,141.203919652,141.203919652,141.203919652
2023-05-02 10:54:00,141.3065995828,141.365545469,141.3065995828,141.365545469
2023-05-02 10:55:00,141.3065995828,141.365545469,141.3065995828,141.365545469
2023-05-02 10:56:00,141.3065995828,141.365545469,141.3065995828,141.365545469
2023-05-02 10:57:00,141.413082474,141.413082474,141.413082474,141.413082474
2023-05-02 10:58:00,141.413082474,141.413082474,141.413082474,141.413082474
2023-05-02 10:59:00,141.413082474,141.413082474,141.413082474,141.413082474
2023-05-02 11:00:00,141.413082474,141.413082474,141.413082474,141.413082474
2023-05-02 11:01:00,141.413082474,141.413082474,141.413082474,141.413082474
2023-05-02 11:02:00,141.413082474,141.413082474,141.413082474,141.413082474
2023-05-02 11:03:00,140.909190221,141.02118740478,140.909190221,141.02118740478
2023-05-02 11:04:00,140.909190221,141.02118740478,140.909190221,141.02118740478
2023-05-02 11:05:00,140.947219825,140.947219825,140.947219825,140.947219825
2023-05-02 11:06:00,140.947219825,140.947219825,140.947219825,140.947219825
2023-05-02 11:07:00,140.947219825,140.947219825,140.947219825,140.947219825
2023-05-02 11:08:00,140.871160617,140.89968282,140.871160617,140.89968282
2023-05-02 11:09:00,140.871160617,140.89968282,140.871160617,140.89968282
2023-05-02 11:10:00,140.842638414,140.842638414,140.842638414,140.890175419
2023-05-02 11:11:00,140.842638414,140.842638414,140.842638414,140.890175419
2023-05-02 11:12:00,140.861653216,140.861653216,140.861653216,140.861653216
2023-05-02 11:13:00,140.861653216,140.861653216,140.861653216,140.861653216
2023-05-02 11:14:00,140.728549602,140.7095348,140.7095348,140.728549602
2023-05-02 11:15:00,140.728549602,140.7095348,140.7095348,140.728549602
2023-05-02 11:16:00,140.728549602,140.7095348,140.7095348,140.728549602
2023-05-02 11:17:00,140.538401582,140.538401582,140.538401582,140.538401582
2023-05-02 11:18:00,140.538401582,140.538401582,140.538401582,140.538401582
2023-05-02 11:19:00,140.538401582,140.538401582,140.538401582,140.538401582
2023-05-02 11:20:00,140.538401582,140.538401582,140.538401582,140.538401582
2023-05-02 11:21:00,140.23416475,140.23416475,140.23416475,140.23416475
2023-05-02 11:22:00,140.177120344,140.205642547,140.177120344,140.205642547
2023-05-02 11:23:00,140.177120344,140.205642547,140.177120344,140.205642547
2023-05-02 11:24:00,140.23416475,140.23416475,140.23416475,140.23416475
2023-05-02 11:25:00,140.015494527,140.110568537,140.015494527,140.11066361101
2023-05-02 11:26:00,140.0107408265,140.0107408265,140.0107408265,140.0107408265
2023-05-02 11:27:00,139.920420517,139.920420517,139.920420517,139.920420517
2023-05-02 11:28:00,139.920420517,139.920420517,139.920420517,139.920420517
2023-05-02 11:29:00,139.920420517,139.920420517,139.920420517,139.920420517
2023-05-02 11:30:00,140.205642547,140.2008888465,140.148598141,140.205642547
2023-05-02 11:31:00,140.205642547,140.2008888465,140.148598141,140.205642547
2023-05-02 11:32:00,140.32923876,140.367268364,140.32923876,140.367268364
2023-05-02 11:33:00,140.3339924605,140.3339924605,140.3339924605,140.3339924605
2023-05-02 11:34:00,140.215149948,140.215149948,140.215149948,140.215149948
2023-05-02 11:35:00,140.215149948,140.215149948,140.215149948,140.215149948
2023-05-02 11:36:00,140.215149948,140.215149948,140.215149948,140.215149948
2023-05-02 11:37:00,140.310223958,140.310223958,140.310223958,140.310223958
2023-05-02 11:38:00,140.23416475,140.23416475,140.23416475,140.23416475
2023-05-02 11:39:00,140.28559978941,140.28559978941,140.28559978941,140.28559978941
2023-05-02 11:40:00,140.291209156,140.291209156,140.291209156,140.291209156
2023-05-02 11:41:00,140.29729389264,140.29729389264,140.29729389264,140.29729389264
2023-05-02 11:42:00,140.29729389264,140.29729389264,140.29729389264,140.29729389264
2023-05-02 11:43:00,140.29729389264,140.29729389264,140.29729389264,140.29729389264
2023-05-02 11:44:00,140.29729389264,140.29729389264,140.29729389264,140.29729389264
2023-05-02 11:45:00,140.595445988,140.595445988,140.595445988,140.595445988
2023-05-02 11:46:00,140.595445988,140.595445988,140.595445988,140.595445988
2023-05-02 11:47:00,140.595445988,140.595445988,140.595445988,140.595445988
2023-05-02 11:48:00,140.623968191,140.623968191,140.623968191,140.623968191
2023-05-02 11:49:00,140.623968191,140.623968191,140.623968191,140.623968191
2023-05-02 11:50:00,140.623968191,140.623968191,140.623968191,140.623968191
2023-05-02 11:51:00,140.623968191,140.623968191,140.623968191,140.623968191
2023-05-02 11:52:00,140.623968191,140.585938587,140.585938587,140.623968191
2023-05-02 11:53:00,140.443327572,140.443327572,140.443327572,140.443327572
2023-05-02 11:54:00,140.443327572,140.443327572,140.443327572,140.443327572
2023-05-02 11:55:00,140.481357176,140.481357176,140.481357176,140.481357176
2023-05-02 11:56:00,140.481357176,140.481357176,140.481357176,140.481357176
2023-05-02 11:57:00,140.633475592,140.633475592,140.633475592,140.633475592
2023-05-02 11:58:00,140.633475592,140.633475592,140.633475592,140.633475592
2023-05-02 11:59:00,140.633475592,140.633475592,140.633475592,140.633475592
2023-05-02 12:00:00,140.78854130231,140.78854130231,140.78854130231,140.78854130231
2023-05-02 12:01:00,140.747564404,140.747564404,140.747564404,140.747564404
2023-05-02 12:02:00,140.747564404,140.747564404,140.747564404,140.747564404
2023-05-02 12:03:00,140.747564404,140.747564404,140.747564404,140.747564404
2023-05-02 12:04:00,140.747564404,140.747564404,140.747564404,140.747564404
2023-05-02 12:05:00,140.747564404,140.747564404,140.747564404,140.747564404
2023-05-02 12:06:00,140.681012597,140.681012597,140.681012597,140.681012597
2023-05-02 12:07:00,140.681012597,140.681012597,140.681012597,140.681012597
2023-05-02 12:08:00,140.623968191,140.623968191,140.623968191,140.623968191
2023-05-02 12:09:00,140.623968191,140.623968191,140.623968191,140.623968191
2023-05-02 12:10:00,140.623968191,140.623968191,140.623968191,140.623968191
2023-05-02 12:11:00,140.623968191,140.623968191,140.623968191,140.623968191
2023-05-02 12:12:00,140.623968191,140.623968191,140.623968191,140.623968191
2023-05-02 12:13:00,140.623968191,140.623968191,140.623968191,140.623968191
2023-05-02 12:14:00,140.623968191,140.623968191,140.623968191,140.623968191
2023-05-02 12:15:00,140.52395033248,140.52395033248,140.52395033248,140.52395033248
2023-05-02 12:16:00,140.500371978,140.538401582,140.500371978,140.557416384
2023-05-02 12:17:00,140.500371978,140.538401582,140.500371978,140.557416384
2023-05-02 12:18:00,140.490864577,140.490864577,140.490864577,140.490864577
2023-05-02 12:19:00,140.490864577,140.490864577,140.490864577,140.490864577
2023-05-02 12:20:00,140.70943972599,140.70943972599,140.70943972599,140.70943972599
2023-05-02 12:21:00,140.70943972599,140.70943972599,140.70943972599,140.70943972599
2023-05-02 12:22:00,140.70943972599,140.70943972599,140.70943972599,140.70943972599
2023-05-02 12:23:00,140.70943972599,140.70943972599,140.70943972599,140.70943972599
2023-05-02 12:24:00,140.70943972599,140.70943972599,140.70943972599,140.70943972599
2023-05-02 12:25:00,140.7618255055,140.7618255055,140.7618255055,140.7618255055
2023-05-02 12:26:00,140.7618255055,140.7618255055,140.7618255055,140.7618255055
2023-05-02 12:27:00,140.7618255055,140.7618255055,140.7618255055,140.7618255055
2023-05-02 12:28:00,140.814116211,140.814116211,140.814116211,140.814116211
2023-05-02 12:29:00,140.814116211,140.814116211,140.814116211,140.814116211
2023-05-02 12:30:00,140.814116211,140.814116211,140.814116211,140.814116211
2023-05-02 12:31:00,140.814116211,140.814116211,140.814116211,140.814116211
2023-05-02 12:32:00,140.814116211,140.814116211,140.814116211,140.814116211
2023-05-02 12:33:00,140.814116211,140.814116211,140.814116211,140.814116211
2023-05-02 12:34:00,140.814116211,140.814116211,140.814116211,140.814116211
2023-05-02 12:35:00,140.814116211,140.814116211,140.814116211,140.814116211
2023-05-02 12:36:00,140.747564404,140.747564404,140.747564404,140.747564404
2023-05-02 12:37:00,140.861653216,140.861653216,140.861653216,140.861653216
2023-05-02 12:38:00,140.776086607,140.766579206,140.766579206,140.776086607
2023-05-02 12:39:00,140.776086607,140.766579206,140.766579206,140.776086607
2023-05-02 12:40:00,140.71086583614,140.71086583614,140.71086583614,140.71086583614
2023-05-02 12:41:00,140.71086583614,140.71086583614,140.71086583614,140.71086583614
2023-05-02 12:42:00,140.71086583614,140.71086583614,140.71086583614,140.71086583614
2023-05-02 12:43:00,140.71086583614,140.71086583614,140.71086583614,140.71086583614
2023-05-02 12:44:00,140.71086583614,140.71086583614,140.71086583614,140.71086583614
2023-05-02 12:45:00,140.71086583614,140.71086583614,140.71086583614,140.71086583614
2023-05-02 12:46:00,140.71086583614,140.71086583614,140.71086583614,140.71086583614
2023-05-02 12:47:00,140.71086583614,140.71086583614,140.71086583614,140.71086583614
2023-05-02 12:48:00,140.71086583614,140.71086583614,140.71086583614,140.71086583614
2023-05-02 12:49:00,140.71086583614,140.71086583614,140.71086583614,140.71086583614
2023-05-02 12:50:00,140.871160617,140.871160617,140.871160617,140.871160617
2023-05-02 12:51:00,140.89968282,140.89968282,140.89968282,140.89968282
2023-05-02 12:52:00,140.89968282,140.89968282,140.89968282,140.89968282
2023-05-02 12:53:00,140.89968282,140.89968282,140.89968282,140.89968282
2023-05-02 12:54:00,140.89968282,140.89968282,140.89968282,140.89968282
2023-05-02 12:55:00,140.89968282,140.89968282,140.89968282,140.89968282
2023-05-02 12:56:00,140.89968282,140.89968282,140.89968282,140.89968282
2023-05-02 12:57:00,140.89968282,140.89968282,140.89968282,140.89968282
2023-05-02 12:58:00,140.89968282,140.89968282,140.89968282,140.89968282
2023-05-02 12:59:00,140.89968282,140.89968282,140.89968282,140.89968282
2023-05-02 13:00:00,140.89968282,140.89968282,140.89968282,140.89968282
2023-05-02 13:01:00,140.89968282,140.89968282,140.89968282,140.89968282
2023-05-02 13:02:00,140.89968282,140.89968282,140.89968282,140.89968282
2023-05-02 13:03:00,140.89968282,140.89968282,140.89968282,140.89968282
2023-05-02 13:04:00,140.89968282,140.89968282,140.89968282,140.89968282
2023-05-02 13:05:00,140.776086607,140.776086607,140.776086607,140.776086607
2023-05-02 13:06:00,140.776086607,140.776086607,140.776086607,140.776086607
2023-05-02 13:07:00,140.776086607,140.776086607,140.776086607,140.776086607
2023-05-02 13:08:00,140.776086607,140.776086607,140.776086607,140.776086607
2023-05-02 13:09:00,140.776086607,140.776086607,140.776086607,140.776086607
2023-05-02 13:10:00,140.776086607,140.776086607,140.776086607,140.776086607
2023-05-02 13:11:00,140.604953389,140.604953389,140.604953389,140.604953389
2023-05-02 13:12:00,140.604953389,140.604953389,140.604953389,140.604953389
2023-05-02 13:13:00,140.604953389,140.604953389,140.604953389,140.604953389
2023-05-02 13:14:00,140.604953389,140.604953389,140.604953389,140.604953389
2023-05-02 13:15:00,140.604953389,140.604953389,140.604953389,140.604953389
2023-05-02 13:16:00,140.604953389,140.604953389,140.604953389,140.604953389
2023-05-02 13:17:00,140.604953389,140.604953389,140.604953389,140.604953389
2023-05-02 13:18:00,140.604953389,140.604953389,140.604953389,140.604953389
2023-05-02 13:19:00,140.604953389,140.604953389,140.604953389,140.604953389
2023-05-02 13:20:00,140.604953389,140.604953389,140.604953389,140.604953389
2023-05-02 13:21:00,140.604953389,140.604953389,140.604953389,140.604953389
2023-05-02 13:22:00,140.604953389,140.604953389,140.604953389,140.604953389
2023-05-02 13:23:00,140.604953389,140.604953389,140.604953389,140.604953389
2023-05-02 13:24:00,140.604953389,140.604953389,140.604953389,140.604953389
2023-05-02 13:25:00,140.604953389,140.604953389,140.604953389,140.604953389
2023-05-02 13:26:00,140.604953389,140.604953389,140.604953389,140.604953389
2023-05-02 13:27:00,140.604953389,140.604953389,140.604953389,140.604953389
2023-05-02 13:28:00,140.604953389,140.604953389,140.604953389,140.604953389
2023-05-02 13:29:00,140.604953389,140.604953389,140.604953389,140.604953389
2023-05-02 13:30:00,140.604953389,140.604953389,140.604953389,140.604953389
2023-05-02 13:31:00,140.604953389,140.604953389,140.604953389,140.604953389
2023-05-02 13:32:00,140.633475592,140.633475592,140.633475592,140.633475592
2023-05-02 13:33:00,140.633475592,140.633475592,140.633475592,140.633475592
2023-05-02 13:34:00,140.633475592,140.633475592,140.633475592,140.633475592
2023-05-02 13:35:00,140.633475592,140.633475592,140.633475592,140.633475592
2023-05-02 13:36:00,140.633475592,140.633475592,140.633475592,140.633475592
2023-05-02 13:37:00,140.633475592,140.633475592,140.633475592,140.633475592
2023-05-02 13:38:00,140.633475592,140.633475592,140.633475592,140.633475592
2023-05-02 13:39:00,140.633475592,140.633475592,140.633475592,140.633475592
2023-05-02 13:40:00,140.633475592,140.633475592,140.633475592,140.633475592
2023-05-02 13:41:00,140.633475592,140.633475592,140.633475592,140.633475592
2023-05-02 13:42:00,140.633475592,140.633475592,140.633475592,140.633475592
2023-05-02 13:43:00,140.633475592,140.633475592,140.633475592,140.633475592
2023-05-02 13:44:00,140.509879379,140.509879379,140.509879379,140.509879379
2023-05-02 13:45:00,140.509879379,140.509879379,140.509879379,140.509879379
2023-05-02 13:46:00,140.509879379,140.509879379,140.509879379,140.509879379
2023-05-02 13:47:00,140.509879379,140.509879379,140.509879379,140.509879379
2023-05-02 13:48:00,140.585938587,140.585938587,140.585938587,140.585938587
2023-05-02 13:49:00,140.585938587,140.585938587,140.585938587,140.585938587
2023-05-02 13:50:00,140.690519998,140.690519998,140.690519998,140.690519998
2023-05-02 13:51:00,140.690519998,140.690519998,140.690519998,140.690519998
2023-05-02 13:52:00,140.690519998,140.690519998,140.690519998,140.690519998
2023-05-02 13:53:00,140.690519998,140.690519998,140.690519998,140.690519998
2023-05-02 13:54:00,140.690519998,140.690519998,140.690519998,140.690519998
2023-05-02 13:55:00,140.690519998,140.690519998,140.690519998,140.690519998
2023-05-02 13:56:00,140.690519998,140.690519998,140.690519998,140.690519998
2023-05-02 13:57:00,140.604953389,140.604953389,140.604953389,140.604953389
2023-05-02 13:58:00,140.604953389,140.604953389,140.604953389,140.604953389
2023-05-02 13:59:00,140.604953389,140.604953389,140.604953389,140.604953389
2023-05-02 14:00:00,140.604953389,140.604953389,140.604953389,140.604953389
2023-05-02 14:01:00,140.604953389,140.604953389,140.604953389,140.604953389
2023-05-02 14:02:00,140.604953389,140.604953389,140.604953389,140.604953389
2023-05-02 14:03:00,140.604953389,140.604953389,140.604953389,140.604953389
2023-05-02 14:04:00,140.604953389,140.604953389,140.604953389,140.604953389
2023-05-02 14:05:00,140.604953389,140.604953389,140.604953389,140.604953389
2023-05-02 14:06:00,140.604953389,140.604953389,140.604953389,140.604953389
2023-05-02 14:07:00,140.604953389,140.604953389,140.604953389,140.604953389
2023-05-02 14:08:00,140.604953389,140.604953389,140.604953389,140.604953389
2023-05-02 14:09:00,140.604953389,140.604953389,140.604953389,140.604953389
2023-05-02 14:10:00,140.604953389,140.604953389,140.604953389,140.604953389
2023-05-02 14:11:00,140.604953389,140.604953389,140.604953389,140.604953389
2023-05-02 14:12:00,140.604953389,140.604953389,140.604953389,140.604953389
2023-05-02 14:13:00,140.604953389,140.604953389,140.604953389,140.604953389
2023-05-02 14:14:00,140.604953389,140.604953389,140.604953389,140.604953389
2023-05-02 14:15:00,140.604953389,140.604953389,140.604953389,140.604953389
2023-05-02 14:16:00,140.167612943,140.167612943,140.167612943,140.167612943
2023-05-02 14:17:00,140.167612943,140.167612943,140.167612943,140.167612943
2023-05-02 14:18:00,140.167612943,140.167612943,140.167612943,140.167612943
2023-05-02 14:19:00,140.167612943,140.167612943,140.167612943,140.167612943
2023-05-02 14:20:00,140.167612943,140.167612943,140.167612943,140.167612943
2023-05-02 14:21:00,140.167612943,140.167612943,140.167612943,140.167612943
2023-05-02 14:22:00,140.167612943,140.167612943,140.167612943,140.167612943
2023-05-02 14:23:00,140.167612943,140.167612943,140.167612943,140.167612943
2023-05-02 14:24:00,140.167612943,140.167612943,140.167612943,140.167612943
2023-05-02 14:25:00,140.167612943,140.167612943,140.167612943,140.167612943
2023-05-02 14:26:00,140.167612943,140.167612943,140.167612943,140.167612943
2023-05-02 14:27:00,140.167612943,140.167612943,140.167612943,140.167612943
2023-05-02 14:28:00,140.167612943,140.167612943,140.167612943,140.167612943
2023-05-02 14:29:00,140.167612943,140.167612943,140.167612943,140.167612943
2023-05-02 14:30:00,140.167612943,140.167612943,140.167612943,140.167612943
2023-05-02 14:31:00,140.167612943,140.167612943,140.167612943,140.167612943
2023-05-02 14:32:00,140.547908983,140.547908983,140.547908983,140.547908983
2023-05-02 14:33:00,140.547908983,140.547908983,140.547908983,140.547908983
2023-05-02 14:34:00,140.547908983,140.547908983,140.547908983,140.547908983
2023-05-02 14:35:00,140.547908983,140.547908983,140.547908983,140.547908983
2023-05-02 14:36:00,140.547908983,140.547908983,140.547908983,140.547908983
2023-05-02 14:37:00,140.547908983,140.547908983,140.547908983,140.547908983
2023-05-02 14:38:00,140.547908983,140.547908983,140.547908983,140.547908983
2023-05-02 14:39:00,140.547908983,140.547908983,140.547908983,140.547908983
2023-05-02 14:40:00,140.547908983,140.547908983,140.547908983,140.547908983
2023-05-02 14:41:00,140.547908983,140.547908983,140.547908983,140.547908983
2023-05-02 14:42:00,140.547908983,140.547908983,140.547908983,140.547908983
2023-05-02 14:43:00,140.547908983,140.547908983,140.547908983,140.547908983
2023-05-02 14:44:00,140.547908983,140.547908983,140.547908983,140.547908983
2023-05-02 14:45:00,140.547908983,140.547908983,140.547908983,140.547908983
2023-05-02 14:46:00,140.547908983,140.547908983,140.547908983,140.547908983
2023-05-02 14:47:00,140.547908983,140.547908983,140.547908983,140.547908983
2023-05-02 14:48:00,140.547908983,140.547908983,140.547908983,140.547908983
2023-05-02 14:49:00,140.547908983,140.547908983,140.547908983,140.547908983
2023-05-02 14:50:00,140.547908983,140.547908983,140.547908983,140.547908983
2023-05-02 14:51:00,140.547908983,140.547908983,140.547908983,140.547908983
2023-05-02 14:52:00,141.023279033,141.023279033,141.023279033,141.023279033
2023-05-02 14:53:00,141.023279033,141.023279033,141.023279033,141.023279033
2023-05-02 14:54:00,141.023279033,141.023279033,141.023279033,141.023279033
2023-05-02 14:55:00,141.023279033,141.023279033,141.023279033,141.023279033
2023-05-02 14:56:00,141.023279033,141.023279033,141.023279033,141.023279033
2023-05-02 14:57:00,141.023279033,141.023279033,141.023279033,141.023279033
2023-05-02 14:58:00,141.023279033,141.023279033,141.023279033,141.023279033
2023-05-02 14:59:00,141.023279033,141.023279033,141.023279033,141.023279033
2023-05-02 15:00:00,141.023279033,141.023279033,141.023279033,141.023279033
2023-05-02 15:01:00,141.023279033,141.023279033,141.023279033,141.023279033
2023-05-02 15:02:00,141.023279033,141.023279033,141.023279033,141.023279033
2023-05-02 15:03:00,141.023279033,141.023279033,141.023279033,141.023279033
2023-05-02 15:04:00,141.08983084,141.08983084,141.08983084,141.08983084
2023-05-02 15:05:00,141.08983084,141.08983084,141.08983084,141.08983084
2023-05-02 15:06:00,141.08983084,141.08983084,141.08983084,141.08983084
2023-05-02 15:07:00,141.08983084,141.08983084,141.08983084,141.08983084
2023-05-02 15:08:00,141.08983084,141.08983084,141.08983084,141.08983084
2023-05-02 15:09:00,141.08983084,141.08983084,141.08983084,141.08983084
2023-05-02 15:10:00,141.070816038,141.070816038,141.070816038,141.070816038
2023-05-02 15:11:00,141.156382647,141.156382647,141.156382647,141.156382647
2023-05-02 15:12:00,141.18490485,141.18490485,141.18490485,141.18490485
2023-05-02 15:13:00,141.18490485,141.18490485,141.18490485,141.18490485
2023-05-02 15:14:00,141.18490485,141.18490485,141.18490485,141.18490485
2023-05-02 15:15:00,141.18490485,141.18490485,141.18490485,141.18490485
2023-05-02 15:16:00,141.222934454,141.251456657,141.222934454,141.251456657
2023-05-02 15:17:00,141.222934454,141.251456657,141.222934454,141.251456657
2023-05-02 15:18:00,141.222934454,141.251456657,141.222934454,141.251456657
2023-05-02 15:19:00,141.222934454,141.251456657,141.222934454,141.251456657
2023-05-02 15:20:00,141.222934454,141.251456657,141.222934454,141.251456657
2023-05-02 15:21:00,141.222934454,141.251456657,141.222934454,141.251456657
2023-05-02 15:22:00,141.222934454,141.251456657,141.222934454,141.251456657
2023-05-02 15:23:00,141.08983084,141.061308637,141.061308637,141.08983084
2023-05-02 15:24:00,141.08983084,141.061308637,141.061308637,141.08983084
2023-05-02 15:25:00,141.08983084,141.061308637,141.061308637,141.08983084
2023-05-02 15:26:00,140.985249429,140.99475683,140.985249429,140.99475683
2023-05-02 15:27:00,140.928205023,140.918697622,140.918697622,140.928205023
2023-05-02 15:28:00,140.928205023,140.918697622,140.918697622,140.928205023
2023-05-02 15:29:00,140.928205023,140.918697622,140.918697622,140.928205023
2023-05-02 15:30:00,140.928205023,140.918697622,140.918697622,140.928205023
2023-05-02 15:31:00,140.928205023,140.918697622,140.918697622,140.928205023
2023-05-02 15:32:00,140.928205023,140.918697622,140.918697622,140.928205023
2023-05-02 15:33:00,140.928205023,140.918697622,140.918697622,140.928205023
2023-05-02 15:34:00,140.928205023,140.918697622,140.918697622,140.928205023
2023-05-02 15:35:00,140.928205023,140.918697622,140.918697622,140.928205023
2023-05-02 15:36:00,140.956727226,140.956727226,140.956727226,140.956727226
2023-05-02 15:37:00,140.956727226,140.956727226,140.956727226,140.956727226
2023-05-02 15:38:00,140.956727226,140.956727226,140.956727226,140.956727226
2023-05-02 15:39:00,140.956727226,140.956727226,140.956727226,140.956727226
2023-05-02 15:40:00,140.842638414,140.842638414,140.842638414,140.842638414
2023-05-02 15:41:00,140.842638414,140.842638414,140.842638414,140.842638414
2023-05-02 15:42:00,140.842638414,140.842638414,140.842638414,140.842638414
2023-05-02 15:43:00,140.842638414,140.842638414,140.842638414,140.842638414
2023-05-02 15:44:00,140.842638414,140.842638414,140.842638414,140.842638414
2023-05-02 15:45:00,140.842638414,140.842638414,140.842638414,140.842638414
2023-05-02 15:46:00,140.842638414,140.842638414,140.842638414,140.842638414
2023-05-02 15:47:00,140.842638414,140.842638414,140.842638414,140.842638414
2023-05-02 15:48:00,140.842638414,140.842638414,140.842638414,140.842638414
2023-05-02 15:49:00,140.766579206,140.766579206,140.766579206,140.766579206
2023-05-02 15:50:00,140.766579206,140.766579206,140.766579206,140.766579206
2023-05-02 15:51:00,140.766579206,140.766579206,140.766579206,140.766579206
2023-05-02 15:52:00,140.785594008,140.757071805,140.757071805,140.785594008
2023-05-02 15:53:00,140.785594008,140.757071805,140.757071805,140.785594008
2023-05-02 15:54:00,140.785594008,140.757071805,140.757071805,140.785594008
2023-05-02 15:55:00,140.947219825,140.947219825,140.947219825,140.947219825
2023-05-02 15:56:00,140.947219825,140.947219825,140.947219825,140.947219825
2023-05-02 15:57:00,140.947219825,140.947219825,140.947219825,140.947219825
2023-05-02 15:58:00,140.947219825,140.947219825,140.947219825,140.947219825
2023-05-02 15:59:00,140.909190221,140.909190221,140.909190221,140.909190221
2023-05-02 16:00:00,140.833131013,140.833131013,140.833131013,140.833131013
2023-05-03 09:31:00,141.56520089,141.194412251,141.194412251,141.56520089
2023-05-03 09:32:00,141.56520089,141.194412251,141.194412251,141.56520089
2023-05-03 09:33:00,141.38161297669,141.527171286,141.38161297669,141.527171286
2023-05-03 09:34:00,141.4558657785,141.4558657785,141.4558657785,141.4558657785
2023-05-03 09:35:00,141.4558657785,141.4558657785,141.4558657785,141.4558657785
2023-05-03 09:36:00,141.4558657785,141.4558657785,141.4558657785,141.4558657785
2023-05-03 09:37:00,141.4558657785,141.4558657785,141.4558657785,141.4558657785
2023-05-03 09:38:00,141.27037638499,141.27037638499,141.27037638499,141.27037638499
2023-05-03 09:39:00,141.27037638499,141.27037638499,141.27037638499,141.27037638499
2023-05-03 09:40:00,141.061308637,141.061308637,141.061308637,141.061308637
2023-05-03 09:41:00,141.08983084,141.08983084,141.08983084,141.08983084
2023-05-03 09:42:00,141.232441855,141.232441855,141.232441855,141.232441855
2023-05-03 09:43:00,141.232441855,141.232441855,141.232441855,141.232441855
2023-05-03 09:44:00,141.232441855,141.232441855,141.232441855,141.232441855
2023-05-03 09:45:00,141.251456657,141.251456657,141.251456657,141.251456657
2023-05-03 09:46:00,141.251456657,141.251456657,141.251456657,141.251456657
2023-05-03 09:47:00,141.251456657,141.251456657,141.251456657,141.251456657
2023-05-03 09:48:00,141.251456657,141.251456657,141.251456657,141.251456657
2023-05-03 09:49:00,141.251456657,141.251456657,141.251456657,141.251456657
2023-05-03 09:50:00,141.251456657,141.251456657,141.251456657,141.251456657
2023-05-03 09:51:00,140.947219825,140.966234627,140.947219825,140.966234627
2023-05-03 09:52:00,140.947219825,140.966234627,140.947219825,140.966234627
2023-05-03 09:53:00,140.947219825,140.966234627,140.947219825,140.966234627
2023-05-03 09:54:00,140.947219825,140.966234627,140.947219825,140.966234627
2023-05-03 09:55:00,140.947219825,140.966234627,140.947219825,140.966234627
2023-05-03 09:56:00,140.947219825,140.966234627,140.947219825,140.966234627
2023-05-03 09:57:00,140.947219825,140.966234627,140.947219825,140.966234627
2023-05-03 09:58:00,140.947219825,140.966234627,140.947219825,140.966234627
2023-05-03 09:59:00,140.766579206,140.766579206,140.766579206,140.766579206
2023-05-03 10:00:00,140.823623612,140.823623612,140.823623612,140.823623612
2023-05-03 10:01:00,140.738057003,140.738057003,140.738057003,140.738057003
2023-05-03 10:02:00,140.738057003,140.738057003,140.738057003,140.738057003
2023-05-03 10:03:00,140.89968282,140.89968282,140.89968282,140.89968282
2023-05-03 10:04:00,140.89968282,140.89968282,140.89968282,140.89968282
2023-05-03 10:05:00,140.89968282,140.89968282,140.89968282,140.89968282
2023-05-03 10:06:00,140.89968282,140.89968282,140.89968282,140.89968282
2023-05-03 10:07:00,140.89968282,140.89968282,140.89968282,140.89968282
2023-05-03 10:08:00,140.89968282,140.89968282,140.89968282,140.89968282
2023-05-03 10:09:00,140.89968282,140.89968282,140.89968282,140.89968282
2023-05-03 10:10:00,140.89968282,140.89968282,140.89968282,140.89968282
2023-05-03 10:11:00,140.890175419,140.890175419,140.890175419,140.890175419
2023-05-03 10:12:00,140.890175419,140.890175419,140.890175419,140.890175419
2023-05-03 10:13:00,140.890175419,140.890175419,140.890175419,140.890175419
2023-05-03 10:14:00,140.576431186,140.576431186,140.576431186,140.576431186
2023-05-03 10:15:00,140.566923785,140.566923785,140.566923785,140.566923785
2023-05-03 10:16:00,140.566923785,140.566923785,140.566923785,140.566923785
2023-05-03 10:17:00,140.566923785,140.566923785,140.566923785,140.566923785
2023-05-03 10:18:00,140.566923785,140.566923785,140.566923785,140.566923785
2023-05-03 10:19:00,140.61446079,140.61446079,140.61446079,140.61446079
2023-05-03 10:20:00,140.61446079,140.61446079,140.61446079,140.61446079
2023-05-03 10:21:00,140.77599153299,140.77599153299,140.77599153299,140.77599153299
2023-05-03 10:22:00,140.77599153299,140.77599153299,140.77599153299,140.77599153299
2023-05-03 10:23:00,140.77599153299,140.77599153299,140.77599153299,140.77599153299
2023-05-03 10:24:00,140.77599153299,140.77599153299,140.77599153299,140.77599153299
2023-05-03 10:25:00,140.77599153299,140.77599153299,140.77599153299,140.77599153299
2023-05-03 10:26:00,140.77599153299,140.77599153299,140.77599153299,140.77599153299
2023-05-03 10:27:00,140.77599153299,140.77599153299,140.77599153299,140.77599153299
2023-05-03 10:28:00,140.77599153299,140.77599153299,140.77599153299,140.77599153299
2023-05-03 10:29:00,140.77599153299,140.77599153299,140.77599153299,140.77599153299
2023-05-03 10:30:00,140.77599153299,140.77599153299,140.77599153299,140.77599153299
2023-05-03 10:31:00,140.77599153299,140.77599153299,140.77599153299,140.77599153299
2023-05-03 10:32:00,141.042293835,141.042293835,141.042293835,141.042293835
2023-05-03 10:33:00,141.042293835,141.042293835,141.042293835,141.042293835
2023-05-03 10:34:00,140.975742028,140.975742028,140.975742028,140.975742028
2023-05-03 10:35:00,140.975742028,140.975742028,140.975742028,140.975742028
2023-05-03 10:36:00,140.975742028,140.975742028,140.975742028,140.975742028
2023-05-03 10:37:00,140.975742028,140.975742028,140.975742028,140.975742028
2023-05-03 10:38:00,140.975742028,140.975742028,140.975742028,140.975742028
2023-05-03 10:39:00,140.975742028,140.975742028,140.975742028,140.975742028
2023-05-03 10:40:00,140.975742028,140.975742028,140.975742028,140.975742028
2023-05-03 10:41:00,140.975742028,140.975742028,140.975742028,140.975742028
2023-05-03 10:42:00,140.6667514955,140.6667514955,140.6667514955,140.6667514955
2023-05-03 10:43:00,140.6667514955,140.6667514955,140.6667514955,140.6667514955
2023-05-03 10:44:00,140.6667514955,140.6667514955,140.6667514955,140.6667514955
2023-05-03 10:45:00,140.6667514955,140.6667514955,140.6667514955,140.6667514955
2023-05-03 10:46:00,140.6667514955,140.6667514955,140.6667514955,140.6667514955
2023-05-03 10:47:00,140.319731359,140.405297968,140.319731359,140.405297968
2023-05-03 10:48:00,140.319731359,140.405297968,140.319731359,140.405297968
2023-05-03 10:49:00,140.319731359,140.405297968,140.319731359,140.405297968
2023-05-03 10:50:00,140.319731359,140.405297968,140.319731359,140.405297968
2023-05-03 10:51:00,140.319731359,140.405297968,140.319731359,140.405297968
2023-05-03 10:52:00,140.44560934824,140.405297968,140.405297968,140.44560934824
2023-05-03 10:53:00,140.44560934824,140.405297968,140.405297968,140.44560934824
2023-05-03 10:54:00,140.44560934824,140.405297968,140.405297968,140.44560934824
2023-05-03 10:55:00,140.44560934824,140.405297968,140.405297968,140.44560934824
2023-05-03 10:56:00,140.44560934824,140.405297968,140.405297968,140.44560934824
2023-05-03 10:57:00,140.44560934824,140.405297968,140.405297968,140.44560934824
2023-05-03 10:58:00,140.44560934824,140.405297968,140.405297968,140.44560934824
2023-05-03 10:59:00,140.44560934824,140.405297968,140.405297968,140.44560934824
2023-05-03 11:00:00,140.44560934824,140.405297968,140.405297968,140.44560934824
2023-05-03 11:01:00,140.681012597,140.681012597,140.681012597,140.681012597
2023-05-03 11:02:00,140.681012597,140.681012597,140.681012597,140.681012597
2023-05-03 11:03:00,140.681012597,140.681012597,140.681012597,140.681012597
2023-05-03 11:04:00,140.681012597,140.681012597,140.681012597,140.681012597
2023-05-03 11:05:00,140.681012597,140.681012597,140.681012597,140.681012597
2023-05-03 11:06:00,140.681012597,140.681012597,140.681012597,140.681012597
2023-05-03 11:07:00,140.681012597,140.681012597,140.681012597,140.681012597
2023-05-03 11:08:00,140.681012597,140.681012597,140.681012597,140.681012597
2023-05-03 11:09:00,140.681012597,140.681012597,140.681012597,140.681012597
2023-05-03 11:10:00,140.595445988,140.595445988,140.595445988,140.595445988
2023-05-03 11:11:00,140.595445988,140.595445988,140.595445988,140.595445988
2023-05-03 11:12:00,140.595445988,140.595445988,140.595445988,140.595445988
2023-05-03 11:13:00,140.595445988,140.595445988,140.595445988,140.595445988
2023-05-03 11:14:00,140.595445988,140.595445988,140.595445988,140.595445988
2023-05-03 11:15:00,140.595445988,140.595445988,140.595445988,140.595445988
2023-05-03 11:16:00,140.604953389,140.604953389,140.604953389,140.604953389
2023-05-03 11:17:00,140.80147136767,140.80147136767,140.80147136767,140.80147136767
2023-05-03 11:18:00,140.80147136767,140.80147136767,140.80147136767,140.80147136767
2023-05-03 11:19:00,140.80147136767,140.80147136767,140.80147136767,140.80147136767
2023-05-03 11:20:00,140.785594008,140.785594008,140.785594008,140.785594008
2023-05-03 11:21:00,140.833131013,140.842638414,140.833131013,140.871160617
2023-05-03 11:22:00,140.833131013,140.842638414,140.833131013,140.871160617
2023-05-03 11:23:00,140.833131013,140.842638414,140.833131013,140.871160617
2023-05-03 11:24:00,140.833131013,140.842638414,140.833131013,140.871160617
2023-05-03 11:25:00,140.833131013,140.842638414,140.833131013,140.871160617
2023-05-03 11:26:00,140.833131013,140.842638414,140.833131013,140.871160617
2023-05-03 11:27:00,140.833131013,140.842638414,140.833131013,140.871160617
2023-05-03 11:28:00,140.833131013,140.842638414,140.833131013,140.871160617
2023-05-03 11:29:00,140.833131013,140.842638414,140.833131013,140.871160617
2023-05-03 11:30:00,140.833131013,140.842638414,140.833131013,140.871160617
2023-05-03 11:31:00,140.833131013,140.842638414,140.833131013,140.871160617
2023-05-03 11:32:00,141.051801236,141.051801236,141.051801236,141.051801236
2023-05-03 11:33:00,141.09895794496,141.09895794496,141.09895794496,141.09895794496
2023-05-03 11:34:00,141.09895794496,141.09895794496,141.09895794496,141.09895794496
2023-05-03 11:35:00,141.09895794496,141.09895794496,141.09895794496,141.09895794496
2023-05-03 11:36:00,141.09895794496,141.09895794496,141.09895794496,141.09895794496
2023-05-03 11:37:00,141.09895794496,141.09895794496,141.09895794496,141.09895794496
2023-05-03 11:38:00,141.09895794496,141.09895794496,141.09895794496,141.09895794496
2023-05-03 11:39:00,141.09895794496,141.09895794496,141.09895794496,141.09895794496
2023-05-03 11:40:00,141.09895794496,141.09895794496,141.09895794496,141.09895794496
2023-05-03 11:41:00,141.0945845405,141.0945845405,141.0945845405,141.0945845405
2023-05-03 11:42:00,141.0945845405,141.0945845405,141.0945845405,141.0945845405
2023-05-03 11:43:00,140.966234627,140.966234627,140.966234627,140.966234627
2023-05-03 11:44:00,140.966234627,140.966234627,140.966234627,140.966234627
2023-05-03 11:45:00,140.966234627,140.966234627,140.966234627,140.966234627
2023-05-03 11:46:00,140.966234627,140.966234627,140.966234627,140.966234627
2023-05-03 11:47:00,140.966234627,140.966234627,140.966234627,140.966234627
2023-05-03 11:48:00,140.966234627,140.966234627,140.966234627,140.966234627
2023-05-03 11:49:00,141.38513071506,141.38513071506,141.38513071506,141.38513071506
2023-05-03 11:50:00,141.38513071506,141.38513071506,141.38513071506,141.38513071506
2023-05-03 11:51:00,141.38513071506,141.38513071506,141.38513071506,141.38513071506
2023-05-03 11:52:00,141.38513071506,141.38513071506,141.38513071506,141.38513071506
2023-05-03 11:53:00,141.38513071506,141.38513071506,141.38513071506,141.38513071506
2023-05-03 11:54:00,141.38513071506,141.38513071506,141.38513071506,141.38513071506
2023-05-03 11:55:00,141.38513071506,141.38513071506,141.38513071506,141.38513071506
2023-05-03 11:56:00,141.25858720775,141.25858720775,141.25858720775,141.25858720775
2023-05-03 11:57:00,141.25858720775,141.25858720775,141.25858720775,141.25858720775
2023-05-03 11:58:00,141.25858720775,141.25858720775,141.25858720775,141.25858720775
2023-05-03 11:59:00,141.25858720775,141.25858720775,141.25858720775,141.25858720775
2023-05-03 12:00:00,141.25858720775,141.25858720775,141.25858720775,141.25858720775
2023-05-03 12:01:00,141.25858720775,141.25858720775,141.25858720775,141.25858720775
2023-05-03 12:02:00,141.25858720775,141.25858720775,141.25858720775,141.25858720775
2023-05-03 12:03:00,141.25858720775,141.25858720775,141.25858720775,141.25858720775
2023-05-03 12:04:00,141.25858720775,141.25858720775,141.25858720775,141.25858720775
2023-05-03 12:05:00,141.25858720775,141.25858720775,141.25858720775,141.25858720775
2023-05-03 12:06:00,141.25858720775,141.25858720775,141.25858720775,141.25858720775
2023-05-03 12:07:00,141.25858720775,141.25858720775,141.25858720775,141.25858720775
2023-05-03 12:08:00,141.25858720775,141.25858720775,141.25858720775,141.25858720775
2023-05-03 12:09:00,141.25858720775,141.25858720775,141.25858720775,141.25858720775
2023-05-03 12:10:00,141.25858720775,141.25858720775,141.25858720775,141.25858720775
2023-05-03 12:11:00,141.489141682,141.489141682,141.489141682,141.489141682
2023-05-03 12:12:00,141.489141682,141.489141682,141.489141682,141.489141682
2023-05-03 12:13:00,141.489141682,141.489141682,141.489141682,141.489141682
2023-05-03 12:14:00,141.479634281,141.479634281,141.479634281,141.479634281
2023-05-03 12:15:00,141.479634281,141.479634281,141.479634281,141.479634281
2023-05-03 12:16:00,141.479634281,141.479634281,141.479634281,141.479634281
2023-05-03 12:17:00,141.479634281,141.479634281,141.479634281,141.479634281
2023-05-03 12:18:00,141.40908936558,141.39672974428,141.39672974428,141.40908936558
2023-05-03 12:19:00,141.3512843675,141.3512843675,141.3512843675,141.3512843675
2023-05-03 12:20:00,141.3512843675,141.3512843675,141.3512843675,141.3512843675
2023-05-03 12:21:00,141.3512843675,141.3512843675,141.3512843675,141.3512843675
2023-05-03 12:22:00,141.3512843675,141.3512843675,141.3512843675,141.3512843675
2023-05-03 12:23:00,141.3512843675,141.3512843675,141.3512843675,141.3512843675
2023-05-03 12:24:00,141.3512843675,141.3512843675,141.3512843675,141.3512843675
2023-05-03 12:25:00,141.3512843675,141.3512843675,141.3512843675,141.3512843675
2023-05-03 12:26:00,141.3512843675,141.3512843675,141.3512843675,141.3512843675
2023-05-03 12:27:00,141.3512843675,141.3512843675,141.3512843675,141.3512843675
2023-05-03 12:28:00,141.3512843675,141.3512843675,141.3512843675,141.3512843675
2023-05-03 12:29:00,141.3512843675,141.3512843675,141.3512843675,141.3512843675
2023-05-03 12:30:00,141.3512843675,141.3512843675,141.3512843675,141.3512843675
2023-05-03 12:31:00,141.3512843675,141.3512843675,141.3512843675,141.3512843675
2023-05-03 12:32:00,141.3512843675,141.3512843675,141.3512843675,141.3512843675
2023-05-03 12:33:00,141.6688315609,141.6754867416,141.6688315609,141.6754867416
2023-05-03 12:34:00,141.70790697901,141.70790697901,141.70790697901,141.70790697901
2023-05-03 12:35:00,141.70790697901,141.70790697901,141.70790697901,141.70790697901
2023-05-03 12:36:00,141.70790697901,141.70790697901,141.70790697901,141.70790697901
2023-05-03 12:37:00,141.622245296,141.622245296,141.622245296,141.622245296
2023-05-03 12:38:00,141.612737895,141.612737895,141.612737895,141.612737895
2023-05-03 12:39:00,141.612737895,141.612737895,141.612737895,141.612737895
2023-05-03 12:40:00,141.612737895,141.612737895,141.612737895,141.612737895
2023-05-03 12:41:00,141.612737895,141.612737895,141.612737895,141.612737895
2023-05-03 12:42:00,141.612737895,141.612737895,141.612737895,141.612737895
2023-05-03 12:43:00,141.612737895,141.612737895,141.612737895,141.612737895
2023-05-03 12:44:00,141.612737895,141.612737895,141.612737895,141.612737895
2023-05-03 12:45:00,141.612737895,141.612737895,141.612737895,141.612737895
2023-05-03 12:46:00,141.612737895,141.612737895,141.612737895,141.612737895
2023-05-03 12:47:00,141.641260098,141.6602749,141.641260098,141.6602749
2023-05-03 12:48:00,141.6650286005,141.6650286005,141.6650286005,141.6650286005
2023-05-03 12:49:00,141.6650286005,141.6650286005,141.6650286005,141.6650286005
2023-05-03 12:50:00,141.6650286005,141.6650286005,141.6650286005,141.6650286005
2023-05-03 12:51:00,141.6650286005,141.6650286005,141.6650286005,141.6650286005
2023-05-03 12:52:00,141.6650286005,141.6650286005,141.6650286005,141.6650286005
2023-05-03 12:53:00,141.6650286005,141.6650286005,141.6650286005,141.6650286005
2023-05-03 12:54:00,141.6650286005,141.6650286005,141.6650286005,141.6650286005
2023-05-03 12:55:00,141.6650286005,141.6650286005,141.6650286005,141.6650286005
2023-05-03 12:56:00,141.764856311,141.764856311,141.764856311,141.764856311
2023-05-03 12:57:00,141.764856311,141.764856311,141.764856311,141.764856311
2023-05-03 12:58:00,141.812393316,141.812393316,141.812393316,141.812393316
2023-05-03 12:59:00,141.812393316,141.812393316,141.812393316,141.812393316
2023-05-03 13:00:00,141.8741914225,141.87533231062,141.8741914225,141.87533231062
2023-05-03 13:01:00,141.8741914225,141.87533231062,141.8741914225,141.87533231062
2023-05-03 13:02:00,141.8741914225,141.87533231062,141.8741914225,141.87533231062
2023-05-03 13:03:00,141.8741914225,141.87533231062,141.8741914225,141.87533231062
2023-05-03 13:04:00,141.8741914225,141.87533231062,141.8741914225,141.87533231062
2023-05-03 13:05:00,141.8741914225,141.87533231062,141.8741914225,141.87533231062
2023-05-03 13:06:00,141.8741914225,141.87533231062,141.8741914225,141.87533231062
2023-05-03 13:07:00,141.8741914225,141.87533231062,141.8741914225,141.87533231062
2023-05-03 13:08:00,141.8741914225,141.87533231062,141.8741914225,141.87533231062
2023-05-03 13:09:00,141.8741914225,141.87533231062,141.8741914225,141.87533231062
2023-05-03 13:10:00,141.8741914225,141.87533231062,141.8741914225,141.87533231062
2023-05-03 13:11:00,141.8741914225,141.87533231062,141.8741914225,141.87533231062
2023-05-03 13:12:00,141.8741914225,141.87533231062,141.8741914225,141.87533231062
2023-05-03 13:13:00,141.8741914225,141.87533231062,141.8741914225,141.87533231062
2023-05-03 13:14:00,141.8741914225,141.87533231062,141.8741914225,141.87533231062
2023-05-03 13:15:00,141.8741914225,141.87533231062,141.8741914225,141.87533231062
2023-05-03 13:16:00,141.8741914225,141.87533231062,141.8741914225,141.87533231062
2023-05-03 13:17:00,142.2288174798,142.2288174798,142.2288174798,142.2288174798
2023-05-03 13:18:00,142.2288174798,142.2288174798,142.2288174798,142.2288174798
2023-05-03 13:19:00,142.2288174798,142.2288174798,142.2288174798,142.2288174798
2023-05-03 13:20:00,142.32275060168,142.32275060168,142.32275060168,142.32275060168
2023-05-03 13:21:00,142.297270767,142.297270767,142.297270767,142.297270767
2023-05-03 13:22:00,142.28852395808,142.28852395808,142.28852395808,142.28852395808
2023-05-03 13:23:00,142.28852395808,142.28852395808,142.28852395808,142.28852395808
2023-05-03 13:24:00,142.28852395808,142.28852395808,142.28852395808,142.28852395808
2023-05-03 13:25:00,142.28852395808,142.28852395808,142.28852395808,142.28852395808
2023-05-03 13:26:00,142.211704158,142.211704158,142.211704158,142.211704158
2023-05-03 13:27:00,142.211704158,142.211704158,142.211704158,142.211704158
2023-05-03 13:28:00,142.211704158,142.211704158,142.211704158,142.211704158
2023-05-03 13:29:00,142.211704158,142.211704158,142.211704158,142.211704158
2023-05-03 13:30:00,142.211704158,142.211704158,142.211704158,142.211704158
2023-05-03 13:31:00,142.211704158,142.211704158,142.211704158,142.211704158
2023-05-03 13:32:00,142.211704158,142.211704158,142.211704158,142.211704158
2023-05-03 13:33:00,142.211704158,142.211704158,142.211704158,142.211704158
2023-05-03 13:34:00,142.06842762493,142.06842762493,142.06842762493,142.06842762493
2023-05-03 13:35:00,142.06842762493,142.06842762493,142.06842762493,142.06842762493
2023-05-03 13:36:00,142.06842762493,142.06842762493,142.06842762493,142.06842762493
2023-05-03 13:37:00,142.06842762493,142.06842762493,142.06842762493,142.06842762493
2023-05-03 13:38:00,142.06842762493,142.06842762493,142.06842762493,142.06842762493
2023-05-03 13:39:00,141.96993095057,141.993033935,141.96993095057,141.993033935
2023-05-03 13:40:00,141.96993095057,141.993033935,141.96993095057,141.993033935
2023-05-03 13:41:00,141.96993095057,141.993033935,141.96993095057,141.993033935
2023-05-03 13:42:00,141.96993095057,141.993033935,141.96993095057,141.993033935
2023-05-03 13:43:00,141.96993095057,141.993033935,141.96993095057,141.993033935
2023-05-03 13:44:00,142.2725515244,142.2725515244,142.2725515244,142.2725515244
2023-05-03 13:45:00,142.354315173,142.354315173,142.354315173,142.354315173
2023-05-03 13:46:00,142.354315173,142.354315173,142.354315173,142.354315173
2023-05-03 13:47:00,142.354315173,142.354315173,142.354315173,142.354315173
2023-05-03 13:48:00,142.2449800615,142.2449800615,142.2449800615,142.2449800615
2023-05-03 13:49:00,142.2449800615,142.2449800615,142.2449800615,142.2449800615
2023-05-03 13:50:00,142.2449800615,142.2449800615,142.2449800615,142.2449800615
2023-05-03 13:51:00,142.2449800615,142.2449800615,142.2449800615,142.2449800615
2023-05-03 13:52:00,142.2449800615,142.2449800615,142.2449800615,142.2449800615
2023-05-03 13:53:00,142.202196757,142.202196757,142.202196757,142.202196757
2023-05-03 13:54:00,142.202196757,142.202196757,142.202196757,142.202196757
2023-05-03 13:55:00,142.192689356,142.192689356,142.192689356,142.192689356
2023-05-03 13:56:00,142.192689356,142.192689356,142.192689356,142.192689356
2023-05-03 13:57:00,142.192689356,142.192689356,142.192689356,142.192689356
2023-05-03 13:58:00,142.192689356,142.192689356,142.192689356,142.192689356
2023-05-03 13:59:00,142.192689356,142.192689356,142.192689356,142.192689356
2023-05-03 14:00:00,142.09248134946,142.09248134946,142.09248134946,142.09248134946
2023-05-03 14:01:00,142.09248134946,142.09248134946,142.09248134946,142.09248134946
2023-05-03 14:02:00,141.955004331,141.955004331,141.955004331,141.955004331
2023-05-03 14:03:00,141.955004331,141.955004331,141.955004331,141.955004331
2023-05-03 14:04:00,141.955004331,141.955004331,141.955004331,141.955004331
2023-05-03 14:05:00,141.955004331,141.955004331,141.955004331,141.955004331
2023-05-03 14:06:00,141.96460680601,141.96460680601,141.96460680601,141.96460680601
2023-05-03 14:07:00,141.96460680601,141.96460680601,141.96460680601,141.96460680601
2023-05-03 14:08:00,141.96460680601,141.96460680601,141.96460680601,141.96460680601
2023-05-03 14:09:00,141.96460680601,141.96460680601,141.96460680601,141.96460680601
2023-05-03 14:10:00,141.96460680601,141.96460680601,141.96460680601,141.96460680601
2023-05-03 14:11:00,141.96460680601,141.96460680601,141.96460680601,141.96460680601
2023-05-03 14:12:00,141.96460680601,141.96460680601,141.96460680601,141.96460680601
2023-05-03 14:13:00,141.612737895,141.61283296901,141.612737895,141.61283296901
2023-05-03 14:14:00,141.612737895,141.61283296901,141.612737895,141.61283296901
2023-05-03 14:15:00,141.612737895,141.61283296901,141.612737895,141.61283296901
2023-05-03 14:16:00,141.907467326,141.907467326,141.907467326,141.907467326
2023-05-03 14:17:00,141.907467326,141.907467326,141.907467326,141.907467326
2023-05-03 14:18:00,141.907467326,141.907467326,141.907467326,141.907467326
2023-05-03 14:19:00,141.907467326,141.907467326,141.907467326,141.907467326
2023-05-03 14:20:00,141.907467326,141.907467326,141.907467326,141.907467326
2023-05-03 14:21:00,141.907467326,141.907467326,141.907467326,141.907467326
2023-05-03 14:22:00,141.907467326,141.907467326,141.907467326,141.907467326
2023-05-03 14:23:00,141.907467326,141.907467326,141.907467326,141.907467326
2023-05-03 14:24:00,141.907467326,141.907467326,141.907467326,141.907467326
2023-05-03 14:25:00,141.907467326,141.907467326,141.907467326,141.907467326
2023-05-03 14:26:00,141.907467326,141.907467326,141.907467326,141.907467326
2023-05-03 14:27:00,141.907467326,141.907467326,141.907467326,141.907467326
2023-05-03 14:28:00,142.02830639271,142.02830639271,142.02830639271,142.02830639271
2023-05-03 14:29:00,142.02830639271,142.02830639271,142.02830639271,142.02830639271
2023-05-03 14:30:00,142.02830639271,142.02830639271,142.02830639271,142.02830639271
2023-05-03 14:31:00,142.02830639271,142.02830639271,142.02830639271,142.02830639271
2023-05-03 14:32:00,142.02830639271,142.02830639271,142.02830639271,142.02830639271
2023-05-03 14:33:00,141.69868480004,141.69868480004,141.69868480004,141.69868480004
2023-05-03 14:34:00,141.69868480004,141.69868480004,141.69868480004,141.69868480004
2023-05-03 14:35:00,141.93066538444,141.93066538444,141.93066538444,141.93066538444
2023-05-03 14:36:00,141.47012688,141.47012688,141.47012688,141.47012688
2023-05-03 14:37:00,141.47012688,141.47012688,141.47012688,141.47012688
2023-05-03 14:38:00,141.47012688,141.47012688,141.47012688,141.47012688
2023-05-03 14:39:00,141.47012688,141.47012688,141.47012688,141.47012688
2023-05-03 14:40:00,142.078600544,142.078600544,142.078600544,142.078600544
2023-05-03 14:41:00,142.078600544,142.078600544,142.078600544,142.078600544
2023-05-03 14:42:00,142.078600544,142.078600544,142.078600544,142.078600544
2023-05-03 14:43:00,141.964511732,141.964511732,141.964511732,141.964511732
2023-05-03 14:44:00,141.964511732,141.964511732,141.964511732,141.964511732
2023-05-03 14:45:00,141.964511732,141.964511732,141.964511732,141.964511732
2023-05-03 14:46:00,141.964511732,141.964511732,141.964511732,141.964511732
2023-05-03 14:47:00,141.964511732,141.964511732,141.964511732,141.964511732
2023-05-03 14:48:00,141.964511732,141.964511732,141.964511732,141.964511732
2023-05-03 14:49:00,141.964511732,141.964511732,141.964511732,141.964511732
2023-05-03 14:50:00,141.964511732,141.964511732,141.964511732,141.964511732
2023-05-03 14:51:00,141.964511732,141.964511732,141.964511732,141.964511732
2023-05-03 14:52:00,141.964511732,141.964511732,141.964511732,141.964511732
2023-05-03 14:53:00,141.964511732,141.964511732,141.964511732,141.964511732
2023-05-03 14:54:00,141.964511732,141.964511732,141.964511732,141.964511732
2023-05-03 14:55:00,141.964511732,141.964511732,141.964511732,141.964511732
2023-05-03 14:56:00,141.964511732,141.964511732,141.964511732,141.964511732
2023-05-03 14:57:00,141.964511732,141.964511732,141.964511732,141.964511732
2023-05-03 14:58:00,141.964511732,141.964511732,141.964511732,141.964511732
2023-05-03 14:59:00,141.964511732,141.964511732,141.964511732,141.964511732
2023-05-03 15:00:00,141.964511732,141.964511732,141.964511732,141.964511732
2023-05-03 15:01:00,141.964511732,141.964511732,141.964511732,141.964511732
2023-05-03 15:02:00,141.964511732,141.964511732,141.964511732,141.964511732
2023-05-03 15:03:00,141.964511732,141.964511732,141.964511732,141.964511732
2023-05-03 15:04:00,141.964511732,141.964511732,141.964511732,141.964511732
2023-05-03 15:05:00,141.964511732,141.964511732,141.964511732,141.964511732
2023-05-03 15:06:00,141.964511732,141.964511732,141.964511732,141.964511732
2023-05-03 15:07:00,141.964511732,141.964511732,141.964511732,141.964511732
2023-05-03 15:08:00,141.964511732,141.964511732,141.964511732,141.964511732
2023-05-03 15:09:00,141.964511732,141.964511732,141.964511732,141.964511732
2023-05-03 15:10:00,141.964511732,141.964511732,141.964511732,141.964511732
2023-05-03 15:11:00,141.964511732,141.964511732,141.964511732,141.964511732
2023-05-03 15:12:00,141.964511732,141.964511732,141.964511732,141.964511732
2023-05-03 15:13:00,141.964511732,141.964511732,141.964511732,141.964511732
2023-05-03 15:14:00,141.964511732,141.964511732,141.964511732,141.964511732
2023-05-03 15:15:00,141.964511732,141.964511732,141.964511732,141.964511732
2023-05-03 15:16:00,141.156382647,141.156382647,141.156382647,141.156382647
2023-05-03 15:17:00,141.156382647,141.156382647,141.156382647,141.156382647
2023-05-03 15:18:00,141.156382647,141.156382647,141.156382647,141.156382647
2023-05-03 15:19:00,141.156382647,141.156382647,141.156382647,141.156382647
2023-05-03 15:20:00,141.156382647,141.156382647,141.156382647,141.156382647
2023-05-03 15:21:00,141.156382647,141.156382647,141.156382647,141.156382647
2023-05-03 15:22:00,141.156382647,141.156382647,141.156382647,141.156382647
2023-05-03 15:23:00,141.156382647,141.156382647,141.156382647,141.156382647
2023-05-03 15:24:00,141.156382647,141.156382647,141.156382647,141.156382647
2023-05-03 15:25:00,141.156382647,141.156382647,141.156382647,141.156382647
2023-05-03 15:26:00,141.156382647,141.156382647,141.156382647,141.156382647
2023-05-03 15:27:00,141.156382647,141.156382647,141.156382647,141.156382647
2023-05-03 15:28:00,141.156382647,141.156382647,141.156382647,141.156382647
2023-05-03 15:29:00,141.156382647,141.156382647,141.156382647,141.156382647
2023-05-03 15:30:00,141.156382647,141.156382647,141.156382647,141.156382647
2023-05-03 15:31:00,140.947219825,140.947219825,140.947219825,140.947219825
2023-05-03 15:32:00,140.947219825,140.947219825,140.947219825,140.947219825
2023-05-03 15:33:00,140.880668018,140.871160617,140.861653216,140.880668018
2023-05-03 15:34:00,140.880668018,140.871160617,140.861653216,140.880668018
2023-05-03 15:35:00,140.880668018,140.871160617,140.861653216,140.880668018
2023-05-03 15:36:00,140.880668018,140.871160617,140.861653216,140.880668018
2023-05-03 15:37:00,140.880668018,140.871160617,140.861653216,140.880668018
2023-05-03 15:38:00,140.880668018,140.871160617,140.861653216,140.880668018
2023-05-03 15:39:00,140.880668018,140.871160617,140.861653216,140.880668018
2023-05-03 15:40:00,140.880668018,140.871160617,140.861653216,140.880668018
2023-05-03 15:41:00,140.880668018,140.871160617,140.861653216,140.880668018
2023-05-03 15:42:00,140.880668018,140.871160617,140.861653216,140.880668018
2023-05-03 15:43:00,140.880668018,140.871160617,140.861653216,140.880668018
2023-05-03 15:44:00,140.80460881,140.795101409,140.795101409,140.80460881
2023-05-03 15:45:00,140.80460881,140.795101409,140.795101409,140.80460881
2023-05-03 15:46:00,140.80460881,140.795101409,140.795101409,140.80460881
2023-05-03 15:47:00,140.80460881,140.795101409,140.795101409,140.80460881
2023-05-03 15:48:00,140.80460881,140.795101409,140.795101409,140.80460881
2023-05-03 15:49:00,140.80460881,140.80460881,140.80460881,140.80460881
2023-05-03 15:50:00,140.80460881,140.80460881,140.80460881,140.80460881
2023-05-03 15:51:00,140.80460881,140.80460881,140.80460881,140.80460881
2023-05-03 15:52:00,140.80460881,140.80460881,140.80460881,140.80460881
2023-05-03 15:53:00,140.80460881,140.80460881,140.80460881,140.80460881
2023-05-03 15:54:00,140.80460881,140.80460881,140.80460881,140.80460881
2023-05-03 15:55:00,140.80460881,140.80460881,140.80460881,140.80460881
2023-05-03 15:56:00,140.490864577,140.481357176,140.481357176,140.490864577
2023-05-03 15:57:00,140.490864577,140.481357176,140.481357176,140.490864577
2023-05-03 15:58:00,140.490864577,140.481357176,140.481357176,140.490864577
2023-05-03 15:59:00,140.490864577,140.481357176,140.481357176,140.490864577
2023-05-03 16:00:00,140.462342374,140.414805369,140.414805369,140.462342374
2023-05-04 09:31:00,140.84710689247,140.623968191,140.623968191,140.84710689247
2023-05-04 09:32:00,140.84710689247,140.623968191,140.623968191,140.84710689247
2023-05-04 09:33:00,140.84710689247,140.623968191,140.623968191,140.84710689247
2023-05-04 09:34:00,140.6572440945,140.6572440945,140.6572440945,140.6572440945
2023-05-04 09:35:00,140.27200420598,140.27200420598,140.27200420598,140.27200420598
2023-05-04 09:36:00,140.27200420598,140.27200420598,140.27200420598,140.27200420598
2023-05-04 09:37:00,140.082046334,140.082046334,140.082046334,140.082046334
2023-05-04 09:38:00,140.253179552,140.253179552,140.253179552,140.253179552
2023-05-04 09:39:00,140.253179552,140.253179552,140.253179552,140.253179552
2023-05-04 09:40:00,140.253179552,140.253179552,140.253179552,140.253179552
2023-05-04 09:41:00,139.94894272,139.94894272,139.94894272,139.94894272
2023-05-04 09:42:00,139.94894272,139.94894272,139.94894272,139.94894272
2023-05-04 09:43:00,139.85386871,139.910913116,139.85386871,139.910913116
2023-05-04 09:44:00,139.882390913,139.863376111,139.863376111,139.882390913
2023-05-04 09:45:00,139.796824304,139.796824304,139.796824304,139.796824304
2023-05-04 09:46:00,139.682735492,139.682735492,139.682735492,139.682735492
2023-05-04 09:47:00,139.682735492,139.77704890992,139.682735492,139.77704890992
2023-05-04 09:48:00,139.5638929795,139.5638929795,139.5638929795,139.5638929795
2023-05-04 09:49:00,139.464065269,139.464065269,139.464065269,139.464065269
2023-05-04 09:50:00,139.464065269,139.464065269,139.464065269,139.464065269
2023-05-04 09:51:00,139.5638929795,139.530617076,139.530617076,139.5638929795
2023-05-04 09:52:00,139.5638929795,139.530617076,139.530617076,139.5638929795
2023-05-04 09:53:00,139.502094873,139.502094873,139.502094873,139.502094873
2023-05-04 09:54:00,139.47442833609,139.47442833609,139.47442833609,139.47442833609
2023-05-04 09:55:00,139.47442833609,139.47442833609,139.47442833609,139.47442833609
2023-05-04 09:56:00,139.47442833609,139.47442833609,139.47442833609,139.47442833609
2023-05-04 09:57:00,139.47442833609,139.47442833609,139.47442833609,139.47442833609
2023-05-04 09:58:00,139.47442833609,139.47442833609,139.47442833609,139.47442833609
2023-05-04 09:59:00,139.59412651468,139.59412651468,139.59412651468,139.59412651468
2023-05-04 10:00:00,139.59412651468,139.59412651468,139.59412651468,139.59412651468
2023-05-04 10:01:00,139.59412651468,139.59412651468,139.59412651468,139.59412651468
2023-05-04 10:02:00,139.540124477,139.540124477,139.540124477,139.540124477
2023-05-04 10:03:00,139.6114299845,139.6114299845,139.6114299845,139.6114299845
2023-05-04 10:04:00,139.68796456255,139.68796456255,139.68796456255,139.68796456255
2023-05-04 10:05:00,139.68796456255,139.68796456255,139.68796456255,139.68796456255
2023-05-04 10:06:00,139.6380507073,139.6380507073,139.6380507073,139.6380507073
2023-05-04 10:07:00,139.6428044078,139.6428044078,139.6428044078,139.6428044078
2023-05-04 10:08:00,139.6209373855,139.6209373855,139.6209373855,139.6209373855
2023-05-04 10:09:00,139.6209373855,139.6209373855,139.6209373855,139.6209373855
2023-05-04 10:10:00,139.6209373855,139.6209373855,139.6209373855,139.6209373855
2023-05-04 10:11:00,139.6969965935,139.6969965935,139.6969965935,139.6969965935
2023-05-04 10:12:00,139.6969965935,139.6969965935,139.6969965935,139.6969965935
2023-05-04 10:13:00,139.6969965935,139.6969965935,139.6969965935,139.6969965935
2023-05-04 10:14:00,140.063031532,140.063031532,140.063031532,140.063031532
2023-05-04 10:15:00,140.09421580728,140.09421580728,140.09421580728,140.09421580728
2023-05-04 10:16:00,140.09421580728,140.09421580728,140.09421580728,140.09421580728
2023-05-04 10:17:00,140.129583339,140.129583339,140.129583339,140.129583339
2023-05-04 10:18:00,139.920420517,139.939435319,139.891898314,139.939435319
2023-05-04 10:19:00,140.310223958,140.1153222375,140.1153222375,140.310223958
2023-05-04 10:20:00,140.310223958,140.1153222375,140.1153222375,140.310223958
2023-05-04 10:21:00,140.310223958,140.1153222375,140.1153222375,140.310223958
2023-05-04 10:22:00,140.300716557,140.243672151,140.243672151,140.300716557
2023-05-04 10:23:00,140.300716557,140.243672151,140.243672151,140.300716557
2023-05-04 10:24:00,140.300716557,140.243672151,140.243672151,140.300716557
2023-05-04 10:25:00,140.300716557,140.243672151,140.243672151,140.300716557
2023-05-04 10:26:00,140.3625146635,140.3625146635,140.3625146635,140.3625146635
2023-05-04 10:27:00,140.148598141,140.148598141,140.148598141,140.148598141
2023-05-04 10:28:00,140.148598141,140.148598141,140.148598141,140.148598141
2023-05-04 10:29:00,140.148598141,140.148598141,140.148598141,140.148598141
2023-05-04 10:30:00,140.148598141,140.148598141,140.148598141,140.148598141
2023-05-04 10:31:00,140.148598141,140.148598141,140.148598141,140.148598141
2023-05-04 10:32:00,140.148598141,140.148598141,140.148598141,140.148598141
2023-05-04 10:33:00,140.148598141,140.148598141,140.148598141,140.148598141
2023-05-04 10:34:00,140.148598141,140.148598141,140.148598141,140.148598141
2023-05-04 10:35:00,140.148598141,140.148598141,140.148598141,140.148598141
2023-05-04 10:36:00,140.167612943,140.167612943,140.167612943,140.167612943
2023-05-04 10:37:00,140.167612943,140.167612943,140.167612943,140.167612943
2023-05-04 10:38:00,140.167612943,140.167612943,140.167612943,140.167612943
2023-05-04 10:39:00,140.167612943,140.167612943,140.167612943,140.167612943
2023-05-04 10:40:00,140.167612943,140.167612943,140.167612943,140.167612943
2023-05-04 10:41:00,140.167612943,140.167612943,140.167612943,140.167612943
2023-05-04 10:42:00,140.167612943,140.167612943,140.167612943,140.167612943
2023-05-04 10:43:00,140.595445988,140.595445988,140.595445988,140.595445988
2023-05-04 10:44:00,140.595445988,140.595445988,140.595445988,140.595445988
2023-05-04 10:45:00,140.595445988,140.595445988,140.595445988,140.595445988
2023-05-04 10:46:00,140.671505196,140.671505196,140.671505196,140.671505196
2023-05-04 10:47:00,140.61446079,140.61446079,140.61446079,140.61446079
2023-05-04 10:48:00,140.61446079,140.61446079,140.61446079,140.61446079
2023-05-04 10:49:00,140.61446079,140.61446079,140.61446079,140.61446079
2023-05-04 10:50:00,140.61446079,140.61446079,140.61446079,140.61446079
2023-05-04 10:51:00,140.61446079,140.61446079,140.61446079,140.61446079
2023-05-04 10:52:00,140.61446079,140.61446079,140.61446079,140.61446079
2023-05-04 10:53:00,140.7095348,140.7095348,140.7095348,140.7095348
2023-05-04 10:54:00,140.757071805,140.757071805,140.757071805,140.757071805
2023-05-04 10:55:00,140.861653216,140.861653216,140.861653216,140.861653216
2023-05-04 10:56:00,140.861653216,140.861653216,140.861653216,140.861653216
2023-05-04 10:57:00,141.18480977599,141.18480977599,141.18480977599,141.18480977599
2023-05-04 10:58:00,141.18480977599,141.18480977599,141.18480977599,141.18480977599
2023-05-04 10:59:00,140.99475683,140.99475683,140.99475683,140.99475683
2023-05-04 11:00:00,140.99475683,140.99475683,140.99475683,140.99475683
2023-05-04 11:01:00,140.975742028,140.975742028,140.975742028,140.975742028
2023-05-04 11:02:00,140.975742028,140.975742028,140.975742028,140.975742028
2023-05-04 11:03:00,140.975742028,140.975742028,140.975742028,140.975742028
2023-05-04 11:04:00,140.975742028,140.975742028,140.975742028,140.975742028
2023-05-04 11:05:00,140.975742028,140.975742028,140.975742028,140.975742028
2023-05-04 11:06:00,140.975742028,140.975742028,140.975742028,140.975742028
2023-05-04 11:07:00,140.975742028,140.975742028,140.975742028,140.975742028
2023-05-04 11:08:00,140.975742028,140.975742028,140.975742028,140.975742028
2023-05-04 11:09:00,140.92810994899,140.92810994899,140.92810994899,140.92810994899
2023-05-04 11:10:00,140.92810994899,140.92810994899,140.92810994899,140.92810994899
2023-05-04 11:11:00,140.92810994899,140.92810994899,140.92810994899,140.92810994899
2023-05-04 11:12:00,141.080323439,141.11759245092,141.080323439,141.11759245092
2023-05-04 11:13:00,141.080323439,141.11759245092,141.080323439,141.11759245092
2023-05-04 11:14:00,141.080323439,141.11759245092,141.080323439,141.11759245092
2023-05-04 11:15:00,141.080323439,141.11759245092,141.080323439,141.11759245092
2023-05-04 11:16:00,141.080323439,141.11759245092,141.080323439,141.11759245092
2023-05-04 11:17:00,141.080323439,141.11759245092,141.080323439,141.11759245092
2023-05-04 11:18:00,141.080323439,141.11759245092,141.080323439,141.11759245092
2023-05-04 11:19:00,141.080323439,141.11759245092,141.080323439,141.11759245092
2023-05-04 11:20:00,140.795101409,140.795101409,140.795101409,140.795101409
2023-05-04 11:21:00,140.681012597,140.681012597,140.681012597,140.681012597
2023-05-04 11:22:00,140.681012597,140.681012597,140.681012597,140.681012597
2023-05-04 11:23:00,140.681012597,140.681012597,140.681012597,140.681012597
2023-05-04 11:24:00,140.681012597,140.681012597,140.681012597,140.681012597
2023-05-04 11:25:00,140.681012597,140.681012597,140.681012597,140.681012597
2023-05-04 11:26:00,140.681012597,140.681012597,140.681012597,140.681012597
2023-05-04 11:27:00,140.937712424,140.937712424,140.937712424,140.937712424
2023-05-04 11:28:00,140.937712424,140.937712424,140.937712424,140.937712424
2023-05-04 11:29:00,140.937712424,140.937712424,140.937712424,140.937712424
2023-05-04 11:30:00,140.92525772869,140.92525772869,140.92525772869,140.92525772869
2023-05-04 11:31:00,140.92525772869,140.92525772869,140.92525772869,140.92525772869
2023-05-04 11:32:00,141.00749674734,141.01871548052,141.00749674734,141.01871548052
2023-05-04 11:33:00,141.00749674734,141.01871548052,141.00749674734,141.01871548052
2023-05-04 11:34:00,141.00749674734,141.01871548052,141.00749674734,141.01871548052
2023-05-04 11:35:00,141.00749674734,141.01871548052,141.00749674734,141.01871548052
2023-05-04 11:36:00,141.00749674734,141.01871548052,141.00749674734,141.01871548052
2023-05-04 11:37:00,141.00749674734,141.01871548052,141.00749674734,141.01871548052
2023-05-04 11:38:00,141.00749674734,141.01871548052,141.00749674734,141.01871548052
2023-05-04 11:39:00,141.00749674734,141.01871548052,141.00749674734,141.01871548052
2023-05-04 11:40:00,141.00749674734,141.01871548052,141.00749674734,141.01871548052
2023-05-04 11:41:00,141.00749674734,141.01871548052,141.00749674734,141.01871548052
2023-05-04 11:42:00,141.00749674734,141.01871548052,141.00749674734,141.01871548052
2023-05-04 11:43:00,141.00749674734,141.01871548052,141.00749674734,141.01871548052
2023-05-04 11:44:00,141.00749674734,141.01871548052,141.00749674734,141.01871548052
2023-05-04 11:45:00,141.00749674734,141.01871548052,141.00749674734,141.01871548052
2023-05-04 11:46:00,140.671505196,140.671505196,140.671505196,140.671505196
2023-05-04 11:47:00,140.671505196,140.671505196,140.671505196,140.671505196
2023-05-04 11:48:00,140.671505196,140.671505196,140.671505196,140.671505196
2023-05-04 11:49:00,140.671505196,140.671505196,140.671505196,140.671505196
2023-05-04 11:50:00,140.671505196,140.671505196,140.671505196,140.671505196
2023-05-04 11:51:00,140.700027399,140.681012597,140.681012597,140.700027399
2023-05-04 11:52:00,140.700027399,140.681012597,140.681012597,140.700027399
2023-05-04 11:53:00,140.700027399,140.681012597,140.681012597,140.700027399
2023-05-04 11:54:00,140.700027399,140.681012597,140.681012597,140.700027399
2023-05-04 11:55:00,140.700027399,140.681012597,140.681012597,140.700027399
2023-05-04 11:56:00,140.700027399,140.681012597,140.681012597,140.700027399
2023-05-04 11:57:00,140.49076950299,140.414805369,140.414805369,140.49076950299
2023-05-04 11:58:00,140.49076950299,140.414805369,140.414805369,140.49076950299
2023-05-04 11:59:00,140.652490394,140.652490394,140.652490394,140.652490394
2023-05-04 12:00:00,140.652490394,140.652490394,140.652490394,140.652490394
2023-05-04 12:01:00,140.652490394,140.652490394,140.652490394,140.652490394
2023-05-04 12:02:00,140.652490394,140.652490394,140.652490394,140.652490394
2023-05-04 12:03:00,140.652490394,140.652490394,140.652490394,140.652490394
2023-05-04 12:04:00,140.652490394,140.652490394,140.652490394,140.652490394
2023-05-04 12:05:00,140.652490394,140.652490394,140.652490394,140.652490394
2023-05-04 12:06:00,140.652490394,140.652490394,140.652490394,140.652490394
2023-05-04 12:07:00,140.738057003,140.738057003,140.738057003,140.738057003
2023-05-04 12:08:00,140.738057003,140.738057003,140.738057003,140.738057003
2023-05-04 12:09:00,140.738057003,140.738057003,140.738057003,140.738057003
2023-05-04 12:10:00,140.738057003,140.738057003,140.738057003,140.738057003
2023-05-04 12:11:00,140.738057003,140.738057003,140.738057003,140.738057003
2023-05-04 12:12:00,140.738057003,140.738057003,140.738057003,140.738057003
2023-05-04 12:13:00,140.861653216,140.814116211,140.814116211,140.861653216
2023-05-04 12:14:00,140.861653216,140.814116211,140.814116211,140.861653216
2023-05-04 12:15:00,140.861653216,140.814116211,140.814116211,140.861653216
2023-05-04 12:16:00,140.861653216,140.814116211,140.814116211,140.861653216
2023-05-04 12:17:00,140.861653216,140.814116211,140.814116211,140.861653216
2023-05-04 12:18:00,140.861653216,140.814116211,140.814116211,140.861653216
2023-05-04 12:19:00,140.956727226,140.956727226,140.956727226,140.956727226
2023-05-04 12:20:00,141.00531004511,141.00531004511,141.00531004511,141.00531004511
2023-05-04 12:21:00,141.00531004511,141.00531004511,141.00531004511,141.00531004511
2023-05-04 12:22:00,141.00531004511,141.00531004511,141.00531004511,141.00531004511
2023-05-04 12:23:00,141.194412251,141.194412251,141.194412251,141.194412251
2023-05-04 12:24:00,141.194412251,141.194412251,141.194412251,141.194412251
2023-05-04 12:25:00,141.2562103575,141.2562103575,141.2562103575,141.2562103575
2023-05-04 12:26:00,141.2562103575,141.2562103575,141.2562103575,141.2562103575
2023-05-04 12:27:00,141.2562103575,141.2562103575,141.2562103575,141.2562103575
2023-05-04 12:28:00,141.2562103575,141.2562103575,141.2562103575,141.2562103575
2023-05-04 12:29:00,141.2562103575,141.2562103575,141.2562103575,141.2562103575
2023-05-04 12:30:00,141.2562103575,141.2562103575,141.2562103575,141.2562103575
2023-05-04 12:31:00,141.2562103575,141.2562103575,141.2562103575,141.2562103575
2023-05-04 12:32:00,141.194412251,141.27997886,141.194412251,141.27997886
2023-05-04 12:33:00,141.194412251,141.27997886,141.194412251,141.27997886
2023-05-04 12:34:00,141.194412251,141.27997886,141.194412251,141.27997886
2023-05-04 12:35:00,141.194412251,141.27997886,141.194412251,141.27997886
2023-05-04 12:36:00,141.194412251,141.27997886,141.194412251,141.27997886
2023-05-04 12:37:00,141.194412251,141.27997886,141.194412251,141.27997886
2023-05-04 12:38:00,141.194412251,141.27997886,141.194412251,141.27997886
2023-05-04 12:39:00,141.070816038,141.099338241,141.070816038,141.099338241
2023-05-04 12:40:00,141.023279033,141.032786434,141.023279033,141.032786434
2023-05-04 12:41:00,141.023279033,141.032786434,141.023279033,141.032786434
2023-05-04 12:42:00,141.023279033,141.032786434,141.023279033,141.032786434
2023-05-04 12:43:00,141.023279033,141.032786434,141.023279033,141.032786434
2023-05-04 12:44:00,141.023279033,141.032786434,141.023279033,141.032786434
2023-05-04 12:45:00,141.08983084,141.08983084,141.08983084,141.08983084
2023-05-04 12:46:00,141.08983084,141.08983084,141.08983084,141.08983084
2023-05-04 12:47:00,141.08983084,141.08983084,141.08983084,141.08983084
2023-05-04 12:48:00,141.08983084,141.08983084,141.08983084,141.08983084
2023-05-04 12:49:00,141.2752251595,141.2752251595,141.2752251595,141.2752251595
2023-05-04 12:50:00,141.2752251595,141.2752251595,141.2752251595,141.2752251595
2023-05-04 12:51:00,141.2752251595,141.2752251595,141.2752251595,141.2752251595
2023-05-04 12:52:00,141.2752251595,141.2752251595,141.2752251595,141.2752251595
2023-05-04 12:53:00,141.2752251595,141.2752251595,141.2752251595,141.2752251595
2023-05-04 12:54:00,141.260964058,141.260964058,141.260964058,141.260964058
2023-05-04 12:55:00,141.260964058,141.260964058,141.260964058,141.260964058
2023-05-04 12:56:00,141.37505287,141.37505287,141.37505287,141.37505287
2023-05-04 12:57:00,141.4273435755,141.4273435755,141.4273435755,141.4273435755
2023-05-04 12:58:00,141.4359002364,141.4359002364,141.4359002364,141.4359002364
2023-05-04 12:59:00,141.4359002364,141.4359002364,141.4359002364,141.4359002364
2023-05-04 13:00:00,141.4359002364,141.4359002364,141.4359002364,141.4359002364
2023-05-04 13:01:00,141.53658361299,141.53658361299,141.53658361299,141.53658361299
2023-05-04 13:02:00,141.53658361299,141.53658361299,141.53658361299,141.53658361299
2023-05-04 13:03:00,141.53658361299,141.53658361299,141.53658361299,141.53658361299
2023-05-04 13:04:00,141.53658361299,141.53658361299,141.53658361299,141.53658361299
2023-05-04 13:05:00,141.432097276,141.451112078,141.432097276,141.451112078
2023-05-04 13:06:00,141.432097276,141.451112078,141.432097276,141.451112078
2023-05-04 13:07:00,141.432097276,141.451112078,141.432097276,141.451112078
2023-05-04 13:08:00,141.432097276,141.451112078,141.432097276,141.451112078
2023-05-04 13:09:00,141.55911615336,141.55911615336,141.55911615336,141.55911615336
2023-05-04 13:10:00,141.55911615336,141.55911615336,141.55911615336,141.55911615336
2023-05-04 13:11:00,141.55911615336,141.55911615336,141.55911615336,141.55911615336
2023-05-04 13:12:00,141.55911615336,141.55911615336,141.55911615336,141.55911615336
2023-05-04 13:13:00,141.55911615336,141.55911615336,141.55911615336,141.55911615336
2023-05-04 13:14:00,141.55911615336,141.55911615336,141.55911615336,141.55911615336
2023-05-04 13:15:00,141.55911615336,141.55911615336,141.55911615336,141.55911615336
2023-05-04 13:16:00,141.55911615336,141.55911615336,141.55911615336,141.55911615336
2023-05-04 13:17:00,141.593723093,141.593723093,141.593723093,141.593723093
2023-05-04 13:18:00,141.593723093,141.593723093,141.593723093,141.593723093
2023-05-04 13:19:00,141.593723093,141.593723093,141.593723093,141.593723093
2023-05-04 13:20:00,141.593723093,141.593723093,141.593723093,141.593723093
2023-05-04 13:21:00,141.707811905,141.707811905,141.707811905,141.707811905
2023-05-04 13:22:00,141.707811905,141.707811905,141.707811905,141.707811905
2023-05-04 13:23:00,141.707811905,141.707811905,141.707811905,141.707811905
2023-05-04 13:24:00,141.707811905,141.707811905,141.707811905,141.707811905
2023-05-04 13:25:00,141.707811905,141.707811905,141.707811905,141.707811905
2023-05-04 13:26:00,141.707811905,141.707811905,141.707811905,141.707811905
2023-05-04 13:27:00,141.707811905,141.707811905,141.707811905,141.707811905
2023-05-04 13:28:00,141.707811905,141.707811905,141.707811905,141.707811905
2023-05-04 13:29:00,141.707811905,141.707811905,141.707811905,141.707811905
2023-05-04 13:30:00,141.707811905,141.707811905,141.707811905,141.707811905
2023-05-04 13:31:00,141.707811905,141.707811905,141.707811905,141.707811905
2023-05-04 13:32:00,141.707811905,141.707811905,141.707811905,141.707811905
2023-05-04 13:33:00,141.707811905,141.707811905,141.707811905,141.707811905
2023-05-04 13:34:00,141.707811905,141.707811905,141.707811905,141.707811905
2023-05-04 13:35:00,141.707811905,141.707811905,141.707811905,141.707811905
2023-05-04 13:36:00,141.707811905,141.707811905,141.707811905,141.707811905
2023-05-04 13:37:00,141.707811905,141.707811905,141.707811905,141.707811905
2023-05-04 13:38:00,141.707811905,141.707811905,141.707811905,141.707811905
2023-05-04 13:39:00,141.707811905,141.707811905,141.707811905,141.707811905
2023-05-04 13:40:00,141.707811905,141.707811905,141.707811905,141.707811905
2023-05-04 13:41:00,141.707811905,141.707811905,141.707811905,141.707811905
2023-05-04 13:42:00,141.707811905,141.707811905,141.707811905,141.707811905
2023-05-04 13:43:00,141.707811905,141.707811905,141.707811905,141.707811905
2023-05-04 13:44:00,141.707811905,141.707811905,141.707811905,141.707811905
2023-05-04 13:45:00,141.707811905,141.707811905,141.707811905,141.707811905
2023-05-04 13:46:00,141.707811905,141.707811905,141.707811905,141.707811905
2023-05-04 13:47:00,141.707811905,141.707811905,141.707811905,141.707811905
2023-05-04 13:48:00,141.707811905,141.707811905,141.707811905,141.707811905
2023-05-04 13:49:00,141.403575073,141.479634281,141.403575073,141.479634281
2023-05-04 13:50:00,141.403575073,141.479634281,141.403575073,141.479634281
2023-05-04 13:51:00,141.403575073,141.479634281,141.403575073,141.479634281
2023-05-04 13:52:00,141.403575073,141.479634281,141.403575073,141.479634281
2023-05-04 13:53:00,141.403575073,141.479634281,141.403575073,141.479634281
2023-05-04 13:54:00,141.403575073,141.479634281,141.403575073,141.479634281
2023-05-04 13:55:00,141.403575073,141.479634281,141.403575073,141.479634281
2023-05-04 13:56:00,141.403575073,141.479634281,141.403575073,141.479634281
2023-05-04 13:57:00,141.403575073,141.479634281,141.403575073,141.479634281
2023-05-04 13:58:00,141.508156484,141.527171286,141.498649083,141.527171286
2023-05-04 13:59:00,141.508156484,141.527171286,141.498649083,141.527171286
2023-05-04 14:00:00,141.508156484,141.527171286,141.498649083,141.527171286
2023-05-04 14:01:00,141.508156484,141.527171286,141.498649083,141.527171286
2023-05-04 14:02:00,141.508156484,141.527171286,141.498649083,141.527171286
2023-05-04 14:03:00,141.508156484,141.527171286,141.498649083,141.527171286
2023-05-04 14:04:00,141.508156484,141.527171286,141.498649083,141.527171286
2023-05-04 14:05:00,141.508156484,141.527171286,141.498649083,141.527171286
2023-05-04 14:06:00,141.508156484,141.527171286,141.498649083,141.527171286
2023-05-04 14:07:00,141.508156484,141.527171286,141.498649083,141.527171286
2023-05-04 14:08:00,141.508156484,141.527171286,141.498649083,141.527171286
2023-05-04 14:09:00,141.508156484,141.527171286,141.498649083,141.527171286
2023-05-04 14:10:00,141.508156484,141.527171286,141.498649083,141.527171286
2023-05-04 14:11:00,141.508156484,141.527171286,141.498649083,141.527171286
2023-05-04 14:12:00,141.508156484,141.527171286,141.498649083,141.527171286
2023-05-04 14:13:00,141.508156484,141.527171286,141.498649083,141.527171286
2023-05-04 14:14:00,141.508156484,141.527171286,141.498649083,141.527171286
2023-05-04 14:15:00,141.508156484,141.527171286,141.498649083,141.527171286
2023-05-04 14:16:00,141.508156484,141.527171286,141.498649083,141.527171286
2023-05-04 14:17:00,141.603230494,141.603230494,141.603230494,141.603230494
2023-05-04 14:18:00,141.603230494,141.603230494,141.603230494,141.603230494
2023-05-04 14:19:00,141.603230494,141.603230494,141.603230494,141.603230494
2023-05-04 14:20:00,141.603230494,141.603230494,141.603230494,141.603230494
2023-05-04 14:21:00,141.612737895,141.612737895,141.612737895,141.612737895
2023-05-04 14:22:00,141.612737895,141.612737895,141.612737895,141.612737895
2023-05-04 14:23:00,141.612737895,141.612737895,141.612737895,141.612737895
2023-05-04 14:24:00,141.612737895,141.612737895,141.612737895,141.612737895
2023-05-04 14:25:00,141.612737895,141.612737895,141.612737895,141.612737895
2023-05-04 14:26:00,141.612737895,141.612737895,141.612737895,141.612737895
2023-05-04 14:27:00,141.612737895,141.612737895,141.612737895,141.612737895
2023-05-04 14:28:00,141.612737895,141.612737895,141.612737895,141.612737895
2023-05-04 14:29:00,141.612737895,141.612737895,141.612737895,141.612737895
2023-05-04 14:30:00,141.308501063,141.308501063,141.308501063,141.308501063
2023-05-04 14:31:00,141.308501063,141.308501063,141.308501063,141.308501063
2023-05-04 14:32:00,141.308501063,141.308501063,141.308501063,141.308501063
2023-05-04 14:33:00,141.308501063,141.308501063,141.308501063,141.308501063
2023-05-04 14:34:00,141.308501063,141.308501063,141.308501063,141.308501063
2023-05-04 14:35:00,141.308501063,141.308501063,141.308501063,141.308501063
2023-05-04 14:36:00,141.308501063,141.308501063,141.308501063,141.308501063
2023-05-04 14:37:00,141.308501063,141.308501063,141.308501063,141.308501063
2023-05-04 14:38:00,141.308501063,141.308501063,141.308501063,141.308501063
2023-05-04 14:39:00,141.308501063,141.308501063,141.308501063,141.308501063
2023-05-04 14:40:00,141.308501063,141.308501063,141.308501063,141.308501063
2023-05-04 14:41:00,141.308501063,141.308501063,141.308501063,141.308501063
2023-05-04 14:42:00,141.308501063,141.308501063,141.308501063,141.308501063
2023-05-04 14:43:00,141.308501063,141.308501063,141.308501063,141.308501063
2023-05-04 14:44:00,141.308501063,141.308501063,141.308501063,141.308501063
2023-05-04 14:45:00,141.308501063,141.308501063,141.308501063,141.308501063
2023-05-04 14:46:00,141.308501063,141.308501063,141.308501063,141.308501063
2023-05-04 14:47:00,141.251456657,141.289486261,141.251456657,141.308501063
2023-05-04 14:48:00,141.251456657,141.289486261,141.251456657,141.308501063
2023-05-04 14:49:00,141.251456657,141.289486261,141.251456657,141.308501063
2023-05-04 14:50:00,141.251456657,141.289486261,141.251456657,141.308501063
2023-05-04 14:51:00,141.251456657,141.289486261,141.251456657,141.308501063
2023-05-04 14:52:00,141.251456657,141.289486261,141.251456657,141.308501063
2023-05-04 14:53:00,141.251456657,141.289486261,141.251456657,141.308501063
2023-05-04 14:54:00,141.270471459,141.260964058,141.260964058,141.270471459
2023-05-04 14:55:00,141.270471459,141.260964058,141.260964058,141.270471459
2023-05-04 14:56:00,141.232441855,141.232441855,141.232441855,141.232441855
2023-05-04 14:57:00,141.232441855,141.232441855,141.232441855,141.232441855
2023-05-04 14:58:00,141.232441855,141.232441855,141.232441855,141.232441855
2023-05-04 14:59:00,141.232441855,141.232441855,141.232441855,141.232441855
2023-05-04 15:00:00,141.232441855,141.232441855,141.232441855,141.232441855
2023-05-04 15:01:00,141.232441855,141.232441855,141.232441855,141.232441855
2023-05-04 15:02:00,141.232441855,141.232441855,141.232441855,141.232441855
2023-05-04 15:03:00,141.232441855,141.232441855,141.232441855,141.232441855
2023-05-04 15:04:00,141.232441855,141.232441855,141.232441855,141.232441855
2023-05-04 15:05:00,141.232441855,141.232441855,141.232441855,141.232441855
2023-05-04 15:06:00,141.574708291,141.536678687,141.536678687,141.574708291
2023-05-04 15:07:00,141.527171286,141.527171286,141.527171286,141.527171286
2023-05-04 15:08:00,141.622245296,141.679289702,141.622245296,141.679289702
2023-05-04 15:09:00,141.622245296,141.679289702,141.622245296,141.679289702
2023-05-04 15:10:00,141.622245296,141.679289702,141.622245296,141.679289702
2023-05-04 15:11:00,141.622245296,141.679289702,141.622245296,141.679289702
2023-05-04 15:12:00,141.622245296,141.679289702,141.622245296,141.679289702
2023-05-04 15:13:00,141.536678687,141.631752697,141.536678687,141.631752697
2023-05-04 15:14:00,141.536678687,141.631752697,141.536678687,141.631752697
2023-05-04 15:15:00,141.451112078,141.451112078,141.451112078,141.451112078
2023-05-04 15:16:00,141.451112078,141.451112078,141.451112078,141.451112078
2023-05-04 15:17:00,141.451112078,141.451112078,141.451112078,141.451112078
2023-05-04 15:18:00,141.451112078,141.451112078,141.451112078,141.451112078
2023-05-04 15:19:00,141.451112078,141.451112078,141.451112078,141.451112078
2023-05-04 15:20:00,141.451112078,141.451112078,141.451112078,141.451112078
2023-05-04 15:21:00,141.451112078,141.451112078,141.451112078,141.451112078
2023-05-04 15:22:00,141.451112078,141.451112078,141.451112078,141.451112078
2023-05-04 15:23:00,141.451112078,141.451112078,141.451112078,141.451112078
2023-05-04 15:24:00,141.451112078,141.451112078,141.451112078,141.451112078
2023-05-04 15:25:00,141.451112078,141.451112078,141.451112078,141.451112078
2023-05-04 15:26:00,141.451112078,141.451112078,141.451112078,141.451112078
2023-05-04 15:27:00,141.451112078,141.451112078,141.451112078,141.451112078
2023-05-04 15:28:00,141.451112078,141.451112078,141.451112078,141.451112078
2023-05-04 15:29:00,141.451112078,141.451112078,141.451112078,141.451112078
2023-05-04 15:30:00,141.451112078,141.451112078,141.451112078,141.451112078
2023-05-04 15:31:00,141.451112078,141.451112078,141.451112078,141.451112078
2023-05-04 15:32:00,141.451112078,141.451112078,141.451112078,141.451112078
2023-05-04 15:33:00,141.451112078,141.451112078,141.451112078,141.451112078
2023-05-04 15:34:00,141.451112078,141.451112078,141.451112078,141.451112078
2023-05-04 15:35:00,141.451112078,141.451112078,141.451112078,141.451112078
2023-05-04 15:36:00,141.451112078,141.451112078,141.451112078,141.451112078
2023-05-04 15:37:00,141.451112078,141.451112078,141.451112078,141.451112078
2023-05-04 15:38:00,141.451112078,141.451112078,141.451112078,141.451112078
2023-05-04 15:39:00,141.451112078,141.451112078,141.451112078,141.451112078
2023-05-04 15:40:00,141.451112078,141.451112078,141.451112078,141.451112078
2023-05-04 15:41:00,141.451112078,141.451112078,141.451112078,141.451112078
2023-05-04 15:42:00,141.451112078,141.451112078,141.451112078,141.451112078
2023-05-04 15:43:00,141.603230494,141.603230494,141.603230494,141.622245296
2023-05-04 15:44:00,141.603230494,141.603230494,141.603230494,141.622245296
2023-05-04 15:45:00,141.603230494,141.603230494,141.603230494,141.622245296
2023-05-04 15:46:00,141.603230494,141.603230494,141.603230494,141.622245296
2023-05-04 15:47:00,141.603230494,141.603230494,141.603230494,141.622245296
2023-05-04 15:48:00,141.603230494,141.603230494,141.603230494,141.622245296
2023-05-04 15:49:00,141.603230494,141.603230494,141.603230494,141.622245296
2023-05-04 15:50:00,141.47012688,141.479634281,141.47012688,141.479634281
2023-05-04 15:51:00,141.47012688,141.479634281,141.47012688,141.479634281
2023-05-04 15:52:00,141.47012688,141.479634281,141.47012688,141.479634281
2023-05-04 15:53:00,141.47012688,141.479634281,141.47012688,141.479634281
2023-05-04 15:54:00,141.47012688,141.479634281,141.47012688,141.479634281
2023-05-04 15:55:00,141.47012688,141.47012688,141.47012688,141.47012688
2023-05-04 15:56:00,141.47012688,141.47012688,141.47012688,141.47012688
2023-05-04 15:57:00,141.47012688,141.47012688,141.47012688,141.47012688
2023-05-04 15:58:00,141.356038068,141.356038068,141.356038068,141.356038068
2023-05-04 15:59:00,141.356038068,141.356038068,141.356038068,141.356038068
2023-05-04 16:00:00,141.460619479,141.413082474,141.413082474,141.460619479
2023-05-05 09:31:00,141.156382647,141.156382647,141.156382647,141.156382647
2023-05-05 09:32:00,141.631752697,141.631752697,141.631752697,141.631752697
2023-05-05 09:33:00,141.631752697,141.631752697,141.631752697,141.631752697
2023-05-05 09:34:00,141.631752697,141.631752697,141.631752697,141.631752697
2023-05-05 09:35:00,141.631752697,141.631752697,141.631752697,141.631752697
2023-05-05 09:36:00,141.907467326,141.75534891,141.75534891,141.907467326
2023-05-05 09:37:00,141.907467326,141.75534891,141.75534891,141.907467326
2023-05-05 09:38:00,142.031063539,142.031063539,142.031063539,142.031063539
2023-05-05 09:39:00,142.031063539,142.031063539,142.031063539,142.031063539
2023-05-05 09:40:00,142.430374381,142.42086698,142.42086698,142.430374381
2023-05-05 09:41:00,142.611015,142.611015,142.611015,142.611015
2023-05-05 09:42:00,142.3970984775,142.3970984775,142.3970984775,142.3970984775
2023-05-05 09:43:00,142.363822574,142.363822574,142.363822574,142.363822574
2023-05-05 09:44:00,142.363822574,142.363822574,142.363822574,142.363822574
2023-05-05 09:45:00,142.069093143,142.069093143,142.069093143,142.069093143
2023-05-05 09:46:00,142.069093143,142.069093143,142.069093143,142.069093143
2023-05-05 09:47:00,142.069093143,142.069093143,142.069093143,142.069093143
2023-05-05 09:48:00,142.23071896,142.23071896,142.23071896,142.23071896
2023-05-05 09:49:00,142.23071896,142.23071896,142.23071896,142.23071896
2023-05-05 09:50:00,142.23071896,142.23071896,142.23071896,142.23071896
2023-05-05 09:51:00,142.23071896,142.23071896,142.23071896,142.23071896
2023-05-05 09:52:00,142.23071896,142.23071896,142.23071896,142.23071896
2023-05-05 09:53:00,142.23071896,142.23071896,142.23071896,142.23071896
2023-05-05 09:54:00,142.23071896,142.23071896,142.23071896,142.23071896
2023-05-05 09:55:00,142.23071896,142.23071896,142.23071896,142.23071896
2023-05-05 09:56:00,142.23071896,142.23071896,142.23071896,142.23071896
2023-05-05 09:57:00,142.1204331084,142.1204331084,142.1204331084,142.1204331084
2023-05-05 09:58:00,142.1204331084,142.1204331084,142.1204331084,142.1204331084
2023-05-05 09:59:00,142.1204331084,142.1204331084,142.1204331084,142.1204331084
2023-05-05 10:00:00,142.1204331084,142.1204331084,142.1204331084,142.1204331084
2023-05-05 10:01:00,142.1204331084,142.1204331084,142.1204331084,142.1204331084
2023-05-05 10:02:00,142.1204331084,142.1204331084,142.1204331084,142.1204331084
2023-05-05 10:03:00,142.1204331084,142.1204331084,142.1204331084,142.1204331084
2023-05-05 10:04:00,142.1204331084,142.1204331084,142.1204331084,142.1204331084
2023-05-05 10:05:00,141.9597580315,141.9597580315,141.9597580315,141.9597580315
2023-05-05 10:06:00,141.9597580315,141.9597580315,141.9597580315,141.9597580315
2023-05-05 10:07:00,141.9597580315,141.9597580315,141.9597580315,141.9597580315
2023-05-05 10:08:00,141.9597580315,141.9597580315,141.9597580315,141.9597580315
2023-05-05 10:09:00,141.821900717,141.821900717,141.821900717,141.821900717
2023-05-05 10:10:00,141.821900717,141.821900717,141.821900717,141.821900717
2023-05-05 10:11:00,141.821900717,141.821900717,141.821900717,141.821900717
2023-05-05 10:12:00,141.821900717,141.821900717,141.821900717,141.821900717
2023-05-05 10:13:00,141.821900717,141.821900717,141.821900717,141.821900717
2023-05-05 10:14:00,141.821900717,141.821900717,141.821900717,141.821900717
2023-05-05 10:15:00,141.821900717,141.821900717,141.821900717,141.821900717
2023-05-05 10:16:00,141.821900717,141.821900717,141.821900717,141.821900717
2023-05-05 10:17:00,141.821900717,141.821900717,141.821900717,141.821900717
2023-05-05 10:18:00,141.802885915,141.802885915,141.802885915,141.802885915
2023-05-05 10:19:00,141.6602749,141.6602749,141.6602749,141.6602749
2023-05-05 10:20:00,141.6602749,141.6602749,141.6602749,141.6602749
2023-05-05 10:21:00,141.6602749,141.6602749,141.6602749,141.6602749
2023-05-05 10:22:00,141.707811905,141.707811905,141.707811905,141.707811905
2023-05-05 10:23:00,141.707811905,141.707811905,141.707811905,141.707811905
2023-05-05 10:24:00,141.8456692195,141.8456692195,141.8456692195,141.8456692195
2023-05-05 10:25:00,141.8456692195,141.8456692195,141.8456692195,141.8456692195
2023-05-05 10:26:00,141.8456692195,141.8456692195,141.8456692195,141.8456692195
2023-05-05 10:27:00,141.8456692195,141.8456692195,141.8456692195,141.8456692195
2023-05-05 10:28:00,141.8456692195,141.8456692195,141.8456692195,141.8456692195
2023-05-05 10:29:00,141.8570781007,141.8570781007,141.8570781007,141.8570781007
2023-05-05 10:30:00,141.8570781007,141.8570781007,141.8570781007,141.8570781007
2023-05-05 10:31:00,142.050078341,142.050078341,142.050078341,142.050078341
2023-05-05 10:32:00,142.050078341,142.050078341,142.050078341,142.050078341
2023-05-05 10:33:00,142.050078341,142.050078341,142.050078341,142.050078341
2023-05-05 10:34:00,142.050078341,142.050078341,142.050078341,142.050078341
2023-05-05 10:35:00,142.050078341,142.050078341,142.050078341,142.050078341
2023-05-05 10:36:00,142.050078341,142.050078341,142.050078341,142.050078341
2023-05-05 10:37:00,142.050078341,142.050078341,142.050078341,142.050078341
2023-05-05 10:38:00,142.050078341,142.050078341,142.050078341,142.050078341
2023-05-05 10:39:00,142.050078341,142.050078341,142.050078341,142.050078341
2023-05-05 10:40:00,142.050078341,142.050078341,142.050078341,142.050078341
2023-05-05 10:41:00,142.050078341,142.050078341,142.050078341,142.050078341
2023-05-05 10:42:00,142.050078341,142.050078341,142.050078341,142.050078341
2023-05-05 10:43:00,142.050078341,142.050078341,142.050078341,142.050078341
2023-05-05 10:44:00,142.031063539,142.031063539,142.031063539,142.031063539
2023-05-05 10:45:00,142.031063539,142.031063539,142.031063539,142.031063539
2023-05-05 10:46:00,142.031063539,142.031063539,142.031063539,142.031063539
2023-05-05 10:47:00,142.031063539,142.031063539,142.031063539,142.031063539
2023-05-05 10:48:00,142.031063539,142.031063539,142.031063539,142.031063539
2023-05-05 10:49:00,142.031063539,142.031063539,142.031063539,142.031063539
2023-05-05 10:50:00,142.031063539,142.031063539,142.031063539,142.031063539
2023-05-05 10:51:00,142.031063539,142.031063539,142.031063539,142.031063539
2023-05-05 10:52:00,142.031063539,142.031063539,142.031063539,142.031063539
2023-05-05 10:53:00,141.955004331,141.955004331,141.955004331,141.955004331
2023-05-05 10:54:00,141.955004331,141.955004331,141.955004331,141.955004331
2023-05-05 10:55:00,141.955004331,141.955004331,141.955004331,141.955004331
2023-05-05 10:56:00,141.878945123,141.888452524,141.878945123,141.888452524
2023-05-05 10:57:00,141.80079428678,141.80079428678,141.80079428678,141.80079428678
2023-05-05 10:58:00,141.80079428678,141.80079428678,141.80079428678,141.80079428678
2023-05-05 10:59:00,141.80079428678,141.80079428678,141.80079428678,141.80079428678
2023-05-05 11:00:00,141.80079428678,141.80079428678,141.80079428678,141.80079428678
2023-05-05 11:01:00,141.80079428678,141.80079428678,141.80079428678,141.80079428678
2023-05-05 11:02:00,141.80079428678,141.80079428678,141.80079428678,141.80079428678
2023-05-05 11:03:00,141.80079428678,141.80079428678,141.80079428678,141.80079428678
2023-05-05 11:04:00,141.80079428678,141.80079428678,141.80079428678,141.80079428678
2023-05-05 11:05:00,141.80079428678,141.80079428678,141.80079428678,141.80079428678
2023-05-05 11:06:00,141.840915519,141.840915519,141.840915519,141.840915519
2023-05-05 11:07:00,141.840915519,141.840915519,141.840915519,141.840915519
2023-05-05 11:08:00,141.840915519,141.840915519,141.840915519,141.840915519
2023-05-05 11:09:00,141.840915519,141.840915519,141.840915519,141.840915519
2023-05-05 11:10:00,141.56520089,141.56520089,141.56520089,141.56520089
2023-05-05 11:11:00,141.441604677,141.441604677,141.441604677,141.441604677
2023-05-05 11:12:00,141.441604677,141.441604677,141.441604677,141.441604677
2023-05-05 11:13:00,141.441604677,141.441604677,141.441604677,141.441604677
2023-05-05 11:14:00,141.698304504,141.698304504,141.698304504,141.698304504
2023-05-05 11:15:00,141.698304504,141.698304504,141.698304504,141.698304504
2023-05-05 11:16:00,141.698304504,141.698304504,141.698304504,141.698304504
2023-05-05 11:17:00,141.698304504,141.698304504,141.698304504,141.698304504
2023-05-05 11:18:00,141.6393586178,141.6393586178,141.6393586178,141.6393586178
2023-05-05 11:19:00,141.6393586178,141.6393586178,141.6393586178,141.6393586178
2023-05-05 11:20:00,141.6393586178,141.6393586178,141.6393586178,141.6393586178
2023-05-05 11:21:00,141.6393586178,141.6393586178,141.6393586178,141.6393586178
2023-05-05 11:22:00,141.6393586178,141.6393586178,141.6393586178,141.6393586178
2023-05-05 11:23:00,141.6393586178,141.6393586178,141.6393586178,141.6393586178
2023-05-05 11:24:00,141.6393586178,141.6393586178,141.6393586178,141.6393586178
2023-05-05 11:25:00,141.641260098,141.641260098,141.641260098,141.641260098
2023-05-05 11:26:00,141.641260098,141.641260098,141.641260098,141.641260098
2023-05-05 11:27:00,141.641260098,141.641260098,141.641260098,141.641260098
2023-05-05 11:28:00,141.641260098,141.641260098,141.641260098,141.641260098
2023-05-05 11:29:00,141.641260098,141.641260098,141.641260098,141.641260098
2023-05-05 11:30:00,141.641260098,141.641260098,141.641260098,141.641260098
2023-05-05 11:31:00,141.641260098,141.641260098,141.641260098,141.641260098
2023-05-05 11:32:00,141.641260098,141.641260098,141.641260098,141.641260098
2023-05-05 11:33:00,141.6269989965,141.6003782737,141.6003782737,141.6269989965
2023-05-05 11:34:00,141.6269989965,141.6003782737,141.6003782737,141.6269989965
2023-05-05 11:35:00,141.6269989965,141.6003782737,141.6003782737,141.6269989965
2023-05-05 11:36:00,141.584215692,141.584215692,141.584215692,141.584215692
2023-05-05 11:37:00,141.584215692,141.584215692,141.584215692,141.584215692
2023-05-05 11:38:00,141.584215692,141.584215692,141.584215692,141.584215692
2023-05-05 11:39:00,141.584215692,141.584215692,141.584215692,141.584215692
2023-05-05 11:40:00,141.584215692,141.584215692,141.584215692,141.584215692
2023-05-05 11:41:00,141.584215692,141.584215692,141.584215692,141.584215692
2023-05-05 11:42:00,141.584215692,141.584215692,141.584215692,141.584215692
2023-05-05 11:43:00,141.584215692,141.584215692,141.584215692,141.584215692
2023-05-05 11:44:00,141.584215692,141.584215692,141.584215692,141.584215692
2023-05-05 11:45:00,141.6079841945,141.650767499,141.6079841945,141.650767499
2023-05-05 11:46:00,141.517663885,141.517663885,141.517663885,141.517663885
2023-05-05 11:47:00,141.717319306,141.688797103,141.688797103,141.717319306
2023-05-05 11:48:00,141.7287281872,141.7287281872,141.7287281872,141.7287281872
2023-05-05 11:49:00,141.7287281872,141.7287281872,141.7287281872,141.7287281872
2023-05-05 11:50:00,141.7287281872,141.7287281872,141.7287281872,141.7287281872
2023-05-05 11:51:00,141.7287281872,141.7287281872,141.7287281872,141.7287281872
2023-05-05 11:52:00,141.7287281872,141.7287281872,141.7287281872,141.7287281872
2023-05-05 11:53:00,141.7287281872,141.7287281872,141.7287281872,141.7287281872
2023-05-05 11:54:00,141.669782301,141.669782301,141.669782301,141.669782301
2023-05-05 11:55:00,141.669782301,141.669782301,141.669782301,141.669782301
2023-05-05 11:56:00,141.726826707,141.726826707,141.726826707,141.726826707
2023-05-05 11:57:00,141.726826707,141.726826707,141.726826707,141.726826707
2023-05-05 11:58:00,141.726826707,141.726826707,141.726826707,141.726826707
2023-05-05 11:59:00,141.726826707,141.726826707,141.726826707,141.726826707
2023-05-05 12:00:00,141.745841509,141.745841509,141.745841509,141.745841509
2023-05-05 12:01:00,141.783871113,141.726826707,141.726826707,141.783871113
2023-05-05 12:02:00,141.783871113,141.726826707,141.726826707,141.783871113
2023-05-05 12:03:00,141.783871113,141.726826707,141.726826707,141.783871113
2023-05-05 12:04:00,141.783871113,141.726826707,141.726826707,141.783871113
2023-05-05 12:05:00,141.6460137985,141.6460137985,141.6460137985,141.6460137985
2023-05-05 12:06:00,141.6460137985,141.6460137985,141.6460137985,141.6460137985
2023-05-05 12:07:00,141.6460137985,141.6460137985,141.6460137985,141.6460137985
2023-05-05 12:08:00,141.6460137985,141.6460137985,141.6460137985,141.6460137985
2023-05-05 12:09:00,141.6460137985,141.6460137985,141.6460137985,141.6460137985
2023-05-05 12:10:00,141.6460137985,141.6460137985,141.6460137985,141.6460137985
2023-05-05 12:11:00,141.6460137985,141.6460137985,141.6460137985,141.6460137985
2023-05-05 12:12:00,141.80611843134,141.80611843134,141.80611843134,141.80611843134
2023-05-05 12:13:00,141.831408118,141.831408118,141.831408118,141.831408118
2023-05-05 12:14:00,141.831408118,141.831408118,141.831408118,141.831408118
2023-05-05 12:15:00,141.831408118,141.831408118,141.831408118,141.831408118
2023-05-05 12:16:00,141.831408118,141.831408118,141.831408118,141.831408118
2023-05-05 12:17:00,141.831408118,141.831408118,141.831408118,141.831408118
2023-05-05 12:18:00,141.831408118,141.831408118,141.831408118,141.831408118
2023-05-05 12:19:00,141.831408118,141.831408118,141.831408118,141.831408118
2023-05-05 12:20:00,141.85042292,141.85042292,141.85042292,141.85042292
2023-05-05 12:21:00,141.85042292,141.85042292,141.85042292,141.85042292
2023-05-05 12:22:00,141.85042292,141.85042292,141.85042292,141.85042292
2023-05-05 12:23:00,141.85042292,141.85042292,141.85042292,141.85042292
2023-05-05 12:24:00,141.85042292,141.85042292,141.85042292,141.85042292
2023-05-05 12:25:00,141.85042292,141.85042292,141.85042292,141.85042292
2023-05-05 12:26:00,141.85042292,141.85042292,141.85042292,141.85042292
2023-05-05 12:27:00,141.85042292,141.85042292,141.85042292,141.85042292
2023-05-05 12:28:00,141.85042292,141.85042292,141.85042292,141.85042292
2023-05-05 12:29:00,141.8266544175,141.8266544175,141.8266544175,141.8266544175
2023-05-05 12:30:00,141.8266544175,141.8266544175,141.8266544175,141.8266544175
2023-05-05 12:31:00,141.688797103,141.688797103,141.688797103,141.688797103
2023-05-05 12:32:00,141.688797103,141.688797103,141.688797103,141.688797103
2023-05-05 12:33:00,141.688797103,141.688797103,141.688797103,141.688797103
2023-05-05 12:34:00,141.688797103,141.688797103,141.688797103,141.688797103
2023-05-05 12:35:00,141.71741438001,141.71741438001,141.71741438001,141.71741438001
2023-05-05 12:36:00,141.71741438001,141.71741438001,141.71741438001,141.71741438001
2023-05-05 12:37:00,141.71741438001,141.71741438001,141.71741438001,141.71741438001
2023-05-05 12:38:00,141.641260098,141.641260098,141.641260098,141.641260098
2023-05-05 12:39:00,141.641260098,141.641260098,141.641260098,141.641260098
2023-05-05 12:40:00,141.641260098,141.641260098,141.641260098,141.641260098
2023-05-05 12:41:00,141.641260098,141.641260098,141.641260098,141.641260098
2023-05-05 12:42:00,141.641260098,141.641260098,141.641260098,141.641260098
2023-05-05 12:43:00,141.641260098,141.641260098,141.641260098,141.641260098
2023-05-05 12:44:00,141.52222743748,141.52222743748,141.52222743748,141.52222743748
2023-05-05 12:45:00,141.527171286,141.508156484,141.508156484,141.527171286
2023-05-05 12:46:00,141.527171286,141.508156484,141.508156484,141.527171286
2023-05-05 12:47:00,141.527171286,141.508156484,141.508156484,141.527171286
2023-05-05 12:48:00,141.527171286,141.508156484,141.508156484,141.527171286
2023-05-05 12:49:00,141.527171286,141.508156484,141.508156484,141.527171286
2023-05-05 12:50:00,141.527171286,141.508156484,141.508156484,141.527171286
2023-05-05 12:51:00,141.555693489,141.555693489,141.555693489,141.555693489
2023-05-05 12:52:00,141.555693489,141.555693489,141.555693489,141.555693489
2023-05-05 12:53:00,141.555693489,141.555693489,141.555693489,141.555693489
2023-05-05 12:54:00,141.555693489,141.555693489,141.555693489,141.555693489
2023-05-05 12:55:00,141.555693489,141.555693489,141.555693489,141.555693489
2023-05-05 12:56:00,141.631752697,141.631752697,141.631752697,141.631752697
2023-05-05 12:57:00,141.631752697,141.631752697,141.631752697,141.631752697
2023-05-05 12:58:00,141.631752697,141.631752697,141.631752697,141.631752697
2023-05-05 12:59:00,141.631752697,141.631752697,141.631752697,141.631752697
2023-05-05 13:00:00,141.631752697,141.631752697,141.631752697,141.631752697
2023-05-05 13:01:00,141.6460137985,141.679289702,141.6460137985,141.679289702
2023-05-05 13:02:00,141.698304504,141.631752697,141.631752697,141.698304504
2023-05-05 13:03:00,141.698304504,141.631752697,141.631752697,141.698304504
2023-05-05 13:04:00,141.698304504,141.631752697,141.631752697,141.698304504
2023-05-05 13:05:00,141.764856311,141.783871113,141.764856311,141.783871113
2023-05-05 13:06:00,141.764856311,141.783871113,141.764856311,141.783871113
2023-05-05 13:07:00,141.764856311,141.783871113,141.764856311,141.783871113
2023-05-05 13:08:00,141.793378514,141.793378514,141.793378514,141.793378514
2023-05-05 13:09:00,141.793378514,141.793378514,141.793378514,141.793378514
2023-05-05 13:10:00,141.84433818336,141.84433818336,141.84433818336,141.84433818336
2023-05-05 13:11:00,141.831408118,141.831408118,141.831408118,141.831408118
2023-05-05 13:12:00,141.831408118,141.831408118,141.831408118,141.831408118
2023-05-05 13:13:00,141.831408118,141.831408118,141.831408118,141.831408118
2023-05-05 13:14:00,141.83226378409,141.83226378409,141.83226378409,141.83226378409
2023-05-05 13:15:00,141.83226378409,141.83226378409,141.83226378409,141.83226378409
2023-05-05 13:16:00,141.84082044499,141.84082044499,141.84082044499,141.84082044499
2023-05-05 13:17:00,141.907467326,141.907467326,141.907467326,141.907467326
2023-05-05 13:18:00,141.983526534,141.964511732,141.964511732,141.983526534
2023-05-05 13:19:00,141.878945123,141.888452524,141.878945123,141.888452524
2023-05-05 13:20:00,141.878945123,141.888452524,141.878945123,141.888452524
2023-05-05 13:21:00,141.869437722,141.907467326,141.869437722,141.907467326
2023-05-05 13:22:00,141.869437722,141.907467326,141.869437722,141.907467326
2023-05-05 13:23:00,141.869437722,141.907467326,141.869437722,141.907467326
2023-05-05 13:24:00,141.888452524,141.888452524,141.888452524,141.888452524
2023-05-05 13:25:00,141.888452524,141.888452524,141.888452524,141.888452524
2023-05-05 13:26:00,141.916974727,141.916974727,141.916974727,141.916974727
2023-05-05 13:27:00,141.916974727,141.916974727,141.916974727,141.916974727
2023-05-05 13:28:00,141.95804669932,141.95804669932,141.95804669932,141.95804669932
2023-05-05 13:29:00,141.95804669932,141.95804669932,141.95804669932,141.95804669932
2023-05-05 13:30:00,141.95804669932,141.95804669932,141.95804669932,141.95804669932
2023-05-05 13:31:00,141.95804669932,141.95804669932,141.95804669932,141.95804669932
2023-05-05 13:32:00,141.95804669932,141.95804669932,141.95804669932,141.95804669932
2023-05-05 13:33:00,141.95804669932,141.95804669932,141.95804669932,141.95804669932
2023-05-05 13:34:00,141.95804669932,141.95804669932,141.95804669932,141.95804669932
2023-05-05 13:35:00,141.95804669932,141.95804669932,141.95804669932,141.95804669932
2023-05-05 13:36:00,141.95804669932,141.95804669932,141.95804669932,141.95804669932
2023-05-05 13:37:00,141.95804669932,141.95804669932,141.95804669932,141.95804669932
2023-05-05 13:38:00,141.95804669932,141.95804669932,141.95804669932,141.95804669932
2023-05-05 13:39:00,141.95804669932,141.95804669932,141.95804669932,141.95804669932
2023-05-05 13:40:00,141.95804669932,141.95804669932,141.95804669932,141.95804669932
2023-05-05 13:41:00,141.95804669932,141.95804669932,141.95804669932,141.95804669932
2023-05-05 13:42:00,141.95804669932,141.95804669932,141.95804669932,141.95804669932
2023-05-05 13:43:00,141.95804669932,141.95804669932,141.95804669932,141.95804669932
2023-05-05 13:44:00,141.95804669932,141.95804669932,141.95804669932,141.95804669932
2023-05-05 13:45:00,141.95804669932,141.95804669932,141.95804669932,141.95804669932
2023-05-05 13:46:00,141.95804669932,141.95804669932,141.95804669932,141.95804669932
2023-05-05 13:47:00,141.95804669932,141.95804669932,141.95804669932,141.95804669932
2023-05-05 13:48:00,141.95804669932,141.95804669932,141.95804669932,141.95804669932
2023-05-05 13:49:00,141.95804669932,141.95804669932,141.95804669932,141.95804669932
2023-05-05 13:50:00,141.95804669932,141.95804669932,141.95804669932,141.95804669932
2023-05-05 13:51:00,141.95804669932,141.95804669932,141.95804669932,141.95804669932
2023-05-05 13:52:00,142.18327702901,142.18327702901,142.18327702901,142.18327702901
2023-05-05 13:53:00,142.18327702901,142.18327702901,142.18327702901,142.18327702901
2023-05-05 13:54:00,142.18327702901,142.18327702901,142.18327702901,142.18327702901
2023-05-05 13:55:00,142.18327702901,142.18327702901,142.18327702901,142.18327702901
2023-05-05 13:56:00,142.13564495,142.13564495,142.13564495,142.13564495
2023-05-05 13:57:00,142.13564495,142.13564495,142.13564495,142.13564495
2023-05-05 13:58:00,142.13564495,142.13564495,142.13564495,142.13564495
2023-05-05 13:59:00,142.13564495,142.13564495,142.13564495,142.13564495
2023-05-05 14:00:00,142.107122747,142.107122747,142.107122747,142.107122747
2023-05-05 14:01:00,142.107122747,142.107122747,142.107122747,142.107122747
2023-05-05 14:02:00,142.107122747,142.107122747,142.107122747,142.107122747
2023-05-05 14:03:00,142.107122747,142.107122747,142.107122747,142.107122747
2023-05-05 14:04:00,142.06300840636,142.06300840636,142.06300840636,142.06300840636
2023-05-05 14:05:00,142.06300840636,142.06300840636,142.06300840636,142.06300840636
2023-05-05 14:06:00,142.06300840636,142.06300840636,142.06300840636,142.06300840636
2023-05-05 14:07:00,142.088107945,142.088107945,142.088107945,142.088107945
2023-05-05 14:08:00,142.088107945,142.088107945,142.088107945,142.088107945
2023-05-05 14:09:00,142.088107945,142.088107945,142.088107945,142.088107945
2023-05-05 14:10:00,142.10474589675,142.097615346,142.097615346,142.10474589675
2023-05-05 14:11:00,142.116630148,142.116630148,142.116630148,142.116630148
2023-05-05 14:12:00,142.050078341,142.050078341,142.050078341,142.050078341
2023-05-05 14:13:00,142.1442016109,142.1442016109,142.1442016109,142.1442016109
2023-05-05 14:14:00,142.164167153,142.164167153,142.164167153,142.164167153
2023-05-05 14:15:00,142.164167153,142.164167153,142.164167153,142.164167153
2023-05-05 14:16:00,142.202196757,142.202196757,142.202196757,142.202196757
2023-05-05 14:17:00,142.202196757,142.202196757,142.202196757,142.202196757
2023-05-05 14:18:00,142.202196757,142.202196757,142.202196757,142.202196757
2023-05-05 14:19:00,142.202196757,142.202196757,142.202196757,142.202196757
2023-05-05 14:20:00,142.202196757,142.202196757,142.202196757,142.202196757
2023-05-05 14:21:00,142.306778168,142.306778168,142.306778168,142.306778168
2023-05-05 14:22:00,142.306778168,142.306778168,142.306778168,142.306778168
2023-05-05 14:23:00,142.306778168,142.306778168,142.306778168,142.306778168
2023-05-05 14:24:00,142.278255965,142.278255965,142.278255965,142.278255965
2023-05-05 14:25:00,142.221211559,142.221211559,142.221211559,142.221211559
2023-05-05 14:26:00,142.221211559,142.221211559,142.221211559,142.221211559
2023-05-05 14:27:00,142.354315173,142.316285569,142.316285569,142.354315173
2023-05-05 14:28:00,142.458896584,142.439881782,142.439881782,142.458896584
2023-05-05 14:29:00,142.468403985,142.468403985,142.468403985,142.468403985
2023-05-05 14:30:00,142.468403985,142.468403985,142.468403985,142.468403985
2023-05-05 14:31:00,142.468403985,142.468403985,142.468403985,142.468403985
2023-05-05 14:32:00,142.468403985,142.468403985,142.468403985,142.468403985
2023-05-05 14:33:00,142.5026306286,142.525448391,142.5026306286,142.525448391
2023-05-05 14:34:00,142.5026306286,142.525448391,142.5026306286,142.525448391
2023-05-05 14:35:00,142.5026306286,142.525448391,142.5026306286,142.525448391
2023-05-05 14:36:00,142.373329975,142.373329975,142.373329975,142.373329975
2023-05-05 14:37:00,142.373329975,142.373329975,142.373329975,142.373329975
2023-05-05 14:38:00,142.373329975,142.373329975,142.373329975,142.373329975
2023-05-05 14:39:00,142.373329975,142.373329975,142.373329975,142.373329975
2023-05-05 14:40:00,142.3647733141,142.3647733141,142.3647733141,142.3647733141
2023-05-05 14:41:00,142.3647733141,142.3647733141,142.3647733141,142.3647733141
2023-05-05 14:42:00,142.3647733141,142.3647733141,142.3647733141,142.3647733141
2023-05-05 14:43:00,142.3647733141,142.3647733141,142.3647733141,142.3647733141
2023-05-05 14:44:00,142.3647733141,142.3647733141,142.3647733141,142.3647733141
2023-05-05 14:45:00,142.3647733141,142.3647733141,142.3647733141,142.3647733141
2023-05-05 14:46:00,142.32579297,142.2925170665,142.2925170665,142.32579297
2023-05-05 14:47:00,142.32579297,142.2925170665,142.2925170665,142.32579297
2023-05-05 14:48:00,142.297270767,142.306778168,142.297270767,142.306778168
2023-05-05 14:49:00,142.32579297,142.32579297,142.32579297,142.32579297
2023-05-05 14:50:00,142.32579297,142.32579297,142.32579297,142.32579297
2023-05-05 14:51:00,142.354315173,142.354315173,142.354315173,142.354315173
2023-05-05 14:52:00,142.354315173,142.354315173,142.354315173,142.354315173
2023-05-05 14:53:00,142.354315173,142.354315173,142.354315173,142.354315173
2023-05-05 14:54:00,142.354315173,142.354315173,142.354315173,142.354315173
2023-05-05 14:55:00,142.354315173,142.354315173,142.354315173,142.354315173
2023-05-05 14:56:00,142.354315173,142.354315173,142.354315173,142.354315173
2023-05-05 14:57:00,142.354315173,142.354315173,142.354315173,142.354315173
2023-05-05 14:58:00,142.354315173,142.354315173,142.354315173,142.354315173
2023-05-05 14:59:00,142.449389183,142.506433589,142.449389183,142.506433589
2023-05-05 15:00:00,142.449389183,142.506433589,142.449389183,142.506433589
2023-05-05 15:01:00,142.449389183,142.506433589,142.449389183,142.506433589
2023-05-05 15:02:00,142.316285569,142.316285569,142.316285569,142.316285569
2023-05-05 15:03:00,142.344807772,142.363822574,142.344807772,142.363822574
2023-05-05 15:04:00,142.344807772,142.363822574,142.344807772,142.363822574
2023-05-05 15:05:00,142.42086698,142.42086698,142.42086698,142.42086698
2023-05-05 15:06:00,142.42086698,142.42086698,142.42086698,142.42086698
2023-05-05 15:07:00,142.42086698,142.42086698,142.42086698,142.42086698
2023-05-05 15:08:00,142.42086698,142.42086698,142.42086698,142.42086698
2023-05-05 15:09:00,142.401852178,142.401852178,142.401852178,142.401852178
2023-05-05 15:10:00,142.401852178,142.401852178,142.401852178,142.401852178
2023-05-05 15:11:00,142.401852178,142.401852178,142.401852178,142.401852178
2023-05-05 15:12:00,142.401852178,142.401852178,142.401852178,142.401852178
2023-05-05 15:13:00,142.401852178,142.401852178,142.401852178,142.401852178
2023-05-05 15:14:00,142.401852178,142.401852178,142.401852178,142.401852178
2023-05-05 15:15:00,142.401852178,142.401852178,142.401852178,142.401852178
2023-05-05 15:16:00,142.401852178,142.401852178,142.401852178,142.401852178
2023-05-05 15:17:00,142.401852178,142.401852178,142.401852178,142.401852178
2023-05-05 15:18:00,142.401852178,142.401852178,142.401852178,142.401852178
2023-05-05 15:19:00,142.401852178,142.401852178,142.401852178,142.401852178
2023-05-05 15:20:00,142.401852178,142.401852178,142.401852178,142.401852178
2023-05-05 15:21:00,142.401852178,142.401852178,142.401852178,142.401852178
2023-05-05 15:22:00,142.401852178,142.401852178,142.401852178,142.401852178
2023-05-05 15:23:00,142.401852178,142.401852178,142.401852178,142.401852178
2023-05-05 15:24:00,142.401852178,142.401852178,142.401852178,142.401852178
2023-05-05 15:25:00,142.401852178,142.401852178,142.401852178,142.401852178
2023-05-05 15:26:00,142.401852178,142.401852178,142.401852178,142.401852178
2023-05-05 15:27:00,142.192689356,142.192689356,142.192689356,142.192689356
2023-05-05 15:28:00,142.192689356,142.192689356,142.192689356,142.192689356
2023-05-05 15:29:00,142.192689356,142.192689356,142.192689356,142.192689356
2023-05-05 15:30:00,142.145152351,142.145152351,142.145152351,142.145152351
2023-05-05 15:31:00,142.145152351,142.145152351,142.145152351,142.145152351
2023-05-05 15:32:00,142.145152351,142.145152351,142.145152351,142.145152351
2023-05-05 15:33:00,142.145152351,142.145152351,142.145152351,142.145152351
2023-05-05 15:34:00,142.145152351,142.145152351,142.145152351,142.145152351
2023-05-05 15:35:00,142.145152351,142.145152351,142.145152351,142.145152351
2023-05-05 15:36:00,142.145152351,142.145152351,142.145152351,142.145152351
2023-05-05 15:37:00,142.268748564,142.259241163,142.259241163,142.268748564
2023-05-05 15:38:00,142.268748564,142.259241163,142.259241163,142.268748564
2023-05-05 15:39:00,142.268748564,142.259241163,142.259241163,142.268748564
2023-05-05 15:40:00,142.268748564,142.259241163,142.259241163,142.268748564
2023-05-05 15:41:00,142.268748564,142.259241163,142.259241163,142.268748564
2023-05-05 15:42:00,142.116630148,142.116630148,142.116630148,142.116630148
2023-05-05 15:43:00,142.116630148,142.116630148,142.116630148,142.116630148
2023-05-05 15:44:00,142.116630148,142.116630148,142.116630148,142.116630148
2023-05-05 15:45:00,142.116630148,142.116630148,142.116630148,142.116630148
2023-05-05 15:46:00,142.116630148,142.116630148,142.116630148,142.116630148
2023-05-05 15:47:00,142.116630148,142.116630148,142.116630148,142.116630148
2023-05-05 15:48:00,142.116630148,142.116630148,142.116630148,142.116630148
2023-05-05 15:49:00,142.116630148,142.116630148,142.116630148,142.116630148
2023-05-05 15:50:00,142.116630148,142.116630148,142.116630148,142.116630148
2023-05-05 15:51:00,142.249733762,142.249733762,142.249733762,142.249733762
2023-05-05 15:52:00,142.249733762,142.249733762,142.249733762,142.249733762
2023-05-05 15:53:00,142.249733762,142.249733762,142.249733762,142.249733762
2023-05-05 15:54:00,142.249733762,142.249733762,142.249733762,142.249733762
2023-05-05 15:55:00,142.249733762,142.249733762,142.249733762,142.249733762
2023-05-05 15:56:00,142.249733762,142.249733762,142.249733762,142.249733762
2023-05-05 15:57:00,142.249733762,142.249733762,142.249733762,142.249733762
2023-05-05 15:58:00,142.249733762,142.249733762,142.249733762,142.249733762
2023-05-05 15:59:00,142.297270767,142.297270767,142.297270767,142.297270767
2023-05-05 16:00:00,142.392344777,142.297270767,142.297270767,142.392344777
2023-05-08 09:31:00,141.926482128,142.344807772,141.926482128,142.344807772
2023-05-08 09:32:00,141.926482128,142.344807772,141.926482128,142.344807772
2023-05-08 09:33:00,141.888452524,141.888452524,141.888452524,141.888452524
2023-05-08 09:34:00,141.9882802345,141.9882802345,141.9882802345,141.9882802345
2023-05-08 09:35:00,142.2449800615,142.240226361,142.240226361,142.2449800615
2023-05-08 09:36:00,142.382837376,142.382837376,142.382837376,142.392344777
2023-05-08 09:37:00,142.3970984775,142.392344777,142.392344777,142.3970984775
2023-05-08 09:38:00,142.3970984775,142.392344777,142.392344777,142.3970984775
2023-05-08 09:39:00,142.3970984775,142.392344777,142.392344777,142.3970984775
2023-05-08 09:40:00,142.3970984775,142.392344777,142.392344777,142.3970984775
2023-05-08 09:41:00,142.70770526817,142.753626015,142.70770526817,142.791655619
2023-05-08 09:42:00,142.70770526817,142.753626015,142.70770526817,142.791655619
2023-05-08 09:43:00,142.70770526817,142.753626015,142.70770526817,142.791655619
2023-05-08 09:44:00,142.9114488716,142.9114488716,142.9114488716,142.9114488716
2023-05-08 09:45:00,142.7773945175,142.7773945175,142.7773945175,142.7773945175
2023-05-08 09:46:00,142.7773945175,142.7773945175,142.7773945175,142.7773945175
2023-05-08 09:47:00,142.8724685275,142.8724685275,142.8724685275,142.8724685275
2023-05-08 09:48:00,142.8724685275,142.8724685275,142.8724685275,142.8724685275
2023-05-08 09:49:00,142.8724685275,142.8724685275,142.8724685275,142.8724685275
2023-05-08 09:50:00,142.8724685275,142.8724685275,142.8724685275,142.8724685275
2023-05-08 09:51:00,142.8724685275,142.8724685275,142.8724685275,142.8724685275
2023-05-08 09:52:00,142.5492168935,142.5492168935,142.5492168935,142.5492168935
2023-05-08 09:53:00,142.5492168935,142.5492168935,142.5492168935,142.5492168935
2023-05-08 09:54:00,142.620522401,142.620522401,142.620522401,142.620522401
2023-05-08 09:55:00,142.6728131065,142.6728131065,142.6728131065,142.6728131065
2023-05-08 09:56:00,142.6728131065,142.6728131065,142.6728131065,142.6728131065
2023-05-08 09:57:00,142.6728131065,142.6728131065,142.6728131065,142.6728131065
2023-05-08 09:58:00,142.6728131065,142.6728131065,142.6728131065,142.6728131065
2023-05-08 09:59:00,143.1196609535,143.1196609535,143.1196609535,143.1196609535
2023-05-08 10:00:00,143.05795792101,143.05795792101,143.05795792101,143.05795792101
2023-05-08 10:01:00,143.2337497655,143.2337497655,143.2337497655,143.2337497655
2023-05-08 10:02:00,143.000818441,143.000818441,143.000818441,143.000818441
2023-05-08 10:03:00,143.000818441,143.000818441,143.000818441,143.000818441
2023-05-08 10:04:00,143.000818441,143.000818441,143.000818441,143.000818441
2023-05-08 10:05:00,143.105399852,143.067370248,143.067370248,143.114907253
2023-05-08 10:06:00,143.105399852,143.067370248,143.067370248,143.114907253
2023-05-08 10:07:00,143.105399852,143.067370248,143.067370248,143.114907253
2023-05-08 10:08:00,143.105399852,143.067370248,143.067370248,143.114907253
2023-05-08 10:09:00,143.105399852,143.067370248,143.067370248,143.114907253
2023-05-08 10:10:00,143.105399852,143.067370248,143.067370248,143.114907253
2023-05-08 10:11:00,143.105399852,143.067370248,143.067370248,143.114907253
2023-05-08 10:12:00,143.105399852,143.067370248,143.067370248,143.114907253
2023-05-08 10:13:00,143.105399852,143.067370248,143.067370248,143.114907253
2023-05-08 10:14:00,142.468403985,142.468403985,142.468403985,142.468403985
2023-05-08 10:15:00,142.468403985,142.468403985,142.468403985,142.468403985
2023-05-08 10:16:00,142.468403985,142.468403985,142.468403985,142.468403985
2023-05-08 10:17:00,142.468403985,142.468403985,142.468403985,142.468403985
2023-05-08 10:18:00,142.468403985,142.468403985,142.468403985,142.468403985
2023-05-08 10:19:00,142.468403985,142.468403985,142.468403985,142.468403985
2023-05-08 10:20:00,142.240226361,142.240226361,142.240226361,142.240226361
2023-05-08 10:21:00,142.268748564,142.268748564,142.268748564,142.268748564
2023-05-08 10:22:00,142.268748564,142.268748564,142.268748564,142.268748564
2023-05-08 10:23:00,142.268748564,142.268748564,142.268748564,142.268748564
2023-05-08 10:24:00,142.268748564,142.268748564,142.268748564,142.268748564
2023-05-08 10:25:00,142.1118764475,142.1118764475,142.1118764475,142.1118764475
2023-05-08 10:26:00,142.012048737,142.012048737,142.012048737,142.012048737
2023-05-08 10:27:00,142.012048737,142.012048737,142.012048737,142.012048737
2023-05-08 10:28:00,142.012048737,142.012048737,142.012048737,142.012048737
2023-05-08 10:29:00,142.012048737,142.012048737,142.012048737,142.012048737
2023-05-08 10:30:00,142.05017341501,142.05017341501,142.05017341501,142.05017341501
2023-05-08 10:31:00,142.05017341501,142.05017341501,142.05017341501,142.05017341501
2023-05-08 10:32:00,142.05017341501,142.05017341501,142.05017341501,142.05017341501
2023-05-08 10:33:00,142.05017341501,142.05017341501,142.05017341501,142.05017341501
2023-05-08 10:34:00,142.05017341501,142.05017341501,142.05017341501,142.05017341501
2023-05-08 10:35:00,142.04057094,142.04057094,142.04057094,142.04057094
2023-05-08 10:36:00,142.1432508708,142.1432508708,142.1432508708,142.1432508708
2023-05-08 10:37:00,142.1432508708,142.1432508708,142.1432508708,142.1432508708
2023-05-08 10:38:00,142.1432508708,142.1432508708,142.1432508708,142.1432508708
2023-05-08 10:39:00,142.1432508708,142.1432508708,142.1432508708,142.1432508708
2023-05-08 10:40:00,142.1432508708,142.1432508708,142.1432508708,142.1432508708
2023-05-08 10:41:00,142.1432508708,142.1432508708,142.1432508708,142.1432508708
2023-05-08 10:42:00,142.1432508708,142.1432508708,142.1432508708,142.1432508708
2023-05-08 10:43:00,142.0453246405,142.0453246405,142.0453246405,142.0453246405
2023-05-08 10:44:00,142.0453246405,142.0453246405,142.0453246405,142.0453246405
2023-05-08 10:45:00,142.0453246405,142.0453246405,142.0453246405,142.0453246405
2023-05-08 10:46:00,142.0453246405,142.0453246405,142.0453246405,142.0453246405
2023-05-08 10:47:00,142.0453246405,142.0453246405,142.0453246405,142.0453246405
2023-05-08 10:48:00,141.907467326,141.907467326,141.907467326,141.907467326
2023-05-08 10:49:00,141.764856311,141.764856311,141.764856311,141.764856311
2023-05-08 10:50:00,141.764856311,141.764856311,141.764856311,141.764856311
2023-05-08 10:51:00,141.88160719528,141.88160719528,141.88160719528,141.88160719528
2023-05-08 10:52:00,141.955004331,141.94549693,141.94549693,141.955004331
2023-05-08 10:53:00,142.00957681274,142.012048737,142.00957681274,142.012048737
2023-05-08 10:54:00,142.00957681274,142.012048737,142.00957681274,142.012048737
2023-05-08 10:55:00,142.13564495,142.13564495,142.13564495,142.13564495
2023-05-08 10:56:00,142.13564495,142.13564495,142.13564495,142.13564495
2023-05-08 10:57:00,142.13564495,142.13564495,142.13564495,142.13564495
2023-05-08 10:58:00,142.08363946653,142.08363946653,142.08363946653,142.08363946653
2023-05-08 10:59:00,142.08363946653,142.08363946653,142.08363946653,142.08363946653
2023-05-08 11:00:00,142.08363946653,142.08363946653,142.08363946653,142.08363946653
2023-05-08 11:01:00,142.08363946653,142.08363946653,142.08363946653,142.08363946653
2023-05-08 11:02:00,142.08363946653,142.08363946653,142.08363946653,142.08363946653
2023-05-08 11:03:00,142.08363946653,142.08363946653,142.08363946653,142.08363946653
2023-05-08 11:04:00,142.08363946653,142.08363946653,142.08363946653,142.08363946653
2023-05-08 11:05:00,142.08363946653,142.08363946653,142.08363946653,142.08363946653
2023-05-08 11:06:00,142.08363946653,142.08363946653,142.08363946653,142.08363946653
2023-05-08 11:07:00,142.08363946653,142.08363946653,142.08363946653,142.08363946653
2023-05-08 11:08:00,142.08363946653,142.08363946653,142.08363946653,142.08363946653
2023-05-08 11:09:00,142.08363946653,142.08363946653,142.08363946653,142.08363946653
2023-05-08 11:10:00,142.078600544,142.078600544,142.078600544,142.078600544
2023-05-08 11:11:00,142.078600544,142.078600544,142.078600544,142.078600544
2023-05-08 11:12:00,142.078600544,142.078600544,142.078600544,142.078600544
2023-05-08 11:13:00,142.078600544,142.078600544,142.078600544,142.078600544
2023-05-08 11:14:00,142.078600544,142.078600544,142.078600544,142.078600544
2023-05-08 11:15:00,142.078600544,142.078600544,142.078600544,142.078600544
2023-05-08 11:16:00,142.078600544,142.078600544,142.078600544,142.078600544
2023-05-08 11:17:00,141.916974727,141.9236299077,141.916974727,141.9236299077
2023-05-08 11:18:00,141.8741914225,141.8741914225,141.8741914225,141.8741914225
2023-05-08 11:19:00,141.8741914225,141.8741914225,141.8741914225,141.8741914225
2023-05-08 11:20:00,141.8741914225,141.8741914225,141.8741914225,141.8741914225
2023-05-08 11:21:00,141.8741914225,141.8741914225,141.8741914225,141.8741914225
2023-05-08 11:22:00,141.8741914225,141.8741914225,141.8741914225,141.8741914225
2023-05-08 11:23:00,141.935989529,141.955004331,141.935989529,141.955004331
2023-05-08 11:24:00,141.935989529,141.955004331,141.935989529,141.955004331
2023-05-08 11:25:00,141.983526534,141.983526534,141.983526534,141.983526534
2023-05-08 11:26:00,141.983526534,141.983526534,141.983526534,141.983526534
2023-05-08 11:27:00,141.983526534,141.983526534,141.983526534,141.983526534
2023-05-08 11:28:00,141.983526534,141.983526534,141.983526534,141.983526534
2023-05-08 11:29:00,141.983526534,141.983526534,141.983526534,141.983526534
2023-05-08 11:30:00,141.993033935,141.993033935,141.993033935,141.993033935
2023-05-08 11:31:00,141.993033935,141.993033935,141.993033935,141.993033935
2023-05-08 11:32:00,141.993033935,141.993033935,141.993033935,141.993033935
2023-05-08 11:33:00,141.888452524,141.89491755668,141.888452524,141.89491755668
2023-05-08 11:34:00,141.888452524,141.89491755668,141.888452524,141.89491755668
2023-05-08 11:35:00,141.888452524,141.89491755668,141.888452524,141.89491755668
2023-05-08 11:36:00,141.888452524,141.89491755668,141.888452524,141.89491755668
2023-05-08 11:37:00,141.888452524,141.89491755668,141.888452524,141.89491755668
2023-05-08 11:38:00,141.888452524,141.89491755668,141.888452524,141.89491755668
2023-05-08 11:39:00,141.888452524,141.89491755668,141.888452524,141.89491755668
2023-05-08 11:40:00,141.888452524,141.89491755668,141.888452524,141.89491755668
2023-05-08 11:41:00,141.888452524,141.89491755668,141.888452524,141.89491755668
2023-05-08 11:42:00,141.993033935,142.002541336,141.993033935,142.002541336
2023-05-08 11:43:00,141.93589445499,141.93589445499,141.93589445499,141.93589445499
2023-05-08 11:44:00,141.93589445499,141.93589445499,141.93589445499,141.93589445499
2023-05-08 11:45:00,141.93589445499,141.93589445499,141.93589445499,141.93589445499
2023-05-08 11:46:00,141.9588072914,141.9588072914,141.9588072914,141.9588072914
2023-05-08 11:47:00,141.983526534,141.983526534,141.983526534,141.983526534
2023-05-08 11:48:00,141.97411420701,141.97411420701,141.97411420701,141.97411420701
2023-05-08 11:49:00,141.97411420701,141.97411420701,141.97411420701,141.97411420701
2023-05-08 11:50:00,141.97411420701,141.97411420701,141.97411420701,141.97411420701
2023-05-08 11:51:00,141.92828853419,141.9407432295,141.92828853419,141.9597580315
2023-05-08 11:52:00,141.92828853419,141.9407432295,141.92828853419,141.9597580315
2023-05-08 11:53:00,141.92828853419,141.9407432295,141.92828853419,141.9597580315
2023-05-08 11:54:00,141.9122210265,141.90803777006,141.90803777006,141.9122210265
2023-05-08 11:55:00,141.85051799401,141.85051799401,141.85051799401,141.85051799401
2023-05-08 11:56:00,141.955004331,141.955004331,141.955004331,141.955004331
2023-05-08 11:57:00,141.955004331,141.955004331,141.955004331,141.955004331
2023-05-08 11:58:00,141.955004331,141.955004331,141.955004331,141.955004331
2023-05-08 11:59:00,141.955004331,141.955004331,141.955004331,141.955004331
2023-05-08 12:00:00,141.7886248135,141.774363712,141.774363712,141.7886248135
2023-05-08 12:01:00,141.7886248135,141.774363712,141.774363712,141.7886248135
2023-05-08 12:02:00,141.7886248135,141.774363712,141.774363712,141.7886248135
2023-05-08 12:03:00,141.7886248135,141.774363712,141.774363712,141.7886248135
2023-05-08 12:04:00,141.812393316,141.812393316,141.812393316,141.812393316
2023-05-08 12:05:00,141.812393316,141.812393316,141.812393316,141.812393316
2023-05-08 12:06:00,141.812393316,141.812393316,141.812393316,141.812393316
2023-05-08 12:07:00,141.774363712,141.774363712,141.774363712,141.774363712
2023-05-08 12:08:00,141.774363712,141.774363712,141.774363712,141.774363712
2023-05-08 12:09:00,141.774363712,141.774363712,141.774363712,141.774363712
2023-05-08 12:10:00,141.669782301,141.669782301,141.669782301,141.669782301
2023-05-08 12:11:00,141.669782301,141.669782301,141.669782301,141.669782301
2023-05-08 12:12:00,141.669782301,141.669782301,141.669782301,141.669782301
2023-05-08 12:13:00,141.650767499,141.650767499,141.650767499,141.650767499
2023-05-08 12:14:00,141.650767499,141.650767499,141.650767499,141.650767499
2023-05-08 12:15:00,141.650767499,141.650767499,141.650767499,141.650767499
2023-05-08 12:16:00,141.650767499,141.650767499,141.650767499,141.650767499
2023-05-08 12:17:00,141.650767499,141.650767499,141.650767499,141.650767499
2023-05-08 12:18:00,141.650767499,141.650767499,141.650767499,141.650767499
2023-05-08 12:19:00,141.650767499,141.650767499,141.650767499,141.650767499
2023-05-08 12:20:00,141.650767499,141.650767499,141.650767499,141.650767499
2023-05-08 12:21:00,141.650767499,141.650767499,141.650767499,141.650767499
2023-05-08 12:22:00,141.650767499,141.650767499,141.650767499,141.650767499
2023-05-08 12:23:00,141.650767499,141.650767499,141.650767499,141.650767499
2023-05-08 12:24:00,141.650767499,141.650767499,141.650767499,141.650767499
2023-05-08 12:25:00,141.650767499,141.650767499,141.650767499,141.650767499
2023-05-08 12:26:00,141.907467326,141.907467326,141.907467326,141.907467326
2023-05-08 12:27:00,141.907467326,141.907467326,141.907467326,141.907467326
2023-05-08 12:28:00,141.907467326,141.907467326,141.907467326,141.907467326
2023-05-08 12:29:00,141.907467326,141.907467326,141.907467326,141.907467326
2023-05-08 12:30:00,141.907467326,141.907467326,141.907467326,141.907467326
2023-05-08 12:31:00,141.907467326,141.907467326,141.907467326,141.907467326
2023-05-08 12:32:00,141.926482128,141.926482128,141.926482128,141.926482128
2023-05-08 12:33:00,141.94549693,141.87904019701,141.87904019701,141.94549693
2023-05-08 12:34:00,141.878945123,141.878945123,141.878945123,141.878945123
2023-05-08 12:35:00,141.878945123,141.878945123,141.878945123,141.878945123
2023-05-08 12:36:00,141.878945123,141.878945123,141.878945123,141.878945123
2023-05-08 12:37:00,141.878945123,141.878945123,141.878945123,141.878945123
2023-05-08 12:38:00,141.878945123,141.878945123,141.878945123,141.878945123
2023-05-08 12:39:00,141.878945123,141.878945123,141.878945123,141.878945123
2023-05-08 12:40:00,141.878945123,141.878945123,141.878945123,141.878945123
2023-05-08 12:41:00,141.878945123,141.878945123,141.878945123,141.878945123
2023-05-08 12:42:00,141.878945123,141.878945123,141.878945123,141.878945123
2023-05-08 12:43:00,141.764856311,141.764856311,141.764856311,141.764856311
2023-05-08 12:44:00,141.764856311,141.764856311,141.764856311,141.764856311
2023-05-08 12:45:00,141.764856311,141.764856311,141.764856311,141.764856311
2023-05-08 12:46:00,141.764856311,141.764856311,141.764856311,141.764856311
2023-05-08 12:47:00,141.707811905,141.707811905,141.707811905,141.707811905
2023-05-08 12:48:00,141.707811905,141.707811905,141.707811905,141.707811905
2023-05-08 12:49:00,141.7734129719,141.7734129719,141.7734129719,141.7734129719
2023-05-08 12:50:00,141.7734129719,141.7734129719,141.7734129719,141.7734129719
2023-05-08 12:51:00,141.821900717,141.821900717,141.821900717,141.821900717
2023-05-08 12:52:00,141.821900717,141.821900717,141.821900717,141.821900717
2023-05-08 12:53:00,141.8665855017,141.8665855017,141.8665855017,141.8665855017
2023-05-08 12:54:00,141.8665855017,141.8665855017,141.8665855017,141.8665855017
2023-05-08 12:55:00,141.8665855017,141.8665855017,141.8665855017,141.8665855017
2023-05-08 12:56:00,141.8665855017,141.8665855017,141.8665855017,141.8665855017
2023-05-08 12:57:00,141.8665855017,141.8665855017,141.8665855017,141.8665855017
2023-05-08 12:58:00,141.8665855017,141.8665855017,141.8665855017,141.8665855017
2023-05-08 12:59:00,141.8665855017,141.8665855017,141.8665855017,141.8665855017
2023-05-08 13:00:00,141.8665855017,141.8665855017,141.8665855017,141.8665855017
2023-05-08 13:01:00,141.8076396155,141.8076396155,141.8076396155,141.8076396155
2023-05-08 13:02:00,141.8076396155,141.8076396155,141.8076396155,141.8076396155
2023-05-08 13:03:00,141.8076396155,141.8076396155,141.8076396155,141.8076396155
2023-05-08 13:04:00,141.8076396155,141.8076396155,141.8076396155,141.8076396155
2023-05-08 13:05:00,141.8076396155,141.8076396155,141.8076396155,141.8076396155
2023-05-08 13:06:00,141.8076396155,141.8076396155,141.8076396155,141.8076396155
2023-05-08 13:07:00,141.907467326,141.888452524,141.888452524,141.907467326
2023-05-08 13:08:00,141.907467326,141.888452524,141.888452524,141.907467326
2023-05-08 13:09:00,141.907467326,141.888452524,141.888452524,141.907467326
2023-05-08 13:10:00,141.907467326,141.888452524,141.888452524,141.907467326
2023-05-08 13:11:00,141.840915519,141.840915519,141.840915519,141.840915519
2023-05-08 13:12:00,141.840915519,141.840915519,141.840915519,141.840915519
2023-05-08 13:13:00,141.840915519,141.840915519,141.840915519,141.840915519
2023-05-08 13:14:00,141.840915519,141.840915519,141.840915519,141.840915519
2023-05-08 13:15:00,141.840915519,141.840915519,141.840915519,141.840915519
2023-05-08 13:16:00,141.840915519,141.840915519,141.840915519,141.840915519
2023-05-08 13:17:00,141.840915519,141.840915519,141.840915519,141.840915519
2023-05-08 13:18:00,141.840915519,141.840915519,141.840915519,141.840915519
2023-05-08 13:19:00,141.840915519,141.840915519,141.840915519,141.840915519
2023-05-08 13:20:00,141.840915519,141.840915519,141.840915519,141.840915519
2023-05-08 13:21:00,141.9435954498,141.9435954498,141.9435954498,141.9435954498
2023-05-08 13:22:00,141.9435954498,141.9435954498,141.9435954498,141.9435954498
2023-05-08 13:23:00,141.9435954498,141.9435954498,141.9435954498,141.9435954498
2023-05-08 13:24:00,141.935989529,141.94549693,141.935989529,141.94549693
2023-05-08 13:25:00,141.935989529,141.94549693,141.935989529,141.94549693
2023-05-08 13:26:00,141.935989529,141.94549693,141.935989529,141.94549693
2023-05-08 13:27:00,141.9502506305,141.9502506305,141.9502506305,141.9502506305
2023-05-08 13:28:00,141.9502506305,141.9502506305,141.9502506305,141.9502506305
2023-05-08 13:29:00,141.9502506305,141.9502506305,141.9502506305,141.9502506305
2023-05-08 13:30:00,141.9502506305,141.9502506305,141.9502506305,141.9502506305
2023-05-08 13:31:00,141.9502506305,141.9502506305,141.9502506305,141.9502506305
2023-05-08 13:32:00,141.9502506305,141.9502506305,141.9502506305,141.9502506305
2023-05-08 13:33:00,141.9502506305,141.9502506305,141.9502506305,141.9502506305
2023-05-08 13:34:00,141.9502506305,141.9502506305,141.9502506305,141.9502506305
2023-05-08 13:35:00,141.94549693,141.94549693,141.94549693,141.94549693
2023-05-08 13:36:00,141.94549693,141.94549693,141.94549693,141.94549693
2023-05-08 13:37:00,141.91393235868,141.91393235868,141.91393235868,141.91393235868
2023-05-08 13:38:00,141.91393235868,141.91393235868,141.91393235868,141.91393235868
2023-05-08 13:39:00,141.91393235868,141.91393235868,141.91393235868,141.91393235868
2023-05-08 13:40:00,141.9749698731,141.9749698731,141.9749698731,141.9749698731
2023-05-08 13:41:00,141.9749698731,141.9749698731,141.9749698731,141.9749698731
2023-05-08 13:42:00,142.069093143,142.069093143,142.069093143,142.069093143
2023-05-08 13:43:00,142.069093143,142.069093143,142.069093143,142.069093143
2023-05-08 13:44:00,142.04047586599,142.04047586599,142.04047586599,142.04047586599
2023-05-08 13:45:00,142.04047586599,142.04047586599,142.04047586599,142.04047586599
2023-05-08 13:46:00,142.04047586599,142.04047586599,142.04047586599,142.04047586599
2023-05-08 13:47:00,142.04047586599,142.04047586599,142.04047586599,142.04047586599
2023-05-08 13:48:00,142.059585742,142.059585742,142.059585742,142.059585742
2023-05-08 13:49:00,142.059585742,142.059585742,142.059585742,142.059585742
2023-05-08 13:50:00,142.059585742,142.059585742,142.059585742,142.059585742
2023-05-08 13:51:00,142.059585742,142.059585742,142.059585742,142.059585742
2023-05-08 13:52:00,141.974019133,141.974019133,141.974019133,141.974019133
2023-05-08 13:53:00,141.974019133,141.974019133,141.974019133,141.974019133
2023-05-08 13:54:00,141.974019133,141.974019133,141.974019133,141.974019133
2023-05-08 13:55:00,141.974019133,141.974019133,141.974019133,141.974019133
2023-05-08 13:56:00,141.974019133,141.974019133,141.974019133,141.974019133
2023-05-08 13:57:00,141.97164228275,141.97164228275,141.97164228275,141.97164228275
2023-05-08 13:58:00,141.97164228275,141.97164228275,141.97164228275,141.97164228275
2023-05-08 13:59:00,141.97164228275,141.97164228275,141.97164228275,141.97164228275
2023-05-08 14:00:00,141.97164228275,141.97164228275,141.97164228275,141.97164228275
2023-05-08 14:01:00,141.97164228275,141.97164228275,141.97164228275,141.97164228275
2023-05-08 14:02:00,142.0168024375,142.0168024375,142.0168024375,142.0168024375
2023-05-08 14:03:00,142.0168024375,142.0168024375,142.0168024375,142.0168024375
2023-05-08 14:04:00,142.0168024375,142.0168024375,142.0168024375,142.0168024375
2023-05-08 14:05:00,142.0168024375,142.0168024375,142.0168024375,142.0168024375
2023-05-08 14:06:00,142.0168024375,142.0168024375,142.0168024375,142.0168024375
2023-05-08 14:07:00,142.0168024375,142.0168024375,142.0168024375,142.0168024375
2023-05-08 14:08:00,141.964511732,142.012048737,141.964511732,142.012048737
2023-05-08 14:09:00,141.812393316,141.812393316,141.812393316,141.812393316
2023-05-08 14:10:00,141.812393316,141.812393316,141.812393316,141.812393316
2023-05-08 14:11:00,141.8741914225,141.8741914225,141.8741914225,141.8741914225
2023-05-08 14:12:00,141.8741914225,141.8741914225,141.8741914225,141.8741914225
2023-05-08 14:13:00,141.897959925,141.897959925,141.897959925,141.897959925
2023-05-08 14:14:00,141.897959925,141.897959925,141.897959925,141.897959925
2023-05-08 14:15:00,141.974019133,141.974019133,141.974019133,141.974019133
2023-05-08 14:16:00,142.39091866685,142.39091866685,142.39091866685,142.39091866685
2023-05-08 14:17:00,142.39091866685,142.39091866685,142.39091866685,142.39091866685
2023-05-08 14:18:00,141.9217284275,141.9217284275,141.9217284275,141.9217284275
2023-05-08 14:19:00,141.9217284275,141.9217284275,141.9217284275,141.9217284275
2023-05-08 14:20:00,141.9217284275,141.9217284275,141.9217284275,141.9217284275
2023-05-08 14:21:00,141.9217284275,141.9217284275,141.9217284275,141.9217284275
2023-05-08 14:22:00,141.9217284275,141.9217284275,141.9217284275,141.9217284275
2023-05-08 14:23:00,141.9217284275,141.9217284275,141.9217284275,141.9217284275
2023-05-08 14:24:00,141.9217284275,141.9217284275,141.9217284275,141.9217284275
2023-05-08 14:25:00,141.9217284275,141.9217284275,141.9217284275,141.9217284275
2023-05-08 14:26:00,141.9217284275,141.9217284275,141.9217284275,141.9217284275
2023-05-08 14:27:00,141.9217284275,141.9217284275,141.9217284275,141.9217284275
2023-05-08 14:28:00,141.9217284275,141.9217284275,141.9217284275,141.9217284275
2023-05-08 14:29:00,141.9217284275,141.9217284275,141.9217284275,141.9217284275
2023-05-08 14:30:00,141.9217284275,141.9217284275,141.9217284275,141.9217284275
2023-05-08 14:31:00,141.9217284275,141.9217284275,141.9217284275,141.9217284275
2023-05-08 14:32:00,141.9217284275,141.9217284275,141.9217284275,141.9217284275
2023-05-08 14:33:00,142.1689208535,142.1689208535,142.1689208535,142.1689208535
2023-05-08 14:34:00,142.1689208535,142.1689208535,142.1689208535,142.1689208535
2023-05-08 14:35:00,142.1689208535,142.1689208535,142.1689208535,142.1689208535
2023-05-08 14:36:00,142.1689208535,142.1689208535,142.1689208535,142.1689208535
2023-05-08 14:37:00,142.1689208535,142.1689208535,142.1689208535,142.1689208535
2023-05-08 14:38:00,142.1689208535,142.1689208535,142.1689208535,142.1689208535
2023-05-08 14:39:00,142.1689208535,142.1689208535,142.1689208535,142.1689208535
2023-05-08 14:40:00,142.1689208535,142.1689208535,142.1689208535,142.1689208535
2023-05-08 14:41:00,142.1689208535,142.1689208535,142.1689208535,142.1689208535
2023-05-08 14:42:00,142.1689208535,142.1689208535,142.1689208535,142.1689208535
2023-05-08 14:43:00,142.1689208535,142.1689208535,142.1689208535,142.1689208535
2023-05-08 14:44:00,142.1689208535,142.1689208535,142.1689208535,142.1689208535
2023-05-08 14:45:00,142.1689208535,142.1689208535,142.1689208535,142.1689208535
2023-05-08 14:46:00,141.916974727,141.926482128,141.916974727,141.926482128
2023-05-08 14:47:00,141.98989649267,141.9977876355,141.974019133,141.9977876355
2023-05-08 14:48:00,141.98989649267,141.9977876355,141.974019133,141.9977876355
2023-05-08 14:49:00,142.04057094,142.04057094,142.04057094,142.04057094
2023-05-08 14:50:00,142.04057094,142.04057094,142.04057094,142.04057094
2023-05-08 14:51:00,142.04057094,142.04057094,142.04057094,142.04057094
2023-05-08 14:52:00,142.059585742,142.059585742,142.059585742,142.059585742
2023-05-08 14:53:00,142.0738468435,142.0738468435,142.0738468435,142.0738468435
2023-05-08 14:54:00,142.012048737,142.012048737,142.012048737,142.012048737
2023-05-08 14:55:00,142.012048737,142.012048737,142.012048737,142.012048737
2023-05-08 14:56:00,142.012048737,142.012048737,142.012048737,142.012048737
2023-05-08 14:57:00,142.012048737,142.012048737,142.012048737,142.012048737
2023-05-08 14:58:00,142.0709946232,142.0709946232,142.0709946232,142.0709946232
2023-05-08 14:59:00,142.0709946232,142.0709946232,142.0709946232,142.0709946232
2023-05-08 15:00:00,142.0709946232,142.0709946232,142.0709946232,142.0709946232
2023-05-08 15:01:00,142.0709946232,142.0709946232,142.0709946232,142.0709946232
2023-05-08 15:02:00,142.069093143,142.069093143,142.059585742,142.069093143
2023-05-08 15:03:00,142.069093143,142.069093143,142.059585742,142.069093143
2023-05-08 15:04:00,142.069093143,142.069093143,142.059585742,142.069093143
2023-05-08 15:05:00,142.059585742,142.059585742,142.059585742,142.059585742
2023-05-08 15:06:00,142.088107945,142.088107945,142.088107945,142.088107945
2023-05-08 15:07:00,142.088107945,142.088107945,142.088107945,142.088107945
2023-05-08 15:08:00,142.088107945,142.088107945,142.088107945,142.088107945
2023-05-08 15:09:00,142.088107945,142.088107945,142.088107945,142.088107945
2023-05-08 15:10:00,142.088107945,142.088107945,142.088107945,142.088107945
2023-05-08 15:11:00,142.088107945,142.088107945,142.088107945,142.088107945
2023-05-08 15:12:00,142.088107945,142.088107945,142.088107945,142.088107945
2023-05-08 15:13:00,142.088107945,142.088107945,142.088107945,142.088107945
2023-05-08 15:14:00,141.916974727,141.98362160801,141.916974727,141.98362160801
2023-05-08 15:15:00,141.955004331,141.974019133,141.955004331,141.974019133
2023-05-08 15:16:00,141.955004331,141.974019133,141.955004331,141.974019133
2023-05-08 15:17:00,141.935989529,141.964511732,141.935989529,141.964511732
2023-05-08 15:18:00,141.935989529,141.964511732,141.935989529,141.964511732
2023-05-08 15:19:00,141.935989529,141.964511732,141.935989529,141.964511732
2023-05-08 15:20:00,141.935989529,141.964511732,141.935989529,141.964511732
2023-05-08 15:21:00,141.935989529,141.964511732,141.935989529,141.964511732
2023-05-08 15:22:00,141.935989529,141.964511732,141.935989529,141.964511732
2023-05-08 15:23:00,141.935989529,141.964511732,141.935989529,141.964511732
2023-05-08 15:24:00,141.935989529,141.964511732,141.935989529,141.964511732
2023-05-08 15:25:00,141.935989529,141.964511732,141.935989529,141.964511732
2023-05-08 15:26:00,142.050078341,142.050078341,142.050078341,142.050078341
2023-05-08 15:27:00,142.002541336,142.002541336,142.002541336,142.002541336
2023-05-08 15:28:00,142.002541336,142.002541336,142.002541336,142.002541336
2023-05-08 15:29:00,142.002541336,142.002541336,142.002541336,142.002541336
2023-05-08 15:30:00,142.002541336,142.002541336,142.002541336,142.002541336
2023-05-08 15:31:00,142.002541336,142.002541336,142.002541336,142.002541336
2023-05-08 15:32:00,142.002541336,142.002541336,142.002541336,142.002541336
2023-05-08 15:33:00,142.002541336,142.002541336,142.002541336,142.002541336
2023-05-08 15:34:00,142.002541336,142.002541336,142.002541336,142.002541336
2023-05-08 15:35:00,142.021556138,142.031063539,142.021556138,142.031063539
2023-05-08 15:36:00,142.002541336,142.021556138,142.002541336,142.021556138
2023-05-08 15:37:00,142.002541336,142.021556138,142.002541336,142.021556138
2023-05-08 15:38:00,142.002541336,142.021556138,142.002541336,142.021556138
2023-05-08 15:39:00,142.002541336,142.021556138,142.002541336,142.021556138
2023-05-08 15:40:00,142.04057094,142.04057094,142.04057094,142.04057094
2023-05-08 15:41:00,142.04057094,142.04057094,142.04057094,142.04057094
2023-05-08 15:42:00,142.04057094,142.04057094,142.04057094,142.04057094
2023-05-08 15:43:00,142.078600544,142.078600544,142.078600544,142.078600544
2023-05-08 15:44:00,142.145152351,142.145152351,142.145152351,142.145152351
2023-05-08 15:45:00,142.145152351,142.145152351,142.145152351,142.145152351
2023-05-08 15:46:00,142.145152351,142.145152351,142.145152351,142.145152351
2023-05-08 15:47:00,142.145152351,142.145152351,142.145152351,142.145152351
2023-05-08 15:48:00,142.145152351,142.145152351,142.145152351,142.145152351
2023-05-08 15:49:00,142.145152351,142.145152351,142.145152351,142.145152351
2023-05-08 15:50:00,142.145152351,142.145152351,142.145152351,142.145152351
2023-05-08 15:51:00,142.145152351,142.145152351,142.145152351,142.145152351
2023-05-08 15:52:00,142.145152351,142.145152351,142.145152351,142.145152351
2023-05-08 15:53:00,142.145152351,142.145152351,142.145152351,142.145152351
2023-05-08 15:54:00,142.145152351,142.145152351,142.145152351,142.145152351
2023-05-08 15:55:00,142.145152351,142.145152351,142.145152351,142.145152351
2023-05-08 15:56:00,142.145152351,142.145152351,142.145152351,142.145152351
2023-05-08 15:57:00,142.145152351,142.145152351,142.145152351,142.145152351
2023-05-08 15:58:00,142.021556138,142.021556138,142.021556138,142.021556138
2023-05-08 15:59:00,142.021556138,142.021556138,142.021556138,142.021556138
2023-05-08 16:00:00,142.031063539,142.031063539,142.031063539,142.031063539
2023-05-09 09:31:00,141.574708291,141.574708291,141.574708291,141.574708291
2023-05-09 09:32:00,141.574708291,141.574708291,141.574708291,141.574708291
2023-05-09 09:33:00,141.574708291,141.574708291,141.574708291,141.574708291
2023-05-09 09:34:00,141.498649083,141.498649083,141.498649083,141.498649083
2023-05-09 09:35:00,141.498649083,141.498649083,141.498649083,141.498649083
2023-05-09 09:36:00,141.75534891,141.869437722,141.75534891,141.878945123
2023-05-09 09:37:00,141.736334108,141.736334108,141.736334108,141.736334108
2023-05-09 09:38:00,141.6602749,141.6602749,141.6602749,141.6602749
2023-05-09 09:39:00,141.6602749,141.6602749,141.6602749,141.6602749
2023-05-09 09:40:00,141.6602749,141.6602749,141.6602749,141.6602749
2023-05-09 09:41:00,141.308501063,141.308501063,141.308501063,141.308501063
2023-05-09 09:42:00,141.308501063,141.308501063,141.308501063,141.308501063
2023-05-09 09:43:00,141.394067672,141.394067672,141.394067672,141.394067672
2023-05-09 09:44:00,141.33531193382,141.33531193382,141.33531193382,141.33531193382
2023-05-09 09:45:00,141.33531193382,141.33531193382,141.33531193382,141.33531193382
2023-05-09 09:46:00,141.33531193382,141.33531193382,141.33531193382,141.33531193382
2023-05-09 09:47:00,141.33531193382,141.33531193382,141.33531193382,141.33531193382
2023-05-09 09:48:00,141.33531193382,141.33531193382,141.33531193382,141.33531193382
2023-05-09 09:49:00,141.33531193382,141.33531193382,141.33531193382,141.33531193382
2023-05-09 09:50:00,141.3512843675,141.3512843675,141.3512843675,141.3512843675
2023-05-09 09:51:00,141.3512843675,141.3512843675,141.3512843675,141.3512843675
2023-05-09 09:52:00,141.3512843675,141.3512843675,141.3512843675,141.3512843675
2023-05-09 09:53:00,141.3512843675,141.3512843675,141.3512843675,141.3512843675
2023-05-09 09:54:00,141.517663885,141.517663885,141.517663885,141.517663885
2023-05-09 09:55:00,141.517663885,141.517663885,141.517663885,141.517663885
2023-05-09 09:56:00,141.517663885,141.517663885,141.517663885,141.517663885
2023-05-09 09:57:00,141.517663885,141.517663885,141.517663885,141.517663885
2023-05-09 09:58:00,141.517663885,141.517663885,141.517663885,141.517663885
2023-05-09 09:59:00,141.18490485,141.156382647,141.156382647,141.18490485
2023-05-09 10:00:00,141.18490485,141.156382647,141.156382647,141.18490485
2023-05-09 10:01:00,141.18490485,141.156382647,141.156382647,141.18490485
2023-05-09 10:02:00,141.18490485,141.156382647,141.156382647,141.18490485
2023-05-09 10:03:00,141.18490485,141.156382647,141.156382647,141.18490485
2023-05-09 10:04:00,141.18490485,141.156382647,141.156382647,141.18490485
2023-05-09 10:05:00,141.18490485,141.156382647,141.156382647,141.18490485
2023-05-09 10:06:00,141.18490485,141.156382647,141.156382647,141.18490485
2023-05-09 10:07:00,141.108845642,141.108845642,141.108845642,141.108845642
2023-05-09 10:08:00,141.20924379656,141.20924379656,141.20924379656,141.20924379656
2023-05-09 10:09:00,141.118353043,141.17226000667,141.118353043,141.17226000667
2023-05-09 10:10:00,141.118353043,141.17226000667,141.118353043,141.17226000667
2023-05-09 10:11:00,141.118353043,141.17226000667,141.118353043,141.17226000667
2023-05-09 10:12:00,141.118353043,141.17226000667,141.118353043,141.17226000667
2023-05-09 10:13:00,141.118353043,141.17226000667,141.118353043,141.17226000667
2023-05-09 10:14:00,141.118353043,141.17226000667,141.118353043,141.17226000667
2023-05-09 10:15:00,141.118353043,141.17226000667,141.118353043,141.17226000667
2023-05-09 10:16:00,141.118353043,141.17226000667,141.118353043,141.17226000667
2023-05-09 10:17:00,141.118353043,141.17226000667,141.118353043,141.17226000667
2023-05-09 10:18:00,141.118353043,141.17226000667,141.118353043,141.17226000667
2023-05-09 10:19:00,141.3988213725,141.3702991695,141.3702991695,141.3988213725
2023-05-09 10:20:00,141.5319249865,141.5319249865,141.5319249865,141.5319249865
2023-05-09 10:21:00,141.5319249865,141.5319249865,141.5319249865,141.5319249865
2023-05-09 10:22:00,141.5319249865,141.5319249865,141.5319249865,141.5319249865
2023-05-09 10:23:00,141.5319249865,141.5319249865,141.5319249865,141.5319249865
2023-05-09 10:24:00,141.5319249865,141.5319249865,141.5319249865,141.5319249865
2023-05-09 10:25:00,141.5319249865,141.5319249865,141.5319249865,141.5319249865
2023-05-09 10:26:00,141.3503336274,141.3503336274,141.3503336274,141.3503336274
2023-05-09 10:27:00,141.3503336274,141.3503336274,141.3503336274,141.3503336274
2023-05-09 10:28:00,141.3503336274,141.3503336274,141.3503336274,141.3503336274
2023-05-09 10:29:00,141.3503336274,141.3503336274,141.3503336274,141.3503336274
2023-05-09 10:30:00,141.44112930695,141.44112930695,141.44112930695,141.44112930695
2023-05-09 10:31:00,141.44112930695,141.44112930695,141.44112930695,141.44112930695
2023-05-09 10:32:00,141.44112930695,141.44112930695,141.44112930695,141.44112930695
2023-05-09 10:33:00,141.44112930695,141.44112930695,141.44112930695,141.44112930695
2023-05-09 10:34:00,141.44112930695,141.44112930695,141.44112930695,141.44112930695
2023-05-09 10:35:00,141.23035022678,141.23035022678,141.23035022678,141.23035022678
2023-05-09 10:36:00,141.23035022678,141.23035022678,141.23035022678,141.23035022678
2023-05-09 10:37:00,141.23035022678,141.23035022678,141.23035022678,141.23035022678
2023-05-09 10:38:00,141.14611465392,141.14611465392,141.14611465392,141.14611465392
2023-05-09 10:39:00,141.14611465392,141.14611465392,141.14611465392,141.14611465392
2023-05-09 10:40:00,141.14611465392,141.14611465392,141.14611465392,141.14611465392
2023-05-09 10:41:00,141.14611465392,141.14611465392,141.14611465392,141.14611465392
2023-05-09 10:42:00,141.14611465392,141.14611465392,141.14611465392,141.14611465392
2023-05-09 10:43:00,141.14611465392,141.14611465392,141.14611465392,141.14611465392
2023-05-09 10:44:00,141.14611465392,141.14611465392,141.14611465392,141.14611465392
2023-05-09 10:45:00,141.14611465392,141.14611465392,141.14611465392,141.14611465392
2023-05-09 10:46:00,141.14611465392,141.14611465392,141.14611465392,141.14611465392
2023-05-09 10:47:00,141.14611465392,141.14611465392,141.14611465392,141.14611465392
2023-05-09 10:48:00,141.14611465392,141.14611465392,141.14611465392,141.14611465392
2023-05-09 10:49:00,141.14611465392,141.14611465392,141.14611465392,141.14611465392
2023-05-09 10:50:00,140.89968282,140.89968282,140.89968282,140.89968282
2023-05-09 10:51:00,140.89968282,140.89968282,140.89968282,140.89968282
2023-05-09 10:52:00,140.89968282,140.89968282,140.89968282,140.89968282
2023-05-09 10:53:00,140.9519735255,140.9519735255,140.9519735255,140.9519735255
2023-05-09 10:54:00,140.9519735255,140.9519735255,140.9519735255,140.9519735255
2023-05-09 10:55:00,140.9519735255,140.9519735255,140.9519735255,140.9519735255
2023-05-09 10:56:00,140.9519735255,140.9519735255,140.9519735255,140.9519735255
2023-05-09 10:57:00,140.9519735255,140.9519735255,140.9519735255,140.9519735255
2023-05-09 10:58:00,140.9519735255,140.9519735255,140.9519735255,140.9519735255
2023-05-09 10:59:00,140.9519735255,140.9519735255,140.9519735255,140.9519735255
2023-05-09 11:00:00,140.9519735255,140.9519735255,140.9519735255,140.9519735255
2023-05-09 11:01:00,140.9519735255,140.9519735255,140.9519735255,140.9519735255
2023-05-09 11:02:00,140.9519735255,140.9519735255,140.9519735255,140.9519735255
2023-05-09 11:03:00,140.9519735255,140.9519735255,140.9519735255,140.9519735255
2023-05-09 11:04:00,141.0755697385,141.0755697385,141.0755697385,141.0755697385
2023-05-09 11:05:00,141.0755697385,141.0755697385,141.0755697385,141.0755697385
2023-05-09 11:06:00,141.108845642,141.20372950398,141.108845642,141.20372950398
2023-05-09 11:07:00,141.108845642,141.20372950398,141.108845642,141.20372950398
2023-05-09 11:08:00,141.108845642,141.20372950398,141.108845642,141.20372950398
2023-05-09 11:09:00,141.108845642,141.20372950398,141.108845642,141.20372950398
2023-05-09 11:10:00,141.108845642,141.20372950398,141.108845642,141.20372950398
2023-05-09 11:11:00,141.108845642,141.20372950398,141.108845642,141.20372950398
2023-05-09 11:12:00,141.108845642,141.20372950398,141.108845642,141.20372950398
2023-05-09 11:13:00,141.108845642,141.20372950398,141.108845642,141.20372950398
2023-05-09 11:14:00,141.108845642,141.20372950398,141.108845642,141.20372950398
2023-05-09 11:15:00,141.108845642,141.20372950398,141.108845642,141.20372950398
2023-05-09 11:16:00,141.44055886289,141.43979827081,141.43979827081,141.44055886289
2023-05-09 11:17:00,141.44055886289,141.43979827081,141.43979827081,141.44055886289
2023-05-09 11:18:00,141.4368509765,141.4368509765,141.4368509765,141.4368509765
2023-05-09 11:19:00,141.4368509765,141.4368509765,141.4368509765,141.4368509765
2023-05-09 11:20:00,141.441604677,141.441604677,141.441604677,141.441604677
2023-05-09 11:21:00,141.441604677,141.441604677,141.441604677,141.441604677
2023-05-09 11:22:00,141.441604677,141.441604677,141.441604677,141.441604677
2023-05-09 11:23:00,141.441604677,141.441604677,141.441604677,141.441604677
2023-05-09 11:24:00,141.441604677,141.441604677,141.441604677,141.441604677
2023-05-09 11:25:00,141.441604677,141.441604677,141.441604677,141.441604677
2023-05-09 11:26:00,141.20401472601,141.20401472601,141.20401472601,141.20401472601
2023-05-09 11:27:00,141.20401472601,141.20401472601,141.20401472601,141.20401472601
2023-05-09 11:28:00,141.20401472601,141.20401472601,141.20401472601,141.20401472601
2023-05-09 11:29:00,141.27988378599,141.27988378599,141.27988378599,141.27988378599
2023-05-09 11:30:00,141.27988378599,141.27988378599,141.27988378599,141.27988378599
2023-05-09 11:31:00,141.27988378599,141.27988378599,141.27988378599,141.27988378599
2023-05-09 11:32:00,141.365545469,141.365545469,141.365545469,141.365545469
2023-05-09 11:33:00,141.365545469,141.365545469,141.365545469,141.365545469
2023-05-09 11:34:00,141.432097276,141.432097276,141.432097276,141.432097276
2023-05-09 11:35:00,141.432097276,141.432097276,141.432097276,141.432097276
2023-05-09 11:36:00,141.432097276,141.432097276,141.432097276,141.432097276
2023-05-09 11:37:00,141.432097276,141.432097276,141.432097276,141.432097276
2023-05-09 11:38:00,141.432097276,141.432097276,141.432097276,141.432097276
2023-05-09 11:39:00,141.41450858415,141.41450858415,141.41450858415,141.41450858415
2023-05-09 11:40:00,141.4843879815,141.4843879815,141.4843879815,141.4843879815
2023-05-09 11:41:00,141.451112078,141.451112078,141.451112078,141.451112078
2023-05-09 11:42:00,141.441604677,141.441604677,141.441604677,141.441604677
2023-05-09 11:43:00,141.441604677,141.441604677,141.441604677,141.441604677
2023-05-09 11:44:00,141.441604677,141.441604677,141.441604677,141.441604677
2023-05-09 11:45:00,141.21257138691,141.21257138691,141.21257138691,141.21257138691
2023-05-09 11:46:00,141.21257138691,141.21257138691,141.21257138691,141.21257138691
2023-05-09 11:47:00,141.21257138691,141.21257138691,141.21257138691,141.21257138691
2023-05-09 11:48:00,141.21257138691,141.21257138691,141.21257138691,141.21257138691
2023-05-09 11:49:00,141.270471459,141.308501063,141.270471459,141.308501063
2023-05-09 11:50:00,141.270471459,141.308501063,141.270471459,141.308501063
2023-05-09 11:51:00,141.270471459,141.308501063,141.270471459,141.308501063
2023-05-09 11:52:00,141.251456657,141.251456657,141.251456657,141.251456657
2023-05-09 11:53:00,141.251456657,141.251456657,141.251456657,141.251456657
2023-05-09 11:54:00,141.251456657,141.251456657,141.251456657,141.251456657
2023-05-09 11:55:00,141.251456657,141.251456657,141.251456657,141.251456657
2023-05-09 11:56:00,141.251456657,141.251456657,141.251456657,141.251456657
2023-05-09 11:57:00,141.251456657,141.251456657,141.251456657,141.251456657
2023-05-09 11:58:00,141.251456657,141.251456657,141.251456657,141.251456657
2023-05-09 11:59:00,141.251456657,141.251456657,141.251456657,141.251456657
2023-05-09 12:00:00,141.251456657,141.251456657,141.251456657,141.251456657
2023-05-09 12:01:00,141.251456657,141.251456657,141.251456657,141.251456657
2023-05-09 12:02:00,141.251456657,141.251456657,141.251456657,141.251456657
2023-05-09 12:03:00,141.251456657,141.251456657,141.251456657,141.251456657
2023-05-09 12:04:00,141.251456657,141.251456657,141.251456657,141.251456657
2023-05-09 12:05:00,141.251456657,141.251456657,141.251456657,141.251456657
2023-05-09 12:06:00,141.251456657,141.251456657,141.251456657,141.251456657
2023-05-09 12:07:00,141.251456657,141.251456657,141.251456657,141.251456657
2023-05-09 12:08:00,141.251456657,141.251456657,141.251456657,141.251456657
2023-05-09 12:09:00,141.25640050552,141.25640050552,141.25640050552,141.25640050552
2023-05-09 12:10:00,141.232441855,141.232441855,141.232441855,141.232441855
2023-05-09 12:11:00,141.232441855,141.232441855,141.232441855,141.232441855
2023-05-09 12:12:00,141.308501063,141.308501063,141.308501063,141.308501063
2023-05-09 12:13:00,141.308501063,141.308501063,141.308501063,141.308501063
2023-05-09 12:14:00,141.308501063,141.308501063,141.308501063,141.308501063
2023-05-09 12:15:00,141.308501063,141.308501063,141.308501063,141.308501063
2023-05-09 12:16:00,141.27997886,141.27997886,141.27997886,141.27997886
2023-05-09 12:17:00,141.27997886,141.27997886,141.27997886,141.27997886
2023-05-09 12:18:00,141.27997886,141.27997886,141.27997886,141.27997886
2023-05-09 12:19:00,141.27997886,141.27997886,141.27997886,141.27997886
2023-05-09 12:20:00,141.27997886,141.27997886,141.27997886,141.27997886
2023-05-09 12:21:00,141.27997886,141.27997886,141.27997886,141.27997886
2023-05-09 12:22:00,141.27997886,141.27997886,141.27997886,141.27997886
2023-05-09 12:23:00,141.27997886,141.27997886,141.27997886,141.27997886
2023-05-09 12:24:00,141.27997886,141.27997886,141.27997886,141.27997886
2023-05-09 12:25:00,141.27997886,141.27997886,141.27997886,141.27997886
2023-05-09 12:26:00,141.27997886,141.27997886,141.27997886,141.27997886
2023-05-09 12:27:00,141.27997886,141.27997886,141.27997886,141.27997886
2023-05-09 12:28:00,141.27997886,141.27997886,141.27997886,141.27997886
2023-05-09 12:29:00,141.27997886,141.27997886,141.27997886,141.27997886
2023-05-09 12:30:00,141.27997886,141.27997886,141.27997886,141.27997886
2023-05-09 12:31:00,141.27997886,141.27997886,141.27997886,141.27997886
2023-05-09 12:32:00,141.508156484,141.508156484,141.508156484,141.508156484
2023-05-09 12:33:00,141.508156484,141.508156484,141.508156484,141.508156484
2023-05-09 12:34:00,141.498649083,141.498649083,141.498649083,141.498649083
2023-05-09 12:35:00,141.498649083,141.498649083,141.498649083,141.498649083
2023-05-09 12:36:00,141.498649083,141.498649083,141.498649083,141.498649083
2023-05-09 12:37:00,141.498649083,141.498649083,141.498649083,141.498649083
2023-05-09 12:38:00,141.498649083,141.498649083,141.498649083,141.498649083
2023-05-09 12:39:00,141.498649083,141.498649083,141.498649083,141.498649083
2023-05-09 12:40:00,141.479634281,141.479634281,141.479634281,141.479634281
2023-05-09 12:41:00,141.479634281,141.479634281,141.479634281,141.479634281
2023-05-09 12:42:00,141.479634281,141.479634281,141.479634281,141.479634281
2023-05-09 12:43:00,141.479634281,141.479634281,141.479634281,141.479634281
2023-05-09 12:44:00,141.479634281,141.479634281,141.479634281,141.479634281
2023-05-09 12:45:00,141.479634281,141.479634281,141.479634281,141.479634281
2023-05-09 12:46:00,141.479634281,141.479634281,141.479634281,141.479634281
2023-05-09 12:47:00,141.479634281,141.479634281,141.479634281,141.479634281
2023-05-09 12:48:00,141.479634281,141.479634281,141.479634281,141.479634281
2023-05-09 12:49:00,141.479634281,141.479634281,141.479634281,141.479634281
2023-05-09 12:50:00,141.479634281,141.479634281,141.479634281,141.479634281
2023-05-09 12:51:00,141.460619479,141.460619479,141.460619479,141.460619479
2023-05-09 12:52:00,141.460619479,141.460619479,141.460619479,141.460619479
2023-05-09 12:53:00,141.460619479,141.460619479,141.460619479,141.460619479
2023-05-09 12:54:00,141.460619479,141.460619479,141.460619479,141.460619479
2023-05-09 12:55:00,141.460619479,141.460619479,141.460619479,141.460619479
2023-05-09 12:56:00,141.57508858704,141.57508858704,141.57508858704,141.57508858704
2023-05-09 12:57:00,141.57508858704,141.57508858704,141.57508858704,141.57508858704
2023-05-09 12:58:00,141.57508858704,141.57508858704,141.57508858704,141.57508858704
2023-05-09 12:59:00,141.57508858704,141.57508858704,141.57508858704,141.57508858704
2023-05-09 13:00:00,141.53905553725,141.53905553725,141.53905553725,141.53905553725
2023-05-09 13:01:00,141.53905553725,141.53905553725,141.53905553725,141.53905553725
2023-05-09 13:02:00,141.53905553725,141.53905553725,141.53905553725,141.53905553725
2023-05-09 13:03:00,141.53905553725,141.53905553725,141.53905553725,141.53905553725
2023-05-09 13:04:00,141.53905553725,141.53905553725,141.53905553725,141.53905553725
2023-05-09 13:05:00,141.53905553725,141.53905553725,141.53905553725,141.53905553725
2023-05-09 13:06:00,141.53905553725,141.53905553725,141.53905553725,141.53905553725
2023-05-09 13:07:00,141.508156484,141.508156484,141.508156484,141.508156484
2023-05-09 13:08:00,141.508156484,141.508156484,141.508156484,141.508156484
2023-05-09 13:09:00,141.508156484,141.593723093,141.508156484,141.593723093
2023-05-09 13:10:00,141.508156484,141.593723093,141.508156484,141.593723093
2023-05-09 13:11:00,141.46299632925,141.46299632925,141.46299632925,141.46299632925
2023-05-09 13:12:00,141.46299632925,141.46299632925,141.46299632925,141.46299632925
2023-05-09 13:13:00,141.46299632925,141.46299632925,141.46299632925,141.46299632925
2023-05-09 13:14:00,141.46299632925,141.46299632925,141.46299632925,141.46299632925
2023-05-09 13:15:00,141.46299632925,141.46299632925,141.46299632925,141.46299632925
2023-05-09 13:16:00,141.46299632925,141.46299632925,141.46299632925,141.46299632925
2023-05-09 13:17:00,141.46299632925,141.46299632925,141.46299632925,141.46299632925
2023-05-09 13:18:00,141.46299632925,141.46299632925,141.46299632925,141.46299632925
2023-05-09 13:19:00,141.47012688,141.47012688,141.47012688,141.47012688
2023-05-09 13:20:00,141.47012688,141.47012688,141.47012688,141.47012688
2023-05-09 13:21:00,141.47012688,141.47012688,141.47012688,141.47012688
2023-05-09 13:22:00,141.47012688,141.47012688,141.47012688,141.47012688
2023-05-09 13:23:00,141.47012688,141.47012688,141.47012688,141.47012688
2023-05-09 13:24:00,141.47012688,141.47012688,141.47012688,141.47012688
2023-05-09 13:25:00,141.47012688,141.47012688,141.47012688,141.47012688
2023-05-09 13:26:00,141.47012688,141.47012688,141.47012688,141.47012688
2023-05-09 13:27:00,141.47012688,141.47012688,141.47012688,141.47012688
2023-05-09 13:28:00,141.47012688,141.47012688,141.47012688,141.47012688
2023-05-09 13:29:00,141.47012688,141.47012688,141.47012688,141.47012688
2023-05-09 13:30:00,141.47012688,141.47012688,141.47012688,141.47012688
2023-05-09 13:31:00,141.47012688,141.47012688,141.47012688,141.47012688
2023-05-09 13:32:00,141.56520089,141.574708291,141.56520089,141.574708291
2023-05-09 13:33:00,141.56520089,141.574708291,141.56520089,141.574708291
2023-05-09 13:34:00,141.603230494,141.603230494,141.603230494,141.603230494
2023-05-09 13:35:00,141.603230494,141.603230494,141.603230494,141.603230494
2023-05-09 13:36:00,141.603230494,141.603230494,141.603230494,141.603230494
2023-05-09 13:37:00,141.603230494,141.603230494,141.603230494,141.603230494
2023-05-09 13:38:00,141.603230494,141.603230494,141.603230494,141.603230494
2023-05-09 13:39:00,141.603230494,141.603230494,141.603230494,141.603230494
2023-05-09 13:40:00,141.55559841499,141.55559841499,141.55559841499,141.55559841499
2023-05-09 13:41:00,141.574708291,141.574708291,141.574708291,141.574708291
2023-05-09 13:42:00,141.574708291,141.574708291,141.574708291,141.574708291
2023-05-09 13:43:00,141.574708291,141.574708291,141.574708291,141.574708291
2023-05-09 13:44:00,141.574708291,141.574708291,141.574708291,141.574708291
2023-05-09 13:45:00,141.6926000634,141.6926000634,141.6926000634,141.6926000634
2023-05-09 13:46:00,141.707811905,141.707811905,141.707811905,141.707811905
2023-05-09 13:47:00,141.745841509,141.745841509,141.745841509,141.745841509
2023-05-09 13:48:00,141.745841509,141.745841509,141.745841509,141.745841509
2023-05-09 13:49:00,141.745841509,141.745841509,141.745841509,141.745841509
2023-05-09 13:50:00,141.745841509,141.745841509,141.745841509,141.745841509
2023-05-09 13:51:00,141.745841509,141.745841509,141.745841509,141.745841509
2023-05-09 13:52:00,141.745841509,141.745841509,141.745841509,141.745841509
2023-05-09 13:53:00,141.82009431081,141.82009431081,141.82009431081,141.82009431081
2023-05-09 13:54:00,141.82009431081,141.82009431081,141.82009431081,141.82009431081
2023-05-09 13:55:00,141.783871113,141.783871113,141.783871113,141.783871113
2023-05-09 13:56:00,141.783871113,141.783871113,141.783871113,141.783871113
2023-05-09 13:57:00,141.783871113,141.783871113,141.783871113,141.783871113
2023-05-09 13:58:00,141.783871113,141.783871113,141.783871113,141.783871113
2023-05-09 13:59:00,141.783871113,141.783871113,141.783871113,141.783871113
2023-05-09 14:00:00,141.783871113,141.783871113,141.783871113,141.783871113
2023-05-09 14:01:00,141.783871113,141.783871113,141.783871113,141.783871113
2023-05-09 14:02:00,141.783871113,141.783871113,141.783871113,141.783871113
2023-05-09 14:03:00,141.89111459628,141.89111459628,141.89111459628,141.89111459628
2023-05-09 14:04:00,141.8836988235,141.888452524,141.869437722,141.888452524
2023-05-09 14:05:00,141.8836988235,141.888452524,141.869437722,141.888452524
2023-05-09 14:06:00,141.8836988235,141.888452524,141.869437722,141.888452524
2023-05-09 14:07:00,141.8836988235,141.888452524,141.869437722,141.888452524
2023-05-09 14:08:00,141.8836988235,141.888452524,141.869437722,141.888452524
2023-05-09 14:09:00,141.8836988235,141.888452524,141.869437722,141.888452524
2023-05-09 14:10:00,141.650767499,141.650767499,141.650767499,141.650767499
2023-05-09 14:11:00,141.650767499,141.650767499,141.650767499,141.650767499
2023-05-09 14:12:00,141.650767499,141.650767499,141.650767499,141.650767499
2023-05-09 14:13:00,141.688797103,141.688797103,141.688797103,141.688797103
2023-05-09 14:14:00,141.717319306,141.717319306,141.717319306,141.717319306
2023-05-09 14:15:00,141.717319306,141.717319306,141.717319306,141.717319306
2023-05-09 14:16:00,141.831408118,141.831408118,141.831408118,141.831408118
2023-05-09 14:17:00,141.831408118,141.831408118,141.831408118,141.831408118
2023-05-09 14:18:00,141.831408118,141.831408118,141.831408118,141.831408118
2023-05-09 14:19:00,141.831408118,141.831408118,141.831408118,141.831408118
2023-05-09 14:20:00,141.831408118,141.831408118,141.831408118,141.831408118
2023-05-09 14:21:00,141.831408118,141.831408118,141.831408118,141.831408118
2023-05-09 14:22:00,141.88255793538,141.89472740866,141.88255793538,141.89472740866
2023-05-09 14:23:00,141.869437722,141.869437722,141.869437722,141.869437722
2023-05-09 14:24:00,141.840915519,141.840915519,141.840915519,141.840915519
2023-05-09 14:25:00,141.840915519,141.840915519,141.840915519,141.840915519
2023-05-09 14:26:00,141.840915519,141.840915519,141.840915519,141.840915519
2023-05-09 14:27:00,141.840915519,141.840915519,141.840915519,141.840915519
2023-05-09 14:28:00,141.840915519,141.840915519,141.840915519,141.840915519
2023-05-09 14:29:00,141.840915519,141.840915519,141.840915519,141.840915519
2023-05-09 14:30:00,141.840915519,141.840915519,141.840915519,141.840915519
2023-05-09 14:31:00,141.840915519,141.840915519,141.840915519,141.840915519
2023-05-09 14:32:00,141.840915519,141.840915519,141.840915519,141.840915519
2023-05-09 14:33:00,141.840915519,141.840915519,141.840915519,141.840915519
2023-05-09 14:34:00,141.840915519,141.840915519,141.840915519,141.840915519
2023-05-09 14:35:00,141.840915519,141.840915519,141.840915519,141.840915519
2023-05-09 14:36:00,141.840915519,141.840915519,141.840915519,141.840915519
2023-05-09 14:37:00,141.840915519,141.840915519,141.840915519,141.840915519
2023-05-09 14:38:00,141.840915519,141.840915519,141.840915519,141.840915519
2023-05-09 14:39:00,141.840915519,141.840915519,141.840915519,141.840915519
2023-05-09 14:40:00,141.840915519,141.840915519,141.840915519,141.840915519
2023-05-09 14:41:00,141.840915519,141.840915519,141.840915519,141.840915519
2023-05-09 14:42:00,141.840915519,141.840915519,141.840915519,141.840915519
2023-05-09 14:43:00,141.840915519,141.840915519,141.840915519,141.840915519
2023-05-09 14:44:00,141.840915519,141.840915519,141.840915519,141.840915519
2023-05-09 14:45:00,141.840915519,141.840915519,141.840915519,141.840915519
2023-05-09 14:46:00,141.840915519,141.840915519,141.840915519,141.840915519
2023-05-09 14:47:00,141.840915519,141.840915519,141.840915519,141.840915519
2023-05-09 14:48:00,141.840915519,141.840915519,141.840915519,141.840915519
2023-05-09 14:49:00,141.840915519,141.840915519,141.840915519,141.840915519
2023-05-09 14:50:00,141.840915519,141.840915519,141.840915519,141.840915519
2023-05-09 14:51:00,141.840915519,141.840915519,141.840915519,141.840915519
2023-05-09 14:52:00,142.012048737,142.012048737,142.012048737,142.012048737
2023-05-09 14:53:00,142.012048737,142.012048737,142.012048737,142.012048737
2023-05-09 14:54:00,142.012048737,142.012048737,142.012048737,142.012048737
2023-05-09 14:55:00,141.859930321,141.878945123,141.859930321,141.878945123
2023-05-09 14:56:00,141.859930321,141.878945123,141.859930321,141.878945123
2023-05-09 14:57:00,141.9027136255,141.9027136255,141.9027136255,141.9027136255
2023-05-09 14:58:00,141.955004331,141.955004331,141.955004331,141.955004331
2023-05-09 14:59:00,141.955004331,141.955004331,141.955004331,141.955004331
2023-05-09 15:00:00,141.955004331,141.955004331,141.955004331,141.955004331
2023-05-09 15:01:00,141.955004331,141.955004331,141.955004331,141.955004331
2023-05-09 15:02:00,141.955004331,141.955004331,141.955004331,141.955004331
2023-05-09 15:03:00,141.955004331,141.955004331,141.955004331,141.955004331
2023-05-09 15:04:00,141.955004331,141.955004331,141.955004331,141.955004331
2023-05-09 15:05:00,141.955004331,141.955004331,141.955004331,141.955004331
2023-05-09 15:06:00,141.955004331,141.955004331,141.955004331,141.955004331
2023-05-09 15:07:00,141.955004331,141.955004331,141.955004331,141.955004331
2023-05-09 15:08:00,141.955004331,141.955004331,141.955004331,141.955004331
2023-05-09 15:09:00,141.955004331,141.955004331,141.955004331,141.955004331
2023-05-09 15:10:00,141.9654624721,141.9711669127,141.9654624721,141.97392405899
2023-05-09 15:11:00,141.9654624721,141.9711669127,141.9654624721,141.97392405899
2023-05-09 15:12:00,141.9654624721,141.9711669127,141.9654624721,141.97392405899
2023-05-09 15:13:00,141.9654624721,141.9711669127,141.9654624721,141.97392405899
2023-05-09 15:14:00,141.9654624721,141.9711669127,141.9654624721,141.97392405899
2023-05-09 15:15:00,142.078600544,142.078600544,142.078600544,142.078600544
2023-05-09 15:16:00,142.078600544,142.078600544,142.078600544,142.078600544
2023-05-09 15:17:00,142.078600544,142.078600544,142.078600544,142.078600544
2023-05-09 15:18:00,142.078600544,142.078600544,142.078600544,142.078600544
2023-05-09 15:19:00,142.0633887024,142.0633887024,142.0633887024,142.0633887024
2023-05-09 15:20:00,142.02868668875,142.02868668875,142.02868668875,142.02868668875
2023-05-09 15:21:00,142.02868668875,142.02868668875,142.02868668875,142.02868668875
2023-05-09 15:22:00,142.012048737,142.012048737,142.012048737,142.012048737
2023-05-09 15:23:00,142.012048737,142.012048737,142.012048737,142.012048737
2023-05-09 15:24:00,142.012048737,142.012048737,142.012048737,142.012048737
2023-05-09 15:25:00,142.012048737,142.012048737,142.012048737,142.012048737
2023-05-09 15:26:00,142.012048737,142.012048737,142.012048737,142.012048737
2023-05-09 15:27:00,142.012048737,142.012048737,142.012048737,142.012048737
2023-05-09 15:28:00,142.012048737,142.012048737,142.012048737,142.012048737
2023-05-09 15:29:00,142.012048737,142.012048737,142.012048737,142.012048737
2023-05-09 15:30:00,142.012048737,142.012048737,142.012048737,142.012048737
2023-05-09 15:31:00,142.012048737,142.012048737,142.012048737,142.012048737
2023-05-09 15:32:00,142.183181955,142.18327702901,142.17376962801,142.1974430565
2023-05-09 15:33:00,142.183181955,142.18327702901,142.17376962801,142.1974430565
2023-05-09 15:34:00,142.183181955,142.18327702901,142.17376962801,142.1974430565
2023-05-09 15:35:00,142.2164578585,142.2259652595,142.2164578585,142.2259652595
2023-05-09 15:36:00,142.268748564,142.221211559,142.221211559,142.268748564
2023-05-09 15:37:00,142.211704158,142.211704158,142.211704158,142.211704158
2023-05-09 15:38:00,142.164167153,142.164167153,142.164167153,142.164167153
2023-05-09 15:39:00,142.164167153,142.164167153,142.164167153,142.164167153
2023-05-09 15:40:00,142.2040982372,142.2040982372,142.2040982372,142.2040982372
2023-05-09 15:41:00,142.2040982372,142.2040982372,142.2040982372,142.2040982372
2023-05-09 15:42:00,142.2040982372,142.2040982372,142.2040982372,142.2040982372
2023-05-09 15:43:00,142.069093143,142.069093143,142.069093143,142.069093143
2023-05-09 15:44:00,142.088107945,142.078600544,142.078600544,142.088107945
2023-05-09 15:45:00,142.069093143,142.069093143,142.069093143,142.069093143
2023-05-09 15:46:00,142.069093143,142.069093143,142.069093143,142.069093143
2023-05-09 15:47:00,142.050078341,142.050078341,142.050078341,142.050078341
2023-05-09 15:48:00,142.09675967991,142.09675967991,142.09675967991,142.09675967991
2023-05-09 15:49:00,142.09675967991,142.09675967991,142.09675967991,142.09675967991
2023-05-09 15:50:00,142.09675967991,142.09675967991,142.09675967991,142.09675967991
2023-05-09 15:51:00,141.983526534,141.983526534,141.983526534,141.983526534
2023-05-09 15:52:00,141.983526534,141.983526534,141.983526534,141.983526534
2023-05-09 15:53:00,141.983526534,141.983526534,141.983526534,141.983526534
2023-05-09 15:54:00,141.983526534,141.983526534,141.983526534,141.983526534
2023-05-09 15:55:00,141.983526534,141.983526534,141.983526534,141.983526534
2023-05-09 15:56:00,141.91687965299,141.91687965299,141.91687965299,141.91687965299
2023-05-09 15:57:00,141.94549693,141.926482128,141.926482128,141.94549693
2023-05-09 15:58:00,141.94549693,141.926482128,141.926482128,141.94549693
2023-05-09 15:59:00,141.96441665799,141.96441665799,141.96441665799,141.96441665799
2023-05-09 16:00:00,141.812393316,141.859930321,141.812393316,141.89472740866
2023-05-10 09:31:00,142.80382509228,142.630029802,142.630029802,142.80382509228
2023-05-10 09:32:00,142.80382509228,142.630029802,142.630029802,142.80382509228
2023-05-10 09:33:00,143.143429456,143.143429456,143.143429456,143.143429456
2023-05-10 09:34:00,143.143429456,143.143429456,143.143429456,143.143429456
2023-05-10 09:35:00,143.143429456,143.143429456,143.143429456,143.143429456
2023-05-10 09:36:00,143.143429456,143.143429456,143.143429456,143.143429456
2023-05-10 09:37:00,143.143429456,143.143429456,143.143429456,143.143429456
2023-05-10 09:38:00,143.248010867,143.248010867,143.248010867,143.248010867
2023-05-10 09:39:00,143.248010867,143.248010867,143.248010867,143.248010867
2023-05-10 09:40:00,143.248010867,143.248010867,143.248010867,143.248010867
2023-05-10 09:41:00,143.248010867,143.248010867,143.248010867,143.248010867
2023-05-10 09:42:00,143.248010867,143.248010867,143.248010867,143.248010867
2023-05-10 09:43:00,143.248010867,143.248010867,143.248010867,143.248010867
2023-05-10 09:44:00,142.848700025,142.848700025,142.848700025,142.848700025
2023-05-10 09:45:00,142.8933848097,142.8933848097,142.8933848097,142.8933848097
2023-05-10 09:46:00,142.8534537255,142.8534537255,142.8534537255,142.8534537255
2023-05-10 09:47:00,142.8534537255,142.8534537255,142.8534537255,142.8534537255
2023-05-10 09:48:00,142.8534537255,142.8534537255,142.8534537255,142.8534537255
2023-05-10 09:49:00,142.8534537255,142.8534537255,142.8534537255,142.8534537255
2023-05-10 09:50:00,142.8534537255,142.8534537255,142.8534537255,142.8534537255
2023-05-10 09:51:00,142.8534537255,142.8534537255,142.8534537255,142.8534537255
2023-05-10 09:52:00,142.924759233,142.924759233,142.924759233,142.924759233
2023-05-10 09:53:00,142.924759233,142.924759233,142.924759233,142.924759233
2023-05-10 09:54:00,143.133922055,143.143429456,143.133922055,143.143429456
2023-05-10 09:55:00,143.133922055,143.143429456,143.133922055,143.143429456
2023-05-10 09:56:00,143.133922055,143.143429456,143.133922055,143.143429456
2023-05-10 09:57:00,143.324070075,143.324070075,143.324070075,143.324070075
2023-05-10 09:58:00,143.37579033644,143.37579033644,143.37579033644,143.37579033644
2023-05-10 09:59:00,143.37579033644,143.37579033644,143.37579033644,143.37579033644
2023-05-10 10:00:00,143.324070075,143.333577476,143.324070075,143.333577476
2023-05-10 10:01:00,143.324070075,143.333577476,143.324070075,143.333577476
2023-05-10 10:02:00,143.324070075,143.333577476,143.324070075,143.333577476
2023-05-10 10:03:00,143.324070075,143.333577476,143.324070075,143.333577476
2023-05-10 10:04:00,143.4619273895,143.4619273895,143.4619273895,143.4619273895
2023-05-10 10:05:00,143.33205629184,143.33205629184,143.33205629184,143.33205629184
2023-05-10 10:06:00,143.4904495925,143.4904495925,143.4904495925,143.4904495925
2023-05-10 10:07:00,143.4904495925,143.4904495925,143.4904495925,143.4904495925
2023-05-10 10:08:00,143.4904495925,143.4904495925,143.4904495925,143.4904495925
2023-05-10 10:09:00,143.4904495925,143.4904495925,143.4904495925,143.4904495925
2023-05-10 10:10:00,143.257518268,143.295547872,143.257518268,143.295547872
2023-05-10 10:11:00,143.1291683545,143.1291683545,143.1291683545,143.1291683545
2023-05-10 10:12:00,143.1291683545,143.1291683545,143.1291683545,143.1291683545
2023-05-10 10:13:00,143.1291683545,143.1291683545,143.1291683545,143.1291683545
2023-05-10 10:14:00,143.1291683545,143.1291683545,143.1291683545,143.1291683545
2023-05-10 10:15:00,143.048355446,143.067370248,143.048355446,143.067370248
2023-05-10 10:16:00,143.048355446,143.067370248,143.048355446,143.067370248
2023-05-10 10:17:00,143.048355446,143.067370248,143.048355446,143.067370248
2023-05-10 10:18:00,143.048355446,143.067370248,143.048355446,143.067370248
2023-05-10 10:19:00,142.772640817,142.820177822,142.772640817,142.820177822
2023-05-10 10:20:00,142.772640817,142.820177822,142.772640817,142.820177822
2023-05-10 10:21:00,142.772640817,142.820177822,142.772640817,142.820177822
2023-05-10 10:22:00,142.715596411,142.744118614,142.715596411,142.744118614
2023-05-10 10:23:00,142.772640817,142.772640817,142.772640817,142.772640817
2023-05-10 10:24:00,142.772640817,142.772640817,142.772640817,142.772640817
2023-05-10 10:25:00,142.734611213,142.734611213,142.734611213,142.744118614
2023-05-10 10:26:00,142.734611213,142.734611213,142.734611213,142.744118614
2023-05-10 10:27:00,142.7773945175,142.7773945175,142.7773945175,142.7773945175
2023-05-10 10:28:00,142.7773945175,142.7773945175,142.7773945175,142.7773945175
2023-05-10 10:29:00,142.7773945175,142.7773945175,142.7773945175,142.7773945175
2023-05-10 10:30:00,142.687074208,142.715596411,142.687074208,142.715596411
2023-05-10 10:31:00,142.601507599,142.601507599,142.601507599,142.601507599
2023-05-10 10:32:00,142.58334846309,142.58334846309,142.58334846309,142.58334846309
2023-05-10 10:33:00,142.734611213,142.734611213,142.734611213,142.734611213
2023-05-10 10:34:00,142.734611213,142.734611213,142.734611213,142.734611213
2023-05-10 10:35:00,142.601507599,142.601507599,142.601507599,142.601507599
2023-05-10 10:36:00,142.496926188,142.496926188,142.496926188,142.496926188
2023-05-10 10:37:00,142.496926188,142.496926188,142.496926188,142.496926188
2023-05-10 10:38:00,142.4503399231,142.51594099,142.4503399231,142.51594099
2023-05-10 10:39:00,142.4541428835,142.4541428835,142.4541428835,142.4541428835
2023-05-10 10:40:00,142.4541428835,142.4541428835,142.4541428835,142.4541428835
2023-05-10 10:41:00,142.534955792,142.506433589,142.506433589,142.534955792
2023-05-10 10:42:00,142.363822574,142.449389183,142.363822574,142.449389183
2023-05-10 10:43:00,142.2449800615,142.2449800615,142.2449800615,142.2449800615
2023-05-10 10:44:00,142.335300371,142.297270767,142.297270767,142.335300371
2023-05-10 10:45:00,142.335300371,142.297270767,142.297270767,142.335300371
2023-05-10 10:46:00,142.1213838485,142.154659752,142.1213838485,142.154659752
2023-05-10 10:47:00,142.0424724202,142.0424724202,142.0424724202,142.0424724202
2023-05-10 10:48:00,142.0424724202,142.0424724202,142.0424724202,142.0424724202
2023-05-10 10:49:00,142.0424724202,142.0424724202,142.0424724202,142.0424724202
2023-05-10 10:50:00,142.0424724202,142.0424724202,142.0424724202,142.0424724202
2023-05-10 10:51:00,142.0424724202,142.0424724202,142.0424724202,142.0424724202
2023-05-10 10:52:00,142.0424724202,142.0424724202,142.0424724202,142.0424724202
2023-05-10 10:53:00,142.268748564,142.268748564,142.268748564,142.268748564
2023-05-10 10:54:00,142.268748564,142.268748564,142.268748564,142.268748564
2023-05-10 10:55:00,142.268748564,142.268748564,142.268748564,142.268748564
2023-05-10 10:56:00,142.268748564,142.268748564,142.268748564,142.268748564
2023-05-10 10:57:00,142.268748564,142.268748564,142.268748564,142.268748564
2023-05-10 10:58:00,142.268748564,142.268748564,142.268748564,142.268748564
2023-05-10 10:59:00,142.5397094925,142.5397094925,142.5397094925,142.5397094925
2023-05-10 11:00:00,142.5397094925,142.5397094925,142.5397094925,142.5397094925
2023-05-10 11:01:00,142.496926188,142.496926188,142.496926188,142.496926188
2023-05-10 11:02:00,142.496926188,142.496926188,142.496926188,142.496926188
2023-05-10 11:03:00,142.496926188,142.496926188,142.496926188,142.496926188
2023-05-10 11:04:00,142.496926188,142.496926188,142.496926188,142.496926188
2023-05-10 11:05:00,142.496926188,142.496926188,142.496926188,142.496926188
2023-05-10 11:06:00,142.563477995,142.563477995,142.563477995,142.563477995
2023-05-10 11:07:00,142.563477995,142.563477995,142.563477995,142.563477995
2023-05-10 11:08:00,142.534955792,142.59542286236,142.534955792,142.601507599
2023-05-10 11:09:00,142.534955792,142.59542286236,142.534955792,142.601507599
2023-05-10 11:10:00,142.534955792,142.59542286236,142.534955792,142.601507599
2023-05-10 11:11:00,142.601507599,142.601507599,142.601507599,142.601507599
2023-05-10 11:12:00,142.601507599,142.601507599,142.601507599,142.601507599
2023-05-10 11:13:00,142.72272696175,142.734611213,142.70608901,142.734611213
2023-05-10 11:14:00,142.72272696175,142.734611213,142.70608901,142.734611213
2023-05-10 11:15:00,142.72272696175,142.734611213,142.70608901,142.734611213
2023-05-10 11:16:00,142.72272696175,142.734611213,142.70608901,142.734611213
2023-05-10 11:17:00,142.72272696175,142.734611213,142.70608901,142.734611213
2023-05-10 11:18:00,142.72272696175,142.734611213,142.70608901,142.734611213
2023-05-10 11:19:00,142.72272696175,142.734611213,142.70608901,142.734611213
2023-05-10 11:20:00,142.72272696175,142.734611213,142.70608901,142.734611213
2023-05-10 11:21:00,142.72272696175,142.734611213,142.70608901,142.734611213
2023-05-10 11:22:00,142.72272696175,142.734611213,142.70608901,142.734611213
2023-05-10 11:23:00,142.810670421,142.810670421,142.810670421,142.810670421
2023-05-10 11:24:00,142.810670421,142.810670421,142.810670421,142.810670421
2023-05-10 11:25:00,142.810670421,142.810670421,142.810670421,142.810670421
2023-05-10 11:26:00,142.810670421,142.810670421,142.810670421,142.810670421
2023-05-10 11:27:00,142.810670421,142.810670421,142.810670421,142.810670421
2023-05-10 11:28:00,142.687074208,142.687074208,142.687074208,142.687074208
2023-05-10 11:29:00,142.687074208,142.687074208,142.687074208,142.687074208
2023-05-10 11:30:00,142.687074208,142.687074208,142.687074208,142.687074208
2023-05-10 11:31:00,142.687074208,142.687074208,142.687074208,142.687074208
2023-05-10 11:32:00,142.687074208,142.687074208,142.687074208,142.687074208
2023-05-10 11:33:00,142.601507599,142.601507599,142.601507599,142.601507599
2023-05-10 11:34:00,142.601507599,142.601507599,142.601507599,142.601507599
2023-05-10 11:35:00,142.639537203,142.582492797,142.582492797,142.696581609
2023-05-10 11:36:00,142.639537203,142.582492797,142.582492797,142.696581609
2023-05-10 11:37:00,142.639537203,142.582492797,142.582492797,142.696581609
2023-05-10 11:38:00,142.6537983045,142.6537983045,142.6537983045,142.6537983045
2023-05-10 11:39:00,142.66539733372,142.639537203,142.639537203,142.66663329585
2023-05-10 11:40:00,142.66539733372,142.639537203,142.639537203,142.66663329585
2023-05-10 11:41:00,142.687074208,142.668059406,142.668059406,142.687074208
2023-05-10 11:42:00,142.687074208,142.668059406,142.668059406,142.687074208
2023-05-10 11:43:00,142.687074208,142.668059406,142.668059406,142.687074208
2023-05-10 11:44:00,142.687074208,142.668059406,142.668059406,142.687074208
2023-05-10 11:45:00,142.649044604,142.649044604,142.649044604,142.649044604
2023-05-10 11:46:00,142.649044604,142.649044604,142.649044604,142.649044604
2023-05-10 11:47:00,142.525448391,142.525448391,142.525448391,142.525448391
2023-05-10 11:48:00,142.525448391,142.525448391,142.525448391,142.525448391
2023-05-10 11:49:00,142.534955792,142.534955792,142.534955792,142.534955792
2023-05-10 11:50:00,142.534955792,142.534955792,142.534955792,142.534955792
2023-05-10 11:51:00,142.5216454306,142.5216454306,142.5216454306,142.5216454306
2023-05-10 11:52:00,142.5216454306,142.5216454306,142.5216454306,142.5216454306
2023-05-10 11:53:00,142.57308047001,142.57308047001,142.57308047001,142.57308047001
2023-05-10 11:54:00,142.57308047001,142.57308047001,142.57308047001,142.57308047001
2023-05-10 11:55:00,142.57308047001,142.57308047001,142.57308047001,142.57308047001
2023-05-10 11:56:00,142.57308047001,142.57308047001,142.57308047001,142.57308047001
2023-05-10 11:57:00,142.6442909035,142.668059406,142.630029802,142.668059406
2023-05-10 11:58:00,142.6442909035,142.668059406,142.630029802,142.668059406
2023-05-10 11:59:00,142.572985396,142.611015,142.572985396,142.611015
2023-05-10 12:00:00,142.572985396,142.611015,142.572985396,142.611015
2023-05-10 12:01:00,142.64885445598,142.639537203,142.611015,142.66796433199
2023-05-10 12:02:00,142.544463193,142.544463193,142.544463193,142.544463193
2023-05-10 12:03:00,142.544463193,142.544463193,142.544463193,142.544463193
2023-05-10 12:04:00,142.50843014321,142.50843014321,142.50843014321,142.50843014321
2023-05-10 12:05:00,142.50843014321,142.50843014321,142.50843014321,142.50843014321
2023-05-10 12:06:00,142.430374381,142.430374381,142.430374381,142.430374381
2023-05-10 12:07:00,142.430374381,142.430374381,142.430374381,142.430374381
2023-05-10 12:08:00,142.439881782,142.439881782,142.439881782,142.439881782
2023-05-10 12:09:00,142.439881782,142.439881782,142.439881782,142.439881782
2023-05-10 12:10:00,142.439881782,142.439881782,142.439881782,142.439881782
2023-05-10 12:11:00,142.439881782,142.439881782,142.439881782,142.439881782
2023-05-10 12:12:00,142.439881782,142.439881782,142.439881782,142.439881782
2023-05-10 12:13:00,142.439881782,142.439881782,142.439881782,142.439881782
2023-05-10 12:14:00,142.439881782,142.439881782,142.439881782,142.439881782
2023-05-10 12:15:00,142.439881782,142.439881782,142.439881782,142.439881782
2023-05-10 12:16:00,142.439881782,142.439881782,142.439881782,142.439881782
2023-05-10 12:17:00,142.439881782,142.439881782,142.439881782,142.439881782
2023-05-10 12:18:00,142.221211559,142.221211559,142.221211559,142.221211559
2023-05-10 12:19:00,142.221211559,142.221211559,142.221211559,142.221211559
2023-05-10 12:20:00,142.268748564,142.268748564,142.259241163,142.268748564
2023-05-10 12:21:00,142.249733762,142.249733762,142.249733762,142.249733762
2023-05-10 12:22:00,142.249733762,142.249733762,142.249733762,142.249733762
2023-05-10 12:23:00,142.249733762,142.249733762,142.249733762,142.249733762
2023-05-10 12:24:00,142.249733762,142.249733762,142.249733762,142.249733762
2023-05-10 12:25:00,142.249733762,142.249733762,142.249733762,142.249733762
2023-05-10 12:26:00,142.249733762,142.249733762,142.249733762,142.249733762
2023-05-10 12:27:00,142.249733762,142.249733762,142.249733762,142.249733762
2023-05-10 12:28:00,142.249733762,142.249733762,142.249733762,142.249733762
2023-05-10 12:29:00,142.249733762,142.249733762,142.249733762,142.249733762
2023-05-10 12:30:00,142.249733762,142.249733762,142.249733762,142.249733762
2023-05-10 12:31:00,142.249733762,142.249733762,142.249733762,142.249733762
2023-05-10 12:32:00,142.249733762,142.249733762,142.249733762,142.249733762
2023-05-10 12:33:00,142.249733762,142.249733762,142.249733762,142.249733762
2023-05-10 12:34:00,142.249733762,142.249733762,142.249733762,142.249733762
2023-05-10 12:35:00,142.249733762,142.249733762,142.249733762,142.249733762
2023-05-10 12:36:00,142.249733762,142.249733762,142.249733762,142.249733762
2023-05-10 12:37:00,142.249733762,142.249733762,142.249733762,142.249733762
2023-05-10 12:38:00,142.249733762,142.249733762,142.249733762,142.249733762
2023-05-10 12:39:00,142.183181955,142.183181955,142.183181955,142.183181955
2023-05-10 12:40:00,142.183181955,142.183181955,142.183181955,142.183181955
2023-05-10 12:41:00,142.183181955,142.183181955,142.183181955,142.183181955
2023-05-10 12:42:00,142.183181955,142.183181955,142.183181955,142.183181955
2023-05-10 12:43:00,142.183181955,142.183181955,142.183181955,142.183181955
2023-05-10 12:44:00,142.183181955,142.183181955,142.183181955,142.183181955
2023-05-10 12:45:00,142.183181955,142.183181955,142.183181955,142.183181955
2023-05-10 12:46:00,142.183181955,142.183181955,142.183181955,142.183181955
2023-05-10 12:47:00,142.183181955,142.183181955,142.183181955,142.183181955
2023-05-10 12:48:00,142.183181955,142.183181955,142.183181955,142.183181955
2023-05-10 12:49:00,142.183181955,142.183181955,142.183181955,142.183181955
2023-05-10 12:50:00,142.183181955,142.183181955,142.183181955,142.183181955
2023-05-10 12:51:00,142.183181955,142.183181955,142.183181955,142.183181955
2023-05-10 12:52:00,142.183181955,142.183181955,142.183181955,142.183181955
2023-05-10 12:53:00,142.183181955,142.183181955,142.183181955,142.183181955
2023-05-10 12:54:00,142.183181955,142.183181955,142.183181955,142.183181955
2023-05-10 12:55:00,142.183181955,142.183181955,142.183181955,142.183181955
2023-05-10 12:56:00,142.183181955,142.183181955,142.183181955,142.183181955
2023-05-10 12:57:00,142.183181955,142.183181955,142.183181955,142.183181955
2023-05-10 12:58:00,142.183181955,142.183181955,142.183181955,142.183181955
2023-05-10 12:59:00,142.183181955,142.183181955,142.183181955,142.183181955
2023-05-10 13:00:00,142.183181955,142.183181955,142.183181955,142.183181955
2023-05-10 13:01:00,142.183181955,142.183181955,142.183181955,142.183181955
2023-05-10 13:02:00,142.183181955,142.183181955,142.183181955,142.183181955
2023-05-10 13:03:00,142.183181955,142.183181955,142.183181955,142.183181955
2023-05-10 13:04:00,142.183181955,142.183181955,142.183181955,142.183181955
2023-05-10 13:05:00,142.183181955,142.183181955,142.183181955,142.183181955
2023-05-10 13:06:00,142.183181955,142.183181955,142.183181955,142.183181955
2023-05-10 13:07:00,142.183181955,142.183181955,142.183181955,142.183181955
2023-05-10 13:08:00,142.183181955,142.183181955,142.183181955,142.183181955
2023-05-10 13:09:00,142.183181955,142.183181955,142.183181955,142.183181955
2023-05-10 13:10:00,142.183181955,142.183181955,142.183181955,142.183181955
2023-05-10 13:11:00,142.183181955,142.183181955,142.183181955,142.183181955
2023-05-10 13:12:00,142.183181955,142.183181955,142.183181955,142.183181955
2023-05-10 13:13:00,142.183181955,142.183181955,142.183181955,142.183181955
2023-05-10 13:14:00,142.183181955,142.183181955,142.183181955,142.183181955
2023-05-10 13:15:00,142.183181955,142.183181955,142.183181955,142.183181955
2023-05-10 13:16:00,142.183181955,142.183181955,142.183181955,142.183181955
2023-05-10 13:17:00,142.183181955,142.183181955,142.183181955,142.183181955
2023-05-10 13:18:00,141.869437722,141.869437722,141.869437722,141.869437722
2023-05-10 13:19:00,141.869437722,141.869437722,141.869437722,141.869437722
2023-05-10 13:20:00,141.869437722,141.869437722,141.869437722,141.869437722
2023-05-10 13:21:00,141.869437722,141.869437722,141.869437722,141.869437722
2023-05-10 13:22:00,141.869437722,141.869437722,141.869437722,141.869437722
2023-05-10 13:23:00,141.869437722,141.869437722,141.869437722,141.869437722
2023-05-10 13:24:00,141.869437722,141.869437722,141.869437722,141.869437722
2023-05-10 13:25:00,141.869437722,141.869437722,141.869437722,141.869437722
2023-05-10 13:26:00,141.869437722,141.869437722,141.869437722,141.869437722
2023-05-10 13:27:00,141.869437722,141.869437722,141.869437722,141.869437722
2023-05-10 13:28:00,141.869437722,141.869437722,141.869437722,141.869437722
2023-05-10 13:29:00,141.869437722,141.869437722,141.869437722,141.869437722
2023-05-10 13:30:00,141.869437722,141.869437722,141.869437722,141.869437722
2023-05-10 13:31:00,141.802885915,141.802885915,141.802885915,141.802885915
2023-05-10 13:32:00,141.802885915,141.802885915,141.802885915,141.802885915
2023-05-10 13:33:00,141.802885915,141.802885915,141.802885915,141.802885915
2023-05-10 13:34:00,141.802885915,141.802885915,141.802885915,141.802885915
2023-05-10 13:35:00,141.802885915,141.802885915,141.802885915,141.802885915
2023-05-10 13:36:00,141.802885915,141.802885915,141.802885915,141.802885915
2023-05-10 13:37:00,141.802885915,141.802885915,141.802885915,141.802885915
2023-05-10 13:38:00,141.802885915,141.802885915,141.802885915,141.802885915
2023-05-10 13:39:00,141.802885915,141.802885915,141.802885915,141.802885915
2023-05-10 13:40:00,141.802885915,141.802885915,141.802885915,141.802885915
2023-05-10 13:41:00,141.802885915,141.802885915,141.802885915,141.802885915
2023-05-10 13:42:00,141.85042292,141.85042292,141.85042292,141.85042292
2023-05-10 13:43:00,141.85042292,141.85042292,141.85042292,141.85042292
2023-05-10 13:44:00,141.85042292,141.85042292,141.85042292,141.85042292
2023-05-10 13:45:00,141.85042292,141.85042292,141.85042292,141.85042292
2023-05-10 13:46:00,141.793378514,141.793378514,141.793378514,141.793378514
2023-05-10 13:47:00,141.793378514,141.793378514,141.793378514,141.793378514
2023-05-10 13:48:00,141.793378514,141.793378514,141.793378514,141.793378514
2023-05-10 13:49:00,141.907467326,141.907467326,141.907467326,141.907467326
2023-05-10 13:50:00,141.907467326,141.907467326,141.907467326,141.907467326
2023-05-10 13:51:00,141.907467326,141.907467326,141.907467326,141.907467326
2023-05-10 13:52:00,141.907467326,141.907467326,141.907467326,141.907467326
2023-05-10 13:53:00,141.907467326,141.907467326,141.907467326,141.907467326
2023-05-10 13:54:00,141.907467326,141.907467326,141.907467326,141.907467326
2023-05-10 13:55:00,141.907467326,141.907467326,141.907467326,141.907467326
2023-05-10 13:56:00,141.907467326,141.907467326,141.907467326,141.907467326
2023-05-10 13:57:00,141.907467326,141.907467326,141.907467326,141.907467326
2023-05-10 13:58:00,141.907467326,141.907467326,141.907467326,141.907467326
2023-05-10 13:59:00,141.907467326,141.907467326,141.907467326,141.907467326
2023-05-10 14:00:00,141.907467326,141.907467326,141.907467326,141.907467326
2023-05-10 14:01:00,141.907467326,141.907467326,141.907467326,141.907467326
2023-05-10 14:02:00,141.907467326,141.907467326,141.907467326,141.907467326
2023-05-10 14:03:00,141.907467326,141.907467326,141.907467326,141.907467326
2023-05-10 14:04:00,141.907467326,141.907467326,141.907467326,141.907467326
2023-05-10 14:05:00,141.907467326,141.907467326,141.907467326,141.907467326
2023-05-10 14:06:00,141.907467326,141.907467326,141.907467326,141.907467326
2023-05-10 14:07:00,141.907467326,141.907467326,141.907467326,141.907467326
2023-05-10 14:08:00,141.907467326,141.907467326,141.907467326,141.907467326
2023-05-10 14:09:00,141.907467326,141.907467326,141.907467326,141.907467326
2023-05-10 14:10:00,141.907467326,141.907467326,141.907467326,141.907467326
2023-05-10 14:11:00,141.907467326,141.907467326,141.907467326,141.907467326
2023-05-10 14:12:00,142.126137549,142.126137549,142.126137549,142.126137549
2023-05-10 14:13:00,142.126137549,142.126137549,142.126137549,142.126137549
2023-05-10 14:14:00,142.126137549,142.126137549,142.126137549,142.126137549
2023-05-10 14:15:00,142.126137549,142.126137549,142.126137549,142.126137549
2023-05-10 14:16:00,142.126137549,142.126137549,142.126137549,142.126137549
2023-05-10 14:17:00,142.126137549,142.126137549,142.126137549,142.126137549
2023-05-10 14:18:00,142.126137549,142.126137549,142.126137549,142.126137549
2023-05-10 14:19:00,142.126137549,142.126137549,142.126137549,142.126137549
2023-05-10 14:20:00,142.126137549,142.126137549,142.126137549,142.126137549
2023-05-10 14:21:00,142.126137549,142.126137549,142.126137549,142.126137549
2023-05-10 14:22:00,142.373329975,142.373329975,142.373329975,142.373329975
2023-05-10 14:23:00,142.373329975,142.373329975,142.373329975,142.373329975
2023-05-10 14:24:00,142.373329975,142.373329975,142.373329975,142.373329975
2023-05-10 14:25:00,142.373329975,142.373329975,142.373329975,142.373329975
2023-05-10 14:26:00,142.373329975,142.373329975,142.373329975,142.373329975
2023-05-10 14:27:00,142.373329975,142.373329975,142.373329975,142.373329975
2023-05-10 14:28:00,142.373329975,142.373329975,142.373329975,142.373329975
2023-05-10 14:29:00,142.373329975,142.373329975,142.373329975,142.373329975
2023-05-10 14:30:00,142.373329975,142.373329975,142.373329975,142.373329975
2023-05-10 14:31:00,142.373329975,142.373329975,142.373329975,142.373329975
2023-05-10 14:32:00,142.373329975,142.373329975,142.373329975,142.373329975
2023-05-10 14:33:00,142.373329975,142.373329975,142.373329975,142.373329975
2023-05-10 14:34:00,142.373329975,142.373329975,142.373329975,142.373329975
2023-05-10 14:35:00,142.373329975,142.373329975,142.373329975,142.373329975
2023-05-10 14:36:00,142.373329975,142.373329975,142.373329975,142.373329975
2023-05-10 14:37:00,142.373329975,142.373329975,142.373329975,142.373329975
2023-05-10 14:38:00,142.373329975,142.373329975,142.373329975,142.373329975
2023-05-10 14:39:00,142.373329975,142.373329975,142.373329975,142.373329975
2023-05-10 14:40:00,142.373329975,142.373329975,142.373329975,142.373329975
2023-05-10 14:41:00,142.373329975,142.373329975,142.373329975,142.373329975
2023-05-10 14:42:00,142.373329975,142.373329975,142.373329975,142.373329975
2023-05-10 14:43:00,142.373329975,142.373329975,142.373329975,142.373329975
2023-05-10 14:44:00,142.373329975,142.373329975,142.373329975,142.373329975
2023-05-10 14:45:00,142.373329975,142.373329975,142.373329975,142.373329975
2023-05-10 14:46:00,142.373329975,142.373329975,142.373329975,142.373329975
2023-05-10 14:47:00,142.373329975,142.373329975,142.373329975,142.373329975
2023-05-10 14:48:00,142.373329975,142.373329975,142.373329975,142.373329975
2023-05-10 14:49:00,142.373329975,142.373329975,142.373329975,142.373329975
2023-05-10 14:50:00,142.373329975,142.373329975,142.373329975,142.373329975
2023-05-10 14:51:00,142.373329975,142.373329975,142.373329975,142.373329975
2023-05-10 14:52:00,142.373329975,142.373329975,142.373329975,142.373329975
2023-05-10 14:53:00,142.373329975,142.373329975,142.373329975,142.373329975
2023-05-10 14:54:00,142.373329975,142.373329975,142.373329975,142.373329975
2023-05-10 14:55:00,142.373329975,142.373329975,142.373329975,142.373329975
2023-05-10 14:56:00,142.373329975,142.373329975,142.373329975,142.373329975
2023-05-10 14:57:00,142.373329975,142.373329975,142.373329975,142.373329975
2023-05-10 14:58:00,142.373329975,142.373329975,142.373329975,142.373329975
2023-05-10 14:59:00,142.373329975,142.373329975,142.373329975,142.373329975
2023-05-10 15:00:00,142.373329975,142.373329975,142.373329975,142.373329975
2023-05-10 15:01:00,142.373329975,142.373329975,142.373329975,142.373329975
2023-05-10 15:02:00,142.373329975,142.373329975,142.373329975,142.373329975
2023-05-10 15:03:00,142.373329975,142.373329975,142.373329975,142.373329975
2023-05-10 15:04:00,142.373329975,142.373329975,142.373329975,142.373329975
2023-05-10 15:05:00,142.373329975,142.373329975,142.373329975,142.373329975
2023-05-10 15:06:00,142.373329975,142.373329975,142.373329975,142.373329975
2023-05-10 15:07:00,142.373329975,142.373329975,142.373329975,142.373329975
2023-05-10 15:08:00,142.791655619,142.791655619,142.791655619,142.791655619
2023-05-10 15:09:00,142.791655619,142.791655619,142.791655619,142.791655619
2023-05-10 15:10:00,142.791655619,142.791655619,142.791655619,142.791655619
2023-05-10 15:11:00,142.791655619,142.791655619,142.791655619,142.791655619
2023-05-10 15:12:00,142.791655619,142.791655619,142.791655619,142.791655619
2023-05-10 15:13:00,142.791655619,142.791655619,142.791655619,142.791655619
2023-05-10 15:14:00,142.820177822,142.820177822,142.820177822,142.820177822
2023-05-10 15:15:00,142.744118614,142.791655619,142.744118614,142.791655619
2023-05-10 15:16:00,142.744118614,142.791655619,142.744118614,142.791655619
2023-05-10 15:17:00,142.810670421,142.810670421,142.810670421,142.810670421
2023-05-10 15:18:00,142.810670421,142.810670421,142.810670421,142.810670421
2023-05-10 15:19:00,142.810670421,142.810670421,142.810670421,142.810670421
2023-05-10 15:20:00,142.981803639,142.981803639,142.981803639,142.981803639
2023-05-10 15:21:00,142.981803639,142.981803639,142.981803639,142.981803639
2023-05-10 15:22:00,143.143429456,143.143429456,143.143429456,143.143429456
2023-05-10 15:23:00,143.18145906,143.18145906,143.18145906,143.18145906
2023-05-10 15:24:00,143.18145906,143.18145906,143.18145906,143.18145906
2023-05-10 15:25:00,143.18145906,143.18145906,143.18145906,143.18145906
2023-05-10 15:26:00,143.18145906,143.18145906,143.18145906,143.18145906
2023-05-10 15:27:00,143.18145906,143.18145906,143.18145906,143.18145906
2023-05-10 15:28:00,143.18145906,143.18145906,143.18145906,143.18145906
2023-05-10 15:29:00,143.18145906,143.18145906,143.18145906,143.18145906
2023-05-10 15:30:00,143.219488664,143.248010867,143.219488664,143.248010867
2023-05-10 15:31:00,143.219488664,143.248010867,143.219488664,143.248010867
2023-05-10 15:32:00,143.305055273,143.305055273,143.305055273,143.305055273
2023-05-10 15:33:00,143.381114481,143.381114481,143.381114481,143.381114481
2023-05-10 15:34:00,143.381114481,143.381114481,143.381114481,143.381114481
2023-05-10 15:35:00,143.381114481,143.381114481,143.381114481,143.381114481
2023-05-10 15:36:00,143.343084877,143.343084877,143.343084877,143.343084877
2023-05-10 15:37:00,143.343084877,143.343084877,143.343084877,143.343084877
2023-05-10 15:38:00,143.343084877,143.343084877,143.343084877,143.343084877
2023-05-10 15:39:00,143.343084877,143.343084877,143.343084877,143.343084877
2023-05-10 15:40:00,143.343084877,143.343084877,143.343084877,143.343084877
2023-05-10 15:41:00,143.343084877,143.343084877,143.343084877,143.343084877
2023-05-10 15:42:00,143.343084877,143.343084877,143.343084877,143.343084877
2023-05-10 15:43:00,143.257518268,143.257518268,143.257518268,143.257518268
2023-05-10 15:44:00,143.257518268,143.257518268,143.257518268,143.257518268
2023-05-10 15:45:00,143.257518268,143.257518268,143.257518268,143.257518268
2023-05-10 15:46:00,143.257518268,143.257518268,143.257518268,143.257518268
2023-05-10 15:47:00,143.257518268,143.257518268,143.257518268,143.257518268
2023-05-10 15:48:00,143.257518268,143.257518268,143.257518268,143.257518268
2023-05-10 15:49:00,143.257518268,143.257518268,143.257518268,143.257518268
2023-05-10 15:50:00,143.257518268,143.257518268,143.257518268,143.257518268
2023-05-10 15:51:00,143.143429456,143.152936857,143.143429456,143.152936857
2023-05-10 15:52:00,143.143429456,143.152936857,143.143429456,143.152936857
2023-05-10 15:53:00,143.114907253,143.114907253,143.114907253,143.114907253
2023-05-10 15:54:00,143.133922055,143.133922055,143.133922055,143.133922055
2023-05-10 15:55:00,143.143429456,143.143429456,143.143429456,143.143429456
2023-05-10 15:56:00,143.171951659,143.171951659,143.171951659,143.171951659
2023-05-10 15:57:00,143.133922055,143.133922055,143.133922055,143.133922055
2023-05-10 15:58:00,143.171951659,143.171951659,143.171951659,143.171951659
2023-05-10 15:59:00,143.171951659,143.171951659,143.171951659,143.171951659
2023-05-10 16:00:00,143.190966461,143.228996065,143.190966461,143.228996065
2023-05-11 09:31:00,142.839192624,142.839192624,142.839192624,142.839192624
2023-05-11 09:32:00,142.839192624,142.839192624,142.839192624,142.839192624
2023-05-11 09:33:00,142.839192624,142.839192624,142.839192624,142.839192624
2023-05-11 09:34:00,142.839192624,142.839192624,142.839192624,142.839192624
2023-05-11 09:35:00,142.839192624,142.839192624,142.839192624,142.839192624
2023-05-11 09:36:00,142.839192624,142.839192624,142.839192624,142.839192624
2023-05-11 09:37:00,142.839192624,142.839192624,142.839192624,142.839192624
2023-05-11 09:38:00,142.839192624,142.839192624,142.839192624,142.839192624
2023-05-11 09:39:00,142.839192624,142.839192624,142.839192624,142.839192624
2023-05-11 09:40:00,143.0312421242,143.0312421242,143.0312421242,143.0312421242
2023-05-11 09:41:00,143.0312421242,143.0312421242,143.0312421242,143.0312421242
2023-05-11 09:42:00,142.7869019185,142.7869019185,142.7869019185,142.7869019185
2023-05-11 09:43:00,142.7869019185,142.7869019185,142.7869019185,142.7869019185
2023-05-11 09:44:00,142.7869019185,142.7869019185,142.7869019185,142.7869019185
2023-05-11 09:45:00,142.7869019185,142.7869019185,142.7869019185,142.7869019185
2023-05-11 09:46:00,142.7869019185,142.7869019185,142.7869019185,142.7869019185
2023-05-11 09:47:00,142.7869019185,142.7869019185,142.7869019185,142.7869019185
2023-05-11 09:48:00,142.54883659746,142.54883659746,142.54883659746,142.54883659746
2023-05-11 09:49:00,142.54883659746,142.54883659746,142.54883659746,142.54883659746
2023-05-11 09:50:00,142.221211559,142.268748564,142.221211559,142.268748564
2023-05-11 09:51:00,142.126137549,142.107122747,142.107122747,142.126137549
2023-05-11 09:52:00,142.126137549,142.107122747,142.107122747,142.126137549
2023-05-11 09:53:00,141.650767499,141.764856311,141.650767499,141.764856311
2023-05-11 09:54:00,141.650767499,141.6079841945,141.6079841945,141.650767499
2023-05-11 09:55:00,141.5794619915,141.679289702,141.5794619915,141.679289702
2023-05-11 09:56:00,141.5794619915,141.679289702,141.5794619915,141.679289702
2023-05-11 09:57:00,141.5604471895,141.413082474,141.413082474,141.5604471895
2023-05-11 09:58:00,141.508156484,141.5604471895,141.508156484,141.5604471895
2023-05-11 09:59:00,141.536678687,141.47022195401,141.47022195401,141.536678687
2023-05-11 10:00:00,141.536678687,141.47022195401,141.47022195401,141.536678687
2023-05-11 10:01:00,141.4843879815,141.56187329965,141.4843879815,141.56187329965
2023-05-11 10:02:00,141.422589875,141.422589875,141.422589875,141.422589875
2023-05-11 10:03:00,141.422589875,141.422589875,141.422589875,141.422589875
2023-05-11 10:04:00,141.422589875,141.422589875,141.422589875,141.422589875
2023-05-11 10:05:00,141.422589875,141.422589875,141.422589875,141.422589875
2023-05-11 10:06:00,141.422589875,141.3798065705,141.3798065705,141.422589875
2023-05-11 10:07:00,141.517663885,141.489141682,141.479634281,141.517663885
2023-05-11 10:08:00,141.517663885,141.489141682,141.479634281,141.517663885
2023-05-11 10:09:00,141.47012688,141.47012688,141.47012688,141.47012688
2023-05-11 10:10:00,141.47012688,141.47012688,141.47012688,141.47012688
2023-05-11 10:11:00,141.47012688,141.47012688,141.47012688,141.47012688
2023-05-11 10:12:00,141.47012688,141.47012688,141.47012688,141.47012688
2023-05-11 10:13:00,141.47012688,141.47012688,141.47012688,141.47012688
2023-05-11 10:14:00,141.47012688,141.47012688,141.47012688,141.47012688
2023-05-11 10:15:00,141.47012688,141.47012688,141.47012688,141.47012688
2023-05-11 10:16:00,141.47012688,141.47012688,141.47012688,141.47012688
2023-05-11 10:17:00,141.47012688,141.47012688,141.47012688,141.47012688
2023-05-11 10:18:00,141.47012688,141.47012688,141.47012688,141.47012688
2023-05-11 10:19:00,141.47012688,141.47012688,141.47012688,141.47012688
2023-05-11 10:20:00,141.47012688,141.47012688,141.47012688,141.47012688
2023-05-11 10:21:00,141.517663885,141.517663885,141.517663885,141.517663885
2023-05-11 10:22:00,141.517663885,141.517663885,141.517663885,141.517663885
2023-05-11 10:23:00,141.508156484,141.508156484,141.508156484,141.508156484
2023-05-11 10:24:00,141.508156484,141.508156484,141.508156484,141.508156484
2023-05-11 10:25:00,141.717319306,141.612737895,141.612737895,141.717319306
2023-05-11 10:26:00,141.717319306,141.612737895,141.612737895,141.717319306
2023-05-11 10:27:00,141.717319306,141.612737895,141.612737895,141.717319306
2023-05-11 10:28:00,141.717319306,141.612737895,141.612737895,141.717319306
2023-05-11 10:29:00,141.717319306,141.612737895,141.612737895,141.717319306
2023-05-11 10:30:00,141.717319306,141.612737895,141.612737895,141.717319306
2023-05-11 10:31:00,141.717319306,141.612737895,141.612737895,141.717319306
2023-05-11 10:32:00,141.717319306,141.612737895,141.612737895,141.717319306
2023-05-11 10:33:00,141.717319306,141.612737895,141.612737895,141.717319306
2023-05-11 10:34:00,141.717319306,141.612737895,141.612737895,141.717319306
2023-05-11 10:35:00,141.878945123,141.897959925,141.878945123,141.897959925
2023-05-11 10:36:00,141.878945123,141.897959925,141.878945123,141.897959925
2023-05-11 10:37:00,141.993033935,141.993033935,141.993033935,141.993033935
2023-05-11 10:38:00,141.993033935,141.993033935,141.993033935,141.993033935
2023-05-11 10:39:00,141.993033935,141.993033935,141.993033935,141.993033935
2023-05-11 10:40:00,141.897959925,141.897959925,141.897959925,141.897959925
2023-05-11 10:41:00,142.031063539,141.964511732,141.964511732,142.031063539
2023-05-11 10:42:00,142.031063539,141.964511732,141.964511732,142.031063539
2023-05-11 10:43:00,142.031063539,141.964511732,141.964511732,142.031063539
2023-05-11 10:44:00,141.955004331,141.91355206264,141.91355206264,141.955004331
2023-05-11 10:45:00,141.955004331,141.91355206264,141.91355206264,141.955004331
2023-05-11 10:46:00,142.059585742,141.94549693,141.94549693,142.059585742
2023-05-11 10:47:00,142.059585742,141.94549693,141.94549693,142.059585742
2023-05-11 10:48:00,142.031063539,142.031063539,142.031063539,142.031063539
2023-05-11 10:49:00,142.031063539,142.031063539,142.031063539,142.031063539
2023-05-11 10:50:00,142.031063539,142.031063539,142.031063539,142.031063539
2023-05-11 10:51:00,142.116630148,142.116630148,142.097615346,142.13564495
2023-05-11 10:52:00,142.116630148,142.116630148,142.097615346,142.13564495
2023-05-11 10:53:00,142.1118764475,142.1118764475,142.1118764475,142.1118764475
2023-05-11 10:54:00,142.050078341,142.050078341,142.050078341,142.050078341
2023-05-11 10:55:00,141.9787728335,142.04057094,141.9787728335,142.04057094
2023-05-11 10:56:00,141.974019133,141.983526534,141.974019133,141.983526534
2023-05-11 10:57:00,141.974019133,141.983526534,141.974019133,141.983526534
2023-05-11 10:58:00,141.974019133,141.983526534,141.974019133,141.983526534
2023-05-11 10:59:00,141.974019133,141.983526534,141.974019133,141.983526534
2023-05-11 11:00:00,141.97411420701,141.97411420701,141.97411420701,141.97411420701
2023-05-11 11:01:00,142.002541336,142.002541336,142.002541336,142.002541336
2023-05-11 11:02:00,142.002541336,142.002541336,142.002541336,142.002541336
2023-05-11 11:03:00,142.002541336,142.002541336,142.002541336,142.002541336
2023-05-11 11:04:00,142.002541336,142.002541336,142.002541336,142.002541336
2023-05-11 11:05:00,141.8932062245,141.96308562185,141.8932062245,141.993033935
2023-05-11 11:06:00,141.8932062245,141.96308562185,141.8932062245,141.993033935
2023-05-11 11:07:00,141.641260098,141.6602749,141.641260098,141.6602749
2023-05-11 11:08:00,141.669782301,141.669782301,141.669782301,141.669782301
2023-05-11 11:09:00,141.669782301,141.669782301,141.669782301,141.669782301
2023-05-11 11:10:00,141.745841509,141.736334108,141.736334108,141.745841509
2023-05-11 11:11:00,141.7791174125,141.7791174125,141.7791174125,141.7791174125
2023-05-11 11:12:00,141.7791174125,141.7791174125,141.7791174125,141.7791174125
2023-05-11 11:13:00,141.7791174125,141.7791174125,141.7791174125,141.7791174125
2023-05-11 11:14:00,141.7791174125,141.7791174125,141.7791174125,141.7791174125
2023-05-11 11:15:00,141.7791174125,141.7791174125,141.7791174125,141.7791174125
2023-05-11 11:16:00,141.7791174125,141.7791174125,141.7791174125,141.7791174125
2023-05-11 11:17:00,141.7791174125,141.7791174125,141.7791174125,141.7791174125
2023-05-11 11:18:00,141.7791174125,141.7791174125,141.7791174125,141.7791174125
2023-05-11 11:19:00,141.7791174125,141.7791174125,141.7791174125,141.7791174125
2023-05-11 11:20:00,141.7791174125,141.7791174125,141.7791174125,141.7791174125
2023-05-11 11:21:00,141.7791174125,141.7791174125,141.7791174125,141.7791174125
2023-05-11 11:22:00,141.7791174125,141.7791174125,141.7791174125,141.7791174125
2023-05-11 11:23:00,141.61730144748,141.61730144748,141.61730144748,141.61730144748
2023-05-11 11:24:00,141.612737895,141.612737895,141.612737895,141.612737895
2023-05-11 11:25:00,141.612737895,141.612737895,141.612737895,141.612737895
2023-05-11 11:26:00,141.612737895,141.612737895,141.612737895,141.612737895
2023-05-11 11:27:00,141.612737895,141.612737895,141.612737895,141.612737895
2023-05-11 11:28:00,141.612737895,141.612737895,141.612737895,141.612737895
2023-05-11 11:29:00,141.612737895,141.612737895,141.612737895,141.612737895
2023-05-11 11:30:00,141.612737895,141.612737895,141.612737895,141.612737895
2023-05-11 11:31:00,141.6602749,141.6602749,141.6602749,141.6602749
2023-05-11 11:32:00,141.73623903399,141.73623903399,141.73623903399,141.73623903399
2023-05-11 11:33:00,141.73623903399,141.73623903399,141.73623903399,141.73623903399
2023-05-11 11:34:00,141.73623903399,141.73623903399,141.73623903399,141.73623903399
2023-05-11 11:35:00,141.73623903399,141.73623903399,141.73623903399,141.73623903399
2023-05-11 11:36:00,141.73623903399,141.73623903399,141.73623903399,141.73623903399
2023-05-11 11:37:00,141.783871113,141.72986907532,141.72986907532,141.783871113
2023-05-11 11:38:00,141.745841509,141.745841509,141.745841509,141.745841509
2023-05-11 11:39:00,141.745841509,141.745841509,141.745841509,141.745841509
2023-05-11 11:40:00,141.6840434025,141.6840434025,141.6840434025,141.6840434025
2023-05-11 11:41:00,141.6840434025,141.6840434025,141.6840434025,141.6840434025
2023-05-11 11:42:00,141.6840434025,141.6840434025,141.6840434025,141.6840434025
2023-05-11 11:43:00,141.983526534,141.94549693,141.94549693,141.983526534
2023-05-11 11:44:00,141.9987383756,141.9987383756,141.9987383756,141.9987383756
2023-05-11 11:45:00,141.9987383756,141.9987383756,141.9987383756,141.9987383756
2023-05-11 11:46:00,141.9987383756,141.9987383756,141.9987383756,141.9987383756
2023-05-11 11:47:00,141.9987383756,141.9987383756,141.9987383756,141.9987383756
2023-05-11 11:48:00,141.9987383756,141.9987383756,141.9987383756,141.9987383756
2023-05-11 11:49:00,141.9987383756,141.9987383756,141.9987383756,141.9987383756
2023-05-11 11:50:00,141.9987383756,141.9987383756,141.9987383756,141.9987383756
2023-05-11 11:51:00,141.9987383756,141.9987383756,141.9987383756,141.9987383756
2023-05-11 11:52:00,141.9987383756,141.9987383756,141.9987383756,141.9987383756
2023-05-11 11:53:00,141.9987383756,141.9987383756,141.9987383756,141.9987383756
2023-05-11 11:54:00,141.9987383756,141.9987383756,141.9987383756,141.9987383756
2023-05-11 11:55:00,141.9987383756,141.9987383756,141.9987383756,141.9987383756
2023-05-11 11:56:00,141.9987383756,141.9987383756,141.9987383756,141.9987383756
2023-05-11 11:57:00,141.9987383756,141.9987383756,141.9987383756,141.9987383756
2023-05-11 11:58:00,141.9987383756,141.9987383756,141.9987383756,141.9987383756
2023-05-11 11:59:00,141.9987383756,141.9987383756,141.9987383756,141.9987383756
2023-05-11 12:00:00,141.9987383756,141.9987383756,141.9987383756,141.9987383756
2023-05-11 12:01:00,141.9987383756,141.9987383756,141.9987383756,141.9987383756
2023-05-11 12:02:00,141.9987383756,141.9987383756,141.9987383756,141.9987383756
2023-05-11 12:03:00,141.9987383756,141.9987383756,141.9987383756,141.9987383756
2023-05-11 12:04:00,141.9987383756,141.9987383756,141.9987383756,141.9987383756
2023-05-11 12:05:00,141.9987383756,141.9987383756,141.9987383756,141.9987383756
2023-05-11 12:06:00,141.9987383756,141.9987383756,141.9987383756,141.9987383756
2023-05-11 12:07:00,142.031063539,142.012048737,142.012048737,142.031063539
2023-05-11 12:08:00,142.183181955,142.183181955,142.183181955,142.183181955
2023-05-11 12:09:00,142.183181955,142.183181955,142.183181955,142.183181955
2023-05-11 12:10:00,142.183181955,142.183181955,142.183181955,142.183181955
2023-05-11 12:11:00,142.297270767,142.297270767,142.297270767,142.297270767
2023-05-11 12:12:00,142.297270767,142.297270767,142.297270767,142.297270767
2023-05-11 12:13:00,142.297270767,142.297270767,142.297270767,142.297270767
2023-05-11 12:14:00,142.297270767,142.297270767,142.297270767,142.297270767
2023-05-11 12:15:00,142.297270767,142.297270767,142.297270767,142.297270767
2023-05-11 12:16:00,142.297270767,142.297270767,142.297270767,142.297270767
2023-05-11 12:17:00,142.154659752,142.126137549,142.126137549,142.192689356
2023-05-11 12:18:00,142.154659752,142.126137549,142.126137549,142.192689356
2023-05-11 12:19:00,142.116630148,142.116630148,142.116630148,142.116630148
2023-05-11 12:20:00,142.116630148,142.116630148,142.116630148,142.116630148
2023-05-11 12:21:00,142.2069504575,142.2069504575,142.2069504575,142.2069504575
2023-05-11 12:22:00,142.287763366,142.287763366,142.287763366,142.287763366
2023-05-11 12:23:00,142.30335550364,142.29841165512,142.29841165512,142.30335550364
2023-05-11 12:24:00,142.30335550364,142.29841165512,142.29841165512,142.30335550364
2023-05-11 12:25:00,142.30335550364,142.29841165512,142.29841165512,142.30335550364
2023-05-11 12:26:00,142.439881782,142.439881782,142.439881782,142.439881782
2023-05-11 12:27:00,142.382837376,142.382837376,142.382837376,142.382837376
2023-05-11 12:28:00,142.382837376,142.382837376,142.382837376,142.382837376
2023-05-11 12:29:00,142.382837376,142.382837376,142.382837376,142.382837376
2023-05-11 12:30:00,142.382837376,142.382837376,142.382837376,142.382837376
2023-05-11 12:31:00,142.382837376,142.382837376,142.382837376,142.382837376
2023-05-11 12:32:00,142.382837376,142.382837376,142.382837376,142.382837376
2023-05-11 12:33:00,142.306778168,142.306778168,142.306778168,142.306778168
2023-05-11 12:34:00,142.306778168,142.306778168,142.306778168,142.306778168
2023-05-11 12:35:00,142.306778168,142.306778168,142.306778168,142.306778168
2023-05-11 12:36:00,142.306778168,142.306778168,142.306778168,142.306778168
2023-05-11 12:37:00,142.306778168,142.306778168,142.306778168,142.306778168
2023-05-11 12:38:00,142.306778168,142.306778168,142.306778168,142.306778168
2023-05-11 12:39:00,142.306778168,142.306778168,142.306778168,142.306778168
2023-05-11 12:40:00,142.240226361,142.240226361,142.240226361,142.240226361
2023-05-11 12:41:00,142.240226361,142.240226361,142.240226361,142.240226361
2023-05-11 12:42:00,142.240226361,142.240226361,142.240226361,142.240226361
2023-05-11 12:43:00,142.240226361,142.240226361,142.240226361,142.240226361
2023-05-11 12:44:00,142.240226361,142.240226361,142.240226361,142.240226361
2023-05-11 12:45:00,142.240226361,142.240226361,142.240226361,142.240226361
2023-05-11 12:46:00,142.240226361,142.240226361,142.240226361,142.240226361
2023-05-11 12:47:00,142.240226361,142.240226361,142.240226361,142.240226361
2023-05-11 12:48:00,142.240226361,142.240226361,142.240226361,142.240226361
2023-05-11 12:49:00,142.240226361,142.240226361,142.240226361,142.240226361
2023-05-11 12:50:00,142.240226361,142.240226361,142.240226361,142.240226361
2023-05-11 12:51:00,142.240226361,142.240226361,142.240226361,142.240226361
2023-05-11 12:52:00,142.240226361,142.240226361,142.240226361,142.240226361
2023-05-11 12:53:00,142.240226361,142.240226361,142.240226361,142.240226361
2023-05-11 12:54:00,142.240226361,142.240226361,142.240226361,142.240226361
2023-05-11 12:55:00,142.240226361,142.240226361,142.240226361,142.240226361
2023-05-11 12:56:00,142.240226361,142.240226361,142.240226361,142.240226361
2023-05-11 12:57:00,142.012048737,142.012048737,142.012048737,142.012048737
2023-05-11 12:58:00,142.012048737,142.012048737,142.012048737,142.012048737
2023-05-11 12:59:00,142.012048737,142.012048737,142.012048737,142.012048737
2023-05-11 13:00:00,142.012048737,142.012048737,142.012048737,142.012048737
2023-05-11 13:01:00,142.012048737,142.012048737,142.012048737,142.012048737
2023-05-11 13:02:00,142.02764087464,142.02764087464,142.02764087464,142.02764087464
2023-05-11 13:03:00,142.02764087464,142.02764087464,142.02764087464,142.02764087464
2023-05-11 13:04:00,141.94549693,141.935989529,141.935989529,141.94549693
2023-05-11 13:05:00,141.92790823815,141.92790823815,141.92790823815,141.92790823815
2023-05-11 13:06:00,141.92790823815,141.92790823815,141.92790823815,141.92790823815
2023-05-11 13:07:00,141.935989529,141.935989529,141.935989529,141.935989529
2023-05-11 13:08:00,141.935989529,141.935989529,141.935989529,141.935989529
2023-05-11 13:09:00,141.85441602842,141.85441602842,141.85441602842,141.85441602842
2023-05-11 13:10:00,141.85441602842,141.85441602842,141.85441602842,141.85441602842
2023-05-11 13:11:00,141.85441602842,141.85441602842,141.85441602842,141.85441602842
2023-05-11 13:12:00,141.85441602842,141.85441602842,141.85441602842,141.85441602842
2023-05-11 13:13:00,141.85441602842,141.85441602842,141.85441602842,141.85441602842
2023-05-11 13:14:00,141.85441602842,141.85441602842,141.85441602842,141.85441602842
2023-05-11 13:15:00,141.793378514,141.793378514,141.793378514,141.793378514
2023-05-11 13:16:00,141.793378514,141.793378514,141.793378514,141.793378514
2023-05-11 13:17:00,141.793378514,141.793378514,141.793378514,141.793378514
2023-05-11 13:18:00,141.821900717,141.821900717,141.821900717,141.821900717
2023-05-11 13:19:00,141.821900717,141.821900717,141.821900717,141.821900717
2023-05-11 13:20:00,141.821900717,141.821900717,141.821900717,141.821900717
2023-05-11 13:21:00,141.821900717,141.821900717,141.821900717,141.821900717
2023-05-11 13:22:00,141.821900717,141.821900717,141.821900717,141.821900717
2023-05-11 13:23:00,141.821900717,141.821900717,141.821900717,141.821900717
2023-05-11 13:24:00,141.821900717,141.821900717,141.821900717,141.821900717
2023-05-11 13:25:00,141.821900717,141.821900717,141.821900717,141.821900717
2023-05-11 13:26:00,141.821900717,141.821900717,141.821900717,141.821900717
2023-05-11 13:27:00,141.821900717,141.821900717,141.821900717,141.821900717
2023-05-11 13:28:00,141.821900717,141.821900717,141.821900717,141.821900717
2023-05-11 13:29:00,141.821900717,141.821900717,141.821900717,141.821900717
2023-05-11 13:30:00,141.821900717,141.821900717,141.821900717,141.821900717
2023-05-11 13:31:00,141.821900717,141.821900717,141.821900717,141.821900717
2023-05-11 13:32:00,141.821900717,141.821900717,141.821900717,141.821900717
2023-05-11 13:33:00,141.821900717,141.821900717,141.821900717,141.821900717
2023-05-11 13:34:00,141.6079841945,141.6079841945,141.6079841945,141.6079841945
2023-05-11 13:35:00,141.527171286,141.527171286,141.527171286,141.527171286
2023-05-11 13:36:00,141.527171286,141.527171286,141.527171286,141.527171286
2023-05-11 13:37:00,141.527171286,141.527171286,141.527171286,141.527171286
2023-05-11 13:38:00,141.555693489,141.555693489,141.555693489,141.555693489
2023-05-11 13:39:00,141.555693489,141.555693489,141.555693489,141.555693489
2023-05-11 13:40:00,141.555693489,141.555693489,141.555693489,141.555693489
2023-05-11 13:41:00,141.6745360015,141.726826707,141.669782301,141.736334108
2023-05-11 13:42:00,141.6745360015,141.726826707,141.669782301,141.736334108
2023-05-11 13:43:00,141.6745360015,141.726826707,141.669782301,141.736334108
2023-05-11 13:44:00,141.517663885,141.517663885,141.517663885,141.517663885
2023-05-11 13:45:00,141.413082474,141.498649083,141.413082474,141.498649083
2023-05-11 13:46:00,141.3712499096,141.36516517296,141.36516517296,141.3712499096
2023-05-11 13:47:00,141.3712499096,141.36516517296,141.36516517296,141.3712499096
2023-05-11 13:48:00,141.18490485,141.18490485,141.18490485,141.18490485
2023-05-11 13:49:00,141.18490485,141.18490485,141.18490485,141.18490485
2023-05-11 13:50:00,141.18490485,141.18490485,141.18490485,141.18490485
2023-05-11 13:51:00,141.222934454,141.222934454,141.222934454,141.222934454
2023-05-11 13:52:00,141.222934454,141.222934454,141.222934454,141.222934454
2023-05-11 13:53:00,141.308501063,141.260964058,141.260964058,141.308501063
2023-05-11 13:54:00,141.308501063,141.260964058,141.260964058,141.308501063
2023-05-11 13:55:00,141.308501063,141.260964058,141.260964058,141.308501063
2023-05-11 13:56:00,141.308501063,141.260964058,141.260964058,141.308501063
2023-05-11 13:57:00,141.308501063,141.260964058,141.260964058,141.308501063
2023-05-11 13:58:00,141.308501063,141.260964058,141.260964058,141.308501063
2023-05-11 13:59:00,141.308501063,141.260964058,141.260964058,141.308501063
2023-05-11 14:00:00,141.308501063,141.260964058,141.260964058,141.308501063
2023-05-11 14:01:00,141.308501063,141.260964058,141.260964058,141.308501063
2023-05-11 14:02:00,141.308501063,141.260964058,141.260964058,141.308501063
2023-05-11 14:03:00,141.308501063,141.260964058,141.260964058,141.308501063
2023-05-11 14:04:00,141.403575073,141.403575073,141.403575073,141.403575073
2023-05-11 14:05:00,141.403575073,141.403575073,141.403575073,141.403575073
2023-05-11 14:06:00,141.403575073,141.403575073,141.403575073,141.403575073
2023-05-11 14:07:00,141.403575073,141.403575073,141.403575073,141.403575073
2023-05-11 14:08:00,141.403575073,141.403575073,141.403575073,141.403575073
2023-05-11 14:09:00,141.403575073,141.403575073,141.403575073,141.403575073
2023-05-11 14:10:00,141.403575073,141.403575073,141.403575073,141.403575073
2023-05-11 14:11:00,141.403575073,141.403575073,141.403575073,141.403575073
2023-05-11 14:12:00,141.403575073,141.403575073,141.403575073,141.403575073
2023-05-11 14:13:00,141.403575073,141.403575073,141.403575073,141.403575073
2023-05-11 14:14:00,141.213427053,141.213427053,141.213427053,141.213427053
2023-05-11 14:15:00,141.213427053,141.213427053,141.213427053,141.213427053
2023-05-11 14:16:00,141.213427053,141.213427053,141.213427053,141.213427053
2023-05-11 14:17:00,141.213427053,141.213427053,141.213427053,141.213427053
2023-05-11 14:18:00,141.213427053,141.213427053,141.213427053,141.213427053
2023-05-11 14:19:00,141.213427053,141.213427053,141.213427053,141.213427053
2023-05-11 14:20:00,141.137367845,141.137367845,141.137367845,141.137367845
2023-05-11 14:21:00,141.137367845,141.137367845,141.137367845,141.137367845
2023-05-11 14:22:00,141.08983084,141.08983084,141.08983084,141.08983084
2023-05-11 14:23:00,141.032786434,141.042293835,141.032786434,141.042293835
2023-05-11 14:24:00,141.032786434,141.042293835,141.032786434,141.042293835
2023-05-11 14:25:00,141.032786434,141.042293835,141.032786434,141.042293835
2023-05-11 14:26:00,141.37505287,141.346530667,141.346530667,141.37505287
2023-05-11 14:27:00,141.37505287,141.346530667,141.346530667,141.37505287
2023-05-11 14:28:00,141.37505287,141.346530667,141.346530667,141.37505287
2023-05-11 14:29:00,141.37505287,141.346530667,141.346530667,141.37505287
2023-05-11 14:30:00,141.37505287,141.346530667,141.346530667,141.37505287
2023-05-11 14:31:00,141.37505287,141.346530667,141.346530667,141.37505287
2023-05-11 14:32:00,141.37505287,141.346530667,141.346530667,141.37505287
2023-05-11 14:33:00,141.37505287,141.346530667,141.346530667,141.37505287
2023-05-11 14:34:00,141.298993662,141.298993662,141.298993662,141.298993662
2023-05-11 14:35:00,141.298993662,141.298993662,141.298993662,141.298993662
2023-05-11 14:36:00,141.298993662,141.298993662,141.298993662,141.298993662
2023-05-11 14:37:00,141.298993662,141.298993662,141.298993662,141.298993662
2023-05-11 14:38:00,141.298993662,141.298993662,141.298993662,141.298993662
2023-05-11 14:39:00,141.298993662,141.298993662,141.298993662,141.298993662
2023-05-11 14:40:00,141.298993662,141.298993662,141.298993662,141.298993662
2023-05-11 14:41:00,141.298993662,141.298993662,141.298993662,141.298993662
2023-05-11 14:42:00,141.298993662,141.298993662,141.298993662,141.298993662
2023-05-11 14:43:00,141.298993662,141.298993662,141.298993662,141.298993662
2023-05-11 14:44:00,141.432097276,141.460619479,141.432097276,141.460619479
2023-05-11 14:45:00,141.432097276,141.460619479,141.432097276,141.460619479
2023-05-11 14:46:00,141.432097276,141.460619479,141.432097276,141.460619479
2023-05-11 14:47:00,141.432097276,141.460619479,141.432097276,141.460619479
2023-05-11 14:48:00,141.432097276,141.460619479,141.432097276,141.460619479
2023-05-11 14:49:00,141.432097276,141.460619479,141.432097276,141.460619479
2023-05-11 14:50:00,141.327515865,141.327515865,141.327515865,141.327515865
2023-05-11 14:51:00,141.327515865,141.327515865,141.327515865,141.327515865
2023-05-11 14:52:00,141.327515865,141.327515865,141.327515865,141.327515865
2023-05-11 14:53:00,141.327515865,141.327515865,141.327515865,141.327515865
2023-05-11 14:54:00,141.327515865,141.327515865,141.327515865,141.327515865
2023-05-11 14:55:00,141.327515865,141.327515865,141.327515865,141.327515865
2023-05-11 14:56:00,141.327515865,141.327515865,141.327515865,141.327515865
2023-05-11 14:57:00,141.327515865,141.327515865,141.327515865,141.327515865
2023-05-11 14:58:00,141.327515865,141.327515865,141.327515865,141.327515865
2023-05-11 14:59:00,141.327515865,141.327515865,141.327515865,141.327515865
2023-05-11 15:00:00,141.327515865,141.327515865,141.327515865,141.327515865
2023-05-11 15:01:00,141.327515865,141.327515865,141.327515865,141.327515865
2023-05-11 15:02:00,141.327515865,141.327515865,141.327515865,141.327515865
2023-05-11 15:03:00,141.308501063,141.298993662,141.298993662,141.308501063
2023-05-11 15:04:00,141.337023266,141.337023266,141.337023266,141.337023266
2023-05-11 15:05:00,141.337023266,141.337023266,141.337023266,141.337023266
2023-05-11 15:06:00,141.337023266,141.337023266,141.337023266,141.337023266
2023-05-11 15:07:00,141.337023266,141.337023266,141.337023266,141.337023266
2023-05-11 15:08:00,141.337023266,141.337023266,141.337023266,141.337023266
2023-05-11 15:09:00,141.346530667,141.346530667,141.346530667,141.346530667
2023-05-11 15:10:00,141.346530667,141.346530667,141.346530667,141.346530667
2023-05-11 15:11:00,141.346530667,141.346530667,141.346530667,141.346530667
2023-05-11 15:12:00,141.346530667,141.346530667,141.346530667,141.346530667
2023-05-11 15:13:00,141.346530667,141.346530667,141.346530667,141.346530667
2023-05-11 15:14:00,141.346530667,141.346530667,141.346530667,141.346530667
2023-05-11 15:15:00,141.346530667,141.346530667,141.346530667,141.346530667
2023-05-11 15:16:00,141.346530667,141.346530667,141.346530667,141.346530667
2023-05-11 15:17:00,141.346530667,141.346530667,141.346530667,141.346530667
2023-05-11 15:18:00,141.346530667,141.346530667,141.346530667,141.346530667
2023-05-11 15:19:00,141.346530667,141.346530667,141.346530667,141.346530667
2023-05-11 15:20:00,141.451112078,141.451112078,141.451112078,141.451112078
2023-05-11 15:21:00,141.403575073,141.403575073,141.403575073,141.403575073
2023-05-11 15:22:00,141.403575073,141.403575073,141.403575073,141.403575073
2023-05-11 15:23:00,141.403575073,141.403575073,141.403575073,141.403575073
2023-05-11 15:24:00,141.403575073,141.403575073,141.403575073,141.403575073
2023-05-11 15:25:00,141.403575073,141.403575073,141.403575073,141.403575073
2023-05-11 15:26:00,141.403575073,141.403575073,141.403575073,141.403575073
2023-05-11 15:27:00,141.403575073,141.403575073,141.403575073,141.403575073
2023-05-11 15:28:00,141.298993662,141.298993662,141.298993662,141.298993662
2023-05-11 15:29:00,141.394067672,141.403575073,141.394067672,141.403575073
2023-05-11 15:30:00,141.394067672,141.403575073,141.394067672,141.403575073
2023-05-11 15:31:00,141.37505287,141.356038068,141.356038068,141.37505287
2023-05-11 15:32:00,141.37505287,141.356038068,141.356038068,141.37505287
2023-05-11 15:33:00,141.394067672,141.394067672,141.394067672,141.394067672
2023-05-11 15:34:00,141.394067672,141.394067672,141.394067672,141.394067672
2023-05-11 15:35:00,141.365545469,141.365545469,141.365545469,141.365545469
2023-05-11 15:36:00,141.365545469,141.365545469,141.365545469,141.365545469
2023-05-11 15:37:00,141.356038068,141.356038068,141.356038068,141.356038068
2023-05-11 15:38:00,141.356038068,141.356038068,141.356038068,141.356038068
2023-05-11 15:39:00,141.356038068,141.356038068,141.356038068,141.356038068
2023-05-11 15:40:00,141.356038068,141.356038068,141.356038068,141.356038068
2023-05-11 15:41:00,141.356038068,141.356038068,141.356038068,141.356038068
2023-05-11 15:42:00,141.356038068,141.356038068,141.356038068,141.356038068
2023-05-11 15:43:00,141.356038068,141.356038068,141.356038068,141.356038068
2023-05-11 15:44:00,141.356038068,141.356038068,141.356038068,141.356038068
2023-05-11 15:45:00,141.356038068,141.356038068,141.356038068,141.356038068
2023-05-11 15:46:00,141.356038068,141.356038068,141.356038068,141.356038068
2023-05-11 15:47:00,141.356038068,141.356038068,141.356038068,141.356038068
2023-05-11 15:48:00,141.356038068,141.356038068,141.356038068,141.356038068
2023-05-11 15:49:00,141.356038068,141.356038068,141.356038068,141.356038068
2023-05-11 15:50:00,141.356038068,141.356038068,141.356038068,141.356038068
2023-05-11 15:51:00,141.356038068,141.356038068,141.356038068,141.356038068
2023-05-11 15:52:00,141.356038068,141.356038068,141.356038068,141.356038068
2023-05-11 15:53:00,141.356038068,141.356038068,141.356038068,141.356038068
2023-05-11 15:54:00,141.356038068,141.356038068,141.356038068,141.356038068
2023-05-11 15:55:00,141.356038068,141.356038068,141.356038068,141.356038068
2023-05-11 15:56:00,141.356038068,141.356038068,141.356038068,141.356038068
2023-05-11 15:57:00,141.6602749,141.6602749,141.6602749,141.6602749
2023-05-11 15:58:00,141.6602749,141.6602749,141.6602749,141.6602749
2023-05-11 15:59:00,141.6602749,141.6602749,141.6602749,141.6602749
2023-05-11 16:00:00,141.641260098,141.669782301,141.641260098,141.669782301
2023-05-12 09:31:00,142.611015,142.306778168,142.306778168,142.611015
2023-05-12 09:32:00,142.981803639,142.981803639,142.981803639,142.981803639
2023-05-12 09:33:00,142.915251832,142.915251832,142.915251832,142.915251832
2023-05-12 09:34:00,142.915251832,142.915251832,142.915251832,142.915251832
2023-05-12 09:35:00,142.915251832,142.915251832,142.915251832,142.915251832
2023-05-12 09:36:00,142.98227900905,142.98227900905,142.98227900905,142.98227900905
2023-05-12 09:37:00,143.076877649,143.076877649,143.076877649,143.076877649
2023-05-12 09:38:00,143.08638505,143.08638505,143.08638505,143.08638505
2023-05-12 09:39:00,143.08638505,143.08638505,143.08638505,143.08638505
2023-05-12 09:40:00,143.08638505,143.08638505,143.08638505,143.08638505
2023-05-12 09:41:00,143.08638505,143.08638505,143.08638505,143.08638505
2023-05-12 09:42:00,143.08638505,143.08638505,143.08638505,143.08638505
2023-05-12 09:43:00,143.08638505,143.08638505,143.08638505,143.08638505
2023-05-12 09:44:00,143.08638505,143.08638505,143.08638505,143.08638505
2023-05-12 09:45:00,143.08638505,143.08638505,143.08638505,143.08638505
2023-05-12 09:46:00,143.08638505,143.08638505,143.08638505,143.08638505
2023-05-12 09:47:00,143.08638505,143.08638505,143.08638505,143.08638505
2023-05-12 09:48:00,143.08638505,143.08638505,143.08638505,143.08638505
2023-05-12 09:49:00,143.08638505,143.08638505,143.08638505,143.08638505
2023-05-12 09:50:00,143.08638505,143.08638505,143.08638505,143.08638505
2023-05-12 09:51:00,142.89623703,142.89623703,142.89623703,142.89623703
2023-05-12 09:52:00,142.89623703,142.89623703,142.89623703,142.89623703
2023-05-12 09:53:00,142.89623703,142.89623703,142.89623703,142.89623703
2023-05-12 09:54:00,142.858207426,142.858207426,142.858207426,142.858207426
2023-05-12 09:55:00,142.858207426,142.858207426,142.858207426,142.858207426
2023-05-12 09:56:00,142.772640817,142.772640817,142.772640817,142.772640817
2023-05-12 09:57:00,142.772640817,142.772640817,142.772640817,142.772640817
2023-05-12 09:58:00,142.696581609,142.74459398405,142.6937293887,142.74459398405
2023-05-12 09:59:00,142.7203501115,142.7203501115,142.7203501115,142.7203501115
2023-05-12 10:00:00,142.791655619,142.791655619,142.791655619,142.791655619
2023-05-12 10:01:00,142.791655619,142.791655619,142.791655619,142.791655619
2023-05-12 10:02:00,142.791655619,142.791655619,142.791655619,142.791655619
2023-05-12 10:03:00,142.791655619,142.791655619,142.791655619,142.791655619
2023-05-12 10:04:00,142.791655619,142.791655619,142.791655619,142.791655619
2023-05-12 10:05:00,142.791655619,142.791655619,142.791655619,142.791655619
2023-05-12 10:06:00,142.791655619,142.791655619,142.791655619,142.791655619
2023-05-12 10:07:00,142.791655619,142.791655619,142.791655619,142.791655619
2023-05-12 10:08:00,142.791655619,142.791655619,142.791655619,142.791655619
2023-05-12 10:09:00,142.791655619,142.791655619,142.791655619,142.791655619
2023-05-12 10:10:00,142.791655619,142.791655619,142.791655619,142.791655619
2023-05-12 10:11:00,142.791655619,142.791655619,142.791655619,142.791655619
2023-05-12 10:12:00,142.611015,142.611015,142.611015,142.611015
2023-05-12 10:13:00,142.611015,142.611015,142.611015,142.611015
2023-05-12 10:14:00,142.611015,142.611015,142.611015,142.611015
2023-05-12 10:15:00,142.611015,142.611015,142.611015,142.611015
2023-05-12 10:16:00,142.611015,142.611015,142.611015,142.611015
2023-05-12 10:17:00,142.611015,142.611015,142.611015,142.611015
2023-05-12 10:18:00,142.611015,142.611015,142.611015,142.611015
2023-05-12 10:19:00,142.611015,142.611015,142.611015,142.611015
2023-05-12 10:20:00,142.611015,142.611015,142.611015,142.611015
2023-05-12 10:21:00,142.611015,142.611015,142.611015,142.611015
2023-05-12 10:22:00,142.611015,142.611015,142.611015,142.611015
2023-05-12 10:23:00,142.611015,142.611015,142.611015,142.611015
2023-05-12 10:24:00,142.658552005,142.696581609,142.658552005,142.696581609
2023-05-12 10:25:00,142.658552005,142.696581609,142.658552005,142.696581609
2023-05-12 10:26:00,142.630029802,142.56385829104,142.56385829104,142.630029802
2023-05-12 10:27:00,142.630029802,142.56385829104,142.56385829104,142.630029802
2023-05-12 10:28:00,142.630029802,142.56385829104,142.56385829104,142.630029802
2023-05-12 10:29:00,142.630029802,142.56385829104,142.56385829104,142.630029802
2023-05-12 10:30:00,142.630029802,142.56385829104,142.56385829104,142.630029802
2023-05-12 10:31:00,142.630029802,142.56385829104,142.56385829104,142.630029802
2023-05-12 10:32:00,142.630029802,142.56385829104,142.56385829104,142.630029802
2023-05-12 10:33:00,142.630029802,142.56385829104,142.56385829104,142.630029802
2023-05-12 10:34:00,142.630029802,142.56385829104,142.56385829104,142.630029802
2023-05-12 10:35:00,142.630029802,142.56385829104,142.56385829104,142.630029802
2023-05-12 10:36:00,142.630029802,142.56385829104,142.56385829104,142.630029802
2023-05-12 10:37:00,142.630029802,142.56385829104,142.56385829104,142.630029802
2023-05-12 10:38:00,142.630029802,142.56385829104,142.56385829104,142.630029802
2023-05-12 10:39:00,142.316285569,142.316285569,142.316285569,142.316285569
2023-05-12 10:40:00,142.316285569,142.316285569,142.316285569,142.316285569
2023-05-12 10:41:00,142.354315173,142.354315173,142.354315173,142.354315173
2023-05-12 10:42:00,142.354315173,142.354315173,142.354315173,142.354315173
2023-05-12 10:43:00,142.354315173,142.354315173,142.354315173,142.354315173
2023-05-12 10:44:00,142.354315173,142.354315173,142.354315173,142.354315173
2023-05-12 10:45:00,142.2830096655,142.2830096655,142.2830096655,142.2830096655
2023-05-12 10:46:00,142.30335550364,142.30335550364,142.30335550364,142.30335550364
2023-05-12 10:47:00,142.30335550364,142.30335550364,142.30335550364,142.30335550364
2023-05-12 10:48:00,142.3495614725,142.3495614725,142.3495614725,142.3495614725
2023-05-12 10:49:00,142.3495614725,142.3495614725,142.3495614725,142.3495614725
2023-05-12 10:50:00,142.3495614725,142.3495614725,142.3495614725,142.3495614725
2023-05-12 10:51:00,142.3495614725,142.3495614725,142.3495614725,142.3495614725
2023-05-12 10:52:00,142.3495614725,142.3495614725,142.3495614725,142.3495614725
2023-05-12 10:53:00,142.3495614725,142.3495614725,142.3495614725,142.3495614725
2023-05-12 10:54:00,142.3495614725,142.3495614725,142.3495614725,142.3495614725
2023-05-12 10:55:00,142.3495614725,142.3495614725,142.3495614725,142.3495614725
2023-05-12 10:56:00,142.3495614725,142.3495614725,142.3495614725,142.3495614725
2023-05-12 10:57:00,142.3495614725,142.3495614725,142.3495614725,142.3495614725
2023-05-12 10:58:00,142.392344777,142.392344777,142.392344777,142.392344777
2023-05-12 10:59:00,142.4161132795,142.4161132795,142.4161132795,142.4161132795
2023-05-12 11:00:00,142.4161132795,142.4161132795,142.4161132795,142.4161132795
2023-05-12 11:01:00,142.4161132795,142.4161132795,142.4161132795,142.4161132795
2023-05-12 11:02:00,142.4161132795,142.4161132795,142.4161132795,142.4161132795
2023-05-12 11:03:00,142.4161132795,142.4161132795,142.4161132795,142.4161132795
2023-05-12 11:04:00,142.4161132795,142.4161132795,142.4161132795,142.4161132795
2023-05-12 11:05:00,142.278255965,142.221211559,142.221211559,142.278255965
2023-05-12 11:06:00,142.221211559,142.221211559,142.221211559,142.221211559
2023-05-12 11:07:00,142.221211559,142.221211559,142.221211559,142.221211559
2023-05-12 11:08:00,142.221211559,142.221211559,142.221211559,142.221211559
2023-05-12 11:09:00,142.221211559,142.221211559,142.221211559,142.221211559
2023-05-12 11:10:00,142.2925170665,142.2925170665,142.2925170665,142.2925170665
2023-05-12 11:11:00,142.2925170665,142.2925170665,142.2925170665,142.2925170665
2023-05-12 11:12:00,142.2925170665,142.2925170665,142.2925170665,142.2925170665
2023-05-12 11:13:00,142.2925170665,142.2925170665,142.2925170665,142.2925170665
2023-05-12 11:14:00,142.2925170665,142.2925170665,142.2925170665,142.2925170665
2023-05-12 11:15:00,142.2925170665,142.2925170665,142.2925170665,142.2925170665
2023-05-12 11:16:00,142.2925170665,142.2925170665,142.2925170665,142.2925170665
2023-05-12 11:17:00,142.2925170665,142.2925170665,142.2925170665,142.2925170665
2023-05-12 11:18:00,142.021556138,142.021556138,142.021556138,142.021556138
2023-05-12 11:19:00,142.0168024375,142.0168024375,142.0168024375,142.0168024375
2023-05-12 11:20:00,142.0168024375,142.0168024375,142.0168024375,142.0168024375
2023-05-12 11:21:00,142.1023690465,142.1023690465,142.1023690465,142.1023690465
2023-05-12 11:22:00,142.1023690465,142.1023690465,142.1023690465,142.1023690465
2023-05-12 11:23:00,142.1023690465,142.1023690465,142.1023690465,142.1023690465
2023-05-12 11:24:00,141.916974727,141.926482128,141.916974727,141.926482128
2023-05-12 11:25:00,141.916974727,141.926482128,141.916974727,141.926482128
2023-05-12 11:26:00,141.916974727,141.926482128,141.916974727,141.926482128
2023-05-12 11:27:00,141.88997370816,141.88997370816,141.88997370816,141.88997370816
2023-05-12 11:28:00,141.88997370816,141.88997370816,141.88997370816,141.88997370816
2023-05-12 11:29:00,141.88997370816,141.88997370816,141.88997370816,141.88997370816
2023-05-12 11:30:00,141.94549693,141.94549693,141.94549693,141.94549693
2023-05-12 11:31:00,141.86934264799,141.869437722,141.86934264799,141.869437722
2023-05-12 11:32:00,141.86934264799,141.869437722,141.86934264799,141.869437722
2023-05-12 11:33:00,141.86934264799,141.869437722,141.86934264799,141.869437722
2023-05-12 11:34:00,141.85032784599,141.85032784599,141.85032784599,141.85032784599
2023-05-12 11:35:00,141.85032784599,141.85032784599,141.85032784599,141.85032784599
2023-05-12 11:36:00,141.85032784599,141.85032784599,141.85032784599,141.85032784599
2023-05-12 11:37:00,142.078600544,142.078600544,142.078600544,142.078600544
2023-05-12 11:38:00,142.078600544,142.078600544,142.078600544,142.078600544
2023-05-12 11:39:00,142.078600544,142.078600544,142.078600544,142.078600544
2023-05-12 11:40:00,142.050078341,142.050078341,142.050078341,142.050078341
2023-05-12 11:41:00,142.031063539,142.050078341,141.993033935,142.050078341
2023-05-12 11:42:00,142.031063539,142.050078341,141.993033935,142.050078341
2023-05-12 11:43:00,142.031063539,142.050078341,141.993033935,142.050078341
2023-05-12 11:44:00,142.02364776622,142.00406252016,142.00406252016,142.02364776622
2023-05-12 11:45:00,142.02364776622,142.00406252016,142.00406252016,142.02364776622
2023-05-12 11:46:00,141.897959925,141.897959925,141.897959925,141.897959925
2023-05-12 11:47:00,141.926482128,141.926482128,141.926482128,141.926482128
2023-05-12 11:48:00,141.926482128,141.926482128,141.926482128,141.926482128
2023-05-12 11:49:00,141.926482128,141.926482128,141.926482128,141.926482128
2023-05-12 11:50:00,141.926482128,141.926482128,141.926482128,141.926482128
2023-05-12 11:51:00,141.926482128,141.926482128,141.926482128,141.926482128
2023-05-12 11:52:00,141.926482128,141.926482128,141.926482128,141.926482128
2023-05-12 11:53:00,141.926482128,141.926482128,141.926482128,141.926482128
2023-05-12 11:54:00,141.926482128,141.926482128,141.926482128,141.926482128
2023-05-12 11:55:00,141.926482128,141.926482128,141.926482128,141.926482128
2023-05-12 11:56:00,141.926482128,141.926482128,141.926482128,141.926482128
2023-05-12 11:57:00,141.926482128,141.926482128,141.926482128,141.926482128
2023-05-12 11:58:00,141.926482128,141.926482128,141.926482128,141.926482128
2023-05-12 11:59:00,142.183181955,142.183181955,142.183181955,142.192689356
2023-05-12 12:00:00,142.183181955,142.183181955,142.183181955,142.192689356
2023-05-12 12:01:00,142.249733762,142.297270767,142.249733762,142.297270767
2023-05-12 12:02:00,142.202196757,142.202196757,142.202196757,142.202196757
2023-05-12 12:03:00,142.23071896,142.23071896,142.23071896,142.23071896
2023-05-12 12:04:00,142.097615346,142.173674554,142.097615346,142.183181955
2023-05-12 12:05:00,142.097615346,142.173674554,142.097615346,142.183181955
2023-05-12 12:06:00,142.097615346,142.173674554,142.097615346,142.183181955
2023-05-12 12:07:00,142.097615346,142.173674554,142.097615346,142.183181955
2023-05-12 12:08:00,142.06899806899,142.11929222028,142.06899806899,142.11929222028
2023-05-12 12:09:00,142.06899806899,142.11929222028,142.06899806899,142.11929222028
2023-05-12 12:10:00,142.06899806899,142.11929222028,142.06899806899,142.11929222028
2023-05-12 12:11:00,142.06899806899,142.11929222028,142.06899806899,142.11929222028
2023-05-12 12:12:00,142.06899806899,142.11929222028,142.06899806899,142.11929222028
2023-05-12 12:13:00,142.06899806899,142.11929222028,142.06899806899,142.11929222028
2023-05-12 12:14:00,142.06899806899,142.11929222028,142.06899806899,142.11929222028
2023-05-12 12:15:00,141.7791174125,141.7791174125,141.7791174125,141.7791174125
2023-05-12 12:16:00,141.7791174125,141.7791174125,141.7791174125,141.7791174125
2023-05-12 12:17:00,141.7791174125,141.7791174125,141.7791174125,141.7791174125
2023-05-12 12:18:00,141.7791174125,141.7791174125,141.7791174125,141.7791174125
2023-05-12 12:19:00,141.7791174125,141.7791174125,141.7791174125,141.7791174125
2023-05-12 12:20:00,141.7791174125,141.7791174125,141.7791174125,141.7791174125
2023-05-12 12:21:00,141.75534891,141.793378514,141.75534891,141.793378514
2023-05-12 12:22:00,141.840915519,141.840915519,141.840915519,141.840915519
2023-05-12 12:23:00,141.840915519,141.840915519,141.840915519,141.840915519
2023-05-12 12:24:00,141.840915519,141.840915519,141.840915519,141.840915519
2023-05-12 12:25:00,141.812393316,141.812393316,141.812393316,141.812393316
2023-05-12 12:26:00,141.812393316,141.812393316,141.812393316,141.812393316
2023-05-12 12:27:00,141.812393316,141.812393316,141.812393316,141.812393316
2023-05-12 12:28:00,141.812393316,141.812393316,141.812393316,141.812393316
2023-05-12 12:29:00,141.812393316,141.812393316,141.812393316,141.812393316
2023-05-12 12:30:00,141.812393316,141.812393316,141.812393316,141.812393316
2023-05-12 12:31:00,141.812393316,141.812393316,141.812393316,141.812393316
2023-05-12 12:32:00,141.812393316,141.812393316,141.812393316,141.812393316
2023-05-12 12:33:00,141.812393316,141.812393316,141.812393316,141.812393316
2023-05-12 12:34:00,141.812393316,141.812393316,141.812393316,141.812393316
2023-05-12 12:35:00,141.812393316,141.812393316,141.812393316,141.812393316
2023-05-12 12:36:00,142.116630148,142.116630148,142.116630148,142.116630148
2023-05-12 12:37:00,142.116630148,142.116630148,142.116630148,142.116630148
2023-05-12 12:38:00,142.116630148,142.116630148,142.116630148,142.116630148
2023-05-12 12:39:00,142.116630148,142.116630148,142.116630148,142.116630148
2023-05-12 12:40:00,142.116630148,142.116630148,142.116630148,142.116630148
2023-05-12 12:41:00,142.050078341,142.050078341,142.050078341,142.050078341
2023-05-12 12:42:00,142.050078341,142.050078341,142.050078341,142.050078341
2023-05-12 12:43:00,142.050078341,142.050078341,142.050078341,142.050078341
2023-05-12 12:44:00,142.050078341,142.050078341,142.050078341,142.050078341
2023-05-12 12:45:00,141.964511732,141.964511732,141.964511732,141.964511732
2023-05-12 12:46:00,141.964511732,141.964511732,141.964511732,141.964511732
2023-05-12 12:47:00,141.964511732,141.964511732,141.964511732,141.964511732
2023-05-12 12:48:00,141.964511732,141.964511732,141.964511732,141.964511732
2023-05-12 12:49:00,141.955004331,141.955004331,141.955004331,141.955004331
2023-05-12 12:50:00,141.955004331,141.955004331,141.955004331,141.955004331
2023-05-12 12:51:00,141.955004331,141.955004331,141.955004331,141.955004331
2023-05-12 12:52:00,141.955004331,141.955004331,141.955004331,141.955004331
2023-05-12 12:53:00,141.955004331,141.955004331,141.955004331,141.955004331
2023-05-12 12:54:00,141.9312358285,141.9312358285,141.9312358285,141.9312358285
2023-05-12 12:55:00,141.9312358285,141.9312358285,141.9312358285,141.9312358285
2023-05-12 12:56:00,141.926482128,141.926482128,141.926482128,141.926482128
2023-05-12 12:57:00,141.983526534,141.964511732,141.964511732,141.983526534
2023-05-12 12:58:00,141.983526534,141.964511732,141.964511732,141.983526534
2023-05-12 12:59:00,141.983526534,141.964511732,141.964511732,141.983526534
2023-05-12 13:00:00,141.983526534,141.964511732,141.964511732,141.983526534
2023-05-12 13:01:00,141.983526534,141.964511732,141.964511732,141.983526534
2023-05-12 13:02:00,141.983526534,141.964511732,141.964511732,141.983526534
2023-05-12 13:03:00,141.983526534,141.964511732,141.964511732,141.983526534
2023-05-12 13:04:00,141.983526534,141.964511732,141.964511732,141.983526534
2023-05-12 13:05:00,141.983526534,141.964511732,141.964511732,141.983526534
2023-05-12 13:06:00,141.983526534,141.964511732,141.964511732,141.983526534
2023-05-12 13:07:00,142.19696768645,142.19696768645,142.19696768645,142.19696768645
2023-05-12 13:08:00,142.19696768645,142.19696768645,142.19696768645,142.19696768645
2023-05-12 13:09:00,142.19696768645,142.19696768645,142.19696768645,142.19696768645
2023-05-12 13:10:00,142.19696768645,142.19696768645,142.19696768645,142.19696768645
2023-05-12 13:11:00,142.192689356,142.192689356,142.192689356,142.192689356
2023-05-12 13:12:00,142.192689356,142.192689356,142.192689356,142.192689356
2023-05-12 13:13:00,142.192689356,142.192689356,142.192689356,142.192689356
2023-05-12 13:14:00,142.192689356,142.192689356,142.192689356,142.192689356
2023-05-12 13:15:00,142.192689356,142.192689356,142.192689356,142.192689356
2023-05-12 13:16:00,142.23071896,142.23071896,142.23071896,142.23071896
2023-05-12 13:17:00,142.23071896,142.23071896,142.23071896,142.23071896
2023-05-12 13:18:00,142.23071896,142.23071896,142.23071896,142.23071896
2023-05-12 13:19:00,142.23071896,142.23071896,142.23071896,142.23071896
2023-05-12 13:20:00,142.23071896,142.23071896,142.23071896,142.23071896
2023-05-12 13:21:00,142.23071896,142.23071896,142.23071896,142.23071896
2023-05-12 13:22:00,142.23071896,142.23071896,142.23071896,142.23071896
2023-05-12 13:23:00,142.23071896,142.23071896,142.23071896,142.23071896
2023-05-12 13:24:00,142.23071896,142.23071896,142.23071896,142.23071896
2023-05-12 13:25:00,142.23071896,142.23071896,142.23071896,142.23071896
2023-05-12 13:26:00,142.23071896,142.23071896,142.23071896,142.23071896
2023-05-12 13:27:00,142.23071896,142.23071896,142.23071896,142.23071896
2023-05-12 13:28:00,142.23071896,142.23071896,142.23071896,142.23071896
2023-05-12 13:29:00,142.23071896,142.23071896,142.23071896,142.23071896
2023-05-12 13:30:00,142.23071896,142.23071896,142.23071896,142.23071896
2023-05-12 13:31:00,142.23071896,142.23071896,142.23071896,142.23071896
2023-05-12 13:32:00,142.1499060515,142.154659752,142.1499060515,142.154659752
2023-05-12 13:33:00,142.088107945,142.078600544,142.078600544,142.088107945
2023-05-12 13:34:00,142.088107945,142.078600544,142.078600544,142.088107945
2023-05-12 13:35:00,142.164167153,142.192689356,142.164167153,142.202196757
2023-05-12 13:36:00,142.164167153,142.192689356,142.164167153,142.202196757
2023-05-12 13:37:00,142.164167153,142.192689356,142.164167153,142.202196757
2023-05-12 13:38:00,142.164167153,142.192689356,142.164167153,142.202196757
2023-05-12 13:39:00,142.164167153,142.192689356,142.164167153,142.202196757
2023-05-12 13:40:00,142.192689356,142.202196757,142.192689356,142.202196757
2023-05-12 13:41:00,142.192689356,142.202196757,142.192689356,142.202196757
2023-05-12 13:42:00,142.192689356,142.202196757,142.192689356,142.202196757
2023-05-12 13:43:00,142.192689356,142.202196757,142.192689356,142.202196757
2023-05-12 13:44:00,142.192689356,142.202196757,142.192689356,142.202196757
2023-05-12 13:45:00,142.192689356,142.202196757,142.192689356,142.202196757
2023-05-12 13:46:00,142.192689356,142.202196757,142.192689356,142.202196757
2023-05-12 13:47:00,142.192689356,142.202196757,142.192689356,142.202196757
2023-05-12 13:48:00,141.878945123,141.878945123,141.878945123,141.897959925
2023-05-12 13:49:00,141.907467326,141.907467326,141.907467326,141.907467326
2023-05-12 13:50:00,141.907467326,141.907467326,141.907467326,141.907467326
2023-05-12 13:51:00,141.907467326,141.907467326,141.907467326,141.907467326
2023-05-12 13:52:00,141.907467326,141.907467326,141.907467326,141.907467326
2023-05-12 13:53:00,141.85042292,141.859930321,141.85042292,141.859930321
2023-05-12 13:54:00,141.85042292,141.859930321,141.85042292,141.859930321
2023-05-12 13:55:00,141.88683626583,141.88683626583,141.88683626583,141.88683626583
2023-05-12 13:56:00,141.88683626583,141.88683626583,141.88683626583,141.88683626583
2023-05-12 13:57:00,141.88683626583,141.88683626583,141.88683626583,141.88683626583
2023-05-12 13:58:00,141.88683626583,141.88683626583,141.88683626583,141.88683626583
2023-05-12 13:59:00,141.86097613511,141.86097613511,141.86097613511,141.86097613511
2023-05-12 14:00:00,141.86097613511,141.86097613511,141.86097613511,141.86097613511
2023-05-12 14:01:00,141.86097613511,141.86097613511,141.86097613511,141.86097613511
2023-05-12 14:02:00,141.935989529,141.935989529,141.935989529,141.935989529
2023-05-12 14:03:00,142.00149552189,142.00149552189,142.00149552189,142.00149552189
2023-05-12 14:04:00,142.00149552189,142.00149552189,142.00149552189,142.00149552189
2023-05-12 14:05:00,141.974019133,141.974019133,141.974019133,141.974019133
2023-05-12 14:06:00,141.974019133,141.974019133,141.974019133,141.974019133
2023-05-12 14:07:00,141.974019133,141.974019133,141.974019133,141.974019133
2023-05-12 14:08:00,141.974019133,141.974019133,141.974019133,141.974019133
2023-05-12 14:09:00,141.974019133,141.974019133,141.974019133,141.974019133
2023-05-12 14:10:00,141.974019133,141.974019133,141.974019133,141.974019133
2023-05-12 14:11:00,141.974019133,141.974019133,141.974019133,141.974019133
2023-05-12 14:12:00,141.745841509,141.7696100115,141.745841509,141.7696100115
2023-05-12 14:13:00,141.698304504,141.707811905,141.698304504,141.707811905
2023-05-12 14:14:00,141.698304504,141.707811905,141.698304504,141.707811905
2023-05-12 14:15:00,141.698304504,141.707811905,141.698304504,141.707811905
2023-05-12 14:16:00,141.6555211995,141.6555211995,141.6555211995,141.6555211995
2023-05-12 14:17:00,141.688797103,141.6602749,141.6602749,141.688797103
2023-05-12 14:18:00,141.688797103,141.6602749,141.6602749,141.688797103
2023-05-12 14:19:00,141.688797103,141.6602749,141.6602749,141.688797103
2023-05-12 14:20:00,141.688797103,141.6602749,141.6602749,141.688797103
2023-05-12 14:21:00,141.688797103,141.6602749,141.6602749,141.688797103
2023-05-12 14:22:00,141.688797103,141.6602749,141.6602749,141.688797103
2023-05-12 14:23:00,141.688797103,141.6602749,141.6602749,141.688797103
2023-05-12 14:24:00,141.745841509,141.745841509,141.745841509,141.745841509
2023-05-12 14:25:00,141.745841509,141.745841509,141.745841509,141.745841509
2023-05-12 14:26:00,141.8741914225,141.8741914225,141.8741914225,141.8741914225
2023-05-12 14:27:00,141.8741914225,141.8741914225,141.8741914225,141.8741914225
2023-05-12 14:28:00,141.897959925,141.897959925,141.897959925,141.897959925
2023-05-12 14:29:00,141.897959925,141.897959925,141.897959925,141.897959925
2023-05-12 14:30:00,141.897959925,142.00244626199,141.897959925,142.00244626199
2023-05-12 14:31:00,141.897959925,142.00244626199,141.897959925,142.00244626199
2023-05-12 14:32:00,141.897959925,142.00244626199,141.897959925,142.00244626199
2023-05-12 14:33:00,141.878945123,141.878945123,141.878945123,141.878945123
2023-05-12 14:34:00,141.802885915,141.878945123,141.802885915,141.878945123
2023-05-12 14:35:00,141.802885915,141.878945123,141.802885915,141.878945123
2023-05-12 14:36:00,141.8361618185,141.897959925,141.821900717,141.897959925
2023-05-12 14:37:00,141.8361618185,141.897959925,141.821900717,141.897959925
2023-05-12 14:38:00,141.8361618185,141.897959925,141.821900717,141.897959925
2023-05-12 14:39:00,141.745841509,141.783871113,141.745841509,141.783871113
2023-05-12 14:40:00,141.745841509,141.783871113,141.745841509,141.783871113
2023-05-12 14:41:00,141.698304504,141.698304504,141.698304504,141.698304504
2023-05-12 14:42:00,141.698304504,141.698304504,141.698304504,141.698304504
2023-05-12 14:43:00,141.698304504,141.698304504,141.698304504,141.698304504
2023-05-12 14:44:00,141.698304504,141.698304504,141.698304504,141.698304504
2023-05-12 14:45:00,141.698304504,141.698304504,141.698304504,141.698304504
2023-05-12 14:46:00,141.698304504,141.698304504,141.698304504,141.698304504
2023-05-12 14:47:00,141.698304504,141.698304504,141.698304504,141.698304504
2023-05-12 14:48:00,141.698304504,141.698304504,141.698304504,141.698304504
2023-05-12 14:49:00,141.698304504,141.698304504,141.698304504,141.698304504
2023-05-12 14:50:00,141.869437722,141.878945123,141.869437722,141.878945123
2023-05-12 14:51:00,141.869437722,141.878945123,141.869437722,141.878945123
2023-05-12 14:52:00,141.869437722,141.878945123,141.869437722,141.878945123
2023-05-12 14:53:00,142.002541336,142.002541336,142.002541336,142.002541336
2023-05-12 14:54:00,142.002541336,142.002541336,142.002541336,142.002541336
2023-05-12 14:55:00,142.002541336,142.002541336,142.002541336,142.002541336
2023-05-12 14:56:00,142.002541336,142.002541336,142.002541336,142.002541336
2023-05-12 14:57:00,142.078600544,142.078600544,142.078600544,142.078600544
2023-05-12 14:58:00,142.078600544,142.078600544,142.078600544,142.078600544
2023-05-12 14:59:00,142.126137549,142.116630148,142.107122747,142.126137549
2023-05-12 15:00:00,142.126137549,142.116630148,142.107122747,142.126137549
2023-05-12 15:01:00,142.126137549,142.116630148,142.107122747,142.126137549
2023-05-12 15:02:00,142.126137549,142.116630148,142.107122747,142.126137549
2023-05-12 15:03:00,142.126137549,142.116630148,142.107122747,142.126137549
2023-05-12 15:04:00,142.126137549,142.116630148,142.107122747,142.126137549
2023-05-12 15:05:00,142.126137549,142.116630148,142.107122747,142.126137549
2023-05-12 15:06:00,142.126137549,142.116630148,142.107122747,142.126137549
2023-05-12 15:07:00,142.126137549,142.116630148,142.107122747,142.126137549
2023-05-12 15:08:00,142.126137549,142.116630148,142.107122747,142.126137549
2023-05-12 15:09:00,142.126137549,142.116630148,142.107122747,142.126137549
2023-05-12 15:10:00,142.126137549,142.116630148,142.107122747,142.126137549
2023-05-12 15:11:00,142.126137549,142.116630148,142.107122747,142.126137549
2023-05-12 15:12:00,142.126137549,142.116630148,142.107122747,142.126137549
2023-05-12 15:13:00,142.126137549,142.116630148,142.107122747,142.126137549
2023-05-12 15:14:00,142.126137549,142.116630148,142.107122747,142.126137549
2023-05-12 15:15:00,141.888452524,141.888452524,141.888452524,141.888452524
2023-05-12 15:16:00,141.888452524,141.888452524,141.888452524,141.888452524
2023-05-12 15:17:00,141.888452524,141.888452524,141.888452524,141.888452524
2023-05-12 15:18:00,141.888452524,141.888452524,141.888452524,141.888452524
2023-05-12 15:19:00,141.935989529,141.94549693,141.935989529,141.94549693
2023-05-12 15:20:00,141.935989529,141.94549693,141.935989529,141.94549693
2023-05-12 15:21:00,141.935989529,141.94549693,141.935989529,141.94549693
2023-05-12 15:22:00,141.935989529,141.94549693,141.935989529,141.94549693
2023-05-12 15:23:00,141.935989529,141.94549693,141.935989529,141.94549693
2023-05-12 15:24:00,141.935989529,141.94549693,141.935989529,141.94549693
2023-05-12 15:25:00,142.021556138,142.021556138,142.021556138,142.021556138
2023-05-12 15:26:00,142.021556138,142.021556138,142.021556138,142.021556138
2023-05-12 15:27:00,142.021556138,142.021556138,142.021556138,142.021556138
2023-05-12 15:28:00,142.021556138,142.021556138,142.021556138,142.021556138
2023-05-12 15:29:00,142.021556138,142.021556138,142.021556138,142.021556138
2023-05-12 15:30:00,142.021556138,142.021556138,142.021556138,142.021556138
2023-05-12 15:31:00,142.021556138,142.021556138,142.021556138,142.021556138
2023-05-12 15:32:00,142.021556138,142.021556138,142.021556138,142.021556138
2023-05-12 15:33:00,142.097615346,142.097615346,142.097615346,142.097615346
2023-05-12 15:34:00,142.097615346,142.097615346,142.097615346,142.097615346
2023-05-12 15:35:00,142.097615346,142.097615346,142.097615346,142.097615346
2023-05-12 15:36:00,142.097615346,142.097615346,142.097615346,142.097615346
2023-05-12 15:37:00,142.088107945,142.126137549,142.088107945,142.126137549
2023-05-12 15:38:00,142.088107945,142.126137549,142.088107945,142.126137549
2023-05-12 15:39:00,142.088107945,142.126137549,142.088107945,142.126137549
2023-05-12 15:40:00,142.088107945,142.126137549,142.088107945,142.126137549
2023-05-12 15:41:00,142.088107945,142.126137549,142.088107945,142.126137549
2023-05-12 15:42:00,142.088107945,142.126137549,142.088107945,142.126137549
2023-05-12 15:43:00,142.088107945,142.126137549,142.088107945,142.126137549
2023-05-12 15:44:00,142.088107945,142.126137549,142.088107945,142.126137549
2023-05-12 15:45:00,142.088107945,142.126137549,142.088107945,142.126137549
2023-05-12 15:46:00,142.088107945,142.126137549,142.088107945,142.126137549
2023-05-12 15:47:00,142.183181955,142.183181955,142.183181955,142.183181955
2023-05-12 15:48:00,142.183181955,142.183181955,142.183181955,142.183181955
2023-05-12 15:49:00,142.183181955,142.183181955,142.183181955,142.183181955
2023-05-12 15:50:00,142.183181955,142.183181955,142.183181955,142.183181955
2023-05-12 15:51:00,142.183181955,142.183181955,142.183181955,142.183181955
2023-05-12 15:52:00,142.183181955,142.183181955,142.183181955,142.183181955
2023-05-12 15:53:00,142.183181955,142.183181955,142.183181955,142.183181955
2023-05-12 15:54:00,142.183181955,142.183181955,142.183181955,142.183181955
2023-05-12 15:55:00,142.183181955,142.183181955,142.183181955,142.183181955
2023-05-12 15:56:00,142.183181955,142.183181955,142.183181955,142.183181955
2023-05-12 15:57:00,142.183181955,142.183181955,142.183181955,142.183181955
2023-05-12 15:58:00,142.183181955,142.183181955,142.183181955,142.183181955
2023-05-12 15:59:00,142.183181955,142.183181955,142.183181955,142.183181955
2023-05-12 16:00:00,142.468403985,142.468403985,142.468403985,142.468403985
2023-05-15 09:31:00,142.99131104,142.848700025,142.848700025,142.99131104
2023-05-15 09:32:00,142.99131104,142.848700025,142.848700025,142.99131104
2023-05-15 09:33:00,142.99131104,142.848700025,142.848700025,142.99131104
2023-05-15 09:34:00,142.458896584,142.458896584,142.458896584,142.458896584
2023-05-15 09:35:00,142.458896584,142.458896584,142.458896584,142.458896584
2023-05-15 09:36:00,142.458896584,142.458896584,142.458896584,142.458896584
2023-05-15 09:37:00,141.907467326,142.1499060515,141.907467326,142.1499060515
2023-05-15 09:38:00,141.812393316,141.812393316,141.812393316,141.812393316
2023-05-15 09:39:00,141.707811905,141.688797103,141.631752697,141.707811905
2023-05-15 09:40:00,141.6602749,141.6602749,141.6602749,141.6602749
2023-05-15 09:41:00,141.6602749,141.6602749,141.6602749,141.6602749
2023-05-15 09:42:00,141.869437722,141.869437722,141.869437722,141.869437722
2023-05-15 09:43:00,141.641260098,141.802885915,141.641260098,141.802885915
2023-05-15 09:44:00,141.59714575736,141.59714575736,141.59714575736,141.59714575736
2023-05-15 09:45:00,141.384560271,141.365545469,141.365545469,141.384560271
2023-05-15 09:46:00,141.47012688,141.498649083,141.47012688,141.498649083
2023-05-15 09:47:00,141.47012688,141.498649083,141.47012688,141.498649083
2023-05-15 09:48:00,141.47012688,141.498649083,141.47012688,141.498649083
2023-05-15 09:49:00,141.175397449,141.175397449,141.175397449,141.175397449
2023-05-15 09:50:00,141.08983084,141.08983084,141.08983084,141.08983084
2023-05-15 09:51:00,140.80460881,140.652490394,140.652490394,140.80460881
2023-05-15 09:52:00,140.852145815,140.852145815,140.852145815,140.852145815
2023-05-15 09:53:00,140.81839454145,140.81839454145,140.81839454145,140.81839454145
2023-05-15 09:54:00,140.81839454145,140.81839454145,140.81839454145,140.81839454145
2023-05-15 09:55:00,140.6667514955,140.6667514955,140.6667514955,140.6667514955
2023-05-15 09:56:00,140.42431277,140.42431277,140.42431277,140.42431277
2023-05-15 09:57:00,140.32923876,140.32923876,140.32923876,140.32923876
2023-05-15 09:58:00,140.32923876,140.32923876,140.32923876,140.32923876
2023-05-15 09:59:00,140.32923876,140.32923876,140.32923876,140.32923876
2023-05-15 10:00:00,140.32923876,140.32923876,140.32923876,140.32923876
2023-05-15 10:01:00,140.47717391956,140.47717391956,140.47717391956,140.47717391956
2023-05-15 10:02:00,140.47717391956,140.47717391956,140.47717391956,140.47717391956
2023-05-15 10:03:00,140.47717391956,140.47717391956,140.47717391956,140.47717391956
2023-05-15 10:04:00,140.47717391956,140.47717391956,140.47717391956,140.47717391956
2023-05-15 10:05:00,140.4956182775,140.4956182775,140.4956182775,140.4956182775
2023-05-15 10:06:00,140.623968191,140.623968191,140.623968191,140.623968191
2023-05-15 10:07:00,140.70525646955,140.70525646955,140.70525646955,140.70525646955
2023-05-15 10:08:00,140.814116211,140.814116211,140.814116211,140.814116211
2023-05-15 10:09:00,140.795101409,140.795101409,140.795101409,140.795101409
2023-05-15 10:10:00,140.471849775,140.481357176,140.471849775,140.481357176
2023-05-15 10:11:00,140.471849775,140.481357176,140.471849775,140.481357176
2023-05-15 10:12:00,140.5431552825,140.585938587,140.5431552825,140.585938587
2023-05-15 10:13:00,140.5431552825,140.585938587,140.5431552825,140.585938587
2023-05-15 10:14:00,140.5431552825,140.585938587,140.5431552825,140.585938587
2023-05-15 10:15:00,140.5431552825,140.585938587,140.5431552825,140.585938587
2023-05-15 10:16:00,140.5431552825,140.585938587,140.5431552825,140.585938587
2023-05-15 10:17:00,140.5431552825,140.585938587,140.5431552825,140.585938587
2023-05-15 10:18:00,140.4071994482,140.4071994482,140.4071994482,140.4071994482
2023-05-15 10:19:00,140.4071994482,140.4071994482,140.4071994482,140.4071994482
2023-05-15 10:20:00,140.4984704978,140.4984704978,140.4984704978,140.4984704978
2023-05-15 10:21:00,140.61227408777,140.61227408777,140.61227408777,140.61227408777
2023-05-15 10:22:00,140.5640715647,140.5640715647,140.5640715647,140.5640715647
2023-05-15 10:23:00,140.5640715647,140.5640715647,140.5640715647,140.5640715647
2023-05-15 10:24:00,140.5640715647,140.5640715647,140.5640715647,140.5640715647
2023-05-15 10:25:00,140.5640715647,140.5640715647,140.5640715647,140.5640715647
2023-05-15 10:26:00,140.5640715647,140.5640715647,140.5640715647,140.5640715647
2023-05-15 10:27:00,140.5640715647,140.5640715647,140.5640715647,140.5640715647
2023-05-15 10:28:00,140.5640715647,140.5640715647,140.5640715647,140.5640715647
2023-05-15 10:29:00,140.5640715647,140.5640715647,140.5640715647,140.5640715647
2023-05-15 10:30:00,141.042293835,141.042293835,141.042293835,141.042293835
2023-05-15 10:31:00,141.042293835,141.042293835,141.042293835,141.042293835
2023-05-15 10:32:00,141.042293835,141.042293835,141.042293835,141.042293835
2023-05-15 10:33:00,140.99475683,140.99475683,140.99475683,140.99475683
2023-05-15 10:34:00,140.99475683,140.99475683,140.99475683,140.99475683
2023-05-15 10:35:00,140.99475683,140.99475683,140.99475683,140.99475683
2023-05-15 10:36:00,140.99475683,140.99475683,140.99475683,140.99475683
2023-05-15 10:37:00,141.0565549365,141.0565549365,141.0565549365,141.0565549365
2023-05-15 10:38:00,141.0565549365,141.0565549365,141.0565549365,141.0565549365
2023-05-15 10:39:00,140.96661492304,140.96661492304,140.96661492304,140.96661492304
2023-05-15 10:40:00,140.96661492304,140.96661492304,140.96661492304,140.96661492304
2023-05-15 10:41:00,140.96661492304,140.96661492304,140.96661492304,140.96661492304
2023-05-15 10:42:00,140.96661492304,140.96661492304,140.96661492304,140.96661492304
2023-05-15 10:43:00,140.96661492304,140.96661492304,140.96661492304,140.96661492304
2023-05-15 10:44:00,140.96661492304,140.96661492304,140.96661492304,140.96661492304
2023-05-15 10:45:00,140.96661492304,140.96661492304,140.96661492304,140.96661492304
2023-05-15 10:46:00,140.99475683,140.97602725003,140.97602725003,140.99475683
2023-05-15 10:47:00,140.99475683,140.97602725003,140.97602725003,140.99475683
2023-05-15 10:48:00,140.99475683,140.97602725003,140.97602725003,140.99475683
2023-05-15 10:49:00,140.99475683,140.97602725003,140.97602725003,140.99475683
2023-05-15 10:50:00,140.99475683,140.97602725003,140.97602725003,140.99475683
2023-05-15 10:51:00,140.99475683,140.97602725003,140.97602725003,140.99475683
2023-05-15 10:52:00,140.833131013,140.833131013,140.814116211,140.852145815
2023-05-15 10:53:00,141.04219876099,141.04219876099,141.04219876099,141.04219876099
2023-05-15 10:54:00,140.92297595245,140.92297595245,140.92297595245,140.92297595245
2023-05-15 10:55:00,140.985249429,140.98486913296,140.94664938094,140.985249429
2023-05-15 10:56:00,140.89968282,140.89968282,140.89968282,140.89968282
2023-05-15 10:57:00,140.89968282,140.89968282,140.89968282,140.89968282
2023-05-15 10:58:00,140.690519998,140.70449587747,140.681012597,140.7095348
2023-05-15 10:59:00,140.690519998,140.70449587747,140.681012597,140.7095348
2023-05-15 11:00:00,140.690519998,140.70449587747,140.681012597,140.7095348
2023-05-15 11:01:00,140.690519998,140.70449587747,140.681012597,140.7095348
2023-05-15 11:02:00,140.690519998,140.70449587747,140.681012597,140.7095348
2023-05-15 11:03:00,140.785594008,140.852145815,140.785594008,140.852145815
2023-05-15 11:04:00,140.785594008,140.852145815,140.785594008,140.852145815
2023-05-15 11:05:00,140.69013970196,140.69013970196,140.69013970196,140.69013970196
2023-05-15 11:06:00,140.69013970196,140.69013970196,140.69013970196,140.69013970196
2023-05-15 11:07:00,140.69013970196,140.69013970196,140.69013970196,140.69013970196
2023-05-15 11:08:00,140.566923785,140.566923785,140.566923785,140.566923785
2023-05-15 11:09:00,140.528894181,140.5621700845,140.528894181,140.5621700845
2023-05-15 11:10:00,140.528894181,140.5621700845,140.528894181,140.5621700845
2023-05-15 11:11:00,140.528894181,140.5621700845,140.528894181,140.5621700845
2023-05-15 11:12:00,140.41908369945,140.41908369945,140.41908369945,140.41908369945
2023-05-15 11:13:00,140.41908369945,140.41908369945,140.41908369945,140.41908369945
2023-05-15 11:14:00,140.41908369945,140.41908369945,140.41908369945,140.41908369945
2023-05-15 11:15:00,140.41908369945,140.41908369945,140.41908369945,140.41908369945
2023-05-15 11:16:00,140.41908369945,140.41908369945,140.41908369945,140.41908369945
2023-05-15 11:17:00,140.5146330795,140.5146330795,140.5146330795,140.5146330795
2023-05-15 11:18:00,140.5146330795,140.5146330795,140.5146330795,140.5146330795
2023-05-15 11:19:00,140.5146330795,140.5146330795,140.5146330795,140.5146330795
2023-05-15 11:20:00,140.5146330795,140.5146330795,140.5146330795,140.5146330795
2023-05-15 11:21:00,140.5146330795,140.5146330795,140.5146330795,140.5146330795
2023-05-15 11:22:00,140.671505196,140.671505196,140.671505196,140.671505196
2023-05-15 11:23:00,140.43448568907,140.43448568907,140.43448568907,140.43448568907
2023-05-15 11:24:00,140.443327572,140.443327572,140.443327572,140.443327572
2023-05-15 11:25:00,140.443327572,140.443327572,140.443327572,140.443327572
2023-05-15 11:26:00,140.3720220645,140.3720220645,140.3720220645,140.3720220645
2023-05-15 11:27:00,140.3720220645,140.3720220645,140.3720220645,140.3720220645
2023-05-15 11:28:00,140.3720220645,140.3720220645,140.3720220645,140.3720220645
2023-05-15 11:29:00,140.3720220645,140.3720220645,140.3720220645,140.3720220645
2023-05-15 11:30:00,140.3720220645,140.3720220645,140.3720220645,140.3720220645
2023-05-15 11:31:00,140.367268364,140.300716557,140.300716557,140.367268364
2023-05-15 11:32:00,140.367268364,140.300716557,140.300716557,140.367268364
2023-05-15 11:33:00,140.367268364,140.300716557,140.300716557,140.367268364
2023-05-15 11:34:00,140.414805369,140.42431277,140.414805369,140.42431277
2023-05-15 11:35:00,140.414805369,140.42431277,140.414805369,140.42431277
2023-05-15 11:36:00,140.43828864947,140.43828864947,140.43828864947,140.43828864947
2023-05-15 11:37:00,140.43828864947,140.43828864947,140.43828864947,140.43828864947
2023-05-15 11:38:00,140.43828864947,140.43828864947,140.43828864947,140.43828864947
2023-05-15 11:39:00,140.443327572,140.443327572,140.443327572,140.443327572
2023-05-15 11:40:00,140.3815294655,140.37943783728,140.37943783728,140.3815294655
2023-05-15 11:41:00,140.3815294655,140.37943783728,140.37943783728,140.3815294655
2023-05-15 11:42:00,140.3815294655,140.37943783728,140.37943783728,140.3815294655
2023-05-15 11:43:00,140.23416475,140.23416475,140.23416475,140.23416475
2023-05-15 11:44:00,140.1723666435,140.186627745,140.1723666435,140.186627745
2023-05-15 11:45:00,140.1723666435,140.186627745,140.1723666435,140.186627745
2023-05-15 11:46:00,140.1723666435,140.186627745,140.1723666435,140.186627745
2023-05-15 11:47:00,140.1723666435,140.186627745,140.1723666435,140.186627745
2023-05-15 11:48:00,140.1723666435,140.186627745,140.1723666435,140.186627745
2023-05-15 11:49:00,140.224657349,140.2008888465,140.2008888465,140.224657349
2023-05-15 11:50:00,140.224657349,140.2008888465,140.2008888465,140.224657349
2023-05-15 11:51:00,140.224657349,140.2008888465,140.2008888465,140.224657349
2023-05-15 11:52:00,140.224657349,140.2008888465,140.2008888465,140.224657349
2023-05-15 11:53:00,140.224657349,140.2008888465,140.2008888465,140.224657349
2023-05-15 11:54:00,140.224657349,140.2008888465,140.2008888465,140.224657349
2023-05-15 11:55:00,140.42431277,140.500371978,140.414805369,140.500371978
2023-05-15 11:56:00,140.42431277,140.500371978,140.414805369,140.500371978
2023-05-15 11:57:00,140.547908983,140.547908983,140.547908983,140.547908983
2023-05-15 11:58:00,140.547908983,140.547908983,140.547908983,140.547908983
2023-05-15 11:59:00,140.547908983,140.547908983,140.547908983,140.547908983
2023-05-15 12:00:00,140.547908983,140.547908983,140.547908983,140.547908983
2023-05-15 12:01:00,140.547908983,140.547908983,140.547908983,140.547908983
2023-05-15 12:02:00,140.52433062852,140.52433062852,140.52433062852,140.52433062852
2023-05-15 12:03:00,140.471849775,140.490864577,140.471849775,140.490864577
2023-05-15 12:04:00,140.319731359,140.414805369,140.319731359,140.414805369
2023-05-15 12:05:00,140.2674406535,140.262686953,140.262686953,140.2674406535
2023-05-15 12:06:00,140.32971413005,140.281701755,140.281701755,140.32971413005
2023-05-15 12:07:00,140.32971413005,140.281701755,140.281701755,140.32971413005
2023-05-15 12:08:00,140.300716557,140.300716557,140.300716557,140.300716557
2023-05-15 12:09:00,140.300716557,140.300716557,140.300716557,140.300716557
2023-05-15 12:10:00,140.300716557,140.300716557,140.300716557,140.300716557
2023-05-15 12:11:00,140.300716557,140.300716557,140.300716557,140.300716557
2023-05-15 12:12:00,140.300716557,140.300716557,140.300716557,140.300716557
2023-05-15 12:13:00,140.300716557,140.300716557,140.300716557,140.300716557
2023-05-15 12:14:00,140.300716557,140.300716557,140.300716557,140.300716557
2023-05-15 12:15:00,140.300716557,140.300716557,140.300716557,140.300716557
2023-05-15 12:16:00,140.509879379,140.509879379,140.509879379,140.509879379
2023-05-15 12:17:00,140.509879379,140.509879379,140.509879379,140.509879379
2023-05-15 12:18:00,140.509879379,140.509879379,140.509879379,140.509879379
2023-05-15 12:19:00,140.509879379,140.509879379,140.509879379,140.509879379
2023-05-15 12:20:00,140.509879379,140.509879379,140.509879379,140.509879379
2023-05-15 12:21:00,140.51938678,140.51938678,140.51938678,140.51938678
2023-05-15 12:22:00,140.528894181,140.528894181,140.528894181,140.528894181
2023-05-15 12:23:00,140.528894181,140.528894181,140.528894181,140.528894181
2023-05-15 12:24:00,140.452834973,140.452834973,140.452834973,140.452834973
2023-05-15 12:25:00,140.471849775,140.471849775,140.471849775,140.471849775
2023-05-15 12:26:00,140.471849775,140.471849775,140.471849775,140.471849775
2023-05-15 12:27:00,140.471849775,140.471849775,140.471849775,140.471849775
2023-05-15 12:28:00,140.471849775,140.471849775,140.471849775,140.471849775
2023-05-15 12:29:00,140.471849775,140.471849775,140.471849775,140.471849775
2023-05-15 12:30:00,140.471849775,140.471849775,140.471849775,140.471849775
2023-05-15 12:31:00,140.471849775,140.471849775,140.471849775,140.471849775
2023-05-15 12:32:00,140.471849775,140.471849775,140.471849775,140.471849775
2023-05-15 12:33:00,140.471849775,140.471849775,140.471849775,140.471849775
2023-05-15 12:34:00,140.471849775,140.471849775,140.471849775,140.471849775
2023-05-15 12:35:00,140.471849775,140.471849775,140.471849775,140.471849775
2023-05-15 12:36:00,140.471849775,140.471849775,140.471849775,140.471849775
2023-05-15 12:37:00,140.471849775,140.471849775,140.471849775,140.471849775
2023-05-15 12:38:00,140.471849775,140.471849775,140.471849775,140.471849775
2023-05-15 12:39:00,140.471849775,140.471849775,140.471849775,140.471849775
2023-05-15 12:40:00,140.471849775,140.471849775,140.471849775,140.471849775
2023-05-15 12:41:00,140.471849775,140.471849775,140.471849775,140.471849775
2023-05-15 12:42:00,140.471849775,140.471849775,140.471849775,140.471849775
2023-05-15 12:43:00,140.471849775,140.471849775,140.471849775,140.471849775
2023-05-15 12:44:00,140.471849775,140.471849775,140.471849775,140.471849775
2023-05-15 12:45:00,140.471849775,140.471849775,140.471849775,140.471849775
2023-05-15 12:46:00,140.471849775,140.471849775,140.471849775,140.471849775
2023-05-15 12:47:00,140.471849775,140.471849775,140.471849775,140.471849775
2023-05-15 12:48:00,140.471849775,140.471849775,140.471849775,140.471849775
2023-05-15 12:49:00,140.471849775,140.471849775,140.471849775,140.471849775
2023-05-15 12:50:00,140.471849775,140.471849775,140.471849775,140.471849775
2023-05-15 12:51:00,140.471849775,140.471849775,140.471849775,140.471849775
2023-05-15 12:52:00,140.471849775,140.471849775,140.471849775,140.471849775
2023-05-15 12:53:00,140.471849775,140.471849775,140.471849775,140.471849775
2023-05-15 12:54:00,140.471849775,140.471849775,140.471849775,140.471849775
2023-05-15 12:55:00,140.471849775,140.471849775,140.471849775,140.471849775
2023-05-15 12:56:00,140.471849775,140.471849775,140.471849775,140.471849775
2023-05-15 12:57:00,140.471849775,140.471849775,140.471849775,140.471849775
2023-05-15 12:58:00,140.471849775,140.471849775,140.471849775,140.471849775
2023-05-15 12:59:00,140.471849775,140.471849775,140.471849775,140.471849775
2023-05-15 13:00:00,140.471849775,140.471849775,140.471849775,140.471849775
2023-05-15 13:01:00,140.471849775,140.471849775,140.471849775,140.471849775
2023-05-15 13:02:00,140.471849775,140.471849775,140.471849775,140.471849775
2023-05-15 13:03:00,140.471849775,140.471849775,140.471849775,140.471849775
2023-05-15 13:04:00,140.471849775,140.471849775,140.471849775,140.471849775
2023-05-15 13:05:00,140.471849775,140.471849775,140.471849775,140.471849775
2023-05-15 13:06:00,140.471849775,140.471849775,140.471849775,140.471849775
2023-05-15 13:07:00,140.471849775,140.471849775,140.471849775,140.471849775
2023-05-15 13:08:00,140.471849775,140.471849775,140.471849775,140.471849775
2023-05-15 13:09:00,140.471849775,140.471849775,140.471849775,140.471849775
2023-05-15 13:10:00,140.471849775,140.471849775,140.471849775,140.471849775
2023-05-15 13:11:00,140.471849775,140.471849775,140.471849775,140.471849775
2023-05-15 13:12:00,140.471849775,140.471849775,140.471849775,140.471849775
2023-05-15 13:13:00,140.471849775,140.471849775,140.471849775,140.471849775
2023-05-15 13:14:00,140.471849775,140.471849775,140.471849775,140.471849775
2023-05-15 13:15:00,140.471849775,140.471849775,140.471849775,140.471849775
2023-05-15 13:16:00,140.471849775,140.471849775,140.471849775,140.471849775
2023-05-15 13:17:00,140.471849775,140.471849775,140.471849775,140.471849775
2023-05-15 13:18:00,140.471849775,140.471849775,140.471849775,140.471849775
2023-05-15 13:19:00,140.471849775,140.471849775,140.471849775,140.471849775
2023-05-15 13:20:00,140.471849775,140.471849775,140.471849775,140.471849775
2023-05-15 13:21:00,140.471849775,140.471849775,140.471849775,140.471849775
2023-05-15 13:22:00,141.118353043,141.118353043,141.118353043,141.118353043
2023-05-15 13:23:00,141.118353043,141.118353043,141.118353043,141.118353043
2023-05-15 13:24:00,141.118353043,141.118353043,141.118353043,141.118353043
2023-05-15 13:25:00,141.118353043,141.118353043,141.118353043,141.118353043
2023-05-15 13:26:00,141.118353043,141.118353043,141.118353043,141.118353043
2023-05-15 13:27:00,141.118353043,141.118353043,141.118353043,141.118353043
2023-05-15 13:28:00,140.890175419,140.909190221,140.890175419,140.909190221
2023-05-15 13:29:00,140.890175419,140.909190221,140.890175419,140.909190221
2023-05-15 13:30:00,140.738057003,140.738057003,140.738057003,140.738057003
2023-05-15 13:31:00,140.738057003,140.738057003,140.738057003,140.738057003
2023-05-15 13:32:00,140.738057003,140.738057003,140.738057003,140.738057003
2023-05-15 13:33:00,140.738057003,140.738057003,140.738057003,140.738057003
2023-05-15 13:34:00,140.738057003,140.738057003,140.738057003,140.738057003
2023-05-15 13:35:00,140.738057003,140.738057003,140.738057003,140.738057003
2023-05-15 13:36:00,140.738057003,140.738057003,140.738057003,140.738057003
2023-05-15 13:37:00,140.700027399,140.700027399,140.700027399,140.700027399
2023-05-15 13:38:00,140.700027399,140.700027399,140.700027399,140.700027399
2023-05-15 13:39:00,140.700027399,140.700027399,140.700027399,140.700027399
2023-05-15 13:40:00,140.700027399,140.700027399,140.700027399,140.700027399
2023-05-15 13:41:00,140.700027399,140.700027399,140.700027399,140.700027399
2023-05-15 13:42:00,140.700027399,140.700027399,140.700027399,140.700027399
2023-05-15 13:43:00,140.700027399,140.700027399,140.700027399,140.700027399
2023-05-15 13:44:00,140.700027399,140.700027399,140.700027399,140.700027399
2023-05-15 13:45:00,140.700027399,140.700027399,140.700027399,140.700027399
2023-05-15 13:46:00,140.700027399,140.700027399,140.700027399,140.700027399
2023-05-15 13:47:00,140.700027399,140.700027399,140.700027399,140.700027399
2023-05-15 13:48:00,140.700027399,140.700027399,140.700027399,140.700027399
2023-05-15 13:49:00,140.386283166,140.386283166,140.386283166,140.386283166
2023-05-15 13:50:00,140.386283166,140.386283166,140.386283166,140.386283166
2023-05-15 13:51:00,140.386283166,140.386283166,140.386283166,140.386283166
2023-05-15 13:52:00,140.386283166,140.386283166,140.386283166,140.386283166
2023-05-15 13:53:00,140.386283166,140.386283166,140.386283166,140.386283166
2023-05-15 13:54:00,140.386283166,140.386283166,140.386283166,140.386283166
2023-05-15 13:55:00,140.538401582,140.538401582,140.538401582,140.538401582
2023-05-15 13:56:00,140.538401582,140.538401582,140.538401582,140.538401582
2023-05-15 13:57:00,140.481357176,140.481357176,140.481357176,140.481357176
2023-05-15 13:58:00,140.481357176,140.481357176,140.481357176,140.481357176
2023-05-15 13:59:00,140.481357176,140.481357176,140.481357176,140.481357176
2023-05-15 14:00:00,140.481357176,140.481357176,140.481357176,140.481357176
2023-05-15 14:01:00,140.481357176,140.481357176,140.481357176,140.481357176
2023-05-15 14:02:00,140.481357176,140.481357176,140.481357176,140.481357176
2023-05-15 14:03:00,140.481357176,140.481357176,140.481357176,140.481357176
2023-05-15 14:04:00,140.880668018,140.814116211,140.814116211,140.880668018
2023-05-15 14:05:00,140.880668018,140.814116211,140.814116211,140.880668018
2023-05-15 14:06:00,140.880668018,140.814116211,140.814116211,140.880668018
2023-05-15 14:07:00,140.880668018,140.814116211,140.814116211,140.880668018
2023-05-15 14:08:00,140.880668018,140.814116211,140.814116211,140.880668018
2023-05-15 14:09:00,140.880668018,140.814116211,140.814116211,140.880668018
2023-05-15 14:10:00,140.880668018,140.814116211,140.814116211,140.880668018
2023-05-15 14:11:00,140.880668018,140.814116211,140.814116211,140.880668018
2023-05-15 14:12:00,140.880668018,140.814116211,140.814116211,140.880668018
2023-05-15 14:13:00,140.880668018,140.814116211,140.814116211,140.880668018
2023-05-15 14:14:00,140.880668018,140.814116211,140.814116211,140.880668018
2023-05-15 14:15:00,140.776086607,140.776086607,140.776086607,140.776086607
2023-05-15 14:16:00,140.776086607,140.776086607,140.776086607,140.776086607
2023-05-15 14:17:00,140.61446079,140.61446079,140.61446079,140.61446079
2023-05-15 14:18:00,140.61446079,140.61446079,140.61446079,140.61446079
2023-05-15 14:19:00,140.61446079,140.61446079,140.61446079,140.61446079
2023-05-15 14:20:00,140.61446079,140.61446079,140.61446079,140.61446079
2023-05-15 14:21:00,140.61446079,140.61446079,140.61446079,140.61446079
2023-05-15 14:22:00,140.61446079,140.61446079,140.61446079,140.61446079
2023-05-15 14:23:00,140.61446079,140.61446079,140.61446079,140.61446079
2023-05-15 14:24:00,140.61446079,140.61446079,140.61446079,140.61446079
2023-05-15 14:25:00,140.61446079,140.61446079,140.61446079,140.61446079
2023-05-15 14:26:00,140.61446079,140.61446079,140.61446079,140.61446079
2023-05-15 14:27:00,140.61446079,140.61446079,140.61446079,140.61446079
2023-05-15 14:28:00,140.61446079,140.61446079,140.61446079,140.61446079
2023-05-15 14:29:00,140.61446079,140.61446079,140.61446079,140.61446079
2023-05-15 14:30:00,140.61446079,140.61446079,140.61446079,140.61446079
2023-05-15 14:31:00,140.481357176,140.481357176,140.481357176,140.481357176
2023-05-15 14:32:00,140.481357176,140.481357176,140.481357176,140.481357176
2023-05-15 14:33:00,140.481357176,140.481357176,140.481357176,140.481357176
2023-05-15 14:34:00,140.481357176,140.481357176,140.481357176,140.481357176
2023-05-15 14:35:00,140.481357176,140.481357176,140.481357176,140.481357176
2023-05-15 14:36:00,140.566923785,140.576431186,140.566923785,140.576431186
2023-05-15 14:37:00,140.566923785,140.576431186,140.566923785,140.576431186
2023-05-15 14:38:00,140.566923785,140.576431186,140.566923785,140.576431186
2023-05-15 14:39:00,140.566923785,140.576431186,140.566923785,140.576431186
2023-05-15 14:40:00,140.661997795,140.661997795,140.661997795,140.661997795
2023-05-15 14:41:00,140.661997795,140.661997795,140.661997795,140.661997795
2023-05-15 14:42:00,140.661997795,140.661997795,140.661997795,140.661997795
2023-05-15 14:43:00,140.661997795,140.661997795,140.661997795,140.661997795
2023-05-15 14:44:00,140.661997795,140.661997795,140.661997795,140.661997795
2023-05-15 14:45:00,140.661997795,140.661997795,140.661997795,140.661997795
2023-05-15 14:46:00,140.661997795,140.661997795,140.661997795,140.661997795
2023-05-15 14:47:00,140.661997795,140.661997795,140.661997795,140.661997795
2023-05-15 14:48:00,140.661997795,140.661997795,140.661997795,140.661997795
2023-05-15 14:49:00,140.661997795,140.661997795,140.661997795,140.661997795
2023-05-15 14:50:00,140.880668018,140.880668018,140.880668018,140.880668018
2023-05-15 14:51:00,140.880668018,140.880668018,140.880668018,140.880668018
2023-05-15 14:52:00,140.880668018,140.880668018,140.880668018,140.880668018
2023-05-15 14:53:00,140.880668018,140.880668018,140.880668018,140.880668018
2023-05-15 14:54:00,140.880668018,140.880668018,140.880668018,140.880668018
2023-05-15 14:55:00,140.880668018,140.880668018,140.880668018,140.880668018
2023-05-15 14:56:00,140.880668018,140.880668018,140.880668018,140.880668018
2023-05-15 14:57:00,140.747564404,140.747564404,140.747564404,140.747564404
2023-05-15 14:58:00,140.747564404,140.747564404,140.747564404,140.747564404
2023-05-15 14:59:00,140.747564404,140.747564404,140.747564404,140.747564404
2023-05-15 15:00:00,140.747564404,140.747564404,140.747564404,140.747564404
2023-05-15 15:01:00,140.747564404,140.747564404,140.747564404,140.747564404
2023-05-15 15:02:00,140.747564404,140.747564404,140.747564404,140.747564404
2023-05-15 15:03:00,140.747564404,140.747564404,140.747564404,140.747564404
2023-05-15 15:04:00,140.747564404,140.747564404,140.747564404,140.747564404
2023-05-15 15:05:00,140.747564404,140.747564404,140.747564404,140.747564404
2023-05-15 15:06:00,140.747564404,140.747564404,140.747564404,140.747564404
2023-05-15 15:07:00,140.747564404,140.747564404,140.747564404,140.747564404
2023-05-15 15:08:00,140.747564404,140.747564404,140.747564404,140.747564404
2023-05-15 15:09:00,140.747564404,140.747564404,140.747564404,140.747564404
2023-05-15 15:10:00,140.747564404,140.747564404,140.747564404,140.747564404
2023-05-15 15:11:00,140.747564404,140.747564404,140.747564404,140.747564404
2023-05-15 15:12:00,140.747564404,140.747564404,140.747564404,140.747564404
2023-05-15 15:13:00,140.747564404,140.747564404,140.747564404,140.747564404
2023-05-15 15:14:00,140.747564404,140.747564404,140.747564404,140.747564404
2023-05-15 15:15:00,140.747564404,140.747564404,140.747564404,140.747564404
2023-05-15 15:16:00,140.747564404,140.747564404,140.747564404,140.747564404
2023-05-15 15:17:00,140.747564404,140.747564404,140.747564404,140.747564404
2023-05-15 15:18:00,140.747564404,140.747564404,140.747564404,140.747564404
2023-05-15 15:19:00,140.747564404,140.747564404,140.747564404,140.747564404
2023-05-15 15:20:00,140.747564404,140.747564404,140.747564404,140.747564404
2023-05-15 15:21:00,140.747564404,140.747564404,140.747564404,140.747564404
2023-05-15 15:22:00,140.747564404,140.747564404,140.747564404,140.747564404
2023-05-15 15:23:00,140.747564404,140.747564404,140.747564404,140.747564404
2023-05-15 15:24:00,140.747564404,140.747564404,140.747564404,140.747564404
2023-05-15 15:25:00,140.747564404,140.747564404,140.747564404,140.747564404
2023-05-15 15:26:00,140.747564404,140.747564404,140.747564404,140.747564404
2023-05-15 15:27:00,140.747564404,140.747564404,140.747564404,140.747564404
2023-05-15 15:28:00,140.747564404,140.747564404,140.747564404,140.747564404
2023-05-15 15:29:00,140.747564404,140.747564404,140.747564404,140.747564404
2023-05-15 15:30:00,140.747564404,140.747564404,140.747564404,140.747564404
2023-05-15 15:31:00,140.747564404,140.747564404,140.747564404,140.747564404
2023-05-15 15:32:00,140.909190221,140.909190221,140.909190221,140.909190221
2023-05-15 15:33:00,140.909190221,140.909190221,140.909190221,140.909190221
2023-05-15 15:34:00,140.909190221,140.909190221,140.909190221,140.909190221
2023-05-15 15:35:00,140.909190221,140.909190221,140.909190221,140.909190221
2023-05-15 15:36:00,140.909190221,140.909190221,140.909190221,140.909190221
2023-05-15 15:37:00,140.909190221,140.909190221,140.909190221,140.909190221
2023-05-15 15:38:00,140.966234627,140.966234627,140.966234627,140.966234627
2023-05-15 15:39:00,140.966234627,140.966234627,140.966234627,140.966234627
2023-05-15 15:40:00,140.966234627,140.966234627,140.966234627,140.966234627
2023-05-15 15:41:00,140.966234627,140.966234627,140.966234627,140.966234627
2023-05-15 15:42:00,140.966234627,140.966234627,140.966234627,140.966234627
2023-05-15 15:43:00,140.947219825,140.947219825,140.947219825,140.947219825
2023-05-15 15:44:00,140.947219825,140.947219825,140.947219825,140.947219825
2023-05-15 15:45:00,140.947219825,140.947219825,140.947219825,140.947219825
2023-05-15 15:46:00,140.814116211,140.814116211,140.814116211,140.814116211
2023-05-15 15:47:00,140.814116211,140.814116211,140.814116211,140.814116211
2023-05-15 15:48:00,140.814116211,140.814116211,140.814116211,140.814116211
2023-05-15 15:49:00,140.814116211,140.814116211,140.814116211,140.814116211
2023-05-15 15:50:00,140.814116211,140.814116211,140.814116211,140.814116211
2023-05-15 15:51:00,140.776086607,140.776086607,140.776086607,140.776086607
2023-05-15 15:52:00,140.785594008,140.785594008,140.785594008,140.785594008
2023-05-15 15:53:00,140.785594008,140.785594008,140.785594008,140.785594008
2023-05-15 15:54:00,140.785594008,140.785594008,140.785594008,140.785594008
2023-05-15 15:55:00,140.785594008,140.785594008,140.785594008,140.785594008
2023-05-15 15:56:00,140.785594008,140.785594008,140.785594008,140.785594008
2023-05-15 15:57:00,140.785594008,140.785594008,140.785594008,140.785594008
2023-05-15 15:58:00,140.785594008,140.785594008,140.785594008,140.785594008
2023-05-15 15:59:00,140.671505196,140.671505196,140.671505196,140.671505196
2023-05-15 16:00:00,140.7095348,140.661997795,140.661997795,140.7095348
2023-05-16 09:31:00,140.5678745251,140.500371978,140.500371978,140.652490394
2023-05-16 09:32:00,140.015494527,140.319731359,140.015494527,140.319731359
2023-05-16 09:33:00,140.196135146,140.196135146,140.196135146,140.196135146
2023-05-16 09:34:00,140.196135146,140.196135146,140.196135146,140.196135146
2023-05-16 09:35:00,140.15696465388,140.15696465388,140.15696465388,140.15696465388
2023-05-16 09:36:00,140.3434998615,140.3434998615,140.3434998615,140.3434998615
2023-05-16 09:37:00,140.3434998615,140.3434998615,140.3434998615,140.3434998615
2023-05-16 09:38:00,140.3434998615,140.3434998615,140.3434998615,140.3434998615
2023-05-16 09:39:00,140.300716557,140.300716557,140.300716557,140.300716557
2023-05-16 09:40:00,140.300716557,140.300716557,140.300716557,140.300716557
2023-05-16 09:41:00,140.300716557,140.300716557,140.300716557,140.300716557
2023-05-16 09:42:00,140.32923876,140.30528010948,140.30528010948,140.32923876
2023-05-16 09:43:00,140.32923876,140.30528010948,140.30528010948,140.32923876
2023-05-16 09:44:00,140.32923876,140.30528010948,140.30528010948,140.32923876
2023-05-16 09:45:00,140.32923876,140.30528010948,140.30528010948,140.32923876
2023-05-16 09:46:00,140.32923876,140.30528010948,140.30528010948,140.32923876
2023-05-16 09:47:00,140.32923876,140.30528010948,140.30528010948,140.32923876
2023-05-16 09:48:00,140.32923876,140.30528010948,140.30528010948,140.32923876
2023-05-16 09:49:00,140.177120344,140.177120344,140.177120344,140.177120344
2023-05-16 09:50:00,140.177120344,140.177120344,140.177120344,140.177120344
2023-05-16 09:51:00,140.243672151,140.376775765,140.243672151,140.376775765
2023-05-16 09:52:00,140.07377489513,140.034509329,140.034509329,140.07377489513
2023-05-16 09:53:00,140.07377489513,140.034509329,140.034509329,140.07377489513
2023-05-16 09:54:00,139.796824304,139.882390913,139.796824304,139.882390913
2023-05-16 09:55:00,139.796824304,139.882390913,139.796824304,139.882390913
2023-05-16 09:56:00,139.796824304,139.882390913,139.796824304,139.882390913
2023-05-16 09:57:00,139.796824304,139.882390913,139.796824304,139.882390913
2023-05-16 09:58:00,139.796824304,139.882390913,139.796824304,139.882390913
2023-05-16 09:59:00,139.796824304,139.882390913,139.796824304,139.882390913
2023-05-16 10:00:00,139.7160113955,139.7160113955,139.7160113955,139.7160113955
2023-05-16 10:01:00,139.7160113955,139.7160113955,139.7160113955,139.7160113955
2023-05-16 10:02:00,139.5448781775,139.65763595336,139.5448781775,139.65763595336
2023-05-16 10:03:00,139.5448781775,139.65763595336,139.5448781775,139.65763595336
2023-05-16 10:04:00,139.5448781775,139.65763595336,139.5448781775,139.65763595336
2023-05-16 10:05:00,139.5448781775,139.65763595336,139.5448781775,139.65763595336
2023-05-16 10:06:00,139.5448781775,139.65763595336,139.5448781775,139.65763595336
2023-05-16 10:07:00,139.777809502,139.777809502,139.777809502,139.777809502
2023-05-16 10:08:00,139.644705888,139.644705888,139.644705888,139.644705888
2023-05-16 10:09:00,139.5448781775,139.606676284,139.5448781775,139.606676284
2023-05-16 10:10:00,139.454557868,139.511602274,139.454557868,139.511602274
2023-05-16 10:11:00,139.454557868,139.511602274,139.454557868,139.511602274
2023-05-16 10:12:00,139.521109675,139.445050467,139.445050467,139.521109675
2023-05-16 10:13:00,139.521109675,139.445050467,139.445050467,139.521109675
2023-05-16 10:14:00,139.521109675,139.445050467,139.445050467,139.521109675
2023-05-16 10:15:00,139.46824852544,139.46824852544,139.46824852544,139.46824852544
2023-05-16 10:16:00,139.245395046,139.245395046,139.245395046,139.245395046
2023-05-16 10:17:00,139.245395046,139.245395046,139.245395046,139.245395046
2023-05-16 10:18:00,139.245395046,139.245395046,139.245395046,139.245395046
2023-05-16 10:19:00,139.37849866,139.37849866,139.37849866,139.37849866
2023-05-16 10:20:00,139.37849866,139.37849866,139.37849866,139.37849866
2023-05-16 10:21:00,139.37849866,139.37849866,139.37849866,139.37849866
2023-05-16 10:22:00,139.3823016204,139.3823016204,139.3823016204,139.3823016204
2023-05-16 10:23:00,139.3823016204,139.3823016204,139.3823016204,139.3823016204
2023-05-16 10:24:00,139.35007153101,139.35007153101,139.35007153101,139.35007153101
2023-05-16 10:25:00,139.35007153101,139.35007153101,139.35007153101,139.35007153101
2023-05-16 10:26:00,139.35007153101,139.35007153101,139.35007153101,139.35007153101
2023-05-16 10:27:00,139.42613073901,139.42613073901,139.42613073901,139.42613073901
2023-05-16 10:28:00,139.42613073901,139.42613073901,139.42613073901,139.42613073901
2023-05-16 10:29:00,139.42613073901,139.42613073901,139.42613073901,139.42613073901
2023-05-16 10:30:00,139.42613073901,139.42613073901,139.42613073901,139.42613073901
2023-05-16 10:31:00,139.42613073901,139.42613073901,139.42613073901,139.42613073901
2023-05-16 10:32:00,139.42613073901,139.42613073901,139.42613073901,139.42613073901
2023-05-16 10:33:00,139.42613073901,139.42613073901,139.42613073901,139.42613073901
2023-05-16 10:34:00,139.42613073901,139.42613073901,139.42613073901,139.42613073901
2023-05-16 10:35:00,139.42613073901,139.42613073901,139.42613073901,139.42613073901
2023-05-16 10:36:00,139.42613073901,139.42613073901,139.42613073901,139.42613073901
2023-05-16 10:37:00,139.09327663,139.09327663,139.09327663,139.09327663
2023-05-16 10:38:00,139.13938752485,139.13938752485,139.13938752485,139.13938752485
2023-05-16 10:39:00,139.13938752485,139.13938752485,139.13938752485,139.13938752485
2023-05-16 10:40:00,139.13938752485,139.13938752485,139.13938752485,139.13938752485
2023-05-16 10:41:00,139.13938752485,139.13938752485,139.13938752485,139.13938752485
2023-05-16 10:42:00,138.855591605,138.855591605,138.855591605,138.855591605
2023-05-16 10:43:00,138.760517595,138.760517595,138.760517595,138.760517595
2023-05-16 10:44:00,138.760517595,138.760517595,138.760517595,138.760517595
2023-05-16 10:45:00,138.846084204,138.836576803,138.836576803,138.846084204
2023-05-16 10:46:00,138.846084204,138.836576803,138.836576803,138.846084204
2023-05-16 10:47:00,138.865099006,138.865099006,138.865099006,138.865099006
2023-05-16 10:48:00,138.865099006,138.865099006,138.865099006,138.865099006
2023-05-16 10:49:00,138.665443585,138.71298059,138.665443585,138.71298059
2023-05-16 10:50:00,138.674950986,138.674950986,138.674950986,138.674950986
2023-05-16 10:51:00,138.5466010725,138.589384377,138.5466010725,138.589384377
2023-05-16 10:52:00,138.5466010725,138.589384377,138.5466010725,138.589384377
2023-05-16 10:53:00,138.5466010725,138.589384377,138.5466010725,138.589384377
2023-05-16 10:54:00,138.5466010725,138.589384377,138.5466010725,138.589384377
2023-05-16 10:55:00,138.5466010725,138.589384377,138.5466010725,138.589384377
2023-05-16 10:56:00,138.5466010725,138.589384377,138.5466010725,138.589384377
2023-05-16 10:57:00,138.5466010725,138.589384377,138.5466010725,138.589384377
2023-05-16 10:58:00,138.5466010725,138.589384377,138.5466010725,138.589384377
2023-05-16 10:59:00,138.5466010725,138.589384377,138.5466010725,138.589384377
2023-05-16 11:00:00,138.36653089756,138.36653089756,138.36653089756,138.36653089756
2023-05-16 11:01:00,138.36653089756,138.36653089756,138.36653089756,138.36653089756
2023-05-16 11:02:00,138.36653089756,138.36653089756,138.36653089756,138.36653089756
2023-05-16 11:03:00,138.190073535,138.199580936,138.190073535,138.199580936
2023-05-16 11:04:00,138.190073535,138.199580936,138.190073535,138.199580936
2023-05-16 11:05:00,138.190073535,138.199580936,138.190073535,138.199580936
2023-05-16 11:06:00,138.38706688372,138.38706688372,138.38706688372,138.38706688372
2023-05-16 11:07:00,138.4134974585,138.446773362,138.4134974585,138.446773362
2023-05-16 11:08:00,138.399236357,138.399236357,138.399236357,138.399236357
2023-05-16 11:09:00,138.399236357,138.399236357,138.399236357,138.399236357
2023-05-16 11:10:00,138.44667828799,138.44667828799,138.44667828799,138.44667828799
2023-05-16 11:11:00,138.44667828799,138.44667828799,138.44667828799,138.44667828799
2023-05-16 11:12:00,138.44667828799,138.44667828799,138.44667828799,138.44667828799
2023-05-16 11:13:00,138.44667828799,138.44667828799,138.44667828799,138.44667828799
2023-05-16 11:14:00,138.4800492655,138.4800492655,138.4800492655,138.4800492655
2023-05-16 11:15:00,138.4800492655,138.4800492655,138.4800492655,138.4800492655
2023-05-16 11:16:00,138.4800492655,138.4800492655,138.4800492655,138.4800492655
2023-05-16 11:17:00,138.313669748,138.313669748,138.313669748,138.313669748
2023-05-16 11:18:00,138.4039900575,138.4039900575,138.4039900575,138.4039900575
2023-05-16 11:19:00,138.45580539295,138.45580539295,138.45580539295,138.45580539295
2023-05-16 11:20:00,138.45580539295,138.45580539295,138.45580539295,138.45580539295
2023-05-16 11:21:00,138.4829014858,138.437265961,138.437265961,138.4829014858
2023-05-16 11:22:00,138.513325169,138.513325169,138.513325169,138.513325169
2023-05-16 11:23:00,138.513325169,138.513325169,138.513325169,138.513325169
2023-05-16 11:24:00,138.503817768,138.503817768,138.503817768,138.503817768
2023-05-16 11:25:00,138.503817768,138.503817768,138.503817768,138.503817768
2023-05-16 11:26:00,138.503817768,138.503817768,138.503817768,138.503817768
2023-05-16 11:27:00,138.560862174,138.560862174,138.560862174,138.560862174
2023-05-16 11:28:00,138.6131528795,138.65013666939,138.6131528795,138.655936184
2023-05-16 11:29:00,138.6131528795,138.65013666939,138.6131528795,138.655936184
2023-05-16 11:30:00,138.6131528795,138.65013666939,138.6131528795,138.655936184
2023-05-16 11:31:00,138.674950986,138.674950986,138.674950986,138.674950986
2023-05-16 11:32:00,138.59898685201,138.59898685201,138.59898685201,138.59898685201
2023-05-16 11:33:00,138.59898685201,138.59898685201,138.59898685201,138.59898685201
2023-05-16 11:34:00,138.59898685201,138.59898685201,138.59898685201,138.59898685201
2023-05-16 11:35:00,138.59898685201,138.59898685201,138.59898685201,138.59898685201
2023-05-16 11:36:00,138.532339971,138.532339971,138.532339971,138.532339971
2023-05-16 11:37:00,138.52283257,138.52283257,138.52283257,138.52283257
2023-05-16 11:38:00,138.52283257,138.52283257,138.52283257,138.52283257
2023-05-16 11:39:00,138.52283257,138.52283257,138.52283257,138.52283257
2023-05-16 11:40:00,138.275640144,138.275640144,138.275640144,138.275640144
2023-05-16 11:41:00,138.29475002001,138.29475002001,138.29475002001,138.29475002001
2023-05-16 11:42:00,138.29475002001,138.29475002001,138.29475002001,138.29475002001
2023-05-16 11:43:00,138.29475002001,138.29475002001,138.29475002001,138.29475002001
2023-05-16 11:44:00,138.29475002001,138.29475002001,138.29475002001,138.29475002001
2023-05-16 11:45:00,138.29475002001,138.29475002001,138.29475002001,138.29475002001
2023-05-16 11:46:00,138.29475002001,138.29475002001,138.29475002001,138.29475002001
2023-05-16 11:47:00,138.29475002001,138.29475002001,138.29475002001,138.29475002001
2023-05-16 11:48:00,138.29475002001,138.29475002001,138.29475002001,138.29475002001
2023-05-16 11:49:00,138.10697885026,138.10697885026,138.10697885026,138.10697885026
2023-05-16 11:50:00,138.10697885026,138.10697885026,138.10697885026,138.10697885026
2023-05-16 11:51:00,138.2899012455,138.2899012455,138.2899012455,138.2899012455
2023-05-16 11:52:00,138.2899012455,138.2899012455,138.2899012455,138.2899012455
2023-05-16 11:53:00,138.2899012455,138.2899012455,138.2899012455,138.2899012455
2023-05-16 11:54:00,138.2899012455,138.2899012455,138.2899012455,138.2899012455
2023-05-16 11:55:00,138.2899012455,138.2899012455,138.2899012455,138.2899012455
2023-05-16 11:56:00,138.2899012455,138.2899012455,138.2899012455,138.2899012455
2023-05-16 11:57:00,138.2899012455,138.2899012455,138.2899012455,138.2899012455
2023-05-16 11:58:00,138.2899012455,138.2899012455,138.2899012455,138.2899012455
2023-05-16 11:59:00,138.2899012455,138.2899012455,138.2899012455,138.2899012455
2023-05-16 12:00:00,138.037955119,137.990418114,137.990418114,138.037955119
2023-05-16 12:01:00,138.037955119,137.990418114,137.990418114,138.037955119
2023-05-16 12:02:00,138.037955119,137.990418114,137.990418114,138.037955119
2023-05-16 12:03:00,138.085492124,138.085492124,138.085492124,138.085492124
2023-05-16 12:04:00,138.085492124,138.085492124,138.085492124,138.085492124
2023-05-16 12:05:00,138.085492124,138.085492124,138.085492124,138.085492124
2023-05-16 12:06:00,138.085492124,138.085492124,138.085492124,138.085492124
2023-05-16 12:07:00,138.171058733,138.1720094731,138.171058733,138.1720094731
2023-05-16 12:08:00,138.17086858498,138.133029129,138.133029129,138.17086858498
2023-05-16 12:09:00,138.17086858498,138.133029129,138.133029129,138.17086858498
2023-05-16 12:10:00,138.17086858498,138.133029129,138.133029129,138.17086858498
2023-05-16 12:11:00,138.17086858498,138.133029129,138.133029129,138.17086858498
2023-05-16 12:12:00,138.17086858498,138.133029129,138.133029129,138.17086858498
2023-05-16 12:13:00,138.17086858498,138.133029129,138.133029129,138.17086858498
2023-05-16 12:14:00,138.17086858498,138.133029129,138.133029129,138.17086858498
2023-05-16 12:15:00,138.17086858498,138.133029129,138.133029129,138.17086858498
2023-05-16 12:16:00,138.133029129,138.133029129,138.133029129,138.133029129
2023-05-16 12:17:00,138.133029129,138.133029129,138.133029129,138.133029129
2023-05-16 12:18:00,138.133029129,138.133029129,138.133029129,138.133029129
2023-05-16 12:19:00,138.133029129,138.133029129,138.133029129,138.133029129
2023-05-16 12:20:00,138.133029129,138.133029129,138.133029129,138.133029129
2023-05-16 12:21:00,138.133029129,138.133029129,138.133029129,138.133029129
2023-05-16 12:22:00,138.133029129,138.133029129,138.133029129,138.133029129
2023-05-16 12:23:00,138.133029129,138.133029129,138.133029129,138.133029129
2023-05-16 12:24:00,137.942881109,137.942881109,137.942881109,137.942881109
2023-05-16 12:25:00,137.942881109,137.942881109,137.942881109,137.942881109
2023-05-16 12:26:00,137.942881109,137.942881109,137.942881109,137.942881109
2023-05-16 12:27:00,137.942881109,137.942881109,137.942881109,137.942881109
2023-05-16 12:28:00,138.13474046118,138.180566134,138.13474046118,138.180566134
2023-05-16 12:29:00,138.13474046118,138.180566134,138.13474046118,138.180566134
2023-05-16 12:30:00,138.13474046118,138.180566134,138.13474046118,138.180566134
2023-05-16 12:31:00,138.23761054,138.23761054,138.23761054,138.23761054
2023-05-16 12:32:00,138.256625342,138.256625342,138.256625342,138.256625342
2023-05-16 12:33:00,138.256625342,138.256625342,138.256625342,138.256625342
2023-05-16 12:34:00,138.256625342,138.256625342,138.256625342,138.256625342
2023-05-16 12:35:00,138.256625342,138.256625342,138.256625342,138.256625342
2023-05-16 12:36:00,138.190073535,138.190073535,138.190073535,138.190073535
2023-05-16 12:37:00,138.190073535,138.190073535,138.190073535,138.190073535
2023-05-16 12:38:00,138.190073535,138.190073535,138.190073535,138.190073535
2023-05-16 12:39:00,138.190073535,138.190073535,138.190073535,138.190073535
2023-05-16 12:40:00,138.4144481986,138.4144481986,138.4144481986,138.4144481986
2023-05-16 12:41:00,138.475295565,138.475295565,138.475295565,138.475295565
2023-05-16 12:42:00,138.55382669726,138.55382669726,138.55382669726,138.55382669726
2023-05-16 12:43:00,138.43736103501,138.46854531029,138.43736103501,138.46854531029
2023-05-16 12:44:00,138.43736103501,138.46854531029,138.43736103501,138.46854531029
2023-05-16 12:45:00,138.43736103501,138.46854531029,138.43736103501,138.46854531029
2023-05-16 12:46:00,138.52283257,138.579876976,138.52283257,138.579876976
2023-05-16 12:47:00,138.52283257,138.579876976,138.52283257,138.579876976
2023-05-16 12:48:00,138.52283257,138.579876976,138.52283257,138.579876976
2023-05-16 12:49:00,138.52283257,138.579876976,138.52283257,138.579876976
2023-05-16 12:50:00,138.52283257,138.579876976,138.52283257,138.579876976
2023-05-16 12:51:00,138.541847372,138.541847372,138.541847372,138.541847372
2023-05-16 12:52:00,138.541847372,138.541847372,138.541847372,138.541847372
2023-05-16 12:53:00,138.503817768,138.503817768,138.503817768,138.503817768
2023-05-16 12:54:00,138.503817768,138.503817768,138.503817768,138.503817768
2023-05-16 12:55:00,138.408743758,138.408743758,138.408743758,138.408743758
2023-05-16 12:56:00,138.408743758,138.408743758,138.408743758,138.408743758
2023-05-16 12:57:00,138.408743758,138.408743758,138.408743758,138.408743758
2023-05-16 12:58:00,138.408743758,138.408743758,138.408743758,138.408743758
2023-05-16 12:59:00,138.408743758,138.408743758,138.408743758,138.408743758
2023-05-16 13:00:00,138.408743758,138.408743758,138.408743758,138.408743758
2023-05-16 13:01:00,138.408743758,138.408743758,138.408743758,138.408743758
2023-05-16 13:02:00,138.408743758,138.408743758,138.408743758,138.408743758
2023-05-16 13:03:00,138.408743758,138.408743758,138.408743758,138.408743758
2023-05-16 13:04:00,138.323177149,138.323177149,138.323177149,138.323177149
2023-05-16 13:05:00,138.323177149,138.323177149,138.323177149,138.323177149
2023-05-16 13:06:00,138.323177149,138.323177149,138.323177149,138.323177149
2023-05-16 13:07:00,138.323177149,138.323177149,138.323177149,138.323177149
2023-05-16 13:08:00,138.323177149,138.323177149,138.323177149,138.323177149
2023-05-16 13:09:00,138.323177149,138.323177149,138.323177149,138.323177149
2023-05-16 13:10:00,138.323177149,138.323177149,138.323177149,138.323177149
2023-05-16 13:11:00,138.323177149,138.323177149,138.323177149,138.323177149
2023-05-16 13:12:00,138.323177149,138.323177149,138.323177149,138.323177149
2023-05-16 13:13:00,138.465788164,138.465788164,138.465788164,138.465788164
2023-05-16 13:14:00,138.465788164,138.465788164,138.465788164,138.465788164
2023-05-16 13:15:00,138.465788164,138.465788164,138.465788164,138.465788164
2023-05-16 13:16:00,138.465788164,138.465788164,138.465788164,138.465788164
2023-05-16 13:17:00,138.465788164,138.465788164,138.465788164,138.465788164
2023-05-16 13:18:00,138.465788164,138.465788164,138.465788164,138.465788164
2023-05-16 13:19:00,138.465788164,138.465788164,138.465788164,138.465788164
2023-05-16 13:20:00,138.465788164,138.465788164,138.465788164,138.465788164
2023-05-16 13:21:00,138.465788164,138.465788164,138.465788164,138.465788164
2023-05-16 13:22:00,138.465788164,138.465788164,138.465788164,138.465788164
2023-05-16 13:23:00,138.465788164,138.465788164,138.465788164,138.465788164
2023-05-16 13:24:00,138.465788164,138.465788164,138.465788164,138.465788164
2023-05-16 13:25:00,138.465788164,138.465788164,138.465788164,138.465788164
2023-05-16 13:26:00,138.465788164,138.465788164,138.465788164,138.465788164
2023-05-16 13:27:00,138.465788164,138.465788164,138.465788164,138.465788164
2023-05-16 13:28:00,138.465788164,138.465788164,138.465788164,138.465788164
2023-05-16 13:29:00,138.465788164,138.465788164,138.465788164,138.465788164
2023-05-16 13:30:00,138.14253653,138.14253653,138.14253653,138.14253653
2023-05-16 13:31:00,138.14253653,138.14253653,138.14253653,138.14253653
2023-05-16 13:32:00,138.14253653,138.14253653,138.14253653,138.14253653
2023-05-16 13:33:00,138.14253653,138.14253653,138.14253653,138.14253653
2023-05-16 13:34:00,138.14253653,138.14253653,138.14253653,138.14253653
2023-05-16 13:35:00,138.14253653,138.14253653,138.14253653,138.14253653
2023-05-16 13:36:00,138.14253653,138.14253653,138.14253653,138.14253653
2023-05-16 13:37:00,138.14253653,138.14253653,138.14253653,138.14253653
2023-05-16 13:38:00,138.14253653,138.14253653,138.14253653,138.14253653
2023-05-16 13:39:00,138.14253653,138.14253653,138.14253653,138.14253653
2023-05-16 13:40:00,138.14253653,138.14253653,138.14253653,138.14253653
2023-05-16 13:41:00,138.14253653,138.14253653,138.14253653,138.14253653
2023-05-16 13:42:00,138.14253653,138.14253653,138.14253653,138.14253653
2023-05-16 13:43:00,137.990418114,137.990418114,137.990418114,137.990418114
2023-05-16 13:44:00,137.990418114,137.990418114,137.990418114,137.990418114
2023-05-16 13:45:00,137.990418114,137.990418114,137.990418114,137.990418114
2023-05-16 13:46:00,137.990418114,137.990418114,137.990418114,137.990418114
2023-05-16 13:47:00,137.990418114,137.990418114,137.990418114,137.990418114
2023-05-16 13:48:00,137.990418114,137.990418114,137.990418114,137.990418114
2023-05-16 13:49:00,137.990418114,137.990418114,137.990418114,137.990418114
2023-05-16 13:50:00,137.990418114,137.990418114,137.990418114,137.990418114
2023-05-16 13:51:00,138.075984723,138.075984723,138.075984723,138.075984723
2023-05-16 13:52:00,138.075984723,138.075984723,138.075984723,138.075984723
2023-05-16 13:53:00,138.075984723,138.075984723,138.075984723,138.075984723
2023-05-16 13:54:00,138.075984723,138.075984723,138.075984723,138.075984723
2023-05-16 13:55:00,138.180566134,138.180566134,138.180566134,138.180566134
2023-05-16 13:56:00,138.180566134,138.180566134,138.180566134,138.180566134
2023-05-16 13:57:00,138.180566134,138.180566134,138.180566134,138.180566134
2023-05-16 13:58:00,138.218595738,138.218595738,138.218595738,138.218595738
2023-05-16 13:59:00,138.275640144,138.275640144,138.275640144,138.275640144
2023-05-16 14:00:00,138.275640144,138.275640144,138.275640144,138.275640144
2023-05-16 14:01:00,138.275640144,138.275640144,138.275640144,138.275640144
2023-05-16 14:02:00,138.275640144,138.275640144,138.275640144,138.275640144
2023-05-16 14:03:00,138.275640144,138.275640144,138.275640144,138.275640144
2023-05-16 14:04:00,138.275640144,138.275640144,138.275640144,138.275640144
2023-05-16 14:05:00,138.275640144,138.275640144,138.275640144,138.275640144
2023-05-16 14:06:00,138.275640144,138.275640144,138.275640144,138.275640144
2023-05-16 14:07:00,138.275640144,138.275640144,138.275640144,138.275640144
2023-05-16 14:08:00,138.275640144,138.275640144,138.275640144,138.275640144
2023-05-16 14:09:00,138.275640144,138.275640144,138.275640144,138.275640144
2023-05-16 14:10:00,138.275640144,138.275640144,138.275640144,138.275640144
2023-05-16 14:11:00,138.275640144,138.275640144,138.275640144,138.275640144
2023-05-16 14:12:00,138.275640144,138.275640144,138.275640144,138.275640144
2023-05-16 14:13:00,138.275640144,138.275640144,138.275640144,138.275640144
2023-05-16 14:14:00,138.275640144,138.275640144,138.275640144,138.275640144
2023-05-16 14:15:00,138.275640144,138.275640144,138.275640144,138.275640144
2023-05-16 14:16:00,138.275640144,138.275640144,138.275640144,138.275640144
2023-05-16 14:17:00,138.275640144,138.275640144,138.275640144,138.275640144
2023-05-16 14:18:00,138.275640144,138.275640144,138.275640144,138.275640144
2023-05-16 14:19:00,138.275640144,138.275640144,138.275640144,138.275640144
2023-05-16 14:20:00,138.275640144,138.275640144,138.275640144,138.275640144
2023-05-16 14:21:00,138.275640144,138.275640144,138.275640144,138.275640144
2023-05-16 14:22:00,138.275640144,138.275640144,138.275640144,138.275640144
2023-05-16 14:23:00,138.275640144,138.275640144,138.275640144,138.275640144
2023-05-16 14:24:00,138.114014327,138.114014327,138.114014327,138.114014327
2023-05-16 14:25:00,138.114014327,138.114014327,138.114014327,138.114014327
2023-05-16 14:26:00,138.114014327,138.114014327,138.114014327,138.114014327
2023-05-16 14:27:00,138.114014327,138.114014327,138.114014327,138.114014327
2023-05-16 14:28:00,138.114014327,138.114014327,138.114014327,138.114014327
2023-05-16 14:29:00,138.114014327,138.114014327,138.114014327,138.114014327
2023-05-16 14:30:00,138.114014327,138.114014327,138.114014327,138.114014327
2023-05-16 14:31:00,138.114014327,138.114014327,138.114014327,138.114014327
2023-05-16 14:32:00,138.114014327,138.114014327,138.114014327,138.114014327
2023-05-16 14:33:00,138.114014327,138.114014327,138.114014327,138.114014327
2023-05-16 14:34:00,138.209088337,138.209088337,138.209088337,138.209088337
2023-05-16 14:35:00,138.209088337,138.209088337,138.209088337,138.209088337
2023-05-16 14:36:00,138.209088337,138.209088337,138.209088337,138.209088337
2023-05-16 14:37:00,138.209088337,138.209088337,138.209088337,138.209088337
2023-05-16 14:38:00,138.209088337,138.209088337,138.209088337,138.209088337
2023-05-16 14:39:00,138.209088337,138.209088337,138.209088337,138.209088337
2023-05-16 14:40:00,138.209088337,138.209088337,138.209088337,138.209088337
2023-05-16 14:41:00,138.266132743,138.266132743,138.266132743,138.266132743
2023-05-16 14:42:00,138.266132743,138.266132743,138.266132743,138.266132743
2023-05-16 14:43:00,138.275640144,138.275640144,138.275640144,138.275640144
2023-05-16 14:44:00,138.275640144,138.275640144,138.275640144,138.275640144
2023-05-16 14:45:00,138.275640144,138.275640144,138.275640144,138.275640144
2023-05-16 14:46:00,138.275640144,138.275640144,138.275640144,138.275640144
2023-05-16 14:47:00,138.275640144,138.275640144,138.275640144,138.275640144
2023-05-16 14:48:00,138.275640144,138.275640144,138.275640144,138.275640144
2023-05-16 14:49:00,138.275640144,138.275640144,138.275640144,138.275640144
2023-05-16 14:50:00,138.275640144,138.275640144,138.275640144,138.275640144
2023-05-16 14:51:00,138.275640144,138.275640144,138.275640144,138.275640144
2023-05-16 14:52:00,138.275640144,138.275640144,138.275640144,138.275640144
2023-05-16 14:53:00,138.275640144,138.275640144,138.275640144,138.275640144
2023-05-16 14:54:00,138.14253653,138.14253653,138.14253653,138.14253653
2023-05-16 14:55:00,138.14253653,138.14253653,138.14253653,138.14253653
2023-05-16 14:56:00,138.171058733,138.171058733,138.171058733,138.171058733
2023-05-16 14:57:00,138.171058733,138.171058733,138.171058733,138.171058733
2023-05-16 14:58:00,138.171058733,138.171058733,138.171058733,138.171058733
2023-05-16 14:59:00,138.171058733,138.171058733,138.171058733,138.171058733
2023-05-16 15:00:00,138.085492124,138.085492124,138.085492124,138.085492124
2023-05-16 15:01:00,138.085492124,138.085492124,138.085492124,138.085492124
2023-05-16 15:02:00,138.085492124,138.085492124,138.085492124,138.085492124
2023-05-16 15:03:00,138.085492124,138.085492124,138.085492124,138.085492124
2023-05-16 15:04:00,138.056969921,138.056969921,138.056969921,138.056969921
2023-05-16 15:05:00,138.056969921,138.056969921,138.056969921,138.056969921
2023-05-16 15:06:00,138.056969921,138.056969921,138.056969921,138.056969921
2023-05-16 15:07:00,138.056969921,138.056969921,138.056969921,138.056969921
2023-05-16 15:08:00,138.056969921,138.056969921,138.056969921,138.056969921
2023-05-16 15:09:00,138.037955119,138.018940317,138.018940317,138.037955119
2023-05-16 15:10:00,138.037955119,138.018940317,138.018940317,138.037955119
2023-05-16 15:11:00,138.037955119,138.018940317,138.018940317,138.037955119
2023-05-16 15:12:00,138.037955119,138.018940317,138.018940317,138.037955119
2023-05-16 15:13:00,138.037955119,138.018940317,138.018940317,138.037955119
2023-05-16 15:14:00,138.171058733,138.171058733,138.171058733,138.171058733
2023-05-16 15:15:00,138.171058733,138.171058733,138.171058733,138.171058733
2023-05-16 15:16:00,138.171058733,138.171058733,138.171058733,138.171058733
2023-05-16 15:17:00,138.171058733,138.171058733,138.171058733,138.171058733
2023-05-16 15:18:00,138.171058733,138.171058733,138.171058733,138.171058733
2023-05-16 15:19:00,138.04746252,138.04746252,138.04746252,138.04746252
2023-05-16 15:20:00,138.04746252,138.04746252,138.04746252,138.04746252
2023-05-16 15:21:00,138.04746252,138.04746252,138.04746252,138.04746252
2023-05-16 15:22:00,138.04746252,138.04746252,138.04746252,138.04746252
2023-05-16 15:23:00,138.04746252,138.04746252,138.04746252,138.04746252
2023-05-16 15:24:00,138.04746252,138.04746252,138.04746252,138.04746252
2023-05-16 15:25:00,138.04746252,138.04746252,138.04746252,138.04746252
2023-05-16 15:26:00,138.04746252,138.04746252,138.04746252,138.04746252
2023-05-16 15:27:00,138.104506926,138.114014327,138.104506926,138.114014327
2023-05-16 15:28:00,138.066477322,138.066477322,138.066477322,138.066477322
2023-05-16 15:29:00,137.999925515,137.999925515,137.999925515,137.999925515
2023-05-16 15:30:00,137.999925515,137.999925515,137.999925515,137.999925515
2023-05-16 15:31:00,137.999925515,137.999925515,137.999925515,137.999925515
2023-05-16 15:32:00,138.009432916,138.009432916,138.009432916,138.009432916
2023-05-16 15:33:00,138.009432916,138.009432916,138.009432916,138.009432916
2023-05-16 15:34:00,138.009432916,138.009432916,138.009432916,138.009432916
2023-05-16 15:35:00,137.990418114,137.990418114,137.990418114,137.990418114
2023-05-16 15:36:00,137.990418114,137.990418114,137.990418114,137.990418114
2023-05-16 15:37:00,137.990418114,137.990418114,137.990418114,137.990418114
2023-05-16 15:38:00,138.028447718,138.028447718,138.028447718,138.028447718
2023-05-16 15:39:00,138.04746252,138.04746252,138.04746252,138.04746252
2023-05-16 15:40:00,138.04746252,138.04746252,138.04746252,138.04746252
2023-05-16 15:41:00,138.04746252,138.04746252,138.04746252,138.04746252
2023-05-16 15:42:00,138.085492124,138.085492124,138.085492124,138.085492124
2023-05-16 15:43:00,138.085492124,138.085492124,138.085492124,138.085492124
2023-05-16 15:44:00,138.085492124,138.085492124,138.085492124,138.085492124
2023-05-16 15:45:00,138.085492124,138.085492124,138.085492124,138.085492124
2023-05-16 15:46:00,138.133029129,138.133029129,138.133029129,138.133029129
2023-05-16 15:47:00,138.133029129,138.133029129,138.133029129,138.133029129
2023-05-16 15:48:00,138.133029129,138.133029129,138.133029129,138.133029129
2023-05-16 15:49:00,138.133029129,138.133029129,138.133029129,138.133029129
2023-05-16 15:50:00,138.133029129,138.133029129,138.133029129,138.133029129
2023-05-16 15:51:00,137.8573145,137.8573145,137.8573145,137.8573145
2023-05-16 15:52:00,137.686181282,137.686181282,137.686181282,137.686181282
2023-05-16 15:53:00,137.686181282,137.686181282,137.686181282,137.686181282
2023-05-16 15:54:00,137.686181282,137.686181282,137.686181282,137.686181282
2023-05-16 15:55:00,137.686181282,137.686181282,137.686181282,137.686181282
2023-05-16 15:56:00,137.686181282,137.686181282,137.686181282,137.686181282
2023-05-16 15:57:00,137.695688683,137.695688683,137.695688683,137.695688683
2023-05-16 15:58:00,137.695688683,137.695688683,137.695688683,137.695688683
2023-05-16 15:59:00,137.66716648,137.66716648,137.66716648,137.66716648
2023-05-16 16:00:00,137.610122074,137.676673881,137.610122074,137.676673881
2023-05-17 09:31:00,137.866821901,137.990418114,137.866821901,138.028447718
2023-05-17 09:32:00,137.619629475,137.619629475,137.619629475,137.619629475
2023-05-17 09:33:00,137.66716648,137.66716648,137.66716648,137.66716648
2023-05-17 09:34:00,137.66716648,137.66716648,137.66716648,137.66716648
2023-05-17 09:35:00,138.018940317,138.018940317,138.018940317,138.018940317
2023-05-17 09:36:00,138.018940317,138.018940317,138.018940317,138.018940317
2023-05-17 09:37:00,138.018940317,138.018940317,138.018940317,138.018940317
2023-05-17 09:38:00,138.018940317,138.018940317,138.018940317,138.018940317
2023-05-17 09:39:00,137.7251616261,137.7156542251,137.7156542251,137.7251616261
2023-05-17 09:40:00,137.7251616261,137.7156542251,137.7156542251,137.7251616261
2023-05-17 09:41:00,137.7251616261,137.7156542251,137.7156542251,137.7251616261
2023-05-17 09:42:00,137.486525861,137.486525861,137.486525861,137.486525861
2023-05-17 09:43:00,137.486525861,137.486525861,137.486525861,137.486525861
2023-05-17 09:44:00,137.486525861,137.486525861,137.486525861,137.486525861
2023-05-17 09:45:00,137.486525861,137.486525861,137.486525861,137.486525861
2023-05-17 09:46:00,137.5483239675,137.5483239675,137.5483239675,137.5483239675
2023-05-17 09:47:00,137.5483239675,137.5483239675,137.5483239675,137.5483239675
2023-05-17 09:48:00,137.5483239675,137.5483239675,137.5483239675,137.5483239675
2023-05-17 09:49:00,137.4437425565,137.4437425565,137.4437425565,137.4437425565
2023-05-17 09:50:00,137.42957652901,137.57209247,137.42957652901,137.57209247
2023-05-17 09:51:00,137.42957652901,137.57209247,137.42957652901,137.57209247
2023-05-17 09:52:00,137.42957652901,137.57209247,137.42957652901,137.57209247
2023-05-17 09:53:00,137.258348237,137.296377841,137.258348237,137.315392643
2023-05-17 09:54:00,137.258348237,137.296377841,137.258348237,137.315392643
2023-05-17 09:55:00,137.258348237,137.296377841,137.258348237,137.315392643
2023-05-17 09:56:00,137.258348237,137.296377841,137.258348237,137.315392643
2023-05-17 09:57:00,137.09672242,137.258348237,137.09672242,137.258348237
2023-05-17 09:58:00,137.049185415,137.049185415,137.049185415,137.049185415
2023-05-17 09:59:00,137.106229821,137.106229821,137.106229821,137.106229821
2023-05-17 10:00:00,137.106229821,137.106229821,137.106229821,137.106229821
2023-05-17 10:01:00,137.106229821,137.106229821,137.106229821,137.106229821
2023-05-17 10:02:00,137.106229821,137.106229821,137.106229821,137.106229821
2023-05-17 10:03:00,137.106229821,137.106229821,137.106229821,137.106229821
2023-05-17 10:04:00,137.106229821,137.106229821,137.106229821,137.106229821
2023-05-17 10:05:00,137.106229821,137.106229821,137.106229821,137.106229821
2023-05-17 10:06:00,137.106229821,137.106229821,137.106229821,137.106229821
2023-05-17 10:07:00,137.106229821,137.106229821,137.106229821,137.106229821
2023-05-17 10:08:00,137.562585069,137.57209247,137.562585069,137.57209247
2023-05-17 10:09:00,137.562585069,137.57209247,137.562585069,137.57209247
2023-05-17 10:10:00,137.562585069,137.57209247,137.562585069,137.57209247
2023-05-17 10:11:00,137.391451851,137.391451851,137.391451851,137.391451851
2023-05-17 10:12:00,137.391451851,137.391451851,137.391451851,137.391451851
2023-05-17 10:13:00,137.391451851,137.391451851,137.391451851,137.391451851
2023-05-17 10:14:00,137.391451851,137.391451851,137.391451851,137.391451851
2023-05-17 10:15:00,137.391451851,137.391451851,137.391451851,137.391451851
2023-05-17 10:16:00,137.391451851,137.391451851,137.391451851,137.391451851
2023-05-17 10:17:00,137.515048064,137.524555465,137.515048064,137.524555465
2023-05-17 10:18:00,137.515048064,137.524555465,137.515048064,137.524555465
2023-05-17 10:19:00,137.515048064,137.524555465,137.515048064,137.524555465
2023-05-17 10:20:00,137.515048064,137.524555465,137.515048064,137.524555465
2023-05-17 10:21:00,137.3962055515,137.3962055515,137.3962055515,137.3962055515
2023-05-17 10:22:00,137.3962055515,137.3962055515,137.3962055515,137.3962055515
2023-05-17 10:23:00,137.3962055515,137.3962055515,137.3962055515,137.3962055515
2023-05-17 10:24:00,137.3962055515,137.3962055515,137.3962055515,137.3962055515
2023-05-17 10:25:00,137.3962055515,137.3962055515,137.3962055515,137.3962055515
2023-05-17 10:26:00,137.5796983908,137.619629475,137.543570267,137.619629475
2023-05-17 10:27:00,137.5796983908,137.619629475,137.543570267,137.619629475
2023-05-17 10:28:00,137.5796983908,137.619629475,137.543570267,137.619629475
2023-05-17 10:29:00,137.5796983908,137.619629475,137.543570267,137.619629475
2023-05-17 10:30:00,137.5796983908,137.619629475,137.543570267,137.619629475
2023-05-17 10:31:00,137.5796983908,137.619629475,137.543570267,137.619629475
2023-05-17 10:32:00,137.70025223548,137.70025223548,137.70025223548,137.70025223548
2023-05-17 10:33:00,137.714703485,137.66716648,137.66716648,137.743225688
2023-05-17 10:34:00,137.75881782564,137.752733089,137.714703485,137.75881782564
2023-05-17 10:35:00,137.75881782564,137.752733089,137.714703485,137.75881782564
2023-05-17 10:36:00,137.657659079,137.657659079,137.657659079,137.657659079
2023-05-17 10:37:00,137.657659079,137.657659079,137.657659079,137.657659079
2023-05-17 10:38:00,137.657659079,137.657659079,137.657659079,137.657659079
2023-05-17 10:39:00,137.60803044578,137.60803044578,137.60803044578,137.60803044578
2023-05-17 10:40:00,137.57209247,137.600614673,137.57209247,137.600614673
2023-05-17 10:41:00,137.57209247,137.600614673,137.57209247,137.600614673
2023-05-17 10:42:00,137.5293091655,137.5293091655,137.5293091655,137.5293091655
2023-05-17 10:43:00,137.5293091655,137.5293091655,137.5293091655,137.5293091655
2023-05-17 10:44:00,137.5293091655,137.5293091655,137.5293091655,137.5293091655
2023-05-17 10:45:00,137.372437049,137.38194445,137.372437049,137.38194445
2023-05-17 10:46:00,137.372437049,137.38194445,137.372437049,137.38194445
2023-05-17 10:47:00,137.467511059,137.467511059,137.467511059,137.467511059
2023-05-17 10:48:00,137.467511059,137.467511059,137.467511059,137.467511059
2023-05-17 10:49:00,137.467511059,137.467511059,137.467511059,137.467511059
2023-05-17 10:50:00,137.467511059,137.467511059,137.467511059,137.467511059
2023-05-17 10:51:00,137.467511059,137.467511059,137.467511059,137.467511059
2023-05-17 10:52:00,137.467511059,137.467511059,137.467511059,137.467511059
2023-05-17 10:53:00,137.467511059,137.467511059,137.467511059,137.467511059
2023-05-17 10:54:00,137.467511059,137.467511059,137.467511059,137.467511059
2023-05-17 10:55:00,136.9208355015,136.9208355015,136.9208355015,136.9208355015
2023-05-17 10:56:00,136.9208355015,136.9208355015,136.9208355015,136.9208355015
2023-05-17 10:57:00,137.039678014,137.039678014,137.039678014,137.039678014
2023-05-17 10:58:00,137.039678014,137.039678014,137.039678014,137.039678014
2023-05-17 10:59:00,136.792485588,136.792485588,136.792485588,136.792485588
2023-05-17 11:00:00,136.80788757762,136.80788757762,136.80788757762,136.80788757762
2023-05-17 11:01:00,136.80788757762,136.80788757762,136.80788757762,136.80788757762
2023-05-17 11:02:00,137.087215019,137.030170613,137.030170613,137.087215019
2023-05-17 11:03:00,136.954111405,136.954111405,136.954111405,136.954111405
2023-05-17 11:04:00,136.954111405,136.954111405,136.954111405,136.954111405
2023-05-17 11:05:00,136.9778799075,136.9778799075,136.9778799075,136.9778799075
2023-05-17 11:06:00,136.92007490942,136.92007490942,136.92007490942,136.92007490942
2023-05-17 11:07:00,136.90904632426,136.9398503035,136.90904632426,136.9398503035
2023-05-17 11:08:00,136.90904632426,136.9398503035,136.90904632426,136.9398503035
2023-05-17 11:09:00,136.90904632426,136.9398503035,136.90904632426,136.9398503035
2023-05-17 11:10:00,136.75455105801,136.7782244865,136.75455105801,136.7782244865
2023-05-17 11:11:00,136.830515192,136.830515192,136.830515192,136.830515192
2023-05-17 11:12:00,136.878052197,136.878052197,136.878052197,136.878052197
2023-05-17 11:13:00,136.878052197,136.878052197,136.878052197,136.878052197
2023-05-17 11:14:00,136.8732984965,136.8732984965,136.8732984965,136.8732984965
2023-05-17 11:15:00,136.925589202,136.925589202,136.925589202,136.925589202
2023-05-17 11:16:00,136.982633608,137.020663212,136.982633608,137.020663212
2023-05-17 11:17:00,136.982633608,137.020663212,136.982633608,137.020663212
2023-05-17 11:18:00,137.277363039,137.1680279275,137.1680279275,137.277363039
2023-05-17 11:19:00,137.277363039,137.1680279275,137.1680279275,137.277363039
2023-05-17 11:20:00,137.182289029,137.220318633,137.172781628,137.220318633
2023-05-17 11:21:00,137.182289029,137.220318633,137.172781628,137.220318633
2023-05-17 11:22:00,137.182289029,137.220318633,137.172781628,137.220318633
2023-05-17 11:23:00,136.8732984965,136.944604004,136.8732984965,136.944604004
2023-05-17 11:24:00,136.8742492366,136.8742492366,136.8742492366,136.8742492366
2023-05-17 11:25:00,136.8742492366,136.8742492366,136.8742492366,136.8742492366
2023-05-17 11:26:00,136.81150039,136.81150039,136.81150039,136.81150039
2023-05-17 11:27:00,136.81150039,136.81150039,136.81150039,136.81150039
2023-05-17 11:28:00,136.81150039,136.81150039,136.81150039,136.81150039
2023-05-17 11:29:00,137.03235731523,137.03235731523,137.03235731523,137.03235731523
2023-05-17 11:30:00,137.03235731523,137.03235731523,137.03235731523,137.03235731523
2023-05-17 11:31:00,137.03235731523,137.03235731523,137.03235731523,137.03235731523
2023-05-17 11:32:00,137.182289029,137.172781628,137.172781628,137.182289029
2023-05-17 11:33:00,137.030170613,137.115737222,137.030170613,137.115737222
2023-05-17 11:34:00,137.0919687195,137.0919687195,137.0919687195,137.0919687195
2023-05-17 11:35:00,137.0919687195,137.0919687195,137.0919687195,137.0919687195
2023-05-17 11:36:00,136.96371388001,136.96371388001,136.96371388001,136.96371388001
2023-05-17 11:37:00,136.96371388001,136.96371388001,136.96371388001,136.96371388001
2023-05-17 11:38:00,136.9065744,136.925589202,136.9065744,136.925589202
2023-05-17 11:39:00,136.9065744,136.925589202,136.9065744,136.925589202
2023-05-17 11:40:00,136.925589202,136.925589202,136.925589202,136.925589202
2023-05-17 11:41:00,136.925589202,136.925589202,136.925589202,136.925589202
2023-05-17 11:42:00,137.153766826,137.144259425,137.144259425,137.153766826
2023-05-17 11:43:00,137.13332591385,137.13332591385,137.13332591385,137.13332591385
2023-05-17 11:44:00,137.13332591385,137.13332591385,137.13332591385,137.13332591385
2023-05-17 11:45:00,137.0406287541,137.0406287541,137.0406287541,137.0406287541
2023-05-17 11:46:00,137.0406287541,137.0406287541,137.0406287541,137.0406287541
2023-05-17 11:47:00,137.13589291212,137.13589291212,137.13589291212,137.13589291212
2023-05-17 11:48:00,137.13589291212,137.13589291212,137.13589291212,137.13589291212
2023-05-17 11:49:00,137.08331698459,137.077707618,137.077707618,137.08331698459
2023-05-17 11:50:00,137.08331698459,137.077707618,137.077707618,137.08331698459
2023-05-17 11:51:00,137.08331698459,137.077707618,137.077707618,137.08331698459
2023-05-17 11:52:00,137.087215019,137.087215019,137.087215019,137.087215019
2023-05-17 11:53:00,137.0349243135,137.0349243135,137.0349243135,137.0349243135
2023-05-17 11:54:00,137.0349243135,137.0349243135,137.0349243135,137.0349243135
2023-05-17 11:55:00,137.077707618,137.077707618,137.077707618,137.077707618
2023-05-17 11:56:00,137.115737222,137.115737222,137.115737222,137.115737222
2023-05-17 11:57:00,137.115737222,137.115737222,137.115737222,137.115737222
2023-05-17 11:58:00,137.18219395499,137.18219395499,137.18219395499,137.18219395499
2023-05-17 11:59:00,137.18219395499,137.18219395499,137.18219395499,137.18219395499
2023-05-17 12:00:00,137.115737222,137.115737222,137.115737222,137.115737222
2023-05-17 12:01:00,137.14397420297,137.14397420297,137.14397420297,137.14397420297
2023-05-17 12:02:00,137.0986239002,137.09672242,137.09672242,137.0986239002
2023-05-17 12:03:00,137.0986239002,137.09672242,137.09672242,137.0986239002
2023-05-17 12:04:00,137.0986239002,137.09672242,137.09672242,137.0986239002
2023-05-17 12:05:00,137.0986239002,137.09672242,137.09672242,137.0986239002
2023-05-17 12:06:00,137.0986239002,137.09672242,137.09672242,137.0986239002
2023-05-17 12:07:00,137.258348237,137.248840836,137.248840836,137.258348237
2023-05-17 12:08:00,137.258348237,137.248840836,137.248840836,137.258348237
2023-05-17 12:09:00,137.258348237,137.248840836,137.248840836,137.258348237
2023-05-17 12:10:00,137.324900044,137.324900044,137.324900044,137.324900044
2023-05-17 12:11:00,137.324900044,137.324900044,137.324900044,137.324900044
2023-05-17 12:12:00,137.324900044,137.324900044,137.324900044,137.324900044
2023-05-17 12:13:00,137.324900044,137.324900044,137.324900044,137.324900044
2023-05-17 12:14:00,137.3705355688,137.400959252,137.3705355688,137.400959252
2023-05-17 12:15:00,137.172781628,137.201303831,137.172781628,137.201303831
2023-05-17 12:16:00,137.172781628,137.201303831,137.172781628,137.201303831
2023-05-17 12:17:00,137.172781628,137.201303831,137.172781628,137.201303831
2023-05-17 12:18:00,137.172781628,137.201303831,137.172781628,137.201303831
2023-05-17 12:19:00,137.172781628,137.201303831,137.172781628,137.201303831
2023-05-17 12:20:00,137.134752024,137.134752024,137.134752024,137.134752024
2023-05-17 12:21:00,137.134752024,137.134752024,137.134752024,137.134752024
2023-05-17 12:22:00,137.134752024,137.134752024,137.134752024,137.134752024
2023-05-17 12:23:00,137.134752024,137.134752024,137.134752024,137.134752024
2023-05-17 12:24:00,137.134752024,137.134752024,137.134752024,137.134752024
2023-05-17 12:25:00,137.134752024,137.134752024,137.134752024,137.134752024
2023-05-17 12:26:00,137.134752024,137.134752024,137.134752024,137.134752024
2023-05-17 12:27:00,137.134752024,137.134752024,137.134752024,137.134752024
2023-05-17 12:28:00,137.201303831,137.201303831,137.201303831,137.201303831
2023-05-17 12:29:00,137.201303831,137.201303831,137.201303831,137.201303831
2023-05-17 12:30:00,137.334407445,137.334407445,137.334407445,137.334407445
2023-05-17 12:31:00,137.334407445,137.334407445,137.334407445,137.334407445
2023-05-17 12:32:00,137.334407445,137.334407445,137.334407445,137.334407445
2023-05-17 12:33:00,137.334407445,137.334407445,137.334407445,137.334407445
2023-05-17 12:34:00,137.448496257,137.496033262,137.448496257,137.496033262
2023-05-17 12:35:00,137.448496257,137.496033262,137.448496257,137.496033262
2023-05-17 12:36:00,137.47701846,137.47701846,137.47701846,137.47701846
2023-05-17 12:37:00,137.47701846,137.47701846,137.47701846,137.47701846
2023-05-17 12:38:00,137.47701846,137.47701846,137.47701846,137.47701846
2023-05-17 12:39:00,137.47701846,137.47701846,137.47701846,137.47701846
2023-05-17 12:40:00,137.600614673,137.600614673,137.600614673,137.600614673
2023-05-17 12:41:00,137.600614673,137.600614673,137.600614673,137.600614673
2023-05-17 12:42:00,137.600614673,137.600614673,137.600614673,137.600614673
2023-05-17 12:43:00,137.600614673,137.600614673,137.600614673,137.600614673
2023-05-17 12:44:00,137.600614673,137.600614673,137.600614673,137.600614673
2023-05-17 12:45:00,137.600614673,137.600614673,137.600614673,137.600614673
2023-05-17 12:46:00,137.600614673,137.600614673,137.600614673,137.600614673
2023-05-17 12:47:00,137.600614673,137.600614673,137.600614673,137.600614673
2023-05-17 12:48:00,137.600614673,137.600614673,137.600614673,137.600614673
2023-05-17 12:49:00,137.600614673,137.600614673,137.600614673,137.600614673
2023-05-17 12:50:00,137.600614673,137.600614673,137.600614673,137.600614673
2023-05-17 12:51:00,137.600614673,137.600614673,137.600614673,137.600614673
2023-05-17 12:52:00,137.543570267,137.553077668,137.543570267,137.553077668
2023-05-17 12:53:00,137.543570267,137.553077668,137.543570267,137.553077668
2023-05-17 12:54:00,137.562585069,137.562585069,137.562585069,137.562585069
2023-05-17 12:55:00,137.619629475,137.619629475,137.619629475,137.619629475
2023-05-17 12:56:00,137.619629475,137.619629475,137.619629475,137.619629475
2023-05-17 12:57:00,137.619629475,137.619629475,137.619629475,137.619629475
2023-05-17 12:58:00,137.619629475,137.619629475,137.619629475,137.619629475
2023-05-17 12:59:00,137.619629475,137.619629475,137.619629475,137.619629475
2023-05-17 13:00:00,137.619629475,137.619629475,137.619629475,137.619629475
2023-05-17 13:01:00,137.714703485,137.714703485,137.714703485,137.714703485
2023-05-17 13:02:00,137.714703485,137.714703485,137.714703485,137.714703485
2023-05-17 13:03:00,137.714703485,137.714703485,137.714703485,137.714703485
2023-05-17 13:04:00,137.714703485,137.714703485,137.714703485,137.714703485
2023-05-17 13:05:00,137.714703485,137.714703485,137.714703485,137.714703485
2023-05-17 13:06:00,137.743225688,137.743225688,137.743225688,137.743225688
2023-05-17 13:07:00,137.743225688,137.743225688,137.743225688,137.743225688
2023-05-17 13:08:00,137.743225688,137.743225688,137.743225688,137.743225688
2023-05-17 13:09:00,137.743225688,137.743225688,137.743225688,137.743225688
2023-05-17 13:10:00,137.743225688,137.743225688,137.743225688,137.743225688
2023-05-17 13:11:00,137.743225688,137.743225688,137.743225688,137.743225688
2023-05-17 13:12:00,137.743225688,137.743225688,137.743225688,137.743225688
2023-05-17 13:13:00,137.743225688,137.743225688,137.743225688,137.743225688
2023-05-17 13:14:00,137.705196084,137.705196084,137.705196084,137.705196084
2023-05-17 13:15:00,137.705196084,137.705196084,137.705196084,137.705196084
2023-05-17 13:16:00,137.705196084,137.705196084,137.705196084,137.705196084
2023-05-17 13:17:00,137.705196084,137.705196084,137.705196084,137.705196084
2023-05-17 13:18:00,137.705196084,137.705196084,137.705196084,137.705196084
2023-05-17 13:19:00,137.705196084,137.705196084,137.705196084,137.705196084
2023-05-17 13:20:00,137.705196084,137.705196084,137.705196084,137.705196084
2023-05-17 13:21:00,137.705196084,137.705196084,137.705196084,137.705196084
2023-05-17 13:22:00,137.705196084,137.705196084,137.705196084,137.705196084
2023-05-17 13:23:00,137.705196084,137.705196084,137.705196084,137.705196084
2023-05-17 13:24:00,137.705196084,137.686181282,137.686181282,137.705196084
2023-05-17 13:25:00,137.648151678,137.648151678,137.648151678,137.648151678
2023-05-17 13:26:00,137.648151678,137.648151678,137.648151678,137.648151678
2023-05-17 13:27:00,137.648151678,137.648151678,137.648151678,137.648151678
2023-05-17 13:28:00,137.648151678,137.648151678,137.648151678,137.648151678
2023-05-17 13:29:00,137.638644277,137.638644277,137.638644277,137.638644277
2023-05-17 13:30:00,137.610122074,137.610122074,137.610122074,137.610122074
2023-05-17 13:31:00,137.610122074,137.610122074,137.610122074,137.610122074
2023-05-17 13:32:00,137.610122074,137.610122074,137.610122074,137.610122074
2023-05-17 13:33:00,137.610122074,137.610122074,137.610122074,137.610122074
2023-05-17 13:34:00,137.610122074,137.610122074,137.610122074,137.610122074
2023-05-17 13:35:00,137.610122074,137.610122074,137.610122074,137.610122074
2023-05-17 13:36:00,137.610122074,137.610122074,137.610122074,137.610122074
2023-05-17 13:37:00,137.610122074,137.610122074,137.610122074,137.610122074
2023-05-17 13:38:00,137.534062866,137.534062866,137.534062866,137.534062866
2023-05-17 13:39:00,137.534062866,137.562585069,137.534062866,137.562585069
2023-05-17 13:40:00,137.534062866,137.562585069,137.534062866,137.562585069
2023-05-17 13:41:00,137.534062866,137.562585069,137.534062866,137.562585069
2023-05-17 13:42:00,137.534062866,137.562585069,137.534062866,137.562585069
2023-05-17 13:43:00,137.534062866,137.562585069,137.534062866,137.562585069
2023-05-17 13:44:00,137.534062866,137.562585069,137.534062866,137.562585069
2023-05-17 13:45:00,137.629136876,137.66716648,137.629136876,137.695688683
2023-05-17 13:46:00,137.629136876,137.66716648,137.629136876,137.695688683
2023-05-17 13:47:00,137.629136876,137.66716648,137.629136876,137.695688683
2023-05-17 13:48:00,137.629136876,137.66716648,137.629136876,137.695688683
2023-05-17 13:49:00,137.686181282,137.686181282,137.686181282,137.686181282
2023-05-17 13:50:00,137.686181282,137.686181282,137.686181282,137.686181282
2023-05-17 13:51:00,137.686181282,137.686181282,137.686181282,137.686181282
2023-05-17 13:52:00,137.686181282,137.686181282,137.686181282,137.686181282
2023-05-17 13:53:00,137.657659079,137.657659079,137.657659079,137.66716648
2023-05-17 13:54:00,137.657659079,137.657659079,137.657659079,137.66716648
2023-05-17 13:55:00,137.657659079,137.657659079,137.657659079,137.66716648
2023-05-17 13:56:00,137.657659079,137.657659079,137.657659079,137.66716648
2023-05-17 13:57:00,137.657659079,137.657659079,137.657659079,137.66716648
2023-05-17 13:58:00,137.657659079,137.657659079,137.657659079,137.66716648
2023-05-17 13:59:00,137.657659079,137.657659079,137.657659079,137.66716648
2023-05-17 14:00:00,137.657659079,137.657659079,137.657659079,137.66716648
2023-05-17 14:01:00,137.657659079,137.657659079,137.657659079,137.66716648
2023-05-17 14:02:00,137.657659079,137.657659079,137.657659079,137.66716648
2023-05-17 14:03:00,137.657659079,137.657659079,137.657659079,137.66716648
2023-05-17 14:04:00,137.629136876,137.629136876,137.629136876,137.629136876
2023-05-17 14:05:00,137.629136876,137.629136876,137.629136876,137.629136876
2023-05-17 14:06:00,137.400959252,137.410466653,137.400959252,137.410466653
2023-05-17 14:07:00,137.400959252,137.410466653,137.400959252,137.410466653
2023-05-17 14:08:00,137.400959252,137.410466653,137.400959252,137.410466653
2023-05-17 14:09:00,137.239333435,137.258348237,137.239333435,137.258348237
2023-05-17 14:10:00,137.239333435,137.258348237,137.239333435,137.258348237
2023-05-17 14:11:00,137.210811232,137.210811232,137.210811232,137.210811232
2023-05-17 14:12:00,137.210811232,137.210811232,137.210811232,137.210811232
2023-05-17 14:13:00,137.210811232,137.210811232,137.210811232,137.210811232
2023-05-17 14:14:00,137.210811232,137.210811232,137.210811232,137.210811232
2023-05-17 14:15:00,137.210811232,137.210811232,137.210811232,137.210811232
2023-05-17 14:16:00,137.210811232,137.210811232,137.210811232,137.210811232
2023-05-17 14:17:00,137.210811232,137.210811232,137.210811232,137.210811232
2023-05-17 14:18:00,137.210811232,137.210811232,137.210811232,137.210811232
2023-05-17 14:19:00,137.210811232,137.210811232,137.210811232,137.210811232
2023-05-17 14:20:00,137.362929648,137.362929648,137.362929648,137.362929648
2023-05-17 14:21:00,137.362929648,137.362929648,137.362929648,137.362929648
2023-05-17 14:22:00,137.362929648,137.362929648,137.362929648,137.362929648
2023-05-17 14:23:00,137.362929648,137.362929648,137.362929648,137.362929648
2023-05-17 14:24:00,137.324900044,137.324900044,137.324900044,137.324900044
2023-05-17 14:25:00,137.324900044,137.324900044,137.324900044,137.324900044
2023-05-17 14:26:00,137.324900044,137.324900044,137.324900044,137.324900044
2023-05-17 14:27:00,137.324900044,137.324900044,137.324900044,137.324900044
2023-05-17 14:28:00,137.324900044,137.324900044,137.324900044,137.324900044
2023-05-17 14:29:00,137.324900044,137.324900044,137.324900044,137.324900044
2023-05-17 14:30:00,137.324900044,137.324900044,137.324900044,137.324900044
2023-05-17 14:31:00,137.324900044,137.324900044,137.324900044,137.324900044
2023-05-17 14:32:00,137.324900044,137.324900044,137.324900044,137.324900044
2023-05-17 14:33:00,137.324900044,137.324900044,137.324900044,137.324900044
2023-05-17 14:34:00,137.324900044,137.324900044,137.324900044,137.324900044
2023-05-17 14:35:00,137.324900044,137.324900044,137.324900044,137.324900044
2023-05-17 14:36:00,137.324900044,137.324900044,137.324900044,137.324900044
2023-05-17 14:37:00,137.229826034,137.201303831,137.201303831,137.229826034
2023-05-17 14:38:00,137.229826034,137.201303831,137.201303831,137.229826034
2023-05-17 14:39:00,137.229826034,137.201303831,137.201303831,137.229826034
2023-05-17 14:40:00,137.229826034,137.201303831,137.201303831,137.229826034
2023-05-17 14:41:00,137.229826034,137.201303831,137.201303831,137.229826034
2023-05-17 14:42:00,137.229826034,137.201303831,137.201303831,137.229826034
2023-05-17 14:43:00,137.229826034,137.201303831,137.201303831,137.229826034
2023-05-17 14:44:00,137.229826034,137.201303831,137.201303831,137.229826034
2023-05-17 14:45:00,137.229826034,137.201303831,137.201303831,137.229826034
2023-05-17 14:46:00,137.229826034,137.201303831,137.201303831,137.229826034
2023-05-17 14:47:00,137.229826034,137.201303831,137.201303831,137.229826034
2023-05-17 14:48:00,137.172781628,137.172781628,137.172781628,137.172781628
2023-05-17 14:49:00,137.172781628,137.172781628,137.172781628,137.172781628
2023-05-17 14:50:00,137.172781628,137.172781628,137.172781628,137.172781628
2023-05-17 14:51:00,137.172781628,137.172781628,137.172781628,137.172781628
2023-05-17 14:52:00,137.030170613,137.058692816,137.030170613,137.058692816
2023-05-17 14:53:00,137.030170613,137.058692816,137.030170613,137.058692816
2023-05-17 14:54:00,137.030170613,137.058692816,137.030170613,137.058692816
2023-05-17 14:55:00,136.963618806,136.963618806,136.963618806,136.963618806
2023-05-17 14:56:00,136.963618806,136.963618806,136.963618806,136.963618806
2023-05-17 14:57:00,136.963618806,136.963618806,136.963618806,136.963618806
2023-05-17 14:58:00,136.963618806,136.963618806,136.963618806,136.963618806
2023-05-17 14:59:00,137.00164841,137.00164841,137.00164841,137.00164841
2023-05-17 15:00:00,137.00164841,137.00164841,137.00164841,137.00164841
2023-05-17 15:01:00,136.935096603,136.935096603,136.935096603,136.935096603
2023-05-17 15:02:00,136.935096603,136.935096603,136.935096603,136.935096603
2023-05-17 15:03:00,136.935096603,136.935096603,136.935096603,136.935096603
2023-05-17 15:04:00,136.935096603,136.935096603,136.935096603,136.935096603
2023-05-17 15:05:00,136.935096603,136.935096603,136.935096603,136.935096603
2023-05-17 15:06:00,136.935096603,136.935096603,136.935096603,136.935096603
2023-05-17 15:07:00,137.049185415,137.049185415,137.049185415,137.049185415
2023-05-17 15:08:00,137.049185415,137.049185415,137.049185415,137.049185415
2023-05-17 15:09:00,137.049185415,137.049185415,137.049185415,137.049185415
2023-05-17 15:10:00,137.049185415,137.049185415,137.049185415,137.049185415
2023-05-17 15:11:00,137.049185415,137.049185415,137.049185415,137.049185415
2023-05-17 15:12:00,137.049185415,137.049185415,137.049185415,137.049185415
2023-05-17 15:13:00,137.049185415,137.049185415,137.049185415,137.049185415
2023-05-17 15:14:00,137.039678014,137.039678014,137.039678014,137.039678014
2023-05-17 15:15:00,137.030170613,137.030170613,137.030170613,137.030170613
2023-05-17 15:16:00,137.030170613,137.030170613,137.030170613,137.030170613
2023-05-17 15:17:00,137.030170613,137.030170613,137.030170613,137.030170613
2023-05-17 15:18:00,137.030170613,137.030170613,137.030170613,137.030170613
2023-05-17 15:19:00,137.106229821,137.106229821,137.106229821,137.106229821
2023-05-17 15:20:00,137.134752024,137.134752024,137.134752024,137.134752024
2023-05-17 15:21:00,137.134752024,137.134752024,137.134752024,137.134752024
2023-05-17 15:22:00,137.039678014,137.030170613,137.030170613,137.039678014
2023-05-17 15:23:00,136.954111405,136.954111405,136.954111405,136.954111405
2023-05-17 15:24:00,136.9065744,136.9065744,136.9065744,136.9065744
2023-05-17 15:25:00,136.916081801,136.916081801,136.916081801,136.916081801
2023-05-17 15:26:00,136.916081801,136.916081801,136.916081801,136.916081801
2023-05-17 15:27:00,136.916081801,136.916081801,136.916081801,136.916081801
2023-05-17 15:28:00,136.849529994,136.840022593,136.840022593,136.849529994
2023-05-17 15:29:00,136.849529994,136.840022593,136.840022593,136.849529994
2023-05-17 15:30:00,136.840022593,136.840022593,136.840022593,136.840022593
2023-05-17 15:31:00,136.840022593,136.840022593,136.840022593,136.840022593
2023-05-17 15:32:00,136.982633608,136.963618806,136.963618806,136.982633608
2023-05-17 15:33:00,136.982633608,136.982633608,136.982633608,136.982633608
2023-05-17 15:34:00,137.00164841,137.00164841,137.00164841,137.00164841
2023-05-17 15:35:00,137.00164841,137.00164841,137.00164841,137.00164841
2023-05-17 15:36:00,136.9065744,136.925589202,136.878052197,136.925589202
2023-05-17 15:37:00,136.859037395,136.9065744,136.859037395,136.9065744
2023-05-17 15:38:00,136.7877318875,136.830515192,136.7877318875,136.830515192
2023-05-17 15:39:00,136.763963385,136.763963385,136.763963385,136.763963385
2023-05-17 15:40:00,136.763963385,136.763963385,136.763963385,136.763963385
2023-05-17 15:41:00,136.763963385,136.763963385,136.763963385,136.763963385
2023-05-17 15:42:00,137.039678014,137.039678014,137.039678014,137.039678014
2023-05-17 15:43:00,137.049185415,137.049185415,137.049185415,137.058692816
2023-05-17 15:44:00,137.049185415,137.049185415,137.049185415,137.058692816
2023-05-17 15:45:00,137.049185415,137.049185415,137.049185415,137.058692816
2023-05-17 15:46:00,137.049185415,137.049185415,137.049185415,137.058692816
2023-05-17 15:47:00,137.049185415,137.049185415,137.049185415,137.058692816
2023-05-17 15:48:00,137.049185415,137.049185415,137.049185415,137.058692816
2023-05-17 15:49:00,137.163274227,137.163274227,137.163274227,137.163274227
2023-05-17 15:50:00,137.210811232,137.210811232,137.210811232,137.210811232
2023-05-17 15:51:00,137.210811232,137.210811232,137.210811232,137.210811232
2023-05-17 15:52:00,137.210811232,137.210811232,137.210811232,137.210811232
2023-05-17 15:53:00,137.220318633,137.220318633,137.220318633,137.220318633
2023-05-17 15:54:00,137.239333435,137.239333435,137.239333435,137.239333435
2023-05-17 15:55:00,137.239333435,137.239333435,137.239333435,137.239333435
2023-05-17 15:56:00,137.296377841,137.296377841,137.296377841,137.296377841
2023-05-17 15:57:00,137.296377841,137.296377841,137.296377841,137.296377841
2023-05-17 15:58:00,137.296377841,137.296377841,137.296377841,137.296377841
2023-05-17 15:59:00,137.229826034,137.229826034,137.229826034,137.229826034
2023-05-17 16:00:00,137.305885242,137.296377841,137.296377841,137.305885242
2023-05-18 09:31:00,136.402682147,136.545293162,136.402682147,136.545293162
2023-05-18 09:32:00,136.231548929,136.231548929,136.231548929,136.231548929
2023-05-18 09:33:00,136.231548929,136.231548929,136.231548929,136.231548929
2023-05-18 09:34:00,136.2077804265,136.2077804265,136.2077804265,136.2077804265
2023-05-18 09:35:00,135.9558343,135.9558343,135.9558343,135.9558343
2023-05-18 09:36:00,135.9558343,135.9558343,135.9558343,135.9558343
2023-05-18 09:37:00,135.9558343,136.060415711,135.9558343,136.060415711
2023-05-18 09:38:00,135.946326899,135.946326899,135.946326899,135.946326899
2023-05-18 09:39:00,135.946326899,135.946326899,135.946326899,135.946326899
2023-05-18 09:40:00,135.946326899,135.946326899,135.946326899,135.946326899
2023-05-18 09:41:00,135.908297295,135.908297295,135.908297295,135.908297295
2023-05-18 09:42:00,135.908297295,135.908297295,135.908297295,135.908297295
2023-05-18 09:43:00,136.0461546095,136.0461546095,136.0461546095,136.0461546095
2023-05-18 09:44:00,135.9796028025,135.9796028025,135.9796028025,135.9796028025
2023-05-18 09:45:00,135.9796028025,135.9796028025,135.9796028025,135.9796028025
2023-05-18 09:46:00,136.250563731,136.250563731,136.250563731,136.250563731
2023-05-18 09:47:00,136.19941391362,136.307608137,136.19941391362,136.307608137
2023-05-18 09:48:00,136.3152140578,136.3152140578,136.3152140578,136.3152140578
2023-05-18 09:49:00,136.260071132,136.260071132,136.260071132,136.260071132
2023-05-18 09:50:00,136.260071132,136.260071132,136.260071132,136.260071132
2023-05-18 09:51:00,136.260071132,136.260071132,136.260071132,136.260071132
2023-05-18 09:52:00,136.345637741,136.345637741,136.345637741,136.345637741
2023-05-18 09:53:00,136.326622939,136.326622939,136.326622939,136.326622939
2023-05-18 09:54:00,136.326622939,136.326622939,136.326622939,136.326622939
2023-05-18 09:55:00,136.4549728525,136.440711751,136.440711751,136.4549728525
2023-05-18 09:56:00,136.4549728525,136.440711751,136.440711751,136.4549728525
2023-05-18 09:57:00,136.4549728525,136.440711751,136.440711751,136.4549728525
2023-05-18 09:58:00,136.6546282735,136.6546282735,136.6546282735,136.6546282735
2023-05-18 09:59:00,136.6546282735,136.6546282735,136.6546282735,136.6546282735
2023-05-18 10:00:00,136.592830167,136.592830167,136.592830167,136.592830167
2023-05-18 10:01:00,136.6356134715,136.6356134715,136.6356134715,136.6356134715
2023-05-18 10:02:00,136.5757168452,136.583322766,136.5757168452,136.583322766
2023-05-18 10:03:00,136.5757168452,136.583322766,136.5757168452,136.583322766
2023-05-18 10:04:00,136.364652543,136.52627836,136.364652543,136.52627836
2023-05-18 10:05:00,136.497756157,136.459726553,136.459726553,136.497756157
2023-05-18 10:06:00,136.497756157,136.459726553,136.459726553,136.497756157
2023-05-18 10:07:00,136.640367172,136.4930024565,136.4930024565,136.640367172
2023-05-18 10:08:00,136.640367172,136.4930024565,136.4930024565,136.640367172
2023-05-18 10:09:00,136.535785761,136.535785761,136.535785761,136.535785761
2023-05-18 10:10:00,136.4644802535,136.5310320605,136.4644802535,136.5310320605
2023-05-18 10:11:00,136.4644802535,136.5310320605,136.4644802535,136.5310320605
2023-05-18 10:12:00,136.706918979,136.67335785347,136.67335785347,136.706918979
2023-05-18 10:13:00,136.706918979,136.67335785347,136.67335785347,136.706918979
2023-05-18 10:14:00,136.706918979,136.67335785347,136.67335785347,136.706918979
2023-05-18 10:15:00,136.706918979,136.67335785347,136.67335785347,136.706918979
2023-05-18 10:16:00,136.706918979,136.67335785347,136.67335785347,136.706918979
2023-05-18 10:17:00,136.554800563,136.602337568,136.554800563,136.602337568
2023-05-18 10:18:00,136.49737586096,136.48520638768,136.48520638768,136.49737586096
2023-05-18 10:19:00,136.5215246595,136.507263558,136.507263558,136.5215246595
2023-05-18 10:20:00,136.5215246595,136.507263558,136.507263558,136.5215246595
2023-05-18 10:21:00,136.5215246595,136.507263558,136.507263558,136.5215246595
2023-05-18 10:22:00,136.5215246595,136.507263558,136.507263558,136.5215246595
2023-05-18 10:23:00,136.573815365,136.554800563,136.554800563,136.592830167
2023-05-18 10:24:00,136.564307964,136.56117052167,136.48834383001,136.564307964
2023-05-18 10:25:00,136.564307964,136.56117052167,136.48834383001,136.564307964
2023-05-18 10:26:00,136.564307964,136.56117052167,136.48834383001,136.564307964
2023-05-18 10:27:00,136.51667588499,136.554800563,136.51667588499,136.554800563
2023-05-18 10:28:00,136.51667588499,136.554800563,136.51667588499,136.554800563
2023-05-18 10:29:00,136.51667588499,136.554800563,136.51667588499,136.554800563
2023-05-18 10:30:00,136.554800563,136.554800563,136.554800563,136.554800563
2023-05-18 10:31:00,136.554800563,136.554800563,136.554800563,136.554800563
2023-05-18 10:32:00,136.62135237,136.687904177,136.62135237,136.687904177
2023-05-18 10:33:00,136.72574363298,136.65947704801,136.65947704801,136.72574363298
2023-05-18 10:34:00,136.859037395,136.859037395,136.859037395,136.859037395
2023-05-18 10:35:00,136.859037395,136.859037395,136.859037395,136.859037395
2023-05-18 10:36:00,136.9018206995,136.9018206995,136.9018206995,136.9018206995
2023-05-18 10:37:00,136.9018206995,136.9018206995,136.9018206995,136.9018206995
2023-05-18 10:38:00,136.9018206995,136.9018206995,136.9018206995,136.9018206995
2023-05-18 10:39:00,136.878052197,136.90001429331,136.878052197,136.94878726044
2023-05-18 10:40:00,136.830515192,136.830515192,136.830515192,136.830515192
2023-05-18 10:41:00,136.830515192,136.830515192,136.830515192,136.830515192
2023-05-18 10:42:00,136.830515192,136.830515192,136.830515192,136.830515192
2023-05-18 10:43:00,136.830515192,136.830515192,136.830515192,136.830515192
2023-05-18 10:44:00,136.5690616645,136.5690616645,136.5690616645,136.5690616645
2023-05-18 10:45:00,136.440711751,136.440711751,136.440711751,136.440711751
2023-05-18 10:46:00,136.440711751,136.440711751,136.440711751,136.440711751
2023-05-18 10:47:00,136.50783400206,136.51068622236,136.50783400206,136.51068622236
2023-05-18 10:48:00,136.535785761,136.4996576372,136.4996576372,136.535785761
2023-05-18 10:49:00,136.611844969,136.611844969,136.611844969,136.611844969
2023-05-18 10:50:00,136.58161143382,136.58161143382,136.58161143382,136.58161143382
2023-05-18 10:51:00,136.583322766,136.583322766,136.583322766,136.583322766
2023-05-18 10:52:00,136.554800563,136.545293162,136.545293162,136.554800563
2023-05-18 10:53:00,136.554800563,136.545293162,136.545293162,136.554800563
2023-05-18 10:54:00,136.602337568,136.611844969,136.602337568,136.611844969
2023-05-18 10:55:00,136.602337568,136.611844969,136.602337568,136.611844969
2023-05-18 10:56:00,136.535785761,136.535785761,136.535785761,136.535785761
2023-05-18 10:57:00,136.535785761,136.535785761,136.535785761,136.535785761
2023-05-18 10:58:00,136.583322766,136.583322766,136.583322766,136.583322766
2023-05-18 10:59:00,136.53027146842,136.53027146842,136.53027146842,136.53027146842
2023-05-18 11:00:00,136.649874573,136.649874573,136.649874573,136.649874573
2023-05-18 11:01:00,136.62135237,136.62135237,136.62135237,136.62135237
2023-05-18 11:02:00,136.649874573,136.649874573,136.649874573,136.649874573
2023-05-18 11:03:00,136.649874573,136.649874573,136.649874573,136.649874573
2023-05-18 11:04:00,136.649874573,136.649874573,136.649874573,136.649874573
2023-05-18 11:05:00,136.649874573,136.649874573,136.649874573,136.649874573
2023-05-18 11:06:00,136.649874573,136.649874573,136.649874573,136.649874573
2023-05-18 11:07:00,136.649874573,136.649874573,136.649874573,136.649874573
2023-05-18 11:08:00,136.583322766,136.592830167,136.583322766,136.592830167
2023-05-18 11:09:00,136.62781740268,136.62781740268,136.62781740268,136.62781740268
2023-05-18 11:10:00,136.62781740268,136.62781740268,136.62781740268,136.62781740268
2023-05-18 11:11:00,136.5785690655,136.5785690655,136.5785690655,136.5785690655
2023-05-18 11:12:00,136.4549728525,136.4549728525,136.4549728525,136.4549728525
2023-05-18 11:13:00,136.4549728525,136.4549728525,136.4549728525,136.4549728525
2023-05-18 11:14:00,136.4549728525,136.4549728525,136.4549728525,136.4549728525
2023-05-18 11:15:00,136.374159944,136.450219152,136.374159944,136.450219152
2023-05-18 11:16:00,136.374159944,136.450219152,136.374159944,136.450219152
2023-05-18 11:17:00,136.374159944,136.450219152,136.374159944,136.450219152
2023-05-18 11:18:00,136.374159944,136.450219152,136.374159944,136.450219152
2023-05-18 11:19:00,136.374159944,136.450219152,136.374159944,136.450219152
2023-05-18 11:20:00,136.5880764665,136.5880764665,136.5880764665,136.5880764665
2023-05-18 11:21:00,136.5880764665,136.5880764665,136.5880764665,136.5880764665
2023-05-18 11:22:00,136.469233954,136.469233954,136.469233954,136.469233954
2023-05-18 11:23:00,136.326622939,136.469233954,136.326622939,136.469233954
2023-05-18 11:24:00,136.326622939,136.469233954,136.326622939,136.469233954
2023-05-18 11:25:00,136.440711751,136.37910379252,136.37910379252,136.440711751
2023-05-18 11:26:00,136.364652543,136.421696949,136.364652543,136.421696949
2023-05-18 11:27:00,136.402682147,136.402682147,136.402682147,136.402682147
2023-05-18 11:28:00,136.24105633,136.24105633,136.24105633,136.24105633
2023-05-18 11:29:00,136.222041528,136.24105633,136.222041528,136.2458100305
2023-05-18 11:30:00,136.222041528,136.24105633,136.222041528,136.2458100305
2023-05-18 11:31:00,136.222041528,136.24105633,136.222041528,136.2458100305
2023-05-18 11:32:00,136.279085934,136.260071132,136.260071132,136.279085934
2023-05-18 11:33:00,136.317115538,136.317115538,136.317115538,136.317115538
2023-05-18 11:34:00,136.374159944,136.317115538,136.317115538,136.374159944
2023-05-18 11:35:00,136.3789136445,136.364652543,136.364652543,136.3789136445
2023-05-18 11:36:00,136.3789136445,136.364652543,136.364652543,136.3789136445
2023-05-18 11:37:00,136.4264506495,136.421696949,136.421696949,136.4264506495
2023-05-18 11:38:00,136.4359580505,136.450219152,136.4359580505,136.450219152
2023-05-18 11:39:00,136.3979284465,136.374159944,136.374159944,136.3979284465
2023-05-18 11:40:00,136.231548929,136.231548929,136.231548929,136.231548929
2023-05-18 11:41:00,136.231548929,136.231548929,136.231548929,136.231548929
2023-05-18 11:42:00,136.231548929,136.231548929,136.231548929,136.231548929
2023-05-18 11:43:00,136.231548929,136.231548929,136.231548929,136.231548929
2023-05-18 11:44:00,136.231548929,136.212534127,136.212534127,136.231548929
2023-05-18 11:45:00,136.231548929,136.212534127,136.212534127,136.231548929
2023-05-18 11:46:00,136.08950835806,136.098445315,136.088937914,136.098445315
2023-05-18 11:47:00,136.24495436441,136.2363026295,136.2363026295,136.24495436441
2023-05-18 11:48:00,136.22432330424,136.22432330424,136.22432330424,136.22432330424
2023-05-18 11:49:00,136.203026726,136.203026726,136.203026726,136.203026726
2023-05-18 11:50:00,136.203026726,136.203026726,136.203026726,136.203026726
2023-05-18 11:51:00,136.203026726,136.203026726,136.203026726,136.203026726
2023-05-18 11:52:00,136.203026726,136.203026726,136.203026726,136.203026726
2023-05-18 11:53:00,136.298100736,136.355145142,136.279085934,136.355145142
2023-05-18 11:54:00,136.298100736,136.355145142,136.279085934,136.355145142
2023-05-18 11:55:00,136.298100736,136.355145142,136.279085934,136.355145142
2023-05-18 11:56:00,136.298100736,136.355145142,136.279085934,136.355145142
2023-05-18 11:57:00,136.03816839266,136.193519325,136.03816839266,136.212534127
2023-05-18 11:58:00,136.0176324065,136.0176324065,136.0176324065,136.0176324065
2023-05-18 11:59:00,136.003371305,136.003371305,136.003371305,136.003371305
2023-05-18 12:00:00,136.041400909,136.041400909,136.041400909,136.041400909
2023-05-18 12:01:00,135.946326899,135.946326899,135.946326899,135.946326899
2023-05-18 12:02:00,135.908297295,135.908297295,135.908297295,135.908297295
2023-05-18 12:03:00,135.908297295,135.908297295,135.908297295,135.908297295
2023-05-18 12:04:00,135.908297295,135.908297295,135.908297295,135.908297295
2023-05-18 12:05:00,135.8274843865,135.917804696,135.8274843865,135.917804696
2023-05-18 12:06:00,135.775193681,135.775193681,135.775193681,135.775193681
2023-05-18 12:07:00,135.90506477866,135.8930854534,135.8930854534,135.90506477866
2023-05-18 12:08:00,135.870267691,135.870267691,135.870267691,135.870267691
2023-05-18 12:09:00,135.898789894,135.927312097,135.898789894,135.927312097
2023-05-18 12:10:00,135.898789894,135.927312097,135.898789894,135.927312097
2023-05-18 12:11:00,135.898789894,135.927312097,135.898789894,135.927312097
2023-05-18 12:12:00,135.898789894,135.927312097,135.898789894,135.927312097
2023-05-18 12:13:00,136.155489721,136.155489721,136.155489721,136.155489721
2023-05-18 12:14:00,136.155489721,136.184011924,136.155489721,136.184011924
2023-05-18 12:15:00,136.212534127,136.279085934,136.212534127,136.288593335
2023-05-18 12:16:00,136.212534127,136.279085934,136.212534127,136.288593335
2023-05-18 12:17:00,136.212534127,136.279085934,136.212534127,136.288593335
2023-05-18 12:18:00,136.212534127,136.279085934,136.212534127,136.288593335
2023-05-18 12:19:00,136.345637741,136.288593335,136.288593335,136.345637741
2023-05-18 12:20:00,136.345637741,136.288593335,136.288593335,136.345637741
2023-05-18 12:21:00,136.364652543,136.33613034,136.33613034,136.364652543
2023-05-18 12:22:00,136.364652543,136.33613034,136.33613034,136.364652543
2023-05-18 12:23:00,136.307608137,136.307608137,136.307608137,136.307608137
2023-05-18 12:24:00,136.307608137,136.307608137,136.307608137,136.307608137
2023-05-18 12:25:00,136.374159944,136.374159944,136.374159944,136.374159944
2023-05-18 12:26:00,136.317115538,136.33613034,136.317115538,136.33613034
2023-05-18 12:27:00,136.298100736,136.298100736,136.298100736,136.298100736
2023-05-18 12:28:00,136.298100736,136.298100736,136.298100736,136.298100736
2023-05-18 12:29:00,136.298100736,136.298100736,136.298100736,136.298100736
2023-05-18 12:30:00,136.298100736,136.298100736,136.298100736,136.298100736
2023-05-18 12:31:00,136.298100736,136.298100736,136.298100736,136.298100736
2023-05-18 12:32:00,136.107952716,136.107952716,136.107952716,136.107952716
2023-05-18 12:33:00,136.107952716,136.107952716,136.107952716,136.107952716
2023-05-18 12:34:00,136.107952716,136.107952716,136.107952716,136.107952716
2023-05-18 12:35:00,136.107952716,136.107952716,136.107952716,136.107952716
2023-05-18 12:36:00,136.107952716,136.107952716,136.107952716,136.107952716
2023-05-18 12:37:00,136.107952716,136.107952716,136.107952716,136.107952716
2023-05-18 12:38:00,136.107952716,136.107952716,136.107952716,136.107952716
2023-05-18 12:39:00,136.107952716,136.107952716,136.107952716,136.107952716
2023-05-18 12:40:00,136.041400909,136.041400909,136.041400909,136.041400909
2023-05-18 12:41:00,136.041400909,136.041400909,136.041400909,136.041400909
2023-05-18 12:42:00,136.041400909,136.041400909,136.041400909,136.041400909
2023-05-18 12:43:00,136.041400909,136.041400909,136.041400909,136.041400909
2023-05-18 12:44:00,136.041400909,136.041400909,136.041400909,136.041400909
2023-05-18 12:45:00,136.041400909,136.041400909,136.041400909,136.041400909
2023-05-18 12:46:00,136.041400909,136.041400909,136.041400909,136.041400909
2023-05-18 12:47:00,136.041400909,136.041400909,136.041400909,136.041400909
2023-05-18 12:48:00,136.041400909,136.041400909,136.041400909,136.041400909
2023-05-18 12:49:00,136.041400909,136.041400909,136.041400909,136.041400909
2023-05-18 12:50:00,136.041400909,136.041400909,136.041400909,136.041400909
2023-05-18 12:51:00,136.041400909,136.041400909,136.041400909,136.041400909
2023-05-18 12:52:00,136.041400909,136.041400909,136.041400909,136.041400909
2023-05-18 12:53:00,136.041400909,136.041400909,136.041400909,136.041400909
2023-05-18 12:54:00,136.041400909,136.041400909,136.041400909,136.041400909
2023-05-18 12:55:00,136.041400909,136.041400909,136.041400909,136.041400909
2023-05-18 12:56:00,136.041400909,136.041400909,136.041400909,136.041400909
2023-05-18 12:57:00,136.231548929,136.164997122,136.164997122,136.231548929
2023-05-18 12:58:00,136.298100736,136.288593335,136.288593335,136.298100736
2023-05-18 12:59:00,136.298100736,136.288593335,136.288593335,136.298100736
2023-05-18 13:00:00,136.298100736,136.288593335,136.288593335,136.298100736
2023-05-18 13:01:00,136.298100736,136.288593335,136.288593335,136.298100736
2023-05-18 13:02:00,136.307608137,136.307608137,136.307608137,136.307608137
2023-05-18 13:03:00,136.307608137,136.307608137,136.307608137,136.307608137
2023-05-18 13:04:00,136.307608137,136.307608137,136.307608137,136.307608137
2023-05-18 13:05:00,136.307608137,136.307608137,136.307608137,136.307608137
2023-05-18 13:06:00,136.317115538,136.317115538,136.317115538,136.317115538
2023-05-18 13:07:00,136.269578533,136.269578533,136.269578533,136.269578533
2023-05-18 13:08:00,136.269578533,136.269578533,136.269578533,136.269578533
2023-05-18 13:09:00,136.269578533,136.269578533,136.269578533,136.269578533
2023-05-18 13:10:00,136.269578533,136.269578533,136.269578533,136.269578533
2023-05-18 13:11:00,136.364652543,136.364652543,136.364652543,136.364652543
2023-05-18 13:12:00,136.364652543,136.364652543,136.364652543,136.364652543
2023-05-18 13:13:00,136.364652543,136.364652543,136.364652543,136.364652543
2023-05-18 13:14:00,136.364652543,136.364652543,136.364652543,136.364652543
2023-05-18 13:15:00,136.364652543,136.364652543,136.364652543,136.364652543
2023-05-18 13:16:00,136.364652543,136.364652543,136.364652543,136.364652543
2023-05-18 13:17:00,136.364652543,136.364652543,136.364652543,136.364652543
2023-05-18 13:18:00,136.364652543,136.364652543,136.364652543,136.364652543
2023-05-18 13:19:00,136.364652543,136.364652543,136.364652543,136.364652543
2023-05-18 13:20:00,136.440711751,136.440711751,136.440711751,136.440711751
2023-05-18 13:21:00,136.440711751,136.440711751,136.440711751,136.440711751
2023-05-18 13:22:00,136.440711751,136.440711751,136.440711751,136.440711751
2023-05-18 13:23:00,136.440711751,136.440711751,136.440711751,136.440711751
2023-05-18 13:24:00,136.440711751,136.440711751,136.440711751,136.440711751
2023-05-18 13:25:00,136.412189548,136.412189548,136.412189548,136.412189548
2023-05-18 13:26:00,136.412189548,136.412189548,136.412189548,136.412189548
2023-05-18 13:27:00,136.412189548,136.412189548,136.412189548,136.412189548
2023-05-18 13:28:00,136.412189548,136.412189548,136.412189548,136.412189548
2023-05-18 13:29:00,136.43120435,136.4834950555,136.43120435,136.488248756
2023-05-18 13:30:00,136.393174746,136.440711751,136.393174746,136.440711751
2023-05-18 13:31:00,136.250563731,136.250563731,136.250563731,136.250563731
2023-05-18 13:32:00,136.250563731,136.250563731,136.250563731,136.250563731
2023-05-18 13:33:00,136.250563731,136.250563731,136.250563731,136.250563731
2023-05-18 13:34:00,136.250563731,136.250563731,136.250563731,136.250563731
2023-05-18 13:35:00,136.250563731,136.250563731,136.250563731,136.250563731
2023-05-18 13:36:00,136.250563731,136.250563731,136.250563731,136.250563731
2023-05-18 13:37:00,136.250563731,136.250563731,136.250563731,136.250563731
2023-05-18 13:38:00,136.250563731,136.250563731,136.250563731,136.250563731
2023-05-18 13:39:00,136.250563731,136.250563731,136.250563731,136.250563731
2023-05-18 13:40:00,136.250563731,136.250563731,136.250563731,136.250563731
2023-05-18 13:41:00,136.250563731,136.250563731,136.250563731,136.250563731
2023-05-18 13:42:00,136.250563731,136.250563731,136.250563731,136.250563731
2023-05-18 13:43:00,136.250563731,136.250563731,136.250563731,136.250563731
2023-05-18 13:44:00,136.212534127,136.212534127,136.212534127,136.212534127
2023-05-18 13:45:00,136.212534127,136.212534127,136.212534127,136.212534127
2023-05-18 13:46:00,136.14598232,136.14598232,136.14598232,136.14598232
2023-05-18 13:47:00,136.14598232,136.14598232,136.14598232,136.14598232
2023-05-18 13:48:00,136.14598232,136.14598232,136.14598232,136.14598232
2023-05-18 13:49:00,136.14598232,136.14598232,136.14598232,136.14598232
2023-05-18 13:50:00,136.14598232,136.14598232,136.14598232,136.14598232
2023-05-18 13:51:00,136.212534127,136.212534127,136.212534127,136.212534127
2023-05-18 13:52:00,136.212534127,136.212534127,136.212534127,136.212534127
2023-05-18 13:53:00,136.212534127,136.212534127,136.212534127,136.212534127
2023-05-18 13:54:00,136.2648248325,136.2648248325,136.2648248325,136.2648248325
2023-05-18 13:55:00,136.2648248325,136.2648248325,136.2648248325,136.2648248325
2023-05-18 13:56:00,136.2648248325,136.2648248325,136.2648248325,136.2648248325
2023-05-18 13:57:00,136.2648248325,136.2648248325,136.2648248325,136.2648248325
2023-05-18 13:58:00,136.2648248325,136.2648248325,136.2648248325,136.2648248325
2023-05-18 13:59:00,136.2648248325,136.2648248325,136.2648248325,136.2648248325
2023-05-18 14:00:00,136.2648248325,136.2648248325,136.2648248325,136.2648248325
2023-05-18 14:01:00,136.298100736,136.298100736,136.298100736,136.298100736
2023-05-18 14:02:00,136.298100736,136.298100736,136.298100736,136.298100736
2023-05-18 14:03:00,136.298100736,136.298100736,136.298100736,136.298100736
2023-05-18 14:04:00,136.298100736,136.298100736,136.298100736,136.298100736
2023-05-18 14:05:00,136.298100736,136.298100736,136.298100736,136.298100736
2023-05-18 14:06:00,136.298100736,136.298100736,136.298100736,136.298100736
2023-05-18 14:07:00,136.298100736,136.298100736,136.298100736,136.298100736
2023-05-18 14:08:00,136.298100736,136.298100736,136.298100736,136.298100736
2023-05-18 14:09:00,136.298100736,136.298100736,136.298100736,136.298100736
2023-05-18 14:10:00,136.298100736,136.298100736,136.298100736,136.298100736
2023-05-18 14:11:00,136.298100736,136.298100736,136.298100736,136.298100736
2023-05-18 14:12:00,136.298100736,136.298100736,136.298100736,136.298100736
2023-05-18 14:13:00,136.298100736,136.298100736,136.298100736,136.298100736
2023-05-18 14:14:00,136.298100736,136.298100736,136.298100736,136.298100736
2023-05-18 14:15:00,136.298100736,136.298100736,136.298100736,136.298100736
2023-05-18 14:16:00,136.298100736,136.298100736,136.298100736,136.298100736
2023-05-18 14:17:00,136.298100736,136.298100736,136.298100736,136.298100736
2023-05-18 14:18:00,136.298100736,136.298100736,136.298100736,136.298100736
2023-05-18 14:19:00,136.298100736,136.298100736,136.298100736,136.298100736
2023-05-18 14:20:00,136.298100736,136.298100736,136.298100736,136.298100736
2023-05-18 14:21:00,136.298100736,136.298100736,136.298100736,136.298100736
2023-05-18 14:22:00,136.298100736,136.298100736,136.298100736,136.298100736
2023-05-18 14:23:00,136.298100736,136.298100736,136.298100736,136.298100736
2023-05-18 14:24:00,136.298100736,136.298100736,136.298100736,136.298100736
2023-05-18 14:25:00,136.298100736,136.298100736,136.298100736,136.298100736
2023-05-18 14:26:00,136.298100736,136.298100736,136.298100736,136.298100736
2023-05-18 14:27:00,136.298100736,136.298100736,136.298100736,136.298100736
2023-05-18 14:28:00,136.298100736,136.298100736,136.298100736,136.298100736
2023-05-18 14:29:00,136.298100736,136.298100736,136.298100736,136.298100736
2023-05-18 14:30:00,136.298100736,136.298100736,136.298100736,136.298100736
2023-05-18 14:31:00,136.345637741,136.355145142,136.345637741,136.355145142
2023-05-18 14:32:00,136.383667345,136.383667345,136.383667345,136.383667345
2023-05-18 14:33:00,136.383667345,136.383667345,136.383667345,136.383667345
2023-05-18 14:34:00,136.383667345,136.383667345,136.383667345,136.383667345
2023-05-18 14:35:00,136.383667345,136.383667345,136.383667345,136.383667345
2023-05-18 14:36:00,136.383667345,136.383667345,136.383667345,136.383667345
2023-05-18 14:37:00,136.383667345,136.383667345,136.383667345,136.383667345
2023-05-18 14:38:00,136.383667345,136.383667345,136.383667345,136.383667345
2023-05-18 14:39:00,136.2838396345,136.2838396345,136.2838396345,136.2838396345
2023-05-18 14:40:00,136.2838396345,136.2838396345,136.2838396345,136.2838396345
2023-05-18 14:41:00,136.2838396345,136.2838396345,136.2838396345,136.2838396345
2023-05-18 14:42:00,136.2838396345,136.2838396345,136.2838396345,136.2838396345
2023-05-18 14:43:00,136.2838396345,136.2838396345,136.2838396345,136.2838396345
2023-05-18 14:44:00,136.2838396345,136.2838396345,136.2838396345,136.2838396345
2023-05-18 14:45:00,136.2838396345,136.2838396345,136.2838396345,136.2838396345
2023-05-18 14:46:00,136.2838396345,136.2838396345,136.2838396345,136.2838396345
2023-05-18 14:47:00,136.2838396345,136.2838396345,136.2838396345,136.2838396345
2023-05-18 14:48:00,136.2838396345,136.2838396345,136.2838396345,136.2838396345
2023-05-18 14:49:00,136.2838396345,136.2838396345,136.2838396345,136.2838396345
2023-05-18 14:50:00,136.2838396345,136.2838396345,136.2838396345,136.2838396345
2023-05-18 14:51:00,136.2838396345,136.2838396345,136.2838396345,136.2838396345
2023-05-18 14:52:00,136.2838396345,136.2838396345,136.2838396345,136.2838396345
2023-05-18 14:53:00,136.2838396345,136.2838396345,136.2838396345,136.2838396345
2023-05-18 14:54:00,136.155489721,136.155489721,136.155489721,136.155489721
2023-05-18 14:55:00,136.155489721,136.155489721,136.155489721,136.155489721
2023-05-18 14:56:00,136.155489721,136.155489721,136.155489721,136.155489721
2023-05-18 14:57:00,136.155489721,136.155489721,136.155489721,136.155489721
2023-05-18 14:58:00,136.155489721,136.155489721,136.155489721,136.155489721
2023-05-18 14:59:00,136.155489721,136.155489721,136.155489721,136.155489721
2023-05-18 15:00:00,136.155489721,136.155489721,136.155489721,136.155489721
2023-05-18 15:01:00,136.155489721,136.155489721,136.155489721,136.155489721
2023-05-18 15:02:00,136.155489721,136.155489721,136.155489721,136.155489721
2023-05-18 15:03:00,136.155489721,136.155489721,136.155489721,136.155489721
2023-05-18 15:04:00,136.203026726,136.24105633,136.203026726,136.24105633
2023-05-18 15:05:00,136.203026726,136.24105633,136.203026726,136.24105633
2023-05-18 15:06:00,136.203026726,136.24105633,136.203026726,136.24105633
2023-05-18 15:07:00,136.203026726,136.24105633,136.203026726,136.24105633
2023-05-18 15:08:00,136.203026726,136.24105633,136.203026726,136.24105633
2023-05-18 15:09:00,136.203026726,136.24105633,136.203026726,136.24105633
2023-05-18 15:10:00,136.203026726,136.24105633,136.203026726,136.24105633
2023-05-18 15:11:00,136.203026726,136.24105633,136.203026726,136.24105633
2023-05-18 15:12:00,136.203026726,136.24105633,136.203026726,136.24105633
2023-05-18 15:13:00,136.203026726,136.24105633,136.203026726,136.24105633
2023-05-18 15:14:00,136.203026726,136.24105633,136.203026726,136.24105633
2023-05-18 15:15:00,136.24105633,136.24105633,136.24105633,136.24105633
2023-05-18 15:16:00,136.24105633,136.24105633,136.24105633,136.24105633
2023-05-18 15:17:00,136.24105633,136.24105633,136.24105633,136.24105633
2023-05-18 15:18:00,136.24105633,136.24105633,136.24105633,136.24105633
2023-05-18 15:19:00,136.317115538,136.317115538,136.317115538,136.317115538
2023-05-18 15:20:00,136.317115538,136.317115538,136.317115538,136.317115538
2023-05-18 15:21:00,136.364652543,136.364652543,136.364652543,136.364652543
2023-05-18 15:22:00,136.364652543,136.364652543,136.364652543,136.364652543
2023-05-18 15:23:00,136.364652543,136.364652543,136.364652543,136.364652543
2023-05-18 15:24:00,136.364652543,136.364652543,136.364652543,136.364652543
2023-05-18 15:25:00,136.222041528,136.212534127,136.212534127,136.222041528
2023-05-18 15:26:00,136.222041528,136.212534127,136.212534127,136.222041528
2023-05-18 15:27:00,136.222041528,136.212534127,136.212534127,136.222041528
2023-05-18 15:28:00,136.222041528,136.212534127,136.212534127,136.222041528
2023-05-18 15:29:00,136.231548929,136.231548929,136.231548929,136.231548929
2023-05-18 15:30:00,136.231548929,136.231548929,136.231548929,136.231548929
2023-05-18 15:31:00,136.326622939,136.307608137,136.307608137,136.326622939
2023-05-18 15:32:00,136.326622939,136.307608137,136.307608137,136.326622939
2023-05-18 15:33:00,136.326622939,136.326622939,136.326622939,136.326622939
2023-05-18 15:34:00,136.326622939,136.326622939,136.326622939,136.326622939
2023-05-18 15:35:00,136.326622939,136.326622939,136.326622939,136.326622939
2023-05-18 15:36:00,136.393174746,136.393174746,136.393174746,136.393174746
2023-05-18 15:37:00,136.393174746,136.393174746,136.393174746,136.393174746
2023-05-18 15:38:00,136.383667345,136.402682147,136.383667345,136.412189548
2023-05-18 15:39:00,136.402682147,136.43120435,136.402682147,136.43120435
2023-05-18 15:40:00,136.402682147,136.43120435,136.402682147,136.43120435
2023-05-18 15:41:00,136.402682147,136.43120435,136.402682147,136.43120435
2023-05-18 15:42:00,136.402682147,136.43120435,136.402682147,136.43120435
2023-05-18 15:43:00,136.640367172,136.640367172,136.640367172,136.640367172
2023-05-18 15:44:00,136.640367172,136.640367172,136.640367172,136.640367172
2023-05-18 15:45:00,136.792485588,136.792485588,136.792485588,136.792485588
2023-05-18 15:46:00,136.859037395,136.859037395,136.859037395,136.859037395
2023-05-18 15:47:00,136.859037395,136.859037395,136.859037395,136.859037395
2023-05-18 15:48:00,136.859037395,136.859037395,136.859037395,136.859037395
2023-05-18 15:49:00,136.859037395,136.859037395,136.859037395,136.859037395
2023-05-18 15:50:00,136.859037395,136.859037395,136.859037395,136.859037395
2023-05-18 15:51:00,136.878052197,136.9065744,136.878052197,136.9065744
2023-05-18 15:52:00,136.973126207,136.954111405,136.954111405,136.973126207
2023-05-18 15:53:00,136.916081801,136.916081801,136.916081801,136.916081801
2023-05-18 15:54:00,136.916081801,136.916081801,136.916081801,136.916081801
2023-05-18 15:55:00,136.9065744,136.9065744,136.9065744,136.9065744
2023-05-18 15:56:00,136.868544796,136.887559598,136.868544796,136.887559598
2023-05-18 15:57:00,136.868544796,136.887559598,136.868544796,136.887559598
2023-05-18 15:58:00,136.849529994,136.792485588,136.792485588,136.849529994
2023-05-18 15:59:00,136.830515192,136.830515192,136.830515192,136.830515192
2023-05-18 16:00:00,136.81150039,136.897066999,136.81150039,136.9065744
2023-05-19 09:31:00,137.220318633,137.00164841,137.00164841,137.220318633
2023-05-19 09:32:00,137.220318633,137.00164841,137.00164841,137.220318633
2023-05-19 09:33:00,137.47701846,137.47701846,137.47701846,137.47701846
2023-05-19 09:34:00,137.505540663,137.61820336485,137.505540663,137.61820336485
2023-05-19 09:35:00,137.543570267,137.543570267,137.543570267,137.543570267
2023-05-19 09:36:00,137.524555465,137.524555465,137.524555465,137.524555465
2023-05-19 09:37:00,137.6814275815,137.6814275815,137.6814275815,137.6814275815
2023-05-19 09:38:00,137.686181282,137.686181282,137.686181282,137.686181282
2023-05-19 09:39:00,137.686181282,137.686181282,137.686181282,137.686181282
2023-05-19 09:40:00,137.5768461705,137.676673881,137.5768461705,137.676673881
2023-05-19 09:41:00,137.467511059,137.486525861,137.467511059,137.486525861
2023-05-19 09:42:00,137.438988856,137.5007869625,137.438988856,137.5007869625
2023-05-19 09:43:00,137.438988856,137.438988856,137.438988856,137.438988856
2023-05-19 09:44:00,137.619629475,137.619629475,137.619629475,137.619629475
2023-05-19 09:45:00,137.619629475,137.619629475,137.619629475,137.619629475
2023-05-19 09:46:00,137.76224049,137.8573145,137.76224049,137.8573145
2023-05-19 09:47:00,137.76224049,137.8573145,137.76224049,137.8573145
2023-05-19 09:48:00,137.686181282,137.686181282,137.686181282,137.686181282
2023-05-19 09:49:00,137.76585330238,137.714703485,137.714703485,137.76585330238
2023-05-19 09:50:00,137.76585330238,137.714703485,137.714703485,137.76585330238
2023-05-19 09:51:00,137.76585330238,137.714703485,137.714703485,137.76585330238
2023-05-19 09:52:00,137.885836703,137.838299698,137.838299698,137.885836703
2023-05-19 09:53:00,137.885836703,137.838299698,137.838299698,137.885836703
2023-05-19 09:54:00,137.885836703,137.838299698,137.838299698,137.885836703
2023-05-19 09:55:00,137.885836703,137.838299698,137.838299698,137.885836703
2023-05-19 09:56:00,138.123521728,138.123521728,138.123521728,138.123521728
2023-05-19 09:57:00,137.980910713,137.980910713,137.980910713,137.980910713
2023-05-19 09:58:00,137.9951718145,137.9951718145,137.9951718145,137.9951718145
2023-05-19 09:59:00,137.9951718145,137.9951718145,137.9951718145,137.9951718145
2023-05-19 10:00:00,137.9951718145,137.9951718145,137.9951718145,137.9951718145
2023-05-19 10:01:00,137.8573145,137.8573145,137.8573145,137.8573145
2023-05-19 10:02:00,137.8573145,137.8573145,137.8573145,137.8573145
2023-05-19 10:03:00,137.8905904035,137.8905904035,137.8905904035,137.8905904035
2023-05-19 10:04:00,137.980910713,137.980910713,137.980910713,137.980910713
2023-05-19 10:05:00,137.980910713,137.980910713,137.980910713,137.980910713
2023-05-19 10:06:00,137.980910713,137.980910713,137.980910713,137.980910713
2023-05-19 10:07:00,137.980910713,137.980910713,137.980910713,137.980910713
2023-05-19 10:08:00,137.980910713,137.980910713,137.980910713,137.980910713
2023-05-19 10:09:00,137.980910713,137.980910713,137.980910713,137.980910713
2023-05-19 10:10:00,137.980910713,137.980910713,137.980910713,137.980910713
2023-05-19 10:11:00,137.980910713,137.980910713,137.980910713,137.980910713
2023-05-19 10:12:00,137.980910713,137.980910713,137.980910713,137.980910713
2023-05-19 10:13:00,137.980910713,137.980910713,137.980910713,137.980910713
2023-05-19 10:14:00,137.980910713,137.980910713,137.980910713,137.980910713
2023-05-19 10:15:00,137.980910713,137.980910713,137.980910713,137.980910713
2023-05-19 10:16:00,138.0332014185,138.0332014185,138.0332014185,138.0332014185
2023-05-19 10:17:00,138.066477322,138.066477322,138.066477322,138.066477322
2023-05-19 10:18:00,138.066477322,138.066477322,138.066477322,138.066477322
2023-05-19 10:19:00,138.085492124,138.085492124,138.085492124,138.085492124
2023-05-19 10:20:00,137.93413430008,137.93413430008,137.93413430008,137.93413430008
2023-05-19 10:21:00,137.93413430008,137.93413430008,137.93413430008,137.93413430008
2023-05-19 10:22:00,137.93413430008,137.93413430008,137.93413430008,137.93413430008
2023-05-19 10:23:00,137.93413430008,137.93413430008,137.93413430008,137.93413430008
2023-05-19 10:24:00,137.93413430008,137.93413430008,137.93413430008,137.93413430008
2023-05-19 10:25:00,137.933373708,137.933373708,137.933373708,137.933373708
2023-05-19 10:26:00,137.933373708,137.933373708,137.933373708,137.933373708
2023-05-19 10:27:00,138.0170388368,138.0170388368,138.0170388368,138.0170388368
2023-05-19 10:28:00,137.8573145,137.8573145,137.8573145,137.8573145
2023-05-19 10:29:00,137.961895911,137.971403312,137.961895911,137.971403312
2023-05-19 10:30:00,138.0046792155,138.0046792155,138.0046792155,138.0046792155
2023-05-19 10:31:00,137.8573145,137.8573145,137.8573145,137.8573145
2023-05-19 10:32:00,137.8573145,137.8573145,137.8573145,137.8573145
2023-05-19 10:33:00,137.9286200075,137.9286200075,137.9286200075,137.9286200075
2023-05-19 10:34:00,137.9286200075,137.9286200075,137.9286200075,137.9286200075
2023-05-19 10:35:00,137.9286200075,137.9286200075,137.9286200075,137.9286200075
2023-05-19 10:36:00,137.9286200075,137.9286200075,137.9286200075,137.9286200075
2023-05-19 10:37:00,137.9286200075,137.9286200075,137.9286200075,137.9286200075
2023-05-19 10:38:00,137.9286200075,137.9286200075,137.9286200075,137.9286200075
2023-05-19 10:39:00,137.9286200075,137.9286200075,137.9286200075,137.9286200075
2023-05-19 10:40:00,137.9286200075,137.9286200075,137.9286200075,137.9286200075
2023-05-19 10:41:00,137.9286200075,137.9286200075,137.9286200075,137.9286200075
2023-05-19 10:42:00,137.9286200075,137.9286200075,137.9286200075,137.9286200075
2023-05-19 10:43:00,137.9286200075,137.9286200075,137.9286200075,137.9286200075
2023-05-19 10:44:00,137.9286200075,137.9286200075,137.9286200075,137.9286200075
2023-05-19 10:45:00,137.9286200075,137.9286200075,137.9286200075,137.9286200075
2023-05-19 10:46:00,137.914358906,137.914358906,137.914358906,137.914358906
2023-05-19 10:47:00,137.8573145,137.8573145,137.8573145,137.8573145
2023-05-19 10:48:00,137.8573145,137.8573145,137.8573145,137.8573145
2023-05-19 10:49:00,137.8573145,137.8573145,137.8573145,137.8573145
2023-05-19 10:50:00,137.743225688,137.743225688,137.743225688,137.743225688
2023-05-19 10:51:00,137.790762693,137.705196084,137.676673881,137.790762693
2023-05-19 10:52:00,137.790762693,137.705196084,137.676673881,137.790762693
2023-05-19 10:53:00,137.790762693,137.705196084,137.676673881,137.790762693
2023-05-19 10:54:00,137.790762693,137.705196084,137.676673881,137.790762693
2023-05-19 10:55:00,137.591107272,137.591107272,137.591107272,137.591107272
2023-05-19 10:56:00,137.591107272,137.591107272,137.591107272,137.591107272
2023-05-19 10:57:00,137.591107272,137.591107272,137.591107272,137.591107272
2023-05-19 10:58:00,137.591107272,137.591107272,137.591107272,137.591107272
2023-05-19 10:59:00,137.591107272,137.591107272,137.591107272,137.591107272
2023-05-19 11:00:00,137.591107272,137.591107272,137.591107272,137.591107272
2023-05-19 11:01:00,137.515048064,137.515048064,137.515048064,137.515048064
2023-05-19 11:02:00,137.515048064,137.515048064,137.515048064,137.515048064
2023-05-19 11:03:00,137.515048064,137.515048064,137.515048064,137.515048064
2023-05-19 11:04:00,137.534062866,137.534062866,137.534062866,137.534062866
2023-05-19 11:05:00,137.534062866,137.534062866,137.534062866,137.534062866
2023-05-19 11:06:00,137.47378594366,137.581599871,137.47378594366,137.591107272
2023-05-19 11:07:00,137.47378594366,137.581599871,137.47378594366,137.591107272
2023-05-19 11:08:00,137.44526374066,137.44526374066,137.44526374066,137.44526374066
2023-05-19 11:09:00,137.44526374066,137.44526374066,137.44526374066,137.44526374066
2023-05-19 11:10:00,137.44526374066,137.44526374066,137.44526374066,137.44526374066
2023-05-19 11:11:00,137.486525861,137.486525861,137.486525861,137.486525861
2023-05-19 11:12:00,137.524555465,137.5102943635,137.5102943635,137.524555465
2023-05-19 11:13:00,137.524555465,137.5102943635,137.5102943635,137.524555465
2023-05-19 11:14:00,137.619629475,137.619629475,137.619629475,137.619629475
2023-05-19 11:15:00,137.676673881,137.676673881,137.648151678,137.714703485
2023-05-19 11:16:00,137.676673881,137.676673881,137.648151678,137.714703485
2023-05-19 11:17:00,137.486525861,137.486525861,137.486525861,137.486525861
2023-05-19 11:18:00,137.486525861,137.486525861,137.486525861,137.486525861
2023-05-19 11:19:00,137.486525861,137.486525861,137.486525861,137.486525861
2023-05-19 11:20:00,137.458003658,137.600614673,137.419974054,137.600614673
2023-05-19 11:21:00,137.610122074,137.610122074,137.610122074,137.610122074
2023-05-19 11:22:00,137.610122074,137.610122074,137.610122074,137.610122074
2023-05-19 11:23:00,137.553077668,137.553077668,137.553077668,137.553077668
2023-05-19 11:24:00,137.553077668,137.553077668,137.553077668,137.553077668
2023-05-19 11:25:00,137.553077668,137.553077668,137.553077668,137.553077668
2023-05-19 11:26:00,137.38717352055,137.3771907495,137.3771907495,137.38717352055
2023-05-19 11:27:00,137.38717352055,137.3771907495,137.3771907495,137.38717352055
2023-05-19 11:28:00,137.229826034,137.229826034,137.229826034,137.229826034
2023-05-19 11:29:00,137.210811232,137.210811232,137.210811232,137.210811232
2023-05-19 11:30:00,137.210811232,137.210811232,137.210811232,137.210811232
2023-05-19 11:31:00,137.210811232,137.210811232,137.210811232,137.210811232
2023-05-19 11:32:00,137.210811232,137.210811232,137.210811232,137.210811232
2023-05-19 11:33:00,137.210811232,137.210811232,137.210811232,137.210811232
2023-05-19 11:34:00,136.98890849266,137.00164841,136.98890849266,137.00164841
2023-05-19 11:35:00,137.0444317145,137.0444317145,137.0444317145,137.0444317145
2023-05-19 11:36:00,137.0254169125,137.0254169125,137.0254169125,137.0254169125
2023-05-19 11:37:00,137.0254169125,137.0254169125,137.0254169125,137.0254169125
2023-05-19 11:38:00,137.0254169125,137.0254169125,137.0254169125,137.0254169125
2023-05-19 11:39:00,136.763963385,136.763963385,136.763963385,136.763963385
2023-05-19 11:40:00,136.763963385,136.763963385,136.763963385,136.763963385
2023-05-19 11:41:00,136.840022593,136.840022593,136.840022593,136.840022593
2023-05-19 11:42:00,136.830515192,136.773470786,136.773470786,136.830515192
2023-05-19 11:43:00,136.849529994,136.849529994,136.849529994,136.849529994
2023-05-19 11:44:00,136.849529994,136.849529994,136.849529994,136.849529994
2023-05-19 11:45:00,136.849529994,136.849529994,136.849529994,136.849529994
2023-05-19 11:46:00,136.849529994,136.849529994,136.849529994,136.849529994
2023-05-19 11:47:00,137.087215019,137.087215019,137.087215019,137.087215019
2023-05-19 11:48:00,137.106229821,137.106229821,137.106229821,137.106229821
2023-05-19 11:49:00,137.106229821,137.106229821,137.106229821,137.106229821
2023-05-19 11:50:00,137.106229821,137.106229821,137.106229821,137.106229821
2023-05-19 11:51:00,137.0539391155,137.0539391155,137.0539391155,137.0539391155
2023-05-19 11:52:00,137.058692816,137.125244623,137.058692816,137.125244623
2023-05-19 11:53:00,137.058692816,137.125244623,137.058692816,137.125244623
2023-05-19 11:54:00,137.058692816,137.125244623,137.058692816,137.125244623
2023-05-19 11:55:00,137.03007553899,136.9968947095,136.9968947095,137.03007553899
2023-05-19 11:56:00,136.982633608,136.925589202,136.925589202,136.982633608
2023-05-19 11:57:00,136.9873873085,136.992141009,136.925589202,137.039678014
2023-05-19 11:58:00,136.9873873085,136.992141009,136.925589202,137.039678014
2023-05-19 11:59:00,136.9873873085,136.992141009,136.925589202,137.039678014
2023-05-19 12:00:00,136.830515192,136.830515192,136.830515192,136.830515192
2023-05-19 12:01:00,136.887559598,136.830515192,136.830515192,136.887559598
2023-05-19 12:02:00,136.849529994,136.849529994,136.849529994,136.849529994
2023-05-19 12:03:00,136.8447762935,136.830515192,136.821007791,136.8447762935
2023-05-19 12:04:00,136.830515192,136.830515192,136.830515192,136.830515192
2023-05-19 12:05:00,136.830515192,136.830515192,136.830515192,136.830515192
2023-05-19 12:06:00,136.830515192,136.830515192,136.830515192,136.830515192
2023-05-19 12:07:00,136.830515192,136.830515192,136.830515192,136.830515192
2023-05-19 12:08:00,136.830515192,136.830515192,136.830515192,136.830515192
2023-05-19 12:09:00,137.039678014,137.08417265068,137.039678014,137.08417265068
2023-05-19 12:10:00,136.944604004,136.94469907801,136.944604004,136.94469907801
2023-05-19 12:11:00,136.9683725065,136.9683725065,136.9683725065,136.9683725065
2023-05-19 12:12:00,136.9683725065,136.9683725065,136.9683725065,136.9683725065
2023-05-19 12:13:00,136.9683725065,136.9683725065,136.9683725065,136.9683725065
2023-05-19 12:14:00,136.9683725065,136.9683725065,136.9683725065,136.9683725065
2023-05-19 12:15:00,137.020663212,136.99366219316,136.99366219316,137.020663212
2023-05-19 12:16:00,137.020663212,136.99366219316,136.99366219316,137.020663212
2023-05-19 12:17:00,136.935096603,136.935096603,136.935096603,136.935096603
2023-05-19 12:18:00,136.935096603,136.935096603,136.935096603,136.935096603
2023-05-19 12:19:00,136.916081801,136.935096603,136.916081801,136.935096603
2023-05-19 12:20:00,136.916081801,136.935096603,136.916081801,136.935096603
2023-05-19 12:21:00,136.916081801,136.935096603,136.916081801,136.935096603
2023-05-19 12:22:00,136.916081801,136.935096603,136.916081801,136.935096603
2023-05-19 12:23:00,136.916081801,136.935096603,136.916081801,136.935096603
2023-05-19 12:24:00,136.916081801,136.935096603,136.916081801,136.935096603
2023-05-19 12:25:00,136.916081801,136.935096603,136.916081801,136.935096603
2023-05-19 12:26:00,136.773470786,136.773470786,136.773470786,136.773470786
2023-05-19 12:27:00,136.773470786,136.773470786,136.773470786,136.773470786
2023-05-19 12:28:00,136.773470786,136.773470786,136.773470786,136.773470786
2023-05-19 12:29:00,136.801992989,136.801992989,136.801992989,136.801992989
2023-05-19 12:30:00,136.801992989,136.801992989,136.801992989,136.801992989
2023-05-19 12:31:00,136.801992989,136.801992989,136.801992989,136.801992989
2023-05-19 12:32:00,136.801992989,136.801992989,136.801992989,136.801992989
2023-05-19 12:33:00,136.74846632137,136.74846632137,136.74846632137,136.74846632137
2023-05-19 12:34:00,136.72764511318,136.72764511318,136.72764511318,136.72764511318
2023-05-19 12:35:00,136.735441182,136.735441182,136.735441182,136.735441182
2023-05-19 12:36:00,136.792485588,136.773470786,136.773470786,136.792485588
2023-05-19 12:37:00,136.792485588,136.773470786,136.773470786,136.792485588
2023-05-19 12:38:00,136.792485588,136.773470786,136.773470786,136.792485588
2023-05-19 12:39:00,136.8257614915,136.79258066201,136.79258066201,136.8257614915
2023-05-19 12:40:00,136.8257614915,136.79258066201,136.79258066201,136.8257614915
2023-05-19 12:41:00,136.9065744,136.9065744,136.9065744,136.9065744
2023-05-19 12:42:00,136.9065744,136.9065744,136.9065744,136.9065744
2023-05-19 12:43:00,136.9065744,136.9065744,136.9065744,136.9065744
2023-05-19 12:44:00,136.9065744,136.9065744,136.9065744,136.9065744
2023-05-19 12:45:00,136.9065744,136.9065744,136.9065744,136.9065744
2023-05-19 12:46:00,136.9065744,136.935096603,136.9065744,136.935096603
2023-05-19 12:47:00,136.897066999,136.878052197,136.878052197,136.897066999
2023-05-19 12:48:00,136.897066999,136.878052197,136.878052197,136.897066999
2023-05-19 12:49:00,136.954111405,136.954111405,136.954111405,136.954111405
2023-05-19 12:50:00,136.954111405,136.954111405,136.954111405,136.954111405
2023-05-19 12:51:00,136.954111405,136.954111405,136.954111405,136.954111405
2023-05-19 12:52:00,136.954111405,136.954111405,136.954111405,136.954111405
2023-05-19 12:53:00,136.954111405,136.954111405,136.954111405,136.954111405
2023-05-19 12:54:00,136.954111405,136.954111405,136.954111405,136.954111405
2023-05-19 12:55:00,136.954111405,136.954111405,136.954111405,136.954111405
2023-05-19 12:56:00,136.954111405,136.954111405,136.954111405,136.954111405
2023-05-19 12:57:00,136.954111405,136.954111405,136.954111405,136.954111405
2023-05-19 12:58:00,136.954111405,136.954111405,136.954111405,136.954111405
2023-05-19 12:59:00,136.954111405,136.954111405,136.954111405,136.954111405
2023-05-19 13:00:00,137.077707618,137.00174348401,137.00174348401,137.077707618
2023-05-19 13:01:00,137.077707618,137.00174348401,137.00174348401,137.077707618
2023-05-19 13:02:00,137.077707618,137.00174348401,137.00174348401,137.077707618
2023-05-19 13:03:00,137.077707618,137.00174348401,137.00174348401,137.077707618
2023-05-19 13:04:00,137.077707618,137.00174348401,137.00174348401,137.077707618
2023-05-19 13:05:00,137.077707618,137.00174348401,137.00174348401,137.077707618
2023-05-19 13:06:00,137.134752024,137.134752024,137.134752024,137.134752024
2023-05-19 13:07:00,137.134752024,137.134752024,137.134752024,137.134752024
2023-05-19 13:08:00,137.030170613,137.030170613,137.030170613,137.030170613
2023-05-19 13:09:00,137.09662734599,137.09662734599,137.09662734599,137.09662734599
2023-05-19 13:10:00,137.09662734599,137.09662734599,137.09662734599,137.09662734599
2023-05-19 13:11:00,137.09662734599,137.09662734599,137.09662734599,137.09662734599
2023-05-19 13:12:00,137.00164841,137.00164841,137.00164841,137.00164841
2023-05-19 13:13:00,137.00164841,137.00164841,137.00164841,137.00164841
2023-05-19 13:14:00,137.00164841,137.00164841,137.00164841,137.00164841
2023-05-19 13:15:00,136.973126207,136.973126207,136.973126207,136.973126207
2023-05-19 13:16:00,136.973126207,136.973126207,136.973126207,136.973126207
2023-05-19 13:17:00,136.973126207,136.973126207,136.973126207,136.973126207
2023-05-19 13:18:00,136.973126207,136.973126207,136.973126207,136.973126207
2023-05-19 13:19:00,136.973126207,136.973126207,136.973126207,136.973126207
2023-05-19 13:20:00,137.011155811,137.011155811,137.011155811,137.011155811
2023-05-19 13:21:00,137.011155811,137.011155811,137.011155811,137.011155811
2023-05-19 13:22:00,136.897066999,136.897066999,136.897066999,136.897066999
2023-05-19 13:23:00,136.897066999,136.897066999,136.897066999,136.897066999
2023-05-19 13:24:00,136.897066999,136.897066999,136.897066999,136.897066999
2023-05-19 13:25:00,136.897066999,136.897066999,136.897066999,136.897066999
2023-05-19 13:26:00,136.9065744,136.9065744,136.9065744,136.9065744
2023-05-19 13:27:00,136.849529994,136.849529994,136.849529994,136.849529994
2023-05-19 13:28:00,136.887559598,136.878052197,136.878052197,136.887559598
2023-05-19 13:29:00,136.887559598,136.878052197,136.878052197,136.887559598
2023-05-19 13:30:00,136.887559598,136.878052197,136.878052197,136.887559598
2023-05-19 13:31:00,136.887559598,136.878052197,136.878052197,136.887559598
2023-05-19 13:32:00,136.887559598,136.878052197,136.878052197,136.887559598
2023-05-19 13:33:00,136.887559598,136.878052197,136.878052197,136.887559598
2023-05-19 13:34:00,136.887559598,136.878052197,136.878052197,136.887559598
2023-05-19 13:35:00,136.887559598,136.878052197,136.878052197,136.887559598
2023-05-19 13:36:00,136.887559598,136.878052197,136.878052197,136.887559598
2023-05-19 13:37:00,136.801992989,136.840022593,136.801992989,136.840022593
2023-05-19 13:38:00,136.801992989,136.840022593,136.801992989,136.840022593
2023-05-19 13:39:00,136.79362647612,136.79362647612,136.79362647612,136.79362647612
2023-05-19 13:40:00,136.801992989,136.81150039,136.801992989,136.81150039
2023-05-19 13:41:00,136.8637910955,136.8637910955,136.8637910955,136.8637910955
2023-05-19 13:42:00,136.84458614548,136.8447762935,136.84458614548,136.8447762935
2023-05-19 13:43:00,136.84458614548,136.8447762935,136.84458614548,136.8447762935
2023-05-19 13:44:00,136.84458614548,136.8447762935,136.84458614548,136.8447762935
2023-05-19 13:45:00,136.7782244865,136.7782244865,136.7782244865,136.7782244865
2023-05-19 13:46:00,136.754455984,136.754455984,136.754455984,136.754455984
2023-05-19 13:47:00,136.754455984,136.754455984,136.754455984,136.754455984
2023-05-19 13:48:00,136.754455984,136.754455984,136.754455984,136.754455984
2023-05-19 13:49:00,136.754455984,136.754455984,136.754455984,136.754455984
2023-05-19 13:50:00,136.754455984,136.754455984,136.754455984,136.754455984
2023-05-19 13:51:00,136.754455984,136.754455984,136.754455984,136.754455984
2023-05-19 13:52:00,136.754455984,136.754455984,136.754455984,136.754455984
2023-05-19 13:53:00,136.754455984,136.754455984,136.754455984,136.754455984
2023-05-19 13:54:00,136.754455984,136.754455984,136.754455984,136.754455984
2023-05-19 13:55:00,136.868544796,136.868544796,136.868544796,136.868544796
2023-05-19 13:56:00,136.868544796,136.849529994,136.849529994,136.8732984965
2023-05-19 13:57:00,136.840022593,136.840022593,136.840022593,136.840022593
2023-05-19 13:58:00,136.84943491999,136.82205360511,136.82205360511,136.84943491999
2023-05-19 13:59:00,136.84943491999,136.82205360511,136.82205360511,136.84943491999
2023-05-19 14:00:00,136.84943491999,136.82205360511,136.82205360511,136.84943491999
2023-05-19 14:01:00,136.84943491999,136.82205360511,136.82205360511,136.84943491999
2023-05-19 14:02:00,136.735441182,136.735441182,136.735441182,136.735441182
2023-05-19 14:03:00,136.735441182,136.735441182,136.735441182,136.735441182
2023-05-19 14:04:00,136.735441182,136.735441182,136.735441182,136.735441182
2023-05-19 14:05:00,136.7116726795,136.6898056572,136.6898056572,136.7116726795
2023-05-19 14:06:00,136.7116726795,136.6898056572,136.6898056572,136.7116726795
2023-05-19 14:07:00,136.7116726795,136.6898056572,136.6898056572,136.7116726795
2023-05-19 14:08:00,136.7116726795,136.6898056572,136.6898056572,136.7116726795
2023-05-19 14:09:00,136.7116726795,136.6898056572,136.6898056572,136.7116726795
2023-05-19 14:10:00,136.773470786,136.773470786,136.773470786,136.773470786
2023-05-19 14:11:00,136.773470786,136.773470786,136.773470786,136.773470786
2023-05-19 14:12:00,136.773470786,136.773470786,136.773470786,136.773470786
2023-05-19 14:13:00,136.773470786,136.773470786,136.773470786,136.773470786
2023-05-19 14:14:00,136.773470786,136.773470786,136.773470786,136.773470786
2023-05-19 14:15:00,136.773470786,136.773470786,136.773470786,136.773470786
2023-05-19 14:16:00,136.773470786,136.773470786,136.773470786,136.773470786
2023-05-19 14:17:00,136.773470786,136.773470786,136.773470786,136.773470786
2023-05-19 14:18:00,136.773470786,136.773470786,136.773470786,136.773470786
2023-05-19 14:19:00,136.630859771,136.62135237,136.62135237,136.630859771
2023-05-19 14:20:00,136.697411578,136.697411578,136.697411578,136.697411578
2023-05-19 14:21:00,136.697411578,136.697411578,136.697411578,136.697411578
2023-05-19 14:22:00,136.697411578,136.697411578,136.697411578,136.697411578
2023-05-19 14:23:00,136.697411578,136.697411578,136.697411578,136.697411578
2023-05-19 14:24:00,136.697411578,136.697411578,136.697411578,136.697411578
2023-05-19 14:25:00,136.697411578,136.697411578,136.697411578,136.697411578
2023-05-19 14:26:00,136.697411578,136.697411578,136.697411578,136.697411578
2023-05-19 14:27:00,136.697411578,136.697411578,136.697411578,136.697411578
2023-05-19 14:28:00,136.697411578,136.697411578,136.697411578,136.697411578
2023-05-19 14:29:00,136.697411578,136.697411578,136.697411578,136.697411578
2023-05-19 14:30:00,136.697411578,136.697411578,136.697411578,136.697411578
2023-05-19 14:31:00,136.697411578,136.697411578,136.697411578,136.697411578
2023-05-19 14:32:00,136.697411578,136.697411578,136.697411578,136.697411578
2023-05-19 14:33:00,136.697411578,136.697411578,136.697411578,136.697411578
2023-05-19 14:34:00,136.697411578,136.697411578,136.697411578,136.697411578
2023-05-19 14:35:00,136.697411578,136.697411578,136.697411578,136.697411578
2023-05-19 14:36:00,136.697411578,136.697411578,136.697411578,136.697411578
2023-05-19 14:37:00,136.697411578,136.697411578,136.697411578,136.697411578
2023-05-19 14:38:00,136.697411578,136.697411578,136.697411578,136.697411578
2023-05-19 14:39:00,136.697411578,136.697411578,136.697411578,136.697411578
2023-05-19 14:40:00,136.697411578,136.697411578,136.697411578,136.697411578
2023-05-19 14:41:00,136.697411578,136.697411578,136.697411578,136.697411578
2023-05-19 14:42:00,136.687904177,136.687904177,136.687904177,136.687904177
2023-05-19 14:43:00,136.687904177,136.687904177,136.687904177,136.687904177
2023-05-19 14:44:00,136.687904177,136.687904177,136.687904177,136.687904177
2023-05-19 14:45:00,136.687904177,136.687904177,136.687904177,136.687904177
2023-05-19 14:46:00,136.687904177,136.687904177,136.687904177,136.687904177
2023-05-19 14:47:00,136.687904177,136.687904177,136.687904177,136.687904177
2023-05-19 14:48:00,136.687904177,136.687904177,136.687904177,136.687904177
2023-05-19 14:49:00,136.687904177,136.687904177,136.687904177,136.687904177
2023-05-19 14:50:00,136.687904177,136.687904177,136.687904177,136.687904177
2023-05-19 14:51:00,136.687904177,136.687904177,136.687904177,136.687904177
2023-05-19 14:52:00,136.687904177,136.687904177,136.687904177,136.687904177
2023-05-19 14:53:00,136.821007791,136.821007791,136.821007791,136.821007791
2023-05-19 14:54:00,136.821007791,136.821007791,136.821007791,136.821007791
2023-05-19 14:55:00,136.821007791,136.821007791,136.821007791,136.821007791
2023-05-19 14:56:00,136.821007791,136.821007791,136.821007791,136.821007791
2023-05-19 14:57:00,136.821007791,136.821007791,136.821007791,136.821007791
2023-05-19 14:58:00,136.821007791,136.821007791,136.821007791,136.821007791
2023-05-19 14:59:00,136.821007791,136.821007791,136.821007791,136.821007791
2023-05-19 15:00:00,136.821007791,136.821007791,136.821007791,136.821007791
2023-05-19 15:01:00,136.821007791,136.821007791,136.821007791,136.821007791
2023-05-19 15:02:00,136.821007791,136.821007791,136.821007791,136.821007791
2023-05-19 15:03:00,136.840022593,136.840022593,136.840022593,136.840022593
2023-05-19 15:04:00,136.840022593,136.840022593,136.840022593,136.840022593
2023-05-19 15:05:00,136.840022593,136.840022593,136.840022593,136.840022593
2023-05-19 15:06:00,136.840022593,136.840022593,136.840022593,136.840022593
2023-05-19 15:07:00,136.840022593,136.840022593,136.840022593,136.840022593
2023-05-19 15:08:00,136.840022593,136.840022593,136.840022593,136.840022593
2023-05-19 15:09:00,136.840022593,136.840022593,136.840022593,136.840022593
2023-05-19 15:10:00,136.840022593,136.840022593,136.840022593,136.840022593
2023-05-19 15:11:00,136.840022593,136.840022593,136.840022593,136.840022593
2023-05-19 15:12:00,136.840022593,136.840022593,136.840022593,136.840022593
2023-05-19 15:13:00,136.878052197,136.878052197,136.878052197,136.878052197
2023-05-19 15:14:00,136.878052197,136.878052197,136.878052197,136.878052197
2023-05-19 15:15:00,136.878052197,136.878052197,136.878052197,136.878052197
2023-05-19 15:16:00,136.878052197,136.878052197,136.878052197,136.878052197
2023-05-19 15:17:00,136.878052197,136.878052197,136.878052197,136.878052197
2023-05-19 15:18:00,136.878052197,136.878052197,136.878052197,136.878052197
2023-05-19 15:19:00,136.878052197,136.878052197,136.878052197,136.878052197
2023-05-19 15:20:00,136.878052197,136.878052197,136.878052197,136.878052197
2023-05-19 15:21:00,136.878052197,136.878052197,136.878052197,136.878052197
2023-05-19 15:22:00,136.878052197,136.878052197,136.878052197,136.878052197
2023-05-19 15:23:00,136.687904177,136.687904177,136.687904177,136.687904177
2023-05-19 15:24:00,136.687904177,136.687904177,136.687904177,136.687904177
2023-05-19 15:25:00,136.754455984,136.754455984,136.754455984,136.754455984
2023-05-19 15:26:00,136.7401948825,136.7401948825,136.7401948825,136.7401948825
2023-05-19 15:27:00,136.7401948825,136.7401948825,136.7401948825,136.7401948825
2023-05-19 15:28:00,136.697411578,136.697411578,136.697411578,136.697411578
2023-05-19 15:29:00,136.697411578,136.697411578,136.697411578,136.697411578
2023-05-19 15:30:00,136.697411578,136.697411578,136.697411578,136.697411578
2023-05-19 15:31:00,136.697411578,136.697411578,136.697411578,136.697411578
2023-05-19 15:32:00,136.697411578,136.697411578,136.697411578,136.697411578
2023-05-19 15:33:00,136.592830167,136.554800563,136.554800563,136.592830167
2023-05-19 15:34:00,136.602337568,136.602337568,136.602337568,136.602337568
2023-05-19 15:35:00,136.602337568,136.602337568,136.602337568,136.602337568
2023-05-19 15:36:00,136.602337568,136.602337568,136.602337568,136.602337568
2023-05-19 15:37:00,136.602337568,136.602337568,136.602337568,136.602337568
2023-05-19 15:38:00,136.602337568,136.602337568,136.602337568,136.602337568
2023-05-19 15:39:00,136.602337568,136.602337568,136.602337568,136.602337568
2023-05-19 15:40:00,136.602337568,136.602337568,136.602337568,136.602337568
2023-05-19 15:41:00,136.735441182,136.735441182,136.735441182,136.735441182
2023-05-19 15:42:00,136.735441182,136.735441182,136.735441182,136.735441182
2023-05-19 15:43:00,136.735441182,136.735441182,136.735441182,136.735441182
2023-05-19 15:44:00,136.735441182,136.735441182,136.735441182,136.735441182
2023-05-19 15:45:00,136.735441182,136.735441182,136.735441182,136.735441182
2023-05-19 15:46:00,136.735441182,136.735441182,136.735441182,136.735441182
2023-05-19 15:47:00,136.801992989,136.7877318875,136.763963385,136.801992989
2023-05-19 15:48:00,136.801992989,136.7877318875,136.763963385,136.801992989
2023-05-19 15:49:00,136.801992989,136.7877318875,136.763963385,136.801992989
2023-05-19 15:50:00,136.801992989,136.7877318875,136.763963385,136.801992989
2023-05-19 15:51:00,136.573815365,136.7877318875,136.573815365,136.7877318875
2023-05-19 15:52:00,136.573815365,136.7877318875,136.573815365,136.7877318875
2023-05-19 15:53:00,136.71642638,136.71642638,136.71642638,136.71642638
2023-05-19 15:54:00,136.754455984,136.754455984,136.754455984,136.754455984
2023-05-19 15:55:00,136.754455984,136.754455984,136.754455984,136.754455984
2023-05-19 15:56:00,136.859037395,136.859037395,136.859037395,136.859037395
2023-05-19 15:57:00,136.8257614915,136.8257614915,136.8257614915,136.8257614915
2023-05-19 15:58:00,136.81150039,136.849529994,136.782978187,136.849529994
2023-05-19 15:59:00,136.81150039,136.849529994,136.782978187,136.849529994
2023-05-19 16:00:00,136.62135237,136.735441182,136.62135237,136.735441182
2023-05-22 09:31:00,136.9065744,136.9065744,136.9065744,137.125244623
2023-05-22 09:32:00,136.9065744,136.9065744,136.9065744,137.125244623
2023-05-22 09:33:00,136.9065744,136.9065744,136.9065744,137.125244623
2023-05-22 09:34:00,136.9065744,136.9065744,136.9065744,137.125244623
2023-05-22 09:35:00,137.362929648,137.448496257,137.362929648,137.448496257
2023-05-22 09:36:00,137.362929648,137.448496257,137.362929648,137.448496257
2023-05-22 09:37:00,137.362929648,137.448496257,137.362929648,137.448496257
2023-05-22 09:38:00,137.5293091655,137.47701846,137.47701846,137.5293091655
2023-05-22 09:39:00,137.5293091655,137.47701846,137.47701846,137.5293091655
2023-05-22 09:40:00,137.600614673,137.600614673,137.600614673,137.600614673
2023-05-22 09:41:00,137.515048064,137.515048064,137.515048064,137.515048064
2023-05-22 09:42:00,137.277363039,137.277363039,137.277363039,137.277363039
2023-05-22 09:43:00,137.277363039,137.277363039,137.277363039,137.277363039
2023-05-22 09:44:00,137.00307452015,137.00307452015,137.00307452015,137.00307452015
2023-05-22 09:45:00,137.00307452015,137.00307452015,137.00307452015,137.00307452015
2023-05-22 09:46:00,137.125244623,137.020663212,137.011155811,137.125244623
2023-05-22 09:47:00,137.125244623,137.020663212,137.011155811,137.125244623
2023-05-22 09:48:00,137.125244623,137.020663212,137.011155811,137.125244623
2023-05-22 09:49:00,137.125244623,137.020663212,137.011155811,137.125244623
2023-05-22 09:50:00,137.087215019,137.087215019,137.087215019,137.087215019
2023-05-22 09:51:00,137.087215019,137.087215019,137.087215019,137.087215019
2023-05-22 09:52:00,136.81150039,136.81150039,136.81150039,136.81150039
2023-05-22 09:53:00,136.678396776,136.706918979,136.678396776,136.706918979
2023-05-22 09:54:00,136.678396776,136.706918979,136.678396776,136.706918979
2023-05-22 09:55:00,136.6356134715,136.6356134715,136.6356134715,136.6356134715
2023-05-22 09:56:00,136.6356134715,136.6356134715,136.6356134715,136.6356134715
2023-05-22 09:57:00,136.6356134715,136.6356134715,136.6356134715,136.6356134715
2023-05-22 09:58:00,136.592830167,136.592830167,136.592830167,136.592830167
2023-05-22 09:59:00,136.592830167,136.592830167,136.592830167,136.592830167
2023-05-22 10:00:00,136.43120435,136.43120435,136.43120435,136.43120435
2023-05-22 10:01:00,136.421696949,136.421696949,136.421696949,136.421696949
2023-05-22 10:02:00,136.421696949,136.421696949,136.421696949,136.421696949
2023-05-22 10:03:00,136.279085934,136.288593335,136.279085934,136.288593335
2023-05-22 10:04:00,136.279085934,136.288593335,136.279085934,136.288593335
2023-05-22 10:05:00,136.279085934,136.288593335,136.279085934,136.288593335
2023-05-22 10:06:00,136.279085934,136.288593335,136.279085934,136.288593335
2023-05-22 10:07:00,136.30969976522,136.30969976522,136.30969976522,136.30969976522
2023-05-22 10:08:00,136.30969976522,136.30969976522,136.30969976522,136.30969976522
2023-05-22 10:09:00,136.164997122,136.164997122,136.164997122,136.164997122
2023-05-22 10:10:00,136.164997122,136.164997122,136.164997122,136.164997122
2023-05-22 10:11:00,136.478741355,136.412189548,136.412189548,136.478741355
2023-05-22 10:12:00,136.469233954,136.469233954,136.469233954,136.469233954
2023-05-22 10:13:00,136.507263558,136.507263558,136.507263558,136.507263558
2023-05-22 10:14:00,136.668889375,136.668889375,136.668889375,136.668889375
2023-05-22 10:15:00,136.668889375,136.668889375,136.668889375,136.668889375
2023-05-22 10:16:00,136.668889375,136.668889375,136.668889375,136.668889375
2023-05-22 10:17:00,136.668889375,136.668889375,136.668889375,136.668889375
2023-05-22 10:18:00,136.668889375,136.668889375,136.668889375,136.668889375
2023-05-22 10:19:00,136.668889375,136.668889375,136.668889375,136.668889375
2023-05-22 10:20:00,136.668889375,136.668889375,136.668889375,136.668889375
2023-05-22 10:21:00,136.668889375,136.668889375,136.668889375,136.668889375
2023-05-22 10:22:00,136.782978187,136.792485588,136.782978187,136.792485588
2023-05-22 10:23:00,136.782978187,136.792485588,136.782978187,136.792485588
2023-05-22 10:24:00,136.773470786,136.773470786,136.773470786,136.773470786
2023-05-22 10:25:00,136.94983307455,136.801992989,136.801992989,136.94983307455
2023-05-22 10:26:00,136.954111405,136.9065744,136.897066999,136.954111405
2023-05-22 10:27:00,137.01410310531,137.01410310531,137.01410310531,137.01410310531
2023-05-22 10:28:00,137.01410310531,137.01410310531,137.01410310531,137.01410310531
2023-05-22 10:29:00,137.01410310531,137.01410310531,137.01410310531,137.01410310531
2023-05-22 10:30:00,137.01410310531,137.01410310531,137.01410310531,137.01410310531
2023-05-22 10:31:00,137.01410310531,137.01410310531,137.01410310531,137.01410310531
2023-05-22 10:32:00,137.01410310531,137.01410310531,137.01410310531,137.01410310531
2023-05-22 10:33:00,137.16317915299,137.087215019,137.087215019,137.1680279275
2023-05-22 10:34:00,137.049185415,137.049185415,137.049185415,137.049185415
2023-05-22 10:35:00,136.99860604168,136.99860604168,136.99860604168,136.99860604168
2023-05-22 10:36:00,136.99860604168,136.99860604168,136.99860604168,136.99860604168
2023-05-22 10:37:00,136.99860604168,136.99860604168,136.99860604168,136.99860604168
2023-05-22 10:38:00,136.99860604168,136.99860604168,136.99860604168,136.99860604168
2023-05-22 10:39:00,136.830515192,136.830515192,136.830515192,136.830515192
2023-05-22 10:40:00,136.830515192,136.830515192,136.830515192,136.830515192
2023-05-22 10:41:00,136.8134018702,136.8134018702,136.8134018702,136.8134018702
2023-05-22 10:42:00,136.8134018702,136.8134018702,136.8134018702,136.8134018702
2023-05-22 10:43:00,136.763963385,136.763963385,136.763963385,136.763963385
2023-05-22 10:44:00,136.763963385,136.763963385,136.763963385,136.763963385
2023-05-22 10:45:00,136.763963385,136.763963385,136.763963385,136.763963385
2023-05-22 10:46:00,136.763963385,136.763963385,136.763963385,136.763963385
2023-05-22 10:47:00,136.763963385,136.763963385,136.763963385,136.763963385
2023-05-22 10:48:00,136.763963385,136.763963385,136.763963385,136.763963385
2023-05-22 10:49:00,136.763963385,136.763963385,136.763963385,136.763963385
2023-05-22 10:50:00,136.763963385,136.763963385,136.763963385,136.763963385
2023-05-22 10:51:00,136.763963385,136.763963385,136.763963385,136.763963385
2023-05-22 10:52:00,136.48501623966,136.4863472758,136.48501623966,136.4863472758
2023-05-22 10:53:00,136.440711751,136.4644802535,136.440711751,136.4644802535
2023-05-22 10:54:00,136.440711751,136.4644802535,136.440711751,136.4644802535
2023-05-22 10:55:00,136.48710786788,136.459726553,136.459726553,136.48710786788
2023-05-22 10:56:00,136.48710786788,136.459726553,136.459726553,136.48710786788
2023-05-22 10:57:00,136.317115538,136.317115538,136.317115538,136.317115538
2023-05-22 10:58:00,136.317115538,136.317115538,136.317115538,136.317115538
2023-05-22 10:59:00,136.374159944,136.374159944,136.374159944,136.374159944
2023-05-22 11:00:00,136.412189548,136.33613034,136.33613034,136.412189548
2023-05-22 11:01:00,136.52627836,136.52627836,136.52627836,136.52627836
2023-05-22 11:02:00,136.52627836,136.52627836,136.52627836,136.52627836
2023-05-22 11:03:00,136.71642638,136.706918979,136.706918979,136.71642638
2023-05-22 11:04:00,136.71642638,136.706918979,136.706918979,136.71642638
2023-05-22 11:05:00,136.744948583,136.773470786,136.744948583,136.773470786
2023-05-22 11:06:00,136.80256343306,136.80256343306,136.80256343306,136.80256343306
2023-05-22 11:07:00,136.80256343306,136.80256343306,136.80256343306,136.80256343306
2023-05-22 11:08:00,136.80256343306,136.80256343306,136.80256343306,136.80256343306
2023-05-22 11:09:00,136.80256343306,136.80256343306,136.80256343306,136.80256343306
2023-05-22 11:10:00,136.80256343306,136.80256343306,136.80256343306,136.80256343306
2023-05-22 11:11:00,136.80256343306,136.80256343306,136.80256343306,136.80256343306
2023-05-22 11:12:00,136.80256343306,136.80256343306,136.80256343306,136.80256343306
2023-05-22 11:13:00,136.763963385,136.763963385,136.763963385,136.763963385
2023-05-22 11:14:00,136.763963385,136.763963385,136.763963385,136.763963385
2023-05-22 11:15:00,136.763963385,136.763963385,136.763963385,136.763963385
2023-05-22 11:16:00,136.74266680676,136.74266680676,136.74266680676,136.74266680676
2023-05-22 11:17:00,136.744948583,136.80978905782,136.744948583,136.80978905782
2023-05-22 11:18:00,136.763963385,136.763963385,136.763963385,136.763963385
2023-05-22 11:19:00,136.763963385,136.763963385,136.763963385,136.763963385
2023-05-22 11:20:00,136.763963385,136.763963385,136.763963385,136.763963385
2023-05-22 11:21:00,136.763963385,136.763963385,136.763963385,136.763963385
2023-05-22 11:22:00,136.706918979,136.706918979,136.706918979,136.706918979
2023-05-22 11:23:00,136.706918979,136.706918979,136.706918979,136.706918979
2023-05-22 11:24:00,136.668889375,136.678396776,136.668889375,136.678396776
2023-05-22 11:25:00,136.668889375,136.678396776,136.668889375,136.678396776
2023-05-22 11:26:00,136.659381974,136.659381974,136.659381974,136.659381974
2023-05-22 11:27:00,136.659381974,136.659381974,136.659381974,136.659381974
2023-05-22 11:28:00,136.659381974,136.659381974,136.659381974,136.659381974
2023-05-22 11:29:00,136.62135237,136.62135237,136.62135237,136.62135237
2023-05-22 11:30:00,136.62135237,136.62135237,136.62135237,136.62135237
2023-05-22 11:31:00,136.62135237,136.62135237,136.62135237,136.62135237
2023-05-22 11:32:00,136.62135237,136.62135237,136.62135237,136.62135237
2023-05-22 11:33:00,136.754455984,136.754455984,136.754455984,136.754455984
2023-05-22 11:34:00,136.840022593,136.840022593,136.840022593,136.840022593
2023-05-22 11:35:00,136.840022593,136.840022593,136.840022593,136.840022593
2023-05-22 11:36:00,136.840022593,136.840022593,136.840022593,136.840022593
2023-05-22 11:37:00,136.840022593,136.840022593,136.840022593,136.840022593
2023-05-22 11:38:00,136.840022593,136.840022593,136.840022593,136.840022593
2023-05-22 11:39:00,136.868544796,136.81150039,136.81150039,136.868544796
2023-05-22 11:40:00,136.782978187,136.782978187,136.782978187,136.782978187
2023-05-22 11:41:00,136.782978187,136.782978187,136.782978187,136.782978187
2023-05-22 11:42:00,136.782978187,136.782978187,136.782978187,136.782978187
2023-05-22 11:43:00,136.782978187,136.782978187,136.782978187,136.782978187
2023-05-22 11:44:00,136.782978187,136.782978187,136.782978187,136.782978187
2023-05-22 11:45:00,136.782978187,136.782978187,136.782978187,136.782978187
2023-05-22 11:46:00,136.782978187,136.782978187,136.782978187,136.782978187
2023-05-22 11:47:00,136.782978187,136.782978187,136.782978187,136.782978187
2023-05-22 11:48:00,136.659381974,136.659381974,136.659381974,136.659381974
2023-05-22 11:49:00,136.659381974,136.659381974,136.659381974,136.659381974
2023-05-22 11:50:00,136.6641356745,136.6641356745,136.6641356745,136.6641356745
2023-05-22 11:51:00,136.659381974,136.659381974,136.659381974,136.659381974
2023-05-22 11:52:00,136.687904177,136.687904177,136.687904177,136.687904177
2023-05-22 11:53:00,136.687904177,136.687904177,136.687904177,136.687904177
2023-05-22 11:54:00,136.687904177,136.687904177,136.687904177,136.687904177
2023-05-22 11:55:00,136.687904177,136.687904177,136.687904177,136.687904177
2023-05-22 11:56:00,136.687904177,136.687904177,136.687904177,136.687904177
2023-05-22 11:57:00,136.687904177,136.687904177,136.687904177,136.687904177
2023-05-22 11:58:00,136.687904177,136.687904177,136.687904177,136.687904177
2023-05-22 11:59:00,136.687904177,136.687904177,136.687904177,136.687904177
2023-05-22 12:00:00,136.687904177,136.687904177,136.687904177,136.687904177
2023-05-22 12:01:00,136.687904177,136.687904177,136.687904177,136.687904177
2023-05-22 12:02:00,136.982633608,136.982633608,136.982633608,136.982633608
2023-05-22 12:03:00,136.973126207,136.973126207,136.973126207,136.973126207
2023-05-22 12:04:00,136.973126207,136.973126207,136.973126207,136.973126207
2023-05-22 12:05:00,136.9398503035,136.9398503035,136.9398503035,136.9398503035
2023-05-22 12:06:00,136.9398503035,136.9398503035,136.9398503035,136.9398503035
2023-05-22 12:07:00,136.9398503035,136.9398503035,136.9398503035,136.9398503035
2023-05-22 12:08:00,136.782978187,136.78307326101,136.782978187,136.78307326101
2023-05-22 12:09:00,136.782978187,136.78307326101,136.782978187,136.78307326101
2023-05-22 12:10:00,136.782978187,136.78307326101,136.782978187,136.78307326101
2023-05-22 12:11:00,136.782978187,136.78307326101,136.782978187,136.78307326101
2023-05-22 12:12:00,136.782978187,136.78307326101,136.782978187,136.78307326101
2023-05-22 12:13:00,136.782978187,136.78307326101,136.782978187,136.78307326101
2023-05-22 12:14:00,136.782978187,136.78307326101,136.782978187,136.78307326101
2023-05-22 12:15:00,136.782978187,136.78307326101,136.782978187,136.78307326101
2023-05-22 12:16:00,136.782978187,136.78307326101,136.782978187,136.78307326101
2023-05-22 12:17:00,136.782978187,136.78307326101,136.782978187,136.78307326101
2023-05-22 12:18:00,136.782978187,136.78307326101,136.782978187,136.78307326101
2023-05-22 12:19:00,136.782978187,136.78307326101,136.782978187,136.78307326101
2023-05-22 12:20:00,136.782978187,136.78307326101,136.782978187,136.78307326101
2023-05-22 12:21:00,136.782978187,136.78307326101,136.782978187,136.78307326101
2023-05-22 12:22:00,136.89221822449,136.89221822449,136.89221822449,136.89221822449
2023-05-22 12:23:00,136.91560643095,136.91560643095,136.91560643095,136.91560643095
2023-05-22 12:24:00,136.91560643095,136.91560643095,136.91560643095,136.91560643095
2023-05-22 12:25:00,136.821007791,136.821007791,136.821007791,136.821007791
2023-05-22 12:26:00,136.821007791,136.821007791,136.821007791,136.821007791
2023-05-22 12:27:00,136.821007791,136.821007791,136.821007791,136.821007791
2023-05-22 12:28:00,136.821007791,136.821007791,136.821007791,136.821007791
2023-05-22 12:29:00,136.821007791,136.821007791,136.821007791,136.821007791
2023-05-22 12:30:00,136.821007791,136.821007791,136.821007791,136.821007791
2023-05-22 12:31:00,136.821007791,136.821007791,136.821007791,136.821007791
2023-05-22 12:32:00,136.982633608,136.9683725065,136.9683725065,136.982633608
2023-05-22 12:33:00,136.982633608,136.9683725065,136.9683725065,136.982633608
2023-05-22 12:34:00,136.982633608,136.9683725065,136.9683725065,136.982633608
2023-05-22 12:35:00,137.030170613,137.058692816,137.030170613,137.087215019
2023-05-22 12:36:00,137.030170613,137.058692816,137.030170613,137.087215019
2023-05-22 12:37:00,137.030170613,137.058692816,137.030170613,137.087215019
2023-05-22 12:38:00,136.94631533618,136.93661778716,136.93661778716,136.94631533618
2023-05-22 12:39:00,136.94631533618,136.93661778716,136.93661778716,136.94631533618
2023-05-22 12:40:00,136.94631533618,136.93661778716,136.93661778716,136.94631533618
2023-05-22 12:41:00,136.94631533618,136.93661778716,136.93661778716,136.94631533618
2023-05-22 12:42:00,136.94631533618,136.93661778716,136.93661778716,136.94631533618
2023-05-22 12:43:00,136.8162540905,136.8162540905,136.8162540905,136.8162540905
2023-05-22 12:44:00,136.887559598,136.887559598,136.887559598,136.887559598
2023-05-22 12:45:00,136.887559598,136.887559598,136.887559598,136.887559598
2023-05-22 12:46:00,136.887559598,136.887559598,136.887559598,136.887559598
2023-05-22 12:47:00,136.887559598,136.887559598,136.887559598,136.887559598
2023-05-22 12:48:00,136.887559598,136.887559598,136.887559598,136.887559598
2023-05-22 12:49:00,136.887559598,136.887559598,136.887559598,136.887559598
2023-05-22 12:50:00,136.887559598,136.887559598,136.887559598,136.887559598
2023-05-22 12:51:00,136.887559598,136.887559598,136.887559598,136.887559598
2023-05-22 12:52:00,136.887559598,136.887559598,136.887559598,136.887559598
2023-05-22 12:53:00,136.85219206628,136.85219206628,136.85219206628,136.85219206628
2023-05-22 12:54:00,136.85219206628,136.85219206628,136.85219206628,136.85219206628
2023-05-22 12:55:00,136.85219206628,136.85219206628,136.85219206628,136.85219206628
2023-05-22 12:56:00,136.85219206628,136.85219206628,136.85219206628,136.85219206628
2023-05-22 12:57:00,136.85219206628,136.85219206628,136.85219206628,136.85219206628
2023-05-22 12:58:00,136.85219206628,136.85219206628,136.85219206628,136.85219206628
2023-05-22 12:59:00,136.85219206628,136.85219206628,136.85219206628,136.85219206628
2023-05-22 13:00:00,136.85219206628,136.85219206628,136.85219206628,136.85219206628
2023-05-22 13:01:00,136.916081801,136.935096603,136.916081801,136.944604004
2023-05-22 13:02:00,136.916081801,136.935096603,136.916081801,136.944604004
2023-05-22 13:03:00,136.916081801,136.935096603,136.916081801,136.944604004
2023-05-22 13:04:00,136.916081801,136.935096603,136.916081801,136.944604004
2023-05-22 13:05:00,136.916081801,136.935096603,136.916081801,136.944604004
2023-05-22 13:06:00,136.916081801,136.935096603,136.916081801,136.944604004
2023-05-22 13:07:00,136.916081801,136.935096603,136.916081801,136.944604004
2023-05-22 13:08:00,136.916081801,136.935096603,136.916081801,136.944604004
2023-05-22 13:09:00,136.916081801,136.935096603,136.916081801,136.944604004
2023-05-22 13:10:00,136.916081801,136.935096603,136.916081801,136.944604004
2023-05-22 13:11:00,136.944604004,136.944604004,136.944604004,136.944604004
2023-05-22 13:12:00,136.944604004,136.944604004,136.944604004,136.944604004
2023-05-22 13:13:00,136.944604004,136.944604004,136.944604004,136.944604004
2023-05-22 13:14:00,136.944604004,136.944604004,136.944604004,136.944604004
2023-05-22 13:15:00,136.801992989,136.859037395,136.754455984,136.859037395
2023-05-22 13:16:00,136.801992989,136.859037395,136.754455984,136.859037395
2023-05-22 13:17:00,136.801992989,136.859037395,136.754455984,136.859037395
2023-05-22 13:18:00,136.801992989,136.859037395,136.754455984,136.859037395
2023-05-22 13:19:00,136.801992989,136.859037395,136.754455984,136.859037395
2023-05-22 13:20:00,136.801992989,136.859037395,136.754455984,136.859037395
2023-05-22 13:21:00,136.801992989,136.859037395,136.754455984,136.859037395
2023-05-22 13:22:00,136.801992989,136.859037395,136.754455984,136.859037395
2023-05-22 13:23:00,136.801992989,136.859037395,136.754455984,136.859037395
2023-05-22 13:24:00,136.801992989,136.859037395,136.754455984,136.859037395
2023-05-22 13:25:00,136.801992989,136.859037395,136.754455984,136.859037395
2023-05-22 13:26:00,136.801992989,136.859037395,136.754455984,136.859037395
2023-05-22 13:27:00,136.801992989,136.859037395,136.754455984,136.859037395
2023-05-22 13:28:00,136.801992989,136.859037395,136.754455984,136.859037395
2023-05-22 13:29:00,136.801992989,136.859037395,136.754455984,136.859037395
2023-05-22 13:30:00,136.801992989,136.859037395,136.754455984,136.859037395
2023-05-22 13:31:00,136.801992989,136.859037395,136.754455984,136.859037395
2023-05-22 13:32:00,136.801992989,136.859037395,136.754455984,136.859037395
2023-05-22 13:33:00,136.801992989,136.859037395,136.754455984,136.859037395
2023-05-22 13:34:00,136.801992989,136.859037395,136.754455984,136.859037395
2023-05-22 13:35:00,136.801992989,136.859037395,136.754455984,136.859037395
2023-05-22 13:36:00,136.801992989,136.859037395,136.754455984,136.859037395
2023-05-22 13:37:00,136.801992989,136.859037395,136.754455984,136.859037395
2023-05-22 13:38:00,136.801992989,136.859037395,136.754455984,136.859037395
2023-05-22 13:39:00,136.801992989,136.859037395,136.754455984,136.859037395
2023-05-22 13:40:00,136.801992989,136.859037395,136.754455984,136.859037395
2023-05-22 13:41:00,137.030170613,137.030170613,137.030170613,137.030170613
2023-05-22 13:42:00,137.030170613,137.030170613,137.030170613,137.030170613
2023-05-22 13:43:00,136.954111405,136.954111405,136.954111405,136.954111405
2023-05-22 13:44:00,136.954111405,136.954111405,136.954111405,136.954111405
2023-05-22 13:45:00,136.954111405,136.954111405,136.954111405,136.954111405
2023-05-22 13:46:00,137.030170613,137.030170613,137.030170613,137.030170613
2023-05-22 13:47:00,137.030170613,137.030170613,137.030170613,137.030170613
2023-05-22 13:48:00,137.030170613,137.030170613,137.030170613,137.030170613
2023-05-22 13:49:00,137.030170613,137.030170613,137.030170613,137.030170613
2023-05-22 13:50:00,137.030170613,137.030170613,137.030170613,137.030170613
2023-05-22 13:51:00,137.030170613,137.030170613,137.030170613,137.030170613
2023-05-22 13:52:00,136.992141009,136.992141009,136.992141009,136.992141009
2023-05-22 13:53:00,136.992141009,136.992141009,136.992141009,136.992141009
2023-05-22 13:54:00,136.992141009,136.992141009,136.992141009,136.992141009
2023-05-22 13:55:00,136.992141009,136.992141009,136.992141009,136.992141009
2023-05-22 13:56:00,136.887559598,136.887559598,136.887559598,136.887559598
2023-05-22 13:57:00,136.887559598,136.887559598,136.887559598,136.887559598
2023-05-22 13:58:00,136.887559598,136.887559598,136.887559598,136.887559598
2023-05-22 13:59:00,136.868544796,136.868544796,136.868544796,136.868544796
2023-05-22 14:00:00,136.868544796,136.868544796,136.868544796,136.868544796
2023-05-22 14:01:00,136.868544796,136.868544796,136.868544796,136.868544796
2023-05-22 14:02:00,136.868544796,136.868544796,136.868544796,136.868544796
2023-05-22 14:03:00,136.868544796,136.868544796,136.868544796,136.868544796
2023-05-22 14:04:00,136.868544796,136.868544796,136.868544796,136.868544796
2023-05-22 14:05:00,136.868544796,136.868544796,136.868544796,136.868544796
2023-05-22 14:06:00,136.868544796,136.868544796,136.868544796,136.868544796
2023-05-22 14:07:00,136.868544796,136.868544796,136.868544796,136.868544796
2023-05-22 14:08:00,136.868544796,136.868544796,136.868544796,136.868544796
2023-05-22 14:09:00,136.868544796,136.868544796,136.868544796,136.868544796
2023-05-22 14:10:00,136.868544796,136.868544796,136.868544796,136.868544796
2023-05-22 14:11:00,137.077707618,137.077707618,137.077707618,137.077707618
2023-05-22 14:12:00,137.077707618,137.077707618,137.077707618,137.077707618
2023-05-22 14:13:00,137.077707618,137.077707618,137.077707618,137.077707618
2023-05-22 14:14:00,137.077707618,137.077707618,137.077707618,137.077707618
2023-05-22 14:15:00,137.077707618,137.077707618,137.077707618,137.077707618
2023-05-22 14:16:00,137.134752024,137.134752024,137.134752024,137.134752024
2023-05-22 14:17:00,137.134752024,137.134752024,137.134752024,137.134752024
2023-05-22 14:18:00,137.134752024,137.134752024,137.134752024,137.134752024
2023-05-22 14:19:00,137.134752024,137.134752024,137.134752024,137.134752024
2023-05-22 14:20:00,137.134752024,137.134752024,137.134752024,137.134752024
2023-05-22 14:21:00,137.134752024,137.134752024,137.134752024,137.134752024
2023-05-22 14:22:00,137.134752024,137.134752024,137.134752024,137.134752024
2023-05-22 14:23:00,137.134752024,137.134752024,137.134752024,137.134752024
2023-05-22 14:24:00,137.134752024,137.134752024,137.134752024,137.134752024
2023-05-22 14:25:00,137.134752024,137.134752024,137.134752024,137.134752024
2023-05-22 14:26:00,137.134752024,137.134752024,137.134752024,137.134752024
2023-05-22 14:27:00,137.134752024,137.134752024,137.134752024,137.134752024
2023-05-22 14:28:00,137.134752024,137.134752024,137.134752024,137.134752024
2023-05-22 14:29:00,137.058692816,137.039678014,137.039678014,137.058692816
2023-05-22 14:30:00,137.058692816,137.039678014,137.039678014,137.058692816
2023-05-22 14:31:00,137.058692816,137.039678014,137.039678014,137.058692816
2023-05-22 14:32:00,137.058692816,137.039678014,137.039678014,137.058692816
2023-05-22 14:33:00,137.058692816,137.039678014,137.039678014,137.058692816
2023-05-22 14:34:00,137.058692816,137.039678014,137.039678014,137.058692816
2023-05-22 14:35:00,137.058692816,137.039678014,137.039678014,137.058692816
2023-05-22 14:36:00,137.058692816,137.039678014,137.039678014,137.058692816
2023-05-22 14:37:00,137.058692816,137.039678014,137.039678014,137.058692816
2023-05-22 14:38:00,137.058692816,137.039678014,137.039678014,137.058692816
2023-05-22 14:39:00,137.058692816,137.039678014,137.039678014,137.058692816
2023-05-22 14:40:00,137.058692816,137.039678014,137.039678014,137.058692816
2023-05-22 14:41:00,137.058692816,137.058692816,137.058692816,137.058692816
2023-05-22 14:42:00,137.058692816,137.058692816,137.058692816,137.058692816
2023-05-22 14:43:00,137.020663212,137.020663212,137.020663212,137.020663212
2023-05-22 14:44:00,137.020663212,137.020663212,137.020663212,137.020663212
2023-05-22 14:45:00,137.068200217,137.020663212,137.020663212,137.068200217
2023-05-22 14:46:00,137.068200217,137.020663212,137.020663212,137.068200217
2023-05-22 14:47:00,137.039678014,137.039678014,137.039678014,137.039678014
2023-05-22 14:48:00,137.039678014,137.039678014,137.039678014,137.039678014
2023-05-22 14:49:00,137.039678014,137.039678014,137.039678014,137.039678014
2023-05-22 14:50:00,137.039678014,137.039678014,137.039678014,137.039678014
2023-05-22 14:51:00,137.039678014,137.039678014,137.039678014,137.039678014
2023-05-22 14:52:00,137.039678014,137.039678014,137.039678014,137.039678014
2023-05-22 14:53:00,137.087215019,137.087215019,137.087215019,137.087215019
2023-05-22 14:54:00,137.087215019,137.087215019,137.087215019,137.087215019
2023-05-22 14:55:00,137.087215019,137.087215019,137.087215019,137.087215019
2023-05-22 14:56:00,137.087215019,137.087215019,137.087215019,137.087215019
2023-05-22 14:57:00,137.087215019,137.087215019,137.087215019,137.087215019
2023-05-22 14:58:00,137.087215019,137.087215019,137.087215019,137.087215019
2023-05-22 14:59:00,137.087215019,137.087215019,137.087215019,137.087215019
2023-05-22 15:00:00,137.087215019,137.087215019,137.087215019,137.087215019
2023-05-22 15:01:00,137.134752024,137.134752024,137.134752024,137.134752024
2023-05-22 15:02:00,137.134752024,137.134752024,137.134752024,137.134752024
2023-05-22 15:03:00,137.134752024,137.134752024,137.134752024,137.134752024
2023-05-22 15:04:00,137.134752024,137.134752024,137.134752024,137.134752024
2023-05-22 15:05:00,137.134752024,137.134752024,137.134752024,137.134752024
2023-05-22 15:06:00,137.134752024,137.134752024,137.134752024,137.134752024
2023-05-22 15:07:00,137.134752024,137.134752024,137.134752024,137.134752024
2023-05-22 15:08:00,137.134752024,137.134752024,137.134752024,137.134752024
2023-05-22 15:09:00,137.134752024,137.134752024,137.134752024,137.134752024
2023-05-22 15:10:00,137.134752024,137.134752024,137.134752024,137.134752024
2023-05-22 15:11:00,137.134752024,137.134752024,137.134752024,137.134752024
2023-05-22 15:12:00,137.134752024,137.134752024,137.134752024,137.134752024
2023-05-22 15:13:00,136.935096603,136.935096603,136.935096603,136.935096603
2023-05-22 15:14:00,136.935096603,136.935096603,136.935096603,136.935096603
2023-05-22 15:15:00,136.897066999,136.897066999,136.897066999,136.897066999
2023-05-22 15:16:00,136.887559598,136.887559598,136.887559598,136.887559598
2023-05-22 15:17:00,136.887559598,136.887559598,136.887559598,136.887559598
2023-05-22 15:18:00,136.887559598,136.887559598,136.887559598,136.887559598
2023-05-22 15:19:00,136.887559598,136.887559598,136.887559598,136.887559598
2023-05-22 15:20:00,136.887559598,136.887559598,136.887559598,136.887559598
2023-05-22 15:21:00,136.887559598,136.887559598,136.887559598,136.887559598
2023-05-22 15:22:00,136.925589202,136.925589202,136.925589202,136.925589202
2023-05-22 15:23:00,136.925589202,136.925589202,136.925589202,136.925589202
2023-05-22 15:24:00,136.925589202,136.925589202,136.925589202,136.925589202
2023-05-22 15:25:00,136.849529994,136.830515192,136.830515192,136.849529994
2023-05-22 15:26:00,136.830515192,136.868544796,136.830515192,136.868544796
2023-05-22 15:27:00,136.830515192,136.868544796,136.830515192,136.868544796
2023-05-22 15:28:00,136.830515192,136.868544796,136.830515192,136.868544796
2023-05-22 15:29:00,136.830515192,136.868544796,136.830515192,136.868544796
2023-05-22 15:30:00,136.830515192,136.868544796,136.830515192,136.868544796
2023-05-22 15:31:00,136.830515192,136.868544796,136.830515192,136.868544796
2023-05-22 15:32:00,136.830515192,136.868544796,136.830515192,136.868544796
2023-05-22 15:33:00,136.830515192,136.868544796,136.830515192,136.868544796
2023-05-22 15:34:00,136.830515192,136.868544796,136.830515192,136.868544796
2023-05-22 15:35:00,136.830515192,136.868544796,136.830515192,136.868544796
2023-05-22 15:36:00,136.830515192,136.868544796,136.830515192,136.868544796
2023-05-22 15:37:00,136.830515192,136.868544796,136.830515192,136.868544796
2023-05-22 15:38:00,136.830515192,136.868544796,136.830515192,136.868544796
2023-05-22 15:39:00,136.830515192,136.868544796,136.830515192,136.868544796
2023-05-22 15:40:00,136.821007791,136.821007791,136.821007791,136.821007791
2023-05-22 15:41:00,136.821007791,136.821007791,136.821007791,136.821007791
2023-05-22 15:42:00,136.821007791,136.821007791,136.821007791,136.821007791
2023-05-22 15:43:00,136.821007791,136.821007791,136.821007791,136.821007791
2023-05-22 15:44:00,136.821007791,136.821007791,136.821007791,136.821007791
2023-05-22 15:45:00,136.821007791,136.821007791,136.821007791,136.821007791
2023-05-22 15:46:00,136.7782244865,136.7782244865,136.7782244865,136.7782244865
2023-05-22 15:47:00,136.7782244865,136.7782244865,136.7782244865,136.7782244865
2023-05-22 15:48:00,136.7782244865,136.7782244865,136.7782244865,136.7782244865
2023-05-22 15:49:00,136.7782244865,136.7782244865,136.7782244865,136.7782244865
2023-05-22 15:50:00,136.725933781,136.725933781,136.725933781,136.725933781
2023-05-22 15:51:00,136.725933781,136.725933781,136.725933781,136.725933781
2023-05-22 15:52:00,136.678396776,136.697411578,136.678396776,136.697411578
2023-05-22 15:53:00,136.678396776,136.697411578,136.678396776,136.697411578
2023-05-22 15:54:00,136.678396776,136.697411578,136.678396776,136.697411578
2023-05-22 15:55:00,136.678396776,136.697411578,136.678396776,136.697411578
2023-05-22 15:56:00,136.71642638,136.71642638,136.71642638,136.71642638
2023-05-22 15:57:00,136.71642638,136.71642638,136.71642638,136.71642638
2023-05-22 15:58:00,136.687904177,136.687904177,136.687904177,136.687904177
2023-05-22 15:59:00,136.735441182,136.735441182,136.735441182,136.735441182
2023-05-22 16:00:00,136.687904177,136.697411578,136.687904177,136.697411578
2023-05-23 09:31:00,136.193519325,136.279085934,136.193519325,136.279085934
2023-05-23 09:32:00,136.193519325,136.279085934,136.193519325,136.279085934
2023-05-23 09:33:00,136.193519325,136.279085934,136.193519325,136.279085934
2023-05-23 09:34:00,136.3123618375,136.3123618375,136.3123618375,136.3123618375
2023-05-23 09:35:00,136.3123618375,136.3123618375,136.3123618375,136.3123618375
2023-05-23 09:36:00,136.545293162,136.687904177,136.545293162,136.687904177
2023-05-23 09:37:00,136.545293162,136.687904177,136.545293162,136.687904177
2023-05-23 09:38:00,136.545293162,136.687904177,136.545293162,136.687904177
2023-05-23 09:39:00,136.545293162,136.687904177,136.545293162,136.687904177
2023-05-23 09:40:00,136.545293162,136.687904177,136.545293162,136.687904177
2023-05-23 09:41:00,136.545293162,136.687904177,136.545293162,136.687904177
2023-05-23 09:42:00,136.878052197,136.878052197,136.878052197,136.878052197
2023-05-23 09:43:00,136.9484069644,136.9484069644,136.9484069644,136.9484069644
2023-05-23 09:44:00,137.0254169125,137.0254169125,137.0254169125,137.0254169125
2023-05-23 09:45:00,136.954111405,136.954111405,136.954111405,136.954111405
2023-05-23 09:46:00,137.134752024,137.068200217,137.068200217,137.134752024
2023-05-23 09:47:00,137.134752024,137.068200217,137.068200217,137.134752024
2023-05-23 09:48:00,137.134752024,137.068200217,137.068200217,137.134752024
2023-05-23 09:49:00,137.134752024,137.068200217,137.068200217,137.134752024
2023-05-23 09:50:00,137.372437049,137.372437049,137.372437049,137.372437049
2023-05-23 09:51:00,137.438988856,137.3866981505,137.3866981505,137.438988856
2023-05-23 09:52:00,137.438988856,137.3866981505,137.3866981505,137.438988856
2023-05-23 09:53:00,137.438988856,137.3866981505,137.3866981505,137.438988856
2023-05-23 09:54:00,137.438988856,137.3866981505,137.3866981505,137.438988856
2023-05-23 09:55:00,137.438988856,137.3866981505,137.3866981505,137.438988856
2023-05-23 09:56:00,137.438988856,137.3866981505,137.3866981505,137.438988856
2023-05-23 09:57:00,137.296377841,137.296377841,137.296377841,137.296377841
2023-05-23 09:58:00,137.296377841,137.296377841,137.296377841,137.296377841
2023-05-23 09:59:00,137.296377841,137.296377841,137.296377841,137.296377841
2023-05-23 10:00:00,137.19731072258,137.1994023508,137.19731072258,137.1994023508
2023-05-23 10:01:00,137.21689596864,137.305885242,137.21689596864,137.429481455
2023-05-23 10:02:00,137.21689596864,137.305885242,137.21689596864,137.429481455
2023-05-23 10:03:00,137.21689596864,137.305885242,137.21689596864,137.429481455
2023-05-23 10:04:00,137.21689596864,137.305885242,137.21689596864,137.429481455
2023-05-23 10:05:00,137.21689596864,137.305885242,137.21689596864,137.429481455
2023-05-23 10:06:00,137.239333435,137.239333435,137.239333435,137.239333435
2023-05-23 10:07:00,137.2631019375,137.2631019375,137.2631019375,137.2631019375
2023-05-23 10:08:00,137.2631019375,137.2631019375,137.2631019375,137.2631019375
2023-05-23 10:09:00,137.2631019375,137.2631019375,137.2631019375,137.2631019375
2023-05-23 10:10:00,137.2631019375,137.2631019375,137.2631019375,137.2631019375
2023-05-23 10:11:00,137.2631019375,137.2631019375,137.2631019375,137.2631019375
2023-05-23 10:12:00,137.2631019375,137.2631019375,137.2631019375,137.2631019375
2023-05-23 10:13:00,137.2631019375,137.2631019375,137.2631019375,137.2631019375
2023-05-23 10:14:00,137.2631019375,137.2631019375,137.2631019375,137.2631019375
2023-05-23 10:15:00,137.2631019375,137.2631019375,137.2631019375,137.2631019375
2023-05-23 10:16:00,137.2631019375,137.2631019375,137.2631019375,137.2631019375
2023-05-23 10:17:00,136.97616857532,136.954111405,136.954111405,136.97616857532
2023-05-23 10:18:00,136.97616857532,136.954111405,136.954111405,136.97616857532
2023-05-23 10:19:00,136.97616857532,136.954111405,136.954111405,136.97616857532
2023-05-23 10:20:00,136.97616857532,136.954111405,136.954111405,136.97616857532
2023-05-23 10:21:00,136.97616857532,136.954111405,136.954111405,136.97616857532
2023-05-23 10:22:00,137.00164841,137.00164841,137.00164841,137.00164841
2023-05-23 10:23:00,136.9065744,136.916081801,136.9065744,136.916081801
2023-05-23 10:24:00,136.9065744,136.916081801,136.9065744,136.916081801
2023-05-23 10:25:00,136.9065744,136.916081801,136.9065744,136.916081801
2023-05-23 10:26:00,136.9065744,136.916081801,136.9065744,136.916081801
2023-05-23 10:27:00,136.9065744,136.916081801,136.9065744,136.916081801
2023-05-23 10:28:00,136.9065744,136.916081801,136.9065744,136.916081801
2023-05-23 10:29:00,136.9065744,136.916081801,136.9065744,136.916081801
2023-05-23 10:30:00,136.9873873085,136.9873873085,136.9873873085,136.9873873085
2023-05-23 10:31:00,136.982633608,136.992141009,136.982633608,136.992141009
2023-05-23 10:32:00,136.982633608,136.992141009,136.982633608,136.992141009
2023-05-23 10:33:00,137.1014761205,137.087215019,137.087215019,137.1014761205
2023-05-23 10:34:00,137.1014761205,137.087215019,137.087215019,137.1014761205
2023-05-23 10:35:00,137.1014761205,137.087215019,137.087215019,137.1014761205
2023-05-23 10:36:00,137.1014761205,137.087215019,137.087215019,137.1014761205
2023-05-23 10:37:00,137.1014761205,137.087215019,137.087215019,137.1014761205
2023-05-23 10:38:00,137.153766826,137.153766826,137.153766826,137.153766826
2023-05-23 10:39:00,137.163274227,137.163274227,137.163274227,137.163274227
2023-05-23 10:40:00,137.163274227,137.163274227,137.163274227,137.163274227
2023-05-23 10:41:00,137.077707618,137.077707618,137.077707618,137.077707618
2023-05-23 10:42:00,137.1014761205,137.1014761205,137.1014761205,137.1014761205
2023-05-23 10:43:00,137.1014761205,137.1014761205,137.1014761205,137.1014761205
2023-05-23 10:44:00,137.09672242,137.09672242,137.09672242,137.09672242
2023-05-23 10:45:00,137.08645442692,137.08645442692,137.08645442692,137.08645442692
2023-05-23 10:46:00,137.08645442692,137.08645442692,137.08645442692,137.08645442692
2023-05-23 10:47:00,137.08645442692,137.08645442692,137.08645442692,137.08645442692
2023-05-23 10:48:00,137.19179643,137.03920264395,137.03920264395,137.19179643
2023-05-23 10:49:00,137.19179643,137.03920264395,137.03920264395,137.19179643
2023-05-23 10:50:00,137.134752024,137.134752024,137.134752024,137.134752024
2023-05-23 10:51:00,137.16156289482,137.16156289482,137.16156289482,137.16156289482
2023-05-23 10:52:00,137.068200217,137.068200217,137.068200217,137.068200217
2023-05-23 10:53:00,137.068200217,137.068200217,137.068200217,137.068200217
2023-05-23 10:54:00,137.068200217,137.068200217,137.068200217,137.068200217
2023-05-23 10:55:00,137.068200217,137.068200217,137.068200217,137.068200217
2023-05-23 10:56:00,137.068200217,137.068200217,137.068200217,137.068200217
2023-05-23 10:57:00,137.068200217,137.068200217,137.068200217,137.068200217
2023-05-23 10:58:00,137.068200217,137.068200217,137.068200217,137.068200217
2023-05-23 10:59:00,136.821007791,136.80788757762,136.80788757762,136.821007791
2023-05-23 11:00:00,136.821007791,136.80788757762,136.80788757762,136.821007791
2023-05-23 11:01:00,136.821007791,136.80788757762,136.80788757762,136.821007791
2023-05-23 11:02:00,136.821007791,136.80788757762,136.80788757762,136.821007791
2023-05-23 11:03:00,136.821007791,136.80788757762,136.80788757762,136.821007791
2023-05-23 11:04:00,137.077707618,137.077707618,137.077707618,137.077707618
2023-05-23 11:05:00,137.201303831,137.201303831,137.201303831,137.201303831
2023-05-23 11:06:00,137.201303831,137.201303831,137.201303831,137.201303831
2023-05-23 11:07:00,137.22364622335,137.2060575315,137.2060575315,137.22364622335
2023-05-23 11:08:00,137.22364622335,137.2060575315,137.2060575315,137.22364622335
2023-05-23 11:09:00,137.22364622335,137.2060575315,137.2060575315,137.22364622335
2023-05-23 11:10:00,137.22364622335,137.2060575315,137.2060575315,137.22364622335
2023-05-23 11:11:00,137.22364622335,137.2060575315,137.2060575315,137.22364622335
2023-05-23 11:12:00,137.22364622335,137.2060575315,137.2060575315,137.22364622335
2023-05-23 11:13:00,137.12676580716,137.12676580716,137.12676580716,137.12676580716
2023-05-23 11:14:00,137.12676580716,137.12676580716,137.12676580716,137.12676580716
2023-05-23 11:15:00,137.201303831,137.19179643,137.19179643,137.201303831
2023-05-23 11:16:00,137.09672242,137.09672242,137.09672242,137.09672242
2023-05-23 11:17:00,137.09672242,137.09672242,137.09672242,137.09672242
2023-05-23 11:18:00,137.172781628,137.172781628,137.172781628,137.172781628
2023-05-23 11:19:00,137.172781628,137.172781628,137.172781628,137.172781628
2023-05-23 11:20:00,137.172781628,137.172781628,137.172781628,137.172781628
2023-05-23 11:21:00,137.172781628,137.172781628,137.172781628,137.172781628
2023-05-23 11:22:00,137.0349243135,137.049185415,137.030170613,137.049185415
2023-05-23 11:23:00,137.0349243135,137.049185415,137.030170613,137.049185415
2023-05-23 11:24:00,137.0349243135,137.049185415,137.030170613,137.049185415
2023-05-23 11:25:00,137.0596435561,137.0596435561,137.0596435561,137.0596435561
2023-05-23 11:26:00,137.0596435561,137.0596435561,137.0596435561,137.0596435561
2023-05-23 11:27:00,137.0596435561,137.0596435561,137.0596435561,137.0596435561
2023-05-23 11:28:00,137.087215019,137.087215019,137.087215019,137.087215019
2023-05-23 11:29:00,137.087215019,137.087215019,137.087215019,137.087215019
2023-05-23 11:30:00,137.087215019,137.087215019,137.087215019,137.087215019
2023-05-23 11:31:00,137.087215019,137.087215019,137.087215019,137.087215019
2023-05-23 11:32:00,137.087215019,137.087215019,137.087215019,137.087215019
2023-05-23 11:33:00,137.087215019,137.087215019,137.087215019,137.087215019
2023-05-23 11:34:00,137.087215019,137.087215019,137.087215019,137.087215019
2023-05-23 11:35:00,137.087215019,137.087215019,137.087215019,137.087215019
2023-05-23 11:36:00,137.077707618,137.077707618,137.077707618,137.077707618
2023-05-23 11:37:00,137.077707618,137.077707618,137.077707618,137.077707618
2023-05-23 11:38:00,137.18751809955,137.1965501305,137.18751809955,137.1965501305
2023-05-23 11:39:00,137.18751809955,137.1965501305,137.18751809955,137.1965501305
2023-05-23 11:40:00,137.362929648,137.3106389425,137.3106389425,137.362929648
2023-05-23 11:41:00,137.362929648,137.3106389425,137.3106389425,137.362929648
2023-05-23 11:42:00,137.4152203535,137.4152203535,137.4152203535,137.4152203535
2023-05-23 11:43:00,137.4152203535,137.4152203535,137.4152203535,137.4152203535
2023-05-23 11:44:00,137.4152203535,137.4152203535,137.4152203535,137.4152203535
2023-05-23 11:45:00,137.448496257,137.448496257,137.448496257,137.448496257
2023-05-23 11:46:00,137.448496257,137.429481455,137.429481455,137.458003658
2023-05-23 11:47:00,137.448496257,137.429481455,137.429481455,137.458003658
2023-05-23 11:48:00,137.448496257,137.429481455,137.429481455,137.458003658
2023-05-23 11:49:00,137.600614673,137.600614673,137.600614673,137.600614673
2023-05-23 11:50:00,137.600614673,137.600614673,137.600614673,137.600614673
2023-05-23 11:51:00,137.676673881,137.676673881,137.676673881,137.676673881
2023-05-23 11:52:00,137.676673881,137.676673881,137.676673881,137.676673881
2023-05-23 11:53:00,137.676673881,137.676673881,137.676673881,137.676673881
2023-05-23 11:54:00,137.676673881,137.676673881,137.676673881,137.676673881
2023-05-23 11:55:00,137.676673881,137.676673881,137.676673881,137.676673881
2023-05-23 11:56:00,137.629136876,137.629136876,137.629136876,137.629136876
2023-05-23 11:57:00,137.57209247,137.57209247,137.57209247,137.57209247
2023-05-23 11:58:00,137.4912795615,137.4912795615,137.4912795615,137.4912795615
2023-05-23 11:59:00,137.4912795615,137.4912795615,137.4912795615,137.4912795615
2023-05-23 12:00:00,137.4912795615,137.4912795615,137.4912795615,137.4912795615
2023-05-23 12:01:00,137.4912795615,137.4912795615,137.4912795615,137.4912795615
2023-05-23 12:02:00,137.4912795615,137.4912795615,137.4912795615,137.4912795615
2023-05-23 12:03:00,137.38650800248,137.38650800248,137.38650800248,137.38650800248
2023-05-23 12:04:00,137.41569572355,137.41569572355,137.41569572355,137.41569572355
2023-05-23 12:05:00,137.41569572355,137.41569572355,137.41569572355,137.41569572355
2023-05-23 12:06:00,137.41569572355,137.41569572355,137.41569572355,137.41569572355
2023-05-23 12:07:00,137.41569572355,137.41569572355,137.41569572355,137.41569572355
2023-05-23 12:08:00,137.41569572355,137.41569572355,137.41569572355,137.41569572355
2023-05-23 12:09:00,137.41569572355,137.41569572355,137.41569572355,137.41569572355
2023-05-23 12:10:00,137.343914846,137.343914846,137.343914846,137.343914846
2023-05-23 12:11:00,137.343914846,137.343914846,137.343914846,137.343914846
2023-05-23 12:12:00,137.343914846,137.343914846,137.343914846,137.343914846
2023-05-23 12:13:00,137.3962055515,137.3962055515,137.3962055515,137.3962055515
2023-05-23 12:14:00,137.391451851,137.438988856,137.391451851,137.438988856
2023-05-23 12:15:00,137.391451851,137.438988856,137.391451851,137.438988856
2023-05-23 12:16:00,137.391451851,137.438988856,137.391451851,137.438988856
2023-05-23 12:17:00,137.391451851,137.438988856,137.391451851,137.438988856
2023-05-23 12:18:00,137.438988856,137.438988856,137.438988856,137.438988856
2023-05-23 12:19:00,137.343914846,137.42681938272,137.343914846,137.42681938272
2023-05-23 12:20:00,137.343914846,137.42681938272,137.343914846,137.42681938272
2023-05-23 12:21:00,137.38194445,137.38194445,137.38194445,137.38194445
2023-05-23 12:22:00,137.38194445,137.38194445,137.38194445,137.38194445
2023-05-23 12:23:00,137.38194445,137.38194445,137.38194445,137.38194445
2023-05-23 12:24:00,137.38194445,137.38194445,137.38194445,137.38194445
2023-05-23 12:25:00,137.38194445,137.38194445,137.38194445,137.38194445
2023-05-23 12:26:00,137.38194445,137.38194445,137.38194445,137.38194445
2023-05-23 12:27:00,137.38194445,137.38194445,137.38194445,137.38194445
2023-05-23 12:28:00,137.38194445,137.38194445,137.38194445,137.38194445
2023-05-23 12:29:00,137.38194445,137.38194445,137.38194445,137.38194445
2023-05-23 12:30:00,137.38194445,137.38194445,137.38194445,137.38194445
2023-05-23 12:31:00,137.27336993058,137.25131276026,137.25131276026,137.27336993058
2023-05-23 12:32:00,137.3771907495,137.3771907495,137.3771907495,137.3771907495
2023-05-23 12:33:00,137.3771907495,137.3771907495,137.3771907495,137.3771907495
2023-05-23 12:34:00,137.3771907495,137.3771907495,137.3771907495,137.3771907495
2023-05-23 12:35:00,137.3771907495,137.3771907495,137.3771907495,137.3771907495
2023-05-23 12:36:00,137.343914846,137.343914846,137.343914846,137.343914846
2023-05-23 12:37:00,137.343914846,137.343914846,137.343914846,137.343914846
2023-05-23 12:38:00,137.343914846,137.343914846,137.343914846,137.343914846
2023-05-23 12:39:00,137.343914846,137.343914846,137.343914846,137.343914846
2023-05-23 12:40:00,137.343914846,137.343914846,137.343914846,137.343914846
2023-05-23 12:41:00,137.343914846,137.343914846,137.343914846,137.343914846
2023-05-23 12:42:00,137.343914846,137.343914846,137.343914846,137.343914846
2023-05-23 12:43:00,137.277363039,137.324900044,137.277363039,137.334407445
2023-05-23 12:44:00,137.277363039,137.324900044,137.277363039,137.334407445
2023-05-23 12:45:00,137.277363039,137.324900044,137.277363039,137.334407445
2023-05-23 12:46:00,137.277363039,137.324900044,137.277363039,137.334407445
2023-05-23 12:47:00,137.277363039,137.324900044,137.277363039,137.334407445
2023-05-23 12:48:00,137.277363039,137.324900044,137.277363039,137.334407445
2023-05-23 12:49:00,137.400959252,137.400959252,137.400959252,137.400959252
2023-05-23 12:50:00,137.400959252,137.400959252,137.400959252,137.400959252
2023-05-23 12:51:00,137.38194445,137.391451851,137.38194445,137.391451851
2023-05-23 12:52:00,137.3866981505,137.3866981505,137.3866981505,137.3866981505
2023-05-23 12:53:00,137.419974054,137.40847009879,137.40847009879,137.419974054
2023-05-23 12:54:00,137.419974054,137.40847009879,137.40847009879,137.419974054
2023-05-23 12:55:00,137.419974054,137.40847009879,137.40847009879,137.419974054
2023-05-23 12:56:00,137.37253212301,137.38194445,137.37253212301,137.38194445
2023-05-23 12:57:00,137.391451851,137.391451851,137.391451851,137.391451851
2023-05-23 12:58:00,137.391451851,137.391451851,137.391451851,137.391451851
2023-05-23 12:59:00,137.38194445,137.400959252,137.38194445,137.400959252
2023-05-23 13:00:00,137.35522865319,137.343914846,137.343914846,137.35522865319
2023-05-23 13:01:00,137.343914846,137.343914846,137.343914846,137.343914846
2023-05-23 13:02:00,137.343914846,137.343914846,137.343914846,137.343914846
2023-05-23 13:03:00,137.343914846,137.343914846,137.343914846,137.343914846
2023-05-23 13:04:00,137.210811232,137.210811232,137.210811232,137.210811232
2023-05-23 13:05:00,137.210811232,137.210811232,137.210811232,137.210811232
2023-05-23 13:06:00,137.210811232,137.210811232,137.210811232,137.210811232
2023-05-23 13:07:00,137.210811232,137.210811232,137.210811232,137.210811232
2023-05-23 13:08:00,137.210811232,137.210811232,137.210811232,137.210811232
2023-05-23 13:09:00,137.210811232,137.210811232,137.210811232,137.210811232
2023-05-23 13:10:00,137.362929648,137.362929648,137.362929648,137.362929648
2023-05-23 13:11:00,137.362929648,137.362929648,137.362929648,137.362929648
2023-05-23 13:12:00,137.362929648,137.362929648,137.362929648,137.362929648
2023-05-23 13:13:00,137.40086417799,137.40086417799,137.40086417799,137.40086417799
2023-05-23 13:14:00,137.334407445,137.334407445,137.334407445,137.334407445
2023-05-23 13:15:00,137.334407445,137.334407445,137.334407445,137.334407445
2023-05-23 13:16:00,137.334407445,137.334407445,137.334407445,137.334407445
2023-05-23 13:17:00,137.334407445,137.334407445,137.334407445,137.334407445
2023-05-23 13:18:00,137.334407445,137.334407445,137.334407445,137.334407445
2023-05-23 13:19:00,137.334407445,137.334407445,137.334407445,137.334407445
2023-05-23 13:20:00,137.334407445,137.334407445,137.334407445,137.334407445
2023-05-23 13:21:00,137.248840836,137.248840836,137.248840836,137.248840836
2023-05-23 13:22:00,137.248840836,137.248840836,137.248840836,137.248840836
2023-05-23 13:23:00,137.248840836,137.248840836,137.248840836,137.248840836
2023-05-23 13:24:00,137.248840836,137.248840836,137.248840836,137.248840836
2023-05-23 13:25:00,137.248840836,137.248840836,137.248840836,137.248840836
2023-05-23 13:26:00,137.248840836,137.248840836,137.248840836,137.248840836
2023-05-23 13:27:00,137.248840836,137.248840836,137.248840836,137.248840836
2023-05-23 13:28:00,137.248840836,137.248840836,137.248840836,137.248840836
2023-05-23 13:29:00,137.248840836,137.248840836,137.248840836,137.248840836
2023-05-23 13:30:00,136.678396776,136.678396776,136.678396776,136.678396776
2023-05-23 13:31:00,136.611844969,136.611844969,136.611844969,136.611844969
2023-05-23 13:32:00,136.611844969,136.611844969,136.611844969,136.611844969
2023-05-23 13:33:00,136.611844969,136.611844969,136.611844969,136.611844969
2023-05-23 13:34:00,136.611844969,136.611844969,136.611844969,136.611844969
2023-05-23 13:35:00,136.611844969,136.611844969,136.611844969,136.611844969
2023-05-23 13:36:00,136.611844969,136.611844969,136.611844969,136.611844969
2023-05-23 13:37:00,136.6926578775,136.61869029772,136.61869029772,136.6926578775
2023-05-23 13:38:00,136.72650422506,136.72650422506,136.72650422506,136.72650422506
2023-05-23 13:39:00,136.773470786,136.773470786,136.773470786,136.773470786
2023-05-23 13:40:00,136.773470786,136.773470786,136.773470786,136.773470786
2023-05-23 13:41:00,136.773470786,136.773470786,136.773470786,136.773470786
2023-05-23 13:42:00,136.916081801,136.916081801,136.916081801,136.916081801
2023-05-23 13:43:00,136.916081801,136.916081801,136.916081801,136.916081801
2023-05-23 13:44:00,136.9778799075,136.9778799075,136.9778799075,136.9778799075
2023-05-23 13:45:00,136.9778799075,136.9778799075,136.9778799075,136.9778799075
2023-05-23 13:46:00,136.9778799075,136.9778799075,136.9778799075,136.9778799075
2023-05-23 13:47:00,136.9778799075,136.9778799075,136.9778799075,136.9778799075
2023-05-23 13:48:00,136.9778799075,136.9778799075,136.9778799075,136.9778799075
2023-05-23 13:49:00,137.05412926352,137.05412926352,137.05412926352,137.05412926352
2023-05-23 13:50:00,137.08103520835,137.0624957764,137.0624957764,137.08103520835
2023-05-23 13:51:00,137.08103520835,137.0624957764,137.0624957764,137.08103520835
2023-05-23 13:52:00,137.08103520835,137.0624957764,137.0624957764,137.08103520835
2023-05-23 13:53:00,137.08103520835,137.0624957764,137.0624957764,137.08103520835
2023-05-23 13:54:00,137.08103520835,137.0624957764,137.0624957764,137.08103520835
2023-05-23 13:55:00,137.08103520835,137.0624957764,137.0624957764,137.08103520835
2023-05-23 13:56:00,136.982633608,136.992141009,136.982633608,136.992141009
2023-05-23 13:57:00,136.925589202,136.925589202,136.925589202,136.925589202
2023-05-23 13:58:00,136.925589202,136.925589202,136.925589202,136.925589202
2023-05-23 13:59:00,136.87539012472,136.87539012472,136.87539012472,136.87539012472
2023-05-23 14:00:00,136.81150039,136.81150039,136.81150039,136.81150039
2023-05-23 14:01:00,136.81150039,136.81150039,136.81150039,136.81150039
2023-05-23 14:02:00,136.830515192,136.830515192,136.830515192,136.830515192
2023-05-23 14:03:00,136.830515192,136.830515192,136.830515192,136.830515192
2023-05-23 14:04:00,136.830515192,136.830515192,136.830515192,136.830515192
2023-05-23 14:05:00,136.9065744,136.954111405,136.9065744,136.954111405
2023-05-23 14:06:00,136.9065744,136.954111405,136.9065744,136.954111405
2023-05-23 14:07:00,136.9065744,136.954111405,136.9065744,136.954111405
2023-05-23 14:08:00,137.020663212,137.020663212,137.020663212,137.020663212
2023-05-23 14:09:00,137.020663212,137.020663212,137.020663212,137.020663212
2023-05-23 14:10:00,137.020663212,137.020663212,137.020663212,137.020663212
2023-05-23 14:11:00,136.916081801,136.916081801,136.916081801,136.916081801
2023-05-23 14:12:00,136.944604004,136.944604004,136.944604004,136.944604004
2023-05-23 14:13:00,136.897066999,136.897066999,136.897066999,136.897066999
2023-05-23 14:14:00,136.897066999,136.897066999,136.897066999,136.897066999
2023-05-23 14:15:00,136.81150039,136.801992989,136.801992989,136.81150039
2023-05-23 14:16:00,136.859037395,136.782978187,136.687904177,136.859037395
2023-05-23 14:17:00,136.859037395,136.782978187,136.687904177,136.859037395
2023-05-23 14:18:00,136.859037395,136.782978187,136.687904177,136.859037395
2023-05-23 14:19:00,136.859037395,136.782978187,136.687904177,136.859037395
2023-05-23 14:20:00,136.8599881351,136.8599881351,136.8599881351,136.8599881351
2023-05-23 14:21:00,136.8599881351,136.8599881351,136.8599881351,136.8599881351
2023-05-23 14:22:00,136.8599881351,136.8599881351,136.8599881351,136.8599881351
2023-05-23 14:23:00,136.8599881351,136.8599881351,136.8599881351,136.8599881351
2023-05-23 14:24:00,136.649874573,136.659381974,136.649874573,136.659381974
2023-05-23 14:25:00,136.497756157,136.497756157,136.497756157,136.497756157
2023-05-23 14:26:00,136.42968316584,136.42968316584,136.42968316584,136.42968316584
2023-05-23 14:27:00,136.43120435,136.402682147,136.402682147,136.43120435
2023-05-23 14:28:00,136.43120435,136.402682147,136.402682147,136.43120435
2023-05-23 14:29:00,136.50887981617,136.50887981617,136.50887981617,136.50887981617
2023-05-23 14:30:00,136.62135237,136.611844969,136.611844969,136.62135237
2023-05-23 14:31:00,136.62135237,136.611844969,136.611844969,136.62135237
2023-05-23 14:32:00,136.62135237,136.611844969,136.611844969,136.62135237
2023-05-23 14:33:00,136.62135237,136.611844969,136.611844969,136.62135237
2023-05-23 14:34:00,136.62135237,136.611844969,136.611844969,136.62135237
2023-05-23 14:35:00,136.62135237,136.611844969,136.611844969,136.62135237
2023-05-23 14:36:00,136.545293162,136.545293162,136.545293162,136.545293162
2023-05-23 14:37:00,136.545293162,136.545293162,136.545293162,136.545293162
2023-05-23 14:38:00,136.488248756,136.488248756,136.488248756,136.488248756
2023-05-23 14:39:00,136.488248756,136.488248756,136.488248756,136.488248756
2023-05-23 14:40:00,136.488248756,136.488248756,136.488248756,136.488248756
2023-05-23 14:41:00,136.440711751,136.440711751,136.440711751,136.440711751
2023-05-23 14:42:00,136.440711751,136.440711751,136.440711751,136.440711751
2023-05-23 14:43:00,136.288593335,136.33613034,136.288593335,136.33613034
2023-05-23 14:44:00,136.3503914415,136.3817658648,136.3503914415,136.3817658648
2023-05-23 14:45:00,136.3503914415,136.3817658648,136.3503914415,136.3817658648
2023-05-23 14:46:00,136.383667345,136.383667345,136.383667345,136.383667345
2023-05-23 14:47:00,136.298100736,136.298100736,136.298100736,136.298100736
2023-05-23 14:48:00,136.298100736,136.298100736,136.298100736,136.298100736
2023-05-23 14:49:00,136.298100736,136.298100736,136.298100736,136.298100736
2023-05-23 14:50:00,136.298100736,136.298100736,136.298100736,136.298100736
2023-05-23 14:51:00,136.412189548,136.38300182693,136.38300182693,136.412189548
2023-05-23 14:52:00,136.412189548,136.38300182693,136.38300182693,136.412189548
2023-05-23 14:53:00,136.364652543,136.374159944,136.364652543,136.374159944
2023-05-23 14:54:00,136.364652543,136.374159944,136.364652543,136.374159944
2023-05-23 14:55:00,136.364652543,136.374159944,136.364652543,136.374159944
2023-05-23 14:56:00,136.364652543,136.374159944,136.364652543,136.374159944
2023-05-23 14:57:00,136.364652543,136.374159944,136.364652543,136.374159944
2023-05-23 14:58:00,136.364652543,136.374159944,136.364652543,136.374159944
2023-05-23 14:59:00,136.364652543,136.374159944,136.364652543,136.374159944
2023-05-23 15:00:00,136.364652543,136.374159944,136.364652543,136.374159944
2023-05-23 15:01:00,136.364652543,136.374159944,136.364652543,136.374159944
2023-05-23 15:02:00,136.269578533,136.317115538,136.269578533,136.326622939
2023-05-23 15:03:00,136.269578533,136.317115538,136.269578533,136.326622939
2023-05-23 15:04:00,136.269578533,136.317115538,136.269578533,136.326622939
2023-05-23 15:05:00,136.269578533,136.317115538,136.269578533,136.326622939
2023-05-23 15:06:00,136.269578533,136.317115538,136.269578533,136.326622939
2023-05-23 15:07:00,136.402682147,136.412189548,136.402682147,136.412189548
2023-05-23 15:08:00,136.402682147,136.412189548,136.402682147,136.412189548
2023-05-23 15:09:00,136.402682147,136.412189548,136.402682147,136.412189548
2023-05-23 15:10:00,136.402682147,136.412189548,136.402682147,136.412189548
2023-05-23 15:11:00,136.402682147,136.412189548,136.402682147,136.412189548
2023-05-23 15:12:00,136.52627836,136.52627836,136.52627836,136.52627836
2023-05-23 15:13:00,136.611844969,136.611844969,136.611844969,136.611844969
2023-05-23 15:14:00,136.611844969,136.611844969,136.611844969,136.611844969
2023-05-23 15:15:00,136.611844969,136.611844969,136.611844969,136.611844969
2023-05-23 15:16:00,136.611844969,136.611844969,136.611844969,136.611844969
2023-05-23 15:17:00,136.554800563,136.554800563,136.554800563,136.554800563
2023-05-23 15:18:00,136.554800563,136.554800563,136.554800563,136.554800563
2023-05-23 15:19:00,136.554800563,136.554800563,136.554800563,136.554800563
2023-05-23 15:20:00,136.554800563,136.554800563,136.554800563,136.554800563
2023-05-23 15:21:00,136.554800563,136.554800563,136.554800563,136.554800563
2023-05-23 15:22:00,136.554800563,136.554800563,136.554800563,136.554800563
2023-05-23 15:23:00,136.554800563,136.554800563,136.554800563,136.554800563
2023-05-23 15:24:00,136.583322766,136.583322766,136.583322766,136.583322766
2023-05-23 15:25:00,136.640367172,136.602337568,136.592830167,136.640367172
2023-05-23 15:26:00,136.640367172,136.602337568,136.592830167,136.640367172
2023-05-23 15:27:00,136.640367172,136.602337568,136.592830167,136.640367172
2023-05-23 15:28:00,136.640367172,136.602337568,136.592830167,136.640367172
2023-05-23 15:29:00,136.640367172,136.602337568,136.592830167,136.640367172
2023-05-23 15:30:00,136.611844969,136.611844969,136.611844969,136.611844969
2023-05-23 15:31:00,136.611844969,136.611844969,136.611844969,136.611844969
2023-05-23 15:32:00,136.611844969,136.611844969,136.611844969,136.611844969
2023-05-23 15:33:00,136.611844969,136.611844969,136.611844969,136.611844969
2023-05-23 15:34:00,136.62135237,136.62135237,136.62135237,136.62135237
2023-05-23 15:35:00,136.649874573,136.649874573,136.649874573,136.649874573
2023-05-23 15:36:00,136.668889375,136.668889375,136.668889375,136.668889375
2023-05-23 15:37:00,136.668889375,136.668889375,136.668889375,136.668889375
2023-05-23 15:38:00,136.668889375,136.668889375,136.668889375,136.668889375
2023-05-23 15:39:00,136.668889375,136.668889375,136.668889375,136.668889375
2023-05-23 15:40:00,136.668889375,136.668889375,136.668889375,136.668889375
2023-05-23 15:41:00,136.668889375,136.668889375,136.668889375,136.668889375
2023-05-23 15:42:00,136.668889375,136.668889375,136.668889375,136.668889375
2023-05-23 15:43:00,136.668889375,136.668889375,136.668889375,136.668889375
2023-05-23 15:44:00,136.668889375,136.668889375,136.668889375,136.668889375
2023-05-23 15:45:00,136.668889375,136.668889375,136.668889375,136.668889375
2023-05-23 15:46:00,136.668889375,136.668889375,136.668889375,136.668889375
2023-05-23 15:47:00,136.668889375,136.668889375,136.668889375,136.668889375
2023-05-23 15:48:00,136.668889375,136.668889375,136.668889375,136.668889375
2023-05-23 15:49:00,136.592830167,136.592830167,136.592830167,136.592830167
2023-05-23 15:50:00,136.6070912685,136.6070912685,136.6070912685,136.6070912685
2023-05-23 15:51:00,136.6070912685,136.6070912685,136.6070912685,136.6070912685
2023-05-23 15:52:00,136.6070912685,136.6070912685,136.6070912685,136.6070912685
2023-05-23 15:53:00,136.393174746,136.393174746,136.393174746,136.393174746
2023-05-23 15:54:00,136.393174746,136.393174746,136.393174746,136.393174746
2023-05-23 15:55:00,136.393174746,136.393174746,136.393174746,136.393174746
2023-05-23 15:56:00,136.393174746,136.393174746,136.393174746,136.393174746
2023-05-23 15:57:00,136.393174746,136.393174746,136.393174746,136.393174746
2023-05-23 15:58:00,136.393174746,136.393174746,136.393174746,136.393174746
2023-05-23 15:59:00,136.307608137,136.317115538,136.307608137,136.317115538
2023-05-23 16:00:00,136.307608137,136.307608137,136.307608137,136.307608137
2023-05-24 09:31:00,136.231548929,136.164997122,136.164997122,136.231548929
2023-05-24 09:32:00,136.14598232,136.212534127,136.14598232,136.212534127
2023-05-24 09:33:00,136.14598232,136.212534127,136.14598232,136.212534127
2023-05-24 09:34:00,136.4359580505,136.4359580505,136.4359580505,136.4359580505
2023-05-24 09:35:00,136.4359580505,136.4359580505,136.4359580505,136.4359580505
2023-05-24 09:36:00,136.4359580505,136.4359580505,136.4359580505,136.4359580505
2023-05-24 09:37:00,135.9558343,135.9558343,135.9558343,135.9558343
2023-05-24 09:38:00,136.069923112,136.0366472085,136.02856591765,136.069923112
2023-05-24 09:39:00,136.126967518,136.126967518,136.126967518,136.126967518
2023-05-24 09:40:00,136.117460117,136.117460117,136.117460117,136.117460117
2023-05-24 09:41:00,136.117460117,136.117460117,136.117460117,136.117460117
2023-05-24 09:42:00,136.117460117,136.117460117,136.117460117,136.117460117
2023-05-24 09:43:00,136.00470234114,136.05090831,136.00470234114,136.05090831
2023-05-24 09:44:00,136.003371305,136.012878706,136.003371305,136.05090831
2023-05-24 09:45:00,136.003371305,136.012878706,136.003371305,136.05090831
2023-05-24 09:46:00,136.003371305,136.012878706,136.003371305,136.05090831
2023-05-24 09:47:00,136.25683861566,136.25683861566,136.25683861566,136.25683861566
2023-05-24 09:48:00,136.25683861566,136.25683861566,136.25683861566,136.25683861566
2023-05-24 09:49:00,136.25683861566,136.25683861566,136.25683861566,136.25683861566
2023-05-24 09:50:00,136.25683861566,136.25683861566,136.25683861566,136.25683861566
2023-05-24 09:51:00,136.25683861566,136.25683861566,136.25683861566,136.25683861566
2023-05-24 09:52:00,136.25683861566,136.25683861566,136.25683861566,136.25683861566
2023-05-24 09:53:00,136.25683861566,136.25683861566,136.25683861566,136.25683861566
2023-05-24 09:54:00,135.94670719504,135.94670719504,135.94670719504,135.94670719504
2023-05-24 09:55:00,136.012878706,136.012878706,136.012878706,136.012878706
2023-05-24 09:56:00,136.012878706,136.012878706,136.012878706,136.012878706
2023-05-24 09:57:00,135.699134473,135.889282493,135.699134473,135.889282493
2023-05-24 09:58:00,135.699134473,135.889282493,135.699134473,135.889282493
2023-05-24 09:59:00,135.699134473,135.889282493,135.699134473,135.889282493
2023-05-24 10:00:00,135.718149275,135.718149275,135.718149275,135.718149275
2023-05-24 10:01:00,135.832238087,135.832238087,135.832238087,135.832238087
2023-05-24 10:02:00,135.832238087,135.832238087,135.832238087,135.832238087
2023-05-24 10:03:00,135.89774407989,135.89774407989,135.89774407989,135.89774407989
2023-05-24 10:04:00,135.89774407989,135.89774407989,135.89774407989,135.89774407989
2023-05-24 10:05:00,136.088937914,136.088937914,136.088937914,136.088937914
2023-05-24 10:06:00,136.012878706,136.012878706,136.012878706,136.012878706
2023-05-24 10:07:00,136.012878706,136.012878706,136.012878706,136.012878706
2023-05-24 10:08:00,136.012878706,136.012878706,136.012878706,136.012878706
2023-05-24 10:09:00,136.012878706,136.012878706,136.012878706,136.012878706
2023-05-24 10:10:00,136.079430513,136.079430513,136.079430513,136.079430513
2023-05-24 10:11:00,136.022386107,136.0271398075,135.95592937401,136.0271398075
2023-05-24 10:12:00,136.022386107,136.0271398075,135.95592937401,136.0271398075
2023-05-24 10:13:00,136.022386107,136.0271398075,135.95592937401,136.0271398075
2023-05-24 10:14:00,136.012878706,136.012878706,136.012878706,136.012878706
2023-05-24 10:15:00,136.012878706,136.05090831,136.012878706,136.05090831
2023-05-24 10:16:00,136.012878706,136.05090831,136.012878706,136.05090831
2023-05-24 10:17:00,136.012878706,136.05090831,136.012878706,136.05090831
2023-05-24 10:18:00,135.8464991885,135.8464991885,135.8464991885,135.8464991885
2023-05-24 10:19:00,135.8464991885,135.8464991885,135.8464991885,135.8464991885
2023-05-24 10:20:00,135.8464991885,135.8464991885,135.8464991885,135.8464991885
2023-05-24 10:21:00,135.737164077,135.737164077,135.737164077,135.737164077
2023-05-24 10:22:00,135.737164077,135.737164077,135.737164077,135.737164077
2023-05-24 10:23:00,135.737164077,135.737164077,135.737164077,135.737164077
2023-05-24 10:24:00,135.64075903086,135.6563511685,135.64075903086,135.689627072
2023-05-24 10:25:00,135.64075903086,135.6563511685,135.64075903086,135.689627072
2023-05-24 10:26:00,135.76568628,135.737164077,135.718149275,135.76568628
2023-05-24 10:27:00,135.89394111949,135.89394111949,135.89394111949,135.89394111949
2023-05-24 10:28:00,136.041400909,136.041400909,136.041400909,136.041400909
2023-05-24 10:29:00,136.041400909,136.041400909,136.041400909,136.041400909
2023-05-24 10:30:00,136.041400909,136.041400909,136.041400909,136.041400909
2023-05-24 10:31:00,136.041400909,136.041400909,136.041400909,136.041400909
2023-05-24 10:32:00,136.041400909,136.041400909,136.041400909,136.041400909
2023-05-24 10:33:00,136.041400909,136.041400909,136.041400909,136.041400909
2023-05-24 10:34:00,136.43120435,136.43120435,136.43120435,136.43120435
2023-05-24 10:35:00,136.43120435,136.43120435,136.43120435,136.43120435
2023-05-24 10:36:00,136.3028544365,136.269578533,136.269578533,136.3028544365
2023-05-24 10:37:00,136.3028544365,136.269578533,136.269578533,136.3028544365
2023-05-24 10:38:00,136.260071132,136.250563731,136.250563731,136.260071132
2023-05-24 10:39:00,136.193519325,136.193519325,136.193519325,136.193519325
2023-05-24 10:40:00,136.193519325,136.193519325,136.193519325,136.193519325
2023-05-24 10:41:00,136.136474919,136.126967518,136.1127064165,136.136474919
2023-05-24 10:42:00,136.231548929,136.164997122,136.164997122,136.231548929
2023-05-24 10:43:00,136.231548929,136.164997122,136.164997122,136.231548929
2023-05-24 10:44:00,136.231548929,136.164997122,136.164997122,136.231548929
2023-05-24 10:45:00,136.231548929,136.164997122,136.164997122,136.231548929
2023-05-24 10:46:00,136.231548929,136.164997122,136.164997122,136.231548929
2023-05-24 10:47:00,136.231548929,136.164997122,136.164997122,136.231548929
2023-05-24 10:48:00,136.4454654515,136.440711751,136.4359580505,136.4454654515
2023-05-24 10:49:00,136.193519325,136.326622939,136.193519325,136.345637741
2023-05-24 10:50:00,136.193519325,136.326622939,136.193519325,136.345637741
2023-05-24 10:51:00,136.193519325,136.326622939,136.193519325,136.345637741
2023-05-24 10:52:00,136.193519325,136.326622939,136.193519325,136.345637741
2023-05-24 10:53:00,136.193519325,136.326622939,136.193519325,136.345637741
2023-05-24 10:54:00,136.193519325,136.326622939,136.193519325,136.345637741
2023-05-24 10:55:00,136.193519325,136.326622939,136.193519325,136.345637741
2023-05-24 10:56:00,136.193519325,136.326622939,136.193519325,136.345637741
2023-05-24 10:57:00,136.193519325,136.326622939,136.193519325,136.345637741
2023-05-24 10:58:00,136.193519325,136.326622939,136.193519325,136.345637741
2023-05-24 10:59:00,136.193519325,136.326622939,136.193519325,136.345637741
2023-05-24 11:00:00,136.193519325,136.326622939,136.193519325,136.345637741
2023-05-24 11:01:00,136.193519325,136.326622939,136.193519325,136.345637741
2023-05-24 11:02:00,136.193519325,136.326622939,136.193519325,136.345637741
2023-05-24 11:03:00,136.193519325,136.326622939,136.193519325,136.345637741
2023-05-24 11:04:00,136.193519325,136.326622939,136.193519325,136.345637741
2023-05-24 11:05:00,136.193519325,136.326622939,136.193519325,136.345637741
2023-05-24 11:06:00,136.193519325,136.326622939,136.193519325,136.345637741
2023-05-24 11:07:00,136.193519325,136.326622939,136.193519325,136.345637741
2023-05-24 11:08:00,136.193519325,136.326622939,136.193519325,136.345637741
2023-05-24 11:09:00,135.9558343,135.974849102,135.9558343,135.974849102
2023-05-24 11:10:00,135.91191010738,135.91191010738,135.91191010738,135.91191010738
2023-05-24 11:11:00,135.822730686,135.822730686,135.822730686,135.822730686
2023-05-24 11:12:00,135.822730686,135.822730686,135.822730686,135.822730686
2023-05-24 11:13:00,135.95573922599,135.95573922599,135.95573922599,135.95573922599
2023-05-24 11:14:00,135.727656676,135.832238087,135.727656676,135.832238087
2023-05-24 11:15:00,135.727656676,135.832238087,135.727656676,135.832238087
2023-05-24 11:16:00,135.727656676,135.832238087,135.727656676,135.832238087
2023-05-24 11:17:00,135.727656676,135.832238087,135.727656676,135.832238087
2023-05-24 11:18:00,135.727656676,135.832238087,135.727656676,135.832238087
2023-05-24 11:19:00,135.898789894,135.898789894,135.898789894,135.898789894
2023-05-24 11:20:00,135.898789894,135.898789894,135.898789894,135.898789894
2023-05-24 11:21:00,135.898789894,135.898789894,135.898789894,135.898789894
2023-05-24 11:22:00,135.9558343,135.889282493,135.889282493,135.9558343
2023-05-24 11:23:00,135.936819498,135.936819498,135.936819498,135.936819498
2023-05-24 11:24:00,135.936819498,135.936819498,135.936819498,135.936819498
2023-05-24 11:25:00,135.936819498,135.936819498,135.936819498,135.936819498
2023-05-24 11:26:00,135.936819498,135.936819498,135.936819498,135.936819498
2023-05-24 11:27:00,136.041400909,136.041400909,136.041400909,136.041400909
2023-05-24 11:28:00,136.107952716,136.022386107,136.022386107,136.107952716
2023-05-24 11:29:00,135.898789894,135.9558343,135.898789894,135.9558343
2023-05-24 11:30:00,135.80076858969,135.841745488,135.80076858969,135.86076029
2023-05-24 11:31:00,135.80076858969,135.841745488,135.80076858969,135.86076029
2023-05-24 11:32:00,135.76568628,135.76568628,135.76568628,135.775193681
2023-05-24 11:33:00,135.76568628,135.76568628,135.76568628,135.775193681
2023-05-24 11:34:00,135.76568628,135.76568628,135.76568628,135.775193681
2023-05-24 11:35:00,135.76568628,135.76568628,135.76568628,135.775193681
2023-05-24 11:36:00,135.76568628,135.76568628,135.76568628,135.775193681
2023-05-24 11:37:00,135.76568628,135.76568628,135.76568628,135.775193681
2023-05-24 11:38:00,135.76568628,135.76568628,135.76568628,135.775193681
2023-05-24 11:39:00,135.76568628,135.76568628,135.76568628,135.775193681
2023-05-24 11:40:00,135.746671478,135.746671478,135.746671478,135.746671478
2023-05-24 11:41:00,135.76568628,135.76568628,135.76568628,135.76568628
2023-05-24 11:42:00,135.76568628,135.76568628,135.76568628,135.76568628
2023-05-24 11:43:00,135.76568628,135.76568628,135.76568628,135.76568628
2023-05-24 11:44:00,135.48046425,135.604060463,135.48046425,135.604060463
2023-05-24 11:45:00,135.48046425,135.604060463,135.48046425,135.604060463
2023-05-24 11:46:00,135.48046425,135.604060463,135.48046425,135.604060463
2023-05-24 11:47:00,135.48046425,135.604060463,135.48046425,135.604060463
2023-05-24 11:48:00,135.48046425,135.604060463,135.48046425,135.604060463
2023-05-24 11:49:00,135.48046425,135.604060463,135.48046425,135.604060463
2023-05-24 11:50:00,135.48046425,135.604060463,135.48046425,135.604060463
2023-05-24 11:51:00,135.566030859,135.537508656,135.537508656,135.566030859
2023-05-24 11:52:00,135.566030859,135.537508656,135.537508656,135.566030859
2023-05-24 11:53:00,135.566030859,135.537508656,135.537508656,135.566030859
2023-05-24 11:54:00,135.337853235,135.337853235,135.337853235,135.337853235
2023-05-24 11:55:00,135.242779225,135.242779225,135.242779225,135.242779225
2023-05-24 11:56:00,135.318838433,135.309331032,135.309331032,135.318838433
2023-05-24 11:57:00,135.328345834,135.328345834,135.328345834,135.328345834
2023-05-24 11:58:00,135.328345834,135.328345834,135.328345834,135.328345834
2023-05-24 11:59:00,135.328345834,135.328345834,135.328345834,135.328345834
2023-05-24 12:00:00,135.299823631,135.318838433,135.299823631,135.318838433
2023-05-24 12:01:00,135.299823631,135.318838433,135.299823631,135.318838433
2023-05-24 12:02:00,135.375882839,135.375882839,135.375882839,135.375882839
2023-05-24 12:03:00,135.394897641,135.3711291385,135.3711291385,135.394897641
2023-05-24 12:04:00,135.394897641,135.3711291385,135.3711291385,135.394897641
2023-05-24 12:05:00,135.394897641,135.3711291385,135.3711291385,135.394897641
2023-05-24 12:06:00,135.394897641,135.3711291385,135.3711291385,135.394897641
2023-05-24 12:07:00,135.394897641,135.3711291385,135.3711291385,135.394897641
2023-05-24 12:08:00,135.451942047,135.451942047,135.451942047,135.451942047
2023-05-24 12:09:00,135.451942047,135.451942047,135.451942047,135.451942047
2023-05-24 12:10:00,135.451942047,135.451942047,135.451942047,135.451942047
2023-05-24 12:11:00,135.451942047,135.451942047,135.451942047,135.451942047
2023-05-24 12:12:00,135.38539024,135.432927245,135.38539024,135.442434646
2023-05-24 12:13:00,135.3806365395,135.3806365395,135.3806365395,135.3806365395
2023-05-24 12:14:00,135.3806365395,135.3806365395,135.3806365395,135.3806365395
2023-05-24 12:15:00,135.3806365395,135.3806365395,135.3806365395,135.3806365395
2023-05-24 12:16:00,135.3806365395,135.3806365395,135.3806365395,135.3806365395
2023-05-24 12:17:00,135.3806365395,135.3806365395,135.3806365395,135.3806365395
2023-05-24 12:18:00,135.3806365395,135.3806365395,135.3806365395,135.3806365395
2023-05-24 12:19:00,135.3806365395,135.3806365395,135.3806365395,135.3806365395
2023-05-24 12:20:00,135.3806365395,135.3806365395,135.3806365395,135.3806365395
2023-05-24 12:21:00,135.3806365395,135.3806365395,135.3806365395,135.3806365395
2023-05-24 12:22:00,135.489971651,135.489971651,135.489971651,135.489971651
2023-05-24 12:23:00,135.489971651,135.489971651,135.489971651,135.489971651
2023-05-24 12:24:00,135.489971651,135.489971651,135.489971651,135.489971651
2023-05-24 12:25:00,135.489971651,135.489971651,135.489971651,135.489971651
2023-05-24 12:26:00,135.489971651,135.489971651,135.489971651,135.489971651
2023-05-24 12:27:00,135.566030859,135.566030859,135.566030859,135.566030859
2023-05-24 12:28:00,135.623075265,135.623075265,135.623075265,135.623075265
2023-05-24 12:29:00,135.623075265,135.623075265,135.623075265,135.623075265
2023-05-24 12:30:00,135.594553062,135.594553062,135.594553062,135.594553062
2023-05-24 12:31:00,135.594553062,135.594553062,135.594553062,135.594553062
2023-05-24 12:32:00,135.5802919605,135.5802919605,135.5802919605,135.5802919605
2023-05-24 12:33:00,135.5802919605,135.5802919605,135.5802919605,135.5802919605
2023-05-24 12:34:00,135.5802919605,135.5802919605,135.5802919605,135.5802919605
2023-05-24 12:35:00,135.5802919605,135.5802919605,135.5802919605,135.5802919605
2023-05-24 12:36:00,135.5802919605,135.5802919605,135.5802919605,135.5802919605
2023-05-24 12:37:00,135.5802919605,135.5802919605,135.5802919605,135.5802919605
2023-05-24 12:38:00,135.5802919605,135.5802919605,135.5802919605,135.5802919605
2023-05-24 12:39:00,135.5802919605,135.5802919605,135.5802919605,135.5802919605
2023-05-24 12:40:00,135.5802919605,135.5802919605,135.5802919605,135.5802919605
2023-05-24 12:41:00,135.5802919605,135.5802919605,135.5802919605,135.5802919605
2023-05-24 12:42:00,135.5802919605,135.5802919605,135.5802919605,135.5802919605
2023-05-24 12:43:00,135.5802919605,135.5802919605,135.5802919605,135.5802919605
2023-05-24 12:44:00,135.5802919605,135.5802919605,135.5802919605,135.5802919605
2023-05-24 12:45:00,135.5802919605,135.5802919605,135.5802919605,135.5802919605
2023-05-24 12:46:00,135.5802919605,135.5802919605,135.5802919605,135.5802919605
2023-05-24 12:47:00,135.5802919605,135.5802919605,135.5802919605,135.5802919605
2023-05-24 12:48:00,135.5802919605,135.5802919605,135.5802919605,135.5802919605
2023-05-24 12:49:00,135.5802919605,135.5802919605,135.5802919605,135.5802919605
2023-05-24 12:50:00,135.5802919605,135.5802919605,135.5802919605,135.5802919605
2023-05-24 12:51:00,135.5802919605,135.5802919605,135.5802919605,135.5802919605
2023-05-24 12:52:00,135.908297295,135.908297295,135.908297295,135.908297295
2023-05-24 12:53:00,135.908297295,135.908297295,135.908297295,135.908297295
2023-05-24 12:54:00,135.917804696,135.917804696,135.917804696,135.917804696
2023-05-24 12:55:00,135.917804696,135.917804696,135.917804696,135.917804696
2023-05-24 12:56:00,135.917804696,135.917804696,135.917804696,135.917804696
2023-05-24 12:57:00,135.917804696,135.917804696,135.917804696,135.917804696
2023-05-24 12:58:00,135.917804696,135.917804696,135.917804696,135.917804696
2023-05-24 12:59:00,135.718149275,135.718149275,135.718149275,135.718149275
2023-05-24 13:00:00,135.718149275,135.718149275,135.718149275,135.718149275
2023-05-24 13:01:00,135.718149275,135.718149275,135.718149275,135.718149275
2023-05-24 13:02:00,135.57553826,135.57553826,135.57553826,135.57553826
2023-05-24 13:03:00,135.57553826,135.57553826,135.57553826,135.57553826
2023-05-24 13:04:00,135.57553826,135.57553826,135.57553826,135.57553826
2023-05-24 13:05:00,135.57553826,135.57553826,135.57553826,135.57553826
2023-05-24 13:06:00,135.57553826,135.57553826,135.57553826,135.57553826
2023-05-24 13:07:00,135.57553826,135.57553826,135.57553826,135.57553826
2023-05-24 13:08:00,135.651597468,135.632582666,135.632582666,135.651597468
2023-05-24 13:09:00,135.651597468,135.632582666,135.632582666,135.651597468
2023-05-24 13:10:00,135.699134473,135.699134473,135.699134473,135.699134473
2023-05-24 13:11:00,135.699134473,135.699134473,135.699134473,135.699134473
2023-05-24 13:12:00,135.699134473,135.699134473,135.699134473,135.699134473
2023-05-24 13:13:00,135.737164077,135.737164077,135.737164077,135.737164077
2023-05-24 13:14:00,135.737164077,135.737164077,135.737164077,135.737164077
2023-05-24 13:15:00,135.737164077,135.737164077,135.737164077,135.737164077
2023-05-24 13:16:00,135.737164077,135.737164077,135.737164077,135.737164077
2023-05-24 13:17:00,135.737164077,135.737164077,135.737164077,135.737164077
2023-05-24 13:18:00,135.737164077,135.737164077,135.737164077,135.737164077
2023-05-24 13:19:00,135.737164077,135.737164077,135.737164077,135.737164077
2023-05-24 13:20:00,135.737164077,135.737164077,135.737164077,135.737164077
2023-05-24 13:21:00,135.737164077,135.737164077,135.737164077,135.737164077
2023-05-24 13:22:00,135.737164077,135.737164077,135.737164077,135.737164077
2023-05-24 13:23:00,135.737164077,135.737164077,135.737164077,135.737164077
2023-05-24 13:24:00,135.727656676,135.794208483,135.727656676,135.794208483
2023-05-24 13:25:00,135.727656676,135.794208483,135.727656676,135.794208483
2023-05-24 13:26:00,135.727656676,135.794208483,135.727656676,135.794208483
2023-05-24 13:27:00,135.727656676,135.794208483,135.727656676,135.794208483
2023-05-24 13:28:00,135.727656676,135.794208483,135.727656676,135.794208483
2023-05-24 13:29:00,135.727656676,135.794208483,135.727656676,135.794208483
2023-05-24 13:30:00,135.727656676,135.794208483,135.727656676,135.794208483
2023-05-24 13:31:00,135.727656676,135.794208483,135.727656676,135.794208483
2023-05-24 13:32:00,135.727656676,135.794208483,135.727656676,135.794208483
2023-05-24 13:33:00,135.727656676,135.794208483,135.727656676,135.794208483
2023-05-24 13:34:00,135.727656676,135.794208483,135.727656676,135.794208483
2023-05-24 13:35:00,135.727656676,135.794208483,135.727656676,135.794208483
2023-05-24 13:36:00,135.727656676,135.794208483,135.727656676,135.794208483
2023-05-24 13:37:00,135.727656676,135.794208483,135.727656676,135.794208483
2023-05-24 13:38:00,135.708641874,135.689627072,135.689627072,135.708641874
2023-05-24 13:39:00,135.708641874,135.689627072,135.689627072,135.708641874
2023-05-24 13:40:00,135.708641874,135.689627072,135.689627072,135.708641874
2023-05-24 13:41:00,135.708641874,135.689627072,135.689627072,135.708641874
2023-05-24 13:42:00,135.708641874,135.689627072,135.689627072,135.708641874
2023-05-24 13:43:00,135.708641874,135.689627072,135.689627072,135.708641874
2023-05-24 13:44:00,135.775193681,135.775193681,135.775193681,135.775193681
2023-05-24 13:45:00,135.775193681,135.775193681,135.775193681,135.775193681
2023-05-24 13:46:00,135.727656676,135.794208483,135.727656676,135.794208483
2023-05-24 13:47:00,135.727656676,135.794208483,135.727656676,135.794208483
2023-05-24 13:48:00,135.727656676,135.794208483,135.727656676,135.794208483
2023-05-24 13:49:00,135.727656676,135.794208483,135.727656676,135.794208483
2023-05-24 13:50:00,135.727656676,135.794208483,135.727656676,135.794208483
2023-05-24 13:51:00,135.727656676,135.794208483,135.727656676,135.794208483
2023-05-24 13:52:00,135.718149275,135.689627072,135.689627072,135.718149275
2023-05-24 13:53:00,135.718149275,135.689627072,135.689627072,135.718149275
2023-05-24 13:54:00,135.718149275,135.689627072,135.689627072,135.718149275
2023-05-24 13:55:00,135.718149275,135.689627072,135.689627072,135.718149275
2023-05-24 13:56:00,135.718149275,135.689627072,135.689627072,135.718149275
2023-05-24 13:57:00,135.775193681,135.756178879,135.756178879,135.775193681
2023-05-24 13:58:00,135.775193681,135.756178879,135.756178879,135.775193681
2023-05-24 13:59:00,135.775193681,135.756178879,135.756178879,135.775193681
2023-05-24 14:00:00,135.775193681,135.756178879,135.756178879,135.775193681
2023-05-24 14:01:00,135.775193681,135.756178879,135.756178879,135.775193681
2023-05-24 14:02:00,135.775193681,135.756178879,135.756178879,135.775193681
2023-05-24 14:03:00,135.775193681,135.756178879,135.756178879,135.775193681
2023-05-24 14:04:00,135.775193681,135.756178879,135.756178879,135.775193681
2023-05-24 14:05:00,135.775193681,135.756178879,135.756178879,135.775193681
2023-05-24 14:06:00,135.775193681,135.756178879,135.756178879,135.775193681
2023-05-24 14:07:00,135.775193681,135.756178879,135.756178879,135.775193681
2023-05-24 14:08:00,135.775193681,135.756178879,135.756178879,135.775193681
2023-05-24 14:09:00,135.775193681,135.756178879,135.756178879,135.775193681
2023-05-24 14:10:00,135.775193681,135.756178879,135.756178879,135.775193681
2023-05-24 14:11:00,135.775193681,135.756178879,135.756178879,135.775193681
2023-05-24 14:12:00,135.566030859,135.57553826,135.566030859,135.585045661
2023-05-24 14:13:00,135.566030859,135.57553826,135.566030859,135.585045661
2023-05-24 14:14:00,135.566030859,135.57553826,135.566030859,135.585045661
2023-05-24 14:15:00,135.566030859,135.57553826,135.566030859,135.585045661
2023-05-24 14:16:00,135.680119671,135.680119671,135.67061227,135.680119671
2023-05-24 14:17:00,135.680119671,135.680119671,135.67061227,135.680119671
2023-05-24 14:18:00,135.680119671,135.680119671,135.67061227,135.680119671
2023-05-24 14:19:00,135.680119671,135.680119671,135.67061227,135.680119671
2023-05-24 14:20:00,135.680119671,135.680119671,135.67061227,135.680119671
2023-05-24 14:21:00,135.680119671,135.680119671,135.67061227,135.680119671
2023-05-24 14:22:00,135.528001255,135.528001255,135.528001255,135.528001255
2023-05-24 14:23:00,135.528001255,135.528001255,135.528001255,135.528001255
2023-05-24 14:24:00,135.528001255,135.528001255,135.528001255,135.528001255
2023-05-24 14:25:00,135.499479052,135.499479052,135.499479052,135.499479052
2023-05-24 14:26:00,135.499479052,135.499479052,135.499479052,135.499479052
2023-05-24 14:27:00,135.499479052,135.499479052,135.499479052,135.499479052
2023-05-24 14:28:00,135.499479052,135.499479052,135.499479052,135.499479052
2023-05-24 14:29:00,135.499479052,135.499479052,135.499479052,135.499479052
2023-05-24 14:30:00,135.499479052,135.499479052,135.499479052,135.499479052
2023-05-24 14:31:00,135.337853235,135.356868037,135.337853235,135.356868037
2023-05-24 14:32:00,135.337853235,135.356868037,135.337853235,135.356868037
2023-05-24 14:33:00,135.337853235,135.356868037,135.337853235,135.356868037
2023-05-24 14:34:00,135.337853235,135.356868037,135.337853235,135.356868037
2023-05-24 14:35:00,135.337853235,135.356868037,135.337853235,135.356868037
2023-05-24 14:36:00,135.337853235,135.356868037,135.337853235,135.356868037
2023-05-24 14:37:00,135.337853235,135.356868037,135.337853235,135.356868037
2023-05-24 14:38:00,135.718149275,135.718149275,135.718149275,135.718149275
2023-05-24 14:39:00,135.718149275,135.718149275,135.718149275,135.718149275
2023-05-24 14:40:00,135.718149275,135.718149275,135.718149275,135.718149275
2023-05-24 14:41:00,135.718149275,135.718149275,135.718149275,135.718149275
2023-05-24 14:42:00,135.718149275,135.718149275,135.718149275,135.718149275
2023-05-24 14:43:00,135.718149275,135.718149275,135.718149275,135.718149275
2023-05-24 14:44:00,135.718149275,135.718149275,135.718149275,135.718149275
2023-05-24 14:45:00,135.718149275,135.718149275,135.718149275,135.718149275
2023-05-24 14:46:00,135.718149275,135.718149275,135.718149275,135.718149275
2023-05-24 14:47:00,135.775193681,135.775193681,135.775193681,135.775193681
2023-05-24 14:48:00,135.775193681,135.775193681,135.775193681,135.775193681
2023-05-24 14:49:00,135.775193681,135.775193681,135.775193681,135.775193681
2023-05-24 14:50:00,135.775193681,135.775193681,135.775193681,135.775193681
2023-05-24 14:51:00,135.775193681,135.775193681,135.775193681,135.775193681
2023-05-24 14:52:00,135.784701082,135.784701082,135.784701082,135.784701082
2023-05-24 14:53:00,135.784701082,135.784701082,135.784701082,135.784701082
2023-05-24 14:54:00,135.784701082,135.784701082,135.784701082,135.784701082
2023-05-24 14:55:00,135.604060463,135.604060463,135.604060463,135.604060463
2023-05-24 14:56:00,135.604060463,135.604060463,135.604060463,135.604060463
2023-05-24 14:57:00,135.604060463,135.604060463,135.604060463,135.604060463
2023-05-24 14:58:00,135.604060463,135.604060463,135.604060463,135.604060463
2023-05-24 14:59:00,135.604060463,135.604060463,135.604060463,135.604060463
2023-05-24 15:00:00,135.604060463,135.604060463,135.604060463,135.604060463
2023-05-24 15:01:00,135.604060463,135.604060463,135.604060463,135.604060463
2023-05-24 15:02:00,135.604060463,135.604060463,135.604060463,135.604060463
2023-05-24 15:03:00,135.604060463,135.604060463,135.604060463,135.604060463
2023-05-24 15:04:00,135.470956849,135.470956849,135.470956849,135.470956849
2023-05-24 15:05:00,135.470956849,135.470956849,135.470956849,135.470956849
2023-05-24 15:06:00,135.461449448,135.461449448,135.461449448,135.461449448
2023-05-24 15:07:00,135.632582666,135.632582666,135.632582666,135.632582666
2023-05-24 15:08:00,135.613567864,135.613567864,135.613567864,135.613567864
2023-05-24 15:09:00,135.613567864,135.613567864,135.613567864,135.613567864
2023-05-24 15:10:00,135.613567864,135.613567864,135.613567864,135.613567864
2023-05-24 15:11:00,135.613567864,135.613567864,135.613567864,135.613567864
2023-05-24 15:12:00,135.508986453,135.518493854,135.508986453,135.518493854
2023-05-24 15:13:00,135.508986453,135.518493854,135.508986453,135.518493854
2023-05-24 15:14:00,135.508986453,135.518493854,135.508986453,135.518493854
2023-05-24 15:15:00,135.508986453,135.518493854,135.508986453,135.518493854
2023-05-24 15:16:00,135.508986453,135.518493854,135.508986453,135.518493854
2023-05-24 15:17:00,135.508986453,135.518493854,135.508986453,135.518493854
2023-05-24 15:18:00,135.508986453,135.518493854,135.508986453,135.518493854
2023-05-24 15:19:00,135.508986453,135.518493854,135.508986453,135.518493854
2023-05-24 15:20:00,135.508986453,135.518493854,135.508986453,135.518493854
2023-05-24 15:21:00,135.917804696,135.917804696,135.917804696,135.917804696
2023-05-24 15:22:00,135.917804696,135.917804696,135.917804696,135.917804696
2023-05-24 15:23:00,135.917804696,135.917804696,135.917804696,135.917804696
2023-05-24 15:24:00,135.794208483,135.794208483,135.794208483,135.794208483
2023-05-24 15:25:00,135.794208483,135.794208483,135.794208483,135.794208483
2023-05-24 15:26:00,135.794208483,135.794208483,135.794208483,135.794208483
2023-05-24 15:27:00,135.794208483,135.794208483,135.794208483,135.794208483
2023-05-24 15:28:00,135.794208483,135.794208483,135.794208483,135.794208483
2023-05-24 15:29:00,135.794208483,135.794208483,135.794208483,135.794208483
2023-05-24 15:30:00,135.794208483,135.794208483,135.794208483,135.794208483
2023-05-24 15:31:00,135.794208483,135.794208483,135.794208483,135.794208483
2023-05-24 15:32:00,135.794208483,135.794208483,135.794208483,135.794208483
2023-05-24 15:33:00,136.003371305,136.003371305,136.003371305,136.003371305
2023-05-24 15:34:00,135.898789894,135.898789894,135.898789894,135.898789894
2023-05-24 15:35:00,135.813223285,135.813223285,135.813223285,135.813223285
2023-05-24 15:36:00,135.813223285,135.813223285,135.813223285,135.813223285
2023-05-24 15:37:00,135.813223285,135.813223285,135.813223285,135.813223285
2023-05-24 15:38:00,135.727656676,135.727656676,135.727656676,135.727656676
2023-05-24 15:39:00,135.746671478,135.746671478,135.746671478,135.746671478
2023-05-24 15:40:00,135.746671478,135.746671478,135.746671478,135.746671478
2023-05-24 15:41:00,135.746671478,135.746671478,135.746671478,135.746671478
2023-05-24 15:42:00,135.746671478,135.746671478,135.746671478,135.746671478
2023-05-24 15:43:00,135.746671478,135.746671478,135.746671478,135.746671478
2023-05-24 15:44:00,135.746671478,135.746671478,135.746671478,135.746671478
2023-05-24 15:45:00,135.746671478,135.746671478,135.746671478,135.746671478
2023-05-24 15:46:00,135.746671478,135.746671478,135.746671478,135.746671478
2023-05-24 15:47:00,135.746671478,135.746671478,135.746671478,135.746671478
2023-05-24 15:48:00,135.746671478,135.746671478,135.746671478,135.746671478
2023-05-24 15:49:00,135.57553826,135.57553826,135.57553826,135.57553826
2023-05-24 15:50:00,135.57553826,135.57553826,135.57553826,135.57553826
2023-05-24 15:51:00,135.423419844,135.461449448,135.423419844,135.461449448
2023-05-24 15:52:00,135.423419844,135.461449448,135.423419844,135.461449448
2023-05-24 15:53:00,135.556523458,135.556523458,135.556523458,135.556523458
2023-05-24 15:54:00,135.556523458,135.556523458,135.556523458,135.556523458
2023-05-24 15:55:00,135.556523458,135.556523458,135.556523458,135.556523458
2023-05-24 15:56:00,135.556523458,135.556523458,135.556523458,135.556523458
2023-05-24 15:57:00,135.556523458,135.556523458,135.556523458,135.556523458
2023-05-24 15:58:00,135.470956849,135.537508656,135.470956849,135.537508656
2023-05-24 15:59:00,135.470956849,135.537508656,135.470956849,135.537508656
2023-05-24 16:00:00,135.48046425,135.48046425,135.48046425,135.48046425
2023-05-25 09:31:00,135.081153408,135.147705215,135.033616403,135.147705215
2023-05-25 09:32:00,134.976571997,134.976571997,134.976571997,134.976571997
2023-05-25 09:33:00,134.58667348199,134.33957613,134.33957613,134.58667348199
2023-05-25 09:34:00,134.377605734,134.586768556,134.2948913453,134.586768556
2023-05-25 09:35:00,134.72928449699,134.5344778505,134.5344778505,134.72928449699
2023-05-25 09:36:00,134.72928449699,134.5344778505,134.5344778505,134.72928449699
2023-05-25 09:37:00,134.0210781965,134.0543541,133.95928009,134.0543541
2023-05-25 09:38:00,134.016324496,134.07327382799,133.978294892,134.07327382799
2023-05-25 09:39:00,134.016324496,134.07327382799,133.978294892,134.07327382799
2023-05-25 09:40:00,133.95928009,133.911743085,133.911743085,133.95928009
2023-05-25 09:41:00,133.98827766305,133.949772689,133.949772689,133.98827766305
2023-05-25 09:42:00,134.0686152015,134.0686152015,134.0686152015,134.0686152015
2023-05-25 09:43:00,134.215979917,134.120905907,134.120905907,134.215979917
2023-05-25 09:44:00,134.215979917,134.120905907,134.120905907,134.215979917
2023-05-25 09:45:00,134.082876303,134.0400929985,133.96888256501,134.092383704
2023-05-25 09:46:00,134.082876303,134.0400929985,133.96888256501,134.092383704
2023-05-25 09:47:00,134.111398506,134.111398506,134.111398506,134.111398506
2023-05-25 09:48:00,134.111398506,134.111398506,134.111398506,134.111398506
2023-05-25 09:49:00,134.1161522065,134.1161522065,134.1161522065,134.1161522065
2023-05-25 09:50:00,133.655043258,134.02573682299,133.655043258,134.02573682299
2023-05-25 09:51:00,133.655043258,134.02573682299,133.655043258,134.02573682299
2023-05-25 09:52:00,133.588491451,133.588491451,133.588491451,133.588491451
2023-05-25 09:53:00,133.5875407109,133.57898405,133.57898405,133.5875407109
2023-05-25 09:54:00,133.474402639,133.474402639,133.474402639,133.474402639
2023-05-25 09:55:00,133.350806426,133.350806426,133.350806426,133.350806426
2023-05-25 09:56:00,133.350806426,133.350806426,133.350806426,133.350806426
2023-05-25 09:57:00,133.350806426,133.350806426,133.350806426,133.350806426
2023-05-25 09:58:00,133.64410974685,133.64410974685,133.64410974685,133.64410974685
2023-05-25 09:59:00,133.66816347138,133.66816347138,133.66816347138,133.66816347138
2023-05-25 10:00:00,133.66816347138,133.66816347138,133.66816347138,133.66816347138
2023-05-25 10:01:00,133.95823427589,133.95823427589,133.95823427589,133.95823427589
2023-05-25 10:02:00,133.95823427589,133.95823427589,133.95823427589,133.95823427589
2023-05-25 10:03:00,133.968787491,133.968787491,133.968787491,133.968787491
2023-05-25 10:04:00,133.968787491,133.968787491,133.968787491,133.968787491
2023-05-25 10:05:00,133.968787491,133.968787491,133.968787491,133.968787491
2023-05-25 10:06:00,134.2045710358,134.2045710358,134.2045710358,134.2045710358
2023-05-25 10:07:00,134.111398506,134.21322277071,134.082876303,134.21512425091
2023-05-25 10:08:00,133.92362733625,133.96479438258,133.92362733625,133.96479438258
2023-05-25 10:09:00,133.92362733625,133.96479438258,133.92362733625,133.96479438258
2023-05-25 10:10:00,133.92362733625,133.96479438258,133.92362733625,133.96479438258
2023-05-25 10:11:00,134.006817095,134.044846699,134.006817095,134.044846699
2023-05-25 10:12:00,134.006817095,134.044846699,134.006817095,134.044846699
2023-05-25 10:13:00,134.006817095,134.044846699,134.006817095,134.044846699
2023-05-25 10:14:00,134.006817095,134.044846699,134.006817095,134.044846699
2023-05-25 10:15:00,134.22539224399,134.22539224399,134.22539224399,134.22539224399
2023-05-25 10:16:00,134.22539224399,134.22539224399,134.22539224399,134.22539224399
2023-05-25 10:17:00,134.22539224399,134.22539224399,134.22539224399,134.22539224399
2023-05-25 10:18:00,134.349083531,134.349083531,134.349083531,134.349083531
2023-05-25 10:19:00,134.396620536,134.396620536,134.396620536,134.396620536
2023-05-25 10:20:00,134.396620536,134.396620536,134.396620536,134.396620536
2023-05-25 10:21:00,134.396620536,134.396620536,134.396620536,134.396620536
2023-05-25 10:22:00,134.396620536,134.396620536,134.396620536,134.396620536
2023-05-25 10:23:00,134.396620536,134.396620536,134.396620536,134.396620536
2023-05-25 10:24:00,134.396620536,134.396620536,134.396620536,134.396620536
2023-05-25 10:25:00,134.463172343,134.463172343,134.463172343,134.463172343
2023-05-25 10:26:00,134.463172343,134.463172343,134.463172343,134.463172343
2023-05-25 10:27:00,134.463172343,134.463172343,134.463172343,134.463172343
2023-05-25 10:28:00,134.463172343,134.463172343,134.463172343,134.463172343
2023-05-25 10:29:00,134.463172343,134.463172343,134.463172343,134.463172343
2023-05-25 10:30:00,134.377605734,134.3852116548,134.377605734,134.3852116548
2023-05-25 10:31:00,134.225487318,134.225487318,134.225487318,134.225487318
2023-05-25 10:32:00,134.225487318,134.225487318,134.225487318,134.225487318
2023-05-25 10:33:00,134.14942811,134.14942811,134.14942811,134.14942811
2023-05-25 10:34:00,134.14942811,134.14942811,134.14942811,134.14942811
2023-05-25 10:35:00,134.17395720458,134.17395720458,134.17395720458,134.17395720458
2023-05-25 10:36:00,134.17395720458,134.17395720458,134.17395720458,134.17395720458
2023-05-25 10:37:00,134.17395720458,134.17395720458,134.17395720458,134.17395720458
2023-05-25 10:38:00,134.17395720458,134.17395720458,134.17395720458,134.17395720458
2023-05-25 10:39:00,134.02716293314,134.02716293314,134.02716293314,134.02716293314
2023-05-25 10:40:00,134.02716293314,134.02716293314,134.02716293314,134.02716293314
2023-05-25 10:41:00,134.196965115,134.206472516,134.168442912,134.206472516
2023-05-25 10:42:00,134.187457714,134.187457714,134.187457714,134.187457714
2023-05-25 10:43:00,134.187457714,134.187457714,134.187457714,134.187457714
2023-05-25 10:44:00,134.21826169324,134.21826169324,134.21826169324,134.21826169324
2023-05-25 10:45:00,134.21826169324,134.21826169324,134.21826169324,134.21826169324
2023-05-25 10:46:00,134.21826169324,134.21826169324,134.21826169324,134.21826169324
2023-05-25 10:47:00,134.21826169324,134.21826169324,134.21826169324,134.21826169324
2023-05-25 10:48:00,134.21826169324,134.21826169324,134.21826169324,134.21826169324
2023-05-25 10:49:00,134.21826169324,134.21826169324,134.21826169324,134.21826169324
2023-05-25 10:50:00,134.21826169324,134.21826169324,134.21826169324,134.21826169324
2023-05-25 10:51:00,134.21826169324,134.21826169324,134.21826169324,134.21826169324
2023-05-25 10:52:00,133.987802293,133.987802293,133.987802293,133.987802293
2023-05-25 10:53:00,133.845191278,133.845191278,133.845191278,133.845191278
2023-05-25 10:54:00,133.845191278,133.845191278,133.845191278,133.845191278
2023-05-25 10:55:00,133.845191278,133.845191278,133.845191278,133.845191278
2023-05-25 10:56:00,133.845191278,133.845191278,133.845191278,133.845191278
2023-05-25 10:57:00,133.57898405,133.57898405,133.57898405,133.57898405
2023-05-25 10:58:00,133.4468311761,133.52184456999,133.4468311761,133.52184456999
2023-05-25 10:59:00,133.4468311761,133.52184456999,133.4468311761,133.52184456999
2023-05-25 11:00:00,133.6616984387,133.6616984387,133.6616984387,133.6616984387
2023-05-25 11:01:00,133.6616984387,133.6616984387,133.6616984387,133.6616984387
2023-05-25 11:02:00,133.664550659,133.664550659,133.664550659,133.664550659
2023-05-25 11:03:00,133.664550659,133.664550659,133.664550659,133.664550659
2023-05-25 11:04:00,133.664550659,133.664550659,133.664550659,133.664550659
2023-05-25 11:05:00,133.664550659,133.664550659,133.664550659,133.664550659
2023-05-25 11:06:00,133.664550659,133.664550659,133.664550659,133.664550659
2023-05-25 11:07:00,133.655043258,133.655043258,133.655043258,133.655043258
2023-05-25 11:08:00,133.655043258,133.655043258,133.655043258,133.655043258
2023-05-25 11:09:00,133.655043258,133.655043258,133.655043258,133.655043258
2023-05-25 11:10:00,133.655043258,133.655043258,133.655043258,133.655043258
2023-05-25 11:11:00,133.655043258,133.655043258,133.655043258,133.655043258
2023-05-25 11:12:00,133.655043258,133.655043258,133.655043258,133.655043258
2023-05-25 11:13:00,133.655043258,133.655043258,133.655043258,133.655043258
2023-05-25 11:14:00,133.655043258,133.655043258,133.655043258,133.655043258
2023-05-25 11:15:00,133.512432243,133.512432243,133.512432243,133.512432243
2023-05-25 11:16:00,133.512432243,133.512432243,133.512432243,133.512432243
2023-05-25 11:17:00,133.38883603,133.38883603,133.38883603,133.38883603
2023-05-25 11:18:00,133.103614,133.265239817,133.103614,133.265239817
2023-05-25 11:19:00,133.103614,133.103614,133.103614,133.113121401
2023-05-25 11:20:00,133.056076995,133.056076995,133.056076995,133.056076995
2023-05-25 11:21:00,133.056076995,133.056076995,133.056076995,133.056076995
2023-05-25 11:22:00,133.018047391,133.046569594,133.018047391,133.046569594
2023-05-25 11:23:00,133.018047391,133.046569594,133.018047391,133.046569594
2023-05-25 11:24:00,133.018047391,133.046569594,133.018047391,133.046569594
2023-05-25 11:25:00,133.018047391,133.046569594,133.018047391,133.046569594
2023-05-25 11:26:00,133.018047391,133.046569594,133.018047391,133.046569594
2023-05-25 11:27:00,133.018047391,133.046569594,133.018047391,133.046569594
2023-05-25 11:28:00,133.018047391,133.046569594,133.018047391,133.046569594
2023-05-25 11:29:00,133.018047391,133.046569594,133.018047391,133.046569594
2023-05-25 11:30:00,133.056076995,133.056076995,133.056076995,133.056076995
2023-05-25 11:31:00,133.141643604,133.141643604,133.141643604,133.141643604
2023-05-25 11:32:00,133.141643604,133.141643604,133.141643604,133.141643604
2023-05-25 11:33:00,133.141643604,133.141643604,133.141643604,133.141643604
2023-05-25 11:34:00,133.141643604,133.141643604,133.141643604,133.141643604
2023-05-25 11:35:00,133.141643604,133.141643604,133.141643604,133.141643604
2023-05-25 11:36:00,133.141643604,133.141643604,133.141643604,133.141643604
2023-05-25 11:37:00,133.141643604,133.141643604,133.141643604,133.141643604
2023-05-25 11:38:00,133.141643604,133.141643604,133.141643604,133.141643604
2023-05-25 11:39:00,133.141643604,133.141643604,133.141643604,133.141643604
2023-05-25 11:40:00,132.91346598,132.91346598,132.91346598,132.91346598
2023-05-25 11:41:00,132.865928975,132.865928975,132.865928975,132.865928975
2023-05-25 11:42:00,132.961002985,132.961002985,132.961002985,132.961002985
2023-05-25 11:43:00,132.961002985,132.961002985,132.961002985,132.961002985
2023-05-25 11:44:00,132.961002985,132.961002985,132.961002985,132.961002985
2023-05-25 11:45:00,132.961002985,132.961002985,132.961002985,132.961002985
2023-05-25 11:46:00,132.970510386,132.970510386,132.970510386,132.970510386
2023-05-25 11:47:00,132.970510386,132.970510386,132.970510386,132.970510386
2023-05-25 11:48:00,132.970510386,132.970510386,132.970510386,132.970510386
2023-05-25 11:49:00,132.970510386,132.970510386,132.970510386,132.970510386
2023-05-25 11:50:00,132.970510386,132.970510386,132.970510386,132.970510386
2023-05-25 11:51:00,132.91346598,132.91346598,132.91346598,132.91346598
2023-05-25 11:52:00,132.91346598,132.91346598,132.91346598,132.91346598
2023-05-25 11:53:00,132.91346598,132.91346598,132.91346598,132.91346598
2023-05-25 11:54:00,132.941988183,132.941988183,132.941988183,132.941988183
2023-05-25 11:55:00,132.941988183,132.941988183,132.941988183,132.941988183
2023-05-25 11:56:00,132.941988183,132.941988183,132.941988183,132.941988183
2023-05-25 11:57:00,132.751840163,132.751840163,132.751840163,132.751840163
2023-05-25 11:58:00,132.751840163,132.751840163,132.751840163,132.751840163
2023-05-25 11:59:00,132.713810559,132.742332762,132.713810559,132.742332762
2023-05-25 12:00:00,132.865928975,132.865928975,132.865928975,132.865928975
2023-05-25 12:01:00,132.865928975,132.865928975,132.865928975,132.865928975
2023-05-25 12:02:00,132.865928975,132.865928975,132.865928975,132.865928975
2023-05-25 12:03:00,132.865928975,132.865928975,132.865928975,132.865928975
2023-05-25 12:04:00,132.865928975,132.865928975,132.865928975,132.865928975
2023-05-25 12:05:00,132.865928975,132.865928975,132.865928975,132.865928975
2023-05-25 12:06:00,132.865928975,132.865928975,132.865928975,132.865928975
2023-05-25 12:07:00,132.865928975,132.865928975,132.865928975,132.865928975
2023-05-25 12:08:00,132.865928975,132.865928975,132.865928975,132.865928975
2023-05-25 12:09:00,132.865928975,132.865928975,132.865928975,132.865928975
2023-05-25 12:10:00,132.865928975,132.865928975,132.865928975,132.865928975
2023-05-25 12:11:00,132.865928975,132.865928975,132.865928975,132.865928975
2023-05-25 12:12:00,132.865928975,132.865928975,132.865928975,132.865928975
2023-05-25 12:13:00,132.865928975,132.865928975,132.865928975,132.865928975
2023-05-25 12:14:00,132.865928975,132.865928975,132.865928975,132.865928975
2023-05-25 12:15:00,132.865928975,132.865928975,132.865928975,132.865928975
2023-05-25 12:16:00,132.865928975,132.865928975,132.865928975,132.865928975
2023-05-25 12:17:00,132.865928975,132.865928975,132.865928975,132.865928975
2023-05-25 12:18:00,132.865928975,132.865928975,132.865928975,132.865928975
2023-05-25 12:19:00,132.865928975,132.865928975,132.865928975,132.865928975
2023-05-25 12:20:00,132.865928975,132.865928975,132.865928975,132.865928975
2023-05-25 12:21:00,132.865928975,132.865928975,132.865928975,132.865928975
2023-05-25 12:22:00,132.865928975,132.865928975,132.865928975,132.865928975
2023-05-25 12:23:00,132.865928975,132.865928975,132.865928975,132.865928975
2023-05-25 12:24:00,132.865928975,132.865928975,132.865928975,132.865928975
2023-05-25 12:25:00,133.00853999,133.018047391,133.00853999,133.018047391
2023-05-25 12:26:00,132.961002985,132.999032589,132.961002985,133.00853999
2023-05-25 12:27:00,132.8801900765,132.8801900765,132.8801900765,132.8801900765
2023-05-25 12:28:00,132.827899371,132.894451178,132.827899371,132.894451178
2023-05-25 12:29:00,132.827899371,132.894451178,132.827899371,132.894451178
2023-05-25 12:30:00,132.827899371,132.894451178,132.827899371,132.894451178
2023-05-25 12:31:00,132.789869767,132.865928975,132.780362366,132.865928975
2023-05-25 12:32:00,132.789869767,132.865928975,132.780362366,132.865928975
2023-05-25 12:33:00,132.789869767,132.865928975,132.780362366,132.865928975
2023-05-25 12:34:00,132.789869767,132.865928975,132.780362366,132.865928975
2023-05-25 12:35:00,132.789869767,132.865928975,132.780362366,132.865928975
2023-05-25 12:36:00,132.789869767,132.865928975,132.780362366,132.865928975
2023-05-25 12:37:00,132.789869767,132.865928975,132.780362366,132.865928975
2023-05-25 12:38:00,132.789869767,132.865928975,132.780362366,132.865928975
2023-05-25 12:39:00,132.789869767,132.865928975,132.780362366,132.865928975
2023-05-25 12:40:00,132.789869767,132.865928975,132.780362366,132.865928975
2023-05-25 12:41:00,132.789869767,132.865928975,132.780362366,132.865928975
2023-05-25 12:42:00,132.789869767,132.865928975,132.780362366,132.865928975
2023-05-25 12:43:00,132.789869767,132.865928975,132.780362366,132.865928975
2023-05-25 12:44:00,132.789869767,132.865928975,132.780362366,132.865928975
2023-05-25 12:45:00,132.789869767,132.865928975,132.780362366,132.865928975
2023-05-25 12:46:00,132.789869767,132.865928975,132.780362366,132.865928975
2023-05-25 12:47:00,132.789869767,132.865928975,132.780362366,132.865928975
2023-05-25 12:48:00,132.789869767,132.865928975,132.780362366,132.865928975
2023-05-25 12:49:00,132.789869767,132.865928975,132.780362366,132.865928975
2023-05-25 12:50:00,132.789869767,132.865928975,132.780362366,132.865928975
2023-05-25 12:51:00,132.789869767,132.865928975,132.780362366,132.865928975
2023-05-25 12:52:00,132.789869767,132.865928975,132.780362366,132.865928975
2023-05-25 12:53:00,133.141643604,133.141643604,133.141643604,133.141643604
2023-05-25 12:54:00,133.141643604,133.141643604,133.141643604,133.141643604
2023-05-25 12:55:00,133.103614,133.103614,133.103614,133.103614
2023-05-25 12:56:00,133.103614,133.103614,133.103614,133.103614
2023-05-25 12:57:00,133.132136203,133.132136203,133.132136203,133.132136203
2023-05-25 12:58:00,133.132136203,133.132136203,133.132136203,133.132136203
2023-05-25 12:59:00,133.132136203,133.132136203,133.132136203,133.132136203
2023-05-25 13:00:00,133.018047391,133.046569594,133.018047391,133.046569594
2023-05-25 13:01:00,133.018047391,133.046569594,133.018047391,133.046569594
2023-05-25 13:02:00,133.018047391,133.046569594,133.018047391,133.046569594
2023-05-25 13:03:00,133.018047391,133.046569594,133.018047391,133.046569594
2023-05-25 13:04:00,133.018047391,133.046569594,133.018047391,133.046569594
2023-05-25 13:05:00,133.018047391,133.046569594,133.018047391,133.046569594
2023-05-25 13:06:00,133.018047391,133.046569594,133.018047391,133.046569594
2023-05-25 13:07:00,133.018047391,133.046569594,133.018047391,133.046569594
2023-05-25 13:08:00,133.018047391,133.046569594,133.018047391,133.046569594
2023-05-25 13:09:00,133.018047391,133.046569594,133.018047391,133.046569594
2023-05-25 13:10:00,133.018047391,133.046569594,133.018047391,133.046569594
2023-05-25 13:11:00,133.018047391,133.046569594,133.018047391,133.046569594
2023-05-25 13:12:00,133.018047391,133.046569594,133.018047391,133.046569594
2023-05-25 13:13:00,133.018047391,133.046569594,133.018047391,133.046569594
2023-05-25 13:14:00,133.018047391,133.046569594,133.018047391,133.046569594
2023-05-25 13:15:00,133.018047391,133.046569594,133.018047391,133.046569594
2023-05-25 13:16:00,133.018047391,133.046569594,133.018047391,133.046569594
2023-05-25 13:17:00,133.018047391,133.046569594,133.018047391,133.046569594
2023-05-25 13:18:00,133.018047391,133.046569594,133.018047391,133.046569594
2023-05-25 13:19:00,133.018047391,133.046569594,133.018047391,133.046569594
2023-05-25 13:20:00,133.018047391,133.046569594,133.018047391,133.046569594
2023-05-25 13:21:00,133.018047391,133.046569594,133.018047391,133.046569594
2023-05-25 13:22:00,133.018047391,133.046569594,133.018047391,133.046569594
2023-05-25 13:23:00,133.018047391,133.046569594,133.018047391,133.046569594
2023-05-25 13:24:00,133.018047391,133.046569594,133.018047391,133.046569594
2023-05-25 13:25:00,133.018047391,133.046569594,133.018047391,133.046569594
2023-05-25 13:26:00,133.018047391,133.046569594,133.018047391,133.046569594
2023-05-25 13:27:00,133.018047391,133.046569594,133.018047391,133.046569594
2023-05-25 13:28:00,133.018047391,133.046569594,133.018047391,133.046569594
2023-05-25 13:29:00,133.018047391,133.046569594,133.018047391,133.046569594
2023-05-25 13:30:00,133.018047391,133.046569594,133.018047391,133.046569594
2023-05-25 13:31:00,133.018047391,133.046569594,133.018047391,133.046569594
2023-05-25 13:32:00,133.018047391,133.046569594,133.018047391,133.046569594
2023-05-25 13:33:00,133.018047391,133.046569594,133.018047391,133.046569594
2023-05-25 13:34:00,133.759624669,133.835683877,133.759624669,133.835683877
2023-05-25 13:35:00,133.759624669,133.835683877,133.759624669,133.835683877
2023-05-25 13:36:00,133.759624669,133.835683877,133.759624669,133.835683877
2023-05-25 13:37:00,133.759624669,133.835683877,133.759624669,133.835683877
2023-05-25 13:38:00,133.759624669,133.835683877,133.759624669,133.835683877
2023-05-25 13:39:00,133.759624669,133.835683877,133.759624669,133.835683877
2023-05-25 13:40:00,133.759624669,133.835683877,133.759624669,133.835683877
2023-05-25 13:41:00,133.759624669,133.835683877,133.759624669,133.835683877
2023-05-25 13:42:00,133.759624669,133.835683877,133.759624669,133.835683877
2023-05-25 13:43:00,133.759624669,133.835683877,133.759624669,133.835683877
2023-05-25 13:44:00,133.759624669,133.835683877,133.759624669,133.835683877
2023-05-25 13:45:00,133.759624669,133.835683877,133.759624669,133.835683877
2023-05-25 13:46:00,133.759624669,133.835683877,133.759624669,133.835683877
2023-05-25 13:47:00,133.759624669,133.835683877,133.759624669,133.835683877
2023-05-25 13:48:00,133.759624669,133.835683877,133.759624669,133.835683877
2023-05-25 13:49:00,133.759624669,133.835683877,133.759624669,133.835683877
2023-05-25 13:50:00,133.759624669,133.835683877,133.759624669,133.835683877
2023-05-25 13:51:00,133.759624669,133.835683877,133.759624669,133.835683877
2023-05-25 13:52:00,133.759624669,133.835683877,133.759624669,133.835683877
2023-05-25 13:53:00,133.759624669,133.835683877,133.759624669,133.835683877
2023-05-25 13:54:00,133.759624669,133.835683877,133.759624669,133.835683877
2023-05-25 13:55:00,133.788146872,133.788146872,133.788146872,133.788146872
2023-05-25 13:56:00,133.788146872,133.788146872,133.788146872,133.788146872
2023-05-25 13:57:00,133.788146872,133.788146872,133.788146872,133.788146872
2023-05-25 13:58:00,133.788146872,133.788146872,133.788146872,133.788146872
2023-05-25 13:59:00,133.788146872,133.788146872,133.788146872,133.788146872
2023-05-25 14:00:00,133.788146872,133.788146872,133.788146872,133.788146872
2023-05-25 14:01:00,134.234994719,134.234994719,134.234994719,134.234994719
2023-05-25 14:02:00,134.234994719,134.234994719,134.234994719,134.234994719
2023-05-25 14:03:00,134.234994719,134.234994719,134.234994719,134.234994719
2023-05-25 14:04:00,134.234994719,134.234994719,134.234994719,134.234994719
2023-05-25 14:05:00,134.234994719,134.234994719,134.234994719,134.234994719
2023-05-25 14:06:00,134.234994719,134.234994719,134.234994719,134.234994719
2023-05-25 14:07:00,133.949772689,133.949772689,133.949772689,133.949772689
2023-05-25 14:08:00,133.949772689,133.949772689,133.949772689,133.949772689
2023-05-25 14:09:00,133.949772689,133.949772689,133.949772689,133.949772689
2023-05-25 14:10:00,133.949772689,133.949772689,133.949772689,133.949772689
2023-05-25 14:11:00,133.949772689,133.949772689,133.949772689,133.949772689
2023-05-25 14:12:00,133.949772689,133.949772689,133.949772689,133.949772689
2023-05-25 14:13:00,133.949772689,133.949772689,133.949772689,133.949772689
2023-05-25 14:14:00,133.949772689,133.949772689,133.949772689,133.949772689
2023-05-25 14:15:00,133.949772689,133.949772689,133.949772689,133.949772689
2023-05-25 14:16:00,133.949772689,133.949772689,133.949772689,133.949772689
2023-05-25 14:17:00,133.949772689,133.949772689,133.949772689,133.949772689
2023-05-25 14:18:00,133.949772689,133.949772689,133.949772689,133.949772689
2023-05-25 14:19:00,133.949772689,133.949772689,133.949772689,133.949772689
2023-05-25 14:20:00,133.949772689,133.949772689,133.949772689,133.949772689
2023-05-25 14:21:00,133.949772689,133.949772689,133.949772689,133.949772689
2023-05-25 14:22:00,133.949772689,133.949772689,133.949772689,133.949772689
2023-05-25 14:23:00,133.949772689,133.949772689,133.949772689,133.949772689
2023-05-25 14:24:00,133.949772689,133.949772689,133.949772689,133.949772689
2023-05-25 14:25:00,133.978294892,134.025831897,133.978294892,134.035339298
2023-05-25 14:26:00,133.978294892,134.025831897,133.978294892,134.035339298
2023-05-25 14:27:00,133.978294892,134.025831897,133.978294892,134.035339298
2023-05-25 14:28:00,133.978294892,134.025831897,133.978294892,134.035339298
2023-05-25 14:29:00,133.978294892,134.025831897,133.978294892,134.035339298
2023-05-25 14:30:00,133.978294892,134.025831897,133.978294892,134.035339298
2023-05-25 14:31:00,133.978294892,134.025831897,133.978294892,134.035339298
2023-05-25 14:32:00,133.978294892,134.025831897,133.978294892,134.035339298
2023-05-25 14:33:00,133.978294892,134.025831897,133.978294892,134.035339298
2023-05-25 14:34:00,133.978294892,134.025831897,133.978294892,134.035339298
2023-05-25 14:35:00,133.978294892,134.025831897,133.978294892,134.035339298
2023-05-25 14:36:00,133.978294892,134.025831897,133.978294892,134.035339298
2023-05-25 14:37:00,133.978294892,134.025831897,133.978294892,134.035339298
2023-05-25 14:38:00,133.778639471,133.778639471,133.778639471,133.778639471
2023-05-25 14:39:00,133.778639471,133.778639471,133.778639471,133.778639471
2023-05-25 14:40:00,133.778639471,133.778639471,133.778639471,133.778639471
2023-05-25 14:41:00,133.797654273,133.797654273,133.797654273,133.797654273
2023-05-25 14:42:00,133.797654273,133.797654273,133.797654273,133.797654273
2023-05-25 14:43:00,133.797654273,133.797654273,133.797654273,133.797654273
2023-05-25 14:44:00,133.750117268,133.750117268,133.750117268,133.750117268
2023-05-25 14:45:00,133.750117268,133.750117268,133.750117268,133.750117268
2023-05-25 14:46:00,133.750117268,133.750117268,133.750117268,133.750117268
2023-05-25 14:47:00,133.750117268,133.750117268,133.750117268,133.750117268
2023-05-25 14:48:00,133.750117268,133.750117268,133.750117268,133.750117268
2023-05-25 14:49:00,133.750117268,133.750117268,133.750117268,133.750117268
2023-05-25 14:50:00,133.86420608,133.911743085,133.86420608,133.911743085
2023-05-25 14:51:00,133.86420608,133.911743085,133.86420608,133.911743085
2023-05-25 14:52:00,133.86420608,133.911743085,133.86420608,133.911743085
2023-05-25 14:53:00,133.86420608,133.911743085,133.86420608,133.911743085
2023-05-25 14:54:00,133.86420608,133.911743085,133.86420608,133.911743085
2023-05-25 14:55:00,133.86420608,133.911743085,133.86420608,133.911743085
2023-05-25 14:56:00,133.86420608,133.911743085,133.86420608,133.911743085
2023-05-25 14:57:00,133.86420608,133.911743085,133.86420608,133.911743085
2023-05-25 14:58:00,133.835683877,133.835683877,133.835683877,133.835683877
2023-05-25 14:59:00,133.835683877,133.835683877,133.835683877,133.835683877
2023-05-25 15:00:00,133.835683877,133.835683877,133.835683877,133.835683877
2023-05-25 15:01:00,133.835683877,133.835683877,133.835683877,133.835683877
2023-05-25 15:02:00,133.835683877,133.835683877,133.835683877,133.835683877
2023-05-25 15:03:00,133.835683877,133.835683877,133.835683877,133.835683877
2023-05-25 15:04:00,133.835683877,133.835683877,133.835683877,133.835683877
2023-05-25 15:05:00,133.835683877,133.835683877,133.835683877,133.835683877
2023-05-25 15:06:00,133.835683877,133.835683877,133.835683877,133.835683877
2023-05-25 15:07:00,133.835683877,133.835683877,133.835683877,133.835683877
2023-05-25 15:08:00,133.835683877,133.835683877,133.835683877,133.835683877
2023-05-25 15:09:00,133.86420608,133.86420608,133.86420608,133.86420608
2023-05-25 15:10:00,133.86420608,133.86420608,133.86420608,133.86420608
2023-05-25 15:11:00,133.86420608,133.86420608,133.86420608,133.86420608
2023-05-25 15:12:00,133.86420608,133.86420608,133.86420608,133.86420608
2023-05-25 15:13:00,133.987802293,133.987802293,133.987802293,133.987802293
2023-05-25 15:14:00,134.006817095,133.9925559935,133.987802293,134.006817095
2023-05-25 15:15:00,134.006817095,133.9925559935,133.987802293,134.006817095
2023-05-25 15:16:00,134.006817095,133.9925559935,133.987802293,134.006817095
2023-05-25 15:17:00,134.006817095,133.9925559935,133.987802293,134.006817095
2023-05-25 15:18:00,134.006817095,133.9925559935,133.987802293,134.006817095
2023-05-25 15:19:00,134.006817095,133.9925559935,133.987802293,134.006817095
2023-05-25 15:20:00,134.006817095,133.9925559935,133.987802293,134.006817095
2023-05-25 15:21:00,134.006817095,133.9925559935,133.987802293,134.006817095
2023-05-25 15:22:00,133.826176476,133.826176476,133.826176476,133.826176476
2023-05-25 15:23:00,133.826176476,133.826176476,133.826176476,133.826176476
2023-05-25 15:24:00,133.826176476,133.826176476,133.826176476,133.826176476
2023-05-25 15:25:00,133.826176476,133.826176476,133.826176476,133.826176476
2023-05-25 15:26:00,133.826176476,133.826176476,133.826176476,133.826176476
2023-05-25 15:27:00,133.902235684,133.902235684,133.902235684,133.902235684
2023-05-25 15:28:00,133.902235684,133.902235684,133.902235684,133.902235684
2023-05-25 15:29:00,134.063861501,134.006817095,134.006817095,134.063861501
2023-05-25 15:30:00,134.063861501,134.006817095,134.006817095,134.063861501
2023-05-25 15:31:00,134.063861501,134.006817095,134.006817095,134.063861501
2023-05-25 15:32:00,134.063861501,134.006817095,134.006817095,134.063861501
2023-05-25 15:33:00,134.063861501,134.006817095,134.006817095,134.063861501
2023-05-25 15:34:00,134.111398506,134.120905907,134.111398506,134.130413308
2023-05-25 15:35:00,134.111398506,134.120905907,134.111398506,134.130413308
2023-05-25 15:36:00,134.0543541,134.0543541,134.0543541,134.0543541
2023-05-25 15:37:00,134.0543541,134.0543541,134.0543541,134.0543541
2023-05-25 15:38:00,134.0543541,134.0543541,134.0543541,134.0543541
2023-05-25 15:39:00,134.0543541,134.0543541,134.0543541,134.0543541
2023-05-25 15:40:00,134.0543541,134.0543541,134.0543541,134.0543541
2023-05-25 15:41:00,134.158935511,134.158935511,134.158935511,134.158935511
2023-05-25 15:42:00,134.158935511,134.158935511,134.158935511,134.158935511
2023-05-25 15:43:00,134.158935511,134.158935511,134.158935511,134.158935511
2023-05-25 15:44:00,134.158935511,134.158935511,134.158935511,134.158935511
2023-05-25 15:45:00,134.158935511,134.158935511,134.158935511,134.158935511
2023-05-25 15:46:00,134.158935511,134.158935511,134.158935511,134.158935511
2023-05-25 15:47:00,134.196965115,134.196965115,134.196965115,134.196965115
2023-05-25 15:48:00,134.196965115,134.196965115,134.196965115,134.196965115
2023-05-25 15:49:00,134.225487318,134.225487318,134.225487318,134.225487318
2023-05-25 15:50:00,134.225487318,134.225487318,134.225487318,134.225487318
2023-05-25 15:51:00,133.902235684,133.902235684,133.902235684,133.902235684
2023-05-25 15:52:00,133.807161674,133.807161674,133.807161674,133.807161674
2023-05-25 15:53:00,133.807161674,133.807161674,133.807161674,133.807161674
2023-05-25 15:54:00,133.807161674,133.807161674,133.807161674,133.807161674
2023-05-25 15:55:00,133.731102466,133.731102466,133.731102466,133.731102466
2023-05-25 15:56:00,133.731102466,133.731102466,133.731102466,133.731102466
2023-05-25 15:57:00,133.7615261492,133.797654273,133.7615261492,133.797654273
2023-05-25 15:58:00,133.7615261492,133.797654273,133.7615261492,133.797654273
2023-05-25 15:59:00,133.750117268,133.750117268,133.750117268,133.750117268
2023-05-25 16:00:00,133.597998852,133.683565461,133.597998852,133.683565461
2023-05-26 09:31:00,133.588491451,133.559969248,133.559969248,133.588491451
2023-05-26 09:32:00,133.322284223,133.322284223,133.322284223,133.322284223
2023-05-26 09:33:00,133.322284223,133.322284223,133.322284223,133.322284223
2023-05-26 09:34:00,132.7470864625,132.7375790615,132.7375790615,132.7470864625
2023-05-26 09:35:00,132.7470864625,132.7375790615,132.7375790615,132.7470864625
2023-05-26 09:36:00,132.894451178,132.970510386,132.894451178,132.970510386
2023-05-26 09:37:00,132.599721747,132.647258752,132.599721747,132.647258752
2023-05-26 09:38:00,132.6234902495,132.466618133,132.466618133,132.6234902495
2023-05-26 09:39:00,132.6234902495,132.466618133,132.466618133,132.6234902495
2023-05-26 09:40:00,132.7851160665,132.7851160665,132.7851160665,132.7851160665
2023-05-26 09:41:00,132.9752640865,132.9752640865,132.9752640865,132.9752640865
2023-05-26 09:42:00,133.379328629,133.379328629,133.379328629,133.379328629
2023-05-26 09:43:00,133.379328629,133.379328629,133.379328629,133.379328629
2023-05-26 09:44:00,133.379328629,133.379328629,133.379328629,133.379328629
2023-05-26 09:45:00,133.19868801,133.1264317624,133.1264317624,133.19868801
2023-05-26 09:46:00,133.274747218,133.274747218,133.274747218,133.274747218
2023-05-26 09:47:00,133.369821228,133.369821228,133.369821228,133.369821228
2023-05-26 09:48:00,133.369821228,133.369821228,133.369821228,133.369821228
2023-05-26 09:49:00,133.141643604,133.141643604,133.141643604,133.141643604
2023-05-26 09:50:00,132.970510386,132.970510386,132.970510386,132.970510386
2023-05-26 09:51:00,133.0132936905,133.0132936905,133.0132936905,133.0132936905
2023-05-26 09:52:00,132.66370655573,132.694795757,132.66370655573,132.694795757
2023-05-26 09:53:00,132.66370655573,132.694795757,132.66370655573,132.694795757
2023-05-26 09:54:00,132.66370655573,132.694795757,132.66370655573,132.694795757
2023-05-26 09:55:00,132.609229148,132.609229148,132.609229148,132.609229148
2023-05-26 09:56:00,132.609229148,132.609229148,132.609229148,132.609229148
2023-05-26 09:57:00,132.72084603574,132.799377168,132.72084603574,132.799377168
2023-05-26 09:58:00,132.77427762936,132.77123526104,132.77123526104,132.77427762936
2023-05-26 09:59:00,132.77427762936,132.77123526104,132.77123526104,132.77427762936
2023-05-26 10:00:00,132.7375790615,132.713810559,132.685288356,132.81839197
2023-05-26 10:01:00,132.8611752745,132.865928975,132.8611752745,132.88922210745
2023-05-26 10:02:00,132.865928975,132.95263647212,132.865928975,132.95263647212
2023-05-26 10:03:00,132.808884569,132.827899371,132.808884569,132.827899371
2023-05-26 10:04:00,132.808884569,132.827899371,132.808884569,132.827899371
2023-05-26 10:05:00,132.76790767069,132.76790767069,132.76790767069,132.76790767069
2023-05-26 10:06:00,132.884943777,132.884943777,132.884943777,132.884943777
2023-05-26 10:07:00,132.903958579,132.903958579,132.903958579,132.903958579
2023-05-26 10:08:00,133.103614,132.98049315705,132.941988183,133.103614
2023-05-26 10:09:00,133.08231742176,133.065584396,133.056076995,133.08231742176
2023-05-26 10:10:00,133.08231742176,133.065584396,133.056076995,133.08231742176
2023-05-26 10:11:00,133.103614,133.113121401,133.103614,133.122628802
2023-05-26 10:12:00,133.132136203,133.132136203,133.132136203,133.132136203
2023-05-26 10:13:00,133.132136203,133.132136203,133.132136203,133.132136203
2023-05-26 10:14:00,133.2224565125,133.284254619,133.208195411,133.284254619
2023-05-26 10:15:00,133.00853999,133.1368899035,133.00853999,133.1368899035
2023-05-26 10:16:00,133.0256533118,133.0256533118,133.0256533118,133.0256533118
2023-05-26 10:17:00,133.0256533118,133.0256533118,133.0256533118,133.0256533118
2023-05-26 10:18:00,133.0256533118,133.0256533118,133.0256533118,133.0256533118
2023-05-26 10:19:00,133.0256533118,133.0256533118,133.0256533118,133.0256533118
2023-05-26 10:20:00,133.0256533118,133.0256533118,133.0256533118,133.0256533118
2023-05-26 10:21:00,133.0256533118,133.0256533118,133.0256533118,133.0256533118
2023-05-26 10:22:00,133.151151005,133.151151005,133.151151005,133.151151005
2023-05-26 10:23:00,133.151151005,133.151151005,133.151151005,133.151151005
2023-05-26 10:24:00,133.151151005,133.151151005,133.151151005,133.151151005
2023-05-26 10:25:00,133.151151005,133.151151005,133.151151005,133.151151005
2023-05-26 10:26:00,133.151151005,133.151151005,133.151151005,133.151151005
2023-05-26 10:27:00,133.464895238,133.464895238,133.464895238,133.464895238
2023-05-26 10:28:00,133.3935897305,133.46451494196,133.3935897305,133.46451494196
2023-05-26 10:29:00,133.341299025,133.312776822,133.29376202,133.341299025
2023-05-26 10:30:00,133.417358233,133.417358233,133.417358233,133.417358233
2023-05-26 10:31:00,133.417358233,133.417358233,133.417358233,133.417358233
2023-05-26 10:32:00,133.43903510728,133.43903510728,133.43903510728,133.43903510728
2023-05-26 10:33:00,133.369821228,133.379328629,133.369821228,133.379328629
2023-05-26 10:34:00,133.369821228,133.379328629,133.369821228,133.379328629
2023-05-26 10:35:00,133.369821228,133.369821228,133.369821228,133.369821228
2023-05-26 10:36:00,133.369821228,133.369821228,133.369821228,133.369821228
2023-05-26 10:37:00,133.369821228,133.369821228,133.369821228,133.369821228
2023-05-26 10:38:00,133.369821228,133.369821228,133.369821228,133.369821228
2023-05-26 10:39:00,133.369821228,133.369821228,133.369821228,133.369821228
2023-05-26 10:40:00,133.369821228,133.369821228,133.369821228,133.369821228
2023-05-26 10:41:00,133.57898405,133.57898405,133.57898405,133.57898405
2023-05-26 10:42:00,133.57898405,133.57898405,133.57898405,133.57898405
2023-05-26 10:43:00,133.57898405,133.57898405,133.57898405,133.57898405
2023-05-26 10:44:00,133.702580263,133.702580263,133.702580263,133.702580263
2023-05-26 10:45:00,133.597998852,133.597998852,133.597998852,133.607506253
2023-05-26 10:46:00,133.38883603,133.38883603,133.38883603,133.38883603
2023-05-26 10:47:00,133.464895238,133.331791624,133.312776822,133.464895238
2023-05-26 10:48:00,133.464895238,133.331791624,133.312776822,133.464895238
2023-05-26 10:49:00,133.246225015,133.312776822,133.246225015,133.312776822
2023-05-26 10:50:00,133.255732416,133.255732416,133.255732416,133.255732416
2023-05-26 10:51:00,133.103614,133.103614,133.103614,133.103614
2023-05-26 10:52:00,133.075091797,133.122628802,133.075091797,133.122628802
2023-05-26 10:53:00,133.084599198,133.075091797,133.075091797,133.084599198
2023-05-26 10:54:00,133.084599198,133.075091797,133.075091797,133.084599198
2023-05-26 10:55:00,133.084599198,133.075091797,133.075091797,133.084599198
2023-05-26 10:56:00,133.00853999,133.00853999,133.00853999,133.00853999
2023-05-26 10:57:00,133.00853999,133.00853999,133.00853999,133.00853999
2023-05-26 10:58:00,133.00853999,133.00853999,133.00853999,133.00853999
2023-05-26 10:59:00,133.00853999,133.00853999,133.00853999,133.00853999
2023-05-26 11:00:00,133.00853999,133.00853999,133.00853999,133.00853999
2023-05-26 11:01:00,133.00853999,133.00853999,133.00853999,133.00853999
2023-05-26 11:02:00,133.151151005,133.179673208,133.151151005,133.179673208
2023-05-26 11:03:00,133.151151005,133.179673208,133.151151005,133.179673208
2023-05-26 11:04:00,133.160658406,133.160658406,133.160658406,133.160658406
2023-05-26 11:05:00,133.132136203,133.189180609,133.132136203,133.189180609
2023-05-26 11:06:00,133.132136203,133.189180609,133.132136203,133.189180609
2023-05-26 11:07:00,133.132136203,133.189180609,133.132136203,133.189180609
2023-05-26 11:08:00,132.999032589,132.989525188,132.989525188,132.999032589
2023-05-26 11:09:00,132.999032589,132.989525188,132.989525188,132.999032589
2023-05-26 11:10:00,133.132136203,133.132136203,133.132136203,133.132136203
2023-05-26 11:11:00,133.132136203,133.132136203,133.132136203,133.132136203
2023-05-26 11:12:00,133.132136203,133.132136203,133.132136203,133.132136203
2023-05-26 11:13:00,133.103614,133.103614,133.103614,133.103614
2023-05-26 11:14:00,133.00853999,133.00853999,133.00853999,133.00853999
2023-05-26 11:15:00,133.00853999,133.00853999,133.00853999,133.00853999
2023-05-26 11:16:00,133.00853999,133.00853999,133.00853999,133.00853999
2023-05-26 11:17:00,133.00853999,133.00853999,133.00853999,133.00853999
2023-05-26 11:18:00,133.046569594,133.046569594,133.046569594,133.046569594
2023-05-26 11:19:00,133.046569594,133.046569594,133.046569594,133.046569594
2023-05-26 11:20:00,133.046569594,133.046569594,133.046569594,133.046569594
2023-05-26 11:21:00,132.751840163,132.856421574,132.742332762,132.856421574
2023-05-26 11:22:00,132.761347564,132.761347564,132.761347564,132.761347564
2023-05-26 11:23:00,132.761347564,132.761347564,132.761347564,132.761347564
2023-05-26 11:24:00,132.62824395,132.675780955,132.62824395,132.675780955
2023-05-26 11:25:00,132.62824395,132.675780955,132.62824395,132.675780955
2023-05-26 11:26:00,132.637751351,132.637751351,132.637751351,132.637751351
2023-05-26 11:27:00,132.637751351,132.637751351,132.637751351,132.637751351
2023-05-26 11:28:00,132.637751351,132.637751351,132.637751351,132.637751351
2023-05-26 11:29:00,132.704303158,132.704303158,132.704303158,132.704303158
2023-05-26 11:30:00,132.704303158,132.704303158,132.704303158,132.704303158
2023-05-26 11:31:00,132.704303158,132.704303158,132.704303158,132.704303158
2023-05-26 11:32:00,132.62824395,132.599721747,132.599721747,132.62824395
2023-05-26 11:33:00,132.62824395,132.599721747,132.599721747,132.62824395
2023-05-26 11:34:00,132.62824395,132.599721747,132.599721747,132.62824395
2023-05-26 11:35:00,132.62824395,132.599721747,132.599721747,132.62824395
2023-05-26 11:36:00,132.62824395,132.599721747,132.599721747,132.62824395
2023-05-26 11:37:00,132.62824395,132.599721747,132.599721747,132.62824395
2023-05-26 11:38:00,132.62824395,132.599721747,132.599721747,132.62824395
2023-05-26 11:39:00,132.62824395,132.599721747,132.599721747,132.62824395
2023-05-26 11:40:00,132.694795757,132.694795757,132.694795757,132.694795757
2023-05-26 11:41:00,132.694795757,132.694795757,132.694795757,132.694795757
2023-05-26 11:42:00,132.751840163,132.751840163,132.751840163,132.751840163
2023-05-26 11:43:00,132.751840163,132.751840163,132.751840163,132.751840163
2023-05-26 11:44:00,132.751840163,132.751840163,132.751840163,132.751840163
2023-05-26 11:45:00,132.751840163,132.751840163,132.751840163,132.751840163
2023-05-26 11:46:00,132.647258752,132.647258752,132.647258752,132.647258752
2023-05-26 11:47:00,132.647258752,132.647258752,132.647258752,132.647258752
2023-05-26 11:48:00,132.647258752,132.647258752,132.647258752,132.647258752
2023-05-26 11:49:00,132.647258752,132.647258752,132.647258752,132.647258752
2023-05-26 11:50:00,132.647258752,132.647258752,132.647258752,132.647258752
2023-05-26 11:51:00,132.647258752,132.647258752,132.647258752,132.647258752
2023-05-26 11:52:00,132.647258752,132.647258752,132.647258752,132.647258752
2023-05-26 11:53:00,132.647258752,132.647258752,132.647258752,132.647258752
2023-05-26 11:54:00,132.647258752,132.647258752,132.647258752,132.647258752
2023-05-26 11:55:00,132.647258752,132.647258752,132.647258752,132.647258752
2023-05-26 11:56:00,132.647258752,132.647258752,132.647258752,132.647258752
2023-05-26 11:57:00,132.647258752,132.647258752,132.647258752,132.647258752
2023-05-26 11:58:00,132.53316994,132.523662539,132.523662539,132.53316994
2023-05-26 11:59:00,132.53316994,132.523662539,132.523662539,132.53316994
2023-05-26 12:00:00,132.53316994,132.523662539,132.523662539,132.53316994
2023-05-26 12:01:00,132.53316994,132.523662539,132.523662539,132.53316994
2023-05-26 12:02:00,132.53316994,132.523662539,132.523662539,132.53316994
2023-05-26 12:03:00,132.53316994,132.523662539,132.523662539,132.53316994
2023-05-26 12:04:00,132.523662539,132.523662539,132.523662539,132.523662539
2023-05-26 12:05:00,132.523662539,132.523662539,132.523662539,132.523662539
2023-05-26 12:06:00,132.685288356,132.685288356,132.685288356,132.685288356
2023-05-26 12:07:00,132.72331796,132.72331796,132.72331796,132.72331796
2023-05-26 12:08:00,132.72331796,132.72331796,132.72331796,132.72331796
2023-05-26 12:09:00,132.72331796,132.72331796,132.72331796,132.72331796
2023-05-26 12:10:00,132.72331796,132.72331796,132.72331796,132.72331796
2023-05-26 12:11:00,132.72331796,132.72331796,132.72331796,132.72331796
2023-05-26 12:12:00,132.72331796,132.72331796,132.72331796,132.72331796
2023-05-26 12:13:00,132.72331796,132.72331796,132.72331796,132.72331796
2023-05-26 12:14:00,132.72331796,132.72331796,132.72331796,132.72331796
2023-05-26 12:15:00,132.789869767,132.789869767,132.789869767,132.789869767
2023-05-26 12:16:00,132.789869767,132.789869767,132.789869767,132.789869767
2023-05-26 12:17:00,132.789869767,132.789869767,132.789869767,132.789869767
2023-05-26 12:18:00,132.789869767,132.789869767,132.789869767,132.789869767
2023-05-26 12:19:00,132.789869767,132.789869767,132.789869767,132.789869767
2023-05-26 12:20:00,132.789869767,132.789869767,132.789869767,132.789869767
2023-05-26 12:21:00,132.789869767,132.789869767,132.789869767,132.789869767
2023-05-26 12:22:00,132.789869767,132.789869767,132.789869767,132.789869767
2023-05-26 12:23:00,132.91346598,132.91346598,132.91346598,132.91346598
2023-05-26 12:24:00,132.91346598,132.91346598,132.91346598,132.91346598
2023-05-26 12:25:00,132.91346598,132.91346598,132.91346598,132.91346598
2023-05-26 12:26:00,132.91346598,132.91346598,132.91346598,132.91346598
2023-05-26 12:27:00,132.91346598,132.91346598,132.91346598,132.91346598
2023-05-26 12:28:00,132.91346598,132.91346598,132.91346598,132.91346598
2023-05-26 12:29:00,132.91346598,132.91346598,132.91346598,132.91346598
2023-05-26 12:30:00,133.132136203,133.132136203,133.132136203,133.132136203
2023-05-26 12:31:00,133.132136203,133.132136203,133.132136203,133.132136203
2023-05-26 12:32:00,133.132136203,133.132136203,133.132136203,133.132136203
2023-05-26 12:33:00,133.132136203,133.132136203,133.132136203,133.132136203
2023-05-26 12:34:00,133.132136203,133.132136203,133.132136203,133.132136203
2023-05-26 12:35:00,133.179673208,133.179673208,133.179673208,133.179673208
2023-05-26 12:36:00,133.179673208,133.179673208,133.179673208,133.179673208
2023-05-26 12:37:00,133.208195411,133.208195411,133.208195411,133.208195411
2023-05-26 12:38:00,133.084599198,133.084599198,133.084599198,133.084599198
2023-05-26 12:39:00,133.075091797,133.075091797,133.075091797,133.075091797
2023-05-26 12:40:00,133.075091797,133.075091797,133.075091797,133.075091797
2023-05-26 12:41:00,133.075091797,133.075091797,133.075091797,133.075091797
2023-05-26 12:42:00,133.027554792,133.027554792,133.027554792,133.027554792
2023-05-26 12:43:00,133.027554792,133.027554792,133.027554792,133.027554792
2023-05-26 12:44:00,133.027554792,133.027554792,133.027554792,133.027554792
2023-05-26 12:45:00,133.065584396,133.065584396,133.065584396,133.065584396
2023-05-26 12:46:00,133.065584396,133.065584396,133.065584396,133.065584396
2023-05-26 12:47:00,133.065584396,133.065584396,133.065584396,133.065584396
2023-05-26 12:48:00,133.065584396,133.065584396,133.065584396,133.065584396
2023-05-26 12:49:00,133.065584396,133.065584396,133.065584396,133.065584396
2023-05-26 12:50:00,133.065584396,133.065584396,133.065584396,133.065584396
2023-05-26 12:51:00,133.065584396,133.065584396,133.065584396,133.065584396
2023-05-26 12:52:00,133.065584396,133.065584396,133.065584396,133.065584396
2023-05-26 12:53:00,133.065584396,133.065584396,133.065584396,133.065584396
2023-05-26 12:54:00,133.056076995,133.084599198,133.056076995,133.084599198
2023-05-26 12:55:00,133.056076995,133.084599198,133.056076995,133.084599198
2023-05-26 12:56:00,133.056076995,133.084599198,133.056076995,133.084599198
2023-05-26 12:57:00,133.056076995,133.084599198,133.056076995,133.084599198
2023-05-26 12:58:00,133.056076995,133.084599198,133.056076995,133.084599198
2023-05-26 12:59:00,133.056076995,133.084599198,133.056076995,133.084599198
2023-05-26 13:00:00,133.056076995,133.084599198,133.056076995,133.084599198
2023-05-26 13:01:00,133.056076995,133.056076995,133.056076995,133.056076995
2023-05-26 13:02:00,133.056076995,133.056076995,133.056076995,133.056076995
2023-05-26 13:03:00,133.056076995,133.056076995,133.056076995,133.056076995
2023-05-26 13:04:00,133.056076995,133.056076995,133.056076995,133.056076995
2023-05-26 13:05:00,133.056076995,133.056076995,133.056076995,133.056076995
2023-05-26 13:06:00,133.056076995,133.056076995,133.056076995,133.056076995
2023-05-26 13:07:00,133.056076995,133.056076995,133.056076995,133.056076995
2023-05-26 13:08:00,133.056076995,133.056076995,133.056076995,133.056076995
2023-05-26 13:09:00,133.056076995,133.056076995,133.056076995,133.056076995
2023-05-26 13:10:00,133.056076995,133.056076995,133.056076995,133.056076995
2023-05-26 13:11:00,133.00853999,133.00853999,133.00853999,133.00853999
2023-05-26 13:12:00,133.00853999,133.00853999,133.00853999,133.00853999
2023-05-26 13:13:00,133.00853999,133.00853999,133.00853999,133.00853999
2023-05-26 13:14:00,132.980017787,132.961002985,132.961002985,132.980017787
2023-05-26 13:15:00,132.980017787,132.961002985,132.961002985,132.980017787
2023-05-26 13:16:00,132.951495584,132.951495584,132.951495584,132.951495584
2023-05-26 13:17:00,132.865928975,132.865928975,132.865928975,132.865928975
2023-05-26 13:18:00,132.865928975,132.865928975,132.865928975,132.865928975
2023-05-26 13:19:00,132.865928975,132.865928975,132.865928975,132.865928975
2023-05-26 13:20:00,132.865928975,132.865928975,132.865928975,132.865928975
2023-05-26 13:21:00,132.799377168,132.799377168,132.799377168,132.799377168
2023-05-26 13:22:00,132.799377168,132.799377168,132.799377168,132.799377168
2023-05-26 13:23:00,132.799377168,132.799377168,132.799377168,132.799377168
2023-05-26 13:24:00,132.799377168,132.799377168,132.799377168,132.799377168
2023-05-26 13:25:00,132.903958579,132.894451178,132.894451178,132.903958579
2023-05-26 13:26:00,132.903958579,132.894451178,132.894451178,132.903958579
2023-05-26 13:27:00,132.91346598,132.91346598,132.91346598,132.91346598
2023-05-26 13:28:00,132.91346598,132.91346598,132.91346598,132.91346598
2023-05-26 13:29:00,132.999032589,132.999032589,132.999032589,132.999032589
2023-05-26 13:30:00,132.980017787,132.980017787,132.980017787,132.980017787
2023-05-26 13:31:00,132.980017787,132.980017787,132.980017787,132.980017787
2023-05-26 13:32:00,132.980017787,132.980017787,132.980017787,132.980017787
2023-05-26 13:33:00,132.980017787,132.980017787,132.980017787,132.980017787
2023-05-26 13:34:00,132.980017787,132.980017787,132.980017787,132.980017787
2023-05-26 13:35:00,132.980017787,132.980017787,132.980017787,132.980017787
2023-05-26 13:36:00,133.018047391,133.018047391,133.018047391,133.018047391
2023-05-26 13:37:00,133.018047391,133.018047391,133.018047391,133.018047391
2023-05-26 13:38:00,133.018047391,133.018047391,133.018047391,133.018047391
2023-05-26 13:39:00,133.018047391,133.018047391,133.018047391,133.018047391
2023-05-26 13:40:00,133.018047391,133.018047391,133.018047391,133.018047391
2023-05-26 13:41:00,132.961002985,132.961002985,132.961002985,132.961002985
2023-05-26 13:42:00,132.961002985,132.961002985,132.961002985,132.961002985
2023-05-26 13:43:00,132.961002985,132.961002985,132.961002985,132.961002985
2023-05-26 13:44:00,132.941988183,132.941988183,132.941988183,132.941988183
2023-05-26 13:45:00,132.941988183,132.941988183,132.941988183,132.941988183
2023-05-26 13:46:00,132.941988183,132.941988183,132.941988183,132.941988183
2023-05-26 13:47:00,132.941988183,132.941988183,132.941988183,132.941988183
2023-05-26 13:48:00,132.941988183,132.941988183,132.941988183,132.941988183
2023-05-26 13:49:00,132.941988183,132.941988183,132.941988183,132.941988183
2023-05-26 13:50:00,132.941988183,132.941988183,132.941988183,132.941988183
2023-05-26 13:51:00,132.941988183,132.941988183,132.941988183,132.941988183
2023-05-26 13:52:00,132.941988183,132.941988183,132.941988183,132.941988183
2023-05-26 13:53:00,132.941988183,132.941988183,132.941988183,132.941988183
2023-05-26 13:54:00,132.941988183,132.941988183,132.941988183,132.941988183
2023-05-26 13:55:00,132.941988183,132.941988183,132.941988183,132.941988183
2023-05-26 13:56:00,132.941988183,132.941988183,132.941988183,132.941988183
2023-05-26 13:57:00,132.941988183,132.941988183,132.941988183,132.941988183
2023-05-26 13:58:00,132.941988183,132.941988183,132.941988183,132.941988183
2023-05-26 13:59:00,133.056076995,133.056076995,133.056076995,133.056076995
2023-05-26 14:00:00,133.113121401,133.103614,133.103614,133.113121401
2023-05-26 14:01:00,133.113121401,133.103614,133.103614,133.113121401
2023-05-26 14:02:00,133.113121401,133.103614,133.103614,133.113121401
2023-05-26 14:03:00,133.170165807,133.170165807,133.170165807,133.170165807
2023-05-26 14:04:00,133.170165807,133.170165807,133.170165807,133.170165807
2023-05-26 14:05:00,133.132136203,133.132136203,133.132136203,133.132136203
2023-05-26 14:06:00,133.132136203,133.132136203,133.132136203,133.132136203
2023-05-26 14:07:00,133.132136203,133.132136203,133.132136203,133.132136203
2023-05-26 14:08:00,133.132136203,133.132136203,133.132136203,133.132136203
2023-05-26 14:09:00,133.132136203,133.132136203,133.132136203,133.132136203
2023-05-26 14:10:00,133.132136203,133.132136203,133.132136203,133.132136203
2023-05-26 14:11:00,133.132136203,133.132136203,133.132136203,133.132136203
2023-05-26 14:12:00,133.132136203,133.132136203,133.132136203,133.132136203
2023-05-26 14:13:00,133.132136203,133.132136203,133.132136203,133.132136203
2023-05-26 14:14:00,133.132136203,133.132136203,133.132136203,133.132136203
2023-05-26 14:15:00,133.132136203,133.132136203,133.132136203,133.132136203
2023-05-26 14:16:00,132.884943777,132.875436376,132.875436376,132.884943777
2023-05-26 14:17:00,132.884943777,132.875436376,132.875436376,132.884943777
2023-05-26 14:18:00,132.884943777,132.875436376,132.875436376,132.884943777
2023-05-26 14:19:00,132.884943777,132.875436376,132.875436376,132.884943777
2023-05-26 14:20:00,133.018047391,133.027554792,133.018047391,133.027554792
2023-05-26 14:21:00,133.018047391,133.027554792,133.018047391,133.027554792
2023-05-26 14:22:00,133.018047391,133.027554792,133.018047391,133.027554792
2023-05-26 14:23:00,133.018047391,133.027554792,133.018047391,133.027554792
2023-05-26 14:24:00,133.018047391,133.027554792,133.018047391,133.027554792
2023-05-26 14:25:00,133.018047391,133.027554792,133.018047391,133.027554792
2023-05-26 14:26:00,132.951495584,132.951495584,132.951495584,132.951495584
2023-05-26 14:27:00,132.951495584,132.951495584,132.951495584,132.951495584
2023-05-26 14:28:00,132.999032589,132.999032589,132.999032589,132.999032589
2023-05-26 14:29:00,133.160658406,133.160658406,133.160658406,133.160658406
2023-05-26 14:30:00,133.160658406,133.160658406,133.160658406,133.160658406
2023-05-26 14:31:00,133.160658406,133.160658406,133.160658406,133.160658406
2023-05-26 14:32:00,133.160658406,133.160658406,133.160658406,133.160658406
2023-05-26 14:33:00,133.160658406,133.160658406,133.160658406,133.160658406
2023-05-26 14:34:00,133.160658406,133.160658406,133.160658406,133.160658406
2023-05-26 14:35:00,133.160658406,133.160658406,133.160658406,133.160658406
2023-05-26 14:36:00,133.160658406,133.160658406,133.160658406,133.160658406
2023-05-26 14:37:00,133.160658406,133.160658406,133.160658406,133.160658406
2023-05-26 14:38:00,133.312776822,133.312776822,133.312776822,133.312776822
2023-05-26 14:39:00,133.312776822,133.312776822,133.312776822,133.312776822
2023-05-26 14:40:00,133.559969248,133.540954446,133.540954446,133.559969248
2023-05-26 14:41:00,133.559969248,133.540954446,133.540954446,133.559969248
2023-05-26 14:42:00,133.417358233,133.417358233,133.417358233,133.417358233
2023-05-26 14:43:00,133.417358233,133.417358233,133.417358233,133.417358233
2023-05-26 14:44:00,133.417358233,133.417358233,133.417358233,133.417358233
2023-05-26 14:45:00,133.379328629,133.407850832,133.379328629,133.407850832
2023-05-26 14:46:00,133.379328629,133.407850832,133.379328629,133.407850832
2023-05-26 14:47:00,133.398343431,133.379328629,133.379328629,133.398343431
2023-05-26 14:48:00,133.398343431,133.379328629,133.379328629,133.398343431
2023-05-26 14:49:00,133.398343431,133.379328629,133.379328629,133.398343431
2023-05-26 14:50:00,133.398343431,133.379328629,133.379328629,133.398343431
2023-05-26 14:51:00,133.29376202,133.29376202,133.29376202,133.29376202
2023-05-26 14:52:00,133.29376202,133.29376202,133.29376202,133.29376202
2023-05-26 14:53:00,133.312776822,133.312776822,133.312776822,133.312776822
2023-05-26 14:54:00,133.312776822,133.312776822,133.312776822,133.312776822
2023-05-26 14:55:00,133.312776822,133.312776822,133.312776822,133.312776822
2023-05-26 14:56:00,133.312776822,133.312776822,133.312776822,133.312776822
2023-05-26 14:57:00,133.312776822,133.312776822,133.312776822,133.312776822
2023-05-26 14:58:00,133.312776822,133.312776822,133.312776822,133.312776822
2023-05-26 14:59:00,133.312776822,133.312776822,133.312776822,133.312776822
2023-05-26 15:00:00,133.312776822,133.312776822,133.312776822,133.312776822
2023-05-26 15:01:00,133.312776822,133.312776822,133.312776822,133.312776822
2023-05-26 15:02:00,133.312776822,133.312776822,133.312776822,133.312776822
2023-05-26 15:03:00,133.312776822,133.312776822,133.312776822,133.312776822
2023-05-26 15:04:00,133.626521055,133.626521055,133.626521055,133.626521055
2023-05-26 15:05:00,133.626521055,133.626521055,133.626521055,133.626521055
2023-05-26 15:06:00,133.588491451,133.588491451,133.588491451,133.588491451
2023-05-26 15:07:00,133.588491451,133.588491451,133.588491451,133.588491451
2023-05-26 15:08:00,133.588491451,133.588491451,133.588491451,133.588491451
2023-05-26 15:09:00,133.588491451,133.588491451,133.588491451,133.588491451
2023-05-26 15:10:00,133.588491451,133.607506253,133.588491451,133.607506253
2023-05-26 15:11:00,133.588491451,133.607506253,133.588491451,133.607506253
2023-05-26 15:12:00,133.588491451,133.607506253,133.588491451,133.607506253
2023-05-26 15:13:00,133.588491451,133.607506253,133.588491451,133.607506253
2023-05-26 15:14:00,133.588491451,133.607506253,133.588491451,133.607506253
2023-05-26 15:15:00,133.502924842,133.502924842,133.502924842,133.502924842
2023-05-26 15:16:00,133.502924842,133.502924842,133.502924842,133.502924842
2023-05-26 15:17:00,133.502924842,133.502924842,133.502924842,133.502924842
2023-05-26 15:18:00,133.464895238,133.464895238,133.464895238,133.464895238
2023-05-26 15:19:00,133.464895238,133.464895238,133.464895238,133.464895238
2023-05-26 15:20:00,133.531447045,133.474402639,133.474402639,133.531447045
2023-05-26 15:21:00,133.531447045,133.474402639,133.474402639,133.531447045
2023-05-26 15:22:00,133.512432243,133.512432243,133.512432243,133.512432243
2023-05-26 15:23:00,133.531447045,133.531447045,133.531447045,133.531447045
2023-05-26 15:24:00,133.464895238,133.48391004,133.464895238,133.48391004
2023-05-26 15:25:00,133.464895238,133.48391004,133.464895238,133.48391004
2023-05-26 15:26:00,133.426865634,133.426865634,133.426865634,133.426865634
2023-05-26 15:27:00,133.407850832,133.407850832,133.398343431,133.407850832
2023-05-26 15:28:00,133.426865634,133.398343431,133.398343431,133.426865634
2023-05-26 15:29:00,133.426865634,133.398343431,133.398343431,133.426865634
2023-05-26 15:30:00,133.426865634,133.502924842,133.426865634,133.502924842
2023-05-26 15:31:00,133.426865634,133.502924842,133.426865634,133.502924842
2023-05-26 15:32:00,133.550461847,133.550461847,133.550461847,133.550461847
2023-05-26 15:33:00,133.531447045,133.531447045,133.531447045,133.531447045
2023-05-26 15:34:00,133.531447045,133.531447045,133.531447045,133.531447045
2023-05-26 15:35:00,133.502924842,133.502924842,133.502924842,133.502924842
2023-05-26 15:36:00,133.502924842,133.502924842,133.502924842,133.502924842
2023-05-26 15:37:00,133.550461847,133.550461847,133.550461847,133.550461847
2023-05-26 15:38:00,133.655043258,133.655043258,133.655043258,133.655043258
2023-05-26 15:39:00,133.655043258,133.655043258,133.655043258,133.655043258
2023-05-26 15:40:00,133.636028456,133.636028456,133.636028456,133.636028456
2023-05-26 15:41:00,133.607506253,133.607506253,133.607506253,133.607506253
2023-05-26 15:42:00,133.607506253,133.607506253,133.607506253,133.607506253
2023-05-26 15:43:00,133.607506253,133.607506253,133.607506253,133.607506253
2023-05-26 15:44:00,133.607506253,133.607506253,133.607506253,133.607506253
2023-05-26 15:45:00,133.607506253,133.607506253,133.607506253,133.607506253
2023-05-26 15:46:00,133.607506253,133.607506253,133.607506253,133.607506253
2023-05-26 15:47:00,133.607506253,133.607506253,133.607506253,133.607506253
2023-05-26 15:48:00,133.607506253,133.607506253,133.607506253,133.607506253
2023-05-26 15:49:00,133.740609867,133.740609867,133.740609867,133.740609867
2023-05-26 15:50:00,133.740609867,133.740609867,133.740609867,133.740609867
2023-05-26 15:51:00,133.636028456,133.636028456,133.636028456,133.636028456
2023-05-26 15:52:00,133.731102466,133.731102466,133.731102466,133.731102466
2023-05-26 15:53:00,133.597998852,133.559969248,133.559969248,133.597998852
2023-05-26 15:54:00,133.597998852,133.559969248,133.559969248,133.597998852
2023-05-26 15:55:00,133.645535857,133.645535857,133.645535857,133.645535857
2023-05-26 15:56:00,133.645535857,133.645535857,133.645535857,133.645535857
2023-05-26 15:57:00,133.655043258,133.683565461,133.655043258,133.683565461
2023-05-26 15:58:00,133.655043258,133.683565461,133.655043258,133.683565461
2023-05-26 15:59:00,133.702580263,133.702580263,133.702580263,133.702580263
2023-05-26 16:00:00,133.67405806,133.6788117605,133.67405806,133.6788117605
2023-05-30 09:31:00,133.968787491,133.968787491,133.968787491,133.968787491
2023-05-30 09:32:00,134.111398506,134.044846699,134.044846699,134.120905907
2023-05-30 09:33:00,134.47277481801,134.406127937,134.406127937,134.47277481801
2023-05-30 09:34:00,134.444157541,134.453664942,134.301546526,134.453664942
2023-05-30 09:35:00,134.33957613,134.33957613,134.33957613,134.33957613
2023-05-30 09:36:00,134.33957613,134.33957613,134.33957613,134.33957613
2023-05-30 09:37:00,134.33957613,134.33957613,134.33957613,134.33957613
2023-05-30 09:38:00,134.33957613,134.33957613,134.33957613,134.33957613
2023-05-30 09:39:00,133.873713481,133.721595065,133.721595065,133.873713481
2023-05-30 09:40:00,133.5932451515,133.67405806,133.5932451515,133.67405806
2023-05-30 09:41:00,133.8309301765,133.69003049368,133.67710042832,133.8309301765
2023-05-30 09:42:00,133.8309301765,133.69003049368,133.67710042832,133.8309301765
2023-05-30 09:43:00,133.8309301765,133.69003049368,133.67710042832,133.8309301765
2023-05-30 09:44:00,133.835683877,133.902235684,133.835683877,133.902235684
2023-05-30 09:45:00,133.949772689,133.9260041865,133.9260041865,134.025831897
2023-05-30 09:46:00,133.873713481,133.873713481,133.873713481,133.873713481
2023-05-30 09:47:00,133.873713481,133.873713481,133.873713481,133.873713481
2023-05-30 09:48:00,134.0210781965,134.0210781965,134.0210781965,134.0210781965
2023-05-30 09:49:00,134.082876303,134.09732755252,134.082876303,134.09732755252
2023-05-30 09:50:00,134.082876303,134.09732755252,134.082876303,134.09732755252
2023-05-30 09:51:00,134.082876303,134.09732755252,134.082876303,134.09732755252
2023-05-30 09:52:00,134.082876303,134.09732755252,134.082876303,134.09732755252
2023-05-30 09:53:00,134.158935511,134.158935511,134.158935511,134.158935511
2023-05-30 09:54:00,134.073368902,134.158935511,134.073368902,134.158935511
2023-05-30 09:55:00,134.073368902,134.158935511,134.073368902,134.158935511
2023-05-30 09:56:00,134.073368902,134.158935511,134.073368902,134.158935511
2023-05-30 09:57:00,134.168442912,134.206472516,134.168442912,134.206472516
2023-05-30 09:58:00,134.168442912,134.206472516,134.168442912,134.206472516
2023-05-30 09:59:00,134.168442912,134.206472516,134.168442912,134.206472516
2023-05-30 10:00:00,134.177950313,134.130413308,134.130413308,134.177950313
2023-05-30 10:01:00,134.187457714,134.187457714,134.187457714,134.187457714
2023-05-30 10:02:00,134.187457714,134.187457714,134.187457714,134.187457714
2023-05-30 10:03:00,134.120905907,134.120905907,134.120905907,134.120905907
2023-05-30 10:04:00,134.120905907,134.120905907,134.120905907,134.120905907
2023-05-30 10:05:00,134.120905907,134.120905907,134.120905907,134.120905907
2023-05-30 10:06:00,134.082876303,134.082876303,134.082876303,134.082876303
2023-05-30 10:07:00,134.168442912,134.168442912,134.168442912,134.168442912
2023-05-30 10:08:00,134.1256596075,134.1256596075,134.1256596075,134.1256596075
2023-05-30 10:09:00,134.1256596075,134.1256596075,134.1256596075,134.1256596075
2023-05-30 10:10:00,134.1256596075,134.1256596075,134.1256596075,134.1256596075
2023-05-30 10:11:00,134.1256596075,134.1256596075,134.1256596075,134.1256596075
2023-05-30 10:12:00,134.1256596075,134.1256596075,134.1256596075,134.1256596075
2023-05-30 10:13:00,134.1256596075,134.1256596075,134.1256596075,134.1256596075
2023-05-30 10:14:00,134.29993026783,134.29993026783,134.29993026783,134.29993026783
2023-05-30 10:15:00,134.29993026783,134.29993026783,134.29993026783,134.29993026783
2023-05-30 10:16:00,134.396620536,134.396620536,134.396620536,134.39700083204
2023-05-30 10:17:00,134.5059556475,134.5059556475,134.5059556475,134.5059556475
2023-05-30 10:18:00,134.5059556475,134.5059556475,134.5059556475,134.5059556475
2023-05-30 10:19:00,134.5059556475,134.5059556475,134.5059556475,134.5059556475
2023-05-30 10:20:00,134.42523781301,134.42523781301,134.42523781301,134.42523781301
2023-05-30 10:21:00,134.42523781301,134.42523781301,134.42523781301,134.42523781301
2023-05-30 10:22:00,134.42523781301,134.42523781301,134.42523781301,134.42523781301
2023-05-30 10:23:00,134.62479816,134.62479816,134.62479816,134.62479816
2023-05-30 10:24:00,134.425142739,134.491694546,134.425142739,134.491694546
2023-05-30 10:25:00,134.5059556475,134.5059556475,134.5059556475,134.5059556475
2023-05-30 10:26:00,134.5059556475,134.5059556475,134.5059556475,134.5059556475
2023-05-30 10:27:00,134.41801218825,134.41801218825,134.41801218825,134.41801218825
2023-05-30 10:28:00,134.4298964395,134.4298964395,134.4298964395,134.4298964395
2023-05-30 10:29:00,134.1827040135,134.187457714,134.1827040135,134.187457714
2023-05-30 10:30:00,134.1827040135,134.187457714,134.1827040135,134.187457714
2023-05-30 10:31:00,134.1827040135,134.187457714,134.1827040135,134.187457714
2023-05-30 10:32:00,134.1827040135,134.187457714,134.1827040135,134.187457714
2023-05-30 10:33:00,134.1827040135,134.187457714,134.1827040135,134.187457714
2023-05-30 10:34:00,134.2397484195,134.387113135,134.2397484195,134.387113135
2023-05-30 10:35:00,134.2397484195,134.387113135,134.2397484195,134.387113135
2023-05-30 10:36:00,134.2397484195,134.387113135,134.2397484195,134.387113135
2023-05-30 10:37:00,133.968787491,133.968787491,133.968787491,133.968787491
2023-05-30 10:38:00,133.95975546005,134.05302306386,133.95975546005,134.05302306386
2023-05-30 10:39:00,133.98266829646,133.98266829646,133.98266829646,133.98266829646
2023-05-30 10:40:00,133.98266829646,133.98266829646,133.98266829646,133.98266829646
2023-05-30 10:41:00,133.98266829646,133.98266829646,133.98266829646,133.98266829646
2023-05-30 10:42:00,133.98266829646,133.98266829646,133.98266829646,133.98266829646
2023-05-30 10:43:00,133.98266829646,133.98266829646,133.98266829646,133.98266829646
2023-05-30 10:44:00,134.092383704,134.111398506,134.092383704,134.111398506
2023-05-30 10:45:00,134.092383704,134.11558176244,134.092383704,134.11558176244
2023-05-30 10:46:00,134.073368902,133.97002345313,133.97002345313,134.073368902
2023-05-30 10:47:00,134.073368902,133.97002345313,133.97002345313,134.073368902
2023-05-30 10:48:00,133.85213168073,133.85213168073,133.85213168073,133.85213168073
2023-05-30 10:49:00,133.85213168073,133.85213168073,133.85213168073,133.85213168073
2023-05-30 10:50:00,133.85213168073,133.85213168073,133.85213168073,133.85213168073
2023-05-30 10:51:00,133.826176476,133.826176476,133.826176476,133.826176476
2023-05-30 10:52:00,133.826176476,133.826176476,133.826176476,133.826176476
2023-05-30 10:53:00,133.826176476,133.826176476,133.826176476,133.826176476
2023-05-30 10:54:00,133.826176476,133.826176476,133.826176476,133.826176476
2023-05-30 10:55:00,133.86049819361,133.873713481,133.826176476,133.873713481
2023-05-30 10:56:00,133.816669075,133.816669075,133.816669075,133.816669075
2023-05-30 10:57:00,133.816669075,133.816669075,133.816669075,133.816669075
2023-05-30 10:58:00,133.778639471,133.797654273,133.778639471,133.797654273
2023-05-30 10:59:00,133.778639471,133.797654273,133.778639471,133.797654273
2023-05-30 11:00:00,133.911743085,133.930757887,133.911743085,133.940265288
2023-05-30 11:01:00,133.807161674,133.87361840699,133.807161674,133.87361840699
2023-05-30 11:02:00,133.807161674,133.87361840699,133.807161674,133.87361840699
2023-05-30 11:03:00,133.807161674,133.87361840699,133.807161674,133.87361840699
2023-05-30 11:04:00,133.807161674,133.87361840699,133.807161674,133.87361840699
2023-05-30 11:05:00,133.807161674,133.87361840699,133.807161674,133.87361840699
2023-05-30 11:06:00,133.807161674,133.87361840699,133.807161674,133.87361840699
2023-05-30 11:07:00,133.807161674,133.87361840699,133.807161674,133.87361840699
2023-05-30 11:08:00,133.559969248,133.54181011209,133.54181011209,133.559969248
2023-05-30 11:09:00,133.559969248,133.54181011209,133.54181011209,133.559969248
2023-05-30 11:10:00,133.559969248,133.54181011209,133.54181011209,133.559969248
2023-05-30 11:11:00,133.559969248,133.54181011209,133.54181011209,133.559969248
2023-05-30 11:12:00,133.6502895575,133.6502895575,133.6502895575,133.6502895575
2023-05-30 11:13:00,133.6502895575,133.6502895575,133.6502895575,133.6502895575
2023-05-30 11:14:00,133.664550659,133.6788117605,133.664550659,133.6788117605
2023-05-30 11:15:00,133.6978265625,133.6978265625,133.6978265625,133.6978265625
2023-05-30 11:16:00,133.6978265625,133.6978265625,133.6978265625,133.6978265625
2023-05-30 11:17:00,133.626521055,133.626521055,133.550461847,133.626521055
2023-05-30 11:18:00,133.788146872,133.788146872,133.788146872,133.788146872
2023-05-30 11:19:00,133.778639471,133.778639471,133.778639471,133.778639471
2023-05-30 11:20:00,133.778639471,133.778639471,133.778639471,133.778639471
2023-05-30 11:21:00,133.693072862,133.702580263,133.664550659,133.702580263
2023-05-30 11:22:00,133.693072862,133.702580263,133.664550659,133.702580263
2023-05-30 11:23:00,133.617013654,133.626521055,133.607506253,133.626521055
2023-05-30 11:24:00,133.617013654,133.626521055,133.607506253,133.626521055
2023-05-30 11:25:00,133.617013654,133.626521055,133.607506253,133.626521055
2023-05-30 11:26:00,133.617013654,133.626521055,133.607506253,133.626521055
2023-05-30 11:27:00,133.617013654,133.626521055,133.607506253,133.626521055
2023-05-30 11:28:00,133.617013654,133.626521055,133.607506253,133.626521055
2023-05-30 11:29:00,133.807161674,133.807161674,133.807161674,133.807161674
2023-05-30 11:30:00,133.807161674,133.807161674,133.807161674,133.807161674
2023-05-30 11:31:00,133.807161674,133.807161674,133.807161674,133.807161674
2023-05-30 11:32:00,133.807161674,133.807161674,133.807161674,133.807161674
2023-05-30 11:33:00,133.807161674,133.807161674,133.807161674,133.807161674
2023-05-30 11:34:00,133.807161674,133.807161674,133.807161674,133.807161674
2023-05-30 11:35:00,133.807161674,133.807161674,133.807161674,133.807161674
2023-05-30 11:36:00,133.807161674,133.807161674,133.807161674,133.807161674
2023-05-30 11:37:00,133.892728283,133.892728283,133.892728283,133.892728283
2023-05-30 11:38:00,133.892728283,133.892728283,133.892728283,133.892728283
2023-05-30 11:39:00,133.921250486,133.921250486,133.921250486,133.921250486
2023-05-30 11:40:00,133.921250486,133.921250486,133.921250486,133.921250486
2023-05-30 11:41:00,133.89539035528,133.89539035528,133.89539035528,133.89539035528
2023-05-30 11:42:00,133.89539035528,133.89539035528,133.89539035528,133.89539035528
2023-05-30 11:43:00,133.89539035528,133.89539035528,133.89539035528,133.89539035528
2023-05-30 11:44:00,133.911743085,133.911743085,133.911743085,133.911743085
2023-05-30 11:45:00,133.911743085,133.911743085,133.911743085,133.911743085
2023-05-30 11:46:00,133.911743085,133.911743085,133.911743085,133.911743085
2023-05-30 11:47:00,133.911743085,133.911743085,133.911743085,133.911743085
2023-05-30 11:48:00,133.911743085,133.911743085,133.911743085,133.911743085
2023-05-30 11:49:00,133.911743085,133.911743085,133.911743085,133.911743085
2023-05-30 11:50:00,133.911743085,133.911743085,133.911743085,133.911743085
2023-05-30 11:51:00,133.911743085,133.911743085,133.911743085,133.911743085
2023-05-30 11:52:00,133.911743085,133.911743085,133.911743085,133.911743085
2023-05-30 11:53:00,133.911743085,133.911743085,133.911743085,133.911743085
2023-05-30 11:54:00,133.911743085,133.911743085,133.911743085,133.911743085
2023-05-30 11:55:00,133.911743085,133.911743085,133.911743085,133.911743085
2023-05-30 11:56:00,133.911743085,133.911743085,133.911743085,133.911743085
2023-05-30 11:57:00,133.911743085,133.911743085,133.911743085,133.911743085
2023-05-30 11:58:00,133.911743085,133.911743085,133.911743085,133.911743085
2023-05-30 11:59:00,133.911743085,133.911743085,133.911743085,133.911743085
2023-05-30 12:00:00,133.911743085,133.911743085,133.911743085,133.911743085
2023-05-30 12:01:00,133.911743085,133.911743085,133.911743085,133.911743085
2023-05-30 12:02:00,133.911743085,133.911743085,133.911743085,133.911743085
2023-05-30 12:03:00,133.911743085,133.911743085,133.911743085,133.911743085
2023-05-30 12:04:00,133.911743085,133.911743085,133.911743085,133.911743085
2023-05-30 12:05:00,133.911743085,133.911743085,133.911743085,133.911743085
2023-05-30 12:06:00,133.911743085,133.911743085,133.911743085,133.911743085
2023-05-30 12:07:00,133.911743085,133.911743085,133.911743085,133.911743085
2023-05-30 12:08:00,133.911743085,133.911743085,133.911743085,133.911743085
2023-05-30 12:09:00,133.911743085,133.911743085,133.911743085,133.911743085
2023-05-30 12:10:00,133.911743085,133.911743085,133.911743085,133.911743085
2023-05-30 12:11:00,133.911743085,133.911743085,133.911743085,133.911743085
2023-05-30 12:12:00,133.911743085,133.911743085,133.911743085,133.911743085
2023-05-30 12:13:00,133.911743085,133.911743085,133.911743085,133.911743085
2023-05-30 12:14:00,133.911743085,133.911743085,133.911743085,133.911743085
2023-05-30 12:15:00,133.911743085,133.911743085,133.911743085,133.911743085
2023-05-30 12:16:00,133.911743085,133.911743085,133.911743085,133.911743085
2023-05-30 12:17:00,133.911743085,133.911743085,133.911743085,133.911743085
2023-05-30 12:18:00,133.911743085,133.911743085,133.911743085,133.911743085
2023-05-30 12:19:00,133.911743085,133.911743085,133.911743085,133.911743085
2023-05-30 12:20:00,133.911743085,133.911743085,133.911743085,133.911743085
2023-05-30 12:21:00,133.911743085,133.911743085,133.911743085,133.911743085
2023-05-30 12:22:00,133.911743085,133.911743085,133.911743085,133.911743085
2023-05-30 12:23:00,133.911743085,133.911743085,133.911743085,133.911743085
2023-05-30 12:24:00,133.911743085,133.911743085,133.911743085,133.911743085
2023-05-30 12:25:00,133.911743085,133.911743085,133.911743085,133.911743085
2023-05-30 12:26:00,133.911743085,133.911743085,133.911743085,133.911743085
2023-05-30 12:27:00,133.911743085,133.911743085,133.911743085,133.911743085
2023-05-30 12:28:00,133.911743085,133.911743085,133.911743085,133.911743085
2023-05-30 12:29:00,133.67405806,133.67405806,133.67405806,133.67405806
2023-05-30 12:30:00,133.67405806,133.67405806,133.67405806,133.67405806
2023-05-30 12:31:00,133.67405806,133.67405806,133.67405806,133.67405806
2023-05-30 12:32:00,133.67405806,133.67405806,133.67405806,133.67405806
2023-05-30 12:33:00,133.67405806,133.67405806,133.67405806,133.67405806
2023-05-30 12:34:00,133.67405806,133.67405806,133.67405806,133.67405806
2023-05-30 12:35:00,133.67405806,133.67405806,133.67405806,133.67405806
2023-05-30 12:36:00,133.67405806,133.67405806,133.67405806,133.67405806
2023-05-30 12:37:00,133.67405806,133.67405806,133.67405806,133.67405806
2023-05-30 12:38:00,133.826176476,133.826176476,133.826176476,133.826176476
2023-05-30 12:39:00,133.826176476,133.826176476,133.826176476,133.826176476
2023-05-30 12:40:00,133.826176476,133.826176476,133.826176476,133.826176476
2023-05-30 12:41:00,133.826176476,133.826176476,133.826176476,133.826176476
2023-05-30 12:42:00,133.826176476,133.826176476,133.826176476,133.826176476
2023-05-30 12:43:00,133.826176476,133.826176476,133.826176476,133.826176476
2023-05-30 12:44:00,133.826176476,133.826176476,133.826176476,133.826176476
2023-05-30 12:45:00,133.826176476,133.826176476,133.826176476,133.826176476
2023-05-30 12:46:00,133.826176476,133.826176476,133.826176476,133.826176476
2023-05-30 12:47:00,133.826176476,133.826176476,133.826176476,133.826176476
2023-05-30 12:48:00,133.826176476,133.826176476,133.826176476,133.826176476
2023-05-30 12:49:00,133.550461847,133.550461847,133.550461847,133.550461847
2023-05-30 12:50:00,133.550461847,133.550461847,133.550461847,133.550461847
2023-05-30 12:51:00,133.550461847,133.550461847,133.550461847,133.550461847
2023-05-30 12:52:00,133.550461847,133.550461847,133.550461847,133.550461847
2023-05-30 12:53:00,133.550461847,133.550461847,133.550461847,133.550461847
2023-05-30 12:54:00,133.550461847,133.550461847,133.550461847,133.550461847
2023-05-30 12:55:00,133.550461847,133.550461847,133.550461847,133.550461847
2023-05-30 12:56:00,133.807161674,133.807161674,133.807161674,133.807161674
2023-05-30 12:57:00,133.807161674,133.807161674,133.807161674,133.807161674
2023-05-30 12:58:00,133.807161674,133.807161674,133.807161674,133.807161674
2023-05-30 12:59:00,133.807161674,133.807161674,133.807161674,133.807161674
2023-05-30 13:00:00,133.807161674,133.807161674,133.807161674,133.807161674
2023-05-30 13:01:00,133.807161674,133.807161674,133.807161674,133.807161674
2023-05-30 13:02:00,133.807161674,133.807161674,133.807161674,133.807161674
2023-05-30 13:03:00,133.807161674,133.807161674,133.807161674,133.807161674
2023-05-30 13:04:00,133.693072862,133.702580263,133.693072862,133.702580263
2023-05-30 13:05:00,133.740609867,133.702580263,133.702580263,133.740609867
2023-05-30 13:06:00,133.740609867,133.702580263,133.702580263,133.740609867
2023-05-30 13:07:00,133.740609867,133.702580263,133.702580263,133.740609867
2023-05-30 13:08:00,133.740609867,133.702580263,133.702580263,133.740609867
2023-05-30 13:09:00,133.664550659,133.664550659,133.664550659,133.664550659
2023-05-30 13:10:00,133.664550659,133.664550659,133.664550659,133.664550659
2023-05-30 13:11:00,133.664550659,133.664550659,133.664550659,133.664550659
2023-05-30 13:12:00,133.664550659,133.664550659,133.664550659,133.664550659
2023-05-30 13:13:00,133.664550659,133.664550659,133.664550659,133.664550659
2023-05-30 13:14:00,133.664550659,133.664550659,133.664550659,133.664550659
2023-05-30 13:15:00,133.664550659,133.664550659,133.664550659,133.664550659
2023-05-30 13:16:00,133.664550659,133.664550659,133.664550659,133.664550659
2023-05-30 13:17:00,133.702580263,133.702580263,133.702580263,133.702580263
2023-05-30 13:18:00,133.702580263,133.702580263,133.702580263,133.702580263
2023-05-30 13:19:00,133.702580263,133.702580263,133.702580263,133.702580263
2023-05-30 13:20:00,133.702580263,133.702580263,133.702580263,133.702580263
2023-05-30 13:21:00,133.702580263,133.702580263,133.702580263,133.702580263
2023-05-30 13:22:00,133.702580263,133.702580263,133.702580263,133.702580263
2023-05-30 13:23:00,133.702580263,133.702580263,133.702580263,133.702580263
2023-05-30 13:24:00,133.702580263,133.702580263,133.702580263,133.702580263
2023-05-30 13:25:00,133.702580263,133.702580263,133.702580263,133.702580263
2023-05-30 13:26:00,133.702580263,133.702580263,133.702580263,133.702580263
2023-05-30 13:27:00,133.702580263,133.702580263,133.702580263,133.702580263
2023-05-30 13:28:00,133.702580263,133.702580263,133.702580263,133.702580263
2023-05-30 13:29:00,133.702580263,133.702580263,133.702580263,133.702580263
2023-05-30 13:30:00,133.702580263,133.702580263,133.702580263,133.702580263
2023-05-30 13:31:00,133.702580263,133.702580263,133.702580263,133.702580263
2023-05-30 13:32:00,133.702580263,133.702580263,133.702580263,133.702580263
2023-05-30 13:33:00,133.702580263,133.702580263,133.702580263,133.702580263
2023-05-30 13:34:00,133.702580263,133.702580263,133.702580263,133.702580263
2023-05-30 13:35:00,133.702580263,133.702580263,133.702580263,133.702580263
2023-05-30 13:36:00,133.702580263,133.702580263,133.702580263,133.702580263
2023-05-30 13:37:00,133.559969248,133.559969248,133.559969248,133.559969248
2023-05-30 13:38:00,133.559969248,133.559969248,133.559969248,133.559969248
2023-05-30 13:39:00,133.559969248,133.559969248,133.559969248,133.559969248
2023-05-30 13:40:00,133.559969248,133.559969248,133.559969248,133.559969248
2023-05-30 13:41:00,133.559969248,133.559969248,133.559969248,133.559969248
2023-05-30 13:42:00,133.559969248,133.559969248,133.559969248,133.559969248
2023-05-30 13:43:00,133.559969248,133.559969248,133.559969248,133.559969248
2023-05-30 13:44:00,133.559969248,133.559969248,133.559969248,133.559969248
2023-05-30 13:45:00,133.559969248,133.559969248,133.559969248,133.559969248
2023-05-30 13:46:00,133.559969248,133.559969248,133.559969248,133.559969248
2023-05-30 13:47:00,133.559969248,133.559969248,133.559969248,133.559969248
2023-05-30 13:48:00,133.559969248,133.559969248,133.559969248,133.559969248
2023-05-30 13:49:00,133.559969248,133.559969248,133.559969248,133.559969248
2023-05-30 13:50:00,133.559969248,133.559969248,133.559969248,133.559969248
2023-05-30 13:51:00,133.559969248,133.559969248,133.559969248,133.559969248
2023-05-30 13:52:00,133.559969248,133.559969248,133.559969248,133.559969248
2023-05-30 13:53:00,133.559969248,133.559969248,133.559969248,133.559969248
2023-05-30 13:54:00,133.559969248,133.559969248,133.559969248,133.559969248
2023-05-30 13:55:00,133.559969248,133.559969248,133.559969248,133.559969248
2023-05-30 13:56:00,133.559969248,133.559969248,133.559969248,133.559969248
2023-05-30 13:57:00,133.559969248,133.559969248,133.559969248,133.559969248
2023-05-30 13:58:00,133.48391004,133.540954446,133.48391004,133.540954446
2023-05-30 13:59:00,133.48391004,133.540954446,133.48391004,133.540954446
2023-05-30 14:00:00,133.48391004,133.540954446,133.48391004,133.540954446
2023-05-30 14:01:00,133.48391004,133.540954446,133.48391004,133.540954446
2023-05-30 14:02:00,133.417358233,133.417358233,133.417358233,133.417358233
2023-05-30 14:03:00,133.417358233,133.417358233,133.417358233,133.417358233
2023-05-30 14:04:00,133.417358233,133.417358233,133.417358233,133.417358233
2023-05-30 14:05:00,133.417358233,133.417358233,133.417358233,133.417358233
2023-05-30 14:06:00,133.417358233,133.417358233,133.417358233,133.417358233
2023-05-30 14:07:00,133.502924842,133.502924842,133.502924842,133.502924842
2023-05-30 14:08:00,133.502924842,133.502924842,133.502924842,133.502924842
2023-05-30 14:09:00,133.426865634,133.426865634,133.426865634,133.426865634
2023-05-30 14:10:00,133.426865634,133.426865634,133.426865634,133.426865634
2023-05-30 14:11:00,133.341299025,133.341299025,133.341299025,133.341299025
2023-05-30 14:12:00,133.341299025,133.341299025,133.341299025,133.341299025
2023-05-30 14:13:00,133.341299025,133.341299025,133.341299025,133.341299025
2023-05-30 14:14:00,133.341299025,133.341299025,133.341299025,133.341299025
2023-05-30 14:15:00,133.341299025,133.341299025,133.341299025,133.341299025
2023-05-30 14:16:00,133.341299025,133.341299025,133.341299025,133.341299025
2023-05-30 14:17:00,133.341299025,133.341299025,133.341299025,133.341299025
2023-05-30 14:18:00,133.341299025,133.341299025,133.341299025,133.341299025
2023-05-30 14:19:00,133.341299025,133.341299025,133.341299025,133.341299025
2023-05-30 14:20:00,133.341299025,133.341299025,133.341299025,133.341299025
2023-05-30 14:21:00,133.341299025,133.341299025,133.341299025,133.341299025
2023-05-30 14:22:00,133.341299025,133.341299025,133.341299025,133.341299025
2023-05-30 14:23:00,133.341299025,133.341299025,133.341299025,133.341299025
2023-05-30 14:24:00,133.341299025,133.341299025,133.341299025,133.341299025
2023-05-30 14:25:00,133.341299025,133.341299025,133.341299025,133.341299025
2023-05-30 14:26:00,133.341299025,133.341299025,133.341299025,133.341299025
2023-05-30 14:27:00,133.341299025,133.341299025,133.341299025,133.341299025
2023-05-30 14:28:00,133.341299025,133.341299025,133.341299025,133.341299025
2023-05-30 14:29:00,133.341299025,133.341299025,133.341299025,133.341299025
2023-05-30 14:30:00,133.341299025,133.341299025,133.341299025,133.341299025
2023-05-30 14:31:00,133.341299025,133.341299025,133.341299025,133.341299025
2023-05-30 14:32:00,133.341299025,133.341299025,133.341299025,133.341299025
2023-05-30 14:33:00,133.341299025,133.341299025,133.341299025,133.341299025
2023-05-30 14:34:00,133.341299025,133.341299025,133.341299025,133.341299025
2023-05-30 14:35:00,133.341299025,133.341299025,133.341299025,133.341299025
2023-05-30 14:36:00,133.341299025,133.341299025,133.341299025,133.341299025
2023-05-30 14:37:00,133.341299025,133.341299025,133.341299025,133.341299025
2023-05-30 14:38:00,133.341299025,133.341299025,133.341299025,133.341299025
2023-05-30 14:39:00,133.341299025,133.341299025,133.341299025,133.341299025
2023-05-30 14:40:00,133.341299025,133.341299025,133.341299025,133.341299025
2023-05-30 14:41:00,133.341299025,133.341299025,133.341299025,133.341299025
2023-05-30 14:42:00,133.731102466,133.731102466,133.731102466,133.731102466
2023-05-30 14:43:00,133.731102466,133.731102466,133.731102466,133.731102466
2023-05-30 14:44:00,133.731102466,133.731102466,133.731102466,133.731102466
2023-05-30 14:45:00,133.731102466,133.731102466,133.731102466,133.731102466
2023-05-30 14:46:00,133.645535857,133.655043258,133.645535857,133.655043258
2023-05-30 14:47:00,133.540954446,133.550461847,133.540954446,133.550461847
2023-05-30 14:48:00,133.540954446,133.550461847,133.540954446,133.550461847
2023-05-30 14:49:00,133.559969248,133.559969248,133.559969248,133.559969248
2023-05-30 14:50:00,133.559969248,133.559969248,133.559969248,133.559969248
2023-05-30 14:51:00,133.559969248,133.559969248,133.559969248,133.559969248
2023-05-30 14:52:00,133.559969248,133.559969248,133.559969248,133.559969248
2023-05-30 14:53:00,133.350806426,133.350806426,133.350806426,133.350806426
2023-05-30 14:54:00,133.350806426,133.350806426,133.350806426,133.350806426
2023-05-30 14:55:00,133.350806426,133.350806426,133.350806426,133.350806426
2023-05-30 14:56:00,133.350806426,133.350806426,133.350806426,133.350806426
2023-05-30 14:57:00,133.350806426,133.350806426,133.350806426,133.350806426
2023-05-30 14:58:00,133.426865634,133.436373035,133.426865634,133.436373035
2023-05-30 14:59:00,133.341299025,133.341299025,133.341299025,133.341299025
2023-05-30 15:00:00,133.341299025,133.350806426,133.341299025,133.350806426
2023-05-30 15:01:00,133.341299025,133.350806426,133.341299025,133.350806426
2023-05-30 15:02:00,133.341299025,133.350806426,133.341299025,133.350806426
2023-05-30 15:03:00,133.312776822,133.303269421,133.303269421,133.312776822
2023-05-30 15:04:00,133.312776822,133.303269421,133.303269421,133.312776822
2023-05-30 15:05:00,133.312776822,133.303269421,133.303269421,133.312776822
2023-05-30 15:06:00,133.312776822,133.303269421,133.303269421,133.312776822
2023-05-30 15:07:00,133.312776822,133.303269421,133.303269421,133.312776822
2023-05-30 15:08:00,133.312776822,133.303269421,133.303269421,133.312776822
2023-05-30 15:09:00,133.312776822,133.303269421,133.303269421,133.312776822
2023-05-30 15:10:00,133.312776822,133.303269421,133.303269421,133.312776822
2023-05-30 15:11:00,133.312776822,133.303269421,133.303269421,133.312776822
2023-05-30 15:12:00,133.312776822,133.303269421,133.303269421,133.312776822
2023-05-30 15:13:00,133.312776822,133.303269421,133.303269421,133.312776822
2023-05-30 15:14:00,133.312776822,133.303269421,133.303269421,133.312776822
2023-05-30 15:15:00,133.312776822,133.303269421,133.303269421,133.312776822
2023-05-30 15:16:00,133.075091797,133.103614,133.075091797,133.103614
2023-05-30 15:17:00,133.103614,133.103614,133.103614,133.103614
2023-05-30 15:18:00,133.103614,133.103614,133.103614,133.103614
2023-05-30 15:19:00,133.103614,133.103614,133.103614,133.103614
2023-05-30 15:20:00,133.103614,133.103614,133.103614,133.103614
2023-05-30 15:21:00,133.103614,133.103614,133.103614,133.103614
2023-05-30 15:22:00,133.103614,133.103614,133.103614,133.103614
2023-05-30 15:23:00,133.103614,133.103614,133.103614,133.103614
2023-05-30 15:24:00,133.103614,133.103614,133.103614,133.103614
2023-05-30 15:25:00,133.227210213,133.227210213,133.227210213,133.227210213
2023-05-30 15:26:00,133.227210213,133.227210213,133.227210213,133.227210213
2023-05-30 15:27:00,133.227210213,133.227210213,133.227210213,133.227210213
2023-05-30 15:28:00,133.227210213,133.227210213,133.227210213,133.227210213
2023-05-30 15:29:00,133.265239817,133.265239817,133.265239817,133.265239817
2023-05-30 15:30:00,133.19868801,133.19868801,133.19868801,133.19868801
2023-05-30 15:31:00,133.246225015,133.246225015,133.246225015,133.246225015
2023-05-30 15:32:00,133.246225015,133.246225015,133.246225015,133.246225015
2023-05-30 15:33:00,133.341299025,133.341299025,133.341299025,133.341299025
2023-05-30 15:34:00,133.341299025,133.341299025,133.341299025,133.341299025
2023-05-30 15:35:00,133.341299025,133.341299025,133.341299025,133.341299025
2023-05-30 15:36:00,133.331791624,133.331791624,133.331791624,133.331791624
2023-05-30 15:37:00,133.331791624,133.331791624,133.331791624,133.331791624
2023-05-30 15:38:00,133.331791624,133.331791624,133.331791624,133.331791624
2023-05-30 15:39:00,133.322284223,133.322284223,133.322284223,133.322284223
2023-05-30 15:40:00,133.255732416,133.265239817,133.255732416,133.265239817
2023-05-30 15:41:00,133.255732416,133.265239817,133.255732416,133.265239817
2023-05-30 15:42:00,133.255732416,133.265239817,133.255732416,133.265239817
2023-05-30 15:43:00,133.255732416,133.265239817,133.255732416,133.265239817
2023-05-30 15:44:00,133.265239817,133.255732416,133.255732416,133.265239817
2023-05-30 15:45:00,133.265239817,133.255732416,133.255732416,133.265239817
2023-05-30 15:46:00,133.255732416,133.255732416,133.255732416,133.255732416
2023-05-30 15:47:00,133.255732416,133.255732416,133.255732416,133.255732416
2023-05-30 15:48:00,133.255732416,133.255732416,133.255732416,133.255732416
2023-05-30 15:49:00,133.255732416,133.255732416,133.255732416,133.255732416
2023-05-30 15:50:00,133.255732416,133.255732416,133.255732416,133.255732416
2023-05-30 15:51:00,133.350806426,133.350806426,133.350806426,133.350806426
2023-05-30 15:52:00,133.274747218,133.265239817,133.265239817,133.274747218
2023-05-30 15:53:00,133.274747218,133.265239817,133.265239817,133.274747218
2023-05-30 15:54:00,133.274747218,133.265239817,133.265239817,133.274747218
2023-05-30 15:55:00,133.1549539654,133.1549539654,133.1549539654,133.1549539654
2023-05-30 15:56:00,133.1549539654,133.1549539654,133.1549539654,133.1549539654
2023-05-30 15:57:00,133.1549539654,133.1549539654,133.1549539654,133.1549539654
2023-05-30 15:58:00,133.19868801,133.179673208,133.179673208,133.19868801
2023-05-30 15:59:00,133.246225015,133.246225015,133.246225015,133.246225015
2023-05-30 16:00:00,133.170165807,133.284254619,133.170165807,133.322284223
2023-05-31 09:31:00,133.284254619,133.284254619,133.284254619,133.360313827
2023-05-31 09:32:00,133.4886637405,133.4886637405,133.4886637405,133.4886637405
2023-05-31 09:33:00,133.86420608,133.86420608,133.86420608,133.86420608
2023-05-31 09:34:00,133.86420608,133.86420608,133.86420608,133.86420608
2023-05-31 09:35:00,133.227210213,133.341299025,133.227210213,133.341299025
2023-05-31 09:36:00,133.227210213,133.341299025,133.227210213,133.341299025
2023-05-31 09:37:00,133.227210213,133.341299025,133.227210213,133.341299025
2023-05-31 09:38:00,133.30193838486,133.30193838486,133.30193838486,133.30193838486
2023-05-31 09:39:00,133.30193838486,133.30193838486,133.30193838486,133.30193838486
2023-05-31 09:40:00,133.103614,133.103614,133.103614,133.103614
2023-05-31 09:41:00,133.094106599,133.1055154802,133.094106599,133.1055154802
2023-05-31 09:42:00,133.1863283887,133.1863283887,133.1863283887,133.1863283887
2023-05-31 09:43:00,133.1863283887,133.1863283887,133.1863283887,133.1863283887
2023-05-31 09:44:00,133.1863283887,133.1863283887,133.1863283887,133.1863283887
2023-05-31 09:45:00,133.3555601265,133.369821228,133.3555601265,133.369821228
2023-05-31 09:46:00,133.436373035,133.436373035,133.436373035,133.436373035
2023-05-31 09:47:00,133.436373035,133.436373035,133.436373035,133.436373035
2023-05-31 09:48:00,132.941988183,133.018047391,132.941988183,133.018047391
2023-05-31 09:49:00,133.151151005,133.151151005,133.151151005,133.151151005
2023-05-31 09:50:00,133.151151005,133.151151005,133.151151005,133.151151005
2023-05-31 09:51:00,133.151151005,133.151151005,133.151151005,133.151151005
2023-05-31 09:52:00,133.151151005,133.151151005,133.151151005,133.151151005
2023-05-31 09:53:00,133.170165807,133.170165807,133.151151005,133.170165807
2023-05-31 09:54:00,133.170165807,133.170165807,133.151151005,133.170165807
2023-05-31 09:55:00,133.34006306287,133.34006306287,133.34006306287,133.34006306287
2023-05-31 09:56:00,133.34006306287,133.34006306287,133.34006306287,133.34006306287
2023-05-31 09:57:00,133.34006306287,133.34006306287,133.34006306287,133.34006306287
2023-05-31 09:58:00,133.14373523222,133.14373523222,133.14373523222,133.14373523222
2023-05-31 09:59:00,133.0608306955,133.08193712572,133.0608306955,133.08193712572
2023-05-31 10:00:00,133.056076995,133.056076995,133.056076995,133.056076995
2023-05-31 10:01:00,133.056076995,133.056076995,133.056076995,133.056076995
2023-05-31 10:02:00,132.922973381,132.951495584,132.884943777,132.951495584
2023-05-31 10:03:00,132.922973381,132.951495584,132.884943777,132.951495584
2023-05-31 10:04:00,132.732825361,132.865928975,132.732825361,132.865928975
2023-05-31 10:05:00,132.8516678735,132.8516678735,132.8516678735,132.8516678735
2023-05-31 10:06:00,132.8516678735,132.8516678735,132.8516678735,132.8516678735
2023-05-31 10:07:00,132.875436376,132.875436376,132.875436376,132.875436376
2023-05-31 10:08:00,132.941988183,132.941988183,132.941988183,132.941988183
2023-05-31 10:09:00,132.941988183,132.941988183,132.941988183,132.941988183
2023-05-31 10:10:00,132.941988183,132.941988183,132.941988183,132.941988183
2023-05-31 10:11:00,132.875436376,132.875436376,132.875436376,132.875436376
2023-05-31 10:12:00,132.8193427101,132.89987039657,132.8193427101,132.89987039657
2023-05-31 10:13:00,132.856421574,132.856421574,132.856421574,132.856421574
2023-05-31 10:14:00,132.856421574,132.856421574,132.856421574,132.856421574
2023-05-31 10:15:00,132.856421574,132.856421574,132.856421574,132.856421574
2023-05-31 10:16:00,132.856421574,132.856421574,132.856421574,132.856421574
2023-05-31 10:17:00,132.856421574,132.856421574,132.856421574,132.856421574
2023-05-31 10:18:00,132.93381181814,132.93381181814,132.93381181814,132.93381181814
2023-05-31 10:19:00,132.93381181814,132.93381181814,132.93381181814,132.93381181814
2023-05-31 10:20:00,133.208195411,133.208195411,133.208195411,133.208195411
2023-05-31 10:21:00,133.208195411,133.208195411,133.208195411,133.208195411
2023-05-31 10:22:00,133.208195411,133.208195411,133.208195411,133.208195411
2023-05-31 10:23:00,133.255732416,133.255732416,133.255732416,133.255732416
2023-05-31 10:24:00,133.255732416,133.255732416,133.255732416,133.255732416
2023-05-31 10:25:00,133.19868801,133.217702812,133.19868801,133.217702812
2023-05-31 10:26:00,133.19868801,133.217702812,133.19868801,133.217702812
2023-05-31 10:27:00,133.160658406,133.170165807,133.160658406,133.170165807
2023-05-31 10:28:00,133.2985157205,133.35479953442,133.2985157205,133.35479953442
2023-05-31 10:29:00,133.2985157205,133.35479953442,133.2985157205,133.35479953442
2023-05-31 10:30:00,133.2985157205,133.35479953442,133.2985157205,133.35479953442
2023-05-31 10:31:00,133.265239817,133.350806426,133.265239817,133.350806426
2023-05-31 10:32:00,133.265239817,133.350806426,133.265239817,133.350806426
2023-05-31 10:33:00,133.265239817,133.350806426,133.265239817,133.350806426
2023-05-31 10:34:00,133.1463973045,133.1463973045,133.1463973045,133.1463973045
2023-05-31 10:35:00,133.160658406,133.160658406,133.160658406,133.160658406
2023-05-31 10:36:00,133.160658406,133.160658406,133.160658406,133.160658406
2023-05-31 10:37:00,133.160658406,133.160658406,133.160658406,133.160658406
2023-05-31 10:38:00,133.160658406,133.160658406,133.160658406,133.160658406
2023-05-31 10:39:00,133.160658406,133.160658406,133.160658406,133.160658406
2023-05-31 10:40:00,133.046569594,133.046569594,133.046569594,133.046569594
2023-05-31 10:41:00,133.046569594,133.046569594,133.046569594,133.046569594
2023-05-31 10:42:00,133.046569594,133.046569594,133.046569594,133.046569594
2023-05-31 10:43:00,133.046569594,133.046569594,133.046569594,133.046569594
2023-05-31 10:44:00,133.046569594,133.046569594,133.046569594,133.046569594
2023-05-31 10:45:00,133.046569594,133.046569594,133.046569594,133.046569594
2023-05-31 10:46:00,133.046569594,133.046569594,133.046569594,133.046569594
2023-05-31 10:47:00,133.046569594,133.046569594,133.046569594,133.046569594
2023-05-31 10:48:00,133.046569594,133.046569594,133.046569594,133.046569594
2023-05-31 10:49:00,133.046569594,133.046569594,133.046569594,133.046569594
2023-05-31 10:50:00,133.046569594,133.046569594,133.046569594,133.046569594
2023-05-31 10:51:00,133.046569594,133.046569594,133.046569594,133.046569594
2023-05-31 10:52:00,133.046569594,133.046569594,133.046569594,133.046569594
2023-05-31 10:53:00,133.046569594,133.046569594,133.046569594,133.046569594
2023-05-31 10:54:00,133.046569594,133.046569594,133.046569594,133.046569594
2023-05-31 10:55:00,133.046569594,133.046569594,133.046569594,133.046569594
2023-05-31 10:56:00,132.485632935,132.485632935,132.485632935,132.485632935
2023-05-31 10:57:00,132.485632935,132.485632935,132.485632935,132.485632935
2023-05-31 10:58:00,132.770854965,132.799377168,132.770854965,132.799377168
2023-05-31 10:59:00,132.808884569,132.732825361,132.732825361,132.808884569
2023-05-31 11:00:00,132.808884569,132.732825361,132.732825361,132.808884569
2023-05-31 11:01:00,132.799377168,132.799377168,132.799377168,132.799377168
2023-05-31 11:02:00,132.799377168,132.799377168,132.799377168,132.799377168
2023-05-31 11:03:00,132.799377168,132.799377168,132.799377168,132.799377168
2023-05-31 11:04:00,132.799377168,132.799377168,132.799377168,132.799377168
2023-05-31 11:05:00,132.799377168,132.799377168,132.799377168,132.799377168
2023-05-31 11:06:00,132.799377168,132.799377168,132.799377168,132.799377168
2023-05-31 11:07:00,132.799377168,132.799377168,132.799377168,132.799377168
2023-05-31 11:08:00,132.799377168,132.799377168,132.799377168,132.799377168
2023-05-31 11:09:00,132.799377168,132.799377168,132.799377168,132.799377168
2023-05-31 11:10:00,132.799377168,132.799377168,132.799377168,132.799377168
2023-05-31 11:11:00,132.799377168,132.799377168,132.799377168,132.799377168
2023-05-31 11:12:00,132.799377168,132.799377168,132.799377168,132.799377168
2023-05-31 11:13:00,132.799377168,132.799377168,132.799377168,132.799377168
2023-05-31 11:14:00,132.799377168,132.799377168,132.799377168,132.799377168
2023-05-31 11:15:00,132.799377168,132.799377168,132.799377168,132.799377168
2023-05-31 11:16:00,132.799377168,132.799377168,132.799377168,132.799377168
2023-05-31 11:17:00,132.799377168,132.799377168,132.799377168,132.799377168
2023-05-31 11:18:00,132.799377168,132.799377168,132.799377168,132.799377168
2023-05-31 11:19:00,132.799377168,132.799377168,132.799377168,132.799377168
2023-05-31 11:20:00,132.799377168,132.799377168,132.799377168,132.799377168
2023-05-31 11:21:00,132.799377168,132.799377168,132.799377168,132.799377168
2023-05-31 11:22:00,132.799377168,132.799377168,132.799377168,132.799377168
2023-05-31 11:23:00,132.799377168,132.799377168,132.799377168,132.799377168
2023-05-31 11:24:00,133.027554792,133.065584396,133.027554792,133.075091797
2023-05-31 11:25:00,133.027554792,133.065584396,133.027554792,133.075091797
2023-05-31 11:26:00,133.027554792,133.065584396,133.027554792,133.075091797
2023-05-31 11:27:00,133.027554792,133.065584396,133.027554792,133.075091797
2023-05-31 11:28:00,133.027554792,133.065584396,133.027554792,133.075091797
2023-05-31 11:29:00,133.027554792,133.065584396,133.027554792,133.075091797
2023-05-31 11:30:00,133.027554792,133.065584396,133.027554792,133.075091797
2023-05-31 11:31:00,133.227210213,133.227210213,133.227210213,133.227210213
2023-05-31 11:32:00,133.227210213,133.227210213,133.227210213,133.227210213
2023-05-31 11:33:00,133.417358233,133.407850832,133.407850832,133.417358233
2023-05-31 11:34:00,133.417358233,133.407850832,133.407850832,133.417358233
2023-05-31 11:35:00,133.417358233,133.407850832,133.407850832,133.417358233
2023-05-31 11:36:00,133.417358233,133.407850832,133.407850832,133.417358233
2023-05-31 11:37:00,133.407850832,133.407850832,133.407850832,133.407850832
2023-05-31 11:38:00,133.407850832,133.407850832,133.407850832,133.407850832
2023-05-31 11:39:00,133.398343431,133.398343431,133.398343431,133.398343431
2023-05-31 11:40:00,133.398343431,133.398343431,133.398343431,133.398343431
2023-05-31 11:41:00,133.398343431,133.398343431,133.398343431,133.398343431
2023-05-31 11:42:00,133.398343431,133.398343431,133.398343431,133.398343431
2023-05-31 11:43:00,133.398343431,133.398343431,133.398343431,133.398343431
2023-05-31 11:44:00,133.502924842,133.502924842,133.502924842,133.502924842
2023-05-31 11:45:00,133.502924842,133.502924842,133.502924842,133.502924842
2023-05-31 11:46:00,133.502924842,133.502924842,133.502924842,133.502924842
2023-05-31 11:47:00,133.38883603,133.407850832,133.38883603,133.407850832
2023-05-31 11:48:00,133.38883603,133.407850832,133.38883603,133.407850832
2023-05-31 11:49:00,133.38883603,133.407850832,133.38883603,133.407850832
2023-05-31 11:50:00,133.38883603,133.407850832,133.38883603,133.407850832
2023-05-31 11:51:00,133.407850832,133.350806426,133.350806426,133.407850832
2023-05-31 11:52:00,133.407850832,133.350806426,133.350806426,133.407850832
2023-05-31 11:53:00,133.407850832,133.350806426,133.350806426,133.407850832
2023-05-31 11:54:00,133.407850832,133.350806426,133.350806426,133.407850832
2023-05-31 11:55:00,133.540954446,133.540954446,133.540954446,133.540954446
2023-05-31 11:56:00,133.540954446,133.540954446,133.540954446,133.540954446
2023-05-31 11:57:00,133.540954446,133.540954446,133.540954446,133.540954446
2023-05-31 11:58:00,133.540954446,133.540954446,133.540954446,133.540954446
2023-05-31 11:59:00,133.540954446,133.540954446,133.540954446,133.540954446
2023-05-31 12:00:00,133.540954446,133.540954446,133.540954446,133.540954446
2023-05-31 12:01:00,133.597998852,133.597998852,133.597998852,133.597998852
2023-05-31 12:02:00,133.540954446,133.540954446,133.540954446,133.540954446
2023-05-31 12:03:00,133.540954446,133.540954446,133.540954446,133.540954446
2023-05-31 12:04:00,133.540954446,133.540954446,133.540954446,133.540954446
2023-05-31 12:05:00,133.540954446,133.540954446,133.540954446,133.540954446
2023-05-31 12:06:00,133.712087664,133.712087664,133.712087664,133.712087664
2023-05-31 12:07:00,133.712087664,133.712087664,133.712087664,133.712087664
2023-05-31 12:08:00,133.712087664,133.712087664,133.712087664,133.712087664
2023-05-31 12:09:00,133.712087664,133.712087664,133.712087664,133.712087664
2023-05-31 12:10:00,133.731102466,133.731102466,133.731102466,133.731102466
2023-05-31 12:11:00,133.731102466,133.731102466,133.731102466,133.731102466
2023-05-31 12:12:00,133.731102466,133.731102466,133.731102466,133.731102466
2023-05-31 12:13:00,133.731102466,133.731102466,133.731102466,133.731102466
2023-05-31 12:14:00,133.731102466,133.731102466,133.731102466,133.731102466
2023-05-31 12:15:00,133.731102466,133.731102466,133.731102466,133.731102466
2023-05-31 12:16:00,133.731102466,133.731102466,133.731102466,133.731102466
2023-05-31 12:17:00,133.731102466,133.731102466,133.731102466,133.731102466
2023-05-31 12:18:00,133.731102466,133.731102466,133.731102466,133.731102466
2023-05-31 12:19:00,133.731102466,133.731102466,133.731102466,133.731102466
2023-05-31 12:20:00,133.731102466,133.731102466,133.731102466,133.731102466
2023-05-31 12:21:00,133.731102466,133.731102466,133.731102466,133.731102466
2023-05-31 12:22:00,133.731102466,133.731102466,133.731102466,133.731102466
2023-05-31 12:23:00,133.883220882,133.883220882,133.883220882,133.883220882
2023-05-31 12:24:00,133.883220882,133.883220882,133.883220882,133.883220882
2023-05-31 12:25:00,133.883220882,133.883220882,133.883220882,133.883220882
2023-05-31 12:26:00,133.968787491,133.968787491,133.968787491,133.968787491
2023-05-31 12:27:00,133.968787491,133.968787491,133.968787491,133.968787491
2023-05-31 12:28:00,133.968787491,133.968787491,133.968787491,133.968787491
2023-05-31 12:29:00,133.968787491,133.968787491,133.968787491,133.968787491
2023-05-31 12:30:00,133.968787491,133.968787491,133.968787491,133.968787491
2023-05-31 12:31:00,133.968787491,133.968787491,133.968787491,133.968787491
2023-05-31 12:32:00,133.968787491,133.968787491,133.968787491,133.968787491
2023-05-31 12:33:00,133.968787491,133.968787491,133.968787491,133.968787491
2023-05-31 12:34:00,133.968787491,133.968787491,133.968787491,133.968787491
2023-05-31 12:35:00,133.968787491,133.968787491,133.968787491,133.968787491
2023-05-31 12:36:00,133.968787491,133.968787491,133.968787491,133.968787491
2023-05-31 12:37:00,133.968787491,133.968787491,133.968787491,133.968787491
2023-05-31 12:38:00,133.968787491,133.968787491,133.968787491,133.968787491
2023-05-31 12:39:00,133.968787491,133.968787491,133.968787491,133.968787491
2023-05-31 12:40:00,133.968787491,133.968787491,133.968787491,133.968787491
2023-05-31 12:41:00,133.968787491,133.968787491,133.968787491,133.968787491
2023-05-31 12:42:00,133.968787491,133.968787491,133.968787491,133.968787491
2023-05-31 12:43:00,133.968787491,133.968787491,133.968787491,133.968787491
2023-05-31 12:44:00,133.968787491,133.968787491,133.968787491,133.968787491
2023-05-31 12:45:00,133.968787491,133.968787491,133.968787491,133.968787491
2023-05-31 12:46:00,133.968787491,133.968787491,133.968787491,133.968787491
2023-05-31 12:47:00,133.968787491,133.968787491,133.968787491,133.968787491
2023-05-31 12:48:00,134.101891105,134.063861501,134.0543541,134.101891105
2023-05-31 12:49:00,134.101891105,134.063861501,134.0543541,134.101891105
2023-05-31 12:50:00,134.101891105,134.063861501,134.0543541,134.101891105
2023-05-31 12:51:00,134.101891105,134.063861501,134.0543541,134.101891105
2023-05-31 12:52:00,134.101891105,134.063861501,134.0543541,134.101891105
2023-05-31 12:53:00,133.873713481,133.95928009,133.873713481,133.968787491
2023-05-31 12:54:00,133.873713481,133.95928009,133.873713481,133.968787491
2023-05-31 12:55:00,133.873713481,133.95928009,133.873713481,133.968787491
2023-05-31 12:56:00,133.86420608,133.816669075,133.816669075,133.86420608
2023-05-31 12:57:00,133.86420608,133.816669075,133.816669075,133.86420608
2023-05-31 12:58:00,133.86420608,133.816669075,133.816669075,133.86420608
2023-05-31 12:59:00,133.86420608,133.816669075,133.816669075,133.86420608
2023-05-31 13:00:00,133.86420608,133.816669075,133.816669075,133.86420608
2023-05-31 13:01:00,133.86420608,133.816669075,133.816669075,133.86420608
2023-05-31 13:02:00,133.86420608,133.816669075,133.816669075,133.86420608
2023-05-31 13:03:00,133.86420608,133.816669075,133.816669075,133.86420608
2023-05-31 13:04:00,133.86420608,133.816669075,133.816669075,133.86420608
2023-05-31 13:05:00,133.86420608,133.816669075,133.816669075,133.86420608
2023-05-31 13:06:00,133.86420608,133.816669075,133.816669075,133.86420608
2023-05-31 13:07:00,133.86420608,133.816669075,133.816669075,133.86420608
2023-05-31 13:08:00,133.86420608,133.816669075,133.816669075,133.86420608
2023-05-31 13:09:00,133.86420608,133.816669075,133.816669075,133.86420608
2023-05-31 13:10:00,133.86420608,133.816669075,133.816669075,133.86420608
2023-05-31 13:11:00,134.0543541,134.0543541,134.0543541,134.0543541
2023-05-31 13:12:00,134.0543541,134.0543541,134.0543541,134.0543541
2023-05-31 13:13:00,134.0543541,134.0543541,134.0543541,134.0543541
2023-05-31 13:14:00,134.0543541,134.0543541,134.0543541,134.0543541
2023-05-31 13:15:00,134.0543541,134.0543541,134.0543541,134.0543541
2023-05-31 13:16:00,134.0543541,134.0543541,134.0543541,134.0543541
2023-05-31 13:17:00,134.0543541,134.0543541,134.0543541,134.0543541
2023-05-31 13:18:00,134.0543541,134.0543541,134.0543541,134.0543541
2023-05-31 13:19:00,134.0543541,134.0543541,134.0543541,134.0543541
2023-05-31 13:20:00,134.016324496,134.016324496,134.016324496,134.016324496
2023-05-31 13:21:00,134.016324496,134.016324496,134.016324496,134.016324496
2023-05-31 13:22:00,134.016324496,134.016324496,134.016324496,134.016324496
2023-05-31 13:23:00,134.016324496,134.016324496,134.016324496,134.016324496
2023-05-31 13:24:00,134.016324496,134.016324496,134.016324496,134.016324496
2023-05-31 13:25:00,134.016324496,134.016324496,134.016324496,134.016324496
2023-05-31 13:26:00,134.016324496,134.016324496,134.016324496,134.016324496
2023-05-31 13:27:00,134.016324496,134.016324496,134.016324496,134.016324496
2023-05-31 13:28:00,134.016324496,134.016324496,134.016324496,134.016324496
2023-05-31 13:29:00,134.016324496,134.016324496,134.016324496,134.016324496
2023-05-31 13:30:00,134.016324496,134.016324496,134.016324496,134.016324496
2023-05-31 13:31:00,134.016324496,134.016324496,134.016324496,134.016324496
2023-05-31 13:32:00,134.016324496,134.016324496,134.016324496,134.016324496
2023-05-31 13:33:00,134.016324496,134.016324496,134.016324496,134.016324496
2023-05-31 13:34:00,134.016324496,134.016324496,134.016324496,134.016324496
2023-05-31 13:35:00,134.073368902,134.073368902,134.073368902,134.073368902
2023-05-31 13:36:00,134.073368902,134.073368902,134.073368902,134.073368902
2023-05-31 13:37:00,133.95928009,134.025831897,133.95928009,134.025831897
2023-05-31 13:38:00,133.892728283,133.892728283,133.892728283,133.892728283
2023-05-31 13:39:00,133.987802293,133.987802293,133.987802293,133.987802293
2023-05-31 13:40:00,133.987802293,133.987802293,133.987802293,133.987802293
2023-05-31 13:41:00,133.987802293,133.987802293,133.987802293,133.987802293
2023-05-31 13:42:00,133.987802293,133.987802293,133.987802293,133.987802293
2023-05-31 13:43:00,133.987802293,133.987802293,133.987802293,133.987802293
2023-05-31 13:44:00,133.987802293,133.987802293,133.987802293,133.987802293
2023-05-31 13:45:00,133.987802293,133.987802293,133.987802293,133.987802293
2023-05-31 13:46:00,134.301546526,134.301546526,134.301546526,134.301546526
2023-05-31 13:47:00,134.187457714,134.206472516,134.187457714,134.206472516
2023-05-31 13:48:00,134.187457714,134.206472516,134.187457714,134.206472516
2023-05-31 13:49:00,134.187457714,134.206472516,134.187457714,134.206472516
2023-05-31 13:50:00,134.187457714,134.206472516,134.187457714,134.206472516
2023-05-31 13:51:00,134.187457714,134.206472516,134.187457714,134.206472516
2023-05-31 13:52:00,134.187457714,134.206472516,134.187457714,134.206472516
2023-05-31 13:53:00,134.187457714,134.206472516,134.187457714,134.206472516
2023-05-31 13:54:00,134.187457714,134.206472516,134.187457714,134.206472516
2023-05-31 13:55:00,134.187457714,134.206472516,134.187457714,134.206472516
2023-05-31 13:56:00,134.187457714,134.206472516,134.187457714,134.206472516
2023-05-31 13:57:00,134.187457714,134.206472516,134.187457714,134.206472516
2023-05-31 13:58:00,134.187457714,134.206472516,134.187457714,134.206472516
2023-05-31 13:59:00,134.187457714,134.206472516,134.187457714,134.206472516
2023-05-31 14:00:00,134.187457714,134.206472516,134.187457714,134.206472516
2023-05-31 14:01:00,134.187457714,134.206472516,134.187457714,134.206472516
2023-05-31 14:02:00,134.187457714,134.206472516,134.187457714,134.206472516
2023-05-31 14:03:00,134.187457714,134.206472516,134.187457714,134.206472516
2023-05-31 14:04:00,134.187457714,134.206472516,134.187457714,134.206472516
2023-05-31 14:05:00,134.187457714,134.206472516,134.187457714,134.206472516
2023-05-31 14:06:00,134.187457714,134.206472516,134.187457714,134.206472516
2023-05-31 14:07:00,134.187457714,134.206472516,134.187457714,134.206472516
2023-05-31 14:08:00,134.187457714,134.206472516,134.187457714,134.206472516
2023-05-31 14:09:00,134.415635338,134.415635338,134.415635338,134.415635338
2023-05-31 14:10:00,134.415635338,134.415635338,134.415635338,134.415635338
2023-05-31 14:11:00,134.482187145,134.482187145,134.482187145,134.482187145
2023-05-31 14:12:00,134.482187145,134.482187145,134.482187145,134.482187145
2023-05-31 14:13:00,134.558246353,134.558246353,134.558246353,134.558246353
2023-05-31 14:14:00,134.558246353,134.558246353,134.558246353,134.558246353
2023-05-31 14:15:00,134.558246353,134.558246353,134.558246353,134.558246353
2023-05-31 14:16:00,134.643812962,134.643812962,134.643812962,134.643812962
2023-05-31 14:17:00,134.577261155,134.605783358,134.548738952,134.605783358
2023-05-31 14:18:00,134.577261155,134.605783358,134.548738952,134.605783358
2023-05-31 14:19:00,134.586768556,134.596275957,134.567753754,134.596275957
2023-05-31 14:20:00,134.586768556,134.596275957,134.567753754,134.596275957
2023-05-31 14:21:00,134.586768556,134.596275957,134.567753754,134.596275957
2023-05-31 14:22:00,134.586768556,134.596275957,134.567753754,134.596275957
2023-05-31 14:23:00,134.586768556,134.596275957,134.567753754,134.596275957
2023-05-31 14:24:00,134.586768556,134.596275957,134.567753754,134.596275957
2023-05-31 14:25:00,134.586768556,134.596275957,134.567753754,134.596275957
2023-05-31 14:26:00,134.586768556,134.596275957,134.567753754,134.596275957
2023-05-31 14:27:00,134.586768556,134.596275957,134.567753754,134.596275957
2023-05-31 14:28:00,134.586768556,134.596275957,134.567753754,134.596275957
2023-05-31 14:29:00,134.586768556,134.596275957,134.567753754,134.596275957
2023-05-31 14:30:00,134.586768556,134.596275957,134.567753754,134.596275957
2023-05-31 14:31:00,134.586768556,134.596275957,134.567753754,134.596275957
2023-05-31 14:32:00,134.586768556,134.596275957,134.567753754,134.596275957
2023-05-31 14:33:00,134.586768556,134.596275957,134.567753754,134.596275957
2023-05-31 14:34:00,134.586768556,134.596275957,134.567753754,134.596275957
2023-05-31 14:35:00,134.748394373,134.748394373,134.748394373,134.748394373
2023-05-31 14:36:00,134.748394373,134.748394373,134.748394373,134.748394373
2023-05-31 14:37:00,134.757901774,134.757901774,134.757901774,134.757901774
2023-05-31 14:38:00,134.757901774,134.757901774,134.757901774,134.757901774
2023-05-31 14:39:00,134.757901774,134.757901774,134.757901774,134.757901774
2023-05-31 14:40:00,134.757901774,134.757901774,134.757901774,134.757901774
2023-05-31 14:41:00,134.757901774,134.757901774,134.757901774,134.757901774
2023-05-31 14:42:00,134.710364769,134.710364769,134.710364769,134.710364769
2023-05-31 14:43:00,134.710364769,134.710364769,134.710364769,134.710364769
2023-05-31 14:44:00,134.710364769,134.710364769,134.710364769,134.710364769
2023-05-31 14:45:00,134.710364769,134.710364769,134.710364769,134.710364769
2023-05-31 14:46:00,134.710364769,134.710364769,134.710364769,134.710364769
2023-05-31 14:47:00,134.710364769,134.710364769,134.710364769,134.710364769
2023-05-31 14:48:00,134.710364769,134.710364769,134.710364769,134.710364769
2023-05-31 14:49:00,134.710364769,134.710364769,134.710364769,134.710364769
2023-05-31 14:50:00,134.710364769,134.710364769,134.710364769,134.710364769
2023-05-31 14:51:00,134.558246353,134.567753754,134.558246353,134.577261155
2023-05-31 14:52:00,134.558246353,134.567753754,134.558246353,134.577261155
2023-05-31 14:53:00,134.558246353,134.567753754,134.558246353,134.577261155
2023-05-31 14:54:00,134.558246353,134.567753754,134.558246353,134.577261155
2023-05-31 14:55:00,134.558246353,134.567753754,134.558246353,134.577261155
2023-05-31 14:56:00,134.558246353,134.567753754,134.558246353,134.577261155
2023-05-31 14:57:00,134.558246353,134.567753754,134.558246353,134.577261155
2023-05-31 14:58:00,134.558246353,134.567753754,134.558246353,134.577261155
2023-05-31 14:59:00,134.558246353,134.567753754,134.558246353,134.577261155
2023-05-31 15:00:00,134.558246353,134.567753754,134.558246353,134.577261155
2023-05-31 15:01:00,134.558246353,134.567753754,134.558246353,134.577261155
2023-05-31 15:02:00,134.558246353,134.567753754,134.558246353,134.577261155
2023-05-31 15:03:00,134.786423977,134.786423977,134.786423977,134.786423977
2023-05-31 15:04:00,134.729379571,134.729379571,134.729379571,134.729379571
2023-05-31 15:05:00,134.729379571,134.729379571,134.729379571,134.729379571
2023-05-31 15:06:00,134.729379571,134.729379571,134.729379571,134.729379571
2023-05-31 15:07:00,134.738886972,134.738886972,134.738886972,134.738886972
2023-05-31 15:08:00,134.738886972,134.738886972,134.738886972,134.738886972
2023-05-31 15:09:00,134.757901774,134.757901774,134.757901774,134.757901774
2023-05-31 15:10:00,134.757901774,134.757901774,134.757901774,134.757901774
2023-05-31 15:11:00,134.757901774,134.757901774,134.757901774,134.757901774
2023-05-31 15:12:00,134.757901774,134.757901774,134.757901774,134.757901774
2023-05-31 15:13:00,134.757901774,134.757901774,134.757901774,134.757901774
2023-05-31 15:14:00,134.824453581,134.833960982,134.824453581,134.833960982
2023-05-31 15:15:00,134.824453581,134.833960982,134.824453581,134.833960982
2023-05-31 15:16:00,134.824453581,134.833960982,134.824453581,134.833960982
2023-05-31 15:17:00,134.824453581,134.833960982,134.824453581,134.833960982
2023-05-31 15:18:00,134.577261155,134.577261155,134.577261155,134.577261155
2023-05-31 15:19:00,134.577261155,134.577261155,134.577261155,134.577261155
2023-05-31 15:20:00,134.548738952,134.548738952,134.548738952,134.548738952
2023-05-31 15:21:00,134.491694546,134.491694546,134.491694546,134.491694546
2023-05-31 15:22:00,134.491694546,134.491694546,134.491694546,134.491694546
2023-05-31 15:23:00,134.491694546,134.491694546,134.491694546,134.491694546
2023-05-31 15:24:00,134.491694546,134.491694546,134.491694546,134.491694546
2023-05-31 15:25:00,134.491694546,134.491694546,134.491694546,134.491694546
2023-05-31 15:26:00,134.491694546,134.491694546,134.491694546,134.491694546
2023-05-31 15:27:00,134.491694546,134.491694546,134.491694546,134.491694546
2023-05-31 15:28:00,134.491694546,134.491694546,134.491694546,134.491694546
2023-05-31 15:29:00,134.491694546,134.491694546,134.491694546,134.491694546
2023-05-31 15:30:00,134.491694546,134.491694546,134.491694546,134.491694546
2023-05-31 15:31:00,134.491694546,134.491694546,134.491694546,134.491694546
2023-05-31 15:32:00,134.491694546,134.491694546,134.491694546,134.491694546
2023-05-31 15:33:00,134.491694546,134.491694546,134.491694546,134.491694546
2023-05-31 15:34:00,134.491694546,134.491694546,134.491694546,134.491694546
2023-05-31 15:35:00,134.491694546,134.491694546,134.491694546,134.491694546
2023-05-31 15:36:00,134.491694546,134.491694546,134.491694546,134.491694546
2023-05-31 15:37:00,134.491694546,134.491694546,134.491694546,134.491694546
2023-05-31 15:38:00,134.491694546,134.491694546,134.491694546,134.491694546
2023-05-31 15:39:00,134.491694546,134.491694546,134.491694546,134.491694546
2023-05-31 15:40:00,134.491694546,134.491694546,134.491694546,134.491694546
2023-05-31 15:41:00,134.491694546,134.491694546,134.491694546,134.491694546
2023-05-31 15:42:00,134.491694546,134.491694546,134.491694546,134.491694546
2023-05-31 15:43:00,134.491694546,134.491694546,134.491694546,134.491694546
2023-05-31 15:44:00,134.577261155,134.577261155,134.577261155,134.577261155
2023-05-31 15:45:00,134.634305561,134.62479816,134.62479816,134.634305561
2023-05-31 15:46:00,134.729379571,134.729379571,134.729379571,134.729379571
2023-05-31 15:47:00,134.62479816,134.700857368,134.62479816,134.700857368
2023-05-31 15:48:00,134.62479816,134.700857368,134.62479816,134.700857368
2023-05-31 15:49:00,134.62479816,134.700857368,134.62479816,134.700857368
2023-05-31 15:50:00,134.463172343,134.463172343,134.463172343,134.463172343
2023-05-31 15:51:00,134.463172343,134.463172343,134.463172343,134.463172343
2023-05-31 15:52:00,134.358590932,134.358590932,134.358590932,134.358590932
2023-05-31 15:53:00,134.463172343,134.463172343,134.463172343,134.463172343
2023-05-31 15:54:00,134.463172343,134.463172343,134.463172343,134.463172343
2023-05-31 15:55:00,134.330068729,134.330068729,134.330068729,134.330068729
2023-05-31 15:56:00,134.330068729,134.330068729,134.330068729,134.330068729
2023-05-31 15:57:00,134.387113135,134.387113135,134.387113135,134.387113135
2023-05-31 15:58:00,134.320561328,134.320561328,134.320561328,134.320561328
2023-05-31 15:59:00,134.33957613,134.33957613,134.33957613,134.33957613
2023-05-31 16:00:00,134.358590932,134.349083531,134.349083531,134.377605734
