time,close,open,low,high
2017-10-01 17:04:00,1.24896,1.24896,1.24896,1.24896
2017-10-01 17:05:00,1.24896,1.24896,1.24896,1.24896
2017-10-01 17:06:00,1.24898,1.24892,1.248635,1.24903
2017-10-01 17:07:00,1.24881,1.24898,1.248765,1.24898
2017-10-01 17:08:00,1.24878,1.248595,1.248595,1.24878
2017-10-01 17:09:00,1.24855,1.24855,1.24855,1.24855
2017-10-01 17:10:00,1.248745,1.24892,1.248745,1.24892
2017-10-01 17:11:00,1.248745,1.24892,1.248745,1.24892
2017-10-01 17:12:00,1.24871,1.248955,1.248625,1.248965
2017-10-01 17:13:00,1.24871,1.248955,1.248625,1.248965
2017-10-01 17:14:00,1.248755,1.248755,1.248755,1.248755
2017-10-01 17:15:00,1.248755,1.248755,1.248755,1.248755
2017-10-01 17:16:00,1.24868,1.2488,1.248655,1.24884
2017-10-01 17:17:00,1.248825,1.24867,1.248645,1.248825
2017-10-01 17:18:00,1.24879,1.248665,1.248665,1.248975
2017-10-01 17:19:00,1.24879,1.248665,1.248665,1.248975
2017-10-01 17:20:00,1.24879,1.248665,1.248665,1.248975
2017-10-01 17:21:00,1.24879,1.248665,1.248665,1.248975
2017-10-01 17:22:00,1.248745,1.248635,1.24863,1.248745
2017-10-01 17:23:00,1.24879,1.248925,1.24879,1.24893
2017-10-01 17:24:00,1.24879,1.248925,1.24879,1.24893
2017-10-01 17:25:00,1.24879,1.248925,1.24879,1.24893
2017-10-01 17:26:00,1.24879,1.248925,1.24879,1.24893
2017-10-01 17:27:00,1.24877,1.24864,1.248585,1.24877
2017-10-01 17:28:00,1.24881,1.24881,1.24881,1.24881
2017-10-01 17:29:00,1.24881,1.24881,1.24881,1.24881
2017-10-01 17:30:00,1.24797,1.24862,1.24768,1.24882
2017-10-01 17:31:00,1.248035,1.24833,1.248,1.24835
2017-10-01 17:32:00,1.24775,1.24799,1.24774,1.24819
2017-10-01 17:33:00,1.24844,1.24769,1.24765,1.24877
2017-10-01 17:34:00,1.24756,1.24839,1.24724,1.24839
2017-10-01 17:35:00,1.24793,1.24721,1.24711,1.248235
2017-10-01 17:36:00,1.24794,1.248235,1.24794,1.24826
2017-10-01 17:37:00,1.24801,1.24822,1.24797,1.248455
2017-10-01 17:38:00,1.24801,1.24822,1.24797,1.248455
2017-10-01 17:39:00,1.24797,1.24797,1.24797,1.24797
2017-10-01 17:40:00,1.24797,1.24797,1.24797,1.24797
2017-10-01 17:41:00,1.24797,1.24797,1.24797,1.24797
2017-10-01 17:42:00,1.24797,1.24797,1.24797,1.24797
2017-10-01 17:43:00,1.24797,1.24797,1.24797,1.24797
2017-10-01 17:44:00,1.24797,1.24797,1.24797,1.24797
2017-10-01 17:45:00,1.24797,1.24797,1.24797,1.24797
2017-10-01 17:46:00,1.24788,1.247925,1.24788,1.247925
2017-10-01 17:47:00,1.247905,1.24816,1.247905,1.248165
2017-10-01 17:48:00,1.24793,1.248175,1.24793,1.248185
2017-10-01 17:49:00,1.247635,1.24764,1.24761,1.24795
2017-10-01 17:50:00,1.24818,1.24764,1.247625,1.248185
2017-10-01 17:51:00,1.248275,1.24819,1.24806,1.248455
2017-10-01 17:52:00,1.248325,1.248305,1.248295,1.24834
2017-10-01 17:53:00,1.248305,1.24833,1.248295,1.248335
2017-10-01 17:54:00,1.24818,1.248305,1.24812,1.24834
2017-10-01 17:55:00,1.24818,1.248305,1.24812,1.24834
2017-10-01 17:56:00,1.248225,1.248225,1.248225,1.248225
2017-10-01 17:57:00,1.24822,1.24805,1.24803,1.24822
2017-10-01 17:58:00,1.24817,1.24802,1.24801,1.24817
2017-10-01 17:59:00,1.248,1.248455,1.24796,1.248845
2017-10-01 18:00:00,1.24782,1.247955,1.24782,1.247955
2017-10-01 18:01:00,1.247585,1.24777,1.247385,1.24804
2017-10-01 18:02:00,1.247305,1.2478,1.247205,1.24784
2017-10-01 18:03:00,1.24735,1.247335,1.247325,1.247465
2017-10-01 18:04:00,1.247375,1.247375,1.247375,1.247375
2017-10-01 18:05:00,1.247375,1.247375,1.247375,1.247375
2017-10-01 18:06:00,1.247425,1.247445,1.247395,1.247585
2017-10-01 18:07:00,1.2475,1.24742,1.247405,1.2475
2017-10-01 18:08:00,1.247405,1.24743,1.247405,1.24743
2017-10-01 18:09:00,1.247415,1.247395,1.24738,1.247425
2017-10-01 18:10:00,1.24742,1.247405,1.2474,1.24743
2017-10-01 18:11:00,1.24757,1.24747,1.24747,1.24763
2017-10-01 18:12:00,1.24757,1.24747,1.24747,1.24763
2017-10-01 18:13:00,1.24764,1.24764,1.247635,1.247645
2017-10-01 18:14:00,1.24764,1.247655,1.24763,1.24767
2017-10-01 18:15:00,1.24765,1.247645,1.24761,1.24766
2017-10-01 18:16:00,1.24765,1.247645,1.247635,1.24766
2017-10-01 18:17:00,1.247645,1.24763,1.24757,1.247665
2017-10-01 18:18:00,1.2476,1.2476,1.2476,1.2476
2017-10-01 18:19:00,1.24759,1.24757,1.24747,1.247595
2017-10-01 18:20:00,1.247565,1.247585,1.24755,1.247595
2017-10-01 18:21:00,1.247575,1.247565,1.247545,1.247575
2017-10-01 18:22:00,1.247505,1.247575,1.24746,1.247605
2017-10-01 18:23:00,1.24744,1.24748,1.24742,1.24748
2017-10-01 18:24:00,1.247305,1.247375,1.247295,1.247375
2017-10-01 18:25:00,1.24737,1.247295,1.247295,1.247425
2017-10-01 18:26:00,1.24735,1.24735,1.24735,1.24735
2017-10-01 18:27:00,1.247275,1.247285,1.247265,1.247285
2017-10-01 18:28:00,1.24729,1.247295,1.24728,1.24731
2017-10-01 18:29:00,1.247285,1.247295,1.247205,1.247295
2017-10-01 18:30:00,1.247205,1.24726,1.247175,1.24726
2017-10-01 18:31:00,1.2472,1.2472,1.2472,1.2472
2017-10-01 18:32:00,1.247215,1.247205,1.247205,1.247215
2017-10-01 18:33:00,1.24742,1.247205,1.247205,1.24743
2017-10-01 18:34:00,1.24763,1.24743,1.247425,1.24785
2017-10-01 18:35:00,1.2478,1.24766,1.24765,1.2478
2017-10-01 18:36:00,1.24781,1.247795,1.247785,1.24782
2017-10-01 18:37:00,1.247815,1.2478,1.24779,1.24783
2017-10-01 18:38:00,1.24778,1.24781,1.24772,1.24784
2017-10-01 18:39:00,1.24762,1.24778,1.247555,1.24778
2017-10-01 18:40:00,1.24763,1.24763,1.24763,1.24763
2017-10-01 18:41:00,1.24767,1.247635,1.247635,1.247715
2017-10-01 18:42:00,1.24767,1.247675,1.24765,1.2477
2017-10-01 18:43:00,1.247685,1.247685,1.247675,1.24771
2017-10-01 18:44:00,1.247695,1.24769,1.247665,1.247705
2017-10-01 18:45:00,1.24766,1.24772,1.24766,1.247725
2017-10-01 18:46:00,1.24723,1.24759,1.247215,1.2476
2017-10-01 18:47:00,1.24731,1.24721,1.247195,1.2474
2017-10-01 18:48:00,1.24713,1.24723,1.247085,1.247325
2017-10-01 18:49:00,1.24707,1.24713,1.24706,1.247135
2017-10-01 18:50:00,1.24706,1.247125,1.247055,1.247125
2017-10-01 18:51:00,1.24724,1.247065,1.247065,1.24724
2017-10-01 18:52:00,1.247235,1.24718,1.247145,1.24724
2017-10-01 18:53:00,1.24718,1.247245,1.24718,1.247245
2017-10-01 18:54:00,1.24718,1.247245,1.24718,1.247245
2017-10-01 18:55:00,1.24718,1.24718,1.24718,1.24718
2017-10-01 18:56:00,1.24718,1.247185,1.247175,1.24719
2017-10-01 18:57:00,1.24722,1.24717,1.24717,1.24722
2017-10-01 18:58:00,1.24699,1.24715,1.246975,1.24715
2017-10-01 18:59:00,1.24706,1.246985,1.24698,1.24706
2017-10-01 19:00:00,1.24713,1.24714,1.247125,1.24716
2017-10-01 19:01:00,1.246995,1.247125,1.246995,1.247135
2017-10-01 19:02:00,1.247,1.246975,1.24696,1.24701
2017-10-01 19:03:00,1.247175,1.24699,1.246985,1.247175
2017-10-01 19:04:00,1.24697,1.24717,1.246955,1.247195
2017-10-01 19:05:00,1.24693,1.24697,1.24693,1.24697
2017-10-01 19:06:00,1.2469,1.246855,1.24677,1.24693
2017-10-01 19:07:00,1.247015,1.246905,1.246885,1.247015
2017-10-01 19:08:00,1.247015,1.246905,1.246885,1.247015
2017-10-01 19:09:00,1.24693,1.24699,1.24693,1.24699
2017-10-01 19:10:00,1.24693,1.246925,1.246885,1.246935
2017-10-01 19:11:00,1.246925,1.246875,1.24685,1.246925
2017-10-01 19:12:00,1.24689,1.24691,1.246885,1.246925
2017-10-01 19:13:00,1.24695,1.24694,1.246795,1.24695
2017-10-01 19:14:00,1.24695,1.24694,1.246795,1.24695
2017-10-01 19:15:00,1.247005,1.24693,1.24693,1.24701
2017-10-01 19:16:00,1.24699,1.246995,1.24698,1.24701
2017-10-01 19:17:00,1.24691,1.24699,1.246905,1.247015
2017-10-01 19:18:00,1.24691,1.24691,1.2469,1.24692
2017-10-01 19:19:00,1.246915,1.246905,1.24687,1.24692
2017-10-01 19:20:00,1.246905,1.246895,1.246865,1.246915
2017-10-01 19:21:00,1.24693,1.24692,1.24692,1.24697
2017-10-01 19:22:00,1.246895,1.246955,1.246885,1.246975
2017-10-01 19:23:00,1.24689,1.246885,1.24688,1.24694
2017-10-01 19:24:00,1.2469,1.24688,1.24688,1.24692
2017-10-01 19:25:00,1.246815,1.246895,1.246805,1.246925
2017-10-01 19:26:00,1.246795,1.246805,1.246785,1.24682
2017-10-01 19:27:00,1.246805,1.2468,1.2468,1.246875
2017-10-01 19:28:00,1.24682,1.246775,1.24677,1.24682
2017-10-01 19:29:00,1.24703,1.24689,1.24689,1.24706
2017-10-01 19:30:00,1.24705,1.247025,1.247005,1.247055
2017-10-01 19:31:00,1.24697,1.24701,1.246925,1.24701
2017-10-01 19:32:00,1.24698,1.246965,1.246955,1.24698
2017-10-01 19:33:00,1.24698,1.246965,1.246955,1.24698
2017-10-01 19:34:00,1.247005,1.246965,1.246965,1.247005
2017-10-01 19:35:00,1.24708,1.247065,1.24706,1.247085
2017-10-01 19:36:00,1.24704,1.24707,1.24704,1.24709
2017-10-01 19:37:00,1.24697,1.246975,1.246965,1.246995
2017-10-01 19:38:00,1.24687,1.24695,1.24681,1.24695
2017-10-01 19:39:00,1.246975,1.24684,1.24684,1.246995
2017-10-01 19:40:00,1.246965,1.246965,1.24692,1.24698
2017-10-01 19:41:00,1.246935,1.246965,1.24692,1.246965
2017-10-01 19:42:00,1.24698,1.246945,1.246935,1.246995
2017-10-01 19:43:00,1.24699,1.24698,1.24696,1.246995
2017-10-01 19:44:00,1.247015,1.24697,1.24694,1.24702
2017-10-01 19:45:00,1.24713,1.24702,1.24702,1.247185
2017-10-01 19:46:00,1.24716,1.247075,1.24706,1.247175
2017-10-01 19:47:00,1.24708,1.247175,1.247065,1.247235
2017-10-01 19:48:00,1.24709,1.24706,1.24706,1.24718
2017-10-01 19:49:00,1.247235,1.247095,1.24709,1.247235
2017-10-01 19:50:00,1.24732,1.24729,1.24729,1.24733
2017-10-01 19:51:00,1.24737,1.247335,1.24733,1.24739
2017-10-01 19:52:00,1.247425,1.24737,1.247365,1.247465
2017-10-01 19:53:00,1.247275,1.24745,1.24727,1.24745
2017-10-01 19:54:00,1.24733,1.2473,1.2473,1.24736
2017-10-01 19:55:00,1.247335,1.247335,1.247305,1.247355
2017-10-01 19:56:00,1.24734,1.247355,1.247335,1.247375
2017-10-01 19:57:00,1.247445,1.24739,1.24738,1.247455
2017-10-01 19:58:00,1.247345,1.24742,1.24734,1.24742
2017-10-01 19:59:00,1.24744,1.247375,1.247375,1.247445
2017-10-01 20:00:00,1.247305,1.24741,1.247265,1.24741
2017-10-01 20:01:00,1.247365,1.24725,1.247235,1.24744
2017-10-01 20:02:00,1.247315,1.247335,1.247315,1.247335
2017-10-01 20:03:00,1.247355,1.24737,1.24735,1.24745
2017-10-01 20:04:00,1.2474,1.24737,1.24737,1.247425
2017-10-01 20:05:00,1.247345,1.2474,1.247325,1.2474
2017-10-01 20:06:00,1.24744,1.24735,1.24735,1.24745
2017-10-01 20:07:00,1.2476,1.247495,1.24748,1.247605
2017-10-01 20:08:00,1.24756,1.247605,1.24754,1.24765
2017-10-01 20:09:00,1.247665,1.24757,1.24757,1.24767
2017-10-01 20:10:00,1.24766,1.24767,1.24765,1.247675
2017-10-01 20:11:00,1.24762,1.24766,1.24762,1.24766
2017-10-01 20:12:00,1.24771,1.24767,1.247665,1.24773
2017-10-01 20:13:00,1.24779,1.2477,1.2477,1.24779
2017-10-01 20:14:00,1.247865,1.247845,1.247845,1.24788
2017-10-01 20:15:00,1.247875,1.24787,1.24782,1.24794
2017-10-01 20:16:00,1.247895,1.247905,1.24787,1.24796
2017-10-01 20:17:00,1.247905,1.24789,1.247885,1.247905
2017-10-01 20:18:00,1.24794,1.247905,1.247905,1.24794
2017-10-01 20:19:00,1.24794,1.247905,1.247905,1.24794
2017-10-01 20:20:00,1.247915,1.247915,1.247915,1.247915
2017-10-01 20:21:00,1.247795,1.247855,1.247795,1.24787
2017-10-01 20:22:00,1.247905,1.24784,1.24784,1.24797
2017-10-01 20:23:00,1.24788,1.24791,1.24787,1.24794
2017-10-01 20:24:00,1.247985,1.24791,1.247905,1.247995
2017-10-01 20:25:00,1.247905,1.24796,1.247895,1.24797
2017-10-01 20:26:00,1.24787,1.247895,1.24778,1.247965
2017-10-01 20:27:00,1.24777,1.247875,1.24777,1.247895
2017-10-01 20:28:00,1.24794,1.24779,1.24779,1.24795
2017-10-01 20:29:00,1.24799,1.247995,1.24799,1.247995
2017-10-01 20:30:00,1.24802,1.24805,1.24798,1.24813
2017-10-01 20:31:00,1.248085,1.24804,1.24804,1.248085
2017-10-01 20:32:00,1.24809,1.24804,1.24801,1.248125
2017-10-01 20:33:00,1.24823,1.24811,1.24808,1.248245
2017-10-01 20:34:00,1.248295,1.24821,1.248045,1.248485
2017-10-01 20:35:00,1.24823,1.248295,1.24813,1.24832
2017-10-01 20:36:00,1.24831,1.248215,1.248115,1.248315
2017-10-01 20:37:00,1.24817,1.248315,1.24817,1.248365
2017-10-01 20:38:00,1.248205,1.24819,1.248185,1.24831
2017-10-01 20:39:00,1.2482,1.2482,1.248195,1.248245
2017-10-01 20:40:00,1.248175,1.24821,1.248175,1.24821
2017-10-01 20:41:00,1.248205,1.2482,1.24813,1.248235
2017-10-01 20:42:00,1.248175,1.24821,1.248175,1.24822
2017-10-01 20:43:00,1.24821,1.248225,1.24821,1.248225
2017-10-01 20:44:00,1.24828,1.248215,1.248195,1.248285
2017-10-01 20:45:00,1.248215,1.24827,1.24819,1.248275
2017-10-01 20:46:00,1.24832,1.24821,1.248205,1.248395
2017-10-01 20:47:00,1.24842,1.248325,1.2483,1.24845
2017-10-01 20:48:00,1.248545,1.24843,1.248385,1.24859
2017-10-01 20:49:00,1.24844,1.248525,1.248415,1.24856
2017-10-01 20:50:00,1.24841,1.24841,1.24841,1.24841
2017-10-01 20:51:00,1.24846,1.248435,1.24841,1.248485
2017-10-01 20:52:00,1.248465,1.248475,1.248455,1.248485
2017-10-01 20:53:00,1.248475,1.24848,1.248455,1.24857
2017-10-01 20:54:00,1.24863,1.248475,1.24846,1.248635
2017-10-01 20:55:00,1.248355,1.248665,1.248355,1.248675
2017-10-01 20:56:00,1.248385,1.24837,1.24833,1.248425
2017-10-01 20:57:00,1.248405,1.24836,1.248335,1.24842
2017-10-01 20:58:00,1.248505,1.24841,1.2484,1.248505
2017-10-01 20:59:00,1.2485,1.24856,1.2485,1.2486
2017-10-01 21:00:00,1.24855,1.248495,1.248485,1.248665
2017-10-01 21:01:00,1.248525,1.248555,1.248525,1.248575
2017-10-01 21:02:00,1.24859,1.24854,1.248375,1.2488
2017-10-01 21:03:00,1.248525,1.248565,1.24847,1.2486
2017-10-01 21:04:00,1.24855,1.248495,1.248475,1.24855
2017-10-01 21:05:00,1.24852,1.248555,1.248455,1.248555
2017-10-01 21:06:00,1.24844,1.248515,1.248435,1.248595
2017-10-01 21:07:00,1.24842,1.24844,1.24838,1.24851
2017-10-01 21:08:00,1.24839,1.24836,1.248295,1.24842
2017-10-01 21:09:00,1.248455,1.248395,1.24839,1.24847
2017-10-01 21:10:00,1.248575,1.24845,1.248435,1.248575
2017-10-01 21:11:00,1.24852,1.24857,1.248515,1.248585
2017-10-01 21:12:00,1.24869,1.24852,1.24852,1.24872
2017-10-01 21:13:00,1.24869,1.248685,1.248685,1.248795
2017-10-01 21:14:00,1.248715,1.248695,1.248695,1.248755
2017-10-01 21:15:00,1.248715,1.248695,1.248695,1.248755
2017-10-01 21:16:00,1.248635,1.24873,1.248635,1.24873
2017-10-01 21:17:00,1.24871,1.248645,1.248505,1.248715
2017-10-01 21:18:00,1.248655,1.248715,1.248645,1.248725
2017-10-01 21:19:00,1.24869,1.24872,1.248665,1.24877
2017-10-01 21:20:00,1.2488,1.248695,1.248615,1.2488
2017-10-01 21:21:00,1.248895,1.248855,1.24883,1.248915
2017-10-01 21:22:00,1.24889,1.24889,1.248885,1.248905
2017-10-01 21:23:00,1.248705,1.248875,1.24869,1.248875
2017-10-01 21:24:00,1.24855,1.24873,1.24855,1.24873
2017-10-01 21:25:00,1.2486,1.24854,1.24853,1.24861
2017-10-01 21:26:00,1.24849,1.24854,1.24849,1.24855
2017-10-01 21:27:00,1.24856,1.248485,1.248485,1.248645
2017-10-01 21:28:00,1.24856,1.248485,1.248485,1.248645
2017-10-01 21:29:00,1.24857,1.248535,1.24851,1.248575
2017-10-01 21:30:00,1.248675,1.24859,1.24859,1.24874
2017-10-01 21:31:00,1.248755,1.24869,1.248675,1.248775
2017-10-01 21:32:00,1.248655,1.24875,1.248465,1.248765
2017-10-01 21:33:00,1.24855,1.24866,1.24855,1.24869
2017-10-01 21:34:00,1.24871,1.24849,1.2484,1.24886
2017-10-01 21:35:00,1.248755,1.248715,1.248695,1.248755
2017-10-01 21:36:00,1.248795,1.248755,1.248745,1.24883
2017-10-01 21:37:00,1.24874,1.248735,1.24851,1.248745
2017-10-01 21:38:00,1.24884,1.248725,1.24854,1.24884
2017-10-01 21:39:00,1.248955,1.248855,1.248855,1.249165
2017-10-01 21:40:00,1.249055,1.248955,1.24875,1.249125
2017-10-01 21:41:00,1.24892,1.24906,1.24892,1.24906
2017-10-01 21:42:00,1.248865,1.248945,1.248865,1.248945
2017-10-01 21:43:00,1.24879,1.24881,1.24874,1.24881
2017-10-01 21:44:00,1.24876,1.248845,1.248745,1.24892
2017-10-01 21:45:00,1.24875,1.24875,1.248725,1.24886
2017-10-01 21:46:00,1.248825,1.24875,1.24874,1.24885
2017-10-01 21:47:00,1.24884,1.24883,1.248755,1.248865
2017-10-01 21:48:00,1.24882,1.248825,1.248805,1.24884
2017-10-01 21:49:00,1.24882,1.248825,1.248805,1.24884
2017-10-01 21:50:00,1.248765,1.248765,1.248765,1.248765
2017-10-01 21:51:00,1.24879,1.24876,1.24876,1.24879
2017-10-01 21:52:00,1.24874,1.24874,1.24874,1.24874
2017-10-01 21:53:00,1.24885,1.248735,1.248725,1.24885
2017-10-01 21:54:00,1.248855,1.248845,1.24884,1.248925
2017-10-01 21:55:00,1.248925,1.248845,1.24884,1.248925
2017-10-01 21:56:00,1.249145,1.248935,1.248935,1.249295
2017-10-01 21:57:00,1.24942,1.24915,1.24911,1.24942
2017-10-01 21:58:00,1.249425,1.249395,1.249365,1.2495
2017-10-01 21:59:00,1.249275,1.24937,1.24922,1.24937
2017-10-01 22:00:00,1.249185,1.249295,1.249185,1.249305
2017-10-01 22:01:00,1.24923,1.24917,1.24917,1.249335
2017-10-01 22:02:00,1.24919,1.24922,1.24919,1.24922
2017-10-01 22:03:00,1.24919,1.24922,1.24919,1.24922
2017-10-01 22:04:00,1.24923,1.24922,1.249215,1.24927
2017-10-01 22:05:00,1.249165,1.249165,1.24916,1.24918
2017-10-01 22:06:00,1.24907,1.24916,1.24907,1.249165
2017-10-01 22:07:00,1.24906,1.249075,1.24906,1.249105
2017-10-01 22:08:00,1.24906,1.249075,1.24906,1.249105
2017-10-01 22:09:00,1.249265,1.249115,1.2491,1.249265
2017-10-01 22:10:00,1.24936,1.249285,1.24928,1.249435
2017-10-01 22:11:00,1.2494,1.249365,1.2493,1.2494
2017-10-01 22:12:00,1.249335,1.24938,1.249335,1.24938
2017-10-01 22:13:00,1.249425,1.249385,1.249385,1.24943
2017-10-01 22:14:00,1.24945,1.249375,1.24937,1.24948
2017-10-01 22:15:00,1.249515,1.249445,1.249415,1.24958
2017-10-01 22:16:00,1.24949,1.249525,1.24949,1.24962
2017-10-01 22:17:00,1.2496,1.24947,1.249325,1.249605
2017-10-01 22:18:00,1.24945,1.24958,1.249445,1.24961
2017-10-01 22:19:00,1.249525,1.24946,1.24946,1.24954
2017-10-01 22:20:00,1.249435,1.24953,1.249435,1.24953
2017-10-01 22:21:00,1.249395,1.249385,1.24935,1.249395
2017-10-01 22:22:00,1.249335,1.24934,1.249325,1.24934
2017-10-01 22:23:00,1.2496,1.24934,1.24934,1.2496
2017-10-01 22:24:00,1.24969,1.249585,1.249565,1.24969
2017-10-01 22:25:00,1.24933,1.249705,1.24933,1.249705
2017-10-01 22:26:00,1.24928,1.24935,1.24923,1.24935
2017-10-01 22:27:00,1.249275,1.249275,1.249255,1.249285
2017-10-01 22:28:00,1.24928,1.24927,1.24926,1.24928
2017-10-01 22:29:00,1.24929,1.249275,1.24924,1.24929
2017-10-01 22:30:00,1.24929,1.249275,1.24924,1.24929
2017-10-01 22:31:00,1.249185,1.249265,1.249185,1.249265
2017-10-01 22:32:00,1.24928,1.24923,1.24923,1.24931
2017-10-01 22:33:00,1.249215,1.249275,1.249215,1.24928
2017-10-01 22:34:00,1.24914,1.24922,1.24914,1.24922
2017-10-01 22:35:00,1.249025,1.249195,1.249015,1.249255
2017-10-01 22:36:00,1.24899,1.24903,1.24891,1.249055
2017-10-01 22:37:00,1.24899,1.24899,1.248985,1.248995
2017-10-01 22:38:00,1.24897,1.24897,1.24897,1.24897
2017-10-01 22:39:00,1.248945,1.248945,1.24887,1.24896
2017-10-01 22:40:00,1.248855,1.248965,1.24885,1.248965
2017-10-01 22:41:00,1.248695,1.2488,1.24864,1.2488
2017-10-01 22:42:00,1.24869,1.24871,1.24867,1.24874
2017-10-01 22:43:00,1.24852,1.248635,1.24851,1.248635
2017-10-01 22:44:00,1.24853,1.24853,1.24852,1.24854
2017-10-01 22:45:00,1.24849,1.248555,1.24849,1.248555
2017-10-01 22:46:00,1.24849,1.248555,1.24849,1.248555
2017-10-01 22:47:00,1.24849,1.248555,1.24849,1.248555
2017-10-01 22:48:00,1.248565,1.248515,1.248515,1.248565
2017-10-01 22:49:00,1.248565,1.248515,1.248515,1.248565
2017-10-01 22:50:00,1.248695,1.248625,1.248595,1.24872
2017-10-01 22:51:00,1.24876,1.24875,1.24875,1.248815
2017-10-01 22:52:00,1.24887,1.248815,1.248815,1.24888
2017-10-01 22:53:00,1.248955,1.248875,1.248875,1.248975
2017-10-01 22:54:00,1.24891,1.24894,1.2489,1.24894
2017-10-01 22:55:00,1.248915,1.24892,1.24883,1.248925
2017-10-01 22:56:00,1.24881,1.24893,1.24881,1.24893
2017-10-01 22:57:00,1.24881,1.24893,1.24881,1.24893
2017-10-01 22:58:00,1.24881,1.24893,1.24881,1.24893
2017-10-01 22:59:00,1.24908,1.24884,1.24884,1.24914
2017-10-01 23:00:00,1.24905,1.249075,1.248965,1.24908
2017-10-01 23:01:00,1.249025,1.249025,1.249025,1.249025
2017-10-01 23:02:00,1.24884,1.248965,1.248825,1.248975
2017-10-01 23:03:00,1.248885,1.248835,1.24878,1.248975
2017-10-01 23:04:00,1.24887,1.248835,1.24883,1.248875
2017-10-01 23:05:00,1.248885,1.248865,1.248855,1.248935
2017-10-01 23:06:00,1.24888,1.24887,1.24887,1.24888
2017-10-01 23:07:00,1.24888,1.24887,1.24887,1.24888
2017-10-01 23:08:00,1.248935,1.24894,1.248935,1.24894
2017-10-01 23:09:00,1.24903,1.24894,1.24894,1.24903
2017-10-01 23:10:00,1.248995,1.24903,1.248915,1.24903
2017-10-01 23:11:00,1.249055,1.249,1.249,1.24907
2017-10-01 23:12:00,1.24916,1.249105,1.249105,1.249175
2017-10-01 23:13:00,1.249085,1.249165,1.24903,1.249165
2017-10-01 23:14:00,1.24915,1.249135,1.249075,1.24917
2017-10-01 23:15:00,1.24915,1.24914,1.24914,1.249155
2017-10-01 23:16:00,1.249025,1.249145,1.249025,1.249155
2017-10-01 23:17:00,1.249065,1.248975,1.248925,1.24907
2017-10-01 23:18:00,1.249055,1.249065,1.249055,1.24914
2017-10-01 23:19:00,1.24903,1.24907,1.24903,1.24907
2017-10-01 23:20:00,1.24915,1.249055,1.249055,1.24915
2017-10-01 23:21:00,1.249145,1.249145,1.249135,1.24917
2017-10-01 23:22:00,1.24915,1.24915,1.249145,1.249165
2017-10-01 23:23:00,1.24929,1.24915,1.249135,1.24931
2017-10-01 23:24:00,1.24929,1.249285,1.249265,1.2493
2017-10-01 23:25:00,1.249205,1.2493,1.249205,1.2493
2017-10-01 23:26:00,1.249275,1.249225,1.249225,1.249275
2017-10-01 23:27:00,1.249235,1.249225,1.249205,1.249245
2017-10-01 23:28:00,1.249245,1.24923,1.24923,1.249245
2017-10-01 23:29:00,1.249265,1.249195,1.24909,1.249265
2017-10-01 23:30:00,1.249265,1.249195,1.24909,1.249265
2017-10-01 23:31:00,1.249205,1.24924,1.249145,1.249255
2017-10-01 23:32:00,1.24911,1.24919,1.24911,1.2492
2017-10-01 23:33:00,1.24908,1.24911,1.249065,1.24911
2017-10-01 23:34:00,1.249135,1.249075,1.24896,1.249145
2017-10-01 23:35:00,1.249055,1.24915,1.249055,1.24915
2017-10-01 23:36:00,1.249,1.24904,1.249,1.249055
2017-10-01 23:37:00,1.249005,1.248985,1.24898,1.249005
2017-10-01 23:38:00,1.24895,1.24899,1.24888,1.24899
2017-10-01 23:39:00,1.24889,1.24894,1.24888,1.248945
2017-10-01 23:40:00,1.24884,1.248835,1.248835,1.24884
2017-10-01 23:41:00,1.24885,1.248835,1.24882,1.24886
2017-10-01 23:42:00,1.248785,1.248845,1.248775,1.248855
2017-10-01 23:43:00,1.248885,1.248795,1.24878,1.248885
2017-10-01 23:44:00,1.24893,1.248905,1.248905,1.24893
2017-10-01 23:45:00,1.24893,1.248905,1.248905,1.24893
2017-10-01 23:46:00,1.24893,1.248905,1.248905,1.24893
2017-10-01 23:47:00,1.24889,1.24891,1.248865,1.24892
2017-10-01 23:48:00,1.248785,1.24886,1.248785,1.248865
2017-10-01 23:49:00,1.2489,1.248765,1.248765,1.248935
2017-10-01 23:50:00,1.248825,1.24887,1.248825,1.24887
2017-10-01 23:51:00,1.248815,1.24881,1.24881,1.248815
2017-10-01 23:52:00,1.248865,1.248825,1.248795,1.24887
2017-10-01 23:53:00,1.24877,1.24884,1.24877,1.248865
2017-10-01 23:54:00,1.24877,1.24877,1.24876,1.24878
2017-10-01 23:55:00,1.2487,1.248775,1.248695,1.248775
2017-10-01 23:56:00,1.248695,1.24869,1.248645,1.2487
2017-10-01 23:57:00,1.248655,1.248645,1.248645,1.24866
2017-10-01 23:58:00,1.24877,1.24867,1.248665,1.24878
2017-10-01 23:59:00,1.2488,1.2488,1.2488,1.2488
2017-10-02 00:00:00,1.24879,1.24878,1.248735,1.2488
2017-10-02 00:01:00,1.24879,1.248845,1.24879,1.24885
2017-10-02 00:02:00,1.24879,1.248785,1.248785,1.24881
2017-10-02 00:03:00,1.248765,1.24881,1.24876,1.24881
2017-10-02 00:04:00,1.24876,1.24876,1.2487,1.24878
2017-10-02 00:05:00,1.248775,1.248755,1.248755,1.24884
2017-10-02 00:06:00,1.24867,1.248775,1.24867,1.248785
2017-10-02 00:07:00,1.24862,1.248685,1.248605,1.24869
2017-10-02 00:08:00,1.248545,1.248635,1.24848,1.248635
2017-10-02 00:09:00,1.2488,1.248605,1.248605,1.248805
2017-10-02 00:10:00,1.24872,1.24886,1.248715,1.24897
2017-10-02 00:11:00,1.24891,1.248725,1.248725,1.24899
2017-10-02 00:12:00,1.248885,1.248905,1.24888,1.248915
2017-10-02 00:13:00,1.24899,1.24894,1.24894,1.24901
2017-10-02 00:14:00,1.248995,1.249005,1.248995,1.249005
2017-10-02 00:15:00,1.248905,1.24898,1.2489,1.248995
2017-10-02 00:16:00,1.248955,1.248955,1.248955,1.248955
2017-10-02 00:17:00,1.24906,1.248965,1.248965,1.249155
2017-10-02 00:18:00,1.24903,1.249055,1.249005,1.24906
2017-10-02 00:19:00,1.248935,1.249,1.248935,1.249
2017-10-02 00:20:00,1.24907,1.24899,1.248985,1.249085
2017-10-02 00:21:00,1.24912,1.249065,1.24906,1.24913
2017-10-02 00:22:00,1.249135,1.249125,1.249115,1.24914
2017-10-02 00:23:00,1.249195,1.24913,1.249055,1.249195
2017-10-02 00:24:00,1.24907,1.24921,1.249065,1.24923
2017-10-02 00:25:00,1.24913,1.24913,1.24912,1.24916
2017-10-02 00:26:00,1.24919,1.249125,1.24912,1.24921
2017-10-02 00:27:00,1.24935,1.24918,1.249175,1.24935
2017-10-02 00:28:00,1.24919,1.24938,1.24915,1.24947
2017-10-02 00:29:00,1.24914,1.24919,1.249135,1.24924
2017-10-02 00:30:00,1.249355,1.249125,1.24912,1.249355
2017-10-02 00:31:00,1.249405,1.249355,1.249355,1.2495
2017-10-02 00:32:00,1.249295,1.24942,1.249295,1.24942
2017-10-02 00:33:00,1.249395,1.249305,1.249305,1.249435
2017-10-02 00:34:00,1.249365,1.24938,1.249325,1.2494
2017-10-02 00:35:00,1.24939,1.24936,1.24936,1.249405
2017-10-02 00:36:00,1.24918,1.249385,1.249155,1.249385
2017-10-02 00:37:00,1.24913,1.24918,1.24911,1.24918
2017-10-02 00:38:00,1.24927,1.24916,1.249125,1.24928
2017-10-02 00:39:00,1.24923,1.249265,1.24917,1.249265
2017-10-02 00:40:00,1.249275,1.24928,1.249275,1.249315
2017-10-02 00:41:00,1.249365,1.249295,1.249295,1.249365
2017-10-02 00:42:00,1.24921,1.249315,1.24917,1.249315
2017-10-02 00:43:00,1.24921,1.249315,1.24917,1.249315
2017-10-02 00:44:00,1.249135,1.24916,1.249125,1.249165
2017-10-02 00:45:00,1.24919,1.24914,1.24913,1.24922
2017-10-02 00:46:00,1.24914,1.2492,1.249125,1.249205
2017-10-02 00:47:00,1.249275,1.249145,1.24913,1.249275
2017-10-02 00:48:00,1.249445,1.249285,1.249225,1.249445
2017-10-02 00:49:00,1.24934,1.2495,1.24934,1.24952
2017-10-02 00:50:00,1.249315,1.249365,1.24931,1.249385
2017-10-02 00:51:00,1.249235,1.249255,1.24923,1.24928
2017-10-02 00:52:00,1.24903,1.24918,1.24903,1.24918
2017-10-02 00:53:00,1.24913,1.24902,1.24902,1.24919
2017-10-02 00:54:00,1.249085,1.249085,1.249085,1.249085
2017-10-02 00:55:00,1.249,1.249035,1.248995,1.249035
2017-10-02 00:56:00,1.249045,1.248995,1.248995,1.249045
2017-10-02 00:57:00,1.24906,1.24904,1.24903,1.24906
2017-10-02 00:58:00,1.24902,1.249045,1.249,1.249055
2017-10-02 00:59:00,1.24902,1.249045,1.249,1.249055
2017-10-02 01:00:00,1.249035,1.248995,1.24897,1.249035
2017-10-02 01:01:00,1.249005,1.249025,1.24897,1.249065
2017-10-02 01:02:00,1.248865,1.249005,1.24886,1.249005
2017-10-02 01:03:00,1.24883,1.24887,1.24883,1.248875
2017-10-02 01:04:00,1.248835,1.248835,1.24874,1.248885
2017-10-02 01:05:00,1.24899,1.24886,1.24886,1.249185
2017-10-02 01:06:00,1.248865,1.248995,1.248855,1.249015
2017-10-02 01:07:00,1.24886,1.24887,1.24886,1.248875
2017-10-02 01:08:00,1.24905,1.24886,1.248825,1.249055
2017-10-02 01:09:00,1.24886,1.249045,1.24886,1.249045
2017-10-02 01:10:00,1.249125,1.24881,1.248755,1.249125
2017-10-02 01:11:00,1.24921,1.24914,1.249135,1.24927
2017-10-02 01:12:00,1.24902,1.24915,1.248995,1.24915
2017-10-02 01:13:00,1.24895,1.24902,1.24894,1.24902
2017-10-02 01:14:00,1.24918,1.24894,1.248935,1.24918
2017-10-02 01:15:00,1.249365,1.249185,1.24917,1.249395
2017-10-02 01:16:00,1.249365,1.249185,1.24917,1.249395
2017-10-02 01:17:00,1.249255,1.24936,1.249255,1.249375
2017-10-02 01:18:00,1.24928,1.24926,1.24926,1.249315
2017-10-02 01:19:00,1.249345,1.24928,1.249275,1.249375
2017-10-02 01:20:00,1.24928,1.24936,1.24927,1.249365
2017-10-02 01:21:00,1.249335,1.249275,1.249265,1.249355
2017-10-02 01:22:00,1.249435,1.24934,1.24934,1.24947
2017-10-02 01:23:00,1.24957,1.249445,1.24944,1.24958
2017-10-02 01:24:00,1.249645,1.249575,1.24956,1.249715
2017-10-02 01:25:00,1.249845,1.24965,1.249605,1.249885
2017-10-02 01:26:00,1.24995,1.249825,1.249795,1.24995
2017-10-02 01:27:00,1.249875,1.249945,1.24986,1.249945
2017-10-02 01:28:00,1.2499,1.249895,1.249885,1.24997
2017-10-02 01:29:00,1.2499,1.249895,1.249895,1.2499
2017-10-02 01:30:00,1.249915,1.249905,1.24989,1.249925
2017-10-02 01:31:00,1.249915,1.249905,1.24989,1.249925
2017-10-02 01:32:00,1.24998,1.2499,1.249895,1.249995
2017-10-02 01:33:00,1.249935,1.24997,1.24993,1.249995
2017-10-02 01:34:00,1.249945,1.24994,1.249935,1.249965
2017-10-02 01:35:00,1.24993,1.24995,1.249915,1.24995
2017-10-02 01:36:00,1.24984,1.24991,1.24984,1.249965
2017-10-02 01:37:00,1.24984,1.24982,1.24982,1.24984
2017-10-02 01:38:00,1.24982,1.24979,1.24974,1.24983
2017-10-02 01:39:00,1.249895,1.249815,1.24979,1.24991
2017-10-02 01:40:00,1.24993,1.249895,1.249865,1.24995
2017-10-02 01:41:00,1.249945,1.249935,1.249895,1.249945
2017-10-02 01:42:00,1.249865,1.249915,1.249865,1.249915
2017-10-02 01:43:00,1.249865,1.24986,1.24986,1.24987
2017-10-02 01:44:00,1.249865,1.24986,1.24986,1.24987
2017-10-02 01:45:00,1.249865,1.24986,1.24986,1.24987
2017-10-02 01:46:00,1.24993,1.249865,1.249865,1.24993
2017-10-02 01:47:00,1.25008,1.24992,1.24991,1.25009
2017-10-02 01:48:00,1.24991,1.250065,1.24989,1.25008
2017-10-02 01:49:00,1.24983,1.249905,1.24983,1.249905
2017-10-02 01:50:00,1.24983,1.249855,1.249825,1.249905
2017-10-02 01:51:00,1.24979,1.249825,1.249765,1.24983
2017-10-02 01:52:00,1.24981,1.249795,1.249795,1.2499
2017-10-02 01:53:00,1.249875,1.24987,1.249865,1.249895
2017-10-02 01:54:00,1.249855,1.249885,1.249855,1.249895
2017-10-02 01:55:00,1.24986,1.249865,1.24986,1.24991
2017-10-02 01:56:00,1.2498,1.249855,1.24979,1.24986
2017-10-02 01:57:00,1.249805,1.2498,1.2498,1.249825
2017-10-02 01:58:00,1.24965,1.24979,1.24965,1.249795
2017-10-02 01:59:00,1.24963,1.249655,1.249625,1.24967
2017-10-02 02:00:00,1.24974,1.249645,1.24961,1.24974
2017-10-02 02:01:00,1.24974,1.249745,1.24967,1.24975
2017-10-02 02:02:00,1.24964,1.249735,1.249595,1.249755
2017-10-02 02:03:00,1.249845,1.249665,1.249635,1.24985
2017-10-02 02:04:00,1.249915,1.249905,1.249865,1.24994
2017-10-02 02:05:00,1.24996,1.249925,1.249895,1.24998
2017-10-02 02:06:00,1.249635,1.24995,1.24946,1.24995
2017-10-02 02:07:00,1.24969,1.24964,1.24957,1.24977
2017-10-02 02:08:00,1.249705,1.249685,1.24967,1.249715
2017-10-02 02:09:00,1.249695,1.249685,1.24966,1.249735
2017-10-02 02:10:00,1.249855,1.249715,1.249715,1.24987
2017-10-02 02:11:00,1.249725,1.24985,1.249725,1.24988
2017-10-02 02:12:00,1.249665,1.24972,1.249605,1.24975
2017-10-02 02:13:00,1.24963,1.249675,1.249575,1.249715
2017-10-02 02:14:00,1.249535,1.24964,1.24953,1.249665
2017-10-02 02:15:00,1.249505,1.24954,1.24947,1.249545
2017-10-02 02:16:00,1.249665,1.249485,1.249485,1.24969
2017-10-02 02:17:00,1.249525,1.249665,1.24952,1.249665
2017-10-02 02:18:00,1.249325,1.24952,1.249325,1.249595
2017-10-02 02:19:00,1.24939,1.249345,1.249345,1.249415
2017-10-02 02:20:00,1.249605,1.2494,1.249395,1.24963
2017-10-02 02:21:00,1.24969,1.24955,1.249535,1.249725
2017-10-02 02:22:00,1.24982,1.249685,1.249685,1.24982
2017-10-02 02:23:00,1.24977,1.24977,1.249765,1.249775
2017-10-02 02:24:00,1.24981,1.24977,1.249755,1.249825
2017-10-02 02:25:00,1.249865,1.249815,1.249815,1.249865
2017-10-02 02:26:00,1.249915,1.249875,1.249865,1.249925
2017-10-02 02:27:00,1.249885,1.249915,1.249885,1.249935
2017-10-02 02:28:00,1.2499,1.2499,1.249885,1.249905
2017-10-02 02:29:00,1.249835,1.249895,1.249835,1.24996
2017-10-02 02:30:00,1.249915,1.24986,1.24983,1.249975
2017-10-02 02:31:00,1.250015,1.24991,1.24991,1.250035
2017-10-02 02:32:00,1.250115,1.25001,1.25001,1.25014
2017-10-02 02:33:00,1.25029,1.2501,1.250035,1.250295
2017-10-02 02:34:00,1.250305,1.25029,1.25028,1.25031
2017-10-02 02:35:00,1.2501,1.250255,1.25004,1.250255
2017-10-02 02:36:00,1.250145,1.250095,1.250075,1.250155
2017-10-02 02:37:00,1.25016,1.25015,1.25014,1.250165
2017-10-02 02:38:00,1.250085,1.2501,1.250085,1.250155
2017-10-02 02:39:00,1.25001,1.25006,1.25,1.250115
2017-10-02 02:40:00,1.249945,1.250015,1.24993,1.25009
2017-10-02 02:41:00,1.249825,1.249935,1.249795,1.24996
2017-10-02 02:42:00,1.249835,1.249825,1.249815,1.249835
2017-10-02 02:43:00,1.24984,1.249785,1.249785,1.249905
2017-10-02 02:44:00,1.249985,1.249895,1.249895,1.250035
2017-10-02 02:45:00,1.24993,1.24999,1.24988,1.25001
2017-10-02 02:46:00,1.249815,1.249925,1.249815,1.24993
2017-10-02 02:47:00,1.249795,1.24976,1.249695,1.249805
2017-10-02 02:48:00,1.24973,1.24979,1.249715,1.24986
2017-10-02 02:49:00,1.24975,1.24973,1.249555,1.24975
2017-10-02 02:50:00,1.24965,1.24976,1.249645,1.24976
2017-10-02 02:51:00,1.249765,1.24969,1.24969,1.249765
2017-10-02 02:52:00,1.249745,1.249765,1.24974,1.249775
2017-10-02 02:53:00,1.24975,1.249745,1.24968,1.249785
2017-10-02 02:54:00,1.249925,1.249805,1.249805,1.24995
2017-10-02 02:55:00,1.249775,1.24993,1.249775,1.24994
2017-10-02 02:56:00,1.24978,1.249785,1.24976,1.249795
2017-10-02 02:57:00,1.24974,1.249775,1.249705,1.249815
2017-10-02 02:58:00,1.249485,1.249745,1.24948,1.24975
2017-10-02 02:59:00,1.24957,1.249535,1.249495,1.24964
2017-10-02 03:00:00,1.249565,1.249575,1.249515,1.249655
2017-10-02 03:01:00,1.249775,1.24954,1.24934,1.24994
2017-10-02 03:02:00,1.24976,1.249765,1.249675,1.2498
2017-10-02 03:03:00,1.24964,1.24976,1.24963,1.24981
2017-10-02 03:04:00,1.249935,1.249645,1.249635,1.249945
2017-10-02 03:05:00,1.24968,1.24993,1.249585,1.25
2017-10-02 03:06:00,1.24963,1.249675,1.24963,1.24978
2017-10-02 03:07:00,1.249605,1.24963,1.24951,1.249745
2017-10-02 03:08:00,1.249585,1.2496,1.249575,1.249685
2017-10-02 03:09:00,1.24958,1.24959,1.24958,1.249665
2017-10-02 03:10:00,1.24983,1.249595,1.24958,1.24984
2017-10-02 03:11:00,1.249925,1.249885,1.249815,1.249975
2017-10-02 03:12:00,1.24977,1.24993,1.249765,1.250015
2017-10-02 03:13:00,1.2502,1.24977,1.249745,1.250205
2017-10-02 03:14:00,1.25021,1.250205,1.2502,1.25029
2017-10-02 03:15:00,1.25029,1.25021,1.250135,1.250385
2017-10-02 03:16:00,1.250425,1.250275,1.250275,1.250425
2017-10-02 03:17:00,1.250485,1.25045,1.2504,1.25055
2017-10-02 03:18:00,1.25058,1.25047,1.250455,1.250595
2017-10-02 03:19:00,1.25077,1.25061,1.250595,1.25079
2017-10-02 03:20:00,1.250575,1.25082,1.250485,1.25083
2017-10-02 03:21:00,1.250705,1.250585,1.25057,1.250715
2017-10-02 03:22:00,1.25074,1.25071,1.2507,1.25079
2017-10-02 03:23:00,1.250735,1.25076,1.250705,1.2508
2017-10-02 03:24:00,1.25072,1.25073,1.25071,1.25086
2017-10-02 03:25:00,1.250775,1.250725,1.25067,1.250785
2017-10-02 03:26:00,1.25126,1.25072,1.25072,1.251485
2017-10-02 03:27:00,1.25102,1.25125,1.25094,1.251255
2017-10-02 03:28:00,1.2512,1.251015,1.25093,1.2512
2017-10-02 03:29:00,1.2512,1.25121,1.25113,1.251285
2017-10-02 03:30:00,1.251325,1.25123,1.25116,1.251325
2017-10-02 03:31:00,1.251255,1.25133,1.251175,1.25133
2017-10-02 03:32:00,1.251195,1.25126,1.251185,1.251305
2017-10-02 03:33:00,1.25135,1.251175,1.251175,1.251465
2017-10-02 03:34:00,1.25142,1.25137,1.251235,1.251455
2017-10-02 03:35:00,1.251325,1.25147,1.25121,1.25148
2017-10-02 03:36:00,1.25144,1.25132,1.25132,1.251545
2017-10-02 03:37:00,1.25157,1.251425,1.251425,1.25168
2017-10-02 03:38:00,1.251785,1.251575,1.25157,1.25187
2017-10-02 03:39:00,1.251735,1.25178,1.251685,1.25178
2017-10-02 03:40:00,1.251835,1.251725,1.251715,1.25184
2017-10-02 03:41:00,1.252,1.25184,1.251675,1.25202
2017-10-02 03:42:00,1.251995,1.251975,1.25187,1.252005
2017-10-02 03:43:00,1.25188,1.252,1.251825,1.25216
2017-10-02 03:44:00,1.251655,1.251865,1.25154,1.25188
2017-10-02 03:45:00,1.251805,1.251655,1.251655,1.25185
2017-10-02 03:46:00,1.25199,1.251865,1.251845,1.25199
2017-10-02 03:47:00,1.25187,1.251995,1.25187,1.251995
2017-10-02 03:48:00,1.252045,1.251865,1.25186,1.25205
2017-10-02 03:49:00,1.251885,1.252035,1.251875,1.252045
2017-10-02 03:50:00,1.252025,1.251895,1.251895,1.252145
2017-10-02 03:51:00,1.2518,1.252025,1.251795,1.252025
2017-10-02 03:52:00,1.25181,1.25181,1.2518,1.25193
2017-10-02 03:53:00,1.251535,1.251815,1.251535,1.25183
2017-10-02 03:54:00,1.2515,1.251565,1.25146,1.251685
2017-10-02 03:55:00,1.25152,1.2515,1.251475,1.251525
2017-10-02 03:56:00,1.2514,1.251545,1.2514,1.251575
2017-10-02 03:57:00,1.251455,1.251385,1.25137,1.25148
2017-10-02 03:58:00,1.251405,1.2514,1.251395,1.251435
2017-10-02 03:59:00,1.251315,1.2514,1.251315,1.251455
2017-10-02 04:00:00,1.25145,1.251295,1.251295,1.25145
2017-10-02 04:01:00,1.25151,1.251435,1.251415,1.25171
2017-10-02 04:02:00,1.251715,1.251525,1.25152,1.251715
2017-10-02 04:03:00,1.25168,1.25174,1.25166,1.251785
2017-10-02 04:04:00,1.251595,1.251685,1.251555,1.25169
2017-10-02 04:05:00,1.251705,1.251605,1.2515,1.25172
2017-10-02 04:06:00,1.25189,1.2517,1.25167,1.25191
2017-10-02 04:07:00,1.251865,1.25189,1.25183,1.251955
2017-10-02 04:08:00,1.2517,1.25186,1.251695,1.251865
2017-10-02 04:09:00,1.25149,1.251695,1.25147,1.251705
2017-10-02 04:10:00,1.25159,1.251495,1.251495,1.25164
2017-10-02 04:11:00,1.25157,1.2516,1.251555,1.251625
2017-10-02 04:12:00,1.251545,1.251575,1.251465,1.251575
2017-10-02 04:13:00,1.25162,1.251605,1.2516,1.25166
2017-10-02 04:14:00,1.25154,1.25164,1.25152,1.25164
2017-10-02 04:15:00,1.251365,1.251485,1.251355,1.25149
2017-10-02 04:16:00,1.2512,1.25132,1.25119,1.251325
2017-10-02 04:17:00,1.251425,1.25119,1.251135,1.251425
2017-10-02 04:18:00,1.251395,1.25142,1.251315,1.25151
2017-10-02 04:19:00,1.251375,1.251395,1.25133,1.251485
2017-10-02 04:20:00,1.25147,1.25138,1.25135,1.25147
2017-10-02 04:21:00,1.25149,1.25148,1.251385,1.251495
2017-10-02 04:22:00,1.25194,1.251485,1.25148,1.25196
2017-10-02 04:23:00,1.25189,1.251945,1.25187,1.25197
2017-10-02 04:24:00,1.251785,1.251895,1.251765,1.251895
2017-10-02 04:25:00,1.25176,1.25179,1.25176,1.25181
2017-10-02 04:26:00,1.25169,1.25175,1.25161,1.25175
2017-10-02 04:27:00,1.251715,1.25169,1.25169,1.25172
2017-10-02 04:28:00,1.25201,1.251715,1.25171,1.252035
2017-10-02 04:29:00,1.251765,1.25203,1.25175,1.25203
2017-10-02 04:30:00,1.25165,1.25176,1.25165,1.25176
2017-10-02 04:31:00,1.25166,1.251595,1.251595,1.251675
2017-10-02 04:32:00,1.25164,1.251605,1.25153,1.25164
2017-10-02 04:33:00,1.251555,1.25159,1.251485,1.2516
2017-10-02 04:34:00,1.25155,1.25158,1.25153,1.251595
2017-10-02 04:35:00,1.2516,1.25153,1.25153,1.251625
2017-10-02 04:36:00,1.25157,1.2516,1.251525,1.251605
2017-10-02 04:37:00,1.251525,1.25153,1.25143,1.25153
2017-10-02 04:38:00,1.25141,1.251475,1.251405,1.251525
2017-10-02 04:39:00,1.25158,1.251435,1.25143,1.251595
2017-10-02 04:40:00,1.251315,1.251525,1.251315,1.251525
2017-10-02 04:41:00,1.251485,1.251335,1.251335,1.251485
2017-10-02 04:42:00,1.25149,1.25151,1.25142,1.251535
2017-10-02 04:43:00,1.25138,1.251495,1.2513,1.251495
2017-10-02 04:44:00,1.25133,1.25138,1.25133,1.25139
2017-10-02 04:45:00,1.25133,1.25138,1.25133,1.25139
2017-10-02 04:46:00,1.25143,1.25128,1.25121,1.251435
2017-10-02 04:47:00,1.25098,1.25138,1.25095,1.25138
2017-10-02 04:48:00,1.250825,1.250925,1.250775,1.250985
2017-10-02 04:49:00,1.25071,1.25083,1.25071,1.250845
2017-10-02 04:50:00,1.25059,1.250705,1.25051,1.25071
2017-10-02 04:51:00,1.2505,1.250605,1.250485,1.250605
2017-10-02 04:52:00,1.25044,1.250505,1.25044,1.250555
2017-10-02 04:53:00,1.250545,1.250425,1.250425,1.25055
2017-10-02 04:54:00,1.250535,1.25055,1.250535,1.25059
2017-10-02 04:55:00,1.25038,1.25053,1.25037,1.25054
2017-10-02 04:56:00,1.250285,1.25038,1.250285,1.25038
2017-10-02 04:57:00,1.25029,1.250265,1.250265,1.25041
2017-10-02 04:58:00,1.250455,1.250265,1.250135,1.250455
2017-10-02 04:59:00,1.250615,1.250465,1.250445,1.250615
2017-10-02 05:00:00,1.25063,1.25066,1.250565,1.25077
2017-10-02 05:01:00,1.250975,1.250575,1.25056,1.251045
2017-10-02 05:02:00,1.251025,1.25098,1.250975,1.251075
2017-10-02 05:03:00,1.25077,1.251025,1.25077,1.251075
2017-10-02 05:04:00,1.250735,1.250775,1.25073,1.250875
2017-10-02 05:05:00,1.250535,1.25073,1.25053,1.25074
2017-10-02 05:06:00,1.25077,1.250505,1.25045,1.25077
2017-10-02 05:07:00,1.25075,1.25078,1.25072,1.250825
2017-10-02 05:08:00,1.250935,1.25076,1.25076,1.250935
2017-10-02 05:09:00,1.2511,1.250995,1.250995,1.251115
2017-10-02 05:10:00,1.251015,1.251125,1.25096,1.251215
2017-10-02 05:11:00,1.25111,1.25102,1.25098,1.251155
2017-10-02 05:12:00,1.251355,1.25112,1.25112,1.25141
2017-10-02 05:13:00,1.251375,1.25136,1.251325,1.251415
2017-10-02 05:14:00,1.251495,1.251375,1.251365,1.25157
2017-10-02 05:15:00,1.251435,1.251495,1.251435,1.25154
2017-10-02 05:16:00,1.251235,1.25143,1.251215,1.251435
2017-10-02 05:17:00,1.251315,1.25125,1.251245,1.251325
2017-10-02 05:18:00,1.251305,1.25129,1.251235,1.251345
2017-10-02 05:19:00,1.251245,1.25131,1.25124,1.251315
2017-10-02 05:20:00,1.25138,1.25124,1.251235,1.2514
2017-10-02 05:21:00,1.251255,1.251365,1.25121,1.25137
2017-10-02 05:22:00,1.25126,1.251255,1.251235,1.2513
2017-10-02 05:23:00,1.25149,1.251255,1.25125,1.251505
2017-10-02 05:24:00,1.251575,1.251485,1.251445,1.251575
2017-10-02 05:25:00,1.251565,1.25158,1.251565,1.251585
2017-10-02 05:26:00,1.251575,1.25157,1.25151,1.25158
2017-10-02 05:27:00,1.25155,1.25157,1.2515,1.251585
2017-10-02 05:28:00,1.25135,1.251505,1.251245,1.25151
2017-10-02 05:29:00,1.251575,1.25136,1.251355,1.25158
2017-10-02 05:30:00,1.2516,1.251565,1.251515,1.2516
2017-10-02 05:31:00,1.25176,1.251655,1.25165,1.251825
2017-10-02 05:32:00,1.25175,1.251705,1.25165,1.25175
2017-10-02 05:33:00,1.251615,1.25174,1.251615,1.25176
2017-10-02 05:34:00,1.2516,1.25161,1.251595,1.251625
2017-10-02 05:35:00,1.251485,1.251595,1.251485,1.251615
2017-10-02 05:36:00,1.251475,1.251485,1.251405,1.25149
2017-10-02 05:37:00,1.251085,1.25147,1.25107,1.251475
2017-10-02 05:38:00,1.251095,1.25111,1.25105,1.25112
2017-10-02 05:39:00,1.251385,1.251095,1.251085,1.251395
2017-10-02 05:40:00,1.251375,1.25139,1.25137,1.251575
2017-10-02 05:41:00,1.25138,1.25138,1.251285,1.251455
2017-10-02 05:42:00,1.25155,1.25143,1.25143,1.25155
2017-10-02 05:43:00,1.251545,1.251505,1.25149,1.25167
2017-10-02 05:44:00,1.251645,1.25154,1.25154,1.251645
2017-10-02 05:45:00,1.25172,1.25166,1.2516,1.251775
2017-10-02 05:46:00,1.25183,1.25172,1.25172,1.251835
2017-10-02 05:47:00,1.25173,1.25178,1.251725,1.25178
2017-10-02 05:48:00,1.251675,1.251675,1.251675,1.251735
2017-10-02 05:49:00,1.251655,1.251625,1.25162,1.25166
2017-10-02 05:50:00,1.25165,1.25165,1.25165,1.25165
2017-10-02 05:51:00,1.25163,1.251655,1.251625,1.25189
2017-10-02 05:52:00,1.251665,1.25165,1.25161,1.25167
2017-10-02 05:53:00,1.251385,1.25166,1.251385,1.251675
2017-10-02 05:54:00,1.25188,1.2514,1.2514,1.25188
2017-10-02 05:55:00,1.251765,1.251885,1.251625,1.251885
2017-10-02 05:56:00,1.25188,1.251795,1.251795,1.251925
2017-10-02 05:57:00,1.251975,1.25193,1.25193,1.252
2017-10-02 05:58:00,1.25205,1.251975,1.251955,1.252085
2017-10-02 05:59:00,1.251915,1.252045,1.25191,1.25206
2017-10-02 06:00:00,1.25232,1.251915,1.251885,1.25239
2017-10-02 06:01:00,1.25233,1.252325,1.252205,1.25243
2017-10-02 06:02:00,1.25205,1.252325,1.251575,1.25233
2017-10-02 06:03:00,1.251975,1.25205,1.251935,1.252175
2017-10-02 06:04:00,1.252105,1.25194,1.25183,1.25213
2017-10-02 06:05:00,1.25211,1.25211,1.25207,1.252215
2017-10-02 06:06:00,1.251865,1.252115,1.25184,1.25214
2017-10-02 06:07:00,1.251785,1.25189,1.251745,1.251935
2017-10-02 06:08:00,1.25219,1.25173,1.25173,1.252215
2017-10-02 06:09:00,1.25225,1.25218,1.252175,1.252435
2017-10-02 06:10:00,1.25227,1.2522,1.252085,1.252345
2017-10-02 06:11:00,1.25225,1.252265,1.252215,1.25232
2017-10-02 06:12:00,1.25246,1.25226,1.252255,1.25246
2017-10-02 06:13:00,1.252205,1.252465,1.252185,1.25247
2017-10-02 06:14:00,1.252325,1.252155,1.252135,1.25233
2017-10-02 06:15:00,1.252025,1.2523,1.25202,1.2523
2017-10-02 06:16:00,1.25218,1.25202,1.251825,1.252195
2017-10-02 06:17:00,1.25209,1.252125,1.252015,1.252125
2017-10-02 06:18:00,1.252015,1.252115,1.252015,1.25216
2017-10-02 06:19:00,1.25193,1.251955,1.25185,1.251965
2017-10-02 06:20:00,1.25208,1.251905,1.251905,1.25208
2017-10-02 06:21:00,1.25183,1.25213,1.25183,1.25216
2017-10-02 06:22:00,1.25186,1.25183,1.251795,1.251905
2017-10-02 06:23:00,1.251855,1.251845,1.251815,1.2519
2017-10-02 06:24:00,1.2519,1.25186,1.25185,1.251975
2017-10-02 06:25:00,1.25177,1.251905,1.25176,1.251945
2017-10-02 06:26:00,1.251555,1.251775,1.251555,1.251775
2017-10-02 06:27:00,1.251745,1.251545,1.251545,1.25175
2017-10-02 06:28:00,1.251735,1.251705,1.25169,1.251735
2017-10-02 06:29:00,1.25155,1.251685,1.25151,1.251725
2017-10-02 06:30:00,1.25175,1.25159,1.25159,1.251755
2017-10-02 06:31:00,1.251765,1.251795,1.25169,1.251805
2017-10-02 06:32:00,1.25197,1.251785,1.251785,1.25197
2017-10-02 06:33:00,1.251905,1.25191,1.251875,1.25192
2017-10-02 06:34:00,1.251895,1.2519,1.25189,1.25198
2017-10-02 06:35:00,1.251915,1.2519,1.251895,1.251915
2017-10-02 06:36:00,1.251695,1.25186,1.25168,1.251865
2017-10-02 06:37:00,1.25171,1.25169,1.25168,1.25172
2017-10-02 06:38:00,1.25175,1.251705,1.25167,1.251775
2017-10-02 06:39:00,1.251735,1.251755,1.25169,1.251755
2017-10-02 06:40:00,1.251685,1.25176,1.25167,1.25176
2017-10-02 06:41:00,1.251525,1.251625,1.251465,1.251635
2017-10-02 06:42:00,1.25164,1.251575,1.251455,1.25164
2017-10-02 06:43:00,1.251445,1.25163,1.251445,1.25164
2017-10-02 06:44:00,1.251245,1.25145,1.251105,1.25145
2017-10-02 06:45:00,1.251255,1.251265,1.25077,1.25129
2017-10-02 06:46:00,1.25144,1.25125,1.25125,1.25157
2017-10-02 06:47:00,1.251555,1.25144,1.25141,1.2516
2017-10-02 06:48:00,1.251555,1.251515,1.25146,1.25157
2017-10-02 06:49:00,1.251545,1.25156,1.25151,1.25166
2017-10-02 06:50:00,1.25167,1.251555,1.25155,1.25167
2017-10-02 06:51:00,1.251685,1.251615,1.25161,1.25171
2017-10-02 06:52:00,1.25152,1.251685,1.25152,1.251685
2017-10-02 06:53:00,1.25157,1.251575,1.25156,1.251595
2017-10-02 06:54:00,1.25188,1.25158,1.251575,1.251885
2017-10-02 06:55:00,1.251705,1.251875,1.2517,1.251875
2017-10-02 06:56:00,1.251475,1.2517,1.251475,1.251705
2017-10-02 06:57:00,1.25161,1.251475,1.251475,1.25161
2017-10-02 06:58:00,1.251535,1.251615,1.25151,1.25162
2017-10-02 06:59:00,1.251505,1.251535,1.2515,1.25157
2017-10-02 07:00:00,1.251515,1.251555,1.251515,1.251565
2017-10-02 07:01:00,1.25158,1.251535,1.251515,1.25158
2017-10-02 07:02:00,1.25154,1.251575,1.25152,1.25175
2017-10-02 07:03:00,1.25137,1.25154,1.25133,1.251605
2017-10-02 07:04:00,1.251305,1.251365,1.25119,1.25137
2017-10-02 07:05:00,1.251255,1.2513,1.25114,1.2513
2017-10-02 07:06:00,1.2514,1.25128,1.25128,1.251445
2017-10-02 07:07:00,1.25152,1.25139,1.25139,1.25152
2017-10-02 07:08:00,1.25135,1.251575,1.25135,1.25159
2017-10-02 07:09:00,1.251305,1.25134,1.251295,1.25142
2017-10-02 07:10:00,1.251165,1.25125,1.25113,1.251255
2017-10-02 07:11:00,1.25154,1.25117,1.25117,1.25154
2017-10-02 07:12:00,1.25144,1.25149,1.251425,1.25149
2017-10-02 07:13:00,1.251385,1.25139,1.251385,1.251395
2017-10-02 07:14:00,1.251095,1.25138,1.251075,1.25145
2017-10-02 07:15:00,1.251085,1.25108,1.25104,1.25115
2017-10-02 07:16:00,1.251005,1.25108,1.250995,1.251105
2017-10-02 07:17:00,1.250945,1.25096,1.250885,1.25116
2017-10-02 07:18:00,1.250745,1.25099,1.25072,1.251145
2017-10-02 07:19:00,1.25076,1.25074,1.250605,1.250795
2017-10-02 07:20:00,1.25082,1.25076,1.250755,1.25092
2017-10-02 07:21:00,1.25085,1.250875,1.250795,1.250935
2017-10-02 07:22:00,1.25049,1.25084,1.250425,1.25085
2017-10-02 07:23:00,1.25053,1.25049,1.250475,1.25059
2017-10-02 07:24:00,1.250465,1.250545,1.250385,1.250545
2017-10-02 07:25:00,1.250445,1.250525,1.250435,1.25061
2017-10-02 07:26:00,1.25049,1.250445,1.250375,1.25054
2017-10-02 07:27:00,1.250545,1.25052,1.25042,1.25057
2017-10-02 07:28:00,1.250345,1.250545,1.250265,1.25055
2017-10-02 07:29:00,1.25074,1.250375,1.250335,1.250745
2017-10-02 07:30:00,1.25082,1.25079,1.25074,1.250955
2017-10-02 07:31:00,1.250765,1.250795,1.25073,1.2508
2017-10-02 07:32:00,1.25057,1.250765,1.25037,1.250765
2017-10-02 07:33:00,1.250555,1.250565,1.25048,1.25062
2017-10-02 07:34:00,1.25054,1.25056,1.25054,1.2507
2017-10-02 07:35:00,1.250525,1.250545,1.250455,1.250545
2017-10-02 07:36:00,1.25042,1.25051,1.25038,1.25051
2017-10-02 07:37:00,1.250675,1.250415,1.250415,1.250685
2017-10-02 07:38:00,1.25061,1.25067,1.250565,1.250675
2017-10-02 07:39:00,1.250825,1.25066,1.25066,1.25083
2017-10-02 07:40:00,1.25077,1.2508,1.250695,1.25094
2017-10-02 07:41:00,1.25078,1.250765,1.250655,1.25083
2017-10-02 07:42:00,1.250925,1.25084,1.25083,1.25093
2017-10-02 07:43:00,1.250875,1.25093,1.250845,1.25095
2017-10-02 07:44:00,1.250775,1.25087,1.25077,1.250875
2017-10-02 07:45:00,1.250675,1.25078,1.25064,1.25078
2017-10-02 07:46:00,1.250965,1.250675,1.250675,1.251045
2017-10-02 07:47:00,1.25074,1.25097,1.25074,1.25097
2017-10-02 07:48:00,1.25065,1.25073,1.25053,1.25075
2017-10-02 07:49:00,1.250755,1.250645,1.25064,1.250825
2017-10-02 07:50:00,1.25101,1.25075,1.25074,1.251105
2017-10-02 07:51:00,1.250535,1.25098,1.250535,1.25098
2017-10-02 07:52:00,1.25074,1.25053,1.250505,1.25076
2017-10-02 07:53:00,1.250545,1.250715,1.25053,1.250745
2017-10-02 07:54:00,1.2506,1.25055,1.25042,1.2506
2017-10-02 07:55:00,1.250705,1.250625,1.250625,1.25072
2017-10-02 07:56:00,1.250955,1.25076,1.25072,1.250955
2017-10-02 07:57:00,1.250665,1.25098,1.25064,1.251095
2017-10-02 07:58:00,1.25099,1.250675,1.25067,1.251135
2017-10-02 07:59:00,1.25119,1.25104,1.25104,1.25123
2017-10-02 08:00:00,1.251115,1.251215,1.25111,1.251405
2017-10-02 08:01:00,1.250575,1.251105,1.25044,1.25111
2017-10-02 08:02:00,1.25083,1.250595,1.250555,1.250875
2017-10-02 08:03:00,1.25082,1.250835,1.250665,1.250915
2017-10-02 08:04:00,1.25091,1.250815,1.25076,1.250915
2017-10-02 08:05:00,1.25071,1.250915,1.250625,1.250955
2017-10-02 08:06:00,1.250935,1.250715,1.25071,1.25094
2017-10-02 08:07:00,1.25093,1.25093,1.250845,1.251055
2017-10-02 08:08:00,1.25102,1.2509,1.250895,1.25121
2017-10-02 08:09:00,1.251155,1.251025,1.251025,1.25123
2017-10-02 08:10:00,1.25151,1.251095,1.251095,1.25152
2017-10-02 08:11:00,1.25118,1.251495,1.251175,1.251505
2017-10-02 08:12:00,1.250945,1.251185,1.250925,1.25124
2017-10-02 08:13:00,1.25088,1.25095,1.250875,1.25095
2017-10-02 08:14:00,1.250905,1.25083,1.250775,1.25106
2017-10-02 08:15:00,1.251025,1.2509,1.250725,1.251025
2017-10-02 08:16:00,1.25103,1.25098,1.250905,1.25103
2017-10-02 08:17:00,1.25125,1.251045,1.251035,1.251535
2017-10-02 08:18:00,1.25102,1.251255,1.250995,1.251305
2017-10-02 08:19:00,1.25136,1.25102,1.25102,1.25139
2017-10-02 08:20:00,1.25091,1.251335,1.250895,1.251335
2017-10-02 08:21:00,1.25076,1.250895,1.25072,1.250945
2017-10-02 08:22:00,1.25055,1.250765,1.250485,1.250885
2017-10-02 08:23:00,1.25041,1.25055,1.25018,1.250565
2017-10-02 08:24:00,1.25036,1.250465,1.250315,1.250465
2017-10-02 08:25:00,1.24977,1.250335,1.249765,1.250335
2017-10-02 08:26:00,1.25004,1.249825,1.249825,1.25017
2017-10-02 08:27:00,1.25008,1.25004,1.2499,1.25008
2017-10-02 08:28:00,1.250435,1.25004,1.250035,1.25058
2017-10-02 08:29:00,1.25024,1.250435,1.25024,1.2505
2017-10-02 08:30:00,1.250475,1.250235,1.250165,1.2505
2017-10-02 08:31:00,1.25053,1.250465,1.25038,1.25057
2017-10-02 08:32:00,1.250455,1.25057,1.25044,1.25058
2017-10-02 08:33:00,1.25034,1.250465,1.25028,1.25048
2017-10-02 08:34:00,1.250255,1.250335,1.25017,1.250395
2017-10-02 08:35:00,1.24989,1.250255,1.24989,1.250265
2017-10-02 08:36:00,1.25003,1.24991,1.24989,1.25006
2017-10-02 08:37:00,1.2502,1.24999,1.249725,1.250215
2017-10-02 08:38:00,1.250215,1.250195,1.250085,1.250215
2017-10-02 08:39:00,1.250235,1.25026,1.25023,1.25031
2017-10-02 08:40:00,1.250335,1.25023,1.25015,1.250335
2017-10-02 08:41:00,1.25041,1.25031,1.25021,1.250455
2017-10-02 08:42:00,1.250435,1.250405,1.25036,1.250525
2017-10-02 08:43:00,1.25026,1.250465,1.25006,1.250545
2017-10-02 08:44:00,1.250325,1.25028,1.25022,1.25036
2017-10-02 08:45:00,1.2506,1.25032,1.25032,1.25076
2017-10-02 08:46:00,1.25048,1.250605,1.25041,1.2507
2017-10-02 08:47:00,1.24979,1.25048,1.249785,1.250485
2017-10-02 08:48:00,1.249585,1.249785,1.249535,1.249875
2017-10-02 08:49:00,1.2496,1.24958,1.24938,1.249635
2017-10-02 08:50:00,1.24952,1.24961,1.249455,1.24981
2017-10-02 08:51:00,1.24948,1.249545,1.249395,1.249795
2017-10-02 08:52:00,1.249435,1.249485,1.249305,1.2496
2017-10-02 08:53:00,1.24924,1.249435,1.249195,1.249545
2017-10-02 08:54:00,1.248615,1.24921,1.24861,1.249275
2017-10-02 08:55:00,1.24858,1.24862,1.24856,1.24874
2017-10-02 08:56:00,1.248755,1.248585,1.24856,1.248795
2017-10-02 08:57:00,1.248525,1.24875,1.248505,1.24885
2017-10-02 08:58:00,1.248525,1.248475,1.248345,1.248575
2017-10-02 08:59:00,1.248785,1.248565,1.248535,1.248835
2017-10-02 09:00:00,1.24869,1.24884,1.248585,1.24884
2017-10-02 09:01:00,1.24916,1.24869,1.24869,1.24918
2017-10-02 09:02:00,1.24922,1.24916,1.24913,1.249265
2017-10-02 09:03:00,1.249045,1.24923,1.24902,1.249245
2017-10-02 09:04:00,1.249015,1.249065,1.24892,1.24925
2017-10-02 09:05:00,1.24885,1.24902,1.2487,1.24902
2017-10-02 09:06:00,1.24873,1.24887,1.248695,1.2489
2017-10-02 09:07:00,1.248845,1.248755,1.248755,1.248925
2017-10-02 09:08:00,1.24895,1.248855,1.24885,1.249065
2017-10-02 09:09:00,1.24887,1.24892,1.248795,1.24892
2017-10-02 09:10:00,1.24903,1.24885,1.248785,1.2491
2017-10-02 09:11:00,1.24924,1.24902,1.24902,1.249245
2017-10-02 09:12:00,1.24926,1.249185,1.24916,1.24927
2017-10-02 09:13:00,1.249335,1.24927,1.249195,1.24937
2017-10-02 09:14:00,1.249515,1.249335,1.249255,1.24961
2017-10-02 09:15:00,1.249215,1.24952,1.249215,1.24952
2017-10-02 09:16:00,1.249075,1.24917,1.248965,1.249285
2017-10-02 09:17:00,1.249265,1.24908,1.249075,1.249315
2017-10-02 09:18:00,1.24961,1.24931,1.24928,1.24964
2017-10-02 09:19:00,1.24989,1.24962,1.249555,1.24997
2017-10-02 09:20:00,1.25019,1.24991,1.249905,1.25027
2017-10-02 09:21:00,1.250305,1.25024,1.25014,1.25032
2017-10-02 09:22:00,1.250185,1.2503,1.25015,1.250325
2017-10-02 09:23:00,1.250285,1.250185,1.25018,1.25029
2017-10-02 09:24:00,1.25044,1.250285,1.250275,1.250515
2017-10-02 09:25:00,1.250515,1.25044,1.250395,1.250555
2017-10-02 09:26:00,1.250605,1.25052,1.25052,1.250705
2017-10-02 09:27:00,1.250535,1.25058,1.250405,1.25058
2017-10-02 09:28:00,1.25065,1.25053,1.25053,1.25065
2017-10-02 09:29:00,1.25065,1.250645,1.25061,1.25069
2017-10-02 09:30:00,1.250685,1.250625,1.25049,1.25076
2017-10-02 09:31:00,1.250285,1.25067,1.250205,1.25067
2017-10-02 09:32:00,1.250005,1.25029,1.24994,1.250375
2017-10-02 09:33:00,1.249795,1.25001,1.249795,1.25003
2017-10-02 09:34:00,1.249155,1.24981,1.24911,1.24981
2017-10-02 09:35:00,1.24955,1.24915,1.249085,1.24963
2017-10-02 09:36:00,1.24949,1.249575,1.24944,1.249685
2017-10-02 09:37:00,1.249305,1.249435,1.24926,1.249435
2017-10-02 09:38:00,1.249155,1.249315,1.24914,1.24932
2017-10-02 09:39:00,1.249185,1.24916,1.248915,1.24934
2017-10-02 09:40:00,1.24929,1.24924,1.24924,1.249375
2017-10-02 09:41:00,1.249295,1.24928,1.24915,1.249345
2017-10-02 09:42:00,1.249075,1.249295,1.249045,1.24944
2017-10-02 09:43:00,1.24935,1.249095,1.24893,1.24953
2017-10-02 09:44:00,1.249315,1.24941,1.249265,1.24963
2017-10-02 09:45:00,1.24926,1.24931,1.24913,1.249325
2017-10-02 09:46:00,1.24921,1.24929,1.248985,1.2493
2017-10-02 09:47:00,1.249555,1.249235,1.24914,1.24961
2017-10-02 09:48:00,1.24946,1.2495,1.249305,1.24967
2017-10-02 09:49:00,1.24968,1.249485,1.249475,1.249805
2017-10-02 09:50:00,1.24989,1.249735,1.249625,1.249935
2017-10-02 09:51:00,1.250025,1.249885,1.249885,1.25049
2017-10-02 09:52:00,1.25035,1.25003,1.25003,1.25035
2017-10-02 09:53:00,1.24993,1.25031,1.249925,1.25031
2017-10-02 09:54:00,1.250025,1.24995,1.249945,1.25015
2017-10-02 09:55:00,1.24986,1.249995,1.249835,1.25009
2017-10-02 09:56:00,1.25014,1.24988,1.24987,1.25021
2017-10-02 09:57:00,1.250105,1.250145,1.250025,1.250305
2017-10-02 09:58:00,1.250205,1.25012,1.250055,1.250325
2017-10-02 09:59:00,1.25058,1.25023,1.25023,1.250655
2017-10-02 10:00:00,1.25018,1.250575,1.249755,1.25062
2017-10-02 10:01:00,1.251375,1.25022,1.250195,1.252435
2017-10-02 10:02:00,1.251305,1.25135,1.25081,1.25152
2017-10-02 10:03:00,1.251295,1.251325,1.250795,1.25159
2017-10-02 10:04:00,1.25154,1.2513,1.251165,1.251665
2017-10-02 10:05:00,1.251515,1.251545,1.25125,1.251625
2017-10-02 10:06:00,1.2513,1.25149,1.251225,1.251835
2017-10-02 10:07:00,1.251075,1.251325,1.25093,1.251325
2017-10-02 10:08:00,1.25137,1.25105,1.25095,1.251435
2017-10-02 10:09:00,1.250875,1.251375,1.25084,1.251375
2017-10-02 10:10:00,1.249575,1.250845,1.2495,1.250845
2017-10-02 10:11:00,1.24961,1.24959,1.249525,1.249925
2017-10-02 10:12:00,1.250125,1.249605,1.249595,1.250155
2017-10-02 10:13:00,1.250055,1.25013,1.249705,1.250175
2017-10-02 10:14:00,1.25008,1.250005,1.249895,1.250205
2017-10-02 10:15:00,1.249735,1.250085,1.249675,1.25017
2017-10-02 10:16:00,1.24975,1.24972,1.249565,1.24996
2017-10-02 10:17:00,1.249465,1.24976,1.249465,1.2498
2017-10-02 10:18:00,1.24956,1.24946,1.24926,1.249665
2017-10-02 10:19:00,1.24937,1.24959,1.249265,1.24968
2017-10-02 10:20:00,1.24937,1.249385,1.24931,1.249485
2017-10-02 10:21:00,1.249425,1.24937,1.249005,1.24946
2017-10-02 10:22:00,1.24942,1.249425,1.24918,1.249685
2017-10-02 10:23:00,1.249595,1.24943,1.249125,1.249595
2017-10-02 10:24:00,1.24965,1.24955,1.24938,1.249705
2017-10-02 10:25:00,1.24977,1.249655,1.249365,1.249795
2017-10-02 10:26:00,1.24951,1.24975,1.24941,1.24976
2017-10-02 10:27:00,1.24989,1.24951,1.24939,1.24996
2017-10-02 10:28:00,1.249485,1.249885,1.24945,1.24989
2017-10-02 10:29:00,1.24955,1.249465,1.249195,1.24964
2017-10-02 10:30:00,1.24944,1.249535,1.24931,1.249555
2017-10-02 10:31:00,1.249475,1.24943,1.24942,1.249605
2017-10-02 10:32:00,1.249175,1.249415,1.249165,1.24943
2017-10-02 10:33:00,1.24911,1.2492,1.249095,1.249265
2017-10-02 10:34:00,1.248835,1.249105,1.248695,1.249135
2017-10-02 10:35:00,1.249005,1.24884,1.248745,1.249065
2017-10-02 10:36:00,1.24918,1.24905,1.24904,1.249245
2017-10-02 10:37:00,1.24902,1.24915,1.248875,1.249155
2017-10-02 10:38:00,1.249185,1.24897,1.248845,1.249195
2017-10-02 10:39:00,1.24919,1.249235,1.24919,1.249345
2017-10-02 10:40:00,1.2492,1.249185,1.249095,1.24934
2017-10-02 10:41:00,1.249405,1.249195,1.249095,1.24946
2017-10-02 10:42:00,1.249245,1.24936,1.24904,1.24945
2017-10-02 10:43:00,1.249125,1.249245,1.248995,1.249245
2017-10-02 10:44:00,1.249455,1.24912,1.249055,1.249455
2017-10-02 10:45:00,1.249145,1.24943,1.249145,1.24952
2017-10-02 10:46:00,1.24899,1.24915,1.248925,1.24934
2017-10-02 10:47:00,1.24879,1.24899,1.24863,1.24899
2017-10-02 10:48:00,1.2487,1.2488,1.24862,1.24884
2017-10-02 10:49:00,1.248695,1.248705,1.24866,1.248855
2017-10-02 10:50:00,1.248745,1.248675,1.248555,1.248865
2017-10-02 10:51:00,1.248775,1.24875,1.24852,1.248795
2017-10-02 10:52:00,1.248985,1.24877,1.248765,1.249155
2017-10-02 10:53:00,1.248985,1.249035,1.248985,1.24919
2017-10-02 10:54:00,1.24914,1.248975,1.248975,1.24919
2017-10-02 10:55:00,1.249395,1.249195,1.24915,1.249395
2017-10-02 10:56:00,1.249465,1.24939,1.24925,1.249565
2017-10-02 10:57:00,1.25018,1.24952,1.24952,1.250195
2017-10-02 10:58:00,1.250225,1.25022,1.25016,1.2508
2017-10-02 10:59:00,1.249845,1.250225,1.24971,1.25025
2017-10-02 11:00:00,1.249845,1.24984,1.24951,1.25004
2017-10-02 11:01:00,1.24988,1.24979,1.2496,1.24999
2017-10-02 11:02:00,1.24995,1.24988,1.24973,1.25017
2017-10-02 11:03:00,1.250075,1.24998,1.24989,1.250185
2017-10-02 11:04:00,1.250325,1.25007,1.25004,1.250325
2017-10-02 11:05:00,1.250195,1.250355,1.250085,1.250495
2017-10-02 11:06:00,1.250105,1.25017,1.250075,1.250265
2017-10-02 11:07:00,1.25022,1.25011,1.250095,1.25036
2017-10-02 11:08:00,1.250895,1.250215,1.250215,1.2509
2017-10-02 11:09:00,1.25086,1.25091,1.25073,1.25097
2017-10-02 11:10:00,1.250865,1.250805,1.250795,1.250985
2017-10-02 11:11:00,1.250785,1.25081,1.250725,1.25086
2017-10-02 11:12:00,1.2508,1.250815,1.25066,1.250865
2017-10-02 11:13:00,1.250675,1.250745,1.25062,1.250845
2017-10-02 11:14:00,1.250795,1.25067,1.250525,1.250845
2017-10-02 11:15:00,1.25075,1.25079,1.2507,1.250905
2017-10-02 11:16:00,1.25073,1.25077,1.25072,1.25087
2017-10-02 11:17:00,1.2509,1.250725,1.250725,1.250925
2017-10-02 11:18:00,1.25104,1.25091,1.25086,1.251065
2017-10-02 11:19:00,1.251,1.251045,1.250945,1.25105
2017-10-02 11:20:00,1.251075,1.250945,1.25094,1.2511
2017-10-02 11:21:00,1.25088,1.25108,1.25088,1.25112
2017-10-02 11:22:00,1.251075,1.250905,1.250905,1.251085
2017-10-02 11:23:00,1.25117,1.251095,1.25101,1.25119
2017-10-02 11:24:00,1.251355,1.251175,1.25114,1.251355
2017-10-02 11:25:00,1.251145,1.25141,1.25114,1.251445
2017-10-02 11:26:00,1.251275,1.25114,1.25114,1.25131
2017-10-02 11:27:00,1.25124,1.25125,1.25117,1.251295
2017-10-02 11:28:00,1.25133,1.251265,1.251225,1.25137
2017-10-02 11:29:00,1.25104,1.25128,1.25104,1.2513
2017-10-02 11:30:00,1.250865,1.251025,1.2508,1.25106
2017-10-02 11:31:00,1.250765,1.250815,1.250585,1.25094
2017-10-02 11:32:00,1.25129,1.250785,1.250775,1.251335
2017-10-02 11:33:00,1.251345,1.251285,1.25118,1.25137
2017-10-02 11:34:00,1.25132,1.25132,1.251265,1.251455
2017-10-02 11:35:00,1.25143,1.251325,1.251265,1.25144
2017-10-02 11:36:00,1.25127,1.251485,1.25124,1.251485
2017-10-02 11:37:00,1.251165,1.251275,1.25107,1.251275
2017-10-02 11:38:00,1.25114,1.25114,1.25105,1.25116
2017-10-02 11:39:00,1.25116,1.251145,1.25113,1.251205
2017-10-02 11:40:00,1.251015,1.25117,1.25096,1.251175
2017-10-02 11:41:00,1.251025,1.25102,1.25077,1.251025
2017-10-02 11:42:00,1.25094,1.251085,1.25094,1.25109
2017-10-02 11:43:00,1.25034,1.25089,1.250335,1.25089
2017-10-02 11:44:00,1.250335,1.250335,1.25015,1.250405
2017-10-02 11:45:00,1.250405,1.25034,1.25034,1.250525
2017-10-02 11:46:00,1.25049,1.250435,1.250425,1.25062
2017-10-02 11:47:00,1.25076,1.250495,1.250495,1.25076
2017-10-02 11:48:00,1.250655,1.25076,1.25065,1.250855
2017-10-02 11:49:00,1.25046,1.25066,1.250415,1.25066
2017-10-02 11:50:00,1.25068,1.25048,1.250465,1.25069
2017-10-02 11:51:00,1.2507,1.250705,1.25065,1.250715
2017-10-02 11:52:00,1.250535,1.2507,1.25051,1.250705
2017-10-02 11:53:00,1.25047,1.25051,1.250465,1.25059
2017-10-02 11:54:00,1.250485,1.250475,1.25043,1.250495
2017-10-02 11:55:00,1.250375,1.25046,1.250375,1.25046
2017-10-02 11:56:00,1.25039,1.25037,1.25037,1.250485
2017-10-02 11:57:00,1.250425,1.25039,1.250325,1.25055
2017-10-02 11:58:00,1.25058,1.250475,1.25043,1.25059
2017-10-02 11:59:00,1.25066,1.250635,1.250555,1.25074
2017-10-02 12:00:00,1.250815,1.2507,1.25054,1.250815
2017-10-02 12:01:00,1.2509,1.25081,1.250745,1.251
2017-10-02 12:02:00,1.250955,1.250905,1.25088,1.251015
2017-10-02 12:03:00,1.25093,1.2509,1.250835,1.25101
2017-10-02 12:04:00,1.25092,1.25097,1.250835,1.25104
2017-10-02 12:05:00,1.250875,1.250915,1.250865,1.251015
2017-10-02 12:06:00,1.2509,1.250875,1.25077,1.2509
2017-10-02 12:07:00,1.250705,1.250905,1.25058,1.25091
2017-10-02 12:08:00,1.25057,1.250725,1.250565,1.25082
2017-10-02 12:09:00,1.250545,1.25052,1.25039,1.250545
2017-10-02 12:10:00,1.250385,1.25052,1.250325,1.25052
2017-10-02 12:11:00,1.25044,1.25038,1.25037,1.2505
2017-10-02 12:12:00,1.250425,1.25043,1.250365,1.25045
2017-10-02 12:13:00,1.250325,1.2504,1.25027,1.25041
2017-10-02 12:14:00,1.25045,1.250385,1.250365,1.25051
2017-10-02 12:15:00,1.250405,1.25043,1.250365,1.250475
2017-10-02 12:16:00,1.250245,1.2504,1.25023,1.2504
2017-10-02 12:17:00,1.25031,1.250255,1.250245,1.25031
2017-10-02 12:18:00,1.250465,1.250305,1.250305,1.25047
2017-10-02 12:19:00,1.25048,1.25046,1.25046,1.250545
2017-10-02 12:20:00,1.25036,1.25047,1.25036,1.250475
2017-10-02 12:21:00,1.250195,1.25031,1.250195,1.25032
2017-10-02 12:22:00,1.25019,1.250165,1.250045,1.25021
2017-10-02 12:23:00,1.2501,1.25019,1.25009,1.2502
2017-10-02 12:24:00,1.250175,1.250095,1.25005,1.25021
2017-10-02 12:25:00,1.250275,1.2502,1.25003,1.25029
2017-10-02 12:26:00,1.25054,1.25029,1.25027,1.250615
2017-10-02 12:27:00,1.25038,1.25055,1.25035,1.25057
2017-10-02 12:28:00,1.250445,1.250375,1.25027,1.250505
2017-10-02 12:29:00,1.251,1.250445,1.25035,1.251035
2017-10-02 12:30:00,1.250745,1.250975,1.250575,1.25098
2017-10-02 12:31:00,1.25029,1.25069,1.25029,1.250695
2017-10-02 12:32:00,1.250185,1.250235,1.250165,1.250295
2017-10-02 12:33:00,1.25015,1.25018,1.250065,1.250185
2017-10-02 12:34:00,1.25019,1.250155,1.25004,1.250345
2017-10-02 12:35:00,1.25012,1.250165,1.250065,1.250165
2017-10-02 12:36:00,1.25013,1.250065,1.250005,1.25013
2017-10-02 12:37:00,1.25021,1.250125,1.25004,1.25021
2017-10-02 12:38:00,1.25002,1.250195,1.25002,1.250195
2017-10-02 12:39:00,1.25031,1.250015,1.250005,1.250365
2017-10-02 12:40:00,1.250325,1.250305,1.250295,1.250445
2017-10-02 12:41:00,1.250225,1.25027,1.25016,1.250275
2017-10-02 12:42:00,1.250125,1.25024,1.2501,1.250245
2017-10-02 12:43:00,1.250195,1.250135,1.25001,1.250195
2017-10-02 12:44:00,1.250195,1.25017,1.250145,1.2502
2017-10-02 12:45:00,1.250195,1.2502,1.25016,1.250275
2017-10-02 12:46:00,1.250065,1.250165,1.249995,1.250215
2017-10-02 12:47:00,1.250455,1.25002,1.250015,1.25065
2017-10-02 12:48:00,1.25047,1.250405,1.250375,1.250525
2017-10-02 12:49:00,1.250565,1.25049,1.25044,1.250665
2017-10-02 12:50:00,1.25053,1.25052,1.2505,1.25059
2017-10-02 12:51:00,1.25063,1.25052,1.25046,1.25063
2017-10-02 12:52:00,1.251075,1.250685,1.250665,1.251165
2017-10-02 12:53:00,1.2509,1.25108,1.250845,1.25111
2017-10-02 12:54:00,1.25097,1.2509,1.250835,1.251005
2017-10-02 12:55:00,1.25097,1.25094,1.25088,1.25098
2017-10-02 12:56:00,1.25094,1.250945,1.250855,1.25095
2017-10-02 12:57:00,1.250895,1.250935,1.25089,1.250965
2017-10-02 12:58:00,1.250815,1.25089,1.25074,1.250895
2017-10-02 12:59:00,1.251095,1.25082,1.25073,1.251135
2017-10-02 13:00:00,1.2512,1.251045,1.250855,1.25121
2017-10-02 13:01:00,1.25134,1.2512,1.25119,1.25141
2017-10-02 13:02:00,1.2513,1.25134,1.251225,1.25146
2017-10-02 13:03:00,1.25131,1.251295,1.25113,1.25132
2017-10-02 13:04:00,1.25146,1.25127,1.25126,1.251525
2017-10-02 13:05:00,1.25142,1.251485,1.251405,1.251655
2017-10-02 13:06:00,1.251665,1.251435,1.25143,1.25167
2017-10-02 13:07:00,1.251675,1.251665,1.251565,1.251675
2017-10-02 13:08:00,1.251555,1.25165,1.25155,1.25165
2017-10-02 13:09:00,1.25174,1.251565,1.251555,1.251815
2017-10-02 13:10:00,1.25173,1.25175,1.251725,1.251775
2017-10-02 13:11:00,1.25173,1.251675,1.25167,1.25175
2017-10-02 13:12:00,1.251655,1.25174,1.251655,1.251755
2017-10-02 13:13:00,1.251745,1.25166,1.251655,1.251745
2017-10-02 13:14:00,1.251625,1.251695,1.251595,1.251705
2017-10-02 13:15:00,1.251675,1.25162,1.251575,1.251675
2017-10-02 13:16:00,1.25149,1.25168,1.25146,1.25168
2017-10-02 13:17:00,1.251575,1.251485,1.25148,1.25163
2017-10-02 13:18:00,1.25162,1.2516,1.25158,1.251655
2017-10-02 13:19:00,1.2516,1.251625,1.2515,1.25164
2017-10-02 13:20:00,1.251615,1.251595,1.25157,1.251625
2017-10-02 13:21:00,1.251575,1.251605,1.251545,1.251615
2017-10-02 13:22:00,1.25156,1.251595,1.251545,1.251595
2017-10-02 13:23:00,1.25159,1.251555,1.251545,1.2516
2017-10-02 13:24:00,1.251555,1.251615,1.251545,1.251615
2017-10-02 13:25:00,1.25153,1.251555,1.251505,1.251565
2017-10-02 13:26:00,1.25156,1.251525,1.251525,1.25156
2017-10-02 13:27:00,1.25157,1.251585,1.25154,1.251605
2017-10-02 13:28:00,1.2517,1.25156,1.25156,1.25179
2017-10-02 13:29:00,1.251615,1.251745,1.25161,1.251805
2017-10-02 13:30:00,1.25154,1.25161,1.25153,1.25161
2017-10-02 13:31:00,1.25169,1.251545,1.251545,1.251755
2017-10-02 13:32:00,1.2518,1.251695,1.251665,1.2518
2017-10-02 13:33:00,1.251825,1.251855,1.251805,1.25186
2017-10-02 13:34:00,1.25193,1.25187,1.25183,1.25193
2017-10-02 13:35:00,1.25189,1.251905,1.251885,1.251935
2017-10-02 13:36:00,1.251935,1.25189,1.25172,1.25194
2017-10-02 13:37:00,1.251885,1.25193,1.251855,1.251935
2017-10-02 13:38:00,1.25193,1.251905,1.25189,1.251965
2017-10-02 13:39:00,1.251945,1.2519,1.251845,1.25202
2017-10-02 13:40:00,1.251925,1.25195,1.251925,1.25202
2017-10-02 13:41:00,1.25181,1.251895,1.25181,1.251895
2017-10-02 13:42:00,1.2517,1.25176,1.25167,1.25176
2017-10-02 13:43:00,1.251775,1.251695,1.25169,1.25182
2017-10-02 13:44:00,1.251645,1.251725,1.25159,1.25173
2017-10-02 13:45:00,1.25168,1.25159,1.251535,1.251685
2017-10-02 13:46:00,1.251525,1.25168,1.25152,1.2517
2017-10-02 13:47:00,1.251525,1.251515,1.251455,1.251535
2017-10-02 13:48:00,1.25152,1.251515,1.251465,1.25152
2017-10-02 13:49:00,1.25152,1.251515,1.251495,1.251535
2017-10-02 13:50:00,1.25152,1.251465,1.25139,1.25152
2017-10-02 13:51:00,1.25159,1.251545,1.25141,1.251595
2017-10-02 13:52:00,1.25161,1.251635,1.2516,1.25164
2017-10-02 13:53:00,1.251675,1.25165,1.251585,1.251675
2017-10-02 13:54:00,1.25169,1.25165,1.25155,1.251695
2017-10-02 13:55:00,1.251715,1.251695,1.25168,1.251735
2017-10-02 13:56:00,1.251645,1.251765,1.25159,1.251765
2017-10-02 13:57:00,1.25155,1.25159,1.251535,1.25164
2017-10-02 13:58:00,1.25145,1.251495,1.251325,1.251495
2017-10-02 13:59:00,1.251415,1.251455,1.251415,1.25148
2017-10-02 14:00:00,1.251205,1.25137,1.2512,1.25137
2017-10-02 14:01:00,1.251165,1.25115,1.25105,1.251255
2017-10-02 14:02:00,1.251165,1.25121,1.251125,1.251275
2017-10-02 14:03:00,1.251155,1.25116,1.25113,1.25117
2017-10-02 14:04:00,1.251085,1.251095,1.251055,1.251095
2017-10-02 14:05:00,1.251075,1.251085,1.250995,1.251105
2017-10-02 14:06:00,1.25107,1.25108,1.25107,1.25109
2017-10-02 14:07:00,1.25101,1.251065,1.25101,1.251065
2017-10-02 14:08:00,1.250955,1.251065,1.250905,1.251145
2017-10-02 14:09:00,1.25097,1.250965,1.250935,1.25102
2017-10-02 14:10:00,1.2508,1.250955,1.2508,1.25096
2017-10-02 14:11:00,1.251015,1.250785,1.250745,1.251075
2017-10-02 14:12:00,1.25113,1.25104,1.25104,1.251185
2017-10-02 14:13:00,1.25094,1.25116,1.25094,1.251205
2017-10-02 14:14:00,1.250825,1.25089,1.250765,1.250895
2017-10-02 14:15:00,1.25084,1.250815,1.25077,1.25084
2017-10-02 14:16:00,1.25079,1.250865,1.25079,1.250935
2017-10-02 14:17:00,1.25072,1.25081,1.250715,1.25083
2017-10-02 14:18:00,1.250815,1.250715,1.250715,1.25083
2017-10-02 14:19:00,1.250985,1.250845,1.250845,1.25099
2017-10-02 14:20:00,1.251055,1.25098,1.250955,1.25113
2017-10-02 14:21:00,1.251045,1.251045,1.25103,1.25115
2017-10-02 14:22:00,1.25097,1.25105,1.250965,1.25107
2017-10-02 14:23:00,1.250975,1.25098,1.250885,1.250985
2017-10-02 14:24:00,1.250955,1.250975,1.250955,1.250985
2017-10-02 14:25:00,1.251075,1.25095,1.250935,1.251125
2017-10-02 14:26:00,1.250915,1.25102,1.2509,1.25108
2017-10-02 14:27:00,1.251055,1.250905,1.25088,1.25114
2017-10-02 14:28:00,1.25097,1.251105,1.25093,1.25111
2017-10-02 14:29:00,1.250775,1.250965,1.250775,1.25097
2017-10-02 14:30:00,1.250785,1.25077,1.25076,1.25079
2017-10-02 14:31:00,1.250705,1.2508,1.250545,1.25092
2017-10-02 14:32:00,1.25111,1.250735,1.250735,1.25118
2017-10-02 14:33:00,1.25104,1.251115,1.251005,1.251115
2017-10-02 14:34:00,1.251215,1.2511,1.2511,1.251225
2017-10-02 14:35:00,1.25109,1.25123,1.25106,1.251285
2017-10-02 14:36:00,1.251165,1.25109,1.251075,1.25117
2017-10-02 14:37:00,1.25123,1.251165,1.25114,1.25123
2017-10-02 14:38:00,1.251155,1.25121,1.251145,1.25123
2017-10-02 14:39:00,1.25113,1.251155,1.25112,1.251205
2017-10-02 14:40:00,1.25105,1.251125,1.25105,1.25113
2017-10-02 14:41:00,1.250965,1.251045,1.250965,1.251055
2017-10-02 14:42:00,1.25092,1.250905,1.25086,1.250955
2017-10-02 14:43:00,1.25101,1.250895,1.250895,1.25104
2017-10-02 14:44:00,1.251015,1.25102,1.250965,1.251025
2017-10-02 14:45:00,1.25101,1.25101,1.25101,1.25101
2017-10-02 14:46:00,1.250955,1.251035,1.250955,1.251035
2017-10-02 14:47:00,1.250875,1.25093,1.25087,1.251045
2017-10-02 14:48:00,1.250705,1.25085,1.250705,1.25091
2017-10-02 14:49:00,1.25062,1.250645,1.25057,1.2507
2017-10-02 14:50:00,1.25064,1.250635,1.25063,1.250715
2017-10-02 14:51:00,1.25062,1.250585,1.25057,1.250625
2017-10-02 14:52:00,1.25064,1.250565,1.25045,1.25064
2017-10-02 14:53:00,1.25049,1.25059,1.250455,1.250625
2017-10-02 14:54:00,1.250495,1.250435,1.25041,1.250515
2017-10-02 14:55:00,1.250325,1.25047,1.2503,1.25047
2017-10-02 14:56:00,1.2504,1.250275,1.25027,1.25047
2017-10-02 14:57:00,1.250275,1.250405,1.250275,1.250405
2017-10-02 14:58:00,1.250205,1.25028,1.250095,1.25041
2017-10-02 14:59:00,1.250095,1.2502,1.25007,1.2502
2017-10-02 15:00:00,1.25029,1.2501,1.2501,1.250365
2017-10-02 15:01:00,1.25017,1.250315,1.25016,1.25053
2017-10-02 15:02:00,1.24996,1.250145,1.249865,1.25026
2017-10-02 15:03:00,1.250205,1.24996,1.24984,1.25038
2017-10-02 15:04:00,1.250415,1.25021,1.25021,1.250435
2017-10-02 15:05:00,1.25052,1.250445,1.250445,1.25057
2017-10-02 15:06:00,1.250625,1.250525,1.25048,1.25067
2017-10-02 15:07:00,1.25047,1.25057,1.25047,1.250605
2017-10-02 15:08:00,1.25038,1.25042,1.250355,1.250425
2017-10-02 15:09:00,1.25038,1.250375,1.25037,1.250385
2017-10-02 15:10:00,1.2505,1.25038,1.25038,1.2505
2017-10-02 15:11:00,1.25056,1.250475,1.250475,1.25056
2017-10-02 15:12:00,1.25039,1.250535,1.250375,1.250535
2017-10-02 15:13:00,1.25038,1.250395,1.250375,1.25045
2017-10-02 15:14:00,1.25041,1.25038,1.250375,1.25043
2017-10-02 15:15:00,1.25056,1.25039,1.25039,1.250595
2017-10-02 15:16:00,1.2504,1.250555,1.250385,1.25057
2017-10-02 15:17:00,1.25044,1.250385,1.25022,1.250515
2017-10-02 15:18:00,1.2504,1.250495,1.2504,1.2505
2017-10-02 15:19:00,1.250455,1.250425,1.25039,1.25047
2017-10-02 15:20:00,1.250545,1.25051,1.250465,1.25056
2017-10-02 15:21:00,1.250445,1.250595,1.2504,1.250665
2017-10-02 15:22:00,1.250535,1.25044,1.25044,1.25059
2017-10-02 15:23:00,1.25059,1.250535,1.250525,1.25059
2017-10-02 15:24:00,1.25064,1.250585,1.25058,1.25069
2017-10-02 15:25:00,1.25063,1.250625,1.250615,1.250655
2017-10-02 15:26:00,1.25072,1.250635,1.25063,1.250795
2017-10-02 15:27:00,1.25072,1.25072,1.250705,1.25073
2017-10-02 15:28:00,1.25072,1.25069,1.250685,1.25076
2017-10-02 15:29:00,1.250695,1.25066,1.250655,1.250695
2017-10-02 15:30:00,1.250865,1.250745,1.25074,1.250865
2017-10-02 15:31:00,1.25093,1.25092,1.25092,1.25094
2017-10-02 15:32:00,1.251125,1.250935,1.25084,1.25113
2017-10-02 15:33:00,1.251115,1.251135,1.25111,1.251135
2017-10-02 15:34:00,1.25102,1.25111,1.25094,1.25111
2017-10-02 15:35:00,1.251005,1.25103,1.251,1.251035
2017-10-02 15:36:00,1.251055,1.25101,1.250955,1.25106
2017-10-02 15:37:00,1.2512,1.25111,1.251105,1.251225
2017-10-02 15:38:00,1.25116,1.25121,1.25116,1.25121
2017-10-02 15:39:00,1.251085,1.25117,1.251065,1.251175
2017-10-02 15:40:00,1.25113,1.25113,1.25113,1.25113
2017-10-02 15:41:00,1.251175,1.251185,1.251155,1.251225
2017-10-02 15:42:00,1.25122,1.25118,1.251175,1.251225
2017-10-02 15:43:00,1.251285,1.251225,1.251225,1.25129
2017-10-02 15:44:00,1.251315,1.251345,1.251315,1.25136
2017-10-02 15:45:00,1.25122,1.251315,1.251215,1.251315
2017-10-02 15:46:00,1.25121,1.251225,1.25121,1.25123
2017-10-02 15:47:00,1.251395,1.251265,1.251235,1.251435
2017-10-02 15:48:00,1.251205,1.25139,1.251175,1.25139
2017-10-02 15:49:00,1.25125,1.2512,1.2512,1.25126
2017-10-02 15:50:00,1.251215,1.251195,1.25118,1.25128
2017-10-02 15:51:00,1.251,1.25117,1.25095,1.25117
2017-10-02 15:52:00,1.2511,1.251005,1.25098,1.2511
2017-10-02 15:53:00,1.25124,1.25112,1.25109,1.25127
2017-10-02 15:54:00,1.251315,1.25124,1.25124,1.251325
2017-10-02 15:55:00,1.251275,1.251295,1.251275,1.2513
2017-10-02 15:56:00,1.251225,1.25123,1.25111,1.25124
2017-10-02 15:57:00,1.251075,1.25122,1.251075,1.251225
2017-10-02 15:58:00,1.25129,1.25105,1.25105,1.251315
2017-10-02 15:59:00,1.251355,1.2513,1.25129,1.25137
2017-10-02 16:00:00,1.251375,1.25136,1.2513,1.25141
2017-10-02 16:01:00,1.25138,1.251365,1.251295,1.251415
2017-10-02 16:02:00,1.25138,1.25138,1.251355,1.25138
2017-10-02 16:03:00,1.251325,1.251325,1.251325,1.251325
2017-10-02 16:04:00,1.251325,1.25132,1.251225,1.25133
2017-10-02 16:05:00,1.251345,1.251305,1.251305,1.251355
2017-10-02 16:06:00,1.251325,1.25134,1.25132,1.251345
2017-10-02 16:07:00,1.25131,1.251325,1.25128,1.25133
2017-10-02 16:08:00,1.251315,1.25132,1.25131,1.25133
2017-10-02 16:09:00,1.2513,1.251315,1.251285,1.251335
2017-10-02 16:10:00,1.25124,1.2513,1.251235,1.25131
2017-10-02 16:11:00,1.25123,1.251225,1.251225,1.25123
2017-10-02 16:12:00,1.25125,1.251245,1.251235,1.25125
2017-10-02 16:13:00,1.25132,1.251255,1.251255,1.25132
2017-10-02 16:14:00,1.251345,1.251375,1.25128,1.25138
2017-10-02 16:15:00,1.25133,1.251365,1.25133,1.25137
2017-10-02 16:16:00,1.25135,1.251305,1.251305,1.251355
2017-10-02 16:17:00,1.251265,1.251345,1.251265,1.251345
2017-10-02 16:18:00,1.251275,1.25129,1.25125,1.25131
2017-10-02 16:19:00,1.251315,1.25127,1.25118,1.251315
2017-10-02 16:20:00,1.251315,1.251315,1.25131,1.25132
2017-10-02 16:21:00,1.25131,1.25131,1.25131,1.25131
2017-10-02 16:22:00,1.251275,1.251255,1.25125,1.25129
2017-10-02 16:23:00,1.251135,1.251275,1.25111,1.25128
2017-10-02 16:24:00,1.25117,1.25113,1.25111,1.25117
2017-10-02 16:25:00,1.25111,1.251115,1.251095,1.251145
2017-10-02 16:26:00,1.251155,1.251095,1.251095,1.251155
2017-10-02 16:27:00,1.251075,1.25113,1.251075,1.251185
2017-10-02 16:28:00,1.251075,1.25109,1.25107,1.25112
2017-10-02 16:29:00,1.251095,1.25109,1.251005,1.251255
2017-10-02 16:30:00,1.25101,1.251075,1.25099,1.251125
2017-10-02 16:31:00,1.25113,1.25106,1.251055,1.25117
2017-10-02 16:32:00,1.25118,1.25118,1.25114,1.251205
2017-10-02 16:33:00,1.2512,1.251165,1.251155,1.25122
2017-10-02 16:34:00,1.25117,1.2512,1.25117,1.251205
2017-10-02 16:35:00,1.251375,1.251195,1.25116,1.251455
2017-10-02 16:36:00,1.25152,1.25138,1.25138,1.251625
2017-10-02 16:37:00,1.2515,1.251515,1.251495,1.25152
2017-10-02 16:38:00,1.25137,1.251495,1.25137,1.25151
2017-10-02 16:39:00,1.251335,1.25136,1.25133,1.25137
2017-10-02 16:40:00,1.25132,1.251335,1.25132,1.25135
2017-10-02 16:41:00,1.251235,1.251265,1.251235,1.25129
2017-10-02 16:42:00,1.251235,1.25124,1.25123,1.251265
2017-10-02 16:43:00,1.251225,1.251235,1.251215,1.25124
2017-10-02 16:44:00,1.251225,1.251235,1.251215,1.25124
2017-10-02 16:45:00,1.251195,1.251205,1.251195,1.251215
2017-10-02 16:46:00,1.25118,1.2512,1.25118,1.251215
2017-10-02 16:47:00,1.251245,1.251205,1.251175,1.251245
2017-10-02 16:48:00,1.25131,1.251295,1.251295,1.251325
2017-10-02 16:49:00,1.251275,1.251305,1.251275,1.251305
2017-10-02 16:50:00,1.25122,1.251285,1.251205,1.251285
2017-10-02 16:51:00,1.251285,1.25123,1.251215,1.251285
2017-10-02 16:52:00,1.251215,1.25129,1.251215,1.251295
2017-10-02 16:53:00,1.25124,1.251235,1.25121,1.251315
2017-10-02 16:54:00,1.251225,1.251235,1.251185,1.251245
2017-10-02 16:55:00,1.251155,1.25122,1.25113,1.25124
2017-10-02 16:56:00,1.251025,1.25116,1.251025,1.251175
2017-10-02 16:57:00,1.251075,1.251035,1.251015,1.251095
2017-10-02 16:58:00,1.25098,1.25107,1.25098,1.251085
2017-10-02 17:04:00,1.251105,1.25109,1.25072,1.25132
2017-10-02 17:05:00,1.25097,1.25108,1.25059,1.25145
2017-10-02 17:06:00,1.250975,1.250955,1.250865,1.25102
2017-10-02 17:07:00,1.250875,1.250975,1.250855,1.250995
2017-10-02 17:08:00,1.250955,1.25084,1.25084,1.25097
2017-10-02 17:09:00,1.25094,1.25087,1.25086,1.251
2017-10-02 17:10:00,1.25086,1.250915,1.250845,1.25096
2017-10-02 17:11:00,1.250935,1.250835,1.250835,1.250995
2017-10-02 17:12:00,1.250775,1.25093,1.25076,1.25096
2017-10-02 17:13:00,1.250805,1.250805,1.250805,1.250805
2017-10-02 17:14:00,1.250785,1.250785,1.250785,1.250785
2017-10-02 17:15:00,1.250805,1.250885,1.250805,1.2509
2017-10-02 17:16:00,1.250865,1.25089,1.25085,1.25091
2017-10-02 17:17:00,1.250795,1.250795,1.250795,1.250795
2017-10-02 17:18:00,1.25109,1.25089,1.250885,1.251175
2017-10-02 17:19:00,1.251045,1.251095,1.25084,1.2511
2017-10-02 17:20:00,1.25105,1.25106,1.251035,1.251115
2017-10-02 17:21:00,1.251045,1.251045,1.250935,1.251065
2017-10-02 17:22:00,1.251035,1.25105,1.25102,1.251055
2017-10-02 17:23:00,1.25106,1.25105,1.25104,1.25106
2017-10-02 17:24:00,1.25104,1.251045,1.25103,1.251055
2017-10-02 17:25:00,1.251015,1.251045,1.251005,1.251055
2017-10-02 17:26:00,1.250875,1.250945,1.250865,1.25097
2017-10-02 17:27:00,1.250785,1.25087,1.250785,1.250875
2017-10-02 17:28:00,1.250785,1.250865,1.250725,1.25097
2017-10-02 17:29:00,1.2508,1.250805,1.25067,1.250895
2017-10-02 17:30:00,1.250825,1.25081,1.250785,1.25083
2017-10-02 17:31:00,1.25102,1.25084,1.25082,1.25102
2017-10-02 17:32:00,1.251045,1.251045,1.251045,1.251045
2017-10-02 17:33:00,1.25103,1.251085,1.25098,1.251145
2017-10-02 17:34:00,1.25118,1.25104,1.25103,1.251185
2017-10-02 17:35:00,1.251155,1.2512,1.251135,1.251235
2017-10-02 17:36:00,1.25117,1.25108,1.251055,1.25117
2017-10-02 17:37:00,1.25116,1.25117,1.25116,1.25117
2017-10-02 17:38:00,1.25114,1.251165,1.251135,1.25117
2017-10-02 17:39:00,1.25105,1.251135,1.25105,1.251145
2017-10-02 17:40:00,1.25106,1.25115,1.25106,1.251155
2017-10-02 17:41:00,1.251175,1.251155,1.251125,1.25123
2017-10-02 17:42:00,1.251145,1.25119,1.251145,1.251215
2017-10-02 17:43:00,1.25121,1.25121,1.2512,1.25122
2017-10-02 17:44:00,1.251225,1.251205,1.251175,1.251225
2017-10-02 17:45:00,1.25118,1.25121,1.25118,1.25123
2017-10-02 17:46:00,1.25118,1.251195,1.25111,1.251255
2017-10-02 17:47:00,1.251135,1.251175,1.251135,1.25121
2017-10-02 17:48:00,1.251065,1.251115,1.251035,1.25116
2017-10-02 17:49:00,1.25105,1.25107,1.251045,1.251085
2017-10-02 17:50:00,1.25111,1.25111,1.25111,1.25111
2017-10-02 17:51:00,1.251115,1.251035,1.251025,1.251175
2017-10-02 17:52:00,1.25109,1.251095,1.25107,1.25115
2017-10-02 17:53:00,1.2511,1.251175,1.251085,1.25121
2017-10-02 17:54:00,1.251125,1.25108,1.25108,1.251185
2017-10-02 17:55:00,1.251125,1.25108,1.25108,1.251185
2017-10-02 17:56:00,1.251135,1.251195,1.251135,1.251195
2017-10-02 17:57:00,1.251135,1.251195,1.251135,1.251195
2017-10-02 17:58:00,1.251245,1.251115,1.251045,1.25142
2017-10-02 17:59:00,1.251125,1.251215,1.251095,1.25125
2017-10-02 18:00:00,1.25112,1.251105,1.251105,1.25119
2017-10-02 18:01:00,1.251105,1.251195,1.25108,1.2512
2017-10-02 18:02:00,1.251255,1.25111,1.25111,1.251255
2017-10-02 18:03:00,1.25131,1.251235,1.251235,1.25132
2017-10-02 18:04:00,1.251325,1.25131,1.251305,1.25133
2017-10-02 18:05:00,1.25131,1.25132,1.251305,1.251325
2017-10-02 18:06:00,1.25131,1.251315,1.2513,1.25133
2017-10-02 18:07:00,1.251335,1.251315,1.25131,1.251335
2017-10-02 18:08:00,1.251315,1.251325,1.25121,1.251335
2017-10-02 18:09:00,1.25121,1.25132,1.251205,1.25132
2017-10-02 18:10:00,1.25124,1.25123,1.251205,1.251255
2017-10-02 18:11:00,1.251225,1.251245,1.25121,1.25126
2017-10-02 18:12:00,1.25127,1.251225,1.251215,1.25127
2017-10-02 18:13:00,1.25127,1.251225,1.251215,1.25127
2017-10-02 18:14:00,1.25127,1.251225,1.251215,1.25127
2017-10-02 18:15:00,1.25127,1.251225,1.251215,1.25127
2017-10-02 18:16:00,1.25128,1.25134,1.25128,1.25134
2017-10-02 18:17:00,1.251225,1.25123,1.25122,1.25124
2017-10-02 18:18:00,1.251225,1.25122,1.251205,1.251245
2017-10-02 18:19:00,1.25127,1.251225,1.25121,1.25127
2017-10-02 18:20:00,1.25127,1.251225,1.25121,1.25127
2017-10-02 18:21:00,1.25122,1.251245,1.25122,1.251245
2017-10-02 18:22:00,1.25122,1.251245,1.25122,1.251245
2017-10-02 18:23:00,1.25122,1.251245,1.25122,1.251245
2017-10-02 18:24:00,1.25147,1.25128,1.25128,1.251475
2017-10-02 18:25:00,1.251555,1.25146,1.25145,1.25163
2017-10-02 18:26:00,1.251555,1.25146,1.25145,1.25163
2017-10-02 18:27:00,1.251485,1.25153,1.251485,1.25153
2017-10-02 18:28:00,1.25146,1.25146,1.25146,1.25146
2017-10-02 18:29:00,1.25146,1.25146,1.25146,1.25146
2017-10-02 18:30:00,1.251485,1.25143,1.251395,1.251505
2017-10-02 18:31:00,1.251515,1.25149,1.25149,1.251535
2017-10-02 18:32:00,1.25151,1.25152,1.251505,1.25153
2017-10-02 18:33:00,1.25156,1.25151,1.25151,1.251565
2017-10-02 18:34:00,1.251555,1.251555,1.251555,1.251555
2017-10-02 18:35:00,1.25155,1.25156,1.251535,1.25156
2017-10-02 18:36:00,1.25153,1.251555,1.25153,1.251555
2017-10-02 18:37:00,1.251475,1.251475,1.25147,1.25148
2017-10-02 18:38:00,1.25151,1.25148,1.251475,1.25151
2017-10-02 18:39:00,1.25154,1.25154,1.25154,1.25154
2017-10-02 18:40:00,1.25154,1.25154,1.25154,1.25154
2017-10-02 18:41:00,1.251565,1.251515,1.251515,1.25157
2017-10-02 18:42:00,1.25156,1.25155,1.251545,1.25156
2017-10-02 18:43:00,1.25156,1.251555,1.25155,1.251565
2017-10-02 18:44:00,1.25153,1.25153,1.25153,1.25153
2017-10-02 18:45:00,1.25135,1.25146,1.251335,1.25146
2017-10-02 18:46:00,1.251255,1.251365,1.251245,1.251385
2017-10-02 18:47:00,1.25124,1.251255,1.25124,1.251265
2017-10-02 18:48:00,1.25135,1.251245,1.25123,1.25135
2017-10-02 18:49:00,1.2514,1.25141,1.2514,1.25141
2017-10-02 18:50:00,1.251405,1.251395,1.25139,1.25141
2017-10-02 18:51:00,1.251385,1.251415,1.25138,1.251415
2017-10-02 18:52:00,1.251405,1.25139,1.25134,1.251415
2017-10-02 18:53:00,1.2514,1.2514,1.25139,1.251405
2017-10-02 18:54:00,1.25139,1.251395,1.251385,1.2514
2017-10-02 18:55:00,1.251405,1.2514,1.25139,1.25141
2017-10-02 18:56:00,1.2514,1.2514,1.2514,1.2514
2017-10-02 18:57:00,1.251405,1.251405,1.251405,1.251405
2017-10-02 18:58:00,1.25147,1.251415,1.251405,1.25147
2017-10-02 18:59:00,1.251445,1.251465,1.251435,1.251465
2017-10-02 19:00:00,1.25146,1.251445,1.25143,1.25147
2017-10-02 19:01:00,1.251465,1.251465,1.25141,1.251485
2017-10-02 19:02:00,1.251485,1.251475,1.251465,1.251495
2017-10-02 19:03:00,1.25148,1.25149,1.25147,1.25155
2017-10-02 19:04:00,1.25154,1.251485,1.25147,1.25154
2017-10-02 19:05:00,1.251475,1.25153,1.251465,1.25154
2017-10-02 19:06:00,1.251485,1.251465,1.251465,1.251495
2017-10-02 19:07:00,1.25149,1.251475,1.251475,1.251495
2017-10-02 19:08:00,1.251495,1.25149,1.251485,1.251495
2017-10-02 19:09:00,1.251505,1.251495,1.251485,1.251505
2017-10-02 19:10:00,1.25153,1.25149,1.25147,1.251545
2017-10-02 19:11:00,1.2515,1.25153,1.25147,1.25153
2017-10-02 19:12:00,1.2515,1.2515,1.25146,1.251505
2017-10-02 19:13:00,1.25147,1.251495,1.251465,1.2515
2017-10-02 19:14:00,1.251485,1.25147,1.251465,1.25149
2017-10-02 19:15:00,1.25148,1.25148,1.25147,1.251485
2017-10-02 19:16:00,1.25154,1.25148,1.25146,1.251545
2017-10-02 19:17:00,1.25154,1.25154,1.251525,1.25155
2017-10-02 19:18:00,1.251555,1.251535,1.25153,1.251555
2017-10-02 19:19:00,1.25161,1.25154,1.251535,1.25161
2017-10-02 19:20:00,1.25159,1.251595,1.25159,1.251605
2017-10-02 19:21:00,1.25155,1.251605,1.251545,1.251605
2017-10-02 19:22:00,1.251545,1.251545,1.25154,1.25155
2017-10-02 19:23:00,1.251565,1.25155,1.251545,1.251565
2017-10-02 19:24:00,1.251605,1.25158,1.25158,1.251615
2017-10-02 19:25:00,1.2516,1.251575,1.251575,1.2516
2017-10-02 19:26:00,1.2516,1.251575,1.251575,1.2516
2017-10-02 19:27:00,1.251565,1.251625,1.25156,1.251625
2017-10-02 19:28:00,1.251565,1.251625,1.25156,1.251625
2017-10-02 19:29:00,1.251565,1.251625,1.25156,1.251625
2017-10-02 19:30:00,1.251565,1.251625,1.25156,1.251625
2017-10-02 19:31:00,1.25143,1.251505,1.25143,1.251505
2017-10-02 19:32:00,1.251505,1.25144,1.251375,1.251585
2017-10-02 19:33:00,1.25155,1.251525,1.251525,1.25159
2017-10-02 19:34:00,1.25154,1.251555,1.251525,1.25158
2017-10-02 19:35:00,1.251665,1.25157,1.25157,1.251675
2017-10-02 19:36:00,1.25164,1.25167,1.25164,1.251675
2017-10-02 19:37:00,1.251625,1.251615,1.251525,1.251655
2017-10-02 19:38:00,1.251625,1.251615,1.251525,1.251655
2017-10-02 19:39:00,1.251675,1.25163,1.25163,1.25169
2017-10-02 19:40:00,1.251715,1.251715,1.251715,1.251715
2017-10-02 19:41:00,1.25182,1.25178,1.25177,1.251825
2017-10-02 19:42:00,1.25182,1.25182,1.25181,1.25184
2017-10-02 19:43:00,1.25165,1.2518,1.2516,1.2518
2017-10-02 19:44:00,1.2514,1.25167,1.25132,1.251685
2017-10-02 19:45:00,1.251415,1.251395,1.25137,1.251415
2017-10-02 19:46:00,1.25151,1.251435,1.251425,1.25151
2017-10-02 19:47:00,1.251615,1.251575,1.251575,1.251615
2017-10-02 19:48:00,1.251615,1.251575,1.251575,1.251615
2017-10-02 19:49:00,1.251735,1.251675,1.251675,1.25174
2017-10-02 19:50:00,1.25171,1.25172,1.2517,1.251735
2017-10-02 19:51:00,1.25165,1.25168,1.25162,1.25168
2017-10-02 19:52:00,1.25169,1.25168,1.25167,1.25177
2017-10-02 19:53:00,1.251775,1.251685,1.251685,1.251785
2017-10-02 19:54:00,1.25183,1.25178,1.251765,1.25188
2017-10-02 19:55:00,1.251815,1.251825,1.25181,1.251825
2017-10-02 19:56:00,1.251795,1.251815,1.25176,1.25183
2017-10-02 19:57:00,1.251725,1.25181,1.251715,1.25183
2017-10-02 19:58:00,1.251805,1.251725,1.251715,1.25182
2017-10-02 19:59:00,1.25179,1.25181,1.251765,1.25183
2017-10-02 20:00:00,1.251775,1.251725,1.251725,1.251775
2017-10-02 20:01:00,1.25172,1.251765,1.25169,1.251775
2017-10-02 20:02:00,1.25172,1.25171,1.251625,1.251795
2017-10-02 20:03:00,1.251855,1.251715,1.251705,1.25187
2017-10-02 20:04:00,1.251835,1.25186,1.251835,1.25189
2017-10-02 20:05:00,1.251835,1.25186,1.251835,1.25189
2017-10-02 20:06:00,1.251775,1.251775,1.251775,1.251775
2017-10-02 20:07:00,1.25176,1.25177,1.251745,1.25178
2017-10-02 20:08:00,1.25177,1.251735,1.25171,1.251825
2017-10-02 20:09:00,1.251775,1.251765,1.25176,1.251855
2017-10-02 20:10:00,1.251815,1.25183,1.25174,1.25185
2017-10-02 20:11:00,1.251815,1.25182,1.251795,1.251855
2017-10-02 20:12:00,1.25182,1.25182,1.251795,1.251825
2017-10-02 20:13:00,1.25185,1.25184,1.25179,1.25187
2017-10-02 20:14:00,1.251795,1.251835,1.251735,1.251835
2017-10-02 20:15:00,1.25185,1.251805,1.25179,1.25185
2017-10-02 20:16:00,1.25186,1.251845,1.2518,1.25187
2017-10-02 20:17:00,1.25187,1.251855,1.251835,1.25187
2017-10-02 20:18:00,1.25185,1.251815,1.25181,1.25185
2017-10-02 20:19:00,1.25176,1.251835,1.25172,1.251835
2017-10-02 20:20:00,1.251715,1.251755,1.251705,1.25177
2017-10-02 20:21:00,1.2518,1.25172,1.25172,1.251815
2017-10-02 20:22:00,1.251785,1.251785,1.251785,1.251785
2017-10-02 20:23:00,1.25185,1.25178,1.25177,1.251865
2017-10-02 20:24:00,1.251825,1.251855,1.251815,1.251865
2017-10-02 20:25:00,1.25181,1.25183,1.251785,1.25184
2017-10-02 20:26:00,1.25179,1.2518,1.251785,1.25184
2017-10-02 20:27:00,1.251785,1.25179,1.25177,1.25179
2017-10-02 20:28:00,1.2517,1.25178,1.25167,1.25178
2017-10-02 20:29:00,1.25164,1.25164,1.25162,1.251665
2017-10-02 20:30:00,1.251665,1.251695,1.251545,1.25176
2017-10-02 20:31:00,1.251475,1.25168,1.25147,1.251705
2017-10-02 20:32:00,1.251475,1.251495,1.251445,1.251525
2017-10-02 20:33:00,1.25146,1.25148,1.25146,1.25148
2017-10-02 20:34:00,1.25158,1.25146,1.251445,1.25158
2017-10-02 20:35:00,1.251525,1.25156,1.251505,1.251635
2017-10-02 20:36:00,1.25142,1.25151,1.2514,1.251525
2017-10-02 20:37:00,1.25157,1.251455,1.251455,1.25164
2017-10-02 20:38:00,1.2518,1.251575,1.251565,1.25183
2017-10-02 20:39:00,1.251755,1.25181,1.251755,1.25181
2017-10-02 20:40:00,1.25177,1.25171,1.251675,1.251775
2017-10-02 20:41:00,1.251755,1.251765,1.25174,1.25178
2017-10-02 20:42:00,1.251735,1.25177,1.251725,1.251785
2017-10-02 20:43:00,1.251785,1.25176,1.25174,1.251805
2017-10-02 20:44:00,1.251845,1.25176,1.25176,1.2519
2017-10-02 20:45:00,1.251745,1.251835,1.251725,1.25187
2017-10-02 20:46:00,1.251775,1.25174,1.251705,1.251775
2017-10-02 20:47:00,1.25171,1.25175,1.25168,1.25175
2017-10-02 20:48:00,1.251705,1.25171,1.251635,1.251725
2017-10-02 20:49:00,1.251795,1.251715,1.2517,1.2518
2017-10-02 20:50:00,1.251795,1.251815,1.25175,1.251815
2017-10-02 20:51:00,1.25185,1.251745,1.25174,1.251855
2017-10-02 20:52:00,1.25188,1.251885,1.25187,1.251985
2017-10-02 20:53:00,1.25195,1.251875,1.251875,1.25195
2017-10-02 20:54:00,1.252155,1.251945,1.25192,1.252155
2017-10-02 20:55:00,1.25237,1.25218,1.25213,1.252405
2017-10-02 20:56:00,1.25267,1.252365,1.25233,1.25272
2017-10-02 20:57:00,1.252865,1.25265,1.25265,1.25287
2017-10-02 20:58:00,1.25279,1.25286,1.252725,1.25286
2017-10-02 20:59:00,1.25285,1.252845,1.25281,1.252865
2017-10-02 21:00:00,1.252815,1.25286,1.252745,1.25288
2017-10-02 21:01:00,1.25349,1.25281,1.252775,1.25359
2017-10-02 21:02:00,1.25345,1.2535,1.25337,1.25355
2017-10-02 21:03:00,1.253435,1.253455,1.25333,1.253545
2017-10-02 21:04:00,1.253205,1.253455,1.253155,1.253455
2017-10-02 21:05:00,1.25325,1.253215,1.2531,1.253255
2017-10-02 21:06:00,1.253475,1.253245,1.253225,1.253525
2017-10-02 21:07:00,1.25326,1.25348,1.25321,1.253505
2017-10-02 21:08:00,1.253315,1.25328,1.25328,1.25335
2017-10-02 21:09:00,1.25329,1.25334,1.25322,1.253365
2017-10-02 21:10:00,1.253215,1.253315,1.253215,1.25339
2017-10-02 21:11:00,1.25321,1.253195,1.253115,1.25324
2017-10-02 21:12:00,1.253215,1.25322,1.253145,1.25322
2017-10-02 21:13:00,1.2533,1.25322,1.2532,1.25331
2017-10-02 21:14:00,1.253335,1.25324,1.253225,1.25334
2017-10-02 21:15:00,1.253255,1.25332,1.253235,1.253345
2017-10-02 21:16:00,1.253265,1.253245,1.25318,1.253265
2017-10-02 21:17:00,1.25342,1.253315,1.253315,1.253425
2017-10-02 21:18:00,1.25336,1.253435,1.253355,1.253435
2017-10-02 21:19:00,1.25326,1.25336,1.25326,1.253375
2017-10-02 21:20:00,1.25341,1.253255,1.253245,1.25341
2017-10-02 21:21:00,1.253495,1.25347,1.25346,1.25357
2017-10-02 21:22:00,1.253505,1.253515,1.253465,1.25354
2017-10-02 21:23:00,1.25349,1.253485,1.253465,1.25353
2017-10-02 21:24:00,1.25369,1.25349,1.253485,1.253715
2017-10-02 21:25:00,1.253695,1.253715,1.253665,1.253715
2017-10-02 21:26:00,1.253705,1.253745,1.25369,1.253745
2017-10-02 21:27:00,1.25358,1.25371,1.253575,1.253725
2017-10-02 21:28:00,1.25346,1.253585,1.25341,1.25359
2017-10-02 21:29:00,1.253505,1.25346,1.25343,1.25352
2017-10-02 21:30:00,1.253615,1.253515,1.25351,1.253645
2017-10-02 21:31:00,1.25366,1.25362,1.25358,1.2537
2017-10-02 21:32:00,1.253375,1.25364,1.253375,1.25364
2017-10-02 21:33:00,1.253185,1.253405,1.253115,1.253405
2017-10-02 21:34:00,1.253255,1.25319,1.253145,1.253305
2017-10-02 21:35:00,1.25319,1.253255,1.25309,1.25326
2017-10-02 21:36:00,1.2531,1.25321,1.25308,1.25326
2017-10-02 21:37:00,1.25317,1.253105,1.253015,1.2532
2017-10-02 21:38:00,1.253065,1.25311,1.253065,1.253135
2017-10-02 21:39:00,1.253135,1.253115,1.253105,1.253235
2017-10-02 21:40:00,1.253105,1.25312,1.253105,1.253155
2017-10-02 21:41:00,1.253195,1.253115,1.25311,1.25323
2017-10-02 21:42:00,1.25322,1.2532,1.25317,1.253245
2017-10-02 21:43:00,1.25325,1.253225,1.253215,1.253255
2017-10-02 21:44:00,1.25325,1.253245,1.253245,1.253275
2017-10-02 21:45:00,1.253185,1.25327,1.25317,1.25327
2017-10-02 21:46:00,1.253145,1.253185,1.2531,1.2532
2017-10-02 21:47:00,1.253265,1.25315,1.253115,1.253275
2017-10-02 21:48:00,1.253325,1.25327,1.25324,1.25348
2017-10-02 21:49:00,1.25348,1.25333,1.25333,1.25349
2017-10-02 21:50:00,1.253465,1.253495,1.253455,1.253505
2017-10-02 21:51:00,1.253445,1.253475,1.25341,1.25348
2017-10-02 21:52:00,1.253345,1.25345,1.25332,1.25345
2017-10-02 21:53:00,1.25329,1.253345,1.25326,1.25338
2017-10-02 21:54:00,1.25327,1.253285,1.25325,1.253325
2017-10-02 21:55:00,1.253145,1.253255,1.253125,1.253295
2017-10-02 21:56:00,1.253295,1.253135,1.25313,1.25331
2017-10-02 21:57:00,1.253385,1.2533,1.25329,1.253385
2017-10-02 21:58:00,1.253065,1.253365,1.253065,1.25337
2017-10-02 21:59:00,1.25292,1.253005,1.252865,1.25302
2017-10-02 22:00:00,1.253045,1.2529,1.2529,1.25305
2017-10-02 22:01:00,1.25275,1.253025,1.252715,1.25305
2017-10-02 22:02:00,1.2528,1.25278,1.252685,1.252825
2017-10-02 22:03:00,1.2528,1.25281,1.25276,1.252815
2017-10-02 22:04:00,1.2527,1.252825,1.2527,1.252865
2017-10-02 22:05:00,1.253045,1.252755,1.252715,1.253045
2017-10-02 22:06:00,1.25302,1.25303,1.253,1.25303
2017-10-02 22:07:00,1.25308,1.25302,1.25299,1.253115
2017-10-02 22:08:00,1.25304,1.253075,1.25298,1.253085
2017-10-02 22:09:00,1.253085,1.252985,1.25297,1.25312
2017-10-02 22:10:00,1.25312,1.253105,1.25304,1.253125
2017-10-02 22:11:00,1.253255,1.253165,1.25311,1.253265
2017-10-02 22:12:00,1.253335,1.25326,1.253255,1.253435
2017-10-02 22:13:00,1.253185,1.25339,1.25318,1.25342
2017-10-02 22:14:00,1.25316,1.2532,1.253145,1.2532
2017-10-02 22:15:00,1.252945,1.253165,1.2529,1.253195
2017-10-02 22:16:00,1.253025,1.252955,1.25294,1.25307
2017-10-02 22:17:00,1.25302,1.25301,1.252855,1.25306
2017-10-02 22:18:00,1.25297,1.252995,1.25294,1.25304
2017-10-02 22:19:00,1.253,1.252965,1.252945,1.253005
2017-10-02 22:20:00,1.25304,1.253055,1.252995,1.253065
2017-10-02 22:21:00,1.253065,1.25309,1.253065,1.253105
2017-10-02 22:22:00,1.25307,1.25307,1.253065,1.253095
2017-10-02 22:23:00,1.25318,1.253125,1.25309,1.2532
2017-10-02 22:24:00,1.253145,1.253185,1.25313,1.253225
2017-10-02 22:25:00,1.25307,1.253165,1.25307,1.253175
2017-10-02 22:26:00,1.253235,1.2531,1.2531,1.2533
2017-10-02 22:27:00,1.253305,1.25324,1.253205,1.253305
2017-10-02 22:28:00,1.253295,1.25328,1.253255,1.253325
2017-10-02 22:29:00,1.253305,1.25334,1.253255,1.253345
2017-10-02 22:30:00,1.2533,1.25336,1.253285,1.253425
2017-10-02 22:31:00,1.25334,1.253275,1.253155,1.25338
2017-10-02 22:32:00,1.253345,1.253355,1.25334,1.25336
2017-10-02 22:33:00,1.25333,1.253345,1.25333,1.25335
2017-10-02 22:34:00,1.25311,1.2533,1.25305,1.253325
2017-10-02 22:35:00,1.25296,1.253115,1.252945,1.253115
2017-10-02 22:36:00,1.25292,1.252905,1.25288,1.252935
2017-10-02 22:37:00,1.25288,1.25288,1.25287,1.252885
2017-10-02 22:38:00,1.25291,1.252875,1.25287,1.25291
2017-10-02 22:39:00,1.25296,1.252935,1.252935,1.25296
2017-10-02 22:40:00,1.25275,1.2529,1.25273,1.2529
2017-10-02 22:41:00,1.25283,1.25275,1.25275,1.25287
2017-10-02 22:42:00,1.252835,1.252825,1.252745,1.25284
2017-10-02 22:43:00,1.25279,1.252815,1.25279,1.252815
2017-10-02 22:44:00,1.252865,1.25285,1.25285,1.25287
2017-10-02 22:45:00,1.25284,1.25284,1.25284,1.25284
2017-10-02 22:46:00,1.25279,1.25286,1.25279,1.25286
2017-10-02 22:47:00,1.252705,1.25274,1.252705,1.252745
2017-10-02 22:48:00,1.252585,1.25265,1.25257,1.25265
2017-10-02 22:49:00,1.25249,1.252525,1.25246,1.25256
2017-10-02 22:50:00,1.252455,1.25254,1.252395,1.25259
2017-10-02 22:51:00,1.252685,1.25245,1.2524,1.252685
2017-10-02 22:52:00,1.25266,1.252695,1.252645,1.25277
2017-10-02 22:53:00,1.25258,1.25267,1.252575,1.25269
2017-10-02 22:54:00,1.252515,1.25257,1.25251,1.25258
2017-10-02 22:55:00,1.252605,1.252575,1.252575,1.252665
2017-10-02 22:56:00,1.252575,1.2526,1.25255,1.25261
2017-10-02 22:57:00,1.25271,1.252575,1.25257,1.252715
2017-10-02 22:58:00,1.252815,1.252765,1.25276,1.25282
2017-10-02 22:59:00,1.25283,1.25286,1.25283,1.25292
2017-10-02 23:00:00,1.25285,1.252825,1.25282,1.25285
2017-10-02 23:01:00,1.252855,1.252855,1.252855,1.252855
2017-10-02 23:02:00,1.2529,1.252855,1.25285,1.2529
2017-10-02 23:03:00,1.25287,1.25287,1.25287,1.25287
2017-10-02 23:04:00,1.25287,1.25287,1.25287,1.25287
2017-10-02 23:05:00,1.252755,1.252845,1.25275,1.252845
2017-10-02 23:06:00,1.252785,1.252765,1.252765,1.252785
2017-10-02 23:07:00,1.25273,1.25276,1.25273,1.25276
2017-10-02 23:08:00,1.252685,1.252785,1.25268,1.25279
2017-10-02 23:09:00,1.25268,1.25268,1.25263,1.25272
2017-10-02 23:10:00,1.252715,1.252685,1.25268,1.252715
2017-10-02 23:11:00,1.252745,1.25269,1.25269,1.25275
2017-10-02 23:12:00,1.252675,1.25273,1.252675,1.25278
2017-10-02 23:13:00,1.25267,1.25268,1.252665,1.25268
2017-10-02 23:14:00,1.252645,1.252625,1.25262,1.252655
2017-10-02 23:15:00,1.25268,1.25264,1.25263,1.25274
2017-10-02 23:16:00,1.25264,1.252625,1.25261,1.25265
2017-10-02 23:17:00,1.25265,1.25266,1.25259,1.25274
2017-10-02 23:18:00,1.252635,1.252645,1.25263,1.252645
2017-10-02 23:19:00,1.252655,1.252635,1.25263,1.252655
2017-10-02 23:20:00,1.25261,1.2526,1.25258,1.252745
2017-10-02 23:21:00,1.252635,1.25261,1.25259,1.25273
2017-10-02 23:22:00,1.252635,1.25261,1.25259,1.25273
2017-10-02 23:23:00,1.25261,1.25261,1.25256,1.25265
2017-10-02 23:24:00,1.25248,1.252615,1.252475,1.252615
2017-10-02 23:25:00,1.25275,1.252485,1.25248,1.252775
2017-10-02 23:26:00,1.25278,1.25275,1.252745,1.25278
2017-10-02 23:27:00,1.25284,1.252835,1.25283,1.252865
2017-10-02 23:28:00,1.252755,1.252845,1.252745,1.252845
2017-10-02 23:29:00,1.252825,1.25275,1.25275,1.252825
2017-10-02 23:30:00,1.25291,1.252805,1.2528,1.25292
2017-10-02 23:31:00,1.25308,1.252905,1.25286,1.25312
2017-10-02 23:32:00,1.25322,1.25308,1.253065,1.25323
2017-10-02 23:33:00,1.25329,1.253215,1.25317,1.2533
2017-10-02 23:34:00,1.25325,1.253305,1.253195,1.25336
2017-10-02 23:35:00,1.253225,1.25325,1.25321,1.25334
2017-10-02 23:36:00,1.25322,1.253215,1.25317,1.25328
2017-10-02 23:37:00,1.253395,1.253245,1.253245,1.253445
2017-10-02 23:38:00,1.25339,1.2534,1.253365,1.253415
2017-10-02 23:39:00,1.253435,1.253385,1.253375,1.2535
2017-10-02 23:40:00,1.25349,1.25344,1.25342,1.253495
2017-10-02 23:41:00,1.253435,1.253435,1.25341,1.25352
2017-10-02 23:42:00,1.253475,1.25344,1.253425,1.253515
2017-10-02 23:43:00,1.25346,1.25347,1.25343,1.25348
2017-10-02 23:44:00,1.25341,1.25346,1.25337,1.2535
2017-10-02 23:45:00,1.25344,1.25341,1.2534,1.25346
2017-10-02 23:46:00,1.253465,1.25346,1.25341,1.253485
2017-10-02 23:47:00,1.25343,1.25347,1.25343,1.253505
2017-10-02 23:48:00,1.25341,1.253435,1.253405,1.253485
2017-10-02 23:49:00,1.25341,1.253395,1.253355,1.253415
2017-10-02 23:50:00,1.25343,1.2534,1.2534,1.253435
2017-10-02 23:51:00,1.253535,1.253435,1.25343,1.25355
2017-10-02 23:52:00,1.253445,1.25355,1.253445,1.25355
2017-10-02 23:53:00,1.253355,1.253395,1.25334,1.25341
2017-10-02 23:54:00,1.253325,1.25334,1.253295,1.253355
2017-10-02 23:55:00,1.253325,1.25332,1.2533,1.25333
2017-10-02 23:56:00,1.253305,1.253325,1.253275,1.253345
2017-10-02 23:57:00,1.253305,1.253325,1.253275,1.253345
2017-10-02 23:58:00,1.2533,1.253255,1.253255,1.2533
2017-10-02 23:59:00,1.253375,1.25336,1.25336,1.253495
2017-10-03 00:00:00,1.25341,1.2534,1.253395,1.25347
2017-10-03 00:01:00,1.253415,1.253395,1.253385,1.253445
2017-10-03 00:02:00,1.25339,1.25341,1.253385,1.253415
2017-10-03 00:03:00,1.25348,1.25338,1.25336,1.25348
2017-10-03 00:04:00,1.253485,1.253475,1.25346,1.253485
2017-10-03 00:05:00,1.25348,1.25348,1.25346,1.253485
2017-10-03 00:06:00,1.25343,1.253475,1.253425,1.253495
2017-10-03 00:07:00,1.25337,1.25343,1.253365,1.253495
2017-10-03 00:08:00,1.253325,1.25337,1.25324,1.253395
2017-10-03 00:09:00,1.25335,1.25334,1.25329,1.25338
2017-10-03 00:10:00,1.253325,1.253375,1.253315,1.2534
2017-10-03 00:11:00,1.25332,1.25331,1.25331,1.253325
2017-10-03 00:12:00,1.253225,1.2533,1.253225,1.253305
2017-10-03 00:13:00,1.253275,1.253235,1.253235,1.25332
2017-10-03 00:14:00,1.253285,1.253265,1.253195,1.253295
2017-10-03 00:15:00,1.25331,1.253295,1.25328,1.25334
2017-10-03 00:16:00,1.25338,1.25332,1.25329,1.2534
2017-10-03 00:17:00,1.25336,1.253385,1.253305,1.253405
2017-10-03 00:18:00,1.253355,1.253335,1.253335,1.253355
2017-10-03 00:19:00,1.25327,1.2533,1.25327,1.2533
2017-10-03 00:20:00,1.25322,1.25322,1.25322,1.25322
2017-10-03 00:21:00,1.25322,1.25321,1.25321,1.253225
2017-10-03 00:22:00,1.25314,1.253165,1.25314,1.25317
2017-10-03 00:23:00,1.25314,1.25315,1.25308,1.253155
2017-10-03 00:24:00,1.253175,1.25314,1.253135,1.253195
2017-10-03 00:25:00,1.25309,1.25317,1.253075,1.253175
2017-10-03 00:26:00,1.25309,1.253085,1.25303,1.25311
2017-10-03 00:27:00,1.25309,1.253085,1.25303,1.25311
2017-10-03 00:28:00,1.25309,1.253085,1.25303,1.25311
2017-10-03 00:29:00,1.25311,1.25307,1.25307,1.25311
2017-10-03 00:30:00,1.25311,1.25307,1.25307,1.25311
2017-10-03 00:31:00,1.253135,1.25309,1.25309,1.253145
2017-10-03 00:32:00,1.25311,1.253125,1.253105,1.253135
2017-10-03 00:33:00,1.25308,1.25308,1.253,1.253085
2017-10-03 00:34:00,1.2531,1.253065,1.253055,1.2531
2017-10-03 00:35:00,1.2531,1.253065,1.253055,1.2531
2017-10-03 00:36:00,1.2531,1.253065,1.253055,1.2531
2017-10-03 00:37:00,1.2531,1.253155,1.2531,1.253165
2017-10-03 00:38:00,1.253045,1.253095,1.253045,1.2531
2017-10-03 00:39:00,1.253045,1.25303,1.253005,1.25307
2017-10-03 00:40:00,1.25304,1.253055,1.25303,1.253055
2017-10-03 00:41:00,1.253005,1.253035,1.25297,1.253065
2017-10-03 00:42:00,1.253115,1.253,1.253,1.253125
2017-10-03 00:43:00,1.25313,1.25312,1.25312,1.253135
2017-10-03 00:44:00,1.25302,1.253075,1.25302,1.253075
2017-10-03 00:45:00,1.253035,1.253035,1.253035,1.253035
2017-10-03 00:46:00,1.253055,1.253025,1.253025,1.25306
2017-10-03 00:47:00,1.253115,1.25305,1.253005,1.253115
2017-10-03 00:48:00,1.253105,1.25311,1.25305,1.25318
2017-10-03 00:49:00,1.25319,1.253105,1.2531,1.25319
2017-10-03 00:50:00,1.25319,1.253105,1.2531,1.25319
2017-10-03 00:51:00,1.253235,1.25317,1.25317,1.253245
2017-10-03 00:52:00,1.25326,1.25324,1.25321,1.253285
2017-10-03 00:53:00,1.25317,1.25328,1.25316,1.25328
2017-10-03 00:54:00,1.25318,1.253175,1.25317,1.253195
2017-10-03 00:55:00,1.25317,1.253175,1.25316,1.25318
2017-10-03 00:56:00,1.25326,1.253235,1.25323,1.25326
2017-10-03 00:57:00,1.2533,1.25331,1.25329,1.253315
2017-10-03 00:58:00,1.253315,1.253305,1.2533,1.253315
2017-10-03 00:59:00,1.25333,1.253315,1.253315,1.25333
2017-10-03 01:00:00,1.25335,1.25335,1.253335,1.253365
2017-10-03 01:01:00,1.25332,1.253345,1.25329,1.253375
2017-10-03 01:02:00,1.25337,1.25334,1.253285,1.253395
2017-10-03 01:03:00,1.25339,1.253375,1.25333,1.2534
2017-10-03 01:04:00,1.253345,1.253365,1.253345,1.25338
2017-10-03 01:05:00,1.253335,1.253345,1.253335,1.253345
2017-10-03 01:06:00,1.25337,1.25334,1.25334,1.25338
2017-10-03 01:07:00,1.25336,1.25338,1.25334,1.25338
2017-10-03 01:08:00,1.25335,1.25336,1.25335,1.25336
2017-10-03 01:09:00,1.25334,1.253405,1.253335,1.25344
2017-10-03 01:10:00,1.25341,1.25332,1.253315,1.253415
2017-10-03 01:11:00,1.253425,1.25342,1.25338,1.25346
2017-10-03 01:12:00,1.25341,1.253405,1.253405,1.253475
2017-10-03 01:13:00,1.253455,1.253435,1.253435,1.253455
2017-10-03 01:14:00,1.25342,1.2534,1.25338,1.253425
2017-10-03 01:15:00,1.253475,1.253425,1.25341,1.253505
2017-10-03 01:16:00,1.253605,1.253495,1.253495,1.25361
2017-10-03 01:17:00,1.253505,1.25361,1.253475,1.25361
2017-10-03 01:18:00,1.253515,1.25351,1.25348,1.253525
2017-10-03 01:19:00,1.253505,1.253525,1.2534,1.25355
2017-10-03 01:20:00,1.25346,1.253495,1.253455,1.253545
2017-10-03 01:21:00,1.25349,1.253455,1.253445,1.25353
2017-10-03 01:22:00,1.253485,1.25349,1.253465,1.253515
2017-10-03 01:23:00,1.253455,1.2535,1.25345,1.25352
2017-10-03 01:24:00,1.25345,1.253455,1.253445,1.253485
2017-10-03 01:25:00,1.25345,1.25345,1.25343,1.253455
2017-10-03 01:26:00,1.253445,1.253445,1.25344,1.25348
2017-10-03 01:27:00,1.253485,1.253445,1.25343,1.253495
2017-10-03 01:28:00,1.253515,1.253475,1.25346,1.253515
2017-10-03 01:29:00,1.25356,1.253565,1.25355,1.25357
2017-10-03 01:30:00,1.25352,1.253555,1.253505,1.253555
2017-10-03 01:31:00,1.253555,1.2535,1.25343,1.253575
2017-10-03 01:32:00,1.25372,1.253535,1.253495,1.25379
2017-10-03 01:33:00,1.25363,1.253705,1.253595,1.253765
2017-10-03 01:34:00,1.253625,1.253605,1.25358,1.25366
2017-10-03 01:35:00,1.25343,1.25362,1.25343,1.25362
2017-10-03 01:36:00,1.253355,1.253375,1.253355,1.253415
2017-10-03 01:37:00,1.25313,1.253305,1.25313,1.253305
2017-10-03 01:38:00,1.25309,1.253075,1.253055,1.253105
2017-10-03 01:39:00,1.25306,1.253085,1.25304,1.25309
2017-10-03 01:40:00,1.253065,1.25305,1.25305,1.253125
2017-10-03 01:41:00,1.25311,1.25307,1.253035,1.253155
2017-10-03 01:42:00,1.253,1.25316,1.25294,1.25318
2017-10-03 01:43:00,1.25297,1.25303,1.252965,1.25305
2017-10-03 01:44:00,1.25304,1.252915,1.252875,1.25306
2017-10-03 01:45:00,1.25314,1.253035,1.253035,1.253145
2017-10-03 01:46:00,1.253185,1.253195,1.25316,1.253245
2017-10-03 01:47:00,1.253145,1.25325,1.253095,1.253255
2017-10-03 01:48:00,1.253175,1.25315,1.253135,1.253215
2017-10-03 01:49:00,1.25322,1.253175,1.25317,1.253245
2017-10-03 01:50:00,1.25324,1.253215,1.25321,1.253245
2017-10-03 01:51:00,1.25324,1.253235,1.253225,1.253245
2017-10-03 01:52:00,1.25321,1.253225,1.25321,1.25324
2017-10-03 01:53:00,1.253175,1.253155,1.25314,1.253235
2017-10-03 01:54:00,1.253325,1.25316,1.25315,1.25334
2017-10-03 01:55:00,1.25335,1.25338,1.25335,1.253395
2017-10-03 01:56:00,1.25339,1.253405,1.25339,1.253415
2017-10-03 01:57:00,1.253545,1.253385,1.253355,1.25355
2017-10-03 01:58:00,1.253855,1.25354,1.25349,1.25387
2017-10-03 01:59:00,1.25381,1.253855,1.253785,1.253855
2017-10-03 02:00:00,1.25377,1.253865,1.25376,1.25388
2017-10-03 02:01:00,1.253535,1.253775,1.25353,1.253785
2017-10-03 02:02:00,1.25345,1.253535,1.2533,1.253535
2017-10-03 02:03:00,1.253525,1.253445,1.253405,1.25353
2017-10-03 02:04:00,1.25335,1.25352,1.253345,1.25352
2017-10-03 02:05:00,1.25314,1.25334,1.25314,1.253345
2017-10-03 02:06:00,1.252835,1.253095,1.252835,1.253095
2017-10-03 02:07:00,1.25286,1.252895,1.252855,1.252925
2017-10-03 02:08:00,1.25287,1.252875,1.252845,1.2529
2017-10-03 02:09:00,1.252965,1.252815,1.252795,1.253025
2017-10-03 02:10:00,1.253205,1.252995,1.252965,1.25327
2017-10-03 02:11:00,1.25316,1.253195,1.25316,1.253265
2017-10-03 02:12:00,1.252885,1.253105,1.252865,1.25312
2017-10-03 02:13:00,1.25299,1.25288,1.25279,1.253085
2017-10-03 02:14:00,1.252895,1.25298,1.252795,1.252985
2017-10-03 02:15:00,1.252835,1.252895,1.252625,1.2529
2017-10-03 02:16:00,1.252785,1.252855,1.25275,1.252855
2017-10-03 02:17:00,1.25276,1.25284,1.252755,1.25284
2017-10-03 02:18:00,1.2529,1.252765,1.252765,1.253055
2017-10-03 02:19:00,1.252625,1.252885,1.252625,1.252895
2017-10-03 02:20:00,1.252725,1.25263,1.252615,1.25307
2017-10-03 02:21:00,1.252915,1.25275,1.25271,1.25297
2017-10-03 02:22:00,1.252645,1.25286,1.25257,1.25286
2017-10-03 02:23:00,1.25252,1.2527,1.25252,1.25272
2017-10-03 02:24:00,1.25265,1.252515,1.25247,1.25267
2017-10-03 02:25:00,1.25246,1.252655,1.252425,1.25267
2017-10-03 02:26:00,1.252435,1.252445,1.25228,1.25254
2017-10-03 02:27:00,1.25253,1.252495,1.25247,1.252565
2017-10-03 02:28:00,1.252705,1.252585,1.252585,1.25283
2017-10-03 02:29:00,1.25241,1.2527,1.25241,1.2527
2017-10-03 02:30:00,1.252475,1.25241,1.252395,1.252565
2017-10-03 02:31:00,1.25186,1.25248,1.251835,1.25262
2017-10-03 02:32:00,1.251865,1.251865,1.25148,1.25191
2017-10-03 02:33:00,1.251935,1.251915,1.251905,1.252175
2017-10-03 02:34:00,1.25204,1.25192,1.251905,1.252205
2017-10-03 02:35:00,1.252115,1.25202,1.251925,1.252165
2017-10-03 02:36:00,1.252305,1.252055,1.25204,1.25239
2017-10-03 02:37:00,1.252285,1.252295,1.2522,1.252405
2017-10-03 02:38:00,1.2525,1.252265,1.252265,1.25254
2017-10-03 02:39:00,1.252385,1.252495,1.252165,1.252495
2017-10-03 02:40:00,1.25236,1.252385,1.25234,1.252385
2017-10-03 02:41:00,1.252255,1.252355,1.252255,1.252355
2017-10-03 02:42:00,1.252255,1.252355,1.252255,1.252355
2017-10-03 02:43:00,1.252255,1.252355,1.252255,1.252355
2017-10-03 02:44:00,1.252495,1.252225,1.252225,1.2525
2017-10-03 02:45:00,1.252425,1.25249,1.252425,1.252495
2017-10-03 02:46:00,1.25241,1.252485,1.252405,1.25252
2017-10-03 02:47:00,1.25232,1.25241,1.25232,1.25243
2017-10-03 02:48:00,1.25259,1.25233,1.252325,1.252605
2017-10-03 02:49:00,1.252765,1.25262,1.25255,1.25286
2017-10-03 02:50:00,1.252605,1.25277,1.25245,1.25277
2017-10-03 02:51:00,1.25257,1.25261,1.25257,1.252645
2017-10-03 02:52:00,1.25247,1.25259,1.252455,1.2526
2017-10-03 02:53:00,1.252225,1.25247,1.25214,1.252485
2017-10-03 02:54:00,1.252245,1.252235,1.2522,1.252335
2017-10-03 02:55:00,1.252065,1.25219,1.25202,1.25219
2017-10-03 02:56:00,1.25219,1.252115,1.2521,1.252255
2017-10-03 02:57:00,1.25216,1.25219,1.25209,1.25223
2017-10-03 02:58:00,1.252055,1.252155,1.25197,1.252155
2017-10-03 02:59:00,1.252125,1.252045,1.252015,1.25213
2017-10-03 03:00:00,1.25186,1.25214,1.25186,1.25219
2017-10-03 03:01:00,1.251855,1.251865,1.25178,1.25192
2017-10-03 03:02:00,1.252205,1.25187,1.25186,1.252205
2017-10-03 03:03:00,1.252245,1.252155,1.252095,1.252245
2017-10-03 03:04:00,1.25209,1.25225,1.252025,1.252265
2017-10-03 03:05:00,1.252305,1.252115,1.252105,1.25231
2017-10-03 03:06:00,1.252685,1.2523,1.2523,1.252685
2017-10-03 03:07:00,1.252425,1.252665,1.252425,1.252665
2017-10-03 03:08:00,1.252315,1.252425,1.25225,1.252475
2017-10-03 03:09:00,1.2522,1.25229,1.252165,1.2523
2017-10-03 03:10:00,1.25231,1.252205,1.25218,1.252425
2017-10-03 03:11:00,1.252175,1.25233,1.252155,1.25244
2017-10-03 03:12:00,1.25217,1.25218,1.252075,1.252255
2017-10-03 03:13:00,1.25234,1.25219,1.25218,1.252375
2017-10-03 03:14:00,1.25219,1.252335,1.25215,1.25235
2017-10-03 03:15:00,1.25214,1.252185,1.252085,1.252185
2017-10-03 03:16:00,1.25205,1.252135,1.252015,1.25214
2017-10-03 03:17:00,1.25171,1.252045,1.251705,1.25205
2017-10-03 03:18:00,1.251725,1.25174,1.25161,1.251775
2017-10-03 03:19:00,1.251065,1.25172,1.250905,1.25173
2017-10-03 03:20:00,1.251,1.25112,1.25091,1.251395
2017-10-03 03:21:00,1.251165,1.251005,1.250975,1.251165
2017-10-03 03:22:00,1.250805,1.25118,1.250795,1.25118
2017-10-03 03:23:00,1.25096,1.250865,1.25086,1.25096
2017-10-03 03:24:00,1.25105,1.251015,1.250985,1.25105
2017-10-03 03:25:00,1.25096,1.251025,1.25093,1.251075
2017-10-03 03:26:00,1.25094,1.25092,1.250765,1.250955
2017-10-03 03:27:00,1.25113,1.25096,1.25095,1.25113
2017-10-03 03:28:00,1.250995,1.25112,1.25098,1.251125
2017-10-03 03:29:00,1.25127,1.25104,1.25104,1.251325
2017-10-03 03:30:00,1.25145,1.251325,1.251325,1.25145
2017-10-03 03:31:00,1.251235,1.251445,1.251125,1.251445
2017-10-03 03:32:00,1.2511,1.25125,1.2511,1.25131
2017-10-03 03:33:00,1.250985,1.251095,1.250985,1.251115
2017-10-03 03:34:00,1.251335,1.25099,1.250875,1.25134
2017-10-03 03:35:00,1.25141,1.251325,1.25125,1.251435
2017-10-03 03:36:00,1.251325,1.251415,1.251285,1.251515
2017-10-03 03:37:00,1.251435,1.25134,1.251295,1.25158
2017-10-03 03:38:00,1.2513,1.25141,1.251295,1.25142
2017-10-03 03:39:00,1.2511,1.251285,1.251065,1.25144
2017-10-03 03:40:00,1.250925,1.25105,1.250875,1.25105
2017-10-03 03:41:00,1.251115,1.25092,1.250915,1.25112
2017-10-03 03:42:00,1.251065,1.251165,1.25095,1.251165
2017-10-03 03:43:00,1.25144,1.25107,1.251065,1.25144
2017-10-03 03:44:00,1.251625,1.25142,1.25142,1.251715
2017-10-03 03:45:00,1.25179,1.25168,1.25168,1.25182
2017-10-03 03:46:00,1.25162,1.251795,1.25153,1.251815
2017-10-03 03:47:00,1.25138,1.25161,1.251285,1.25161
2017-10-03 03:48:00,1.251335,1.251375,1.251335,1.251375
2017-10-03 03:49:00,1.25147,1.251355,1.251345,1.25147
2017-10-03 03:50:00,1.251715,1.251525,1.251525,1.251715
2017-10-03 03:51:00,1.2518,1.25177,1.25175,1.25187
2017-10-03 03:52:00,1.25165,1.251855,1.25164,1.25191
2017-10-03 03:53:00,1.251545,1.251705,1.25152,1.25172
2017-10-03 03:54:00,1.25145,1.251495,1.251365,1.251575
2017-10-03 03:55:00,1.251475,1.2514,1.25138,1.251625
2017-10-03 03:56:00,1.251235,1.25148,1.251235,1.251535
2017-10-03 03:57:00,1.251325,1.25124,1.251225,1.25133
2017-10-03 03:58:00,1.25143,1.251345,1.251345,1.25146
2017-10-03 03:59:00,1.25124,1.25148,1.251125,1.251495
2017-10-03 04:00:00,1.251225,1.251245,1.25119,1.25136
2017-10-03 04:01:00,1.251055,1.25122,1.250975,1.251235
2017-10-03 04:02:00,1.25107,1.25108,1.251065,1.251235
2017-10-03 04:03:00,1.251135,1.25107,1.250995,1.25123
2017-10-03 04:04:00,1.250955,1.25114,1.250955,1.25114
2017-10-03 04:05:00,1.25121,1.25101,1.251005,1.251215
2017-10-03 04:06:00,1.251355,1.25126,1.251245,1.251355
2017-10-03 04:07:00,1.2511,1.251345,1.251075,1.251395
2017-10-03 04:08:00,1.251115,1.251125,1.25111,1.2512
2017-10-03 04:09:00,1.25117,1.25111,1.25111,1.25117
2017-10-03 04:10:00,1.25117,1.25111,1.25111,1.25117
2017-10-03 04:11:00,1.251245,1.251195,1.251125,1.25126
2017-10-03 04:12:00,1.251365,1.251235,1.251235,1.25139
2017-10-03 04:13:00,1.25126,1.251365,1.25126,1.25137
2017-10-03 04:14:00,1.251175,1.251265,1.25114,1.25133
2017-10-03 04:15:00,1.251025,1.25117,1.250965,1.251175
2017-10-03 04:16:00,1.251095,1.251,1.251,1.251095
2017-10-03 04:17:00,1.25123,1.25105,1.25104,1.25123
2017-10-03 04:18:00,1.251225,1.251225,1.251105,1.251245
2017-10-03 04:19:00,1.251345,1.25123,1.25123,1.25137
2017-10-03 04:20:00,1.25134,1.25134,1.25122,1.251375
2017-10-03 04:21:00,1.251215,1.251355,1.25121,1.25136
2017-10-03 04:22:00,1.25134,1.251165,1.25115,1.25135
2017-10-03 04:23:00,1.25134,1.25133,1.2513,1.251405
2017-10-03 04:24:00,1.25144,1.25138,1.25138,1.251475
2017-10-03 04:25:00,1.251535,1.251465,1.251465,1.251535
2017-10-03 04:26:00,1.2516,1.251485,1.25148,1.2516
2017-10-03 04:27:00,1.251635,1.251645,1.25161,1.251735
2017-10-03 04:28:00,1.25163,1.25163,1.25162,1.25166
2017-10-03 04:29:00,1.25157,1.25168,1.25157,1.25168
2017-10-03 04:30:00,1.251555,1.25162,1.251555,1.25166
2017-10-03 04:31:00,1.25172,1.25161,1.251605,1.251805
2017-10-03 04:32:00,1.25163,1.25172,1.25163,1.25173
2017-10-03 04:33:00,1.251475,1.251635,1.251415,1.25164
2017-10-03 04:34:00,1.25158,1.25148,1.25142,1.251595
2017-10-03 04:35:00,1.251515,1.25158,1.251505,1.25162
2017-10-03 04:36:00,1.251425,1.25153,1.251355,1.25158
2017-10-03 04:37:00,1.251415,1.25142,1.251395,1.25145
2017-10-03 04:38:00,1.251385,1.25142,1.251355,1.25142
2017-10-03 04:39:00,1.25145,1.251375,1.251365,1.25145
2017-10-03 04:40:00,1.25173,1.251475,1.251475,1.25174
2017-10-03 04:41:00,1.25178,1.251725,1.25168,1.251805
2017-10-03 04:42:00,1.251695,1.25181,1.25158,1.25181
2017-10-03 04:43:00,1.25185,1.25169,1.25168,1.251855
2017-10-03 04:44:00,1.251845,1.251855,1.251805,1.25193
2017-10-03 04:45:00,1.25198,1.251865,1.251865,1.25205
2017-10-03 04:46:00,1.25205,1.251985,1.251915,1.252145
2017-10-03 04:47:00,1.25214,1.252045,1.25204,1.25219
2017-10-03 04:48:00,1.252015,1.252135,1.252,1.25214
2017-10-03 04:49:00,1.252135,1.251995,1.251975,1.25217
2017-10-03 04:50:00,1.252415,1.252185,1.252185,1.25242
2017-10-03 04:51:00,1.252365,1.2524,1.252335,1.25241
2017-10-03 04:52:00,1.25232,1.252305,1.252195,1.25235
2017-10-03 04:53:00,1.25225,1.25227,1.25221,1.25227
2017-10-03 04:54:00,1.252345,1.252235,1.252195,1.25235
2017-10-03 04:55:00,1.252265,1.25234,1.252225,1.25236
2017-10-03 04:56:00,1.25223,1.252245,1.25223,1.252245
2017-10-03 04:57:00,1.25241,1.25224,1.25224,1.25242
2017-10-03 04:58:00,1.252415,1.252405,1.2524,1.25242
2017-10-03 04:59:00,1.25256,1.252395,1.252395,1.25268
2017-10-03 05:00:00,1.25273,1.252555,1.25252,1.252745
2017-10-03 05:01:00,1.25264,1.252715,1.252635,1.25272
2017-10-03 05:02:00,1.25273,1.25268,1.252665,1.25273
2017-10-03 05:03:00,1.25266,1.25272,1.252655,1.252725
2017-10-03 05:04:00,1.252685,1.252665,1.252665,1.25271
2017-10-03 05:05:00,1.252645,1.252685,1.252525,1.252695
2017-10-03 05:06:00,1.25277,1.252645,1.252625,1.25277
2017-10-03 05:07:00,1.252615,1.252775,1.252615,1.252775
2017-10-03 05:08:00,1.252645,1.252595,1.252595,1.252645
2017-10-03 05:09:00,1.252635,1.252645,1.252555,1.25267
2017-10-03 05:10:00,1.25275,1.252675,1.252665,1.25275
2017-10-03 05:11:00,1.252685,1.252695,1.252645,1.25273
2017-10-03 05:12:00,1.25271,1.25264,1.252635,1.25271
2017-10-03 05:13:00,1.252845,1.25275,1.25273,1.252885
2017-10-03 05:14:00,1.252895,1.25283,1.25283,1.252895
2017-10-03 05:15:00,1.25286,1.25294,1.25286,1.25304
2017-10-03 05:16:00,1.252915,1.25285,1.25285,1.252915
2017-10-03 05:17:00,1.25291,1.25289,1.25287,1.25291
2017-10-03 05:18:00,1.25291,1.25289,1.25287,1.25291
2017-10-03 05:19:00,1.25289,1.252905,1.25289,1.252935
2017-10-03 05:20:00,1.252665,1.252885,1.25266,1.252885
2017-10-03 05:21:00,1.25264,1.252715,1.25263,1.252715
2017-10-03 05:22:00,1.25264,1.252615,1.252615,1.25264
2017-10-03 05:23:00,1.25263,1.25262,1.252585,1.252645
2017-10-03 05:24:00,1.252595,1.252635,1.25251,1.25264
2017-10-03 05:25:00,1.252535,1.252595,1.252525,1.252595
2017-10-03 05:26:00,1.25252,1.25254,1.252515,1.25257
2017-10-03 05:27:00,1.25252,1.252525,1.2525,1.25254
2017-10-03 05:28:00,1.252425,1.252515,1.252425,1.25253
2017-10-03 05:29:00,1.25253,1.25245,1.252445,1.25255
2017-10-03 05:30:00,1.252555,1.25256,1.252485,1.25256
2017-10-03 05:31:00,1.25261,1.252505,1.25249,1.25266
2017-10-03 05:32:00,1.252685,1.252615,1.252605,1.252685
2017-10-03 05:33:00,1.252665,1.25274,1.252665,1.25286
2017-10-03 05:34:00,1.252645,1.252605,1.252555,1.25269
2017-10-03 05:35:00,1.25258,1.252585,1.25253,1.2526
2017-10-03 05:36:00,1.25262,1.25254,1.252535,1.25262
2017-10-03 05:37:00,1.252555,1.252615,1.25255,1.25263
2017-10-03 05:38:00,1.25251,1.252505,1.2525,1.252535
2017-10-03 05:39:00,1.25253,1.25247,1.252455,1.252535
2017-10-03 05:40:00,1.252535,1.25253,1.25252,1.252545
2017-10-03 05:41:00,1.252575,1.252535,1.252525,1.252585
2017-10-03 05:42:00,1.252635,1.25253,1.25253,1.252665
2017-10-03 05:43:00,1.25255,1.25263,1.25251,1.25264
2017-10-03 05:44:00,1.25265,1.252545,1.252545,1.25266
2017-10-03 05:45:00,1.252535,1.252705,1.252525,1.25271
2017-10-03 05:46:00,1.25252,1.252535,1.25252,1.252535
2017-10-03 05:47:00,1.252505,1.252515,1.252475,1.252595
2017-10-03 05:48:00,1.252515,1.25251,1.25249,1.25252
2017-10-03 05:49:00,1.25254,1.25254,1.252525,1.252595
2017-10-03 05:50:00,1.252535,1.25254,1.25251,1.252545
2017-10-03 05:51:00,1.252645,1.252575,1.252575,1.252685
2017-10-03 05:52:00,1.25262,1.25265,1.25262,1.25265
2017-10-03 05:53:00,1.25262,1.25265,1.25262,1.25265
2017-10-03 05:54:00,1.252675,1.252645,1.252645,1.25272
2017-10-03 05:55:00,1.252675,1.25268,1.25267,1.25269
2017-10-03 05:56:00,1.252695,1.252665,1.252655,1.25271
2017-10-03 05:57:00,1.252585,1.252645,1.25257,1.25265
2017-10-03 05:58:00,1.252565,1.25258,1.25249,1.25262
2017-10-03 05:59:00,1.252655,1.25256,1.2525,1.252705
2017-10-03 06:00:00,1.252635,1.25261,1.252495,1.25264
2017-10-03 06:01:00,1.252725,1.25258,1.252505,1.252735
2017-10-03 06:02:00,1.252625,1.252665,1.25257,1.252665
2017-10-03 06:03:00,1.252535,1.25257,1.252535,1.252585
2017-10-03 06:04:00,1.2523,1.25251,1.252285,1.25253
2017-10-03 06:05:00,1.252445,1.25231,1.25231,1.252455
2017-10-03 06:06:00,1.252315,1.252415,1.252315,1.252415
2017-10-03 06:07:00,1.25233,1.25234,1.25233,1.252375
2017-10-03 06:08:00,1.252245,1.2523,1.252245,1.2523
2017-10-03 06:09:00,1.252165,1.25222,1.252105,1.25222
2017-10-03 06:10:00,1.252175,1.25217,1.25212,1.25218
2017-10-03 06:11:00,1.252175,1.25217,1.25212,1.25218
2017-10-03 06:12:00,1.25232,1.25223,1.25223,1.25236
2017-10-03 06:13:00,1.252265,1.252295,1.25222,1.252355
2017-10-03 06:14:00,1.2519,1.25226,1.251875,1.25226
2017-10-03 06:15:00,1.251965,1.25189,1.251885,1.25197
2017-10-03 06:16:00,1.251915,1.25196,1.25183,1.25196
2017-10-03 06:17:00,1.251925,1.251915,1.25191,1.25199
2017-10-03 06:18:00,1.252055,1.25192,1.251915,1.252055
2017-10-03 06:19:00,1.251995,1.252055,1.25198,1.25211
2017-10-03 06:20:00,1.251905,1.25199,1.251865,1.252
2017-10-03 06:21:00,1.251515,1.25191,1.251515,1.25191
2017-10-03 06:22:00,1.251665,1.25157,1.25157,1.251725
2017-10-03 06:23:00,1.251425,1.25166,1.251345,1.251665
2017-10-03 06:24:00,1.25126,1.25142,1.251115,1.251425
2017-10-03 06:25:00,1.25127,1.25126,1.25105,1.251315
2017-10-03 06:26:00,1.25123,1.25126,1.25116,1.251365
2017-10-03 06:27:00,1.25135,1.25119,1.251115,1.25135
2017-10-03 06:28:00,1.25131,1.251345,1.25131,1.251375
2017-10-03 06:29:00,1.25125,1.251315,1.25124,1.251315
2017-10-03 06:30:00,1.251,1.25125,1.25095,1.251255
2017-10-03 06:31:00,1.25078,1.251005,1.25072,1.251005
2017-10-03 06:32:00,1.25065,1.25081,1.250535,1.25084
2017-10-03 06:33:00,1.250385,1.25065,1.250365,1.25065
2017-10-03 06:34:00,1.25028,1.250415,1.250275,1.25051
2017-10-03 06:35:00,1.250695,1.250285,1.250285,1.250745
2017-10-03 06:36:00,1.25084,1.250745,1.25074,1.25087
2017-10-03 06:37:00,1.250795,1.250835,1.250785,1.250845
2017-10-03 06:38:00,1.250475,1.250795,1.250475,1.250865
2017-10-03 06:39:00,1.250785,1.2505,1.2505,1.250795
2017-10-03 06:40:00,1.250985,1.25084,1.25079,1.250985
2017-10-03 06:41:00,1.25106,1.25099,1.250925,1.25112
2017-10-03 06:42:00,1.250755,1.251055,1.25075,1.251055
2017-10-03 06:43:00,1.250655,1.250755,1.25062,1.250785
2017-10-03 06:44:00,1.25053,1.25065,1.250485,1.25081
2017-10-03 06:45:00,1.25041,1.25055,1.250395,1.25056
2017-10-03 06:46:00,1.250215,1.25041,1.250125,1.250415
2017-10-03 06:47:00,1.25019,1.25022,1.24994,1.25033
2017-10-03 06:48:00,1.24976,1.250175,1.2497,1.250175
2017-10-03 06:49:00,1.249825,1.249755,1.249685,1.24989
2017-10-03 06:50:00,1.249635,1.249875,1.249545,1.249895
2017-10-03 06:51:00,1.249685,1.249635,1.24947,1.249725
2017-10-03 06:52:00,1.2496,1.249655,1.249555,1.249655
2017-10-03 06:53:00,1.249895,1.249605,1.2496,1.24999
2017-10-03 06:54:00,1.249545,1.249945,1.24954,1.249955
2017-10-03 06:55:00,1.249415,1.249565,1.249415,1.24967
2017-10-03 06:56:00,1.24916,1.249435,1.249055,1.249435
2017-10-03 06:57:00,1.24925,1.249175,1.24905,1.249275
2017-10-03 06:58:00,1.24949,1.24925,1.249185,1.249495
2017-10-03 06:59:00,1.24947,1.24954,1.24947,1.24968
2017-10-03 07:00:00,1.249345,1.249475,1.249335,1.24951
2017-10-03 07:01:00,1.24942,1.249385,1.24924,1.249425
2017-10-03 07:02:00,1.24931,1.249425,1.24931,1.249475
2017-10-03 07:03:00,1.24935,1.24925,1.2492,1.249375
2017-10-03 07:04:00,1.2495,1.249355,1.24927,1.24952
2017-10-03 07:05:00,1.249595,1.24956,1.249485,1.249595
2017-10-03 07:06:00,1.249745,1.24959,1.249555,1.249745
2017-10-03 07:07:00,1.249765,1.249775,1.249755,1.24983
2017-10-03 07:08:00,1.24993,1.249745,1.249665,1.249935
2017-10-03 07:09:00,1.249745,1.249935,1.24974,1.249935
2017-10-03 07:10:00,1.249745,1.249735,1.24973,1.249745
2017-10-03 07:11:00,1.249735,1.249765,1.249725,1.249855
2017-10-03 07:12:00,1.249685,1.24968,1.249605,1.24974
2017-10-03 07:13:00,1.249775,1.249655,1.249655,1.249775
2017-10-03 07:14:00,1.249815,1.2498,1.24975,1.24995
2017-10-03 07:15:00,1.250165,1.249815,1.249815,1.250185
2017-10-03 07:16:00,1.249985,1.25014,1.24998,1.250145
2017-10-03 07:17:00,1.24984,1.249935,1.24977,1.24994
2017-10-03 07:18:00,1.249945,1.249855,1.249855,1.25007
2017-10-03 07:19:00,1.249765,1.24995,1.249755,1.250015
2017-10-03 07:20:00,1.24976,1.249785,1.24976,1.24981
2017-10-03 07:21:00,1.250275,1.249815,1.249815,1.250435
2017-10-03 07:22:00,1.250225,1.250215,1.25013,1.250305
2017-10-03 07:23:00,1.24977,1.250275,1.24977,1.250305
2017-10-03 07:24:00,1.24975,1.249765,1.249705,1.2498
2017-10-03 07:25:00,1.249805,1.24975,1.249725,1.249805
2017-10-03 07:26:00,1.24988,1.24982,1.249755,1.249935
2017-10-03 07:27:00,1.24993,1.249935,1.24991,1.24998
2017-10-03 07:28:00,1.25009,1.249925,1.24991,1.2501
2017-10-03 07:29:00,1.25023,1.25006,1.25006,1.25023
2017-10-03 07:30:00,1.24999,1.250235,1.249965,1.250245
2017-10-03 07:31:00,1.24988,1.24998,1.24988,1.24998
2017-10-03 07:32:00,1.249915,1.249885,1.24968,1.249915
2017-10-03 07:33:00,1.249805,1.249865,1.249685,1.24987
2017-10-03 07:34:00,1.249985,1.249805,1.24975,1.250005
2017-10-03 07:35:00,1.250055,1.24998,1.24993,1.250105
2017-10-03 07:36:00,1.250265,1.25011,1.25011,1.250265
2017-10-03 07:37:00,1.25016,1.25027,1.250075,1.25027
2017-10-03 07:38:00,1.25014,1.250155,1.25005,1.250205
2017-10-03 07:39:00,1.250015,1.25019,1.250015,1.25024
2017-10-03 07:40:00,1.24992,1.25001,1.24979,1.25009
2017-10-03 07:41:00,1.25002,1.2499,1.249895,1.25009
2017-10-03 07:42:00,1.25021,1.250025,1.250005,1.250245
2017-10-03 07:43:00,1.250065,1.25019,1.250065,1.250335
2017-10-03 07:44:00,1.25007,1.25004,1.24999,1.25012
2017-10-03 07:45:00,1.250135,1.250075,1.25005,1.25014
2017-10-03 07:46:00,1.250125,1.250135,1.25012,1.250355
2017-10-03 07:47:00,1.25029,1.25018,1.25018,1.250295
2017-10-03 07:48:00,1.250345,1.250295,1.250275,1.250345
2017-10-03 07:49:00,1.2504,1.2504,1.25039,1.25048
2017-10-03 07:50:00,1.250395,1.25037,1.2503,1.250395
2017-10-03 07:51:00,1.25043,1.2504,1.2504,1.2505
2017-10-03 07:52:00,1.250335,1.25043,1.250335,1.250445
2017-10-03 07:53:00,1.250225,1.25033,1.25022,1.25035
2017-10-03 07:54:00,1.250625,1.25022,1.250215,1.250725
2017-10-03 07:55:00,1.250735,1.250645,1.250645,1.250805
2017-10-03 07:56:00,1.25063,1.250685,1.25059,1.25069
2017-10-03 07:57:00,1.25079,1.2506,1.25053,1.25081
2017-10-03 07:58:00,1.25062,1.25079,1.250545,1.250795
2017-10-03 07:59:00,1.250635,1.250625,1.250485,1.25064
2017-10-03 08:00:00,1.2506,1.25065,1.2506,1.25066
2017-10-03 08:01:00,1.25051,1.25062,1.25044,1.25074
2017-10-03 08:02:00,1.2505,1.25048,1.25048,1.25067
2017-10-03 08:03:00,1.250465,1.25053,1.25045,1.25053
2017-10-03 08:04:00,1.25039,1.25046,1.250355,1.25055
2017-10-03 08:05:00,1.250655,1.25039,1.250375,1.25066
2017-10-03 08:06:00,1.25065,1.250605,1.250605,1.25074
2017-10-03 08:07:00,1.250615,1.250635,1.250615,1.25073
2017-10-03 08:08:00,1.25039,1.250585,1.25029,1.25063
2017-10-03 08:09:00,1.25023,1.25039,1.25018,1.25041
2017-10-03 08:10:00,1.250785,1.250225,1.25022,1.250855
2017-10-03 08:11:00,1.250735,1.2508,1.2507,1.25088
2017-10-03 08:12:00,1.250775,1.25074,1.250705,1.25087
2017-10-03 08:13:00,1.25056,1.250795,1.25044,1.2508
2017-10-03 08:14:00,1.25044,1.25056,1.25044,1.25056
2017-10-03 08:15:00,1.250375,1.25045,1.25031,1.250465
2017-10-03 08:16:00,1.25042,1.250355,1.25035,1.250625
2017-10-03 08:17:00,1.250245,1.2504,1.25019,1.2504
2017-10-03 08:18:00,1.250275,1.25027,1.25019,1.250415
2017-10-03 08:19:00,1.24991,1.25022,1.249825,1.25022
2017-10-03 08:20:00,1.25011,1.249905,1.24984,1.25011
2017-10-03 08:21:00,1.249895,1.250135,1.249815,1.250315
2017-10-03 08:22:00,1.24999,1.24989,1.249865,1.250125
2017-10-03 08:23:00,1.2503,1.249945,1.249855,1.250415
2017-10-03 08:24:00,1.25035,1.25029,1.25024,1.2504
2017-10-03 08:25:00,1.2504,1.250375,1.250335,1.250475
2017-10-03 08:26:00,1.25039,1.2504,1.25028,1.250445
2017-10-03 08:27:00,1.25058,1.250395,1.250395,1.25083
2017-10-03 08:28:00,1.250755,1.250575,1.25044,1.25078
2017-10-03 08:29:00,1.250465,1.25081,1.250405,1.25092
2017-10-03 08:30:00,1.250915,1.250405,1.25039,1.25092
2017-10-03 08:31:00,1.250845,1.250915,1.25072,1.251085
2017-10-03 08:32:00,1.2511,1.250855,1.25079,1.25121
2017-10-03 08:33:00,1.25109,1.25108,1.251075,1.251255
2017-10-03 08:34:00,1.25127,1.251095,1.25109,1.25134
2017-10-03 08:35:00,1.25144,1.251265,1.25126,1.251465
2017-10-03 08:36:00,1.25178,1.251445,1.25144,1.25178
2017-10-03 08:37:00,1.251885,1.251785,1.251725,1.25199
2017-10-03 08:38:00,1.251725,1.251835,1.25162,1.25187
2017-10-03 08:39:00,1.251955,1.25178,1.251745,1.25201
2017-10-03 08:40:00,1.25171,1.25198,1.251705,1.25203
2017-10-03 08:41:00,1.25213,1.251735,1.251735,1.252135
2017-10-03 08:42:00,1.25208,1.252115,1.251985,1.252235
2017-10-03 08:43:00,1.252205,1.25208,1.25203,1.25221
2017-10-03 08:44:00,1.25223,1.252155,1.252135,1.252305
2017-10-03 08:45:00,1.25217,1.25225,1.25208,1.2523
2017-10-03 08:46:00,1.25222,1.252175,1.25204,1.25222
2017-10-03 08:47:00,1.25235,1.25224,1.25224,1.25238
2017-10-03 08:48:00,1.252265,1.25234,1.252205,1.25236
2017-10-03 08:49:00,1.25232,1.252285,1.252235,1.2524
2017-10-03 08:50:00,1.25201,1.25234,1.25192,1.25238
2017-10-03 08:51:00,1.251955,1.252065,1.251915,1.252065
2017-10-03 08:52:00,1.252025,1.252005,1.251965,1.25206
2017-10-03 08:53:00,1.252055,1.252005,1.251955,1.252055
2017-10-03 08:54:00,1.25192,1.25204,1.2519,1.25204
2017-10-03 08:55:00,1.251965,1.251925,1.2519,1.25199
2017-10-03 08:56:00,1.252155,1.25202,1.25202,1.252225
2017-10-03 08:57:00,1.25226,1.252215,1.252175,1.252295
2017-10-03 08:58:00,1.25223,1.252245,1.252175,1.252265
2017-10-03 08:59:00,1.25211,1.25223,1.25203,1.25226
2017-10-03 09:00:00,1.25214,1.252115,1.252005,1.25217
2017-10-03 09:01:00,1.251865,1.25219,1.25175,1.252355
2017-10-03 09:02:00,1.25169,1.251885,1.25167,1.251935
2017-10-03 09:03:00,1.25154,1.25169,1.251485,1.251745
2017-10-03 09:04:00,1.25145,1.251495,1.251235,1.251495
2017-10-03 09:05:00,1.251535,1.251455,1.251455,1.251545
2017-10-03 09:06:00,1.25151,1.251515,1.251455,1.251615
2017-10-03 09:07:00,1.251535,1.251505,1.251505,1.25154
2017-10-03 09:08:00,1.251745,1.25154,1.251535,1.25183
2017-10-03 09:09:00,1.251865,1.25174,1.251725,1.251955
2017-10-03 09:10:00,1.25212,1.25189,1.251845,1.25213
2017-10-03 09:11:00,1.25227,1.25213,1.25208,1.25228
2017-10-03 09:12:00,1.25228,1.252245,1.25224,1.25237
2017-10-03 09:13:00,1.25239,1.252335,1.25228,1.25244
2017-10-03 09:14:00,1.252475,1.252445,1.252445,1.252565
2017-10-03 09:15:00,1.252485,1.252425,1.252425,1.252485
2017-10-03 09:16:00,1.25216,1.25254,1.25213,1.25254
2017-10-03 09:17:00,1.25208,1.252135,1.25192,1.252135
2017-10-03 09:18:00,1.25207,1.252105,1.252015,1.252155
2017-10-03 09:19:00,1.252125,1.252125,1.25209,1.25229
2017-10-03 09:20:00,1.252275,1.252105,1.252105,1.252275
2017-10-03 09:21:00,1.25233,1.252255,1.252205,1.2524
2017-10-03 09:22:00,1.252155,1.252275,1.252115,1.252275
2017-10-03 09:23:00,1.251975,1.252135,1.2519,1.25216
2017-10-03 09:24:00,1.252145,1.25198,1.251965,1.252145
2017-10-03 09:25:00,1.25198,1.25215,1.251975,1.25215
2017-10-03 09:26:00,1.25166,1.25198,1.25155,1.251985
2017-10-03 09:27:00,1.251625,1.251655,1.251435,1.25168
2017-10-03 09:28:00,1.25168,1.25162,1.251555,1.251725
2017-10-03 09:29:00,1.251795,1.251685,1.251675,1.251825
2017-10-03 09:30:00,1.252145,1.2518,1.2518,1.252145
2017-10-03 09:31:00,1.251835,1.25209,1.251755,1.252095
2017-10-03 09:32:00,1.252015,1.25184,1.25176,1.252015
2017-10-03 09:33:00,1.25169,1.251995,1.251685,1.251995
2017-10-03 09:34:00,1.25175,1.251685,1.251655,1.25175
2017-10-03 09:35:00,1.25182,1.251695,1.251665,1.251905
2017-10-03 09:36:00,1.251955,1.25186,1.2518,1.251955
2017-10-03 09:37:00,1.251835,1.252015,1.251765,1.252015
2017-10-03 09:38:00,1.251905,1.251805,1.251785,1.25191
2017-10-03 09:39:00,1.25167,1.2519,1.25167,1.251935
2017-10-03 09:40:00,1.25129,1.25161,1.25125,1.25166
2017-10-03 09:41:00,1.25139,1.25133,1.251135,1.251495
2017-10-03 09:42:00,1.25145,1.251385,1.25138,1.25151
2017-10-03 09:43:00,1.251525,1.251445,1.25134,1.25157
2017-10-03 09:44:00,1.25151,1.25152,1.251505,1.251575
2017-10-03 09:45:00,1.251045,1.251505,1.251045,1.251515
2017-10-03 09:46:00,1.250835,1.2511,1.250715,1.251165
2017-10-03 09:47:00,1.250745,1.25088,1.25065,1.2509
2017-10-03 09:48:00,1.25047,1.25074,1.25043,1.25082
2017-10-03 09:49:00,1.250485,1.25051,1.25042,1.25079
2017-10-03 09:50:00,1.25043,1.25053,1.25043,1.250575
2017-10-03 09:51:00,1.25043,1.250435,1.25032,1.25044
2017-10-03 09:52:00,1.250545,1.25043,1.25043,1.250615
2017-10-03 09:53:00,1.25046,1.2506,1.25039,1.25069
2017-10-03 09:54:00,1.250675,1.250415,1.250405,1.250685
2017-10-03 09:55:00,1.250535,1.25068,1.250525,1.250775
2017-10-03 09:56:00,1.25022,1.25054,1.250205,1.25054
2017-10-03 09:57:00,1.250155,1.250215,1.25013,1.25028
2017-10-03 09:58:00,1.25056,1.250145,1.250145,1.25057
2017-10-03 09:59:00,1.25062,1.25055,1.25045,1.25068
2017-10-03 10:00:00,1.25062,1.2506,1.250455,1.25064
2017-10-03 10:01:00,1.25003,1.25062,1.2499,1.25068
2017-10-03 10:02:00,1.25035,1.250035,1.25003,1.25035
2017-10-03 10:03:00,1.25043,1.25038,1.25034,1.250675
2017-10-03 10:04:00,1.25031,1.25039,1.250235,1.25039
2017-10-03 10:05:00,1.25056,1.250255,1.25025,1.250565
2017-10-03 10:06:00,1.249955,1.250565,1.249885,1.250615
2017-10-03 10:07:00,1.250065,1.24995,1.24983,1.25007
2017-10-03 10:08:00,1.250415,1.25011,1.25011,1.25051
2017-10-03 10:09:00,1.250345,1.250405,1.25019,1.25041
2017-10-03 10:10:00,1.250095,1.25033,1.25005,1.25034
2017-10-03 10:11:00,1.25032,1.250045,1.24993,1.25045
2017-10-03 10:12:00,1.250415,1.25032,1.250315,1.2505
2017-10-03 10:13:00,1.25049,1.25042,1.25039,1.250525
2017-10-03 10:14:00,1.25078,1.250485,1.250485,1.250785
2017-10-03 10:15:00,1.25077,1.25075,1.250655,1.25094
2017-10-03 10:16:00,1.251065,1.250815,1.250815,1.251155
2017-10-03 10:17:00,1.25106,1.251065,1.25104,1.251215
2017-10-03 10:18:00,1.250665,1.25104,1.25066,1.25104
2017-10-03 10:19:00,1.25051,1.250615,1.250475,1.25062
2017-10-03 10:20:00,1.25039,1.250515,1.25039,1.2506
2017-10-03 10:21:00,1.25014,1.250335,1.25011,1.250345
2017-10-03 10:22:00,1.25007,1.250145,1.250015,1.250225
2017-10-03 10:23:00,1.25009,1.25007,1.25001,1.25022
2017-10-03 10:24:00,1.250185,1.25009,1.250035,1.250235
2017-10-03 10:25:00,1.250365,1.250195,1.250195,1.250365
2017-10-03 10:26:00,1.250435,1.25037,1.25037,1.250475
2017-10-03 10:27:00,1.250625,1.250435,1.250425,1.25063
2017-10-03 10:28:00,1.250585,1.250675,1.25053,1.250795
2017-10-03 10:29:00,1.25048,1.250595,1.25047,1.250695
2017-10-03 10:30:00,1.2505,1.25051,1.25036,1.25051
2017-10-03 10:31:00,1.250535,1.250495,1.250455,1.25061
2017-10-03 10:32:00,1.250505,1.25054,1.250435,1.250555
2017-10-03 10:33:00,1.25073,1.250495,1.25042,1.250815
2017-10-03 10:34:00,1.250675,1.250735,1.250615,1.250755
2017-10-03 10:35:00,1.25062,1.25073,1.250615,1.250885
2017-10-03 10:36:00,1.250885,1.250675,1.250675,1.25095
2017-10-03 10:37:00,1.250855,1.250855,1.250645,1.250865
2017-10-03 10:38:00,1.251095,1.2509,1.2509,1.25112
2017-10-03 10:39:00,1.25065,1.251105,1.250645,1.251105
2017-10-03 10:40:00,1.25057,1.25063,1.25057,1.250755
2017-10-03 10:41:00,1.25056,1.250565,1.250555,1.250645
2017-10-03 10:42:00,1.250765,1.25055,1.250415,1.250815
2017-10-03 10:43:00,1.25089,1.250805,1.25079,1.25105
2017-10-03 10:44:00,1.25066,1.250885,1.25066,1.250905
2017-10-03 10:45:00,1.25071,1.250635,1.250555,1.25071
2017-10-03 10:46:00,1.25051,1.25074,1.2504,1.250805
2017-10-03 10:47:00,1.25061,1.250455,1.250445,1.25061
2017-10-03 10:48:00,1.25063,1.25056,1.25051,1.25063
2017-10-03 10:49:00,1.250375,1.250625,1.250375,1.250655
2017-10-03 10:50:00,1.250405,1.25039,1.25033,1.25042
2017-10-03 10:51:00,1.25005,1.250405,1.25005,1.250535
2017-10-03 10:52:00,1.25005,1.250055,1.249985,1.25015
2017-10-03 10:53:00,1.250005,1.250055,1.24997,1.250055
2017-10-03 10:54:00,1.25012,1.25001,1.25001,1.25023
2017-10-03 10:55:00,1.250175,1.250095,1.25002,1.250315
2017-10-03 10:56:00,1.250285,1.25015,1.25003,1.250325
2017-10-03 10:57:00,1.25038,1.250295,1.250205,1.25042
2017-10-03 10:58:00,1.25057,1.25044,1.25044,1.25101
2017-10-03 10:59:00,1.25056,1.250545,1.250505,1.25079
2017-10-03 11:00:00,1.250715,1.250545,1.25046,1.250715
2017-10-03 11:01:00,1.250765,1.25072,1.250475,1.250775
2017-10-03 11:02:00,1.25079,1.250765,1.25069,1.251025
2017-10-03 11:03:00,1.250695,1.250785,1.250565,1.250905
2017-10-03 11:04:00,1.250695,1.250695,1.250665,1.250875
2017-10-03 11:05:00,1.25052,1.2507,1.250515,1.250715
2017-10-03 11:06:00,1.250345,1.250495,1.250245,1.25055
2017-10-03 11:07:00,1.250335,1.25039,1.25029,1.250495
2017-10-03 11:08:00,1.250155,1.25039,1.250155,1.25039
2017-10-03 11:09:00,1.25037,1.25018,1.250175,1.25037
2017-10-03 11:10:00,1.25037,1.250375,1.25025,1.25045
2017-10-03 11:11:00,1.25022,1.250345,1.25016,1.250345
2017-10-03 11:12:00,1.250025,1.2502,1.25002,1.2502
2017-10-03 11:13:00,1.250075,1.250065,1.25005,1.25009
2017-10-03 11:14:00,1.25004,1.250095,1.25004,1.25016
2017-10-03 11:15:00,1.25017,1.250095,1.25009,1.250215
2017-10-03 11:16:00,1.25004,1.250155,1.25001,1.250165
2017-10-03 11:17:00,1.25005,1.249985,1.249985,1.250115
2017-10-03 11:18:00,1.25017,1.250055,1.25004,1.25024
2017-10-03 11:19:00,1.250165,1.250175,1.250055,1.250175
2017-10-03 11:20:00,1.25015,1.250165,1.250095,1.25018
2017-10-03 11:21:00,1.25016,1.2501,1.250095,1.2502
2017-10-03 11:22:00,1.249715,1.25013,1.24971,1.25013
2017-10-03 11:23:00,1.24968,1.24976,1.249525,1.249775
2017-10-03 11:24:00,1.24955,1.24969,1.249545,1.24984
2017-10-03 11:25:00,1.24949,1.249495,1.249415,1.24959
2017-10-03 11:26:00,1.24951,1.249495,1.249435,1.24958
2017-10-03 11:27:00,1.24952,1.249485,1.249455,1.249525
2017-10-03 11:28:00,1.249065,1.249525,1.249065,1.249525
2017-10-03 11:29:00,1.249175,1.24907,1.24894,1.249195
2017-10-03 11:30:00,1.2494,1.24917,1.249005,1.249445
2017-10-03 11:31:00,1.24938,1.249415,1.24938,1.24946
2017-10-03 11:32:00,1.249435,1.249355,1.249295,1.249485
2017-10-03 11:33:00,1.24946,1.249385,1.24936,1.24949
2017-10-03 11:34:00,1.24939,1.249455,1.24936,1.249455
2017-10-03 11:35:00,1.24968,1.249415,1.249345,1.24977
2017-10-03 11:36:00,1.24972,1.249705,1.249675,1.249805
2017-10-03 11:37:00,1.24956,1.249725,1.24948,1.24973
2017-10-03 11:38:00,1.25004,1.24956,1.24955,1.2501
2017-10-03 11:39:00,1.25004,1.250035,1.24989,1.25009
2017-10-03 11:40:00,1.25006,1.25004,1.249925,1.25006
2017-10-03 11:41:00,1.250075,1.25005,1.24997,1.25009
2017-10-03 11:42:00,1.25012,1.25012,1.25002,1.250185
2017-10-03 11:43:00,1.250185,1.250125,1.25012,1.250325
2017-10-03 11:44:00,1.25024,1.25021,1.25021,1.25037
2017-10-03 11:45:00,1.25015,1.250195,1.250145,1.250225
2017-10-03 11:46:00,1.25005,1.25015,1.25002,1.25016
2017-10-03 11:47:00,1.250065,1.25007,1.250045,1.25008
2017-10-03 11:48:00,1.25003,1.25002,1.24994,1.25003
2017-10-03 11:49:00,1.2502,1.25006,1.25006,1.2502
2017-10-03 11:50:00,1.25034,1.2502,1.25014,1.25037
2017-10-03 11:51:00,1.250425,1.25033,1.250315,1.25053
2017-10-03 11:52:00,1.250285,1.25042,1.250255,1.25043
2017-10-03 11:53:00,1.25009,1.25026,1.25009,1.25032
2017-10-03 11:54:00,1.25,1.25009,1.25,1.250135
2017-10-03 11:55:00,1.250015,1.249995,1.24992,1.25008
2017-10-03 11:56:00,1.250065,1.250065,1.25005,1.25013
2017-10-03 11:57:00,1.25008,1.250065,1.250065,1.25022
2017-10-03 11:58:00,1.249975,1.25009,1.249975,1.250145
2017-10-03 11:59:00,1.24991,1.24993,1.249835,1.24993
2017-10-03 12:00:00,1.24983,1.24986,1.249765,1.2499
2017-10-03 12:01:00,1.24975,1.24987,1.249725,1.249875
2017-10-03 12:02:00,1.249935,1.24975,1.249735,1.24994
2017-10-03 12:03:00,1.25002,1.24993,1.24993,1.25011
2017-10-03 12:04:00,1.24989,1.249965,1.249875,1.250025
2017-10-03 12:05:00,1.249915,1.249905,1.249885,1.249935
2017-10-03 12:06:00,1.249935,1.249915,1.249915,1.250035
2017-10-03 12:07:00,1.249925,1.24993,1.249865,1.249955
2017-10-03 12:08:00,1.24978,1.24991,1.249775,1.24991
2017-10-03 12:09:00,1.249955,1.24982,1.24982,1.25
2017-10-03 12:10:00,1.24983,1.24993,1.24982,1.249975
2017-10-03 12:11:00,1.25002,1.249835,1.249835,1.250025
2017-10-03 12:12:00,1.250035,1.250015,1.249995,1.25005
2017-10-03 12:13:00,1.250075,1.250085,1.25002,1.25011
2017-10-03 12:14:00,1.25028,1.25012,1.250115,1.2503
2017-10-03 12:15:00,1.250605,1.25028,1.25028,1.250605
2017-10-03 12:16:00,1.250685,1.250565,1.25054,1.25069
2017-10-03 12:17:00,1.250615,1.25066,1.250615,1.25068
2017-10-03 12:18:00,1.25063,1.25059,1.250465,1.25064
2017-10-03 12:19:00,1.25063,1.25067,1.25061,1.2507
2017-10-03 12:20:00,1.250585,1.25059,1.250565,1.25061
2017-10-03 12:21:00,1.25058,1.25058,1.25046,1.250585
2017-10-03 12:22:00,1.25058,1.250525,1.25046,1.25058
2017-10-03 12:23:00,1.25064,1.25059,1.250565,1.250655
2017-10-03 12:24:00,1.250575,1.250615,1.25057,1.250635
2017-10-03 12:25:00,1.250765,1.25057,1.25057,1.250765
2017-10-03 12:26:00,1.250825,1.25077,1.25065,1.25097
2017-10-03 12:27:00,1.251075,1.250795,1.25075,1.251145
2017-10-03 12:28:00,1.25113,1.25107,1.250925,1.251225
2017-10-03 12:29:00,1.2511,1.25116,1.251045,1.25123
2017-10-03 12:30:00,1.251095,1.25106,1.251055,1.25132
2017-10-03 12:31:00,1.251265,1.2511,1.25096,1.251975
2017-10-03 12:32:00,1.251025,1.25127,1.25078,1.251285
2017-10-03 12:33:00,1.250775,1.250995,1.250665,1.250995
2017-10-03 12:34:00,1.250485,1.250745,1.250415,1.250745
2017-10-03 12:35:00,1.250415,1.25049,1.25035,1.25049
2017-10-03 12:36:00,1.25035,1.2504,1.250285,1.2504
2017-10-03 12:37:00,1.250345,1.25038,1.250345,1.250425
2017-10-03 12:38:00,1.250385,1.250375,1.25029,1.250425
2017-10-03 12:39:00,1.250235,1.25039,1.250235,1.25039
2017-10-03 12:40:00,1.249995,1.25021,1.24989,1.25021
2017-10-03 12:41:00,1.24975,1.24997,1.24974,1.24997
2017-10-03 12:42:00,1.249705,1.249795,1.24948,1.249805
2017-10-03 12:43:00,1.249705,1.249695,1.249685,1.24983
2017-10-03 12:44:00,1.24977,1.249765,1.24976,1.249775
2017-10-03 12:45:00,1.2496,1.24977,1.249545,1.249785
2017-10-03 12:46:00,1.249475,1.249605,1.249425,1.24961
2017-10-03 12:47:00,1.24943,1.249495,1.24936,1.249565
2017-10-03 12:48:00,1.24925,1.249405,1.24919,1.249405
2017-10-03 12:49:00,1.24917,1.24927,1.249165,1.249365
2017-10-03 12:50:00,1.248885,1.24915,1.24882,1.24915
2017-10-03 12:51:00,1.24888,1.248885,1.248855,1.249025
2017-10-03 12:52:00,1.249085,1.248935,1.24892,1.249165
2017-10-03 12:53:00,1.249035,1.249085,1.248865,1.249105
2017-10-03 12:54:00,1.248935,1.24901,1.248825,1.249015
2017-10-03 12:55:00,1.248775,1.24891,1.24868,1.24894
2017-10-03 12:56:00,1.24886,1.248775,1.248715,1.248885
2017-10-03 12:57:00,1.248775,1.248915,1.248755,1.248915
2017-10-03 12:58:00,1.248545,1.248785,1.24853,1.24881
2017-10-03 12:59:00,1.24842,1.24855,1.248305,1.24872
2017-10-03 13:00:00,1.24886,1.24841,1.2484,1.24893
2017-10-03 13:01:00,1.248725,1.24887,1.248625,1.24887
2017-10-03 13:02:00,1.248875,1.248675,1.248625,1.24893
2017-10-03 13:03:00,1.24885,1.24882,1.24881,1.248925
2017-10-03 13:04:00,1.24882,1.24881,1.248805,1.248835
2017-10-03 13:05:00,1.24874,1.24881,1.24871,1.248815
2017-10-03 13:06:00,1.248665,1.24876,1.2485,1.248765
2017-10-03 13:07:00,1.248695,1.24866,1.24862,1.24872
2017-10-03 13:08:00,1.248655,1.248685,1.2486,1.24873
2017-10-03 13:09:00,1.248645,1.24864,1.24863,1.24868
2017-10-03 13:10:00,1.248545,1.248585,1.248545,1.248615
2017-10-03 13:11:00,1.248465,1.248555,1.24841,1.248555
2017-10-03 13:12:00,1.24839,1.248515,1.248335,1.248515
2017-10-03 13:13:00,1.24832,1.24842,1.24825,1.24848
2017-10-03 13:14:00,1.24826,1.24827,1.248165,1.248305
2017-10-03 13:15:00,1.248275,1.24827,1.24819,1.248325
2017-10-03 13:16:00,1.24829,1.248235,1.248185,1.248295
2017-10-03 13:17:00,1.248355,1.248285,1.24828,1.24843
2017-10-03 13:18:00,1.248585,1.24836,1.248355,1.248585
2017-10-03 13:19:00,1.24865,1.24858,1.24853,1.24865
2017-10-03 13:20:00,1.248445,1.2487,1.248405,1.24876
2017-10-03 13:21:00,1.248535,1.2485,1.248425,1.248545
2017-10-03 13:22:00,1.24853,1.24854,1.248465,1.24854
2017-10-03 13:23:00,1.248455,1.24855,1.24843,1.24856
2017-10-03 13:24:00,1.24833,1.24841,1.24833,1.24841
2017-10-03 13:25:00,1.248315,1.248335,1.24823,1.248365
2017-10-03 13:26:00,1.248575,1.24831,1.24831,1.248575
2017-10-03 13:27:00,1.248575,1.24831,1.24831,1.248575
2017-10-03 13:28:00,1.248575,1.24831,1.24831,1.248575
2017-10-03 13:29:00,1.248755,1.24863,1.24863,1.248765
2017-10-03 13:30:00,1.248785,1.24876,1.248755,1.24881
2017-10-03 13:31:00,1.248785,1.24876,1.24867,1.248785
2017-10-03 13:32:00,1.24884,1.24884,1.24884,1.248885
2017-10-03 13:33:00,1.248905,1.248785,1.248705,1.248945
2017-10-03 13:34:00,1.24889,1.2489,1.24888,1.24891
2017-10-03 13:35:00,1.24891,1.248935,1.24891,1.24898
2017-10-03 13:36:00,1.248935,1.24893,1.248875,1.24903
2017-10-03 13:37:00,1.24898,1.24894,1.24893,1.248985
2017-10-03 13:38:00,1.248945,1.248985,1.248945,1.248995
2017-10-03 13:39:00,1.24895,1.24895,1.248925,1.24897
2017-10-03 13:40:00,1.248785,1.248895,1.24878,1.24891
2017-10-03 13:41:00,1.248855,1.248785,1.24877,1.248855
2017-10-03 13:42:00,1.248925,1.24884,1.24884,1.248935
2017-10-03 13:43:00,1.24882,1.24888,1.248815,1.248895
2017-10-03 13:44:00,1.24873,1.248825,1.248665,1.248825
2017-10-03 13:45:00,1.248755,1.248785,1.24874,1.24879
2017-10-03 13:46:00,1.248725,1.24875,1.248695,1.24878
2017-10-03 13:47:00,1.248955,1.248745,1.248745,1.248955
2017-10-03 13:48:00,1.249,1.24898,1.24898,1.249105
2017-10-03 13:49:00,1.2491,1.249005,1.249005,1.24913
2017-10-03 13:50:00,1.24927,1.2491,1.249095,1.24928
2017-10-03 13:51:00,1.249205,1.24925,1.249205,1.249275
2017-10-03 13:52:00,1.24917,1.24918,1.249095,1.2492
2017-10-03 13:53:00,1.24922,1.249115,1.24911,1.249225
2017-10-03 13:54:00,1.249175,1.24919,1.24912,1.24919
2017-10-03 13:55:00,1.24922,1.24923,1.249215,1.24923
2017-10-03 13:56:00,1.249225,1.249215,1.249145,1.249225
2017-10-03 13:57:00,1.24922,1.24927,1.249215,1.249285
2017-10-03 13:58:00,1.249225,1.24921,1.24921,1.249225
2017-10-03 13:59:00,1.24921,1.249215,1.249135,1.24922
2017-10-03 14:00:00,1.24923,1.24922,1.24917,1.24923
2017-10-03 14:01:00,1.249215,1.24928,1.24921,1.24929
2017-10-03 14:02:00,1.249195,1.24922,1.249195,1.24923
2017-10-03 14:03:00,1.24922,1.24922,1.249095,1.249265
2017-10-03 14:04:00,1.2492,1.24919,1.24916,1.249225
2017-10-03 14:05:00,1.24924,1.249215,1.24919,1.249285
2017-10-03 14:06:00,1.249235,1.249245,1.249205,1.24937
2017-10-03 14:07:00,1.249315,1.24922,1.249215,1.24933
2017-10-03 14:08:00,1.24949,1.24932,1.24932,1.24949
2017-10-03 14:09:00,1.249465,1.249495,1.249445,1.249535
2017-10-03 14:10:00,1.249505,1.249405,1.249405,1.249505
2017-10-03 14:11:00,1.24915,1.249485,1.249095,1.249485
2017-10-03 14:12:00,1.249135,1.249175,1.24909,1.249175
2017-10-03 14:13:00,1.24916,1.24913,1.24912,1.24916
2017-10-03 14:14:00,1.249195,1.249155,1.249145,1.249195
2017-10-03 14:15:00,1.249125,1.249175,1.249125,1.249175
2017-10-03 14:16:00,1.249285,1.249185,1.249185,1.249285
2017-10-03 14:17:00,1.249465,1.249305,1.249305,1.2495
2017-10-03 14:18:00,1.249415,1.24949,1.24938,1.249545
2017-10-03 14:19:00,1.24942,1.24942,1.249395,1.24955
2017-10-03 14:20:00,1.249595,1.249415,1.249415,1.249625
2017-10-03 14:21:00,1.249475,1.24957,1.24937,1.24962
2017-10-03 14:22:00,1.249465,1.24947,1.249435,1.249485
2017-10-03 14:23:00,1.249565,1.249465,1.24938,1.249565
2017-10-03 14:24:00,1.24961,1.24959,1.24948,1.24961
2017-10-03 14:25:00,1.24961,1.24959,1.249565,1.24963
2017-10-03 14:26:00,1.249555,1.249615,1.249555,1.24967
2017-10-03 14:27:00,1.249445,1.249495,1.24941,1.249495
2017-10-03 14:28:00,1.2494,1.24947,1.24939,1.2495
2017-10-03 14:29:00,1.249405,1.2494,1.2494,1.249515
2017-10-03 14:30:00,1.24938,1.249405,1.24922,1.249425
2017-10-03 14:31:00,1.24966,1.249385,1.249385,1.24966
2017-10-03 14:32:00,1.24955,1.249715,1.249545,1.249765
2017-10-03 14:33:00,1.249755,1.24954,1.24954,1.24978
2017-10-03 14:34:00,1.249905,1.24975,1.249745,1.24992
2017-10-03 14:35:00,1.249855,1.24989,1.24985,1.24994
2017-10-03 14:36:00,1.24974,1.249815,1.24974,1.24986
2017-10-03 14:37:00,1.249625,1.2497,1.249625,1.249715
2017-10-03 14:38:00,1.2497,1.249655,1.249655,1.2497
2017-10-03 14:39:00,1.249655,1.24968,1.249655,1.249745
2017-10-03 14:40:00,1.249605,1.24966,1.249605,1.249685
2017-10-03 14:41:00,1.249575,1.24961,1.249575,1.24963
2017-10-03 14:42:00,1.249465,1.24952,1.249415,1.24952
2017-10-03 14:43:00,1.249435,1.249475,1.24938,1.24955
2017-10-03 14:44:00,1.249455,1.24943,1.249405,1.249455
2017-10-03 14:45:00,1.24946,1.24945,1.24945,1.249465
2017-10-03 14:46:00,1.249455,1.249455,1.249455,1.24946
2017-10-03 14:47:00,1.249445,1.24946,1.2494,1.24947
2017-10-03 14:48:00,1.24926,1.249455,1.249255,1.249525
2017-10-03 14:49:00,1.249195,1.24926,1.24909,1.249305
2017-10-03 14:50:00,1.24924,1.2492,1.249175,1.24926
2017-10-03 14:51:00,1.249495,1.249245,1.24918,1.249555
2017-10-03 14:52:00,1.249375,1.24947,1.24933,1.24947
2017-10-03 14:53:00,1.249345,1.249365,1.249345,1.24937
2017-10-03 14:54:00,1.24936,1.249365,1.249275,1.24939
2017-10-03 14:55:00,1.249175,1.249365,1.249175,1.249385
2017-10-03 14:56:00,1.249175,1.24912,1.24911,1.249175
2017-10-03 14:57:00,1.24909,1.249175,1.249045,1.249295
2017-10-03 14:58:00,1.24884,1.249085,1.24884,1.24909
2017-10-03 14:59:00,1.24884,1.24886,1.24879,1.24887
2017-10-03 15:00:00,1.248975,1.248835,1.248835,1.249215
2017-10-03 15:01:00,1.249035,1.248945,1.24894,1.249035
2017-10-03 15:02:00,1.24893,1.24901,1.24858,1.24907
2017-10-03 15:03:00,1.24903,1.248985,1.248975,1.24906
2017-10-03 15:04:00,1.24896,1.24906,1.248955,1.249105
2017-10-03 15:05:00,1.248865,1.248905,1.248845,1.248905
2017-10-03 15:06:00,1.24885,1.24884,1.24884,1.24888
2017-10-03 15:07:00,1.248915,1.24887,1.24879,1.24893
2017-10-03 15:08:00,1.248925,1.248915,1.248895,1.248925
2017-10-03 15:09:00,1.248885,1.2489,1.24885,1.248905
2017-10-03 15:10:00,1.248975,1.248895,1.248875,1.24902
2017-10-03 15:11:00,1.248785,1.248945,1.248655,1.248945
2017-10-03 15:12:00,1.24881,1.248785,1.248775,1.24887
2017-10-03 15:13:00,1.24895,1.248825,1.248735,1.24895
2017-10-03 15:14:00,1.24882,1.24894,1.24882,1.24894
2017-10-03 15:15:00,1.248895,1.24887,1.248855,1.248895
2017-10-03 15:16:00,1.248965,1.2489,1.248895,1.248965
2017-10-03 15:17:00,1.248915,1.248945,1.248845,1.248945
2017-10-03 15:18:00,1.248965,1.24892,1.248915,1.24897
2017-10-03 15:19:00,1.249065,1.24896,1.248955,1.249195
2017-10-03 15:20:00,1.24903,1.24902,1.24899,1.24903
2017-10-03 15:21:00,1.248975,1.24908,1.24897,1.249085
2017-10-03 15:22:00,1.24897,1.24898,1.24893,1.24902
2017-10-03 15:23:00,1.249,1.248925,1.24891,1.24901
2017-10-03 15:24:00,1.248985,1.24903,1.24898,1.249035
2017-10-03 15:25:00,1.24907,1.249015,1.248965,1.249075
2017-10-03 15:26:00,1.248955,1.24908,1.248915,1.24915
2017-10-03 15:27:00,1.248905,1.248955,1.248805,1.248955
2017-10-03 15:28:00,1.24899,1.24891,1.248905,1.24905
2017-10-03 15:29:00,1.248995,1.249,1.24894,1.249015
2017-10-03 15:30:00,1.248955,1.24901,1.248955,1.24901
2017-10-03 15:31:00,1.248935,1.24898,1.24887,1.24898
2017-10-03 15:32:00,1.24908,1.248955,1.248945,1.249085
2017-10-03 15:33:00,1.248925,1.24903,1.248925,1.249055
2017-10-03 15:34:00,1.249005,1.248955,1.24888,1.249005
2017-10-03 15:35:00,1.24881,1.24901,1.248765,1.24903
2017-10-03 15:36:00,1.24895,1.248815,1.248765,1.248955
2017-10-03 15:37:00,1.24876,1.248965,1.24876,1.248965
2017-10-03 15:38:00,1.24876,1.2488,1.248755,1.24886
2017-10-03 15:39:00,1.24883,1.248735,1.248705,1.24883
2017-10-03 15:40:00,1.248775,1.24878,1.248775,1.24878
2017-10-03 15:41:00,1.248665,1.248775,1.248615,1.24879
2017-10-03 15:42:00,1.248515,1.24861,1.248465,1.248645
2017-10-03 15:43:00,1.248695,1.24857,1.24856,1.2487
2017-10-03 15:44:00,1.248665,1.248705,1.248645,1.24894
2017-10-03 15:45:00,1.248685,1.248675,1.24852,1.24881
2017-10-03 15:46:00,1.248685,1.24869,1.248665,1.248785
2017-10-03 15:47:00,1.2488,1.24873,1.24873,1.248805
2017-10-03 15:48:00,1.24856,1.2488,1.24855,1.248805
2017-10-03 15:49:00,1.24837,1.248535,1.248335,1.248535
2017-10-03 15:50:00,1.24843,1.24837,1.248365,1.248495
2017-10-03 15:51:00,1.2488,1.248475,1.248475,1.24883
2017-10-03 15:52:00,1.248665,1.248795,1.248665,1.248815
2017-10-03 15:53:00,1.248675,1.248665,1.24866,1.248775
2017-10-03 15:54:00,1.24869,1.24868,1.24866,1.248735
2017-10-03 15:55:00,1.24873,1.248685,1.248675,1.24873
2017-10-03 15:56:00,1.248755,1.24879,1.248675,1.2488
2017-10-03 15:57:00,1.24865,1.248765,1.24865,1.248765
2017-10-03 15:58:00,1.24861,1.248655,1.248595,1.248675
2017-10-03 15:59:00,1.248665,1.248635,1.248575,1.248665
2017-10-03 16:00:00,1.248635,1.248655,1.24862,1.24869
2017-10-03 16:01:00,1.248575,1.24858,1.248525,1.24863
2017-10-03 16:02:00,1.24858,1.24858,1.24858,1.24858
2017-10-03 16:03:00,1.248545,1.248595,1.248525,1.248605
2017-10-03 16:04:00,1.248545,1.248595,1.248525,1.248605
2017-10-03 16:05:00,1.24855,1.24859,1.24855,1.248645
2017-10-03 16:06:00,1.24874,1.248605,1.24856,1.24875
2017-10-03 16:07:00,1.24861,1.248745,1.2486,1.248745
2017-10-03 16:08:00,1.24846,1.24861,1.24846,1.248645
2017-10-03 16:09:00,1.24842,1.248455,1.248385,1.248465
2017-10-03 16:10:00,1.248395,1.248405,1.24839,1.248475
2017-10-03 16:11:00,1.24829,1.2484,1.248275,1.248495
2017-10-03 16:12:00,1.24853,1.248295,1.24829,1.248535
2017-10-03 16:13:00,1.2485,1.24853,1.248465,1.24859
2017-10-03 16:14:00,1.248465,1.2485,1.24844,1.24852
2017-10-03 16:15:00,1.248475,1.248455,1.248425,1.248475
2017-10-03 16:16:00,1.2484,1.248425,1.24833,1.24844
2017-10-03 16:17:00,1.24842,1.248425,1.248375,1.248475
2017-10-03 16:18:00,1.248085,1.248405,1.248045,1.248435
2017-10-03 16:19:00,1.24841,1.24807,1.24807,1.24841
2017-10-03 16:20:00,1.24844,1.248405,1.2484,1.248445
2017-10-03 16:21:00,1.248485,1.248435,1.248435,1.248485
2017-10-03 16:22:00,1.248485,1.248435,1.248435,1.248485
2017-10-03 16:23:00,1.248485,1.248435,1.248435,1.248485
2017-10-03 16:24:00,1.248485,1.248435,1.248435,1.248485
2017-10-03 16:25:00,1.248535,1.248465,1.248415,1.24855
2017-10-03 16:26:00,1.24855,1.24854,1.248535,1.248585
2017-10-03 16:27:00,1.24854,1.248535,1.24852,1.248555
2017-10-03 16:28:00,1.248515,1.24854,1.24851,1.248545
2017-10-03 16:29:00,1.248515,1.24852,1.24851,1.24853
2017-10-03 16:30:00,1.24854,1.24851,1.24845,1.248545
2017-10-03 16:31:00,1.248545,1.24855,1.248495,1.248575
2017-10-03 16:32:00,1.248595,1.248565,1.248555,1.248605
2017-10-03 16:33:00,1.24861,1.24859,1.24858,1.248645
2017-10-03 16:34:00,1.24857,1.24867,1.24857,1.24867
2017-10-03 16:35:00,1.24854,1.24859,1.24853,1.24859
2017-10-03 16:36:00,1.24848,1.248555,1.24848,1.248635
2017-10-03 16:37:00,1.248495,1.248465,1.248405,1.2485
2017-10-03 16:38:00,1.24861,1.24855,1.24855,1.248615
2017-10-03 16:39:00,1.24861,1.24855,1.24855,1.248615
2017-10-03 16:40:00,1.24861,1.24855,1.24855,1.248615
2017-10-03 16:41:00,1.248635,1.248665,1.24857,1.24867
2017-10-03 16:42:00,1.248715,1.248645,1.24864,1.24876
2017-10-03 16:43:00,1.248745,1.24872,1.24872,1.248795
2017-10-03 16:44:00,1.248765,1.248745,1.24872,1.24878
2017-10-03 16:45:00,1.248695,1.248775,1.248695,1.248785
2017-10-03 16:46:00,1.2486,1.248695,1.24856,1.2487
2017-10-03 16:47:00,1.24872,1.248605,1.24859,1.248735
2017-10-03 16:48:00,1.248715,1.24872,1.248695,1.248745
2017-10-03 16:49:00,1.248725,1.248705,1.248685,1.248725
2017-10-03 16:50:00,1.248745,1.248745,1.24871,1.24876
2017-10-03 16:51:00,1.248885,1.248745,1.248715,1.248895
2017-10-03 16:52:00,1.248865,1.248935,1.248835,1.248945
2017-10-03 16:53:00,1.248845,1.248855,1.248835,1.248875
2017-10-03 16:54:00,1.248795,1.24884,1.248785,1.248845
2017-10-03 16:55:00,1.248765,1.248785,1.248755,1.2488
2017-10-03 16:56:00,1.248805,1.24877,1.24875,1.24884
2017-10-03 16:57:00,1.248685,1.24875,1.248565,1.248755
2017-10-03 16:58:00,1.248665,1.248685,1.24864,1.24872
2017-10-03 17:04:00,1.24825,1.24855,1.248145,1.24868
2017-10-03 17:05:00,1.248495,1.24855,1.248015,1.24869
2017-10-03 17:06:00,1.24856,1.24855,1.248345,1.248575
2017-10-03 17:07:00,1.24878,1.2486,1.2486,1.24884
2017-10-03 17:08:00,1.24878,1.2486,1.2486,1.24884
2017-10-03 17:09:00,1.248865,1.24889,1.248825,1.249
2017-10-03 17:10:00,1.248865,1.24889,1.248825,1.249
2017-10-03 17:11:00,1.248885,1.24896,1.248885,1.248985
2017-10-03 17:12:00,1.248885,1.24896,1.248885,1.248985
2017-10-03 17:13:00,1.248885,1.24896,1.248885,1.248985
2017-10-03 17:14:00,1.248885,1.24896,1.248885,1.248985
2017-10-03 17:15:00,1.248885,1.24896,1.248885,1.248985
2017-10-03 17:16:00,1.248905,1.248995,1.248905,1.248995
2017-10-03 17:17:00,1.248905,1.248995,1.248905,1.248995
2017-10-03 17:18:00,1.248905,1.248995,1.248905,1.248995
2017-10-03 17:19:00,1.248905,1.248995,1.248905,1.248995
2017-10-03 17:20:00,1.248905,1.248995,1.248905,1.248995
2017-10-03 17:21:00,1.248905,1.248995,1.248905,1.248995
2017-10-03 17:22:00,1.248905,1.248995,1.248905,1.248995
2017-10-03 17:23:00,1.248905,1.248995,1.248905,1.248995
2017-10-03 17:24:00,1.248905,1.248995,1.248905,1.248995
2017-10-03 17:25:00,1.248905,1.248995,1.248905,1.248995
2017-10-03 17:26:00,1.248905,1.248995,1.248905,1.248995
2017-10-03 17:27:00,1.24888,1.248805,1.24879,1.24888
2017-10-03 17:28:00,1.24888,1.248805,1.24879,1.24888
2017-10-03 17:29:00,1.248875,1.248785,1.248785,1.248875
2017-10-03 17:30:00,1.248785,1.248765,1.248665,1.248855
2017-10-03 17:31:00,1.248725,1.24882,1.248705,1.24884
2017-10-03 17:32:00,1.24884,1.248805,1.248705,1.24885
2017-10-03 17:33:00,1.248855,1.248865,1.24877,1.248865
2017-10-03 17:34:00,1.248885,1.24895,1.248705,1.248975
2017-10-03 17:35:00,1.248915,1.248915,1.248915,1.248915
2017-10-03 17:36:00,1.248745,1.24894,1.248715,1.24894
2017-10-03 17:37:00,1.24875,1.248745,1.24873,1.24876
2017-10-03 17:38:00,1.2488,1.24874,1.248735,1.2488
2017-10-03 17:39:00,1.2488,1.24874,1.248735,1.2488
2017-10-03 17:40:00,1.2488,1.24874,1.248735,1.2488
2017-10-03 17:41:00,1.24888,1.248875,1.248875,1.2489
2017-10-03 17:42:00,1.248965,1.248885,1.248885,1.24899
2017-10-03 17:43:00,1.248955,1.248965,1.24895,1.248975
2017-10-03 17:44:00,1.24897,1.24896,1.248945,1.24897
2017-10-03 17:45:00,1.248965,1.248975,1.24896,1.248985
2017-10-03 17:46:00,1.24897,1.24896,1.248955,1.24898
2017-10-03 17:47:00,1.248995,1.248975,1.24893,1.24903
2017-10-03 17:48:00,1.248925,1.248995,1.248925,1.249
2017-10-03 17:49:00,1.24886,1.24896,1.248855,1.24896
2017-10-03 17:50:00,1.248925,1.24887,1.24882,1.248925
2017-10-03 17:51:00,1.24895,1.24895,1.24895,1.24895
2017-10-03 17:52:00,1.2489,1.24886,1.24883,1.2489
2017-10-03 17:53:00,1.2489,1.24886,1.24883,1.2489
2017-10-03 17:54:00,1.2489,1.24886,1.24883,1.2489
2017-10-03 17:55:00,1.248875,1.248875,1.248875,1.248875
2017-10-03 17:56:00,1.248875,1.248875,1.248875,1.248875
2017-10-03 17:57:00,1.248875,1.248875,1.248875,1.248875
2017-10-03 17:58:00,1.24895,1.248845,1.248845,1.248995
2017-10-03 17:59:00,1.24898,1.248945,1.24893,1.24899
2017-10-03 18:00:00,1.24899,1.248975,1.24896,1.24901
2017-10-03 18:01:00,1.24902,1.248985,1.24892,1.24919
2017-10-03 18:02:00,1.24902,1.248985,1.24892,1.24919
2017-10-03 18:03:00,1.249115,1.248955,1.248945,1.2492
2017-10-03 18:04:00,1.24909,1.24909,1.24909,1.24909
2017-10-03 18:05:00,1.24909,1.24909,1.24909,1.24909
2017-10-03 18:06:00,1.249105,1.249065,1.24904,1.249105
2017-10-03 18:07:00,1.249105,1.249105,1.2491,1.249125
2017-10-03 18:08:00,1.249105,1.24914,1.249095,1.249165
2017-10-03 18:09:00,1.2491,1.249105,1.24909,1.249115
2017-10-03 18:10:00,1.249145,1.2491,1.24907,1.2492
2017-10-03 18:11:00,1.249075,1.249165,1.24906,1.249165
2017-10-03 18:12:00,1.2491,1.249065,1.24905,1.2491
2017-10-03 18:13:00,1.249055,1.249075,1.249055,1.249075
2017-10-03 18:14:00,1.249055,1.249075,1.249055,1.249075
2017-10-03 18:15:00,1.249175,1.24911,1.24911,1.249175
2017-10-03 18:16:00,1.24924,1.24916,1.24915,1.24924
2017-10-03 18:17:00,1.249295,1.2492,1.2492,1.249295
2017-10-03 18:18:00,1.24933,1.249315,1.24926,1.249405
2017-10-03 18:19:00,1.24933,1.24933,1.24933,1.24933
2017-10-03 18:20:00,1.24937,1.249335,1.249325,1.24937
2017-10-03 18:21:00,1.249515,1.249435,1.249435,1.249585
2017-10-03 18:22:00,1.24951,1.249515,1.2495,1.24953
2017-10-03 18:23:00,1.24955,1.24952,1.24949,1.249565
2017-10-03 18:24:00,1.24955,1.249545,1.249545,1.24955
2017-10-03 18:25:00,1.24937,1.24953,1.249365,1.249535
2017-10-03 18:26:00,1.24937,1.24953,1.249365,1.249535
2017-10-03 18:27:00,1.24937,1.24953,1.249365,1.249535
2017-10-03 18:28:00,1.24927,1.249355,1.249255,1.24936
2017-10-03 18:29:00,1.24941,1.24926,1.24926,1.249415
2017-10-03 18:30:00,1.249425,1.249425,1.249415,1.249435
2017-10-03 18:31:00,1.249395,1.249425,1.24939,1.249425
2017-10-03 18:32:00,1.249425,1.249405,1.249405,1.249425
2017-10-03 18:33:00,1.249255,1.24942,1.249255,1.24942
2017-10-03 18:34:00,1.249275,1.24924,1.24924,1.249325
2017-10-03 18:35:00,1.249275,1.249275,1.249275,1.249275
2017-10-03 18:36:00,1.249275,1.24927,1.249265,1.249275
2017-10-03 18:37:00,1.249275,1.249275,1.249275,1.249275
2017-10-03 18:38:00,1.249475,1.2493,1.2493,1.24951
2017-10-03 18:39:00,1.24946,1.24948,1.249455,1.249505
2017-10-03 18:40:00,1.24929,1.24945,1.249285,1.24946
2017-10-03 18:41:00,1.248905,1.24928,1.248895,1.249285
2017-10-03 18:42:00,1.24889,1.24889,1.24889,1.248895
2017-10-03 18:43:00,1.24886,1.248835,1.24882,1.24886
2017-10-03 18:44:00,1.24876,1.248805,1.248755,1.248815
2017-10-03 18:45:00,1.24871,1.24876,1.248695,1.248775
2017-10-03 18:46:00,1.248715,1.248715,1.248695,1.24876
2017-10-03 18:47:00,1.248805,1.24871,1.248705,1.248805
2017-10-03 18:48:00,1.248805,1.24871,1.248705,1.248805
2017-10-03 18:49:00,1.24865,1.248785,1.24865,1.248785
2017-10-03 18:50:00,1.248715,1.248645,1.24864,1.248715
2017-10-03 18:51:00,1.248805,1.24871,1.2487,1.248805
2017-10-03 18:52:00,1.24876,1.24878,1.24876,1.24878
2017-10-03 18:53:00,1.248835,1.248825,1.24881,1.248845
2017-10-03 18:54:00,1.248795,1.24883,1.248795,1.248835
2017-10-03 18:55:00,1.24881,1.2488,1.24878,1.24882
2017-10-03 18:56:00,1.24889,1.2488,1.248785,1.2489
2017-10-03 18:57:00,1.248955,1.2489,1.248895,1.24896
2017-10-03 18:58:00,1.24902,1.24895,1.248945,1.249025
2017-10-03 18:59:00,1.24902,1.24895,1.248945,1.249025
2017-10-03 19:00:00,1.24902,1.24895,1.248945,1.249025
2017-10-03 19:01:00,1.248955,1.249085,1.24895,1.249095
2017-10-03 19:02:00,1.249055,1.248955,1.248955,1.249055
2017-10-03 19:03:00,1.24905,1.24906,1.24903,1.249085
2017-10-03 19:04:00,1.249155,1.249055,1.24905,1.24916
2017-10-03 19:05:00,1.24914,1.249155,1.24913,1.24916
2017-10-03 19:06:00,1.249155,1.24915,1.249125,1.249175
2017-10-03 19:07:00,1.24908,1.24915,1.249055,1.249155
2017-10-03 19:08:00,1.24907,1.24907,1.249065,1.24909
2017-10-03 19:09:00,1.249015,1.24903,1.24899,1.24908
2017-10-03 19:10:00,1.24914,1.249015,1.249015,1.24915
2017-10-03 19:11:00,1.24913,1.249145,1.24911,1.249145
2017-10-03 19:12:00,1.24914,1.249145,1.24914,1.249145
2017-10-03 19:13:00,1.24913,1.249115,1.249115,1.249135
2017-10-03 19:14:00,1.24917,1.24913,1.24913,1.2492
2017-10-03 19:15:00,1.24917,1.24916,1.24916,1.24918
2017-10-03 19:16:00,1.249195,1.249165,1.24916,1.249215
2017-10-03 19:17:00,1.249145,1.249255,1.249115,1.24934
2017-10-03 19:18:00,1.249135,1.24914,1.249115,1.249155
2017-10-03 19:19:00,1.249205,1.249135,1.24913,1.249205
2017-10-03 19:20:00,1.249275,1.24926,1.24922,1.249275
2017-10-03 19:21:00,1.249275,1.24926,1.24922,1.249275
2017-10-03 19:22:00,1.249225,1.249325,1.249205,1.24933
2017-10-03 19:23:00,1.2492,1.249225,1.24919,1.24924
2017-10-03 19:24:00,1.24927,1.249195,1.24919,1.24927
2017-10-03 19:25:00,1.24912,1.24925,1.24912,1.24925
2017-10-03 19:26:00,1.249075,1.24914,1.249065,1.24914
2017-10-03 19:27:00,1.24904,1.24906,1.249025,1.249075
2017-10-03 19:28:00,1.249065,1.24904,1.24902,1.249065
2017-10-03 19:29:00,1.249065,1.24904,1.24902,1.249065
2017-10-03 19:30:00,1.249065,1.24904,1.24902,1.249065
2017-10-03 19:31:00,1.249065,1.24904,1.24902,1.249065
2017-10-03 19:32:00,1.2491,1.24904,1.24904,1.2491
2017-10-03 19:33:00,1.24907,1.249105,1.249065,1.24911
2017-10-03 19:34:00,1.24898,1.249075,1.248975,1.24908
2017-10-03 19:35:00,1.24908,1.248985,1.24895,1.24911
2017-10-03 19:36:00,1.24911,1.249075,1.249055,1.24911
2017-10-03 19:37:00,1.249155,1.249135,1.249095,1.249155
2017-10-03 19:38:00,1.249145,1.249155,1.24912,1.249185
2017-10-03 19:39:00,1.249185,1.24915,1.24915,1.2492
2017-10-03 19:40:00,1.249185,1.24916,1.24916,1.2492
2017-10-03 19:41:00,1.249195,1.24919,1.24918,1.2492
2017-10-03 19:42:00,1.24918,1.2492,1.249165,1.24922
2017-10-03 19:43:00,1.249145,1.24917,1.249135,1.249175
2017-10-03 19:44:00,1.24917,1.249165,1.24916,1.24917
2017-10-03 19:45:00,1.24918,1.249175,1.249165,1.249185
2017-10-03 19:46:00,1.24919,1.24918,1.24916,1.249195
2017-10-03 19:47:00,1.24934,1.24917,1.249165,1.249355
2017-10-03 19:48:00,1.249375,1.24936,1.249355,1.249385
2017-10-03 19:49:00,1.249315,1.24938,1.249305,1.249395
2017-10-03 19:50:00,1.249315,1.24932,1.24929,1.249325
2017-10-03 19:51:00,1.249265,1.24925,1.249245,1.24928
2017-10-03 19:52:00,1.249275,1.249265,1.249265,1.2493
2017-10-03 19:53:00,1.249315,1.249275,1.249275,1.249315
2017-10-03 19:54:00,1.24925,1.249295,1.24924,1.249295
2017-10-03 19:55:00,1.2493,1.24925,1.24925,1.249315
2017-10-03 19:56:00,1.249275,1.24928,1.249265,1.24932
2017-10-03 19:57:00,1.24916,1.249255,1.24916,1.24932
2017-10-03 19:58:00,1.249115,1.24916,1.24911,1.249175
2017-10-03 19:59:00,1.249025,1.249125,1.249005,1.249145
2017-10-03 20:00:00,1.24901,1.249055,1.24898,1.249055
2017-10-03 20:01:00,1.249095,1.249015,1.24901,1.249115
2017-10-03 20:02:00,1.24906,1.249115,1.24905,1.24912
2017-10-03 20:03:00,1.249055,1.24906,1.24905,1.249125
2017-10-03 20:04:00,1.24904,1.24904,1.249025,1.24905
2017-10-03 20:05:00,1.248925,1.24904,1.24892,1.24905
2017-10-03 20:06:00,1.2488,1.24893,1.248775,1.248935
2017-10-03 20:07:00,1.248715,1.24881,1.248695,1.248815
2017-10-03 20:08:00,1.248515,1.24871,1.248435,1.24871
2017-10-03 20:09:00,1.248145,1.248545,1.248145,1.248565
2017-10-03 20:10:00,1.24808,1.2481,1.24801,1.24813
2017-10-03 20:11:00,1.24803,1.24808,1.24802,1.248155
2017-10-03 20:12:00,1.24802,1.248035,1.248,1.248115
2017-10-03 20:13:00,1.248035,1.248015,1.248,1.248045
2017-10-03 20:14:00,1.24803,1.24804,1.248015,1.24808
2017-10-03 20:15:00,1.248065,1.248025,1.24802,1.248065
2017-10-03 20:16:00,1.248035,1.248115,1.248,1.24814
2017-10-03 20:17:00,1.248035,1.248025,1.24802,1.248035
2017-10-03 20:18:00,1.247505,1.248065,1.247425,1.248065
2017-10-03 20:19:00,1.2476,1.2475,1.24727,1.247655
2017-10-03 20:20:00,1.24742,1.2476,1.247395,1.247645
2017-10-03 20:21:00,1.24732,1.24743,1.247275,1.247465
2017-10-03 20:22:00,1.247305,1.24733,1.247235,1.2474
2017-10-03 20:23:00,1.247405,1.247355,1.24725,1.247455
2017-10-03 20:24:00,1.247365,1.24741,1.247295,1.247495
2017-10-03 20:25:00,1.247275,1.247365,1.247195,1.24753
2017-10-03 20:26:00,1.247405,1.24728,1.24725,1.24743
2017-10-03 20:27:00,1.24754,1.2474,1.247395,1.247545
2017-10-03 20:28:00,1.24762,1.24759,1.247585,1.247635
2017-10-03 20:29:00,1.247605,1.247625,1.247455,1.247625
2017-10-03 20:30:00,1.247425,1.2476,1.247425,1.2476
2017-10-03 20:31:00,1.247285,1.24741,1.24723,1.247415
2017-10-03 20:32:00,1.247195,1.24723,1.247195,1.247235
2017-10-03 20:33:00,1.247265,1.24718,1.24718,1.24728
2017-10-03 20:34:00,1.24722,1.24727,1.24722,1.24727
2017-10-03 20:35:00,1.2472,1.2472,1.2472,1.2472
2017-10-03 20:36:00,1.24718,1.247145,1.247125,1.247185
2017-10-03 20:37:00,1.247295,1.247205,1.247195,1.2473
2017-10-03 20:38:00,1.24753,1.24728,1.247255,1.247545
2017-10-03 20:39:00,1.24759,1.247585,1.24757,1.24763
2017-10-03 20:40:00,1.247225,1.24756,1.247225,1.24756
2017-10-03 20:41:00,1.247225,1.24721,1.24712,1.24724
2017-10-03 20:42:00,1.247165,1.24723,1.247165,1.247235
2017-10-03 20:43:00,1.24728,1.247185,1.247185,1.24732
2017-10-03 20:44:00,1.247335,1.247275,1.247275,1.24741
2017-10-03 20:45:00,1.247105,1.24734,1.24709,1.24741
2017-10-03 20:46:00,1.24681,1.247075,1.246695,1.247125
2017-10-03 20:47:00,1.246575,1.24685,1.246425,1.246855
2017-10-03 20:48:00,1.24643,1.24656,1.246275,1.24669
2017-10-03 20:49:00,1.24646,1.246445,1.24626,1.246565
2017-10-03 20:50:00,1.246815,1.246465,1.24646,1.246825
2017-10-03 20:51:00,1.246955,1.24683,1.246825,1.24711
2017-10-03 20:52:00,1.24707,1.246945,1.246905,1.247125
2017-10-03 20:53:00,1.247315,1.24706,1.24704,1.24738
2017-10-03 20:54:00,1.247255,1.24737,1.247255,1.247575
2017-10-03 20:55:00,1.247815,1.247205,1.247185,1.247915
2017-10-03 20:56:00,1.24714,1.247845,1.247055,1.24787
2017-10-03 20:57:00,1.247105,1.247085,1.24707,1.24718
2017-10-03 20:58:00,1.2469,1.24711,1.24686,1.247115
2017-10-03 20:59:00,1.246975,1.246955,1.24691,1.247155
2017-10-03 21:00:00,1.246915,1.246935,1.246855,1.246985
2017-10-03 21:01:00,1.246865,1.24698,1.246765,1.24699
2017-10-03 21:02:00,1.24704,1.24686,1.24683,1.24719
2017-10-03 21:03:00,1.247175,1.247065,1.24703,1.24721
2017-10-03 21:04:00,1.24749,1.24718,1.24718,1.24752
2017-10-03 21:05:00,1.24721,1.247485,1.24721,1.24752
2017-10-03 21:06:00,1.24747,1.24726,1.247245,1.247485
2017-10-03 21:07:00,1.247465,1.24746,1.24744,1.24752
2017-10-03 21:08:00,1.24766,1.247475,1.247445,1.24768
2017-10-03 21:09:00,1.24764,1.247635,1.24754,1.24787
2017-10-03 21:10:00,1.24759,1.24765,1.24759,1.24768
2017-10-03 21:11:00,1.24752,1.24758,1.247465,1.247585
2017-10-03 21:12:00,1.247705,1.247545,1.24754,1.247725
2017-10-03 21:13:00,1.247615,1.247715,1.2476,1.247805
2017-10-03 21:14:00,1.247535,1.24761,1.2475,1.247615
2017-10-03 21:15:00,1.247715,1.247545,1.247545,1.247735
2017-10-03 21:16:00,1.247745,1.24772,1.24768,1.247745
2017-10-03 21:17:00,1.247695,1.247755,1.247685,1.247765
2017-10-03 21:18:00,1.247775,1.24769,1.247685,1.247795
2017-10-03 21:19:00,1.24759,1.24777,1.24758,1.247775
2017-10-03 21:20:00,1.24756,1.24756,1.247475,1.247585
2017-10-03 21:21:00,1.247515,1.247585,1.247465,1.247615
2017-10-03 21:22:00,1.24754,1.24751,1.24751,1.24754
2017-10-03 21:23:00,1.24754,1.24751,1.24751,1.24754
2017-10-03 21:24:00,1.247545,1.247515,1.247385,1.247715
2017-10-03 21:25:00,1.24755,1.247545,1.247525,1.24756
2017-10-03 21:26:00,1.24748,1.24754,1.24748,1.247615
2017-10-03 21:27:00,1.24755,1.24747,1.24743,1.247555
2017-10-03 21:28:00,1.24755,1.247555,1.247545,1.247565
2017-10-03 21:29:00,1.247565,1.247555,1.24755,1.247665
2017-10-03 21:30:00,1.247625,1.247575,1.24753,1.247645
2017-10-03 21:31:00,1.247605,1.247595,1.24751,1.247665
2017-10-03 21:32:00,1.24755,1.247605,1.24754,1.247645
2017-10-03 21:33:00,1.24751,1.247535,1.24744,1.24754
2017-10-03 21:34:00,1.247475,1.247525,1.247475,1.24754
2017-10-03 21:35:00,1.247405,1.247435,1.247395,1.24748
2017-10-03 21:36:00,1.247385,1.2474,1.24737,1.2474
2017-10-03 21:37:00,1.247405,1.24737,1.247365,1.247435
2017-10-03 21:38:00,1.247455,1.247395,1.24738,1.247455
2017-10-03 21:39:00,1.24752,1.247435,1.247435,1.24752
2017-10-03 21:40:00,1.247565,1.247575,1.247535,1.24758
2017-10-03 21:41:00,1.247565,1.247575,1.247535,1.24758
2017-10-03 21:42:00,1.24747,1.24757,1.24741,1.24757
2017-10-03 21:43:00,1.247465,1.247485,1.24746,1.24756
2017-10-03 21:44:00,1.247375,1.24741,1.24737,1.247515
2017-10-03 21:45:00,1.247525,1.24737,1.24737,1.24755
2017-10-03 21:46:00,1.247435,1.247525,1.247395,1.247545
2017-10-03 21:47:00,1.247535,1.247435,1.247435,1.247555
2017-10-03 21:48:00,1.24752,1.247535,1.2475,1.24754
2017-10-03 21:49:00,1.24752,1.247535,1.24752,1.247555
2017-10-03 21:50:00,1.24733,1.24747,1.24733,1.24749
2017-10-03 21:51:00,1.24741,1.2473,1.2473,1.24742
2017-10-03 21:52:00,1.247385,1.247385,1.247345,1.24743
2017-10-03 21:53:00,1.24731,1.24732,1.24727,1.24733
2017-10-03 21:54:00,1.24711,1.247255,1.24706,1.24726
2017-10-03 21:55:00,1.247185,1.247105,1.24705,1.247185
2017-10-03 21:56:00,1.247175,1.2472,1.24709,1.247235
2017-10-03 21:57:00,1.247075,1.247165,1.24704,1.247165
2017-10-03 21:58:00,1.24728,1.24706,1.24706,1.247305
2017-10-03 21:59:00,1.24731,1.247275,1.247275,1.24731
2017-10-03 22:00:00,1.247285,1.247285,1.24727,1.247355
2017-10-03 22:01:00,1.24724,1.24731,1.24724,1.24734
2017-10-03 22:02:00,1.24717,1.247245,1.24717,1.24727
2017-10-03 22:03:00,1.24713,1.247175,1.24711,1.247185
2017-10-03 22:04:00,1.246925,1.24711,1.246925,1.24711
2017-10-03 22:05:00,1.24696,1.24695,1.246945,1.24709
2017-10-03 22:06:00,1.246585,1.246965,1.246545,1.246965
2017-10-03 22:07:00,1.246605,1.246605,1.24644,1.246655
2017-10-03 22:08:00,1.24642,1.246555,1.24642,1.24661
2017-10-03 22:09:00,1.246435,1.2464,1.246385,1.246465
2017-10-03 22:10:00,1.246255,1.246385,1.24614,1.246395
2017-10-03 22:11:00,1.246255,1.246385,1.24614,1.246395
2017-10-03 22:12:00,1.24622,1.24628,1.246205,1.246375
2017-10-03 22:13:00,1.246385,1.246215,1.24618,1.246435
2017-10-03 22:14:00,1.246115,1.246385,1.246105,1.24639
2017-10-03 22:15:00,1.24601,1.246165,1.245745,1.246165
2017-10-03 22:16:00,1.246185,1.245995,1.24599,1.24626
2017-10-03 22:17:00,1.246105,1.24619,1.245995,1.24621
2017-10-03 22:18:00,1.24611,1.2461,1.24608,1.246115
2017-10-03 22:19:00,1.24638,1.246115,1.246095,1.24638
2017-10-03 22:20:00,1.24618,1.246385,1.24616,1.246405
2017-10-03 22:21:00,1.2464,1.24623,1.246225,1.24641
2017-10-03 22:22:00,1.246485,1.246415,1.24641,1.24651
2017-10-03 22:23:00,1.246485,1.24647,1.246425,1.246505
2017-10-03 22:24:00,1.246445,1.24649,1.24639,1.246505
2017-10-03 22:25:00,1.246465,1.246465,1.246465,1.246465
2017-10-03 22:26:00,1.246665,1.246495,1.246495,1.246665
2017-10-03 22:27:00,1.24659,1.246605,1.24659,1.24661
2017-10-03 22:28:00,1.246675,1.246605,1.246595,1.246675
2017-10-03 22:29:00,1.246835,1.24673,1.24673,1.24694
2017-10-03 22:30:00,1.246885,1.246825,1.246825,1.246945
2017-10-03 22:31:00,1.246935,1.246885,1.246825,1.246935
2017-10-03 22:32:00,1.246825,1.24693,1.2468,1.24696
2017-10-03 22:33:00,1.24703,1.24688,1.246815,1.247055
2017-10-03 22:34:00,1.246935,1.24703,1.246785,1.247035
2017-10-03 22:35:00,1.246735,1.246925,1.24672,1.247005
2017-10-03 22:36:00,1.24688,1.24674,1.24674,1.24689
2017-10-03 22:37:00,1.2467,1.246855,1.246655,1.24688
2017-10-03 22:38:00,1.246715,1.24669,1.246655,1.246795
2017-10-03 22:39:00,1.24671,1.24671,1.24668,1.24695
2017-10-03 22:40:00,1.246755,1.246695,1.24669,1.246795
2017-10-03 22:41:00,1.246875,1.246745,1.246745,1.24688
2017-10-03 22:42:00,1.24699,1.24687,1.246855,1.247005
2017-10-03 22:43:00,1.24712,1.24704,1.247015,1.24712
2017-10-03 22:44:00,1.247005,1.24712,1.246995,1.24712
2017-10-03 22:45:00,1.247005,1.24701,1.24695,1.24706
2017-10-03 22:46:00,1.24706,1.24701,1.247005,1.24706
2017-10-03 22:47:00,1.247065,1.24711,1.247035,1.24714
2017-10-03 22:48:00,1.2471,1.24706,1.24704,1.2472
2017-10-03 22:49:00,1.247085,1.247155,1.24703,1.247155
2017-10-03 22:50:00,1.247085,1.24707,1.247025,1.247105
2017-10-03 22:51:00,1.247035,1.247055,1.24701,1.247125
2017-10-03 22:52:00,1.24706,1.247035,1.24702,1.24709
2017-10-03 22:53:00,1.24692,1.24705,1.24687,1.24711
2017-10-03 22:54:00,1.24714,1.24686,1.24685,1.247145
2017-10-03 22:55:00,1.246905,1.247135,1.246905,1.24715
2017-10-03 22:56:00,1.247025,1.246955,1.246955,1.247025
2017-10-03 22:57:00,1.24692,1.24703,1.246855,1.247055
2017-10-03 22:58:00,1.246955,1.24699,1.246925,1.247025
2017-10-03 22:59:00,1.24695,1.247015,1.24693,1.247025
2017-10-03 23:00:00,1.24679,1.24693,1.246785,1.24697
2017-10-03 23:01:00,1.246855,1.246795,1.24679,1.246865
2017-10-03 23:02:00,1.246865,1.246895,1.246865,1.24701
2017-10-03 23:03:00,1.246795,1.24682,1.24679,1.246835
2017-10-03 23:04:00,1.246655,1.2468,1.24661,1.2468
2017-10-03 23:05:00,1.24669,1.24665,1.246645,1.246695
2017-10-03 23:06:00,1.24666,1.246695,1.24666,1.2467
2017-10-03 23:07:00,1.24674,1.24671,1.246705,1.24678
2017-10-03 23:08:00,1.246735,1.24671,1.24671,1.246735
2017-10-03 23:09:00,1.246675,1.24671,1.246565,1.24671
2017-10-03 23:10:00,1.246555,1.24665,1.246545,1.24665
2017-10-03 23:11:00,1.24671,1.24656,1.246555,1.24671
2017-10-03 23:12:00,1.246735,1.24673,1.24672,1.24674
2017-10-03 23:13:00,1.24676,1.24676,1.24676,1.24676
2017-10-03 23:14:00,1.24678,1.24671,1.246685,1.24679
2017-10-03 23:15:00,1.246815,1.246815,1.246815,1.246815
2017-10-03 23:16:00,1.246815,1.246815,1.246815,1.246815
2017-10-03 23:17:00,1.246815,1.246815,1.246815,1.246815
2017-10-03 23:18:00,1.246905,1.246835,1.246835,1.246905
2017-10-03 23:19:00,1.246905,1.246835,1.246835,1.246905
2017-10-03 23:20:00,1.246905,1.246835,1.246835,1.246905
2017-10-03 23:21:00,1.246905,1.246835,1.246835,1.246905
2017-10-03 23:22:00,1.246925,1.246925,1.246925,1.246925
2017-10-03 23:23:00,1.24681,1.246875,1.24678,1.246885
2017-10-03 23:24:00,1.246775,1.246815,1.246705,1.24682
2017-10-03 23:25:00,1.24686,1.246795,1.246795,1.246865
2017-10-03 23:26:00,1.24686,1.246865,1.24686,1.246865
2017-10-03 23:27:00,1.246885,1.246845,1.246845,1.246885
2017-10-03 23:28:00,1.24691,1.24689,1.24678,1.24691
2017-10-03 23:29:00,1.24691,1.24689,1.24678,1.24691
2017-10-03 23:30:00,1.24701,1.246965,1.246965,1.24701
2017-10-03 23:31:00,1.24701,1.247015,1.24701,1.247015
2017-10-03 23:32:00,1.246935,1.24701,1.246935,1.24703
2017-10-03 23:33:00,1.246965,1.246915,1.246915,1.246965
2017-10-03 23:34:00,1.246905,1.246935,1.246855,1.246935
2017-10-03 23:35:00,1.24687,1.246885,1.246865,1.246905
2017-10-03 23:36:00,1.24687,1.246865,1.2468,1.24687
2017-10-03 23:37:00,1.247075,1.24688,1.24688,1.247075
2017-10-03 23:38:00,1.24712,1.247025,1.24687,1.247125
2017-10-03 23:39:00,1.24732,1.24712,1.24711,1.247335
2017-10-03 23:40:00,1.247205,1.247335,1.2472,1.247335
2017-10-03 23:41:00,1.247085,1.24721,1.24706,1.247215
2017-10-03 23:42:00,1.24705,1.24715,1.247045,1.247165
2017-10-03 23:43:00,1.24702,1.24704,1.24702,1.247085
2017-10-03 23:44:00,1.247045,1.24704,1.24697,1.24705
2017-10-03 23:45:00,1.24717,1.247055,1.247055,1.247225
2017-10-03 23:46:00,1.24718,1.247195,1.24713,1.247195
2017-10-03 23:47:00,1.24714,1.24715,1.247105,1.247225
2017-10-03 23:48:00,1.24727,1.24718,1.24718,1.24732
2017-10-03 23:49:00,1.24725,1.247265,1.24723,1.2473
2017-10-03 23:50:00,1.24714,1.24725,1.247135,1.24725
2017-10-03 23:51:00,1.247165,1.247145,1.247145,1.24718
2017-10-03 23:52:00,1.247135,1.24716,1.247105,1.247195
2017-10-03 23:53:00,1.247095,1.247085,1.247085,1.2471
2017-10-03 23:54:00,1.24712,1.24709,1.24709,1.24712
2017-10-03 23:55:00,1.247145,1.247145,1.247145,1.247145
2017-10-03 23:56:00,1.2471,1.24709,1.24709,1.2471
2017-10-03 23:57:00,1.24734,1.247105,1.247105,1.247345
2017-10-03 23:58:00,1.24733,1.247335,1.247315,1.24734
2017-10-03 23:59:00,1.24733,1.247335,1.247315,1.24734
2017-10-04 00:00:00,1.247305,1.247335,1.247305,1.247335
2017-10-04 00:01:00,1.247025,1.24725,1.247025,1.24725
2017-10-04 00:02:00,1.247045,1.24697,1.24693,1.247045
2017-10-04 00:03:00,1.24704,1.247025,1.247005,1.247055
2017-10-04 00:04:00,1.247055,1.247035,1.247025,1.24706
2017-10-04 00:05:00,1.24707,1.247045,1.247015,1.24711
2017-10-04 00:06:00,1.247115,1.24708,1.24707,1.247115
2017-10-04 00:07:00,1.247195,1.24711,1.2471,1.247225
2017-10-04 00:08:00,1.24718,1.24719,1.247175,1.24721
2017-10-04 00:09:00,1.247205,1.247175,1.247175,1.247215
2017-10-04 00:10:00,1.2473,1.24721,1.24721,1.2473
2017-10-04 00:11:00,1.247235,1.247275,1.247235,1.247275
2017-10-04 00:12:00,1.247315,1.247285,1.247285,1.247345
2017-10-04 00:13:00,1.24715,1.2473,1.247145,1.247305
2017-10-04 00:14:00,1.24718,1.24718,1.247175,1.24729
2017-10-04 00:15:00,1.247085,1.247165,1.24707,1.24718
2017-10-04 00:16:00,1.24717,1.24709,1.24709,1.24717
2017-10-04 00:17:00,1.24718,1.247175,1.24715,1.247185
2017-10-04 00:18:00,1.24721,1.247175,1.247155,1.24723
2017-10-04 00:19:00,1.24721,1.247175,1.247155,1.24723
2017-10-04 00:20:00,1.24713,1.24718,1.24713,1.24718
2017-10-04 00:21:00,1.247285,1.24718,1.247155,1.24729
2017-10-04 00:22:00,1.24713,1.247295,1.247105,1.2473
2017-10-04 00:23:00,1.247255,1.247115,1.247075,1.24728
2017-10-04 00:24:00,1.24733,1.24726,1.247195,1.2474
2017-10-04 00:25:00,1.24724,1.247335,1.247235,1.24734
2017-10-04 00:26:00,1.24724,1.24725,1.247235,1.247255
2017-10-04 00:27:00,1.247085,1.247235,1.247085,1.24724
2017-10-04 00:28:00,1.24707,1.247085,1.247055,1.247085
2017-10-04 00:29:00,1.247115,1.247045,1.247045,1.247115
2017-10-04 00:30:00,1.247235,1.247135,1.247135,1.247235
2017-10-04 00:31:00,1.247265,1.24726,1.247255,1.247325
2017-10-04 00:32:00,1.247205,1.24725,1.24716,1.24728
2017-10-04 00:33:00,1.24726,1.24721,1.247195,1.247265
2017-10-04 00:34:00,1.24733,1.24727,1.247265,1.247335
2017-10-04 00:35:00,1.24735,1.247315,1.2473,1.24738
2017-10-04 00:36:00,1.247325,1.247345,1.2473,1.24735
2017-10-04 00:37:00,1.24723,1.247335,1.2472,1.24735
2017-10-04 00:38:00,1.24717,1.247205,1.247155,1.247235
2017-10-04 00:39:00,1.247225,1.247165,1.247145,1.247225
2017-10-04 00:40:00,1.247225,1.247165,1.247145,1.247225
2017-10-04 00:41:00,1.24728,1.24728,1.24728,1.24728
2017-10-04 00:42:00,1.247205,1.247285,1.247205,1.247285
2017-10-04 00:43:00,1.2472,1.24723,1.24719,1.24726
2017-10-04 00:44:00,1.2472,1.24723,1.24719,1.24726
2017-10-04 00:45:00,1.247205,1.24718,1.24718,1.24721
2017-10-04 00:46:00,1.24726,1.24719,1.247175,1.24726
2017-10-04 00:47:00,1.24733,1.24732,1.24732,1.24738
2017-10-04 00:48:00,1.247325,1.247325,1.24732,1.24733
2017-10-04 00:49:00,1.247325,1.247325,1.24732,1.24733
2017-10-04 00:50:00,1.24731,1.24733,1.247305,1.247335
2017-10-04 00:51:00,1.24723,1.24732,1.24723,1.24732
2017-10-04 00:52:00,1.24725,1.24723,1.247225,1.247255
2017-10-04 00:53:00,1.24724,1.24725,1.24723,1.24725
2017-10-04 00:54:00,1.24723,1.247235,1.247225,1.247245
2017-10-04 00:55:00,1.24723,1.247235,1.247225,1.247245
2017-10-04 00:56:00,1.247195,1.247235,1.247185,1.24724
2017-10-04 00:57:00,1.2471,1.247205,1.24705,1.247215
2017-10-04 00:58:00,1.247,1.247105,1.247,1.24711
2017-10-04 00:59:00,1.24696,1.24697,1.246925,1.246995
2017-10-04 01:00:00,1.24684,1.24691,1.24674,1.24691
2017-10-04 01:01:00,1.24692,1.246835,1.24674,1.24693
2017-10-04 01:02:00,1.246955,1.246975,1.246955,1.247005
2017-10-04 01:03:00,1.24695,1.24695,1.24695,1.24695
2017-10-04 01:04:00,1.246795,1.246955,1.246795,1.246985
2017-10-04 01:05:00,1.246795,1.246955,1.246795,1.246985
2017-10-04 01:06:00,1.246795,1.246955,1.246795,1.246985
2017-10-04 01:07:00,1.246795,1.246955,1.246795,1.246985
2017-10-04 01:08:00,1.246795,1.246955,1.246795,1.246985
2017-10-04 01:09:00,1.246575,1.246745,1.246575,1.246745
2017-10-04 01:10:00,1.246335,1.246555,1.246335,1.24657
2017-10-04 01:11:00,1.24624,1.24633,1.24623,1.24636
2017-10-04 01:12:00,1.246415,1.24623,1.24622,1.246415
2017-10-04 01:13:00,1.24642,1.246355,1.246345,1.24646
2017-10-04 01:14:00,1.246475,1.246445,1.246445,1.24648
2017-10-04 01:15:00,1.246475,1.246415,1.24635,1.246475
2017-10-04 01:16:00,1.24648,1.24648,1.24647,1.246495
2017-10-04 01:17:00,1.24652,1.24651,1.246485,1.246535
2017-10-04 01:18:00,1.24652,1.24651,1.246485,1.246535
2017-10-04 01:19:00,1.24645,1.24649,1.2464,1.24649
2017-10-04 01:20:00,1.246465,1.246455,1.24642,1.24653
2017-10-04 01:21:00,1.2465,1.246525,1.2465,1.246545
2017-10-04 01:22:00,1.24639,1.24644,1.24636,1.24644
2017-10-04 01:23:00,1.2464,1.24633,1.24627,1.246415
2017-10-04 01:24:00,1.24639,1.246395,1.246375,1.246405
2017-10-04 01:25:00,1.24651,1.246395,1.246385,1.24651
2017-10-04 01:26:00,1.24672,1.246565,1.246565,1.24673
2017-10-04 01:27:00,1.246595,1.24671,1.24658,1.24671
2017-10-04 01:28:00,1.24654,1.246545,1.246505,1.246675
2017-10-04 01:29:00,1.24656,1.246535,1.24652,1.24662
2017-10-04 01:30:00,1.246735,1.24656,1.24656,1.24674
2017-10-04 01:31:00,1.246855,1.246735,1.246725,1.246855
2017-10-04 01:32:00,1.246855,1.246735,1.246725,1.246855
2017-10-04 01:33:00,1.24691,1.24691,1.24691,1.24691
2017-10-04 01:34:00,1.246895,1.246935,1.24682,1.24696
2017-10-04 01:35:00,1.24692,1.246895,1.246895,1.24693
2017-10-04 01:36:00,1.246935,1.246915,1.246905,1.246935
2017-10-04 01:37:00,1.24695,1.24691,1.24691,1.24701
2017-10-04 01:38:00,1.24695,1.24691,1.24691,1.24701
2017-10-04 01:39:00,1.246925,1.2469,1.246875,1.24693
2017-10-04 01:40:00,1.247035,1.24691,1.246905,1.24704
2017-10-04 01:41:00,1.246825,1.247045,1.246785,1.24705
2017-10-04 01:42:00,1.24676,1.24683,1.2467,1.24688
2017-10-04 01:43:00,1.24696,1.246755,1.24675,1.24696
2017-10-04 01:44:00,1.247005,1.246975,1.24691,1.247015
2017-10-04 01:45:00,1.24698,1.247005,1.246975,1.24701
2017-10-04 01:46:00,1.24698,1.246985,1.246965,1.24701
2017-10-04 01:47:00,1.246765,1.246975,1.246695,1.246985
2017-10-04 01:48:00,1.24673,1.2467,1.24665,1.24674
2017-10-04 01:49:00,1.24669,1.246725,1.24665,1.246815
2017-10-04 01:50:00,1.24666,1.246675,1.246615,1.246695
2017-10-04 01:51:00,1.24658,1.24665,1.246565,1.246705
2017-10-04 01:52:00,1.24656,1.246605,1.246545,1.246675
2017-10-04 01:53:00,1.24653,1.24659,1.24651,1.24659
2017-10-04 01:54:00,1.246605,1.24653,1.24652,1.246635
2017-10-04 01:55:00,1.24667,1.24661,1.246605,1.246685
2017-10-04 01:56:00,1.2466,1.24665,1.24656,1.24665
2017-10-04 01:57:00,1.246565,1.24661,1.246535,1.24661
2017-10-04 01:58:00,1.24669,1.246585,1.24658,1.246695
2017-10-04 01:59:00,1.246675,1.246675,1.246675,1.246675
2017-10-04 02:00:00,1.2467,1.24667,1.246645,1.24676
2017-10-04 02:01:00,1.246725,1.246695,1.246685,1.246755
2017-10-04 02:02:00,1.246725,1.24671,1.24671,1.2469
2017-10-04 02:03:00,1.246895,1.246745,1.24674,1.246915
2017-10-04 02:04:00,1.246875,1.246895,1.246865,1.246895
2017-10-04 02:05:00,1.24674,1.24694,1.246735,1.24696
2017-10-04 02:06:00,1.24615,1.246745,1.246105,1.246795
2017-10-04 02:07:00,1.24593,1.246165,1.24584,1.246165
2017-10-04 02:08:00,1.245925,1.245925,1.245915,1.24604
2017-10-04 02:09:00,1.246145,1.24594,1.24594,1.246145
2017-10-04 02:10:00,1.24611,1.246175,1.246085,1.24626
2017-10-04 02:11:00,1.246005,1.246045,1.24584,1.2461
2017-10-04 02:12:00,1.24601,1.246,1.24599,1.24603
2017-10-04 02:13:00,1.24612,1.246015,1.246,1.24613
2017-10-04 02:14:00,1.24631,1.246135,1.246125,1.246345
2017-10-04 02:15:00,1.246335,1.24637,1.246335,1.246425
2017-10-04 02:16:00,1.246555,1.246335,1.246175,1.246575
2017-10-04 02:17:00,1.2465,1.246555,1.24647,1.246695
2017-10-04 02:18:00,1.246745,1.24648,1.24648,1.24676
2017-10-04 02:19:00,1.246565,1.24674,1.246535,1.24676
2017-10-04 02:20:00,1.246595,1.24657,1.246515,1.246715
2017-10-04 02:21:00,1.24654,1.24655,1.24638,1.24655
2017-10-04 02:22:00,1.24653,1.24654,1.24649,1.24666
2017-10-04 02:23:00,1.246445,1.246515,1.246445,1.24658
2017-10-04 02:24:00,1.24644,1.24642,1.246395,1.246605
2017-10-04 02:25:00,1.246565,1.24645,1.24643,1.246595
2017-10-04 02:26:00,1.24661,1.246585,1.246525,1.24663
2017-10-04 02:27:00,1.24653,1.24661,1.24653,1.246645
2017-10-04 02:28:00,1.24641,1.246535,1.246405,1.24658
2017-10-04 02:29:00,1.246195,1.24641,1.246155,1.246435
2017-10-04 02:30:00,1.246225,1.24618,1.246095,1.246245
2017-10-04 02:31:00,1.246165,1.246245,1.24615,1.24633
2017-10-04 02:32:00,1.24616,1.24617,1.246015,1.24619
2017-10-04 02:33:00,1.246175,1.24617,1.246165,1.246245
2017-10-04 02:34:00,1.24625,1.246205,1.24618,1.24638
2017-10-04 02:35:00,1.246335,1.246235,1.246195,1.246335
2017-10-04 02:36:00,1.24625,1.24636,1.24625,1.24636
2017-10-04 02:37:00,1.24609,1.246195,1.24604,1.24622
2017-10-04 02:38:00,1.2463,1.2461,1.246025,1.246315
2017-10-04 02:39:00,1.246275,1.246305,1.246255,1.24634
2017-10-04 02:40:00,1.246395,1.246265,1.246175,1.246395
2017-10-04 02:41:00,1.246545,1.24642,1.24642,1.24662
2017-10-04 02:42:00,1.24677,1.24653,1.24653,1.24686
2017-10-04 02:43:00,1.246795,1.246755,1.24675,1.246815
2017-10-04 02:44:00,1.246765,1.24685,1.246765,1.24686
2017-10-04 02:45:00,1.24662,1.246765,1.246615,1.246845
2017-10-04 02:46:00,1.24665,1.246625,1.24662,1.24676
2017-10-04 02:47:00,1.24647,1.2467,1.246465,1.2467
2017-10-04 02:48:00,1.24645,1.24649,1.246445,1.24649
2017-10-04 02:49:00,1.246625,1.246505,1.246505,1.246675
2017-10-04 02:50:00,1.246585,1.246675,1.246545,1.24669
2017-10-04 02:51:00,1.24665,1.24659,1.246575,1.246765
2017-10-04 02:52:00,1.246755,1.24664,1.24653,1.246765
2017-10-04 02:53:00,1.246575,1.246815,1.24657,1.24686
2017-10-04 02:54:00,1.246535,1.24656,1.24653,1.246605
2017-10-04 02:55:00,1.246595,1.246595,1.24653,1.24663
2017-10-04 02:56:00,1.24704,1.246605,1.2466,1.24704
2017-10-04 02:57:00,1.246915,1.24704,1.246915,1.24706
2017-10-04 02:58:00,1.24685,1.24692,1.246845,1.247005
2017-10-04 02:59:00,1.247145,1.24691,1.246905,1.24722
2017-10-04 03:00:00,1.2472,1.247155,1.247045,1.24735
2017-10-04 03:01:00,1.246875,1.24719,1.246765,1.24736
2017-10-04 03:02:00,1.247415,1.24687,1.246865,1.247425
2017-10-04 03:03:00,1.24763,1.24741,1.24733,1.24766
2017-10-04 03:04:00,1.247435,1.247635,1.247435,1.247725
2017-10-04 03:05:00,1.247705,1.247485,1.247485,1.247715
2017-10-04 03:06:00,1.247975,1.2477,1.247605,1.247985
2017-10-04 03:07:00,1.24785,1.247915,1.247815,1.248015
2017-10-04 03:08:00,1.24758,1.247835,1.247555,1.24784
2017-10-04 03:09:00,1.247565,1.24756,1.247555,1.24768
2017-10-04 03:10:00,1.24772,1.247565,1.24756,1.247755
2017-10-04 03:11:00,1.247915,1.247725,1.24772,1.24792
2017-10-04 03:12:00,1.24797,1.247965,1.24796,1.248125
2017-10-04 03:13:00,1.247885,1.24796,1.247885,1.24801
2017-10-04 03:14:00,1.247895,1.247945,1.247765,1.248005
2017-10-04 03:15:00,1.247935,1.24789,1.24776,1.248015
2017-10-04 03:16:00,1.24795,1.247935,1.24786,1.247985
2017-10-04 03:17:00,1.247935,1.24795,1.247935,1.248065
2017-10-04 03:18:00,1.24734,1.247905,1.24734,1.247905
2017-10-04 03:19:00,1.24743,1.24732,1.247305,1.247485
2017-10-04 03:20:00,1.247715,1.24741,1.247355,1.247745
2017-10-04 03:21:00,1.247475,1.24771,1.247425,1.24774
2017-10-04 03:22:00,1.24732,1.24747,1.24715,1.247475
2017-10-04 03:23:00,1.24732,1.247315,1.24716,1.247325
2017-10-04 03:24:00,1.247375,1.247315,1.24731,1.247465
2017-10-04 03:25:00,1.24743,1.247315,1.247315,1.24746
2017-10-04 03:26:00,1.247585,1.247425,1.247425,1.247595
2017-10-04 03:27:00,1.24749,1.24754,1.24743,1.247625
2017-10-04 03:28:00,1.24747,1.24753,1.24747,1.24757
2017-10-04 03:29:00,1.247545,1.247525,1.24751,1.24758
2017-10-04 03:30:00,1.24774,1.247575,1.247575,1.247785
2017-10-04 03:31:00,1.24754,1.247715,1.247535,1.24772
2017-10-04 03:32:00,1.247505,1.24754,1.2475,1.24755
2017-10-04 03:33:00,1.24774,1.247555,1.247555,1.247745
2017-10-04 03:34:00,1.24761,1.24773,1.247605,1.24773
2017-10-04 03:35:00,1.24782,1.24763,1.24761,1.24787
2017-10-04 03:36:00,1.247745,1.247825,1.24768,1.247865
2017-10-04 03:37:00,1.247715,1.247745,1.2476,1.247745
2017-10-04 03:38:00,1.24741,1.24771,1.247355,1.247745
2017-10-04 03:39:00,1.247445,1.247415,1.24739,1.247445
2017-10-04 03:40:00,1.24717,1.247385,1.24717,1.24739
2017-10-04 03:41:00,1.2472,1.24719,1.24717,1.247255
2017-10-04 03:42:00,1.247355,1.24716,1.247145,1.247355
2017-10-04 03:43:00,1.247365,1.24733,1.24733,1.24739
2017-10-04 03:44:00,1.24737,1.24734,1.247265,1.247395
2017-10-04 03:45:00,1.247355,1.247365,1.24735,1.24739
2017-10-04 03:46:00,1.2474,1.247385,1.247385,1.24753
2017-10-04 03:47:00,1.24733,1.247405,1.247275,1.247405
2017-10-04 03:48:00,1.247305,1.247325,1.247305,1.24742
2017-10-04 03:49:00,1.247345,1.24728,1.24728,1.247375
2017-10-04 03:50:00,1.247285,1.24734,1.247165,1.24735
2017-10-04 03:51:00,1.24726,1.24729,1.24726,1.24729
2017-10-04 03:52:00,1.247245,1.2472,1.2472,1.24725
2017-10-04 03:53:00,1.247235,1.24724,1.247135,1.247245
2017-10-04 03:54:00,1.247265,1.247245,1.24723,1.247275
2017-10-04 03:55:00,1.247325,1.24727,1.247185,1.247335
2017-10-04 03:56:00,1.24739,1.24731,1.2473,1.24745
2017-10-04 03:57:00,1.247405,1.247385,1.24731,1.24748
2017-10-04 03:58:00,1.24731,1.24741,1.247305,1.247445
2017-10-04 03:59:00,1.247405,1.247305,1.2473,1.24741
2017-10-04 04:00:00,1.247485,1.2474,1.247365,1.247485
2017-10-04 04:01:00,1.247325,1.24743,1.247325,1.247515
2017-10-04 04:02:00,1.24731,1.24733,1.247215,1.24733
2017-10-04 04:03:00,1.247335,1.247365,1.247335,1.247465
2017-10-04 04:04:00,1.247305,1.24732,1.24725,1.247355
2017-10-04 04:05:00,1.247115,1.24732,1.247065,1.24732
2017-10-04 04:06:00,1.247065,1.247165,1.247065,1.24717
2017-10-04 04:07:00,1.24704,1.247065,1.24704,1.247115
2017-10-04 04:08:00,1.247005,1.24699,1.2468,1.247005
2017-10-04 04:09:00,1.24693,1.247035,1.2468,1.247075
2017-10-04 04:10:00,1.24706,1.24693,1.24693,1.24706
2017-10-04 04:11:00,1.24713,1.247055,1.24705,1.24721
2017-10-04 04:12:00,1.247145,1.2471,1.24693,1.247165
2017-10-04 04:13:00,1.24715,1.247155,1.24709,1.24716
2017-10-04 04:14:00,1.24726,1.247145,1.24709,1.247325
2017-10-04 04:15:00,1.247255,1.247265,1.247245,1.247375
2017-10-04 04:16:00,1.247335,1.247305,1.247205,1.24738
2017-10-04 04:17:00,1.247375,1.247315,1.24731,1.247405
2017-10-04 04:18:00,1.247555,1.24743,1.24743,1.247565
2017-10-04 04:19:00,1.24759,1.24755,1.247505,1.247595
2017-10-04 04:20:00,1.247875,1.247595,1.247595,1.247915
2017-10-04 04:21:00,1.248115,1.24786,1.247855,1.24813
2017-10-04 04:22:00,1.247965,1.24812,1.24795,1.248125
2017-10-04 04:23:00,1.248055,1.24802,1.24796,1.24807
2017-10-04 04:24:00,1.248325,1.24803,1.247985,1.248325
2017-10-04 04:25:00,1.248245,1.248375,1.248235,1.24838
2017-10-04 04:26:00,1.248045,1.24819,1.248045,1.2482
2017-10-04 04:27:00,1.24807,1.24803,1.247975,1.24812
2017-10-04 04:28:00,1.2481,1.248015,1.24801,1.248125
2017-10-04 04:29:00,1.24808,1.2481,1.24808,1.24823
2017-10-04 04:30:00,1.24795,1.24802,1.24793,1.248045
2017-10-04 04:31:00,1.247925,1.24789,1.2478,1.24797
2017-10-04 04:32:00,1.247925,1.24794,1.247905,1.247945
2017-10-04 04:33:00,1.24773,1.24793,1.24773,1.24794
2017-10-04 04:34:00,1.24768,1.247725,1.247655,1.24781
2017-10-04 04:35:00,1.24751,1.24768,1.247495,1.24768
2017-10-04 04:36:00,1.24735,1.24753,1.24735,1.247545
2017-10-04 04:37:00,1.24747,1.24735,1.24733,1.247475
2017-10-04 04:38:00,1.24756,1.247475,1.247445,1.247575
2017-10-04 04:39:00,1.247505,1.247565,1.24743,1.24758
2017-10-04 04:40:00,1.24746,1.24751,1.247375,1.24752
2017-10-04 04:41:00,1.247395,1.247465,1.247375,1.247475
2017-10-04 04:42:00,1.247455,1.247425,1.247425,1.2475
2017-10-04 04:43:00,1.247415,1.247405,1.247405,1.24742
2017-10-04 04:44:00,1.24735,1.247355,1.247335,1.24737
2017-10-04 04:45:00,1.2476,1.24738,1.24736,1.247605
2017-10-04 04:46:00,1.24751,1.24766,1.247385,1.247665
2017-10-04 04:47:00,1.247495,1.24752,1.24748,1.247525
2017-10-04 04:48:00,1.24737,1.247555,1.24737,1.247565
2017-10-04 04:49:00,1.24741,1.24732,1.247315,1.24741
2017-10-04 04:50:00,1.24742,1.24741,1.24738,1.247465
2017-10-04 04:51:00,1.247435,1.2474,1.24739,1.24744
2017-10-04 04:52:00,1.24745,1.24743,1.24742,1.247475
2017-10-04 04:53:00,1.247335,1.247395,1.24733,1.2474
2017-10-04 04:54:00,1.24733,1.247285,1.247285,1.24734
2017-10-04 04:55:00,1.247325,1.247325,1.247305,1.24736
2017-10-04 04:56:00,1.247355,1.247325,1.247325,1.24739
2017-10-04 04:57:00,1.24735,1.24735,1.24734,1.24741
2017-10-04 04:58:00,1.247435,1.24734,1.24734,1.24744
2017-10-04 04:59:00,1.247375,1.247435,1.247375,1.24744
2017-10-04 05:00:00,1.24738,1.24736,1.24736,1.24742
2017-10-04 05:01:00,1.247415,1.247375,1.24737,1.247425
2017-10-04 05:02:00,1.247415,1.24741,1.24741,1.247415
2017-10-04 05:03:00,1.247315,1.247355,1.247275,1.247355
2017-10-04 05:04:00,1.247175,1.24727,1.24717,1.247275
2017-10-04 05:05:00,1.247165,1.24717,1.2471,1.247175
2017-10-04 05:06:00,1.24714,1.247165,1.247085,1.24721
2017-10-04 05:07:00,1.247125,1.24713,1.247115,1.24729
2017-10-04 05:08:00,1.24728,1.247175,1.247165,1.247285
2017-10-04 05:09:00,1.24732,1.24732,1.24732,1.24732
2017-10-04 05:10:00,1.24715,1.24738,1.247145,1.24738
2017-10-04 05:11:00,1.247135,1.247155,1.247135,1.247235
2017-10-04 05:12:00,1.2471,1.24719,1.24706,1.24722
2017-10-04 05:13:00,1.24727,1.24711,1.247075,1.24732
2017-10-04 05:14:00,1.247065,1.24727,1.247065,1.24729
2017-10-04 05:15:00,1.246955,1.24706,1.246955,1.24708
2017-10-04 05:16:00,1.246985,1.246945,1.246945,1.24714
2017-10-04 05:17:00,1.246855,1.24698,1.246855,1.247015
2017-10-04 05:18:00,1.24679,1.246855,1.24679,1.246945
2017-10-04 05:19:00,1.246855,1.24679,1.246785,1.24686
2017-10-04 05:20:00,1.247115,1.24681,1.2468,1.247135
2017-10-04 05:21:00,1.247075,1.247115,1.24705,1.247125
2017-10-04 05:22:00,1.246885,1.247065,1.246865,1.247065
2017-10-04 05:23:00,1.246735,1.246885,1.246735,1.24694
2017-10-04 05:24:00,1.246745,1.24676,1.246695,1.246775
2017-10-04 05:25:00,1.24671,1.24674,1.2467,1.246785
2017-10-04 05:26:00,1.246765,1.246705,1.24667,1.246765
2017-10-04 05:27:00,1.24675,1.24675,1.2467,1.246765
2017-10-04 05:28:00,1.246905,1.24677,1.246765,1.24695
2017-10-04 05:29:00,1.24694,1.2469,1.246895,1.24695
2017-10-04 05:30:00,1.247135,1.246955,1.246945,1.247145
2017-10-04 05:31:00,1.24709,1.247125,1.247065,1.24714
2017-10-04 05:32:00,1.247035,1.247095,1.24697,1.2471
2017-10-04 05:33:00,1.246865,1.247085,1.246865,1.247095
2017-10-04 05:34:00,1.24706,1.24691,1.24691,1.247075
2017-10-04 05:35:00,1.24696,1.24703,1.246945,1.247035
2017-10-04 05:36:00,1.246975,1.24698,1.24697,1.246985
2017-10-04 05:37:00,1.246875,1.24699,1.24685,1.24699
2017-10-04 05:38:00,1.24681,1.24688,1.2468,1.24688
2017-10-04 05:39:00,1.246975,1.24685,1.24685,1.247015
2017-10-04 05:40:00,1.246825,1.246995,1.24682,1.247045
2017-10-04 05:41:00,1.24677,1.24677,1.246765,1.24678
2017-10-04 05:42:00,1.24679,1.246775,1.246775,1.246855
2017-10-04 05:43:00,1.246855,1.246795,1.246785,1.246855
2017-10-04 05:44:00,1.24685,1.24685,1.24685,1.246855
2017-10-04 05:45:00,1.24677,1.246845,1.24676,1.246905
2017-10-04 05:46:00,1.246735,1.24677,1.24673,1.24677
2017-10-04 05:47:00,1.246735,1.24678,1.24673,1.246795
2017-10-04 05:48:00,1.24673,1.246715,1.246715,1.246775
2017-10-04 05:49:00,1.246725,1.24675,1.246655,1.24675
2017-10-04 05:50:00,1.24663,1.246755,1.24663,1.246755
2017-10-04 05:51:00,1.24642,1.246575,1.246355,1.246635
2017-10-04 05:52:00,1.24633,1.24642,1.24633,1.246425
2017-10-04 05:53:00,1.24635,1.24635,1.2463,1.246395
2017-10-04 05:54:00,1.24634,1.246345,1.246295,1.24639
2017-10-04 05:55:00,1.246575,1.24639,1.246385,1.246585
2017-10-04 05:56:00,1.246545,1.24657,1.246525,1.246585
2017-10-04 05:57:00,1.246605,1.246535,1.246455,1.246615
2017-10-04 05:58:00,1.246145,1.246615,1.246135,1.246615
2017-10-04 05:59:00,1.246435,1.24619,1.24619,1.246435
2017-10-04 06:00:00,1.246245,1.246435,1.246225,1.24644
2017-10-04 06:01:00,1.246335,1.24627,1.24627,1.246555
2017-10-04 06:02:00,1.24623,1.24634,1.246215,1.246445
2017-10-04 06:03:00,1.246285,1.246255,1.24623,1.24638
2017-10-04 06:04:00,1.2461,1.24629,1.246035,1.24629
2017-10-04 06:05:00,1.24597,1.246155,1.24597,1.246165
2017-10-04 06:06:00,1.24611,1.245965,1.245965,1.246175
2017-10-04 06:07:00,1.24623,1.246095,1.246095,1.24629
2017-10-04 06:08:00,1.246195,1.246235,1.24608,1.246235
2017-10-04 06:09:00,1.24603,1.24618,1.246025,1.24618
2017-10-04 06:10:00,1.245875,1.246025,1.245875,1.246055
2017-10-04 06:11:00,1.245865,1.24585,1.245785,1.24595
2017-10-04 06:12:00,1.245915,1.24586,1.24579,1.245925
2017-10-04 06:13:00,1.24602,1.245865,1.245865,1.24606
2017-10-04 06:14:00,1.246,1.246025,1.245975,1.24609
2017-10-04 06:15:00,1.246065,1.245995,1.24592,1.24612
2017-10-04 06:16:00,1.246075,1.24607,1.246065,1.246155
2017-10-04 06:17:00,1.246025,1.246065,1.246025,1.24615
2017-10-04 06:18:00,1.24601,1.245965,1.245965,1.24604
2017-10-04 06:19:00,1.24585,1.246035,1.24583,1.246055
2017-10-04 06:20:00,1.245745,1.245875,1.245615,1.24589
2017-10-04 06:21:00,1.245815,1.24577,1.245685,1.24583
2017-10-04 06:22:00,1.24585,1.24579,1.24579,1.245905
2017-10-04 06:23:00,1.245865,1.245875,1.245865,1.245935
2017-10-04 06:24:00,1.24592,1.245805,1.24575,1.24593
2017-10-04 06:25:00,1.246025,1.245935,1.245935,1.24604
2017-10-04 06:26:00,1.24606,1.24603,1.246025,1.24608
2017-10-04 06:27:00,1.24613,1.24608,1.24608,1.246215
2017-10-04 06:28:00,1.246115,1.24614,1.24606,1.24615
2017-10-04 06:29:00,1.24603,1.246105,1.245905,1.246105
2017-10-04 06:30:00,1.245885,1.246045,1.24578,1.246045
2017-10-04 06:31:00,1.24603,1.245885,1.245785,1.24603
2017-10-04 06:32:00,1.24593,1.246055,1.24592,1.246055
2017-10-04 06:33:00,1.245875,1.24595,1.245845,1.24595
2017-10-04 06:34:00,1.24597,1.245915,1.245915,1.246035
2017-10-04 06:35:00,1.24574,1.245965,1.245645,1.245965
2017-10-04 06:36:00,1.24562,1.24569,1.245575,1.24571
2017-10-04 06:37:00,1.245595,1.245615,1.245535,1.245675
2017-10-04 06:38:00,1.24552,1.245565,1.245475,1.245565
2017-10-04 06:39:00,1.24565,1.24552,1.24552,1.24565
2017-10-04 06:40:00,1.2457,1.245625,1.2455,1.2457
2017-10-04 06:41:00,1.245635,1.245695,1.245635,1.2457
2017-10-04 06:42:00,1.24577,1.245635,1.245625,1.24578
2017-10-04 06:43:00,1.24591,1.245745,1.245745,1.24592
2017-10-04 06:44:00,1.246155,1.245915,1.245855,1.246225
2017-10-04 06:45:00,1.246015,1.24614,1.246015,1.246155
2017-10-04 06:46:00,1.24622,1.246015,1.245945,1.246225
2017-10-04 06:47:00,1.24577,1.246215,1.245645,1.246215
2017-10-04 06:48:00,1.2459,1.24583,1.245765,1.246125
2017-10-04 06:49:00,1.245905,1.245905,1.24584,1.245915
2017-10-04 06:50:00,1.24596,1.245895,1.24589,1.246085
2017-10-04 06:51:00,1.246195,1.24591,1.2459,1.246195
2017-10-04 06:52:00,1.24626,1.24624,1.246135,1.246315
2017-10-04 06:53:00,1.245665,1.246245,1.245625,1.24636
2017-10-04 06:54:00,1.245865,1.24572,1.245715,1.24607
2017-10-04 06:55:00,1.24581,1.245895,1.24579,1.245935
2017-10-04 06:56:00,1.245635,1.245755,1.245545,1.24576
2017-10-04 06:57:00,1.245945,1.24563,1.245625,1.245945
2017-10-04 06:58:00,1.245955,1.245915,1.2457,1.24596
2017-10-04 06:59:00,1.24589,1.246005,1.24586,1.24601
2017-10-04 07:00:00,1.24597,1.245915,1.245865,1.245975
2017-10-04 07:01:00,1.2459,1.245915,1.24588,1.245935
2017-10-04 07:02:00,1.246085,1.245845,1.24583,1.24612
2017-10-04 07:03:00,1.24616,1.24607,1.24607,1.246225
2017-10-04 07:04:00,1.24602,1.2462,1.24602,1.246205
2017-10-04 07:05:00,1.24626,1.246035,1.246025,1.24637
2017-10-04 07:06:00,1.246235,1.246205,1.2462,1.246355
2017-10-04 07:07:00,1.246325,1.246295,1.246275,1.246385
2017-10-04 07:08:00,1.24639,1.246355,1.24634,1.246415
2017-10-04 07:09:00,1.24645,1.246375,1.246375,1.246515
2017-10-04 07:10:00,1.24636,1.246505,1.24636,1.24651
2017-10-04 07:11:00,1.24649,1.2464,1.246395,1.246515
2017-10-04 07:12:00,1.24651,1.24647,1.246465,1.24652
2017-10-04 07:13:00,1.246405,1.24651,1.246375,1.24651
2017-10-04 07:14:00,1.246345,1.24639,1.246175,1.24639
2017-10-04 07:15:00,1.24653,1.24634,1.246335,1.24655
2017-10-04 07:16:00,1.2467,1.246475,1.246475,1.246755
2017-10-04 07:17:00,1.24676,1.24669,1.24663,1.246765
2017-10-04 07:18:00,1.246755,1.24677,1.246665,1.24683
2017-10-04 07:19:00,1.246725,1.24671,1.24671,1.24691
2017-10-04 07:20:00,1.24695,1.24673,1.24673,1.24696
2017-10-04 07:21:00,1.246905,1.246945,1.246885,1.24703
2017-10-04 07:22:00,1.246915,1.24685,1.24683,1.247
2017-10-04 07:23:00,1.24684,1.24691,1.24681,1.246935
2017-10-04 07:24:00,1.246825,1.246845,1.24682,1.24693
2017-10-04 07:25:00,1.24665,1.24677,1.246545,1.24677
2017-10-04 07:26:00,1.24674,1.246705,1.24667,1.24677
2017-10-04 07:27:00,1.24673,1.246795,1.24671,1.24681
2017-10-04 07:28:00,1.246655,1.246725,1.246655,1.24673
2017-10-04 07:29:00,1.246555,1.246605,1.246555,1.246615
2017-10-04 07:30:00,1.24666,1.24656,1.246555,1.24666
2017-10-04 07:31:00,1.246475,1.246635,1.24647,1.246635
2017-10-04 07:32:00,1.24649,1.24648,1.246455,1.24649
2017-10-04 07:33:00,1.24651,1.246485,1.24647,1.24653
2017-10-04 07:34:00,1.24629,1.24645,1.24625,1.246475
2017-10-04 07:35:00,1.24621,1.24629,1.2462,1.24631
2017-10-04 07:36:00,1.245935,1.24623,1.245845,1.246245
2017-10-04 07:37:00,1.245955,1.245875,1.245815,1.245975
2017-10-04 07:38:00,1.245965,1.24597,1.245805,1.24597
2017-10-04 07:39:00,1.245805,1.245985,1.245755,1.245985
2017-10-04 07:40:00,1.245685,1.245815,1.245655,1.245815
2017-10-04 07:41:00,1.245755,1.24569,1.245635,1.24581
2017-10-04 07:42:00,1.246015,1.24576,1.24576,1.24602
2017-10-04 07:43:00,1.245975,1.24601,1.24595,1.246015
2017-10-04 07:44:00,1.24582,1.245925,1.24582,1.24594
2017-10-04 07:45:00,1.24584,1.245815,1.245715,1.245845
2017-10-04 07:46:00,1.245865,1.245895,1.245865,1.2459
2017-10-04 07:47:00,1.24595,1.245895,1.245895,1.245965
2017-10-04 07:48:00,1.24555,1.24597,1.24547,1.24597
2017-10-04 07:49:00,1.2456,1.245575,1.24551,1.2456
2017-10-04 07:50:00,1.245905,1.245625,1.245625,1.245905
2017-10-04 07:51:00,1.24628,1.245935,1.245935,1.24628
2017-10-04 07:52:00,1.24639,1.246275,1.246195,1.246515
2017-10-04 07:53:00,1.246105,1.246395,1.24599,1.24641
2017-10-04 07:54:00,1.245875,1.2461,1.2458,1.24613
2017-10-04 07:55:00,1.245875,1.24587,1.24586,1.246125
2017-10-04 07:56:00,1.246055,1.24588,1.245755,1.24606
2017-10-04 07:57:00,1.245475,1.246055,1.24546,1.24608
2017-10-04 07:58:00,1.245635,1.24543,1.24531,1.24569
2017-10-04 07:59:00,1.245345,1.245615,1.24522,1.245635
2017-10-04 08:00:00,1.24539,1.245345,1.24523,1.24566
2017-10-04 08:01:00,1.245335,1.245335,1.245155,1.24535
2017-10-04 08:02:00,1.245375,1.24534,1.245195,1.245495
2017-10-04 08:03:00,1.245035,1.24532,1.24493,1.245325
2017-10-04 08:04:00,1.24539,1.24506,1.24485,1.24539
2017-10-04 08:05:00,1.24534,1.24544,1.2452,1.245475
2017-10-04 08:06:00,1.24533,1.245335,1.245245,1.245475
2017-10-04 08:07:00,1.24541,1.245345,1.245245,1.24541
2017-10-04 08:08:00,1.24556,1.245465,1.245465,1.24562
2017-10-04 08:09:00,1.24578,1.24562,1.24561,1.24582
2017-10-04 08:10:00,1.245775,1.24577,1.245745,1.24581
2017-10-04 08:11:00,1.245675,1.245755,1.24567,1.245835
2017-10-04 08:12:00,1.24548,1.24562,1.24548,1.24562
2017-10-04 08:13:00,1.245385,1.245425,1.245245,1.245425
2017-10-04 08:14:00,1.24556,1.24538,1.24529,1.24564
2017-10-04 08:15:00,1.245445,1.24555,1.24528,1.245765
2017-10-04 08:16:00,1.24604,1.245605,1.24547,1.246175
2017-10-04 08:17:00,1.2456,1.246035,1.245585,1.24608
2017-10-04 08:18:00,1.24596,1.245605,1.2456,1.246055
2017-10-04 08:19:00,1.2462,1.24598,1.245975,1.246235
2017-10-04 08:20:00,1.24646,1.246255,1.246255,1.24647
2017-10-04 08:21:00,1.246695,1.24646,1.24645,1.24687
2017-10-04 08:22:00,1.246605,1.2467,1.2465,1.246775
2017-10-04 08:23:00,1.246725,1.24663,1.246335,1.24673
2017-10-04 08:24:00,1.246795,1.24673,1.24673,1.246905
2017-10-04 08:25:00,1.24707,1.246805,1.246805,1.24721
2017-10-04 08:26:00,1.246865,1.247125,1.246825,1.24719
2017-10-04 08:27:00,1.24665,1.246815,1.246595,1.246855
2017-10-04 08:28:00,1.24692,1.246705,1.246705,1.24692
2017-10-04 08:29:00,1.246715,1.246975,1.24665,1.247025
2017-10-04 08:30:00,1.24674,1.24672,1.2466,1.246865
2017-10-04 08:31:00,1.246845,1.24679,1.24676,1.246995
2017-10-04 08:32:00,1.24703,1.24684,1.24684,1.24709
2017-10-04 08:33:00,1.24678,1.247025,1.24676,1.247025
2017-10-04 08:34:00,1.24696,1.2468,1.2468,1.247005
2017-10-04 08:35:00,1.24692,1.24699,1.246885,1.24715
2017-10-04 08:36:00,1.24721,1.246945,1.246945,1.24726
2017-10-04 08:37:00,1.24717,1.247215,1.247115,1.24727
2017-10-04 08:38:00,1.247285,1.24717,1.24712,1.247285
2017-10-04 08:39:00,1.24751,1.24728,1.247245,1.24765
2017-10-04 08:40:00,1.247495,1.247505,1.247345,1.24751
2017-10-04 08:41:00,1.247265,1.24749,1.247255,1.247565
2017-10-04 08:42:00,1.24719,1.24727,1.24718,1.24732
2017-10-04 08:43:00,1.24724,1.247185,1.24715,1.24731
2017-10-04 08:44:00,1.247155,1.24721,1.247155,1.24725
2017-10-04 08:45:00,1.24711,1.24716,1.24695,1.247175
2017-10-04 08:46:00,1.247095,1.247115,1.247065,1.247145
2017-10-04 08:47:00,1.24705,1.2471,1.24692,1.24731
2017-10-04 08:48:00,1.247285,1.247025,1.246995,1.247315
2017-10-04 08:49:00,1.24722,1.24733,1.24722,1.24746
2017-10-04 08:50:00,1.247005,1.247215,1.247,1.247215
2017-10-04 08:51:00,1.246985,1.247,1.24692,1.247015
2017-10-04 08:52:00,1.246895,1.24699,1.24687,1.24699
2017-10-04 08:53:00,1.247095,1.24689,1.246885,1.247265
2017-10-04 08:54:00,1.247115,1.24708,1.24708,1.247335
2017-10-04 08:55:00,1.247125,1.24712,1.24708,1.24715
2017-10-04 08:56:00,1.24706,1.24713,1.24704,1.24713
2017-10-04 08:57:00,1.24716,1.247065,1.24702,1.247185
2017-10-04 08:58:00,1.247275,1.247165,1.24716,1.247355
2017-10-04 08:59:00,1.24718,1.24722,1.247105,1.247255
2017-10-04 09:00:00,1.247185,1.247185,1.247155,1.247235
2017-10-04 09:01:00,1.247115,1.247135,1.246965,1.24719
2017-10-04 09:02:00,1.247305,1.247125,1.24696,1.247315
2017-10-04 09:03:00,1.24774,1.24736,1.24736,1.24791
2017-10-04 09:04:00,1.247705,1.247685,1.247545,1.24778
2017-10-04 09:05:00,1.24772,1.24771,1.247655,1.247845
2017-10-04 09:06:00,1.24754,1.247725,1.24754,1.24777
2017-10-04 09:07:00,1.24788,1.24759,1.247545,1.247985
2017-10-04 09:08:00,1.24785,1.247875,1.24781,1.24799
2017-10-04 09:09:00,1.247755,1.2479,1.24772,1.2479
2017-10-04 09:10:00,1.247785,1.24775,1.24769,1.247905
2017-10-04 09:11:00,1.247785,1.24776,1.24772,1.247875
2017-10-04 09:12:00,1.24779,1.247835,1.2477,1.24784
2017-10-04 09:13:00,1.247585,1.247795,1.247515,1.247795
2017-10-04 09:14:00,1.247565,1.247625,1.24756,1.24763
2017-10-04 09:15:00,1.24766,1.247565,1.247465,1.24766
2017-10-04 09:16:00,1.247675,1.247715,1.247675,1.24775
2017-10-04 09:17:00,1.24787,1.247675,1.247665,1.24787
2017-10-04 09:18:00,1.247905,1.247925,1.2479,1.24794
2017-10-04 09:19:00,1.24783,1.247965,1.247805,1.24797
2017-10-04 09:20:00,1.24791,1.24783,1.24782,1.24793
2017-10-04 09:21:00,1.247785,1.247965,1.247745,1.24797
2017-10-04 09:22:00,1.247915,1.247805,1.247805,1.24815
2017-10-04 09:23:00,1.24805,1.24796,1.24782,1.24805
2017-10-04 09:24:00,1.24801,1.248095,1.24788,1.2481
2017-10-04 09:25:00,1.247845,1.24801,1.247845,1.248025
2017-10-04 09:26:00,1.247665,1.24779,1.247595,1.24779
2017-10-04 09:27:00,1.247865,1.247665,1.24766,1.24795
2017-10-04 09:28:00,1.247805,1.247885,1.24779,1.24805
2017-10-04 09:29:00,1.24776,1.2478,1.247755,1.247885
2017-10-04 09:30:00,1.247555,1.247755,1.24755,1.24776
2017-10-04 09:31:00,1.247855,1.24756,1.24756,1.247905
2017-10-04 09:32:00,1.247845,1.24791,1.247755,1.24791
2017-10-04 09:33:00,1.247735,1.2479,1.247705,1.247945
2017-10-04 09:34:00,1.247755,1.247735,1.24768,1.24781
2017-10-04 09:35:00,1.247755,1.24775,1.247715,1.24788
2017-10-04 09:36:00,1.24781,1.24777,1.247755,1.247875
2017-10-04 09:37:00,1.24785,1.247805,1.247795,1.247955
2017-10-04 09:38:00,1.2477,1.247855,1.24759,1.24786
2017-10-04 09:39:00,1.247625,1.24775,1.247595,1.2478
2017-10-04 09:40:00,1.247815,1.24763,1.24763,1.247855
2017-10-04 09:41:00,1.24781,1.24781,1.247665,1.24791
2017-10-04 09:42:00,1.247895,1.247755,1.24773,1.24817
2017-10-04 09:43:00,1.247905,1.247945,1.247845,1.248
2017-10-04 09:44:00,1.247835,1.24791,1.24773,1.247915
2017-10-04 09:45:00,1.24806,1.24784,1.247835,1.24806
2017-10-04 09:46:00,1.248075,1.24808,1.248035,1.24821
2017-10-04 09:47:00,1.248105,1.248055,1.24796,1.24834
2017-10-04 09:48:00,1.248355,1.2481,1.248085,1.248475
2017-10-04 09:49:00,1.2483,1.248305,1.248185,1.248355
2017-10-04 09:50:00,1.248455,1.248295,1.24829,1.248455
2017-10-04 09:51:00,1.24806,1.248435,1.24806,1.248435
2017-10-04 09:52:00,1.247745,1.248065,1.247745,1.24813
2017-10-04 09:53:00,1.247855,1.247755,1.24773,1.248
2017-10-04 09:54:00,1.247775,1.24785,1.24775,1.247885
2017-10-04 09:55:00,1.248255,1.24778,1.24778,1.248325
2017-10-04 09:56:00,1.248035,1.24826,1.24802,1.24827
2017-10-04 09:57:00,1.24806,1.24804,1.248005,1.24813
2017-10-04 09:58:00,1.24812,1.248055,1.24804,1.248125
2017-10-04 09:59:00,1.248345,1.24813,1.248125,1.24841
2017-10-04 10:00:00,1.2481,1.248295,1.24805,1.2484
2017-10-04 10:01:00,1.24908,1.248125,1.248025,1.249905
2017-10-04 10:02:00,1.2491,1.249085,1.24885,1.2494
2017-10-04 10:03:00,1.248865,1.24909,1.248705,1.249215
2017-10-04 10:04:00,1.24965,1.24886,1.24875,1.249655
2017-10-04 10:05:00,1.24968,1.249595,1.249315,1.24968
2017-10-04 10:06:00,1.24943,1.249675,1.24938,1.249725
2017-10-04 10:07:00,1.249345,1.249455,1.249195,1.249515
2017-10-04 10:08:00,1.249755,1.249345,1.24934,1.24976
2017-10-04 10:09:00,1.24929,1.24975,1.24929,1.249755
2017-10-04 10:10:00,1.24922,1.249265,1.24916,1.249445
2017-10-04 10:11:00,1.249205,1.249215,1.249115,1.24934
2017-10-04 10:12:00,1.249225,1.249145,1.249115,1.249255
2017-10-04 10:13:00,1.24908,1.249235,1.24907,1.2493
2017-10-04 10:14:00,1.24903,1.249065,1.249025,1.24921
2017-10-04 10:15:00,1.24908,1.24903,1.24896,1.24909
2017-10-04 10:16:00,1.249175,1.24906,1.24897,1.24926
2017-10-04 10:17:00,1.249515,1.24916,1.24912,1.249545
2017-10-04 10:18:00,1.249155,1.24951,1.249155,1.24952
2017-10-04 10:19:00,1.24885,1.249105,1.24882,1.249105
2017-10-04 10:20:00,1.248955,1.24888,1.24888,1.249075
2017-10-04 10:21:00,1.24893,1.248965,1.248865,1.249035
2017-10-04 10:22:00,1.248675,1.24894,1.248675,1.24897
2017-10-04 10:23:00,1.24877,1.248695,1.24849,1.24879
2017-10-04 10:24:00,1.248545,1.248775,1.24851,1.24893
2017-10-04 10:25:00,1.24851,1.24855,1.24843,1.248765
2017-10-04 10:26:00,1.24847,1.248535,1.24839,1.248555
2017-10-04 10:27:00,1.248305,1.248415,1.248135,1.24854
2017-10-04 10:28:00,1.24805,1.24829,1.247985,1.24839
2017-10-04 10:29:00,1.24809,1.248045,1.248035,1.24817
2017-10-04 10:30:00,1.248295,1.248095,1.248075,1.24834
2017-10-04 10:31:00,1.2478,1.248215,1.24738,1.24829
2017-10-04 10:32:00,1.247745,1.247745,1.247365,1.24777
2017-10-04 10:33:00,1.24775,1.247695,1.247675,1.24782
2017-10-04 10:34:00,1.247755,1.24779,1.24764,1.247795
2017-10-04 10:35:00,1.247695,1.24776,1.247195,1.24783
2017-10-04 10:36:00,1.24799,1.2477,1.24768,1.248105
2017-10-04 10:37:00,1.24794,1.24794,1.247805,1.247975
2017-10-04 10:38:00,1.24809,1.247945,1.247865,1.248135
2017-10-04 10:39:00,1.247945,1.248085,1.2479,1.248105
2017-10-04 10:40:00,1.248215,1.24795,1.24795,1.248295
2017-10-04 10:41:00,1.2482,1.24821,1.2482,1.24829
2017-10-04 10:42:00,1.24805,1.248205,1.248045,1.248225
2017-10-04 10:43:00,1.24801,1.248075,1.24788,1.24816
2017-10-04 10:44:00,1.247925,1.248025,1.2479,1.24808
2017-10-04 10:45:00,1.24796,1.24792,1.24791,1.24808
2017-10-04 10:46:00,1.248075,1.248,1.247735,1.24808
2017-10-04 10:47:00,1.248225,1.24807,1.247955,1.248335
2017-10-04 10:48:00,1.248305,1.24822,1.248115,1.248545
2017-10-04 10:49:00,1.24805,1.248365,1.2479,1.248365
2017-10-04 10:50:00,1.24792,1.248045,1.24792,1.24805
2017-10-04 10:51:00,1.248085,1.24795,1.24795,1.24821
2017-10-04 10:52:00,1.24804,1.24809,1.247875,1.24809
2017-10-04 10:53:00,1.247915,1.24805,1.247905,1.248085
2017-10-04 10:54:00,1.24789,1.247915,1.24788,1.24809
2017-10-04 10:55:00,1.24801,1.247895,1.24786,1.248085
2017-10-04 10:56:00,1.248075,1.24804,1.247895,1.24811
2017-10-04 10:57:00,1.248,1.248025,1.24791,1.24807
2017-10-04 10:58:00,1.24747,1.247955,1.24743,1.24798
2017-10-04 10:59:00,1.247815,1.24742,1.24742,1.247825
2017-10-04 11:00:00,1.24759,1.247815,1.2472,1.24787
2017-10-04 11:01:00,1.24737,1.247585,1.246985,1.24759
2017-10-04 11:02:00,1.24746,1.247425,1.2472,1.247765
2017-10-04 11:03:00,1.24759,1.247435,1.24726,1.247625
2017-10-04 11:04:00,1.247805,1.247595,1.247355,1.247805
2017-10-04 11:05:00,1.24781,1.247815,1.247545,1.24782
2017-10-04 11:06:00,1.247805,1.247825,1.24776,1.24799
2017-10-04 11:07:00,1.24806,1.24781,1.24781,1.248085
2017-10-04 11:08:00,1.24816,1.2481,1.24806,1.248345
2017-10-04 11:09:00,1.248155,1.24816,1.248005,1.24818
2017-10-04 11:10:00,1.2482,1.248165,1.248085,1.24838
2017-10-04 11:11:00,1.24833,1.248205,1.248205,1.248415
2017-10-04 11:12:00,1.248485,1.24839,1.24839,1.248575
2017-10-04 11:13:00,1.248495,1.24848,1.248335,1.248495
2017-10-04 11:14:00,1.24849,1.24849,1.24846,1.248515
2017-10-04 11:15:00,1.24832,1.248465,1.24827,1.24849
2017-10-04 11:16:00,1.248465,1.248305,1.248195,1.248485
2017-10-04 11:17:00,1.248435,1.248515,1.24836,1.24852
2017-10-04 11:18:00,1.24854,1.24844,1.248435,1.248555
2017-10-04 11:19:00,1.24891,1.248545,1.248535,1.248925
2017-10-04 11:20:00,1.248805,1.24896,1.24875,1.248965
2017-10-04 11:21:00,1.24882,1.24881,1.24876,1.24894
2017-10-04 11:22:00,1.24854,1.24878,1.2485,1.24878
2017-10-04 11:23:00,1.24862,1.248485,1.248435,1.248675
2017-10-04 11:24:00,1.24842,1.248565,1.24842,1.248565
2017-10-04 11:25:00,1.248555,1.24839,1.248345,1.24861
2017-10-04 11:26:00,1.248595,1.248535,1.24841,1.248625
2017-10-04 11:27:00,1.248245,1.24857,1.24824,1.24857
2017-10-04 11:28:00,1.248195,1.24824,1.24803,1.24832
2017-10-04 11:29:00,1.24812,1.2482,1.24805,1.248245
2017-10-04 11:30:00,1.24828,1.24812,1.247995,1.24832
2017-10-04 11:31:00,1.248265,1.24826,1.24814,1.248295
2017-10-04 11:32:00,1.2481,1.248245,1.248095,1.248315
2017-10-04 11:33:00,1.247935,1.248115,1.2479,1.248155
2017-10-04 11:34:00,1.248,1.247955,1.247905,1.24801
2017-10-04 11:35:00,1.24821,1.247995,1.24799,1.24831
2017-10-04 11:36:00,1.248285,1.24822,1.248205,1.24829
2017-10-04 11:37:00,1.24842,1.24828,1.24827,1.248425
2017-10-04 11:38:00,1.24856,1.24841,1.24835,1.248565
2017-10-04 11:39:00,1.248485,1.248565,1.24837,1.24859
2017-10-04 11:40:00,1.248365,1.24849,1.248275,1.248495
2017-10-04 11:41:00,1.2483,1.24836,1.248275,1.24836
2017-10-04 11:42:00,1.248055,1.24825,1.248005,1.24825
2017-10-04 11:43:00,1.24815,1.248065,1.248005,1.24815
2017-10-04 11:44:00,1.248235,1.248145,1.24809,1.24824
2017-10-04 11:45:00,1.248275,1.24823,1.24817,1.248275
2017-10-04 11:46:00,1.248125,1.248255,1.248125,1.248255
2017-10-04 11:47:00,1.24782,1.248145,1.247815,1.248145
2017-10-04 11:48:00,1.24812,1.247825,1.247815,1.24818
2017-10-04 11:49:00,1.247885,1.24812,1.24783,1.248135
2017-10-04 11:50:00,1.248035,1.24793,1.247895,1.248035
2017-10-04 11:51:00,1.24808,1.24804,1.247965,1.24816
2017-10-04 11:52:00,1.248095,1.24808,1.24804,1.24821
2017-10-04 11:53:00,1.24825,1.248135,1.248135,1.24825
2017-10-04 11:54:00,1.2482,1.24825,1.248175,1.248335
2017-10-04 11:55:00,1.24812,1.248145,1.24803,1.248145
2017-10-04 11:56:00,1.24792,1.248065,1.247915,1.24813
2017-10-04 11:57:00,1.248025,1.247915,1.247915,1.24812
2017-10-04 11:58:00,1.247835,1.24802,1.247755,1.248065
2017-10-04 11:59:00,1.24792,1.24784,1.247835,1.247925
2017-10-04 12:00:00,1.247955,1.247915,1.24785,1.248045
2017-10-04 12:01:00,1.248055,1.247995,1.247975,1.248115
2017-10-04 12:02:00,1.248105,1.2481,1.248095,1.24826
2017-10-04 12:03:00,1.24819,1.2481,1.24807,1.24833
2017-10-04 12:04:00,1.24818,1.248195,1.248085,1.24827
2017-10-04 12:05:00,1.2483,1.24816,1.248115,1.24838
2017-10-04 12:06:00,1.24835,1.24831,1.248305,1.24835
2017-10-04 12:07:00,1.2485,1.248405,1.24839,1.24854
2017-10-04 12:08:00,1.248295,1.24849,1.248295,1.24849
2017-10-04 12:09:00,1.24823,1.248305,1.24819,1.248305
2017-10-04 12:10:00,1.24814,1.248205,1.248135,1.24821
2017-10-04 12:11:00,1.248365,1.248195,1.248185,1.248405
2017-10-04 12:12:00,1.24844,1.24836,1.248335,1.24844
2017-10-04 12:13:00,1.24841,1.24843,1.248285,1.248455
2017-10-04 12:14:00,1.24816,1.24836,1.247955,1.24836
2017-10-04 12:15:00,1.24846,1.248165,1.248155,1.248475
2017-10-04 12:16:00,1.248265,1.24845,1.248265,1.24846
2017-10-04 12:17:00,1.24836,1.24831,1.24831,1.248385
2017-10-04 12:18:00,1.248315,1.248365,1.24821,1.24837
2017-10-04 12:19:00,1.24801,1.24832,1.24801,1.24832
2017-10-04 12:20:00,1.24818,1.248015,1.248005,1.248185
2017-10-04 12:21:00,1.24805,1.2482,1.24802,1.2482
2017-10-04 12:22:00,1.24809,1.24806,1.24802,1.248125
2017-10-04 12:23:00,1.248075,1.24807,1.247995,1.248135
2017-10-04 12:24:00,1.248405,1.248075,1.248075,1.24848
2017-10-04 12:25:00,1.24838,1.248415,1.248295,1.248415
2017-10-04 12:26:00,1.248535,1.24843,1.248425,1.248575
2017-10-04 12:27:00,1.248375,1.24854,1.24836,1.24854
2017-10-04 12:28:00,1.2484,1.248425,1.248385,1.248485
2017-10-04 12:29:00,1.248495,1.2484,1.248395,1.2485
2017-10-04 12:30:00,1.24854,1.24849,1.24847,1.24855
2017-10-04 12:31:00,1.24854,1.248595,1.248525,1.248595
2017-10-04 12:32:00,1.248615,1.248595,1.24859,1.24862
2017-10-04 12:33:00,1.24876,1.24862,1.24862,1.24876
2017-10-04 12:34:00,1.248775,1.24876,1.248695,1.248775
2017-10-04 12:35:00,1.24886,1.24877,1.24871,1.24886
2017-10-04 12:36:00,1.24874,1.248855,1.248655,1.24886
2017-10-04 12:37:00,1.248735,1.248785,1.24869,1.24879
2017-10-04 12:38:00,1.248605,1.24871,1.248605,1.248735
2017-10-04 12:39:00,1.24882,1.248655,1.248655,1.24885
2017-10-04 12:40:00,1.24881,1.248875,1.248805,1.248935
2017-10-04 12:41:00,1.248795,1.248815,1.248795,1.24882
2017-10-04 12:42:00,1.24873,1.2488,1.248715,1.24884
2017-10-04 12:43:00,1.248765,1.24873,1.248725,1.24882
2017-10-04 12:44:00,1.248925,1.248795,1.24879,1.248935
2017-10-04 12:45:00,1.248985,1.248885,1.24888,1.249145
2017-10-04 12:46:00,1.24864,1.24898,1.248535,1.248985
2017-10-04 12:47:00,1.24868,1.24865,1.24865,1.24877
2017-10-04 12:48:00,1.248645,1.24874,1.248635,1.248795
2017-10-04 12:49:00,1.248555,1.24859,1.2485,1.248595
2017-10-04 12:50:00,1.24851,1.24856,1.248445,1.24856
2017-10-04 12:51:00,1.248395,1.24851,1.248395,1.248515
2017-10-04 12:52:00,1.24856,1.24844,1.24844,1.248575
2017-10-04 12:53:00,1.24847,1.248555,1.24843,1.248555
2017-10-04 12:54:00,1.24819,1.248445,1.24817,1.248475
2017-10-04 12:55:00,1.248055,1.248135,1.24794,1.248145
2017-10-04 12:56:00,1.24822,1.24805,1.24801,1.248255
2017-10-04 12:57:00,1.248125,1.248205,1.248125,1.248215
2017-10-04 12:58:00,1.24815,1.248175,1.248145,1.24818
2017-10-04 12:59:00,1.248175,1.24813,1.24813,1.248175
2017-10-04 13:00:00,1.2482,1.248115,1.248105,1.248235
2017-10-04 13:01:00,1.24836,1.24823,1.24823,1.24836
2017-10-04 13:02:00,1.24839,1.248385,1.24836,1.248425
2017-10-04 13:03:00,1.248295,1.248385,1.248285,1.248405
2017-10-04 13:04:00,1.248255,1.24829,1.248235,1.2483
2017-10-04 13:05:00,1.248395,1.24828,1.24828,1.24846
2017-10-04 13:06:00,1.248405,1.248445,1.24838,1.248465
2017-10-04 13:07:00,1.248375,1.248385,1.24833,1.24845
2017-10-04 13:08:00,1.248505,1.24837,1.248365,1.248515
2017-10-04 13:09:00,1.248445,1.248535,1.24844,1.24858
2017-10-04 13:10:00,1.248505,1.24844,1.248385,1.248505
2017-10-04 13:11:00,1.24874,1.24849,1.248485,1.248865
2017-10-04 13:12:00,1.24859,1.248745,1.248585,1.24879
2017-10-04 13:13:00,1.248425,1.248595,1.24842,1.24862
2017-10-04 13:14:00,1.248485,1.24842,1.24836,1.24849
2017-10-04 13:15:00,1.248695,1.24847,1.24847,1.248695
2017-10-04 13:16:00,1.24865,1.2487,1.24863,1.2487
2017-10-04 13:17:00,1.24857,1.248595,1.24848,1.2486
2017-10-04 13:18:00,1.248505,1.248585,1.24849,1.24859
2017-10-04 13:19:00,1.248695,1.248505,1.2485,1.248695
2017-10-04 13:20:00,1.24868,1.248755,1.248675,1.248755
2017-10-04 13:21:00,1.24861,1.248685,1.248585,1.248715
2017-10-04 13:22:00,1.24862,1.248605,1.248585,1.24863
2017-10-04 13:23:00,1.248485,1.24859,1.24844,1.24859
2017-10-04 13:24:00,1.24842,1.248465,1.248385,1.248505
2017-10-04 13:25:00,1.248395,1.248405,1.24838,1.248415
2017-10-04 13:26:00,1.24815,1.2484,1.24803,1.248405
2017-10-04 13:27:00,1.248225,1.2482,1.24819,1.248225
2017-10-04 13:28:00,1.248295,1.24822,1.2482,1.248365
2017-10-04 13:29:00,1.2483,1.248305,1.248275,1.24833
2017-10-04 13:30:00,1.24849,1.24825,1.24824,1.24849
2017-10-04 13:31:00,1.248415,1.248435,1.248345,1.24846
2017-10-04 13:32:00,1.248345,1.248475,1.248225,1.24848
2017-10-04 13:33:00,1.248315,1.248295,1.248245,1.24833
2017-10-04 13:34:00,1.24849,1.24831,1.248245,1.248525
2017-10-04 13:35:00,1.248525,1.24849,1.24847,1.248525
2017-10-04 13:36:00,1.24846,1.24854,1.248385,1.248545
2017-10-04 13:37:00,1.24846,1.24848,1.24846,1.24856
2017-10-04 13:38:00,1.24839,1.24846,1.248385,1.248465
2017-10-04 13:39:00,1.24827,1.248395,1.24822,1.2484
2017-10-04 13:40:00,1.248245,1.248295,1.248175,1.248295
2017-10-04 13:41:00,1.24809,1.24819,1.248085,1.2482
2017-10-04 13:42:00,1.248115,1.248095,1.24806,1.248175
2017-10-04 13:43:00,1.24818,1.24811,1.24811,1.24822
2017-10-04 13:44:00,1.248355,1.24819,1.24818,1.248355
2017-10-04 13:45:00,1.24835,1.24836,1.24835,1.24836
2017-10-04 13:46:00,1.248395,1.248345,1.24834,1.248405
2017-10-04 13:47:00,1.24846,1.248395,1.248395,1.248465
2017-10-04 13:48:00,1.248525,1.24847,1.248465,1.248525
2017-10-04 13:49:00,1.24845,1.2485,1.24833,1.248515
2017-10-04 13:50:00,1.24858,1.248455,1.248445,1.248605
2017-10-04 13:51:00,1.24861,1.2486,1.248575,1.248635
2017-10-04 13:52:00,1.248535,1.24861,1.24847,1.24861
2017-10-04 13:53:00,1.24857,1.248555,1.248495,1.248615
2017-10-04 13:54:00,1.248415,1.248625,1.248415,1.24863
2017-10-04 13:55:00,1.248415,1.248625,1.248415,1.24863
2017-10-04 13:56:00,1.248365,1.248395,1.24833,1.248395
2017-10-04 13:57:00,1.24834,1.24834,1.24829,1.248345
2017-10-04 13:58:00,1.248355,1.248345,1.24831,1.24836
2017-10-04 13:59:00,1.248465,1.248355,1.248355,1.248505
2017-10-04 14:00:00,1.248575,1.24845,1.24845,1.248635
2017-10-04 14:01:00,1.24844,1.24852,1.248265,1.24853
2017-10-04 14:02:00,1.24862,1.248435,1.248435,1.24862
2017-10-04 14:03:00,1.248635,1.248615,1.248615,1.248645
2017-10-04 14:04:00,1.248635,1.24858,1.248535,1.24864
2017-10-04 14:05:00,1.248625,1.24862,1.2486,1.248665
2017-10-04 14:06:00,1.248625,1.24862,1.2486,1.248665
2017-10-04 14:07:00,1.24879,1.248655,1.248655,1.24879
2017-10-04 14:08:00,1.248745,1.24877,1.248685,1.24877
2017-10-04 14:09:00,1.24873,1.24874,1.24872,1.248765
2017-10-04 14:10:00,1.24875,1.24873,1.24872,1.248815
2017-10-04 14:11:00,1.24893,1.24876,1.248755,1.24893
2017-10-04 14:12:00,1.24903,1.248925,1.248895,1.249045
2017-10-04 14:13:00,1.24898,1.24899,1.24896,1.24908
2017-10-04 14:14:00,1.248905,1.24893,1.24882,1.24895
2017-10-04 14:15:00,1.249015,1.248965,1.24896,1.249045
2017-10-04 14:16:00,1.24907,1.249025,1.248965,1.249135
2017-10-04 14:17:00,1.24901,1.249045,1.248985,1.249045
2017-10-04 14:18:00,1.24888,1.249005,1.24888,1.24901
2017-10-04 14:19:00,1.24867,1.24885,1.24867,1.24885
2017-10-04 14:20:00,1.24855,1.248615,1.248545,1.248615
2017-10-04 14:21:00,1.248485,1.248555,1.248485,1.24856
2017-10-04 14:22:00,1.248485,1.248555,1.248485,1.24856
2017-10-04 14:23:00,1.24867,1.24848,1.248475,1.248695
2017-10-04 14:24:00,1.24862,1.24864,1.248615,1.24878
2017-10-04 14:25:00,1.24863,1.248675,1.248625,1.248675
2017-10-04 14:26:00,1.24867,1.248625,1.24857,1.248675
2017-10-04 14:27:00,1.248695,1.24871,1.248695,1.24876
2017-10-04 14:28:00,1.248475,1.248675,1.248465,1.248675
2017-10-04 14:29:00,1.24839,1.248475,1.248385,1.248615
2017-10-04 14:30:00,1.24848,1.248395,1.248385,1.24849
2017-10-04 14:31:00,1.24853,1.248535,1.24853,1.24854
2017-10-04 14:32:00,1.24828,1.248535,1.24823,1.24855
2017-10-04 14:33:00,1.248325,1.24834,1.24825,1.24839
2017-10-04 14:34:00,1.248225,1.24831,1.24818,1.248315
2017-10-04 14:35:00,1.248085,1.24827,1.24808,1.248275
2017-10-04 14:36:00,1.24807,1.248085,1.247925,1.24819
2017-10-04 14:37:00,1.24793,1.24808,1.24788,1.24808
2017-10-04 14:38:00,1.247705,1.247975,1.24767,1.248
2017-10-04 14:39:00,1.247715,1.247715,1.247705,1.24776
2017-10-04 14:40:00,1.247715,1.247765,1.24767,1.24777
2017-10-04 14:41:00,1.24759,1.247715,1.24747,1.247725
2017-10-04 14:42:00,1.24762,1.247635,1.24762,1.24775
2017-10-04 14:43:00,1.24766,1.24761,1.247605,1.247665
2017-10-04 14:44:00,1.24768,1.247655,1.24764,1.247725
2017-10-04 14:45:00,1.24789,1.247675,1.247675,1.24789
2017-10-04 14:46:00,1.247995,1.24789,1.24788,1.247995
2017-10-04 14:47:00,1.24797,1.24797,1.24797,1.24797
2017-10-04 14:48:00,1.24792,1.24795,1.24792,1.24795
2017-10-04 14:49:00,1.24791,1.247865,1.24786,1.24796
2017-10-04 14:50:00,1.24793,1.247905,1.247865,1.247965
2017-10-04 14:51:00,1.247865,1.247935,1.24786,1.24794
2017-10-04 14:52:00,1.247525,1.247865,1.247525,1.24787
2017-10-04 14:53:00,1.24756,1.247575,1.247555,1.24758
2017-10-04 14:54:00,1.247605,1.247585,1.247585,1.24765
2017-10-04 14:55:00,1.247685,1.247615,1.24756,1.247695
2017-10-04 14:56:00,1.247605,1.247685,1.247595,1.247685
2017-10-04 14:57:00,1.24762,1.247605,1.247565,1.24764
2017-10-04 14:58:00,1.24738,1.24762,1.24728,1.247635
2017-10-04 14:59:00,1.247315,1.24737,1.247275,1.24745
2017-10-04 15:00:00,1.24759,1.24731,1.24731,1.247615
2017-10-04 15:01:00,1.24746,1.24759,1.2474,1.24759
2017-10-04 15:02:00,1.247705,1.247465,1.24746,1.24774
2017-10-04 15:03:00,1.2479,1.247705,1.24756,1.2479
2017-10-04 15:04:00,1.24803,1.247895,1.24789,1.24807
2017-10-04 15:05:00,1.24808,1.248025,1.248005,1.248085
2017-10-04 15:06:00,1.248075,1.24805,1.24802,1.2481
2017-10-04 15:07:00,1.247975,1.248025,1.24797,1.248025
2017-10-04 15:08:00,1.24795,1.247915,1.247905,1.24795
2017-10-04 15:09:00,1.24794,1.24795,1.24793,1.24796
2017-10-04 15:10:00,1.24794,1.24794,1.247925,1.24795
2017-10-04 15:11:00,1.247975,1.247945,1.24794,1.247975
2017-10-04 15:12:00,1.24787,1.24795,1.24783,1.24795
2017-10-04 15:13:00,1.247825,1.247855,1.247825,1.24786
2017-10-04 15:14:00,1.247625,1.24778,1.247625,1.24778
2017-10-04 15:15:00,1.247635,1.24762,1.247425,1.24771
2017-10-04 15:16:00,1.24784,1.247635,1.247455,1.247965
2017-10-04 15:17:00,1.247715,1.247845,1.24762,1.247845
2017-10-04 15:18:00,1.247825,1.247735,1.24773,1.247845
2017-10-04 15:19:00,1.247815,1.247825,1.247805,1.24783
2017-10-04 15:20:00,1.24783,1.24781,1.24781,1.24785
2017-10-04 15:21:00,1.24764,1.24788,1.247635,1.247895
2017-10-04 15:22:00,1.24763,1.24767,1.24762,1.2477
2017-10-04 15:23:00,1.247705,1.247635,1.24763,1.24777
2017-10-04 15:24:00,1.247755,1.2477,1.2477,1.247765
2017-10-04 15:25:00,1.247755,1.2477,1.2477,1.247765
2017-10-04 15:26:00,1.247745,1.24774,1.24774,1.247745
2017-10-04 15:27:00,1.247665,1.247695,1.24763,1.247695
2017-10-04 15:28:00,1.24761,1.247615,1.247605,1.247615
2017-10-04 15:29:00,1.24748,1.24756,1.247475,1.24756
2017-10-04 15:30:00,1.24759,1.247485,1.24748,1.24759
2017-10-04 15:31:00,1.247525,1.247565,1.247505,1.247565
2017-10-04 15:32:00,1.24757,1.247575,1.247565,1.247585
2017-10-04 15:33:00,1.247395,1.24758,1.24733,1.24758
2017-10-04 15:34:00,1.24724,1.247345,1.24724,1.247365
2017-10-04 15:35:00,1.247355,1.24723,1.24722,1.24736
2017-10-04 15:36:00,1.247095,1.247285,1.247095,1.247335
2017-10-04 15:37:00,1.24707,1.247035,1.24695,1.24708
2017-10-04 15:38:00,1.2471,1.247065,1.24705,1.24722
2017-10-04 15:39:00,1.247145,1.247055,1.24704,1.247185
2017-10-04 15:40:00,1.24722,1.24719,1.24714,1.24731
2017-10-04 15:41:00,1.24722,1.24723,1.24716,1.247285
2017-10-04 15:42:00,1.247405,1.247275,1.247275,1.24743
2017-10-04 15:43:00,1.247295,1.247385,1.247295,1.247385
2017-10-04 15:44:00,1.24735,1.24729,1.24729,1.24735
2017-10-04 15:45:00,1.247355,1.24739,1.247355,1.24745
2017-10-04 15:46:00,1.247245,1.2473,1.24723,1.2473
2017-10-04 15:47:00,1.247195,1.247245,1.247195,1.247305
2017-10-04 15:48:00,1.247305,1.24719,1.24719,1.247315
2017-10-04 15:49:00,1.24728,1.247295,1.24728,1.247295
2017-10-04 15:50:00,1.24732,1.24727,1.24727,1.24735
2017-10-04 15:51:00,1.247375,1.247325,1.247325,1.247405
2017-10-04 15:52:00,1.24719,1.24733,1.247095,1.247335
2017-10-04 15:53:00,1.247375,1.247245,1.24724,1.247375
2017-10-04 15:54:00,1.247425,1.247415,1.247345,1.247465
2017-10-04 15:55:00,1.24742,1.247435,1.24742,1.247465
2017-10-04 15:56:00,1.24755,1.24744,1.24741,1.24758
2017-10-04 15:57:00,1.247585,1.247605,1.24754,1.24763
2017-10-04 15:58:00,1.24767,1.247635,1.24762,1.24767
2017-10-04 15:59:00,1.247745,1.24768,1.24766,1.24775
2017-10-04 16:00:00,1.247695,1.24779,1.24768,1.247795
2017-10-04 16:01:00,1.247695,1.247685,1.247595,1.24783
2017-10-04 16:02:00,1.247705,1.24769,1.24769,1.24782
2017-10-04 16:03:00,1.24803,1.247755,1.247745,1.24806
2017-10-04 16:04:00,1.248065,1.24802,1.247995,1.24823
2017-10-04 16:05:00,1.247805,1.248075,1.247735,1.24808
2017-10-04 16:06:00,1.247625,1.24781,1.247575,1.247815
2017-10-04 16:07:00,1.247605,1.247605,1.247605,1.247605
2017-10-04 16:08:00,1.247685,1.247585,1.24756,1.24769
2017-10-04 16:09:00,1.247635,1.24768,1.247635,1.24768
2017-10-04 16:10:00,1.247635,1.24768,1.247635,1.24768
2017-10-04 16:11:00,1.247635,1.24768,1.247635,1.24768
2017-10-04 16:12:00,1.247605,1.24758,1.24758,1.247625
2017-10-04 16:13:00,1.247625,1.247605,1.247595,1.24763
2017-10-04 16:14:00,1.24762,1.24762,1.247615,1.247625
2017-10-04 16:15:00,1.24774,1.247615,1.2476,1.247815
2017-10-04 16:16:00,1.247895,1.247735,1.247735,1.247925
2017-10-04 16:17:00,1.24794,1.24789,1.247885,1.24795
2017-10-04 16:18:00,1.247915,1.247915,1.247915,1.247915
2017-10-04 16:19:00,1.24787,1.24789,1.24787,1.24789
2017-10-04 16:20:00,1.247925,1.24792,1.247915,1.247945
2017-10-04 16:21:00,1.24784,1.24793,1.24783,1.24793
2017-10-04 16:22:00,1.24765,1.24785,1.24765,1.247855
2017-10-04 16:23:00,1.24769,1.24769,1.24769,1.247695
2017-10-04 16:24:00,1.24775,1.24769,1.24769,1.247755
2017-10-04 16:25:00,1.247595,1.247775,1.247555,1.247795
2017-10-04 16:26:00,1.24754,1.247585,1.24754,1.24771
2017-10-04 16:27:00,1.24751,1.247515,1.2475,1.24752
2017-10-04 16:28:00,1.247545,1.247565,1.247505,1.24758
2017-10-04 16:29:00,1.24743,1.24754,1.247405,1.24754
2017-10-04 16:30:00,1.2475,1.247435,1.2474,1.2475
2017-10-04 16:31:00,1.24757,1.24752,1.24752,1.24757
2017-10-04 16:32:00,1.24762,1.2476,1.2476,1.24762
2017-10-04 16:33:00,1.24761,1.24756,1.247525,1.247615
2017-10-04 16:34:00,1.247545,1.247605,1.24754,1.24763
2017-10-04 16:35:00,1.247605,1.24753,1.247525,1.24761
2017-10-04 16:36:00,1.247515,1.2476,1.247475,1.24762
2017-10-04 16:37:00,1.247515,1.247505,1.247495,1.247515
2017-10-04 16:38:00,1.247395,1.247525,1.247395,1.247565
2017-10-04 16:39:00,1.24735,1.24738,1.24735,1.24738
2017-10-04 16:40:00,1.24737,1.24737,1.24737,1.24737
2017-10-04 16:41:00,1.247395,1.247425,1.247395,1.247435
2017-10-04 16:42:00,1.247375,1.247375,1.247375,1.247375
2017-10-04 16:43:00,1.247375,1.247375,1.247375,1.247375
2017-10-04 16:44:00,1.24734,1.247395,1.24734,1.247395
2017-10-04 16:45:00,1.247375,1.24734,1.247335,1.2474
2017-10-04 16:46:00,1.24743,1.247425,1.247415,1.247445
2017-10-04 16:47:00,1.24748,1.247425,1.24741,1.2475
2017-10-04 16:48:00,1.24741,1.247475,1.247405,1.247475
2017-10-04 16:49:00,1.247415,1.247415,1.24739,1.247415
2017-10-04 16:50:00,1.24744,1.24744,1.24744,1.24744
2017-10-04 16:51:00,1.24761,1.247465,1.247465,1.24761
2017-10-04 16:52:00,1.24763,1.24763,1.24763,1.24763
2017-10-04 16:53:00,1.247575,1.247575,1.24756,1.247585
2017-10-04 16:54:00,1.24756,1.24757,1.24755,1.247595
2017-10-04 16:55:00,1.247435,1.24756,1.247415,1.24767
2017-10-04 16:56:00,1.247695,1.247485,1.247465,1.247745
2017-10-04 16:57:00,1.247635,1.24769,1.24762,1.247805
2017-10-04 16:58:00,1.247625,1.24762,1.24761,1.247635
2017-10-04 17:04:00,1.24766,1.24789,1.24766,1.24789
2017-10-04 17:05:00,1.24766,1.24789,1.24766,1.24789
2017-10-04 17:06:00,1.24766,1.24789,1.24766,1.24789
2017-10-04 17:07:00,1.247415,1.24747,1.247415,1.24747
2017-10-04 17:08:00,1.247595,1.247595,1.247595,1.247595
2017-10-04 17:09:00,1.247595,1.247595,1.247595,1.247595
2017-10-04 17:10:00,1.24769,1.247645,1.247645,1.24769
2017-10-04 17:11:00,1.247645,1.247645,1.247645,1.247645
2017-10-04 17:12:00,1.247595,1.247595,1.247595,1.247595
2017-10-04 17:13:00,1.247595,1.247595,1.247595,1.247595
2017-10-04 17:14:00,1.247595,1.247595,1.247595,1.247595
2017-10-04 17:15:00,1.247595,1.247595,1.247595,1.247595
2017-10-04 17:16:00,1.247595,1.247595,1.247595,1.247595
2017-10-04 17:17:00,1.247555,1.247555,1.247555,1.247555
2017-10-04 17:18:00,1.247555,1.247555,1.247555,1.247555
2017-10-04 17:19:00,1.247555,1.247555,1.247555,1.247555
2017-10-04 17:20:00,1.24758,1.247695,1.24758,1.2478
2017-10-04 17:21:00,1.24758,1.247695,1.24758,1.2478
2017-10-04 17:22:00,1.24758,1.247695,1.24758,1.2478
2017-10-04 17:23:00,1.24758,1.247695,1.24758,1.2478
2017-10-04 17:24:00,1.24758,1.247695,1.24758,1.2478
2017-10-04 17:25:00,1.24758,1.247695,1.24758,1.2478
2017-10-04 17:26:00,1.24758,1.247695,1.24758,1.2478
2017-10-04 17:27:00,1.24758,1.247695,1.24758,1.2478
2017-10-04 17:28:00,1.24758,1.247695,1.24758,1.2478
2017-10-04 17:29:00,1.24758,1.247695,1.24758,1.2478
2017-10-04 17:30:00,1.24758,1.247695,1.24758,1.2478
2017-10-04 17:31:00,1.247755,1.247745,1.24772,1.247775
2017-10-04 17:32:00,1.247775,1.247755,1.24768,1.24781
2017-10-04 17:33:00,1.24763,1.24778,1.24763,1.247795
2017-10-04 17:34:00,1.247745,1.24774,1.247735,1.24775
2017-10-04 17:35:00,1.24809,1.247745,1.247605,1.248115
2017-10-04 17:36:00,1.247955,1.248095,1.24787,1.248225
2017-10-04 17:37:00,1.247945,1.247965,1.247845,1.248105
2017-10-04 17:38:00,1.24778,1.247945,1.24775,1.24803
2017-10-04 17:39:00,1.247785,1.24777,1.247765,1.247795
2017-10-04 17:40:00,1.247785,1.24779,1.24778,1.24779
2017-10-04 17:41:00,1.247795,1.24779,1.247785,1.247795
2017-10-04 17:42:00,1.24777,1.247785,1.24763,1.24784
2017-10-04 17:43:00,1.24777,1.24779,1.247705,1.24779
2017-10-04 17:44:00,1.24777,1.24779,1.247705,1.24779
2017-10-04 17:45:00,1.24777,1.24779,1.247705,1.24779
2017-10-04 17:46:00,1.24777,1.24779,1.247705,1.24779
2017-10-04 17:47:00,1.24777,1.24779,1.247705,1.24779
2017-10-04 17:48:00,1.24777,1.24779,1.247705,1.24779
2017-10-04 17:49:00,1.24777,1.24779,1.247705,1.24779
2017-10-04 17:50:00,1.24778,1.247845,1.24778,1.247865
2017-10-04 17:51:00,1.24778,1.247845,1.24778,1.247865
2017-10-04 17:52:00,1.247755,1.247755,1.247755,1.247755
2017-10-04 17:53:00,1.247755,1.247755,1.247755,1.247755
2017-10-04 17:54:00,1.247755,1.247755,1.247755,1.247755
2017-10-04 17:55:00,1.247815,1.24782,1.247795,1.247865
2017-10-04 17:56:00,1.247735,1.247805,1.2477,1.247835
2017-10-04 17:57:00,1.24772,1.247725,1.24772,1.24774
2017-10-04 17:58:00,1.247725,1.24773,1.24772,1.247735
2017-10-04 17:59:00,1.24769,1.247735,1.24769,1.247735
2017-10-04 18:00:00,1.24769,1.247735,1.24769,1.247735
2017-10-04 18:01:00,1.247795,1.24771,1.2477,1.247845
2017-10-04 18:02:00,1.24777,1.24777,1.24777,1.24777
2017-10-04 18:03:00,1.24775,1.24775,1.24775,1.24775
2017-10-04 18:04:00,1.24782,1.24781,1.2478,1.247865
2017-10-04 18:05:00,1.24776,1.24782,1.24774,1.24782
2017-10-04 18:06:00,1.247725,1.247755,1.24772,1.247755
2017-10-04 18:07:00,1.24772,1.247715,1.247715,1.24772
2017-10-04 18:08:00,1.24769,1.247715,1.24768,1.247715
2017-10-04 18:09:00,1.24768,1.247685,1.247665,1.2477
2017-10-04 18:10:00,1.24769,1.24769,1.247685,1.247695
2017-10-04 18:11:00,1.24769,1.24769,1.247685,1.247695
2017-10-04 18:12:00,1.247645,1.24767,1.247645,1.24767
2017-10-04 18:13:00,1.247645,1.24767,1.247645,1.24767
2017-10-04 18:14:00,1.247645,1.24767,1.247645,1.24767
2017-10-04 18:15:00,1.247645,1.24767,1.247645,1.24767
2017-10-04 18:16:00,1.24776,1.24758,1.24754,1.247775
2017-10-04 18:17:00,1.247745,1.24776,1.247745,1.24777
2017-10-04 18:18:00,1.24769,1.247695,1.24768,1.247705
2017-10-04 18:19:00,1.24768,1.247685,1.247675,1.24769
2017-10-04 18:20:00,1.24772,1.24769,1.247645,1.24772
2017-10-04 18:21:00,1.24772,1.24769,1.247645,1.24772
2017-10-04 18:22:00,1.24776,1.2477,1.2477,1.24776
2017-10-04 18:23:00,1.24772,1.24776,1.24772,1.247765
2017-10-04 18:24:00,1.24772,1.24776,1.24772,1.247765
2017-10-04 18:25:00,1.24763,1.247645,1.24761,1.24765
2017-10-04 18:26:00,1.24766,1.24764,1.24764,1.247685
2017-10-04 18:27:00,1.24761,1.24765,1.247595,1.24766
2017-10-04 18:28:00,1.24762,1.24764,1.24762,1.24764
2017-10-04 18:29:00,1.24762,1.24764,1.24762,1.24764
2017-10-04 18:30:00,1.24762,1.24762,1.24762,1.24762
2017-10-04 18:31:00,1.24763,1.247685,1.247625,1.247705
2017-10-04 18:32:00,1.24759,1.247625,1.24756,1.24763
2017-10-04 18:33:00,1.247605,1.2476,1.24759,1.247615
2017-10-04 18:34:00,1.24759,1.247565,1.247565,1.24759
2017-10-04 18:35:00,1.247685,1.247645,1.247645,1.24769
2017-10-04 18:36:00,1.24763,1.24771,1.24754,1.24771
2017-10-04 18:37:00,1.24761,1.24765,1.247555,1.24765
2017-10-04 18:38:00,1.24763,1.24763,1.24763,1.24763
2017-10-04 18:39:00,1.24765,1.24765,1.24765,1.24765
2017-10-04 18:40:00,1.247675,1.247675,1.247675,1.247675
2017-10-04 18:41:00,1.247775,1.24774,1.24774,1.24778
2017-10-04 18:42:00,1.247775,1.24778,1.247775,1.247795
2017-10-04 18:43:00,1.24776,1.24777,1.24776,1.24777
2017-10-04 18:44:00,1.24776,1.247755,1.247755,1.24776
2017-10-04 18:45:00,1.24776,1.247755,1.247755,1.24776
2017-10-04 18:46:00,1.24776,1.24776,1.24776,1.24776
2017-10-04 18:47:00,1.247755,1.24775,1.24774,1.247755
2017-10-04 18:48:00,1.24775,1.24775,1.24775,1.24775
2017-10-04 18:49:00,1.247755,1.247755,1.247755,1.247755
2017-10-04 18:50:00,1.24775,1.24775,1.24775,1.24775
2017-10-04 18:51:00,1.247735,1.247745,1.247735,1.247745
2017-10-04 18:52:00,1.24769,1.24772,1.24769,1.247725
2017-10-04 18:53:00,1.24769,1.24769,1.24769,1.24769
2017-10-04 18:54:00,1.24768,1.2477,1.24768,1.247705
2017-10-04 18:55:00,1.24768,1.247675,1.247665,1.24768
2017-10-04 18:56:00,1.24767,1.247685,1.24767,1.247685
2017-10-04 18:57:00,1.24768,1.247675,1.24767,1.24769
2017-10-04 18:58:00,1.24768,1.247675,1.24767,1.24769
2017-10-04 18:59:00,1.24767,1.247675,1.24767,1.24768
2017-10-04 19:00:00,1.24768,1.247675,1.247665,1.24769
2017-10-04 19:01:00,1.247685,1.247675,1.247665,1.247725
2017-10-04 19:02:00,1.247755,1.247745,1.24774,1.24778
2017-10-04 19:03:00,1.247745,1.24777,1.247715,1.24778
2017-10-04 19:04:00,1.247775,1.247765,1.24776,1.24778
2017-10-04 19:05:00,1.247775,1.247765,1.24776,1.24778
2017-10-04 19:06:00,1.247775,1.24776,1.24776,1.247775
2017-10-04 19:07:00,1.24776,1.24777,1.24776,1.24777
2017-10-04 19:08:00,1.24773,1.24774,1.24773,1.24775
2017-10-04 19:09:00,1.24774,1.24772,1.24772,1.24775
2017-10-04 19:10:00,1.24774,1.24772,1.24772,1.24775
2017-10-04 19:11:00,1.247755,1.247745,1.24773,1.247755
2017-10-04 19:12:00,1.247715,1.24777,1.24771,1.24777
2017-10-04 19:13:00,1.247675,1.24771,1.247675,1.24772
2017-10-04 19:14:00,1.247675,1.24771,1.247675,1.24772
2017-10-04 19:15:00,1.247675,1.24771,1.247675,1.24772
2017-10-04 19:16:00,1.247695,1.2477,1.247695,1.24772
2017-10-04 19:17:00,1.247695,1.2477,1.247695,1.24772
2017-10-04 19:18:00,1.247695,1.2477,1.247695,1.24772
2017-10-04 19:19:00,1.247695,1.2477,1.247695,1.24772
2017-10-04 19:20:00,1.247695,1.2477,1.247695,1.24772
2017-10-04 19:21:00,1.247695,1.2477,1.247695,1.24772
2017-10-04 19:22:00,1.24774,1.24767,1.24767,1.247745
2017-10-04 19:23:00,1.247695,1.247735,1.247695,1.247745
2017-10-04 19:24:00,1.247695,1.247735,1.247695,1.247745
2017-10-04 19:25:00,1.24772,1.24772,1.24772,1.24772
2017-10-04 19:26:00,1.24766,1.247655,1.24765,1.247675
2017-10-04 19:27:00,1.247685,1.24767,1.24765,1.247685
2017-10-04 19:28:00,1.247715,1.247715,1.247715,1.247715
2017-10-04 19:29:00,1.247715,1.247715,1.247715,1.247715
2017-10-04 19:30:00,1.247715,1.247715,1.247715,1.247715
2017-10-04 19:31:00,1.247785,1.247765,1.247765,1.24779
2017-10-04 19:32:00,1.2478,1.24778,1.247775,1.247805
2017-10-04 19:33:00,1.24786,1.2478,1.2478,1.24786
2017-10-04 19:34:00,1.248005,1.24789,1.24789,1.248005
2017-10-04 19:35:00,1.24805,1.24803,1.24803,1.24805
2017-10-04 19:36:00,1.248075,1.248075,1.248075,1.248075
2017-10-04 19:37:00,1.24814,1.24813,1.248125,1.24814
2017-10-04 19:38:00,1.248155,1.248155,1.24814,1.248165
2017-10-04 19:39:00,1.248075,1.248155,1.248035,1.24816
2017-10-04 19:40:00,1.24812,1.2481,1.248065,1.248145
2017-10-04 19:41:00,1.24808,1.2481,1.24808,1.2481
2017-10-04 19:42:00,1.24808,1.2481,1.24808,1.2481
2017-10-04 19:43:00,1.248105,1.248105,1.248105,1.248105
2017-10-04 19:44:00,1.248105,1.248105,1.248105,1.248105
2017-10-04 19:45:00,1.248105,1.248105,1.248105,1.248105
2017-10-04 19:46:00,1.248105,1.248105,1.248105,1.248105
2017-10-04 19:47:00,1.248105,1.248105,1.248105,1.248105
2017-10-04 19:48:00,1.24828,1.248165,1.248165,1.248305
2017-10-04 19:49:00,1.248125,1.248265,1.248115,1.248275
2017-10-04 19:50:00,1.24813,1.24812,1.248085,1.248135
2017-10-04 19:51:00,1.248215,1.248135,1.248135,1.24822
2017-10-04 19:52:00,1.248135,1.24823,1.24812,1.248235
2017-10-04 19:53:00,1.24826,1.24815,1.24815,1.24826
2017-10-04 19:54:00,1.24826,1.24815,1.24815,1.24826
2017-10-04 19:55:00,1.24833,1.248325,1.24831,1.24835
2017-10-04 19:56:00,1.24828,1.24833,1.24827,1.24833
2017-10-04 19:57:00,1.24811,1.24827,1.248105,1.24828
2017-10-04 19:58:00,1.248135,1.24815,1.24808,1.248155
2017-10-04 19:59:00,1.248135,1.24814,1.24813,1.248145
2017-10-04 20:00:00,1.24816,1.248135,1.248135,1.24817
2017-10-04 20:01:00,1.248145,1.24818,1.24811,1.24819
2017-10-04 20:02:00,1.24812,1.248155,1.24812,1.24817
2017-10-04 20:03:00,1.2483,1.248145,1.248145,1.2483
2017-10-04 20:04:00,1.248175,1.24827,1.24815,1.24827
2017-10-04 20:05:00,1.248245,1.24816,1.248145,1.24834
2017-10-04 20:06:00,1.248195,1.248315,1.248145,1.24838
2017-10-04 20:07:00,1.24826,1.24821,1.2482,1.24837
2017-10-04 20:08:00,1.24822,1.248255,1.248195,1.2483
2017-10-04 20:09:00,1.248215,1.24822,1.2482,1.2483
2017-10-04 20:10:00,1.24812,1.248165,1.248095,1.248225
2017-10-04 20:11:00,1.24802,1.248125,1.24802,1.248175
2017-10-04 20:12:00,1.24799,1.247995,1.247935,1.24801
2017-10-04 20:13:00,1.24799,1.24799,1.247905,1.248025
2017-10-04 20:14:00,1.24797,1.24799,1.24795,1.248125
2017-10-04 20:15:00,1.248085,1.24802,1.248015,1.24809
2017-10-04 20:16:00,1.248135,1.24807,1.24807,1.24814
2017-10-04 20:17:00,1.248075,1.248145,1.24805,1.248145
2017-10-04 20:18:00,1.248095,1.24807,1.248055,1.2481
2017-10-04 20:19:00,1.24807,1.24807,1.24804,1.2481
2017-10-04 20:20:00,1.248255,1.24813,1.248125,1.24829
2017-10-04 20:21:00,1.24836,1.248305,1.248305,1.2484
2017-10-04 20:22:00,1.248345,1.24836,1.248305,1.24836
2017-10-04 20:23:00,1.248205,1.24835,1.248205,1.248355
2017-10-04 20:24:00,1.248235,1.248185,1.248185,1.24831
2017-10-04 20:25:00,1.24818,1.248215,1.24814,1.24833
2017-10-04 20:26:00,1.248305,1.248185,1.248105,1.248355
2017-10-04 20:27:00,1.248275,1.248295,1.24827,1.24833
2017-10-04 20:28:00,1.24833,1.24828,1.248265,1.24833
2017-10-04 20:29:00,1.248375,1.24831,1.24831,1.24838
2017-10-04 20:30:00,1.248385,1.24837,1.248285,1.24849
2017-10-04 20:31:00,1.24876,1.248455,1.248425,1.248915
2017-10-04 20:32:00,1.24889,1.24877,1.24877,1.24893
2017-10-04 20:33:00,1.24915,1.248895,1.248835,1.249235
2017-10-04 20:34:00,1.249175,1.249215,1.24917,1.249315
2017-10-04 20:35:00,1.249125,1.24923,1.24912,1.249315
2017-10-04 20:36:00,1.249185,1.24913,1.24906,1.2492
2017-10-04 20:37:00,1.24913,1.24921,1.249095,1.24921
2017-10-04 20:38:00,1.248925,1.249145,1.248925,1.249145
2017-10-04 20:39:00,1.24901,1.24894,1.248925,1.24902
2017-10-04 20:40:00,1.248805,1.24899,1.248785,1.24899
2017-10-04 20:41:00,1.248785,1.248785,1.248685,1.24884
2017-10-04 20:42:00,1.24873,1.24877,1.248665,1.248775
2017-10-04 20:43:00,1.2485,1.248705,1.24848,1.248705
2017-10-04 20:44:00,1.24832,1.248505,1.248265,1.248515
2017-10-04 20:45:00,1.24841,1.24832,1.24823,1.24847
2017-10-04 20:46:00,1.248625,1.248435,1.248435,1.24863
2017-10-04 20:47:00,1.248715,1.24862,1.24859,1.24872
2017-10-04 20:48:00,1.24855,1.24866,1.24855,1.248665
2017-10-04 20:49:00,1.248435,1.248545,1.248395,1.248615
2017-10-04 20:50:00,1.24829,1.24843,1.24829,1.24848
2017-10-04 20:51:00,1.248125,1.24827,1.248085,1.24837
2017-10-04 20:52:00,1.24837,1.248175,1.248165,1.24843
2017-10-04 20:53:00,1.248295,1.24838,1.24828,1.248415
2017-10-04 20:54:00,1.248435,1.24832,1.24832,1.248495
2017-10-04 20:55:00,1.24835,1.248425,1.248315,1.248435
2017-10-04 20:56:00,1.248455,1.24829,1.24828,1.248475
2017-10-04 20:57:00,1.248375,1.24846,1.248365,1.248465
2017-10-04 20:58:00,1.248445,1.248415,1.248415,1.24848
2017-10-04 20:59:00,1.248495,1.248495,1.24849,1.248625
2017-10-04 21:00:00,1.24845,1.24844,1.248405,1.24847
2017-10-04 21:01:00,1.24844,1.24845,1.24826,1.24846
2017-10-04 21:02:00,1.248465,1.24844,1.24844,1.24851
2017-10-04 21:03:00,1.248445,1.248445,1.24839,1.24852
2017-10-04 21:04:00,1.248345,1.24846,1.248345,1.24846
2017-10-04 21:05:00,1.24845,1.2484,1.248385,1.24848
2017-10-04 21:06:00,1.248345,1.248465,1.248345,1.24847
2017-10-04 21:07:00,1.248515,1.24829,1.248145,1.24853
2017-10-04 21:08:00,1.24827,1.248525,1.24827,1.24853
2017-10-04 21:09:00,1.248455,1.248255,1.248255,1.248525
2017-10-04 21:10:00,1.2483,1.24846,1.248225,1.24846
2017-10-04 21:11:00,1.24821,1.248295,1.24812,1.248295
2017-10-04 21:12:00,1.248245,1.248155,1.248155,1.248255
2017-10-04 21:13:00,1.24819,1.248235,1.248145,1.248245
2017-10-04 21:14:00,1.24813,1.2482,1.24813,1.248205
2017-10-04 21:15:00,1.24831,1.24808,1.24807,1.24832
2017-10-04 21:16:00,1.248535,1.24833,1.24833,1.24854
2017-10-04 21:17:00,1.248715,1.248535,1.24845,1.248775
2017-10-04 21:18:00,1.24864,1.248715,1.24863,1.248725
2017-10-04 21:19:00,1.24875,1.248695,1.248585,1.248755
2017-10-04 21:20:00,1.248765,1.248755,1.24875,1.248785
2017-10-04 21:21:00,1.24877,1.248775,1.248765,1.248825
2017-10-04 21:22:00,1.24879,1.248785,1.248725,1.248845
2017-10-04 21:23:00,1.24867,1.248775,1.24864,1.24879
2017-10-04 21:24:00,1.2487,1.248725,1.24855,1.2488
2017-10-04 21:25:00,1.24844,1.248715,1.24844,1.248715
2017-10-04 21:26:00,1.248505,1.24845,1.248445,1.248535
2017-10-04 21:27:00,1.248635,1.24853,1.248465,1.248645
2017-10-04 21:28:00,1.248405,1.24869,1.248365,1.248705
2017-10-04 21:29:00,1.248365,1.248455,1.248365,1.248475
2017-10-04 21:30:00,1.24835,1.24834,1.2483,1.248385
2017-10-04 21:31:00,1.248325,1.248355,1.248275,1.248365
2017-10-04 21:32:00,1.248355,1.248315,1.24831,1.248375
2017-10-04 21:33:00,1.2482,1.24835,1.24819,1.248355
2017-10-04 21:34:00,1.248195,1.248195,1.24819,1.248215
2017-10-04 21:35:00,1.24813,1.248205,1.24813,1.248215
2017-10-04 21:36:00,1.24823,1.248135,1.24813,1.24825
2017-10-04 21:37:00,1.2482,1.2482,1.2482,1.2482
2017-10-04 21:38:00,1.248065,1.24814,1.248055,1.248155
2017-10-04 21:39:00,1.248055,1.248045,1.248025,1.248155
2017-10-04 21:40:00,1.24822,1.24806,1.24806,1.24824
2017-10-04 21:41:00,1.248305,1.248215,1.248215,1.248305
2017-10-04 21:42:00,1.24831,1.24831,1.248305,1.248315
2017-10-04 21:43:00,1.24828,1.24831,1.24828,1.248315
2017-10-04 21:44:00,1.248325,1.24833,1.248325,1.248345
2017-10-04 21:45:00,1.24832,1.24832,1.24832,1.24833
2017-10-04 21:46:00,1.24812,1.2483,1.24812,1.248305
2017-10-04 21:47:00,1.24812,1.2483,1.24812,1.248305
2017-10-04 21:48:00,1.248065,1.24807,1.24805,1.24809
2017-10-04 21:49:00,1.248065,1.24806,1.248035,1.24809
2017-10-04 21:50:00,1.24806,1.24806,1.24806,1.24806
2017-10-04 21:51:00,1.24806,1.248045,1.248045,1.248075
2017-10-04 21:52:00,1.248065,1.248055,1.24805,1.24809
2017-10-04 21:53:00,1.24808,1.24806,1.248015,1.24814
2017-10-04 21:54:00,1.248215,1.248085,1.248085,1.248215
2017-10-04 21:55:00,1.248225,1.24821,1.24821,1.248235
2017-10-04 21:56:00,1.2483,1.248225,1.248195,1.24831
2017-10-04 21:57:00,1.248265,1.24831,1.248265,1.24831
2017-10-04 21:58:00,1.248215,1.24821,1.24821,1.248215
2017-10-04 21:59:00,1.24819,1.2482,1.248185,1.24826
2017-10-04 22:00:00,1.248325,1.24818,1.24818,1.248335
2017-10-04 22:01:00,1.2483,1.248375,1.2483,1.2484
2017-10-04 22:02:00,1.24828,1.2483,1.248215,1.24833
2017-10-04 22:03:00,1.24814,1.24833,1.248135,1.24835
2017-10-04 22:04:00,1.248225,1.248145,1.248,1.248225
2017-10-04 22:05:00,1.248225,1.24817,1.24817,1.24824
2017-10-04 22:06:00,1.248175,1.24817,1.248105,1.24818
2017-10-04 22:07:00,1.248125,1.24817,1.248125,1.2482
2017-10-04 22:08:00,1.248155,1.248175,1.248155,1.248195
2017-10-04 22:09:00,1.24822,1.24816,1.24816,1.24822
2017-10-04 22:10:00,1.24816,1.24822,1.248155,1.248225
2017-10-04 22:11:00,1.248085,1.248165,1.24808,1.248165
2017-10-04 22:12:00,1.248045,1.24807,1.248035,1.248105
2017-10-04 22:13:00,1.24815,1.24805,1.248025,1.24815
2017-10-04 22:14:00,1.248085,1.248095,1.248085,1.248145
2017-10-04 22:15:00,1.24815,1.24808,1.24808,1.24815
2017-10-04 22:16:00,1.248035,1.248095,1.248035,1.248095
2017-10-04 22:17:00,1.248035,1.24802,1.247985,1.248075
2017-10-04 22:18:00,1.248035,1.24802,1.24802,1.248055
2017-10-04 22:19:00,1.248035,1.248035,1.248035,1.248035
2017-10-04 22:20:00,1.24805,1.248035,1.248035,1.248055
2017-10-04 22:21:00,1.248045,1.248045,1.24804,1.248045
2017-10-04 22:22:00,1.24804,1.248035,1.248025,1.24807
2017-10-04 22:23:00,1.24791,1.248035,1.24791,1.24805
2017-10-04 22:24:00,1.247975,1.24794,1.24794,1.247975
2017-10-04 22:25:00,1.24795,1.24795,1.24795,1.24795
2017-10-04 22:26:00,1.247975,1.247925,1.247925,1.24798
2017-10-04 22:27:00,1.247975,1.247925,1.247925,1.24798
2017-10-04 22:28:00,1.24801,1.24803,1.247995,1.24806
2017-10-04 22:29:00,1.247945,1.24798,1.2479,1.24798
2017-10-04 22:30:00,1.248185,1.24797,1.24797,1.248215
2017-10-04 22:31:00,1.24804,1.24818,1.24802,1.248185
2017-10-04 22:32:00,1.248015,1.24804,1.24801,1.24804
2017-10-04 22:33:00,1.248085,1.24801,1.248005,1.248085
2017-10-04 22:34:00,1.248175,1.248085,1.248085,1.24824
2017-10-04 22:35:00,1.248245,1.24818,1.248125,1.248245
2017-10-04 22:36:00,1.248255,1.248295,1.24825,1.248295
2017-10-04 22:37:00,1.248085,1.24826,1.248085,1.24826
2017-10-04 22:38:00,1.248095,1.24808,1.24808,1.2481
2017-10-04 22:39:00,1.24806,1.248095,1.24799,1.2481
2017-10-04 22:40:00,1.248085,1.248065,1.24806,1.24809
2017-10-04 22:41:00,1.248105,1.248105,1.2481,1.24811
2017-10-04 22:42:00,1.24811,1.24811,1.248105,1.24812
2017-10-04 22:43:00,1.24803,1.248105,1.24803,1.248105
2017-10-04 22:44:00,1.248045,1.248085,1.24804,1.248095
2017-10-04 22:45:00,1.248065,1.24805,1.24805,1.248065
2017-10-04 22:46:00,1.24806,1.24806,1.24806,1.24806
2017-10-04 22:47:00,1.248065,1.248065,1.248055,1.248075
2017-10-04 22:48:00,1.24806,1.24807,1.248055,1.24807
2017-10-04 22:49:00,1.248075,1.24808,1.248075,1.24808
2017-10-04 22:50:00,1.24809,1.248055,1.248025,1.2481
2017-10-04 22:51:00,1.24809,1.248095,1.24808,1.248095
2017-10-04 22:52:00,1.248015,1.248085,1.248015,1.248085
2017-10-04 22:53:00,1.247895,1.24797,1.24786,1.24797
2017-10-04 22:54:00,1.247895,1.24797,1.24786,1.24797
2017-10-04 22:55:00,1.247895,1.24797,1.24786,1.24797
2017-10-04 22:56:00,1.247895,1.24797,1.24786,1.24797
2017-10-04 22:57:00,1.247915,1.247865,1.247865,1.247915
2017-10-04 22:58:00,1.247925,1.24791,1.24791,1.24793
2017-10-04 22:59:00,1.247855,1.2479,1.24784,1.2479
2017-10-04 23:00:00,1.247865,1.247855,1.24785,1.24787
2017-10-04 23:01:00,1.247885,1.247865,1.247795,1.247885
2017-10-04 23:02:00,1.2479,1.247865,1.247865,1.24793
2017-10-04 23:03:00,1.2479,1.24789,1.247875,1.247905
2017-10-04 23:04:00,1.24782,1.24786,1.247785,1.24786
2017-10-04 23:05:00,1.247815,1.247815,1.247815,1.247815
2017-10-04 23:06:00,1.24781,1.24781,1.24781,1.24781
2017-10-04 23:07:00,1.24784,1.24782,1.247815,1.24784
2017-10-04 23:08:00,1.247855,1.247835,1.247835,1.247855
2017-10-04 23:09:00,1.24789,1.24785,1.247825,1.2479
2017-10-04 23:10:00,1.24808,1.247905,1.247905,1.248095
2017-10-04 23:11:00,1.24808,1.247905,1.247905,1.248095
2017-10-04 23:12:00,1.24808,1.247905,1.247905,1.248095
2017-10-04 23:13:00,1.24808,1.247905,1.247905,1.248095
2017-10-04 23:14:00,1.24808,1.247905,1.247905,1.248095
2017-10-04 23:15:00,1.24805,1.24805,1.248,1.248055
2017-10-04 23:16:00,1.24809,1.248055,1.24799,1.248095
2017-10-04 23:17:00,1.24822,1.248145,1.248145,1.248225
2017-10-04 23:18:00,1.2482,1.24821,1.2482,1.24821
2017-10-04 23:19:00,1.2483,1.24826,1.248255,1.24831
2017-10-04 23:20:00,1.248205,1.248315,1.248205,1.248315
2017-10-04 23:21:00,1.24816,1.24816,1.24816,1.24816
2017-10-04 23:22:00,1.24813,1.248105,1.248075,1.248135
2017-10-04 23:23:00,1.248135,1.248135,1.248135,1.248135
2017-10-04 23:24:00,1.248135,1.248135,1.248135,1.248135
2017-10-04 23:25:00,1.2482,1.248135,1.248135,1.2482
2017-10-04 23:26:00,1.248175,1.248175,1.248175,1.248175
2017-10-04 23:27:00,1.248195,1.248195,1.248195,1.248195
2017-10-04 23:28:00,1.24824,1.24822,1.24822,1.24824
2017-10-04 23:29:00,1.24831,1.24819,1.24819,1.24835
2017-10-04 23:30:00,1.248275,1.24829,1.24827,1.24831
2017-10-04 23:31:00,1.24827,1.248245,1.248245,1.24827
2017-10-04 23:32:00,1.24822,1.24821,1.248195,1.24822
2017-10-04 23:33:00,1.248215,1.248215,1.248215,1.248215
2017-10-04 23:34:00,1.24818,1.24822,1.248175,1.24822
2017-10-04 23:35:00,1.248185,1.248165,1.248165,1.248205
2017-10-04 23:36:00,1.248175,1.24818,1.248165,1.24818
2017-10-04 23:37:00,1.248225,1.24818,1.24818,1.248225
2017-10-04 23:38:00,1.248225,1.248225,1.24822,1.24823
2017-10-04 23:39:00,1.248225,1.248225,1.24822,1.24823
2017-10-04 23:40:00,1.24822,1.24822,1.24822,1.24822
2017-10-04 23:41:00,1.248235,1.248235,1.24823,1.24824
2017-10-04 23:42:00,1.24822,1.248235,1.24822,1.248235
2017-10-04 23:43:00,1.248225,1.24822,1.24821,1.24823
2017-10-04 23:44:00,1.248265,1.24816,1.24815,1.248265
2017-10-04 23:45:00,1.248265,1.24816,1.24815,1.248265
2017-10-04 23:46:00,1.24828,1.24827,1.24827,1.24829
2017-10-04 23:47:00,1.24823,1.248285,1.24823,1.248285
2017-10-04 23:48:00,1.24824,1.248235,1.24823,1.24825
2017-10-04 23:49:00,1.248275,1.24825,1.248235,1.248285
2017-10-04 23:50:00,1.248255,1.248255,1.248255,1.248255
2017-10-04 23:51:00,1.248255,1.248255,1.248255,1.248255
2017-10-04 23:52:00,1.248255,1.248255,1.248255,1.248255
2017-10-04 23:53:00,1.248255,1.248255,1.248255,1.248255
2017-10-04 23:54:00,1.248295,1.248305,1.248285,1.248315
2017-10-04 23:55:00,1.24831,1.2483,1.24829,1.24832
2017-10-04 23:56:00,1.24829,1.248315,1.24829,1.24832
2017-10-04 23:57:00,1.24829,1.248285,1.248285,1.24829
2017-10-04 23:58:00,1.24826,1.24826,1.24826,1.24826
2017-10-04 23:59:00,1.24826,1.24826,1.24826,1.24826
2017-10-05 00:00:00,1.24826,1.24826,1.24826,1.24826
2017-10-05 00:01:00,1.248305,1.248285,1.248285,1.248305
2017-10-05 00:02:00,1.248305,1.248285,1.248285,1.248305
2017-10-05 00:03:00,1.248285,1.24828,1.248275,1.24835
2017-10-05 00:04:00,1.248265,1.24828,1.248255,1.248345
2017-10-05 00:05:00,1.24811,1.248245,1.248105,1.24825
2017-10-05 00:06:00,1.24811,1.24812,1.24811,1.24812
2017-10-05 00:07:00,1.24805,1.248095,1.24804,1.24812
2017-10-05 00:08:00,1.248065,1.248045,1.248045,1.248105
2017-10-05 00:09:00,1.248065,1.248045,1.248045,1.248105
2017-10-05 00:10:00,1.248065,1.248045,1.248045,1.248105
2017-10-05 00:11:00,1.248065,1.248045,1.248045,1.248105
2017-10-05 00:12:00,1.248065,1.248045,1.248045,1.248105
2017-10-05 00:13:00,1.248085,1.248085,1.248085,1.248085
2017-10-05 00:14:00,1.248015,1.248035,1.24801,1.248035
2017-10-05 00:15:00,1.248015,1.24802,1.24801,1.248035
2017-10-05 00:16:00,1.24802,1.24802,1.24801,1.248025
2017-10-05 00:17:00,1.24801,1.248015,1.248005,1.248015
2017-10-05 00:18:00,1.24804,1.24804,1.24804,1.24804
2017-10-05 00:19:00,1.24804,1.24804,1.24804,1.24804
2017-10-05 00:20:00,1.24802,1.24802,1.24802,1.24802
2017-10-05 00:21:00,1.24808,1.248075,1.248075,1.24808
2017-10-05 00:22:00,1.24808,1.248075,1.248075,1.24808
2017-10-05 00:23:00,1.24807,1.24807,1.24807,1.24807
2017-10-05 00:24:00,1.24807,1.24807,1.24807,1.24807
2017-10-05 00:25:00,1.24812,1.248125,1.248115,1.248135
2017-10-05 00:26:00,1.248155,1.248125,1.248125,1.24816
2017-10-05 00:27:00,1.248155,1.24821,1.24814,1.24822
2017-10-05 00:28:00,1.248155,1.24816,1.24815,1.24818
2017-10-05 00:29:00,1.24812,1.24816,1.24812,1.24816
2017-10-05 00:30:00,1.24807,1.248125,1.24807,1.24813
2017-10-05 00:31:00,1.247975,1.248095,1.24797,1.248095
2017-10-05 00:32:00,1.24794,1.247975,1.24787,1.247985
2017-10-05 00:33:00,1.247895,1.247925,1.247865,1.24793
2017-10-05 00:34:00,1.247895,1.247925,1.247865,1.24793
2017-10-05 00:35:00,1.24787,1.24788,1.247865,1.24789
2017-10-05 00:36:00,1.24787,1.247855,1.24785,1.24789
2017-10-05 00:37:00,1.247885,1.247875,1.247865,1.247895
2017-10-05 00:38:00,1.247885,1.24787,1.24787,1.24789
2017-10-05 00:39:00,1.247885,1.24788,1.247875,1.2479
2017-10-05 00:40:00,1.247895,1.247895,1.24788,1.2479
2017-10-05 00:41:00,1.24792,1.24792,1.24792,1.24792
2017-10-05 00:42:00,1.247895,1.247895,1.247895,1.247895
2017-10-05 00:43:00,1.247915,1.24787,1.24787,1.24792
2017-10-05 00:44:00,1.247925,1.247925,1.24788,1.24795
2017-10-05 00:45:00,1.24789,1.247925,1.24786,1.247925
2017-10-05 00:46:00,1.24788,1.247895,1.247865,1.24791
2017-10-05 00:47:00,1.2479,1.247895,1.247895,1.247905
2017-10-05 00:48:00,1.24786,1.24789,1.24786,1.2479
2017-10-05 00:49:00,1.24786,1.24789,1.24786,1.2479
2017-10-05 00:50:00,1.24786,1.24789,1.24786,1.2479
2017-10-05 00:51:00,1.24786,1.24789,1.24786,1.2479
2017-10-05 00:52:00,1.24791,1.247885,1.247815,1.24791
2017-10-05 00:53:00,1.24783,1.24789,1.247815,1.247935
2017-10-05 00:54:00,1.24788,1.24785,1.24785,1.24788
2017-10-05 00:55:00,1.24785,1.247825,1.24781,1.24785
2017-10-05 00:56:00,1.24785,1.247825,1.24781,1.24785
2017-10-05 00:57:00,1.247875,1.247875,1.247875,1.247875
2017-10-05 00:58:00,1.24785,1.24785,1.24785,1.24785
2017-10-05 00:59:00,1.24785,1.24785,1.24785,1.24785
2017-10-05 01:00:00,1.24787,1.247825,1.247825,1.247895
2017-10-05 01:01:00,1.247705,1.24787,1.24767,1.24787
2017-10-05 01:02:00,1.247695,1.24768,1.247665,1.247725
2017-10-05 01:03:00,1.24768,1.24769,1.24767,1.247705
2017-10-05 01:04:00,1.24765,1.247685,1.247635,1.24769
2017-10-05 01:05:00,1.247625,1.247645,1.24762,1.24765
2017-10-05 01:06:00,1.247485,1.24762,1.24739,1.247645
2017-10-05 01:07:00,1.247415,1.247465,1.24736,1.247465
2017-10-05 01:08:00,1.247415,1.247465,1.24736,1.247465
2017-10-05 01:09:00,1.247415,1.247465,1.24736,1.247465
2017-10-05 01:10:00,1.24739,1.24739,1.24739,1.24739
2017-10-05 01:11:00,1.247355,1.247365,1.247295,1.24738
2017-10-05 01:12:00,1.24738,1.247325,1.247325,1.24748
2017-10-05 01:13:00,1.24746,1.24738,1.247375,1.247475
2017-10-05 01:14:00,1.24749,1.247465,1.247465,1.24749
2017-10-05 01:15:00,1.24749,1.247465,1.247465,1.24749
2017-10-05 01:16:00,1.24749,1.247465,1.247465,1.24749
2017-10-05 01:17:00,1.24754,1.24754,1.24754,1.24754
2017-10-05 01:18:00,1.247525,1.247525,1.24752,1.24753
2017-10-05 01:19:00,1.24772,1.247545,1.247535,1.24772
2017-10-05 01:20:00,1.247655,1.247735,1.24765,1.247735
2017-10-05 01:21:00,1.24758,1.24766,1.24758,1.24766
2017-10-05 01:22:00,1.247585,1.247565,1.247565,1.2476
2017-10-05 01:23:00,1.247545,1.247595,1.247475,1.24765
2017-10-05 01:24:00,1.2475,1.24755,1.247495,1.24756
2017-10-05 01:25:00,1.24754,1.247505,1.247495,1.24755
2017-10-05 01:26:00,1.24755,1.247535,1.247535,1.24756
2017-10-05 01:27:00,1.24762,1.247565,1.247565,1.247645
2017-10-05 01:28:00,1.24755,1.247595,1.24755,1.247595
2017-10-05 01:29:00,1.24767,1.247605,1.247605,1.24768
2017-10-05 01:30:00,1.247665,1.247655,1.24765,1.24767
2017-10-05 01:31:00,1.24765,1.24766,1.24758,1.247675
2017-10-05 01:32:00,1.247765,1.247655,1.247625,1.247765
2017-10-05 01:33:00,1.24775,1.24777,1.24774,1.247775
2017-10-05 01:34:00,1.2478,1.24775,1.24774,1.2478
2017-10-05 01:35:00,1.248,1.247825,1.247825,1.24802
2017-10-05 01:36:00,1.247945,1.247995,1.247925,1.247995
2017-10-05 01:37:00,1.24794,1.24794,1.24793,1.247955
2017-10-05 01:38:00,1.247925,1.247935,1.24792,1.24795
2017-10-05 01:39:00,1.247835,1.24787,1.247555,1.247875
2017-10-05 01:40:00,1.247845,1.247835,1.247835,1.24785
2017-10-05 01:41:00,1.24787,1.24784,1.24784,1.24787
2017-10-05 01:42:00,1.24787,1.24784,1.24784,1.24787
2017-10-05 01:43:00,1.24782,1.24784,1.247795,1.24785
2017-10-05 01:44:00,1.24782,1.24782,1.247815,1.247825
2017-10-05 01:45:00,1.247815,1.24782,1.247815,1.247825
2017-10-05 01:46:00,1.24776,1.24781,1.24772,1.24781
2017-10-05 01:47:00,1.24782,1.24776,1.247745,1.247895
2017-10-05 01:48:00,1.24789,1.247815,1.24781,1.247905
2017-10-05 01:49:00,1.247855,1.24788,1.247855,1.24789
2017-10-05 01:50:00,1.24779,1.247805,1.24779,1.247805
2017-10-05 01:51:00,1.247805,1.247785,1.24775,1.247805
2017-10-05 01:52:00,1.247805,1.247785,1.24775,1.247805
2017-10-05 01:53:00,1.247805,1.247785,1.24775,1.247805
2017-10-05 01:54:00,1.247805,1.247855,1.247715,1.247875
2017-10-05 01:55:00,1.247705,1.24776,1.24768,1.24776
2017-10-05 01:56:00,1.24774,1.247705,1.247705,1.2478
2017-10-05 01:57:00,1.24768,1.24774,1.24768,1.24775
2017-10-05 01:58:00,1.247675,1.24768,1.24766,1.247695
2017-10-05 01:59:00,1.247695,1.24767,1.24764,1.247695
2017-10-05 02:00:00,1.24771,1.24771,1.24768,1.247745
2017-10-05 02:01:00,1.24767,1.247705,1.247645,1.247765
2017-10-05 02:02:00,1.247885,1.24768,1.247675,1.24796
2017-10-05 02:03:00,1.247885,1.247885,1.24787,1.24792
2017-10-05 02:04:00,1.247875,1.247835,1.247825,1.247895
2017-10-05 02:05:00,1.24794,1.24787,1.247865,1.248035
2017-10-05 02:06:00,1.24807,1.24795,1.247935,1.24809
2017-10-05 02:07:00,1.24819,1.248075,1.248055,1.2482
2017-10-05 02:08:00,1.248215,1.24814,1.24813,1.248345
2017-10-05 02:09:00,1.24825,1.248265,1.24819,1.248395
2017-10-05 02:10:00,1.248225,1.24824,1.248185,1.248255
2017-10-05 02:11:00,1.24828,1.24822,1.24821,1.248415
2017-10-05 02:12:00,1.24822,1.248265,1.24819,1.248325
2017-10-05 02:13:00,1.24817,1.248165,1.248165,1.24817
2017-10-05 02:14:00,1.248205,1.248175,1.248175,1.24824
2017-10-05 02:15:00,1.248255,1.248255,1.248175,1.24833
2017-10-05 02:16:00,1.24829,1.24824,1.24823,1.24834
2017-10-05 02:17:00,1.24822,1.24833,1.248205,1.24833
2017-10-05 02:18:00,1.248105,1.24822,1.24808,1.248265
2017-10-05 02:19:00,1.24818,1.24813,1.24813,1.24818
2017-10-05 02:20:00,1.248285,1.248175,1.248175,1.24829
2017-10-05 02:21:00,1.248425,1.248235,1.248235,1.248425
2017-10-05 02:22:00,1.24842,1.24842,1.24833,1.248495
2017-10-05 02:23:00,1.248435,1.248475,1.248435,1.24848
2017-10-05 02:24:00,1.248535,1.24846,1.24846,1.24859
2017-10-05 02:25:00,1.2486,1.24853,1.24853,1.2486
2017-10-05 02:26:00,1.248345,1.24855,1.248345,1.24855
2017-10-05 02:27:00,1.248315,1.24834,1.248315,1.248385
2017-10-05 02:28:00,1.248325,1.24831,1.248305,1.24837
2017-10-05 02:29:00,1.24847,1.248325,1.24832,1.24847
2017-10-05 02:30:00,1.24857,1.24842,1.248385,1.24858
2017-10-05 02:31:00,1.248675,1.248555,1.248555,1.2487
2017-10-05 02:32:00,1.248665,1.248685,1.24861,1.2487
2017-10-05 02:33:00,1.24861,1.248715,1.2486,1.248715
2017-10-05 02:34:00,1.24852,1.248585,1.24852,1.248585
2017-10-05 02:35:00,1.248435,1.2485,1.24838,1.2485
2017-10-05 02:36:00,1.24836,1.24844,1.24836,1.248445
2017-10-05 02:37:00,1.24852,1.2484,1.2484,1.248575
2017-10-05 02:38:00,1.24856,1.24857,1.24855,1.248575
2017-10-05 02:39:00,1.248555,1.248555,1.24855,1.248595
2017-10-05 02:40:00,1.24862,1.248565,1.248545,1.24862
2017-10-05 02:41:00,1.24835,1.248615,1.24834,1.24862
2017-10-05 02:42:00,1.248205,1.24836,1.24813,1.24836
2017-10-05 02:43:00,1.248285,1.24822,1.248205,1.248295
2017-10-05 02:44:00,1.248255,1.24828,1.24825,1.24828
2017-10-05 02:45:00,1.248235,1.24825,1.248235,1.24826
2017-10-05 02:46:00,1.24815,1.24823,1.24815,1.248285
2017-10-05 02:47:00,1.24831,1.248145,1.248145,1.248365
2017-10-05 02:48:00,1.24825,1.248335,1.248245,1.248335
2017-10-05 02:49:00,1.24822,1.248205,1.248185,1.248225
2017-10-05 02:50:00,1.24822,1.248205,1.248185,1.248225
2017-10-05 02:51:00,1.24837,1.24824,1.24824,1.24838
2017-10-05 02:52:00,1.248585,1.24842,1.24842,1.24863
2017-10-05 02:53:00,1.24873,1.24864,1.24864,1.248785
2017-10-05 02:54:00,1.24858,1.24868,1.248535,1.24873
2017-10-05 02:55:00,1.24845,1.248575,1.24842,1.24858
2017-10-05 02:56:00,1.24854,1.248455,1.24829,1.24856
2017-10-05 02:57:00,1.24852,1.248555,1.24846,1.248615
2017-10-05 02:58:00,1.24822,1.248465,1.248175,1.24847
2017-10-05 02:59:00,1.24826,1.24824,1.248135,1.24827
2017-10-05 03:00:00,1.248125,1.248315,1.24806,1.24832
2017-10-05 03:01:00,1.248155,1.24818,1.24812,1.24843
2017-10-05 03:02:00,1.24804,1.24815,1.247975,1.248165
2017-10-05 03:03:00,1.248165,1.248055,1.248055,1.2482
2017-10-05 03:04:00,1.248,1.24816,1.247925,1.248165
2017-10-05 03:05:00,1.24781,1.247995,1.24776,1.24815
2017-10-05 03:06:00,1.24787,1.247865,1.247775,1.247885
2017-10-05 03:07:00,1.24797,1.247875,1.247875,1.248145
2017-10-05 03:08:00,1.248055,1.247965,1.24795,1.248105
2017-10-05 03:09:00,1.247875,1.248105,1.24782,1.248125
2017-10-05 03:10:00,1.24783,1.24786,1.2478,1.24793
2017-10-05 03:11:00,1.24767,1.247835,1.24751,1.247865
2017-10-05 03:12:00,1.247635,1.24768,1.24755,1.24771
2017-10-05 03:13:00,1.247775,1.24764,1.247615,1.247775
2017-10-05 03:14:00,1.24776,1.247765,1.24771,1.247775
2017-10-05 03:15:00,1.24806,1.24776,1.247685,1.24806
2017-10-05 03:16:00,1.248255,1.24812,1.248045,1.248285
2017-10-05 03:17:00,1.24815,1.24827,1.248135,1.24829
2017-10-05 03:18:00,1.24816,1.248195,1.24816,1.24833
2017-10-05 03:19:00,1.247785,1.24815,1.24775,1.248155
2017-10-05 03:20:00,1.247675,1.24779,1.24766,1.247815
2017-10-05 03:21:00,1.247645,1.247655,1.247595,1.247755
2017-10-05 03:22:00,1.247755,1.24765,1.24759,1.247785
2017-10-05 03:23:00,1.247595,1.24775,1.24759,1.247755
2017-10-05 03:24:00,1.2473,1.24759,1.24728,1.24759
2017-10-05 03:25:00,1.2472,1.2473,1.247135,1.24742
2017-10-05 03:26:00,1.24717,1.247195,1.246925,1.24723
2017-10-05 03:27:00,1.247365,1.247175,1.24717,1.24745
2017-10-05 03:28:00,1.24752,1.24742,1.24742,1.24752
2017-10-05 03:29:00,1.247515,1.247525,1.247455,1.24753
2017-10-05 03:30:00,1.24765,1.247565,1.247565,1.24765
2017-10-05 03:31:00,1.24771,1.24771,1.247635,1.247765
2017-10-05 03:32:00,1.24769,1.247715,1.247625,1.247715
2017-10-05 03:33:00,1.247675,1.247685,1.247585,1.24769
2017-10-05 03:34:00,1.24757,1.24769,1.24757,1.24769
2017-10-05 03:35:00,1.247605,1.24757,1.24757,1.24763
2017-10-05 03:36:00,1.247795,1.24761,1.247515,1.2478
2017-10-05 03:37:00,1.247915,1.247835,1.247835,1.247915
2017-10-05 03:38:00,1.247945,1.247965,1.24794,1.248155
2017-10-05 03:39:00,1.247895,1.24792,1.24787,1.24794
2017-10-05 03:40:00,1.247825,1.24787,1.247815,1.24794
2017-10-05 03:41:00,1.247925,1.24783,1.24778,1.24793
2017-10-05 03:42:00,1.24789,1.24793,1.247845,1.24793
2017-10-05 03:43:00,1.247815,1.24784,1.247725,1.24784
2017-10-05 03:44:00,1.247885,1.2478,1.2478,1.247905
2017-10-05 03:45:00,1.247715,1.247835,1.24771,1.247855
2017-10-05 03:46:00,1.24785,1.247715,1.247705,1.247875
2017-10-05 03:47:00,1.24787,1.24791,1.24787,1.247915
2017-10-05 03:48:00,1.24801,1.247875,1.24784,1.24801
2017-10-05 03:49:00,1.2479,1.247995,1.24782,1.247995
2017-10-05 03:50:00,1.247855,1.247945,1.247855,1.24799
2017-10-05 03:51:00,1.247815,1.247855,1.24776,1.247865
2017-10-05 03:52:00,1.24778,1.24784,1.24778,1.24784
2017-10-05 03:53:00,1.24778,1.24779,1.24778,1.2478
2017-10-05 03:54:00,1.247805,1.24773,1.247725,1.247805
2017-10-05 03:55:00,1.24798,1.247865,1.247865,1.248065
2017-10-05 03:56:00,1.24807,1.248035,1.247935,1.248085
2017-10-05 03:57:00,1.24796,1.248075,1.24796,1.24808
2017-10-05 03:58:00,1.247995,1.247965,1.247935,1.24807
2017-10-05 03:59:00,1.24798,1.248,1.247965,1.24808
2017-10-05 04:00:00,1.247885,1.247975,1.24782,1.247995
2017-10-05 04:01:00,1.24784,1.247835,1.24778,1.247945
2017-10-05 04:02:00,1.247815,1.247855,1.24781,1.24795
2017-10-05 04:03:00,1.24803,1.24786,1.24786,1.248035
2017-10-05 04:04:00,1.248055,1.24808,1.248055,1.248085
2017-10-05 04:05:00,1.247965,1.248055,1.247915,1.248055
2017-10-05 04:06:00,1.24784,1.24797,1.24784,1.24797
2017-10-05 04:07:00,1.248025,1.247845,1.24784,1.248025
2017-10-05 04:08:00,1.247695,1.248035,1.24767,1.248075
2017-10-05 04:09:00,1.247585,1.247695,1.24758,1.24782
2017-10-05 04:10:00,1.247475,1.24754,1.247295,1.24754
2017-10-05 04:11:00,1.24729,1.247425,1.247275,1.247425
2017-10-05 04:12:00,1.247265,1.247295,1.24726,1.247385
2017-10-05 04:13:00,1.24725,1.24726,1.24725,1.247395
2017-10-05 04:14:00,1.247265,1.247265,1.247235,1.24729
2017-10-05 04:15:00,1.247175,1.24727,1.247145,1.247295
2017-10-05 04:16:00,1.2474,1.247175,1.24713,1.247405
2017-10-05 04:17:00,1.247295,1.247345,1.247255,1.24735
2017-10-05 04:18:00,1.2472,1.24729,1.24719,1.24731
2017-10-05 04:19:00,1.247155,1.2472,1.247155,1.247245
2017-10-05 04:20:00,1.247235,1.24713,1.24713,1.247235
2017-10-05 04:21:00,1.247195,1.24721,1.247175,1.24722
2017-10-05 04:22:00,1.24709,1.247225,1.24709,1.247225
2017-10-05 04:23:00,1.246885,1.24704,1.24688,1.24704
2017-10-05 04:24:00,1.24691,1.24683,1.246825,1.24704
2017-10-05 04:25:00,1.246905,1.246905,1.24688,1.246965
2017-10-05 04:26:00,1.246905,1.24692,1.246855,1.246945
2017-10-05 04:27:00,1.246905,1.246895,1.246895,1.24691
2017-10-05 04:28:00,1.24689,1.24691,1.24685,1.24692
2017-10-05 04:29:00,1.246925,1.246905,1.246905,1.246925
2017-10-05 04:30:00,1.246905,1.246875,1.246845,1.246905
2017-10-05 04:31:00,1.24677,1.2469,1.24676,1.246905
2017-10-05 04:32:00,1.246875,1.24671,1.2467,1.246895
2017-10-05 04:33:00,1.246985,1.2469,1.246885,1.246985
2017-10-05 04:34:00,1.246985,1.246935,1.24693,1.246985
2017-10-05 04:35:00,1.24707,1.247005,1.247005,1.247115
2017-10-05 04:36:00,1.24695,1.247065,1.246945,1.24707
2017-10-05 04:37:00,1.246825,1.246945,1.246825,1.24695
2017-10-05 04:38:00,1.24689,1.2468,1.2468,1.246895
2017-10-05 04:39:00,1.24687,1.24688,1.2468,1.24688
2017-10-05 04:40:00,1.247045,1.246865,1.246845,1.247045
2017-10-05 04:41:00,1.246865,1.24704,1.24684,1.247045
2017-10-05 04:42:00,1.24677,1.24687,1.246745,1.246945
2017-10-05 04:43:00,1.246895,1.246755,1.24675,1.246895
2017-10-05 04:44:00,1.246885,1.246885,1.24688,1.24689
2017-10-05 04:45:00,1.24684,1.246875,1.246665,1.24688
2017-10-05 04:46:00,1.246745,1.24683,1.246745,1.24685
2017-10-05 04:47:00,1.2467,1.246755,1.24662,1.246755
2017-10-05 04:48:00,1.24643,1.246645,1.24635,1.246645
2017-10-05 04:49:00,1.24636,1.246415,1.246335,1.24645
2017-10-05 04:50:00,1.24631,1.246305,1.2462,1.246365
2017-10-05 04:51:00,1.24631,1.246305,1.2462,1.246365
2017-10-05 04:52:00,1.24625,1.246335,1.24625,1.24641
2017-10-05 04:53:00,1.24664,1.2463,1.2463,1.24664
2017-10-05 04:54:00,1.24672,1.246665,1.24662,1.24676
2017-10-05 04:55:00,1.246615,1.246715,1.246605,1.246745
2017-10-05 04:56:00,1.2466,1.24661,1.24655,1.24661
2017-10-05 04:57:00,1.246785,1.246595,1.24659,1.246785
2017-10-05 04:58:00,1.24702,1.24684,1.24684,1.247025
2017-10-05 04:59:00,1.24684,1.247025,1.246745,1.24703
2017-10-05 05:00:00,1.246755,1.246785,1.24675,1.246785
2017-10-05 05:01:00,1.246745,1.24671,1.24665,1.246745
2017-10-05 05:02:00,1.24694,1.2468,1.2468,1.24694
2017-10-05 05:03:00,1.246975,1.24699,1.246885,1.247
2017-10-05 05:04:00,1.24664,1.246975,1.246585,1.246985
2017-10-05 05:05:00,1.246725,1.246635,1.246575,1.246765
2017-10-05 05:06:00,1.246615,1.246715,1.24656,1.246715
2017-10-05 05:07:00,1.24667,1.24661,1.24661,1.24668
2017-10-05 05:08:00,1.246585,1.246665,1.246585,1.246695
2017-10-05 05:09:00,1.24676,1.246595,1.246595,1.246805
2017-10-05 05:10:00,1.24666,1.24671,1.246575,1.24671
2017-10-05 05:11:00,1.246735,1.246665,1.24658,1.2468
2017-10-05 05:12:00,1.246925,1.24673,1.24673,1.246925
2017-10-05 05:13:00,1.246995,1.246985,1.246925,1.247005
2017-10-05 05:14:00,1.247045,1.24702,1.24697,1.24705
2017-10-05 05:15:00,1.24714,1.24705,1.247045,1.24714
2017-10-05 05:16:00,1.24727,1.24717,1.24717,1.247425
2017-10-05 05:17:00,1.24708,1.247275,1.247075,1.247325
2017-10-05 05:18:00,1.247125,1.247025,1.246995,1.247175
2017-10-05 05:19:00,1.247095,1.247135,1.247095,1.247135
2017-10-05 05:20:00,1.24704,1.247105,1.24704,1.24719
2017-10-05 05:21:00,1.24691,1.246985,1.246815,1.246985
2017-10-05 05:22:00,1.247125,1.24693,1.246925,1.247135
2017-10-05 05:23:00,1.247365,1.247125,1.247075,1.24737
2017-10-05 05:24:00,1.24732,1.24736,1.24732,1.247365
2017-10-05 05:25:00,1.247165,1.24732,1.24712,1.24732
2017-10-05 05:26:00,1.24714,1.24716,1.247075,1.247195
2017-10-05 05:27:00,1.247075,1.2471,1.24704,1.2471
2017-10-05 05:28:00,1.24709,1.247015,1.24701,1.2471
2017-10-05 05:29:00,1.24703,1.247105,1.246945,1.24717
2017-10-05 05:30:00,1.247205,1.247085,1.247085,1.247205
2017-10-05 05:31:00,1.24718,1.24721,1.24718,1.247235
2017-10-05 05:32:00,1.24716,1.24715,1.247135,1.2472
2017-10-05 05:33:00,1.247405,1.247185,1.247185,1.247405
2017-10-05 05:34:00,1.24723,1.247355,1.24723,1.247355
2017-10-05 05:35:00,1.247015,1.247175,1.247015,1.247175
2017-10-05 05:36:00,1.24709,1.247075,1.247075,1.24709
2017-10-05 05:37:00,1.24706,1.24711,1.247045,1.24711
2017-10-05 05:38:00,1.247175,1.247115,1.247115,1.247195
2017-10-05 05:39:00,1.24714,1.24715,1.24708,1.24715
2017-10-05 05:40:00,1.24724,1.24716,1.24716,1.24725
2017-10-05 05:41:00,1.247265,1.247235,1.247215,1.2473
2017-10-05 05:42:00,1.24728,1.247265,1.24726,1.2473
2017-10-05 05:43:00,1.247195,1.247225,1.24716,1.24729
2017-10-05 05:44:00,1.24725,1.24719,1.247185,1.24725
2017-10-05 05:45:00,1.247215,1.247245,1.247175,1.24726
2017-10-05 05:46:00,1.247205,1.247215,1.2472,1.24722
2017-10-05 05:47:00,1.24724,1.24721,1.247175,1.24724
2017-10-05 05:48:00,1.24725,1.247235,1.24722,1.24725
2017-10-05 05:49:00,1.24736,1.24731,1.247305,1.24739
2017-10-05 05:50:00,1.24728,1.24731,1.24725,1.24732
2017-10-05 05:51:00,1.24728,1.247285,1.24727,1.247335
2017-10-05 05:52:00,1.24754,1.24723,1.247225,1.24754
2017-10-05 05:53:00,1.247605,1.24753,1.24751,1.247665
2017-10-05 05:54:00,1.24754,1.247595,1.24748,1.247615
2017-10-05 05:55:00,1.247595,1.24755,1.24747,1.247605
2017-10-05 05:56:00,1.24776,1.2476,1.2476,1.247775
2017-10-05 05:57:00,1.24761,1.247745,1.24761,1.247745
2017-10-05 05:58:00,1.247615,1.24761,1.247595,1.24767
2017-10-05 05:59:00,1.247715,1.24766,1.24766,1.247715
2017-10-05 06:00:00,1.24743,1.24776,1.247415,1.247825
2017-10-05 06:01:00,1.24753,1.247425,1.2474,1.24757
2017-10-05 06:02:00,1.24744,1.247475,1.24739,1.247505
2017-10-05 06:03:00,1.24747,1.247465,1.247395,1.24747
2017-10-05 06:04:00,1.247305,1.247465,1.247295,1.247545
2017-10-05 06:05:00,1.247345,1.2473,1.2473,1.24739
2017-10-05 06:06:00,1.247465,1.24734,1.24734,1.24747
2017-10-05 06:07:00,1.2475,1.247465,1.247455,1.24751
2017-10-05 06:08:00,1.247515,1.2475,1.247465,1.24755
2017-10-05 06:09:00,1.24766,1.247565,1.247565,1.24766
2017-10-05 06:10:00,1.24759,1.24772,1.24754,1.247835
2017-10-05 06:11:00,1.247605,1.247615,1.24753,1.247645
2017-10-05 06:12:00,1.247705,1.24761,1.24761,1.24771
2017-10-05 06:13:00,1.24748,1.24769,1.24748,1.24771
2017-10-05 06:14:00,1.24739,1.24745,1.24727,1.24745
2017-10-05 06:15:00,1.247205,1.247365,1.24715,1.247365
2017-10-05 06:16:00,1.247345,1.247205,1.247195,1.24735
2017-10-05 06:17:00,1.24723,1.24729,1.24723,1.2473
2017-10-05 06:18:00,1.24726,1.247175,1.24717,1.247285
2017-10-05 06:19:00,1.24729,1.247265,1.247265,1.2473
2017-10-05 06:20:00,1.24742,1.247285,1.247235,1.24743
2017-10-05 06:21:00,1.247595,1.24741,1.247345,1.24767
2017-10-05 06:22:00,1.247755,1.24759,1.247545,1.247755
2017-10-05 06:23:00,1.24754,1.247755,1.24754,1.247765
2017-10-05 06:24:00,1.24751,1.24754,1.24751,1.247625
2017-10-05 06:25:00,1.24764,1.247515,1.2475,1.24764
2017-10-05 06:26:00,1.24766,1.24762,1.247565,1.247685
2017-10-05 06:27:00,1.24773,1.24765,1.24765,1.247775
2017-10-05 06:28:00,1.247765,1.247785,1.24776,1.247835
2017-10-05 06:29:00,1.247735,1.247765,1.247655,1.247765
2017-10-05 06:30:00,1.24765,1.24773,1.24761,1.247795
2017-10-05 06:31:00,1.24737,1.2476,1.247365,1.247615
2017-10-05 06:32:00,1.247455,1.247365,1.247365,1.247465
2017-10-05 06:33:00,1.247465,1.24746,1.247455,1.24747
2017-10-05 06:34:00,1.24768,1.247495,1.247495,1.247735
2017-10-05 06:35:00,1.247415,1.2476,1.247345,1.2476
2017-10-05 06:36:00,1.24743,1.247445,1.24738,1.247445
2017-10-05 06:37:00,1.247215,1.247375,1.24712,1.247375
2017-10-05 06:38:00,1.24718,1.247185,1.247175,1.247195
2017-10-05 06:39:00,1.24727,1.247185,1.247165,1.24727
2017-10-05 06:40:00,1.247435,1.247275,1.24727,1.247465
2017-10-05 06:41:00,1.247345,1.24741,1.24733,1.247415
2017-10-05 06:42:00,1.247345,1.24741,1.24733,1.247415
2017-10-05 06:43:00,1.247495,1.24737,1.24737,1.247495
2017-10-05 06:44:00,1.247445,1.24744,1.247435,1.24745
2017-10-05 06:45:00,1.24747,1.24744,1.247425,1.24747
2017-10-05 06:46:00,1.247445,1.24752,1.247445,1.247575
2017-10-05 06:47:00,1.247485,1.247485,1.247485,1.247485
2017-10-05 06:48:00,1.247475,1.24749,1.24747,1.247545
2017-10-05 06:49:00,1.247485,1.247485,1.247485,1.247485
2017-10-05 06:50:00,1.247505,1.24749,1.24737,1.247505
2017-10-05 06:51:00,1.247365,1.24755,1.247365,1.2476
2017-10-05 06:52:00,1.24736,1.247325,1.2473,1.24736
2017-10-05 06:53:00,1.24736,1.247325,1.2473,1.24736
2017-10-05 06:54:00,1.24755,1.247365,1.247365,1.247615
2017-10-05 06:55:00,1.24758,1.247555,1.247555,1.24762
2017-10-05 06:56:00,1.24707,1.247585,1.24707,1.247585
2017-10-05 06:57:00,1.24723,1.247015,1.246955,1.247365
2017-10-05 06:58:00,1.24731,1.24723,1.247225,1.24739
2017-10-05 06:59:00,1.247065,1.24731,1.247065,1.247365
2017-10-05 07:00:00,1.247185,1.24705,1.24705,1.2473
2017-10-05 07:01:00,1.24724,1.247135,1.247135,1.247605
2017-10-05 07:02:00,1.247235,1.247245,1.247215,1.247535
2017-10-05 07:03:00,1.24713,1.247225,1.24701,1.24728
2017-10-05 07:04:00,1.24727,1.24711,1.247035,1.24727
2017-10-05 07:05:00,1.24715,1.24727,1.24707,1.247275
2017-10-05 07:06:00,1.24717,1.247125,1.247035,1.247285
2017-10-05 07:07:00,1.247325,1.247165,1.247,1.247345
2017-10-05 07:08:00,1.2473,1.24734,1.247255,1.247395
2017-10-05 07:09:00,1.247525,1.247305,1.247305,1.24753
2017-10-05 07:10:00,1.247625,1.24752,1.24744,1.247625
2017-10-05 07:11:00,1.247675,1.24763,1.247585,1.24773
2017-10-05 07:12:00,1.24775,1.24767,1.247645,1.24777
2017-10-05 07:13:00,1.2478,1.247745,1.247695,1.247815
2017-10-05 07:14:00,1.24781,1.247795,1.247795,1.24781
2017-10-05 07:15:00,1.24767,1.247805,1.24761,1.24782
2017-10-05 07:16:00,1.247535,1.24762,1.24752,1.24762
2017-10-05 07:17:00,1.24745,1.247485,1.24739,1.247485
2017-10-05 07:18:00,1.247685,1.24747,1.24747,1.247685
2017-10-05 07:19:00,1.24753,1.2477,1.247525,1.24781
2017-10-05 07:20:00,1.247545,1.247525,1.24748,1.247545
2017-10-05 07:21:00,1.247595,1.24756,1.247495,1.247605
2017-10-05 07:22:00,1.247375,1.24759,1.24737,1.247595
2017-10-05 07:23:00,1.247335,1.24739,1.247285,1.247395
2017-10-05 07:24:00,1.247435,1.24734,1.24733,1.24744
2017-10-05 07:25:00,1.24755,1.24743,1.24743,1.247645
2017-10-05 07:26:00,1.247385,1.2476,1.247385,1.247605
2017-10-05 07:27:00,1.247365,1.24739,1.24731,1.24739
2017-10-05 07:28:00,1.24744,1.24736,1.24734,1.247445
2017-10-05 07:29:00,1.247355,1.24744,1.24735,1.247445
2017-10-05 07:30:00,1.247455,1.24735,1.24735,1.247475
2017-10-05 07:31:00,1.24757,1.24746,1.247455,1.24759
2017-10-05 07:32:00,1.24781,1.24757,1.247565,1.24781
2017-10-05 07:33:00,1.247705,1.247785,1.247695,1.247875
2017-10-05 07:34:00,1.24757,1.24771,1.24748,1.24771
2017-10-05 07:35:00,1.247565,1.24757,1.24752,1.2476
2017-10-05 07:36:00,1.247705,1.24756,1.247555,1.247705
2017-10-05 07:37:00,1.247735,1.247745,1.247735,1.24776
2017-10-05 07:38:00,1.24769,1.24776,1.24767,1.24778
2017-10-05 07:39:00,1.247725,1.2477,1.247695,1.247805
2017-10-05 07:40:00,1.24778,1.247775,1.247775,1.24778
2017-10-05 07:41:00,1.247785,1.247835,1.247765,1.247835
2017-10-05 07:42:00,1.247945,1.247735,1.24772,1.24796
2017-10-05 07:43:00,1.2479,1.2479,1.24789,1.247955
2017-10-05 07:44:00,1.24797,1.247895,1.247895,1.24797
2017-10-05 07:45:00,1.247945,1.24793,1.247925,1.24814
2017-10-05 07:46:00,1.247945,1.24793,1.247915,1.24798
2017-10-05 07:47:00,1.248065,1.247955,1.247955,1.24817
2017-10-05 07:48:00,1.24805,1.248045,1.248025,1.248135
2017-10-05 07:49:00,1.24805,1.248055,1.24803,1.248085
2017-10-05 07:50:00,1.248245,1.248055,1.24802,1.24825
2017-10-05 07:51:00,1.248115,1.24823,1.248115,1.248255
2017-10-05 07:52:00,1.24812,1.24817,1.24809,1.248175
2017-10-05 07:53:00,1.24798,1.248125,1.24797,1.24813
2017-10-05 07:54:00,1.248055,1.24803,1.24783,1.24806
2017-10-05 07:55:00,1.248145,1.24811,1.248055,1.248175
2017-10-05 07:56:00,1.24822,1.248145,1.24814,1.24827
2017-10-05 07:57:00,1.24817,1.24821,1.248155,1.24824
2017-10-05 07:58:00,1.247875,1.24817,1.247725,1.24817
2017-10-05 07:59:00,1.24768,1.24787,1.247675,1.24792
2017-10-05 08:00:00,1.247765,1.24773,1.247705,1.247865
2017-10-05 08:01:00,1.24753,1.24774,1.24753,1.24776
2017-10-05 08:02:00,1.24733,1.24758,1.24731,1.247655
2017-10-05 08:03:00,1.247375,1.24733,1.24728,1.247395
2017-10-05 08:04:00,1.24753,1.247425,1.24742,1.24756
2017-10-05 08:05:00,1.247625,1.247525,1.247525,1.24763
2017-10-05 08:06:00,1.247555,1.24756,1.247515,1.247635
2017-10-05 08:07:00,1.24769,1.24756,1.24756,1.24771
2017-10-05 08:08:00,1.248035,1.247685,1.24768,1.24806
2017-10-05 08:09:00,1.24784,1.248095,1.2478,1.24815
2017-10-05 08:10:00,1.247895,1.24784,1.24772,1.247895
2017-10-05 08:11:00,1.248125,1.24789,1.247885,1.24827
2017-10-05 08:12:00,1.248205,1.24818,1.24809,1.24823
2017-10-05 08:13:00,1.248325,1.24823,1.24823,1.24838
2017-10-05 08:14:00,1.24824,1.248325,1.24822,1.24834
2017-10-05 08:15:00,1.248015,1.24822,1.248015,1.24822
2017-10-05 08:16:00,1.248125,1.248035,1.247865,1.248135
2017-10-05 08:17:00,1.2481,1.24812,1.24792,1.248125
2017-10-05 08:18:00,1.24793,1.248105,1.247925,1.248105
2017-10-05 08:19:00,1.247765,1.24792,1.24775,1.24798
2017-10-05 08:20:00,1.24799,1.24777,1.247765,1.24799
2017-10-05 08:21:00,1.24824,1.248015,1.247955,1.24824
2017-10-05 08:22:00,1.24837,1.248295,1.248295,1.2484
2017-10-05 08:23:00,1.24841,1.248415,1.248405,1.248535
2017-10-05 08:24:00,1.24859,1.248355,1.248305,1.2486
2017-10-05 08:25:00,1.24845,1.24854,1.24843,1.248655
2017-10-05 08:26:00,1.2485,1.248505,1.248435,1.248585
2017-10-05 08:27:00,1.24855,1.248555,1.24849,1.248585
2017-10-05 08:28:00,1.248285,1.248545,1.248205,1.248545
2017-10-05 08:29:00,1.248405,1.24823,1.24815,1.248405
2017-10-05 08:30:00,1.247445,1.248455,1.24732,1.248565
2017-10-05 08:31:00,1.248985,1.247435,1.247435,1.24976
2017-10-05 08:32:00,1.249305,1.248985,1.24898,1.249575
2017-10-05 08:33:00,1.249535,1.249335,1.249335,1.249835
2017-10-05 08:34:00,1.2496,1.24951,1.2494,1.249635
2017-10-05 08:35:00,1.25066,1.249595,1.24952,1.250955
2017-10-05 08:36:00,1.251165,1.25063,1.25027,1.25121
2017-10-05 08:37:00,1.25115,1.251215,1.251,1.25127
2017-10-05 08:38:00,1.250715,1.25116,1.250715,1.251165
2017-10-05 08:39:00,1.25095,1.25071,1.250695,1.251165
2017-10-05 08:40:00,1.250905,1.25099,1.25086,1.251125
2017-10-05 08:41:00,1.251315,1.250925,1.250925,1.251445
2017-10-05 08:42:00,1.25144,1.251335,1.251285,1.25157
2017-10-05 08:43:00,1.25186,1.25146,1.251455,1.25202
2017-10-05 08:44:00,1.25207,1.251915,1.251665,1.25225
2017-10-05 08:45:00,1.25224,1.252075,1.25198,1.252675
2017-10-05 08:46:00,1.252115,1.25223,1.25194,1.2523
2017-10-05 08:47:00,1.252455,1.25212,1.25205,1.252605
2017-10-05 08:48:00,1.25269,1.25241,1.25239,1.252755
2017-10-05 08:49:00,1.25283,1.252635,1.252605,1.25283
2017-10-05 08:50:00,1.253125,1.252845,1.2527,1.253135
2017-10-05 08:51:00,1.25317,1.253125,1.25292,1.25338
2017-10-05 08:52:00,1.25312,1.253125,1.252885,1.25317
2017-10-05 08:53:00,1.25318,1.25308,1.25305,1.253285
2017-10-05 08:54:00,1.25316,1.253165,1.25309,1.253325
2017-10-05 08:55:00,1.25288,1.253185,1.252875,1.25323
2017-10-05 08:56:00,1.25348,1.252885,1.252885,1.25348
2017-10-05 08:57:00,1.25409,1.253455,1.253415,1.254165
2017-10-05 08:58:00,1.254285,1.254035,1.25355,1.254455
2017-10-05 08:59:00,1.254125,1.25428,1.253895,1.254305
2017-10-05 09:00:00,1.25401,1.25413,1.253875,1.25415
2017-10-05 09:01:00,1.25419,1.25397,1.253775,1.254405
2017-10-05 09:02:00,1.254475,1.25419,1.254065,1.254485
2017-10-05 09:03:00,1.254335,1.254445,1.254305,1.254645
2017-10-05 09:04:00,1.254235,1.254335,1.25406,1.25437
2017-10-05 09:05:00,1.253715,1.254255,1.25353,1.254375
2017-10-05 09:06:00,1.25358,1.25372,1.25341,1.253755
2017-10-05 09:07:00,1.253545,1.25355,1.253545,1.253675
2017-10-05 09:08:00,1.25358,1.253555,1.25354,1.253795
2017-10-05 09:09:00,1.253655,1.253635,1.253405,1.25384
2017-10-05 09:10:00,1.253675,1.253595,1.25354,1.25377
2017-10-05 09:11:00,1.25362,1.253725,1.253605,1.2538
2017-10-05 09:12:00,1.254125,1.25362,1.25362,1.25414
2017-10-05 09:13:00,1.254095,1.254125,1.253895,1.254125
2017-10-05 09:14:00,1.25409,1.254065,1.25399,1.25422
2017-10-05 09:15:00,1.25406,1.254095,1.2539,1.254215
2017-10-05 09:16:00,1.25427,1.254065,1.253685,1.254375
2017-10-05 09:17:00,1.25426,1.254325,1.254145,1.2545
2017-10-05 09:18:00,1.254105,1.254255,1.253965,1.254295
2017-10-05 09:19:00,1.2542,1.2541,1.2539,1.25422
2017-10-05 09:20:00,1.25473,1.25418,1.253835,1.254905
2017-10-05 09:21:00,1.255195,1.25475,1.25463,1.255215
2017-10-05 09:22:00,1.254945,1.2552,1.254865,1.25522
2017-10-05 09:23:00,1.25496,1.25489,1.25467,1.25496
2017-10-05 09:24:00,1.254555,1.254945,1.254555,1.254955
2017-10-05 09:25:00,1.25457,1.254605,1.25439,1.254665
2017-10-05 09:26:00,1.254685,1.254565,1.25456,1.25469
2017-10-05 09:27:00,1.254485,1.254665,1.254365,1.25484
2017-10-05 09:28:00,1.254285,1.25449,1.25422,1.254605
2017-10-05 09:29:00,1.254285,1.254275,1.253975,1.254285
2017-10-05 09:30:00,1.254525,1.25433,1.25433,1.25466
2017-10-05 09:31:00,1.254355,1.254555,1.25431,1.25464
2017-10-05 09:32:00,1.25462,1.25434,1.25433,1.25471
2017-10-05 09:33:00,1.254265,1.254565,1.25419,1.254565
2017-10-05 09:34:00,1.25386,1.25426,1.25379,1.254265
2017-10-05 09:35:00,1.253915,1.253855,1.25381,1.254
2017-10-05 09:36:00,1.254255,1.25391,1.253905,1.254275
2017-10-05 09:37:00,1.254275,1.254235,1.254225,1.254325
2017-10-05 09:38:00,1.25428,1.25428,1.254095,1.25438
2017-10-05 09:39:00,1.25417,1.254275,1.2541,1.25428
2017-10-05 09:40:00,1.254095,1.254175,1.254075,1.25428
2017-10-05 09:41:00,1.254365,1.25409,1.254035,1.254365
2017-10-05 09:42:00,1.253795,1.25437,1.253735,1.25437
2017-10-05 09:43:00,1.25371,1.25375,1.253615,1.253925
2017-10-05 09:44:00,1.253845,1.25373,1.253635,1.2539
2017-10-05 09:45:00,1.25389,1.2539,1.253885,1.25408
2017-10-05 09:46:00,1.253715,1.253895,1.2536,1.2539
2017-10-05 09:47:00,1.25359,1.253755,1.25359,1.254065
2017-10-05 09:48:00,1.25402,1.253565,1.2535,1.254025
2017-10-05 09:49:00,1.253845,1.254025,1.253835,1.254295
2017-10-05 09:50:00,1.2538,1.253905,1.25365,1.25397
2017-10-05 09:51:00,1.253805,1.25385,1.253755,1.25396
2017-10-05 09:52:00,1.25369,1.2538,1.25367,1.253825
2017-10-05 09:53:00,1.253825,1.253685,1.25368,1.253835
2017-10-05 09:54:00,1.253905,1.25377,1.253705,1.25394
2017-10-05 09:55:00,1.25394,1.253905,1.253905,1.253985
2017-10-05 09:56:00,1.25381,1.253945,1.25377,1.25397
2017-10-05 09:57:00,1.253905,1.253855,1.253855,1.25399
2017-10-05 09:58:00,1.253855,1.25391,1.253835,1.25392
2017-10-05 09:59:00,1.25393,1.25385,1.25385,1.25405
2017-10-05 10:00:00,1.253985,1.253935,1.25374,1.2541
2017-10-05 10:01:00,1.25436,1.253965,1.25372,1.25442
2017-10-05 10:02:00,1.25476,1.25437,1.25434,1.25494
2017-10-05 10:03:00,1.25455,1.254765,1.254535,1.254795
2017-10-05 10:04:00,1.25422,1.254555,1.25418,1.25456
2017-10-05 10:05:00,1.254525,1.254165,1.25408,1.254665
2017-10-05 10:06:00,1.25465,1.2545,1.2545,1.254675
2017-10-05 10:07:00,1.25419,1.254655,1.254125,1.25466
2017-10-05 10:08:00,1.254205,1.254145,1.254095,1.254215
2017-10-05 10:09:00,1.254005,1.2542,1.25393,1.25421
2017-10-05 10:10:00,1.253685,1.25401,1.25368,1.254055
2017-10-05 10:11:00,1.25364,1.25369,1.253515,1.253815
2017-10-05 10:12:00,1.2534,1.253685,1.25338,1.253695
2017-10-05 10:13:00,1.25313,1.25336,1.25308,1.253475
2017-10-05 10:14:00,1.253445,1.25313,1.25313,1.253465
2017-10-05 10:15:00,1.25339,1.25345,1.253175,1.25345
2017-10-05 10:16:00,1.253485,1.253385,1.25331,1.253485
2017-10-05 10:17:00,1.254,1.25353,1.25353,1.254075
2017-10-05 10:18:00,1.25357,1.253995,1.25354,1.25402
2017-10-05 10:19:00,1.253695,1.253565,1.25356,1.253715
2017-10-05 10:20:00,1.253285,1.253645,1.253285,1.25369
2017-10-05 10:21:00,1.25351,1.253285,1.253285,1.253535
2017-10-05 10:22:00,1.25346,1.253485,1.25346,1.25353
2017-10-05 10:23:00,1.25326,1.25351,1.253215,1.253515
2017-10-05 10:24:00,1.2532,1.25327,1.25317,1.25335
2017-10-05 10:25:00,1.25319,1.253205,1.2531,1.25325
2017-10-05 10:26:00,1.253135,1.25318,1.253015,1.25339
2017-10-05 10:27:00,1.252905,1.25308,1.252905,1.253245
2017-10-05 10:28:00,1.252995,1.25291,1.252825,1.25304
2017-10-05 10:29:00,1.25284,1.25297,1.25279,1.25299
2017-10-05 10:30:00,1.252895,1.252845,1.25275,1.25292
2017-10-05 10:31:00,1.253445,1.2529,1.25289,1.253485
2017-10-05 10:32:00,1.25333,1.253415,1.253275,1.253485
2017-10-05 10:33:00,1.2532,1.25334,1.25308,1.25337
2017-10-05 10:34:00,1.25287,1.253225,1.252865,1.253225
2017-10-05 10:35:00,1.252995,1.252865,1.252765,1.252995
2017-10-05 10:36:00,1.253065,1.253045,1.252825,1.25309
2017-10-05 10:37:00,1.252885,1.25307,1.252865,1.253085
2017-10-05 10:38:00,1.25283,1.252895,1.25279,1.253005
2017-10-05 10:39:00,1.25285,1.25287,1.25284,1.25289
2017-10-05 10:40:00,1.25285,1.25283,1.252725,1.252885
2017-10-05 10:41:00,1.25278,1.252845,1.252775,1.252935
2017-10-05 10:42:00,1.25281,1.252825,1.252645,1.252875
2017-10-05 10:43:00,1.25231,1.252805,1.252235,1.252805
2017-10-05 10:44:00,1.25249,1.25233,1.252235,1.25262
2017-10-05 10:45:00,1.252505,1.252495,1.25243,1.25254
2017-10-05 10:46:00,1.252475,1.25255,1.252475,1.252595
2017-10-05 10:47:00,1.25237,1.252525,1.25236,1.252585
2017-10-05 10:48:00,1.25266,1.252325,1.252315,1.252775
2017-10-05 10:49:00,1.2524,1.25264,1.2524,1.252645
2017-10-05 10:50:00,1.252495,1.25244,1.252385,1.252595
2017-10-05 10:51:00,1.25256,1.2525,1.252475,1.25263
2017-10-05 10:52:00,1.25271,1.25261,1.25255,1.25275
2017-10-05 10:53:00,1.252445,1.25275,1.25237,1.252845
2017-10-05 10:54:00,1.252355,1.25246,1.252355,1.252675
2017-10-05 10:55:00,1.2522,1.25241,1.252075,1.252435
2017-10-05 10:56:00,1.25223,1.252195,1.252165,1.252395
2017-10-05 10:57:00,1.252155,1.25221,1.25208,1.252265
2017-10-05 10:58:00,1.252675,1.252165,1.25207,1.252705
2017-10-05 10:59:00,1.252635,1.252625,1.252425,1.25283
2017-10-05 11:00:00,1.25288,1.252575,1.25251,1.25288
2017-10-05 11:01:00,1.252775,1.252855,1.252765,1.25302
2017-10-05 11:02:00,1.252705,1.252775,1.252635,1.25283
2017-10-05 11:03:00,1.252765,1.252695,1.252555,1.252765
2017-10-05 11:04:00,1.252875,1.25282,1.25282,1.25293
2017-10-05 11:05:00,1.253125,1.252915,1.252915,1.253155
2017-10-05 11:06:00,1.253175,1.253185,1.253055,1.25322
2017-10-05 11:07:00,1.25304,1.25322,1.25295,1.25322
2017-10-05 11:08:00,1.253245,1.25306,1.25299,1.25325
2017-10-05 11:09:00,1.25412,1.25325,1.25324,1.254185
2017-10-05 11:10:00,1.254175,1.254075,1.254065,1.254405
2017-10-05 11:11:00,1.253915,1.254125,1.25387,1.25413
2017-10-05 11:12:00,1.25417,1.253925,1.25386,1.25418
2017-10-05 11:13:00,1.254395,1.254165,1.253955,1.254395
2017-10-05 11:14:00,1.254495,1.254445,1.2544,1.25475
2017-10-05 11:15:00,1.254585,1.254435,1.25437,1.25465
2017-10-05 11:16:00,1.254755,1.254535,1.254465,1.254835
2017-10-05 11:17:00,1.254595,1.254715,1.254525,1.254735
2017-10-05 11:18:00,1.254925,1.254585,1.254585,1.254995
2017-10-05 11:19:00,1.25495,1.25492,1.25486,1.254995
2017-10-05 11:20:00,1.254865,1.25495,1.25478,1.254955
2017-10-05 11:21:00,1.25475,1.254845,1.25475,1.254845
2017-10-05 11:22:00,1.254605,1.25475,1.254585,1.25479
2017-10-05 11:23:00,1.25467,1.254605,1.254495,1.254675
2017-10-05 11:24:00,1.25448,1.254665,1.254475,1.254695
2017-10-05 11:25:00,1.254485,1.25448,1.25448,1.254615
2017-10-05 11:26:00,1.254505,1.25449,1.25446,1.25467
2017-10-05 11:27:00,1.254245,1.254545,1.25423,1.254555
2017-10-05 11:28:00,1.25435,1.254245,1.254225,1.254395
2017-10-05 11:29:00,1.25445,1.254345,1.254305,1.254545
2017-10-05 11:30:00,1.25422,1.254425,1.25417,1.254425
2017-10-05 11:31:00,1.254135,1.25417,1.254075,1.254205
2017-10-05 11:32:00,1.254055,1.25408,1.25402,1.2541
2017-10-05 11:33:00,1.25427,1.25405,1.254035,1.2544
2017-10-05 11:34:00,1.254455,1.254275,1.254245,1.254455
2017-10-05 11:35:00,1.254075,1.254405,1.254045,1.254405
2017-10-05 11:36:00,1.2542,1.25407,1.25407,1.25421
2017-10-05 11:37:00,1.254205,1.2542,1.254185,1.254345
2017-10-05 11:38:00,1.254335,1.254225,1.25417,1.254335
2017-10-05 11:39:00,1.25438,1.25434,1.254295,1.254445
2017-10-05 11:40:00,1.254615,1.25438,1.25438,1.254645
2017-10-05 11:41:00,1.25461,1.254645,1.2545,1.254665
2017-10-05 11:42:00,1.25459,1.25461,1.25445,1.254615
2017-10-05 11:43:00,1.254545,1.254585,1.25451,1.254595
2017-10-05 11:44:00,1.254565,1.25453,1.25452,1.25459
2017-10-05 11:45:00,1.25462,1.254585,1.254585,1.254725
2017-10-05 11:46:00,1.25457,1.254615,1.25446,1.25469
2017-10-05 11:47:00,1.25461,1.254565,1.254545,1.254645
2017-10-05 11:48:00,1.25454,1.25457,1.2545,1.25459
2017-10-05 11:49:00,1.254275,1.25448,1.254275,1.25448
2017-10-05 11:50:00,1.25452,1.254215,1.254165,1.25452
2017-10-05 11:51:00,1.254625,1.254545,1.25451,1.254635
2017-10-05 11:52:00,1.2547,1.2546,1.2546,1.254705
2017-10-05 11:53:00,1.25476,1.2547,1.25461,1.25476
2017-10-05 11:54:00,1.254865,1.25472,1.25471,1.25497
2017-10-05 11:55:00,1.25501,1.254865,1.254865,1.25513
2017-10-05 11:56:00,1.25485,1.255015,1.254775,1.255015
2017-10-05 11:57:00,1.25492,1.25485,1.254845,1.25492
2017-10-05 11:58:00,1.254925,1.254945,1.254895,1.25509
2017-10-05 11:59:00,1.254955,1.2549,1.254815,1.25496
2017-10-05 12:00:00,1.25504,1.25496,1.254905,1.25508
2017-10-05 12:01:00,1.254835,1.254985,1.25468,1.25499
2017-10-05 12:02:00,1.254795,1.254805,1.25479,1.254915
2017-10-05 12:03:00,1.25498,1.25475,1.25468,1.254995
2017-10-05 12:04:00,1.25508,1.254985,1.25497,1.25508
2017-10-05 12:05:00,1.254805,1.255105,1.25479,1.255105
2017-10-05 12:06:00,1.254885,1.25476,1.25476,1.254895
2017-10-05 12:07:00,1.254935,1.25488,1.254875,1.25495
2017-10-05 12:08:00,1.254895,1.254925,1.254715,1.254935
2017-10-05 12:09:00,1.254875,1.25489,1.25483,1.2549
2017-10-05 12:10:00,1.254895,1.254875,1.254795,1.25492
2017-10-05 12:11:00,1.254835,1.254885,1.25483,1.25489
2017-10-05 12:12:00,1.254835,1.25483,1.254805,1.254835
2017-10-05 12:13:00,1.254725,1.25483,1.25464,1.25484
2017-10-05 12:14:00,1.25485,1.254685,1.254625,1.254855
2017-10-05 12:15:00,1.2548,1.25484,1.254795,1.254895
2017-10-05 12:16:00,1.254615,1.254805,1.25444,1.25481
2017-10-05 12:17:00,1.25479,1.25466,1.25466,1.254835
2017-10-05 12:18:00,1.25493,1.254795,1.25478,1.25504
2017-10-05 12:19:00,1.25499,1.2549,1.254825,1.254995
2017-10-05 12:20:00,1.254815,1.254985,1.2548,1.254995
2017-10-05 12:21:00,1.2547,1.25481,1.2547,1.254815
2017-10-05 12:22:00,1.254855,1.254705,1.254695,1.25489
2017-10-05 12:23:00,1.25494,1.2549,1.254895,1.25502
2017-10-05 12:24:00,1.25507,1.25493,1.254895,1.255075
2017-10-05 12:25:00,1.25495,1.255075,1.254915,1.255085
2017-10-05 12:26:00,1.254825,1.25491,1.254775,1.25494
2017-10-05 12:27:00,1.25464,1.254775,1.25462,1.2548
2017-10-05 12:28:00,1.254545,1.254585,1.254415,1.254605
2017-10-05 12:29:00,1.25456,1.25455,1.25454,1.254715
2017-10-05 12:30:00,1.254435,1.254565,1.254405,1.254585
2017-10-05 12:31:00,1.254455,1.254425,1.2544,1.25446
2017-10-05 12:32:00,1.254515,1.254445,1.254445,1.254615
2017-10-05 12:33:00,1.254555,1.2545,1.254485,1.25456
2017-10-05 12:34:00,1.254525,1.254495,1.25449,1.254585
2017-10-05 12:35:00,1.254465,1.25451,1.254455,1.25456
2017-10-05 12:36:00,1.25448,1.254455,1.254385,1.254515
2017-10-05 12:37:00,1.25435,1.25448,1.25433,1.25449
2017-10-05 12:38:00,1.25426,1.254295,1.254215,1.254315
2017-10-05 12:39:00,1.25432,1.254305,1.25427,1.254375
2017-10-05 12:40:00,1.25434,1.254325,1.25432,1.25434
2017-10-05 12:41:00,1.254275,1.25434,1.254275,1.254495
2017-10-05 12:42:00,1.254085,1.25428,1.253985,1.254335
2017-10-05 12:43:00,1.254195,1.254085,1.25408,1.254255
2017-10-05 12:44:00,1.254015,1.254195,1.25396,1.254255
2017-10-05 12:45:00,1.253995,1.25399,1.25391,1.254055
2017-10-05 12:46:00,1.254155,1.254025,1.254025,1.254155
2017-10-05 12:47:00,1.254295,1.254165,1.25415,1.25437
2017-10-05 12:48:00,1.254315,1.254295,1.254185,1.254425
2017-10-05 12:49:00,1.25431,1.25432,1.25422,1.25433
2017-10-05 12:50:00,1.254395,1.25431,1.25427,1.254395
2017-10-05 12:51:00,1.25452,1.254425,1.254425,1.254535
2017-10-05 12:52:00,1.25453,1.254515,1.25447,1.25454
2017-10-05 12:53:00,1.254905,1.2545,1.254445,1.25504
2017-10-05 12:54:00,1.255075,1.254935,1.254915,1.25511
2017-10-05 12:55:00,1.25538,1.2551,1.25507,1.25567
2017-10-05 12:56:00,1.255485,1.255325,1.25524,1.255495
2017-10-05 12:57:00,1.255505,1.25548,1.255405,1.25552
2017-10-05 12:58:00,1.25546,1.255495,1.25544,1.255555
2017-10-05 12:59:00,1.255595,1.25546,1.25546,1.255635
2017-10-05 13:00:00,1.25559,1.255575,1.255545,1.255605
2017-10-05 13:01:00,1.25631,1.25554,1.25553,1.256525
2017-10-05 13:02:00,1.25625,1.256305,1.25612,1.25637
2017-10-05 13:03:00,1.256325,1.25626,1.25619,1.25635
2017-10-05 13:04:00,1.25626,1.256325,1.25626,1.256335
2017-10-05 13:05:00,1.256455,1.25632,1.256315,1.25672
2017-10-05 13:06:00,1.256555,1.2564,1.2564,1.25656
2017-10-05 13:07:00,1.256485,1.25653,1.25644,1.256725
2017-10-05 13:08:00,1.25656,1.256435,1.256425,1.25659
2017-10-05 13:09:00,1.256405,1.25655,1.256335,1.25655
2017-10-05 13:10:00,1.256525,1.25646,1.256345,1.256535
2017-10-05 13:11:00,1.2567,1.256545,1.256505,1.2567
2017-10-05 13:12:00,1.256955,1.25672,1.256695,1.257055
2017-10-05 13:13:00,1.256965,1.256905,1.256885,1.256965
2017-10-05 13:14:00,1.256975,1.256965,1.25694,1.25699
2017-10-05 13:15:00,1.25692,1.25695,1.256915,1.257055
2017-10-05 13:16:00,1.25702,1.256935,1.256895,1.257115
2017-10-05 13:17:00,1.257415,1.257025,1.257005,1.25742
2017-10-05 13:18:00,1.257475,1.25741,1.25732,1.257555
2017-10-05 13:19:00,1.257555,1.257495,1.257445,1.257705
2017-10-05 13:20:00,1.25747,1.25753,1.25737,1.257665
2017-10-05 13:21:00,1.2575,1.257495,1.257455,1.25757
2017-10-05 13:22:00,1.25772,1.257525,1.25752,1.257735
2017-10-05 13:23:00,1.25802,1.257725,1.257655,1.258095
2017-10-05 13:24:00,1.257985,1.257995,1.257905,1.25803
2017-10-05 13:25:00,1.258005,1.25799,1.25791,1.25804
2017-10-05 13:26:00,1.25788,1.258,1.25785,1.258
2017-10-05 13:27:00,1.25817,1.25783,1.257665,1.25823
2017-10-05 13:28:00,1.2585,1.258165,1.258145,1.258505
2017-10-05 13:29:00,1.25797,1.258495,1.257955,1.2585
2017-10-05 13:30:00,1.25783,1.25797,1.25779,1.25799
2017-10-05 13:31:00,1.25779,1.257835,1.257715,1.257855
2017-10-05 13:32:00,1.257845,1.25779,1.257775,1.258
2017-10-05 13:33:00,1.25792,1.2578,1.25758,1.25793
2017-10-05 13:34:00,1.257645,1.25797,1.25756,1.25799
2017-10-05 13:35:00,1.25756,1.257655,1.25741,1.25767
2017-10-05 13:36:00,1.25755,1.25752,1.25745,1.25767
2017-10-05 13:37:00,1.257315,1.25755,1.25728,1.257565
2017-10-05 13:38:00,1.257295,1.257315,1.257255,1.25741
2017-10-05 13:39:00,1.25734,1.257295,1.25718,1.25745
2017-10-05 13:40:00,1.257495,1.25737,1.25737,1.257495
2017-10-05 13:41:00,1.257325,1.257555,1.257325,1.257585
2017-10-05 13:42:00,1.25742,1.25735,1.25735,1.25748
2017-10-05 13:43:00,1.257485,1.25745,1.257405,1.2575
2017-10-05 13:44:00,1.25743,1.25746,1.25737,1.257515
2017-10-05 13:45:00,1.25742,1.257405,1.2574,1.25752
2017-10-05 13:46:00,1.2573,1.257365,1.257295,1.25737
2017-10-05 13:47:00,1.25731,1.257295,1.25725,1.257385
2017-10-05 13:48:00,1.257425,1.25733,1.2573,1.25745
2017-10-05 13:49:00,1.257585,1.25748,1.257445,1.25759
2017-10-05 13:50:00,1.25768,1.25759,1.25759,1.25768
2017-10-05 13:51:00,1.2575,1.257735,1.257495,1.25774
2017-10-05 13:52:00,1.257185,1.257455,1.257135,1.257455
2017-10-05 13:53:00,1.257395,1.25719,1.257165,1.25746
2017-10-05 13:54:00,1.257165,1.257395,1.257155,1.2574
2017-10-05 13:55:00,1.257185,1.257175,1.25709,1.257195
2017-10-05 13:56:00,1.257215,1.257195,1.257195,1.257305
2017-10-05 13:57:00,1.25726,1.257265,1.257235,1.25728
2017-10-05 13:58:00,1.25732,1.257255,1.257235,1.257345
2017-10-05 13:59:00,1.257365,1.257365,1.25734,1.25745
2017-10-05 14:00:00,1.257375,1.257315,1.257315,1.25739
2017-10-05 14:01:00,1.25718,1.257315,1.257075,1.257325
2017-10-05 14:02:00,1.25689,1.25718,1.25688,1.25719
2017-10-05 14:03:00,1.25712,1.256905,1.256905,1.25712
2017-10-05 14:04:00,1.25704,1.25714,1.25704,1.25722
2017-10-05 14:05:00,1.257045,1.25709,1.257005,1.25709
2017-10-05 14:06:00,1.25697,1.25699,1.256945,1.25701
2017-10-05 14:07:00,1.25701,1.25699,1.25699,1.25706
2017-10-05 14:08:00,1.25713,1.257015,1.257,1.25713
2017-10-05 14:09:00,1.257255,1.257075,1.257065,1.257255
2017-10-05 14:10:00,1.257265,1.2573,1.257215,1.2573
2017-10-05 14:11:00,1.257365,1.257265,1.257265,1.25737
2017-10-05 14:12:00,1.257395,1.257365,1.257345,1.257395
2017-10-05 14:13:00,1.25742,1.25742,1.25742,1.25742
2017-10-05 14:14:00,1.25738,1.25737,1.25736,1.257395
2017-10-05 14:15:00,1.257185,1.257375,1.257155,1.257395
2017-10-05 14:16:00,1.25724,1.25713,1.257065,1.257295
2017-10-05 14:17:00,1.25731,1.25726,1.257255,1.25738
2017-10-05 14:18:00,1.25727,1.257255,1.25723,1.257285
2017-10-05 14:19:00,1.2572,1.25726,1.257195,1.257305
2017-10-05 14:20:00,1.25735,1.257155,1.257085,1.25735
2017-10-05 14:21:00,1.257395,1.25737,1.25734,1.257445
2017-10-05 14:22:00,1.25736,1.257395,1.257265,1.25741
2017-10-05 14:23:00,1.257335,1.257375,1.25733,1.25739
2017-10-05 14:24:00,1.257385,1.257385,1.25736,1.25742
2017-10-05 14:25:00,1.25709,1.25739,1.25709,1.2574
2017-10-05 14:26:00,1.256985,1.25711,1.25695,1.25711
2017-10-05 14:27:00,1.25695,1.25699,1.25695,1.25706
2017-10-05 14:28:00,1.25697,1.256945,1.256925,1.25702
2017-10-05 14:29:00,1.256945,1.256975,1.256945,1.25699
2017-10-05 14:30:00,1.257035,1.256965,1.256965,1.257045
2017-10-05 14:31:00,1.25701,1.25702,1.25701,1.25715
2017-10-05 14:32:00,1.2572,1.25701,1.257005,1.2572
2017-10-05 14:33:00,1.257365,1.257195,1.257185,1.257365
2017-10-05 14:34:00,1.257445,1.257395,1.257395,1.257455
2017-10-05 14:35:00,1.25736,1.257445,1.25736,1.257445
2017-10-05 14:36:00,1.25746,1.257385,1.257385,1.25747
2017-10-05 14:37:00,1.257325,1.257455,1.257305,1.25746
2017-10-05 14:38:00,1.257265,1.25727,1.257225,1.25729
2017-10-05 14:39:00,1.25727,1.25724,1.257215,1.25727
2017-10-05 14:40:00,1.25715,1.257275,1.257145,1.257275
2017-10-05 14:41:00,1.256835,1.257155,1.256785,1.257175
2017-10-05 14:42:00,1.2568,1.25684,1.256755,1.256865
2017-10-05 14:43:00,1.25694,1.256855,1.2568,1.256955
2017-10-05 14:44:00,1.25709,1.25697,1.256945,1.2571
2017-10-05 14:45:00,1.25708,1.25708,1.25707,1.257085
2017-10-05 14:46:00,1.25697,1.257025,1.256925,1.257025
2017-10-05 14:47:00,1.256835,1.25697,1.256835,1.25698
2017-10-05 14:48:00,1.2567,1.25678,1.2567,1.25681
2017-10-05 14:49:00,1.2566,1.25669,1.2566,1.256725
2017-10-05 14:50:00,1.25685,1.25662,1.25662,1.25685
2017-10-05 14:51:00,1.25694,1.2569,1.25681,1.257025
2017-10-05 14:52:00,1.25709,1.256945,1.256915,1.25709
2017-10-05 14:53:00,1.257055,1.257085,1.25691,1.257085
2017-10-05 14:54:00,1.25695,1.25706,1.256915,1.25706
2017-10-05 14:55:00,1.25696,1.256945,1.25691,1.25702
2017-10-05 14:56:00,1.25697,1.25697,1.256885,1.25713
2017-10-05 14:57:00,1.25688,1.256965,1.25682,1.25697
2017-10-05 14:58:00,1.25689,1.256825,1.25679,1.256925
2017-10-05 14:59:00,1.25695,1.256905,1.25689,1.256955
2017-10-05 15:00:00,1.25719,1.256905,1.25684,1.25719
2017-10-05 15:01:00,1.25693,1.25722,1.256925,1.25725
2017-10-05 15:02:00,1.25685,1.25692,1.256845,1.25696
2017-10-05 15:03:00,1.256985,1.256845,1.256835,1.25699
2017-10-05 15:04:00,1.257065,1.25698,1.25698,1.25707
2017-10-05 15:05:00,1.257085,1.257065,1.257065,1.257095
2017-10-05 15:06:00,1.257055,1.25708,1.25705,1.257205
2017-10-05 15:07:00,1.25725,1.25706,1.257055,1.25725
2017-10-05 15:08:00,1.257275,1.2573,1.257265,1.257375
2017-10-05 15:09:00,1.25734,1.257285,1.257275,1.25734
2017-10-05 15:10:00,1.257345,1.257345,1.257285,1.25736
2017-10-05 15:11:00,1.257195,1.257345,1.257195,1.257345
2017-10-05 15:12:00,1.257325,1.25722,1.25722,1.257325
2017-10-05 15:13:00,1.257145,1.2573,1.25711,1.2573
2017-10-05 15:14:00,1.257275,1.257165,1.257165,1.257275
2017-10-05 15:15:00,1.25736,1.257325,1.2573,1.257365
2017-10-05 15:16:00,1.25729,1.257365,1.257285,1.25738
2017-10-05 15:17:00,1.25729,1.25734,1.257265,1.257385
2017-10-05 15:18:00,1.257105,1.25724,1.257105,1.25725
2017-10-05 15:19:00,1.257345,1.257095,1.257085,1.257425
2017-10-05 15:20:00,1.257365,1.257365,1.25734,1.25738
2017-10-05 15:21:00,1.257245,1.25736,1.25724,1.25737
2017-10-05 15:22:00,1.257285,1.2573,1.25728,1.257365
2017-10-05 15:23:00,1.257375,1.257285,1.257285,1.257385
2017-10-05 15:24:00,1.25732,1.25736,1.25725,1.257365
2017-10-05 15:25:00,1.257125,1.257375,1.257125,1.25738
2017-10-05 15:26:00,1.2572,1.257125,1.25712,1.25723
2017-10-05 15:27:00,1.25716,1.2572,1.257105,1.25722
2017-10-05 15:28:00,1.257175,1.257165,1.25713,1.25719
2017-10-05 15:29:00,1.257385,1.257235,1.257235,1.257405
2017-10-05 15:30:00,1.25731,1.257375,1.257295,1.25744
2017-10-05 15:31:00,1.257315,1.257325,1.257265,1.257375
2017-10-05 15:32:00,1.25737,1.257335,1.2573,1.257395
2017-10-05 15:33:00,1.257395,1.25739,1.257325,1.257415
2017-10-05 15:34:00,1.25742,1.25739,1.257385,1.25742
2017-10-05 15:35:00,1.2573,1.25737,1.257265,1.25741
2017-10-05 15:36:00,1.25724,1.25726,1.25723,1.25731
2017-10-05 15:37:00,1.25718,1.25723,1.257145,1.257245
2017-10-05 15:38:00,1.25736,1.25715,1.257095,1.257425
2017-10-05 15:39:00,1.257315,1.257415,1.257315,1.257425
2017-10-05 15:40:00,1.25737,1.257285,1.257265,1.25737
2017-10-05 15:41:00,1.257315,1.25739,1.25731,1.257415
2017-10-05 15:42:00,1.257295,1.257345,1.257265,1.2574
2017-10-05 15:43:00,1.25732,1.25732,1.25732,1.25732
2017-10-05 15:44:00,1.257295,1.25734,1.257285,1.25734
2017-10-05 15:45:00,1.25732,1.257295,1.257225,1.25732
2017-10-05 15:46:00,1.25739,1.25736,1.25734,1.25739
2017-10-05 15:47:00,1.257405,1.25741,1.2574,1.25746
2017-10-05 15:48:00,1.25744,1.25739,1.257385,1.257485
2017-10-05 15:49:00,1.25739,1.257415,1.257335,1.25745
2017-10-05 15:50:00,1.25741,1.257395,1.257385,1.257445
2017-10-05 15:51:00,1.25739,1.257415,1.25738,1.257475
2017-10-05 15:52:00,1.257355,1.257385,1.25731,1.25741
2017-10-05 15:53:00,1.25741,1.25738,1.257375,1.257415
2017-10-05 15:54:00,1.25742,1.257415,1.257365,1.257425
2017-10-05 15:55:00,1.257405,1.25745,1.257405,1.25745
2017-10-05 15:56:00,1.257315,1.25735,1.257155,1.25735
2017-10-05 15:57:00,1.25729,1.257285,1.257165,1.257395
2017-10-05 15:58:00,1.257045,1.257235,1.257045,1.257235
2017-10-05 15:59:00,1.257115,1.25699,1.25697,1.257125
2017-10-05 16:00:00,1.25705,1.2571,1.25704,1.257115
2017-10-05 16:01:00,1.257,1.257045,1.25698,1.25706
2017-10-05 16:02:00,1.256915,1.25696,1.25686,1.25696
2017-10-05 16:03:00,1.256895,1.25692,1.25682,1.256925
2017-10-05 16:04:00,1.256835,1.256895,1.256835,1.256915
2017-10-05 16:05:00,1.256905,1.25683,1.25683,1.25691
2017-10-05 16:06:00,1.256845,1.25685,1.25669,1.256855
2017-10-05 16:07:00,1.25687,1.2569,1.256865,1.256905
2017-10-05 16:08:00,1.25686,1.25689,1.256815,1.2569
2017-10-05 16:09:00,1.256845,1.256875,1.25683,1.256885
2017-10-05 16:10:00,1.256845,1.25683,1.256825,1.25687
2017-10-05 16:11:00,1.256905,1.25684,1.256835,1.256915
2017-10-05 16:12:00,1.256875,1.25691,1.256875,1.25692
2017-10-05 16:13:00,1.256865,1.2569,1.256865,1.25692
2017-10-05 16:14:00,1.25677,1.25681,1.25673,1.25681
2017-10-05 16:15:00,1.256855,1.25682,1.256815,1.25686
2017-10-05 16:16:00,1.25695,1.25691,1.25691,1.25713
2017-10-05 16:17:00,1.25697,1.25695,1.25691,1.25702
2017-10-05 16:18:00,1.25691,1.256975,1.256875,1.257115
2017-10-05 16:19:00,1.256815,1.25691,1.256715,1.25692
2017-10-05 16:20:00,1.25682,1.25681,1.25675,1.256835
2017-10-05 16:21:00,1.256785,1.25683,1.256785,1.25683
2017-10-05 16:22:00,1.25687,1.256805,1.256805,1.25687
2017-10-05 16:23:00,1.257075,1.25693,1.256925,1.257095
2017-10-05 16:24:00,1.25715,1.25709,1.25709,1.25717
2017-10-05 16:25:00,1.25717,1.25716,1.25715,1.25723
2017-10-05 16:26:00,1.25707,1.25711,1.257,1.25711
2017-10-05 16:27:00,1.25707,1.257065,1.257065,1.257085
2017-10-05 16:28:00,1.25709,1.25709,1.25709,1.25709
2017-10-05 16:29:00,1.256995,1.257065,1.256945,1.257065
2017-10-05 16:30:00,1.256985,1.256995,1.25687,1.25701
2017-10-05 16:31:00,1.256965,1.25699,1.256915,1.257005
2017-10-05 16:32:00,1.25701,1.256945,1.256945,1.257045
2017-10-05 16:33:00,1.25706,1.257005,1.256995,1.25707
2017-10-05 16:34:00,1.25705,1.25701,1.257005,1.25705
2017-10-05 16:35:00,1.25705,1.25701,1.257005,1.25705
2017-10-05 16:36:00,1.256995,1.257,1.25694,1.25701
2017-10-05 16:37:00,1.256995,1.256995,1.25699,1.257
2017-10-05 16:38:00,1.257135,1.257005,1.257005,1.25716
2017-10-05 16:39:00,1.257145,1.25713,1.25709,1.25715
2017-10-05 16:40:00,1.25713,1.25714,1.257125,1.25715
2017-10-05 16:41:00,1.25723,1.257145,1.257125,1.257245
2017-10-05 16:42:00,1.257225,1.257235,1.257155,1.25724
2017-10-05 16:43:00,1.257215,1.257225,1.25721,1.25724
2017-10-05 16:44:00,1.25722,1.25721,1.2572,1.25722
2017-10-05 16:45:00,1.257275,1.257215,1.25721,1.25729
2017-10-05 16:46:00,1.25708,1.257255,1.257065,1.257285
2017-10-05 16:47:00,1.25701,1.25708,1.257005,1.257125
2017-10-05 16:48:00,1.257145,1.257015,1.257015,1.257195
2017-10-05 16:49:00,1.25708,1.25714,1.25706,1.25714
2017-10-05 16:50:00,1.257,1.257075,1.257,1.25711
2017-10-05 16:51:00,1.256995,1.256995,1.25697,1.25704
2017-10-05 16:52:00,1.257075,1.25699,1.25699,1.25708
2017-10-05 16:53:00,1.25707,1.25707,1.257005,1.257125
2017-10-05 16:54:00,1.25691,1.25708,1.25691,1.257085
2017-10-05 16:55:00,1.2569,1.256885,1.25684,1.25692
2017-10-05 16:56:00,1.256845,1.256905,1.256845,1.256905
2017-10-05 16:57:00,1.25675,1.25677,1.25673,1.256795
2017-10-05 16:58:00,1.256685,1.256745,1.25666,1.25675
2017-10-05 17:04:00,1.25682,1.25675,1.25675,1.256855
2017-10-05 17:05:00,1.25667,1.256835,1.25667,1.256835
2017-10-05 17:06:00,1.25655,1.25656,1.25654,1.25657
2017-10-05 17:07:00,1.25659,1.256545,1.256515,1.25659
2017-10-05 17:08:00,1.256485,1.256685,1.256455,1.2567
2017-10-05 17:09:00,1.25641,1.25651,1.25639,1.25653
2017-10-05 17:10:00,1.256475,1.256415,1.256415,1.256475
2017-10-05 17:11:00,1.256465,1.256455,1.256455,1.256535
2017-10-05 17:12:00,1.25654,1.256545,1.256505,1.25658
2017-10-05 17:13:00,1.256465,1.25652,1.256465,1.25656
2017-10-05 17:14:00,1.256465,1.25652,1.256465,1.25656
2017-10-05 17:15:00,1.256475,1.256545,1.256475,1.25656
2017-10-05 17:16:00,1.25646,1.25641,1.25637,1.25646
2017-10-05 17:17:00,1.25646,1.25641,1.25637,1.25646
2017-10-05 17:18:00,1.25646,1.25641,1.25637,1.25646
2017-10-05 17:19:00,1.256485,1.256485,1.256485,1.256485
2017-10-05 17:20:00,1.256485,1.256485,1.256485,1.256485
2017-10-05 17:21:00,1.256365,1.256405,1.256365,1.25641
2017-10-05 17:22:00,1.256305,1.25637,1.2563,1.25637
2017-10-05 17:23:00,1.25636,1.25631,1.25631,1.25636
2017-10-05 17:24:00,1.25644,1.256445,1.256435,1.25645
2017-10-05 17:25:00,1.25644,1.25646,1.25644,1.25648
2017-10-05 17:26:00,1.256435,1.25645,1.25642,1.25645
2017-10-05 17:27:00,1.25643,1.256435,1.256375,1.25644
2017-10-05 17:28:00,1.25645,1.25645,1.25645,1.25645
2017-10-05 17:29:00,1.25645,1.25645,1.25645,1.25645
2017-10-05 17:30:00,1.256475,1.256475,1.256475,1.256475
2017-10-05 17:31:00,1.256525,1.25645,1.25645,1.256655
2017-10-05 17:32:00,1.256475,1.2565,1.256475,1.2565
2017-10-05 17:33:00,1.256475,1.2565,1.256475,1.2565
2017-10-05 17:34:00,1.256475,1.2565,1.256475,1.2565
2017-10-05 17:35:00,1.25641,1.256435,1.25641,1.256435
2017-10-05 17:36:00,1.25641,1.256435,1.25641,1.256435
2017-10-05 17:37:00,1.25641,1.256435,1.25641,1.256435
2017-10-05 17:38:00,1.256465,1.256435,1.256435,1.256465
2017-10-05 17:39:00,1.256375,1.25638,1.256375,1.25638
2017-10-05 17:40:00,1.256375,1.256375,1.256375,1.256375
2017-10-05 17:41:00,1.25645,1.25638,1.25638,1.25645
2017-10-05 17:42:00,1.25645,1.25638,1.25638,1.25645
2017-10-05 17:43:00,1.25645,1.25638,1.25638,1.25645
2017-10-05 17:44:00,1.256475,1.256475,1.256475,1.256475
2017-10-05 17:45:00,1.256505,1.256505,1.256505,1.256505
2017-10-05 17:46:00,1.25637,1.25642,1.256345,1.256445
2017-10-05 17:47:00,1.25637,1.256385,1.256355,1.25639
2017-10-05 17:48:00,1.256305,1.25637,1.25629,1.256445
2017-10-05 17:49:00,1.25645,1.25634,1.25633,1.25645
2017-10-05 17:50:00,1.256475,1.256475,1.256475,1.256475
2017-10-05 17:51:00,1.2563,1.256385,1.25629,1.256385
2017-10-05 17:52:00,1.256325,1.256295,1.256295,1.256405
2017-10-05 17:53:00,1.256395,1.256325,1.25632,1.256395
2017-10-05 17:54:00,1.256395,1.256325,1.25632,1.256395
2017-10-05 17:55:00,1.256395,1.256325,1.25632,1.256395
2017-10-05 17:56:00,1.256415,1.256415,1.25632,1.256445
2017-10-05 17:57:00,1.256415,1.256415,1.25632,1.256445
2017-10-05 17:58:00,1.256415,1.256415,1.25632,1.256445
2017-10-05 17:59:00,1.25637,1.25644,1.256345,1.256525
2017-10-05 18:00:00,1.256455,1.256365,1.256365,1.256455
2017-10-05 18:01:00,1.256745,1.256485,1.256485,1.256775
2017-10-05 18:02:00,1.25686,1.256815,1.256805,1.256865
2017-10-05 18:03:00,1.256895,1.256845,1.2568,1.2569
2017-10-05 18:04:00,1.256815,1.2569,1.2568,1.2569
2017-10-05 18:05:00,1.25686,1.25682,1.256795,1.256875
2017-10-05 18:06:00,1.256825,1.25685,1.25677,1.25686
2017-10-05 18:07:00,1.256895,1.256845,1.25684,1.2569
2017-10-05 18:08:00,1.256905,1.25691,1.2569,1.256915
2017-10-05 18:09:00,1.256895,1.256885,1.256885,1.256895
2017-10-05 18:10:00,1.256785,1.256905,1.256775,1.25692
2017-10-05 18:11:00,1.2567,1.256785,1.256665,1.25687
2017-10-05 18:12:00,1.25669,1.2567,1.25664,1.25672
2017-10-05 18:13:00,1.25668,1.256685,1.256655,1.256705
2017-10-05 18:14:00,1.256655,1.256665,1.25664,1.2567
2017-10-05 18:15:00,1.256695,1.25666,1.256645,1.256705
2017-10-05 18:16:00,1.256795,1.256695,1.256685,1.256805
2017-10-05 18:17:00,1.25682,1.2568,1.256795,1.25683
2017-10-05 18:18:00,1.256795,1.256825,1.256795,1.256845
2017-10-05 18:19:00,1.256835,1.25677,1.25677,1.25684
2017-10-05 18:20:00,1.25683,1.256825,1.2568,1.256845
2017-10-05 18:21:00,1.256825,1.25682,1.256795,1.256835
2017-10-05 18:22:00,1.25683,1.25682,1.2568,1.25684
2017-10-05 18:23:00,1.256825,1.256825,1.2568,1.25684
2017-10-05 18:24:00,1.25672,1.25682,1.25672,1.256825
2017-10-05 18:25:00,1.256775,1.25675,1.25675,1.256775
2017-10-05 18:26:00,1.256665,1.256705,1.25664,1.25673
2017-10-05 18:27:00,1.256615,1.256675,1.25659,1.256695
2017-10-05 18:28:00,1.256675,1.25661,1.25661,1.256705
2017-10-05 18:29:00,1.256675,1.25668,1.25667,1.25668
2017-10-05 18:30:00,1.25685,1.25668,1.25668,1.256895
2017-10-05 18:31:00,1.256755,1.25685,1.25673,1.25687
2017-10-05 18:32:00,1.25676,1.25675,1.256725,1.256805
2017-10-05 18:33:00,1.256785,1.25676,1.25671,1.256785
2017-10-05 18:34:00,1.25677,1.25681,1.256715,1.25681
2017-10-05 18:35:00,1.256665,1.256775,1.25662,1.25679
2017-10-05 18:36:00,1.25672,1.25666,1.25665,1.25673
2017-10-05 18:37:00,1.256765,1.25672,1.256715,1.256765
2017-10-05 18:38:00,1.256715,1.25674,1.256715,1.25674
2017-10-05 18:39:00,1.25672,1.25669,1.256635,1.25672
2017-10-05 18:40:00,1.256675,1.256715,1.25667,1.25672
2017-10-05 18:41:00,1.256575,1.256685,1.25656,1.25671
2017-10-05 18:42:00,1.25656,1.25657,1.256475,1.2566
2017-10-05 18:43:00,1.256575,1.25656,1.256555,1.256585
2017-10-05 18:44:00,1.25654,1.25658,1.25643,1.256585
2017-10-05 18:45:00,1.25654,1.256565,1.256535,1.256565
2017-10-05 18:46:00,1.25665,1.25655,1.25655,1.25665
2017-10-05 18:47:00,1.25669,1.25672,1.256675,1.25676
2017-10-05 18:48:00,1.256725,1.256695,1.256695,1.256745
2017-10-05 18:49:00,1.25676,1.25672,1.256705,1.256775
2017-10-05 18:50:00,1.25687,1.25675,1.25674,1.256905
2017-10-05 18:51:00,1.256765,1.256885,1.256765,1.256925
2017-10-05 18:52:00,1.256705,1.256705,1.256695,1.25671
2017-10-05 18:53:00,1.25669,1.25669,1.256675,1.25672
2017-10-05 18:54:00,1.256695,1.25669,1.256685,1.25671
2017-10-05 18:55:00,1.256705,1.2567,1.256695,1.25671
2017-10-05 18:56:00,1.25666,1.25671,1.256655,1.256715
2017-10-05 18:57:00,1.256605,1.25666,1.25658,1.25666
2017-10-05 18:58:00,1.256585,1.256585,1.256575,1.2566
2017-10-05 18:59:00,1.256595,1.256585,1.25658,1.256595
2017-10-05 19:00:00,1.256815,1.256595,1.256595,1.256815
2017-10-05 19:01:00,1.256855,1.25688,1.25684,1.2569
2017-10-05 19:02:00,1.256845,1.256845,1.25683,1.256865
2017-10-05 19:03:00,1.256865,1.25685,1.25684,1.25687
2017-10-05 19:04:00,1.256835,1.25687,1.25683,1.25687
2017-10-05 19:05:00,1.25685,1.256835,1.25681,1.25686
2017-10-05 19:06:00,1.25676,1.25679,1.256755,1.25679
2017-10-05 19:07:00,1.256755,1.256785,1.25674,1.256835
2017-10-05 19:08:00,1.256825,1.256745,1.256745,1.25683
2017-10-05 19:09:00,1.25696,1.25683,1.256825,1.25697
2017-10-05 19:10:00,1.25713,1.256965,1.256965,1.25713
2017-10-05 19:11:00,1.25716,1.257125,1.257085,1.257165
2017-10-05 19:12:00,1.257115,1.25715,1.25708,1.25715
2017-10-05 19:13:00,1.257175,1.257125,1.257125,1.25718
2017-10-05 19:14:00,1.25716,1.257175,1.25716,1.25718
2017-10-05 19:15:00,1.257185,1.25716,1.25716,1.257185
2017-10-05 19:16:00,1.257215,1.2572,1.257165,1.25722
2017-10-05 19:17:00,1.25727,1.257235,1.257215,1.25727
2017-10-05 19:18:00,1.257335,1.257265,1.25726,1.257345
2017-10-05 19:19:00,1.25727,1.257325,1.257205,1.257325
2017-10-05 19:20:00,1.257275,1.257275,1.257245,1.25731
2017-10-05 19:21:00,1.2571,1.257275,1.2571,1.257275
2017-10-05 19:22:00,1.257085,1.2571,1.25707,1.25715
2017-10-05 19:23:00,1.257065,1.25709,1.25706,1.25712
2017-10-05 19:24:00,1.25707,1.257065,1.25705,1.257085
2017-10-05 19:25:00,1.25703,1.25706,1.25703,1.25706
2017-10-05 19:26:00,1.256955,1.257005,1.256955,1.257005
2017-10-05 19:27:00,1.256955,1.257005,1.256955,1.257005
2017-10-05 19:28:00,1.25692,1.25698,1.256905,1.25698
2017-10-05 19:29:00,1.257015,1.256925,1.256905,1.257025
2017-10-05 19:30:00,1.25701,1.257005,1.25697,1.257015
2017-10-05 19:31:00,1.257025,1.257015,1.256995,1.257055
2017-10-05 19:32:00,1.257085,1.25702,1.257,1.257105
2017-10-05 19:33:00,1.25702,1.257065,1.25699,1.257095
2017-10-05 19:34:00,1.2571,1.256995,1.256995,1.25715
2017-10-05 19:35:00,1.257105,1.257105,1.25708,1.25712
2017-10-05 19:36:00,1.257105,1.257105,1.25706,1.25711
2017-10-05 19:37:00,1.25703,1.25708,1.25703,1.25708
2017-10-05 19:38:00,1.25705,1.257095,1.25705,1.25712
2017-10-05 19:39:00,1.257065,1.257055,1.257025,1.25707
2017-10-05 19:40:00,1.257005,1.25707,1.257005,1.257085
2017-10-05 19:41:00,1.257025,1.257015,1.25699,1.25706
2017-10-05 19:42:00,1.25693,1.257025,1.256925,1.257045
2017-10-05 19:43:00,1.256905,1.256935,1.25688,1.256945
2017-10-05 19:44:00,1.256905,1.256935,1.25688,1.256945
2017-10-05 19:45:00,1.25692,1.25693,1.256845,1.25693
2017-10-05 19:46:00,1.257015,1.256925,1.25691,1.25704
2017-10-05 19:47:00,1.257025,1.257015,1.257015,1.257045
2017-10-05 19:48:00,1.257075,1.257035,1.257035,1.257075
2017-10-05 19:49:00,1.25711,1.25705,1.257,1.25713
2017-10-05 19:50:00,1.2571,1.25712,1.25709,1.257125
2017-10-05 19:51:00,1.25702,1.257105,1.25701,1.257105
2017-10-05 19:52:00,1.25703,1.257025,1.25696,1.25704
2017-10-05 19:53:00,1.257025,1.25703,1.25701,1.257045
2017-10-05 19:54:00,1.257015,1.257015,1.256995,1.25703
2017-10-05 19:55:00,1.257,1.25701,1.256995,1.25702
2017-10-05 19:56:00,1.256955,1.256955,1.256955,1.256955
2017-10-05 19:57:00,1.256955,1.256955,1.256955,1.256955
2017-10-05 19:58:00,1.256935,1.256935,1.256935,1.256935
2017-10-05 19:59:00,1.2569,1.25696,1.2569,1.25698
2017-10-05 20:00:00,1.25686,1.256905,1.256855,1.256935
2017-10-05 20:01:00,1.257125,1.25686,1.25684,1.25715
2017-10-05 20:02:00,1.25708,1.25713,1.256945,1.25715
2017-10-05 20:03:00,1.256815,1.257085,1.256815,1.257115
2017-10-05 20:04:00,1.25692,1.25683,1.25683,1.25694
2017-10-05 20:05:00,1.256875,1.25686,1.256835,1.256885
2017-10-05 20:06:00,1.25685,1.25688,1.25682,1.25689
2017-10-05 20:07:00,1.25706,1.25685,1.25685,1.25711
2017-10-05 20:08:00,1.25699,1.257065,1.25696,1.257085
2017-10-05 20:09:00,1.25705,1.256985,1.25697,1.257085
2017-10-05 20:10:00,1.25715,1.25705,1.257035,1.257215
2017-10-05 20:11:00,1.257125,1.25713,1.25711,1.257185
2017-10-05 20:12:00,1.257265,1.257175,1.257175,1.257265
2017-10-05 20:13:00,1.257285,1.257325,1.257285,1.25738
2017-10-05 20:14:00,1.25727,1.257285,1.257195,1.25739
2017-10-05 20:15:00,1.25721,1.257265,1.25721,1.257265
2017-10-05 20:16:00,1.25721,1.257225,1.257185,1.257235
2017-10-05 20:17:00,1.25722,1.257225,1.257195,1.257295
2017-10-05 20:18:00,1.25722,1.25723,1.257215,1.25727
2017-10-05 20:19:00,1.25721,1.25721,1.257195,1.25722
2017-10-05 20:20:00,1.25724,1.257195,1.257195,1.25731
2017-10-05 20:21:00,1.257195,1.257245,1.25719,1.257295
2017-10-05 20:22:00,1.25723,1.2572,1.257195,1.25723
2017-10-05 20:23:00,1.25722,1.2572,1.257125,1.25723
2017-10-05 20:24:00,1.257275,1.257205,1.257195,1.257315
2017-10-05 20:25:00,1.257365,1.25729,1.257265,1.25755
2017-10-05 20:26:00,1.25744,1.25738,1.25738,1.257465
2017-10-05 20:27:00,1.25747,1.25745,1.257435,1.257495
2017-10-05 20:28:00,1.25755,1.25746,1.257455,1.257555
2017-10-05 20:29:00,1.257715,1.25758,1.257525,1.25773
2017-10-05 20:30:00,1.257695,1.257715,1.257675,1.257725
2017-10-05 20:31:00,1.25767,1.257685,1.25767,1.25769
2017-10-05 20:32:00,1.25775,1.257655,1.25765,1.25775
2017-10-05 20:33:00,1.25788,1.25772,1.25772,1.257905
2017-10-05 20:34:00,1.258205,1.257895,1.257895,1.25825
2017-10-05 20:35:00,1.257955,1.25815,1.25795,1.258195
2017-10-05 20:36:00,1.257915,1.257945,1.25778,1.258025
2017-10-05 20:37:00,1.257985,1.25792,1.25787,1.25802
2017-10-05 20:38:00,1.257715,1.257985,1.257715,1.257995
2017-10-05 20:39:00,1.25775,1.25771,1.257695,1.25778
2017-10-05 20:40:00,1.25762,1.257735,1.257595,1.25774
2017-10-05 20:41:00,1.25728,1.2576,1.25728,1.2576
2017-10-05 20:42:00,1.25736,1.257285,1.25725,1.2574
2017-10-05 20:43:00,1.257345,1.25739,1.25732,1.257395
2017-10-05 20:44:00,1.257375,1.25733,1.257255,1.257375
2017-10-05 20:45:00,1.257225,1.25735,1.257225,1.25735
2017-10-05 20:46:00,1.25729,1.25721,1.257195,1.257375
2017-10-05 20:47:00,1.257345,1.257285,1.257225,1.25736
2017-10-05 20:48:00,1.257265,1.25735,1.257165,1.257365
2017-10-05 20:49:00,1.25716,1.25728,1.25716,1.257295
2017-10-05 20:50:00,1.25705,1.257185,1.257045,1.257185
2017-10-05 20:51:00,1.25706,1.25704,1.25704,1.25709
2017-10-05 20:52:00,1.257035,1.257005,1.256965,1.25707
2017-10-05 20:53:00,1.257135,1.25697,1.25695,1.257145
2017-10-05 20:54:00,1.257075,1.257155,1.25706,1.257165
2017-10-05 20:55:00,1.25696,1.25708,1.25696,1.25714
2017-10-05 20:56:00,1.25664,1.256975,1.256635,1.25698
2017-10-05 20:57:00,1.25661,1.25667,1.256565,1.2567
2017-10-05 20:58:00,1.25662,1.256615,1.256415,1.256705
2017-10-05 20:59:00,1.25658,1.25661,1.25649,1.256615
2017-10-05 21:00:00,1.25669,1.25658,1.25658,1.25669
2017-10-05 21:01:00,1.256735,1.25671,1.25671,1.2568
2017-10-05 21:02:00,1.256805,1.256755,1.256725,1.256805
2017-10-05 21:03:00,1.2568,1.256805,1.256785,1.256805
2017-10-05 21:04:00,1.256755,1.2568,1.256725,1.256805
2017-10-05 21:05:00,1.25675,1.25675,1.25675,1.25675
2017-10-05 21:06:00,1.256715,1.256735,1.25671,1.25677
2017-10-05 21:07:00,1.25675,1.25671,1.25671,1.256765
2017-10-05 21:08:00,1.25708,1.25675,1.256745,1.257105
2017-10-05 21:09:00,1.25703,1.25709,1.257,1.25709
2017-10-05 21:10:00,1.256965,1.257035,1.25696,1.257045
2017-10-05 21:11:00,1.256805,1.256945,1.256765,1.256955
2017-10-05 21:12:00,1.256725,1.2568,1.25672,1.256805
2017-10-05 21:13:00,1.256745,1.256745,1.256745,1.256745
2017-10-05 21:14:00,1.256675,1.256725,1.256675,1.256725
2017-10-05 21:15:00,1.256755,1.256655,1.256625,1.25676
2017-10-05 21:16:00,1.2567,1.25675,1.2567,1.25675
2017-10-05 21:17:00,1.25656,1.256705,1.25656,1.25672
2017-10-05 21:18:00,1.256625,1.256565,1.25656,1.256635
2017-10-05 21:19:00,1.256545,1.256575,1.256525,1.256575
2017-10-05 21:20:00,1.25649,1.256535,1.25647,1.25655
2017-10-05 21:21:00,1.25663,1.256475,1.256465,1.256635
2017-10-05 21:22:00,1.256325,1.256625,1.25632,1.256625
2017-10-05 21:23:00,1.25638,1.256345,1.256345,1.25644
2017-10-05 21:24:00,1.256435,1.25636,1.25636,1.256435
2017-10-05 21:25:00,1.256435,1.25636,1.25636,1.256435
2017-10-05 21:26:00,1.256435,1.25636,1.25636,1.256435
2017-10-05 21:27:00,1.256375,1.25638,1.25635,1.256385
2017-10-05 21:28:00,1.25628,1.25637,1.256275,1.25637
2017-10-05 21:29:00,1.25634,1.25628,1.25627,1.256355
2017-10-05 21:30:00,1.256305,1.256285,1.25618,1.256365
2017-10-05 21:31:00,1.256345,1.25631,1.25624,1.256415
2017-10-05 21:32:00,1.25634,1.25634,1.256335,1.25635
2017-10-05 21:33:00,1.256325,1.256395,1.256315,1.2564
2017-10-05 21:34:00,1.25638,1.25632,1.256315,1.2564
2017-10-05 21:35:00,1.25634,1.256445,1.25626,1.256445
2017-10-05 21:36:00,1.256285,1.25634,1.25616,1.25634
2017-10-05 21:37:00,1.256325,1.256285,1.25627,1.25634
2017-10-05 21:38:00,1.25629,1.25632,1.25629,1.25637
2017-10-05 21:39:00,1.256415,1.256235,1.256235,1.256425
2017-10-05 21:40:00,1.256435,1.25643,1.25641,1.256475
2017-10-05 21:41:00,1.25653,1.25643,1.256425,1.256535
2017-10-05 21:42:00,1.256525,1.256525,1.256475,1.256535
2017-10-05 21:43:00,1.256525,1.25653,1.25652,1.256535
2017-10-05 21:44:00,1.256525,1.256525,1.256525,1.256525
2017-10-05 21:45:00,1.256525,1.256525,1.256525,1.256525
2017-10-05 21:46:00,1.256525,1.256515,1.25651,1.25653
2017-10-05 21:47:00,1.25654,1.256525,1.25652,1.25655
2017-10-05 21:48:00,1.256535,1.25654,1.25653,1.25654
2017-10-05 21:49:00,1.256535,1.25653,1.256515,1.256545
2017-10-05 21:50:00,1.256535,1.25653,1.256515,1.256545
2017-10-05 21:51:00,1.256495,1.25655,1.256495,1.25655
2017-10-05 21:52:00,1.256475,1.256445,1.25644,1.25649
2017-10-05 21:53:00,1.256595,1.25647,1.25647,1.25661
2017-10-05 21:54:00,1.256555,1.25654,1.25651,1.256565
2017-10-05 21:55:00,1.25659,1.25656,1.25656,1.256595
2017-10-05 21:56:00,1.25688,1.256595,1.256585,1.256895
2017-10-05 21:57:00,1.25695,1.256885,1.25688,1.257175
2017-10-05 21:58:00,1.257235,1.256935,1.256925,1.257235
2017-10-05 21:59:00,1.25704,1.257215,1.256965,1.257215
2017-10-05 22:00:00,1.257285,1.2571,1.2571,1.257295
2017-10-05 22:01:00,1.257135,1.2573,1.257135,1.257415
2017-10-05 22:02:00,1.2569,1.25713,1.2569,1.257145
2017-10-05 22:03:00,1.256915,1.256875,1.25683,1.256915
2017-10-05 22:04:00,1.256825,1.256915,1.256745,1.256915
2017-10-05 22:05:00,1.25683,1.25682,1.25678,1.256915
2017-10-05 22:06:00,1.25677,1.256825,1.25675,1.256865
2017-10-05 22:07:00,1.256805,1.256775,1.25675,1.256805
2017-10-05 22:08:00,1.25686,1.2568,1.2568,1.256875
2017-10-05 22:09:00,1.25683,1.25686,1.25683,1.256895
2017-10-05 22:10:00,1.25681,1.256825,1.25681,1.256865
2017-10-05 22:11:00,1.256895,1.256805,1.25679,1.256905
2017-10-05 22:12:00,1.256585,1.2569,1.256555,1.2569
2017-10-05 22:13:00,1.256625,1.25656,1.25656,1.25671
2017-10-05 22:14:00,1.25662,1.256635,1.25661,1.256645
2017-10-05 22:15:00,1.256605,1.256615,1.2566,1.256615
2017-10-05 22:16:00,1.256625,1.2566,1.25655,1.25665
2017-10-05 22:17:00,1.25666,1.256685,1.256645,1.256705
2017-10-05 22:18:00,1.256685,1.256665,1.256645,1.256715
2017-10-05 22:19:00,1.256715,1.25668,1.256645,1.256735
2017-10-05 22:20:00,1.25671,1.256705,1.25669,1.25673
2017-10-05 22:21:00,1.256725,1.25671,1.256695,1.25674
2017-10-05 22:22:00,1.256735,1.25673,1.2567,1.25675
2017-10-05 22:23:00,1.256665,1.25673,1.256665,1.256755
2017-10-05 22:24:00,1.256665,1.25666,1.25666,1.25667
2017-10-05 22:25:00,1.25667,1.25667,1.256665,1.256675
2017-10-05 22:26:00,1.25659,1.256675,1.25659,1.256675
2017-10-05 22:27:00,1.25664,1.256605,1.256605,1.25668
2017-10-05 22:28:00,1.25666,1.25666,1.25665,1.256665
2017-10-05 22:29:00,1.256635,1.256685,1.256635,1.256685
2017-10-05 22:30:00,1.25662,1.25662,1.25656,1.256625
2017-10-05 22:31:00,1.256575,1.256625,1.256555,1.256625
2017-10-05 22:32:00,1.25661,1.256575,1.25657,1.25661
2017-10-05 22:33:00,1.25665,1.256595,1.256595,1.25665
2017-10-05 22:34:00,1.25665,1.256645,1.256605,1.256655
2017-10-05 22:35:00,1.25664,1.256645,1.25662,1.25667
2017-10-05 22:36:00,1.256625,1.25663,1.256625,1.25663
2017-10-05 22:37:00,1.256635,1.25663,1.25663,1.256635
2017-10-05 22:38:00,1.256675,1.256665,1.256595,1.25669
2017-10-05 22:39:00,1.256645,1.256655,1.256645,1.256805
2017-10-05 22:40:00,1.25652,1.25664,1.25649,1.25664
2017-10-05 22:41:00,1.25668,1.25652,1.256505,1.25668
2017-10-05 22:42:00,1.25667,1.25669,1.25666,1.25674
2017-10-05 22:43:00,1.256665,1.25669,1.25666,1.2567
2017-10-05 22:44:00,1.256705,1.25667,1.25667,1.256705
2017-10-05 22:45:00,1.256715,1.256715,1.256705,1.25674
2017-10-05 22:46:00,1.256735,1.25672,1.256715,1.25674
2017-10-05 22:47:00,1.256775,1.256755,1.25675,1.256775
2017-10-05 22:48:00,1.256765,1.256775,1.25675,1.25678
2017-10-05 22:49:00,1.25683,1.25676,1.25676,1.25683
2017-10-05 22:50:00,1.25683,1.25676,1.25676,1.25683
2017-10-05 22:51:00,1.25677,1.256835,1.25677,1.256835
2017-10-05 22:52:00,1.25675,1.25676,1.256695,1.25685
2017-10-05 22:53:00,1.25675,1.25673,1.256715,1.25676
2017-10-05 22:54:00,1.256745,1.256755,1.256735,1.25676
2017-10-05 22:55:00,1.256755,1.256755,1.25674,1.25677
2017-10-05 22:56:00,1.256665,1.25674,1.256665,1.256745
2017-10-05 22:57:00,1.25658,1.256615,1.256565,1.256675
2017-10-05 22:58:00,1.256745,1.256585,1.256555,1.25675
2017-10-05 22:59:00,1.256865,1.256745,1.256635,1.25687
2017-10-05 23:00:00,1.256765,1.25687,1.25674,1.25688
2017-10-05 23:01:00,1.25694,1.25682,1.25682,1.256975
2017-10-05 23:02:00,1.257125,1.25694,1.256905,1.25721
2017-10-05 23:03:00,1.25708,1.257115,1.25706,1.25727
2017-10-05 23:04:00,1.257325,1.257085,1.257065,1.2574
2017-10-05 23:05:00,1.25757,1.25735,1.257325,1.25757
2017-10-05 23:06:00,1.25727,1.257565,1.25719,1.257565
2017-10-05 23:07:00,1.25727,1.25726,1.257165,1.25741
2017-10-05 23:08:00,1.25734,1.25727,1.25718,1.25737
2017-10-05 23:09:00,1.257315,1.257325,1.257285,1.25735
2017-10-05 23:10:00,1.257345,1.25731,1.25731,1.257355
2017-10-05 23:11:00,1.25742,1.25734,1.25733,1.25755
2017-10-05 23:12:00,1.25747,1.25742,1.25741,1.25749
2017-10-05 23:13:00,1.25762,1.257485,1.257415,1.25764
2017-10-05 23:14:00,1.25782,1.257685,1.257685,1.257885
2017-10-05 23:15:00,1.25781,1.25777,1.25774,1.25799
2017-10-05 23:16:00,1.257725,1.257815,1.257725,1.257815
2017-10-05 23:17:00,1.25786,1.25772,1.25772,1.25788
2017-10-05 23:18:00,1.25764,1.257915,1.25763,1.258035
2017-10-05 23:19:00,1.25781,1.25766,1.25766,1.257915
2017-10-05 23:20:00,1.25757,1.257805,1.25757,1.257805
2017-10-05 23:21:00,1.257855,1.25757,1.25757,1.257855
2017-10-05 23:22:00,1.25771,1.257805,1.257705,1.257805
2017-10-05 23:23:00,1.257735,1.257735,1.257735,1.257735
2017-10-05 23:24:00,1.257835,1.257795,1.257765,1.25784
2017-10-05 23:25:00,1.257665,1.25786,1.257615,1.257945
2017-10-05 23:26:00,1.257715,1.257705,1.257665,1.25772
2017-10-05 23:27:00,1.257715,1.257705,1.257665,1.25772
2017-10-05 23:28:00,1.25767,1.257725,1.25767,1.257725
2017-10-05 23:29:00,1.25782,1.257685,1.257675,1.25782
2017-10-05 23:30:00,1.257915,1.257805,1.257755,1.25794
2017-10-05 23:31:00,1.257945,1.25792,1.257845,1.257975
2017-10-05 23:32:00,1.25812,1.257955,1.25785,1.25812
2017-10-05 23:33:00,1.258145,1.25817,1.25807,1.2582
2017-10-05 23:34:00,1.2582,1.258135,1.25812,1.25828
2017-10-05 23:35:00,1.25823,1.2582,1.25817,1.258315
2017-10-05 23:36:00,1.25806,1.25823,1.258015,1.258235
2017-10-05 23:37:00,1.25802,1.25806,1.258015,1.258065
2017-10-05 23:38:00,1.25802,1.25806,1.258015,1.258065
2017-10-05 23:39:00,1.257985,1.25797,1.257955,1.257995
2017-10-05 23:40:00,1.258245,1.257975,1.257975,1.25827
2017-10-05 23:41:00,1.258285,1.258255,1.25824,1.258285
2017-10-05 23:42:00,1.258325,1.258345,1.25832,1.25836
2017-10-05 23:43:00,1.25834,1.258295,1.258235,1.258355
2017-10-05 23:44:00,1.258335,1.258335,1.258205,1.258355
2017-10-05 23:45:00,1.2584,1.25835,1.258275,1.25841
2017-10-05 23:46:00,1.25852,1.25839,1.258345,1.25853
2017-10-05 23:47:00,1.258465,1.25852,1.258255,1.258535
2017-10-05 23:48:00,1.258435,1.25847,1.25843,1.258475
2017-10-05 23:49:00,1.25839,1.258385,1.258335,1.25842
2017-10-05 23:50:00,1.2584,1.258395,1.25839,1.258415
2017-10-05 23:51:00,1.258435,1.258395,1.258325,1.258445
2017-10-05 23:52:00,1.25836,1.258445,1.258355,1.258455
2017-10-05 23:53:00,1.25835,1.25836,1.258235,1.25836
2017-10-05 23:54:00,1.258435,1.25833,1.25831,1.258465
2017-10-05 23:55:00,1.25843,1.258405,1.25838,1.25843
2017-10-05 23:56:00,1.258355,1.258415,1.258355,1.258415
2017-10-05 23:57:00,1.25845,1.258405,1.25838,1.258455
2017-10-05 23:58:00,1.258455,1.25845,1.258375,1.258465
2017-10-05 23:59:00,1.25854,1.25851,1.258485,1.25866
2017-10-06 00:00:00,1.25862,1.25853,1.25853,1.258625
2017-10-06 00:01:00,1.25862,1.25853,1.25853,1.258625
2017-10-06 00:02:00,1.25862,1.25853,1.25853,1.258625
2017-10-06 00:03:00,1.25862,1.25853,1.25853,1.258625
2017-10-06 00:04:00,1.25862,1.25853,1.25853,1.258625
2017-10-06 00:05:00,1.25862,1.25853,1.25853,1.258625
2017-10-06 00:06:00,1.25862,1.25853,1.25853,1.258625
2017-10-06 00:07:00,1.25862,1.25853,1.25853,1.258625
2017-10-06 00:08:00,1.25862,1.25853,1.25853,1.258625
2017-10-06 00:09:00,1.25862,1.25853,1.25853,1.258625
2017-10-06 00:10:00,1.25862,1.25853,1.25853,1.258625
2017-10-06 00:11:00,1.25862,1.25853,1.25853,1.258625
2017-10-06 00:12:00,1.25862,1.25853,1.25853,1.258625
2017-10-06 00:13:00,1.25862,1.25853,1.25853,1.258625
2017-10-06 00:14:00,1.25862,1.25853,1.25853,1.258625
2017-10-06 00:15:00,1.25862,1.25853,1.25853,1.258625
2017-10-06 00:16:00,1.25862,1.25853,1.25853,1.258625
2017-10-06 00:17:00,1.25862,1.25853,1.25853,1.258625
2017-10-06 00:18:00,1.25862,1.25853,1.25853,1.258625
2017-10-06 00:19:00,1.25862,1.25853,1.25853,1.258625
2017-10-06 00:20:00,1.25862,1.25853,1.25853,1.258625
2017-10-06 00:21:00,1.25862,1.25853,1.25853,1.258625
2017-10-06 00:22:00,1.25862,1.25853,1.25853,1.258625
2017-10-06 00:23:00,1.25862,1.25853,1.25853,1.258625
2017-10-06 00:24:00,1.25862,1.25853,1.25853,1.258625
2017-10-06 00:25:00,1.25862,1.25853,1.25853,1.258625
2017-10-06 00:26:00,1.25862,1.25853,1.25853,1.258625
2017-10-06 00:27:00,1.25862,1.25853,1.25853,1.258625
2017-10-06 00:28:00,1.25862,1.25853,1.25853,1.258625
2017-10-06 00:29:00,1.25862,1.25853,1.25853,1.258625
2017-10-06 00:30:00,1.25862,1.25853,1.25853,1.258625
2017-10-06 00:31:00,1.25862,1.25853,1.25853,1.258625
2017-10-06 00:32:00,1.25862,1.25853,1.25853,1.258625
2017-10-06 00:33:00,1.25862,1.25853,1.25853,1.258625
2017-10-06 00:34:00,1.25862,1.25853,1.25853,1.258625
2017-10-06 00:35:00,1.25862,1.25853,1.25853,1.258625
2017-10-06 00:36:00,1.25862,1.25853,1.25853,1.258625
2017-10-06 00:37:00,1.25862,1.25853,1.25853,1.258625
2017-10-06 00:38:00,1.25862,1.25853,1.25853,1.258625
2017-10-06 00:39:00,1.25862,1.25853,1.25853,1.258625
2017-10-06 00:40:00,1.25862,1.25853,1.25853,1.258625
2017-10-06 00:41:00,1.25862,1.25853,1.25853,1.258625
2017-10-06 00:42:00,1.25862,1.25853,1.25853,1.258625
2017-10-06 00:43:00,1.25862,1.25853,1.25853,1.258625
2017-10-06 00:44:00,1.25862,1.25853,1.25853,1.258625
2017-10-06 00:45:00,1.25862,1.25853,1.25853,1.258625
2017-10-06 00:46:00,1.25862,1.25853,1.25853,1.258625
2017-10-06 00:47:00,1.25862,1.25853,1.25853,1.258625
2017-10-06 00:48:00,1.25862,1.25853,1.25853,1.258625
2017-10-06 00:49:00,1.25862,1.25853,1.25853,1.258625
2017-10-06 00:50:00,1.25862,1.25853,1.25853,1.258625
2017-10-06 00:51:00,1.25862,1.25853,1.25853,1.258625
2017-10-06 00:52:00,1.25862,1.25853,1.25853,1.258625
2017-10-06 00:53:00,1.25862,1.25853,1.25853,1.258625
2017-10-06 00:54:00,1.25862,1.25853,1.25853,1.258625
2017-10-06 00:55:00,1.25862,1.25853,1.25853,1.258625
2017-10-06 00:56:00,1.25862,1.25853,1.25853,1.258625
2017-10-06 00:57:00,1.25862,1.25853,1.25853,1.258625
2017-10-06 00:58:00,1.25862,1.25853,1.25853,1.258625
2017-10-06 00:59:00,1.25862,1.25853,1.25853,1.258625
2017-10-06 01:00:00,1.25862,1.25853,1.25853,1.258625
2017-10-06 01:01:00,1.25862,1.25853,1.25853,1.258625
2017-10-06 01:02:00,1.25862,1.25853,1.25853,1.258625
2017-10-06 01:03:00,1.25862,1.25853,1.25853,1.258625
2017-10-06 01:04:00,1.25862,1.25853,1.25853,1.258625
2017-10-06 01:05:00,1.25862,1.25853,1.25853,1.258625
2017-10-06 01:06:00,1.25862,1.25853,1.25853,1.258625
2017-10-06 01:07:00,1.25862,1.25853,1.25853,1.258625
2017-10-06 01:08:00,1.25862,1.25853,1.25853,1.258625
2017-10-06 01:09:00,1.25862,1.25853,1.25853,1.258625
2017-10-06 01:10:00,1.25862,1.25853,1.25853,1.258625
2017-10-06 01:11:00,1.25862,1.25853,1.25853,1.258625
2017-10-06 01:12:00,1.25862,1.25853,1.25853,1.258625
2017-10-06 01:13:00,1.25862,1.25853,1.25853,1.258625
2017-10-06 01:14:00,1.25862,1.25853,1.25853,1.258625
2017-10-06 01:15:00,1.25862,1.25853,1.25853,1.258625
2017-10-06 01:16:00,1.25862,1.25853,1.25853,1.258625
2017-10-06 01:17:00,1.25862,1.25853,1.25853,1.258625
2017-10-06 01:18:00,1.25862,1.25853,1.25853,1.258625
2017-10-06 01:19:00,1.25862,1.25853,1.25853,1.258625
2017-10-06 01:20:00,1.25862,1.25853,1.25853,1.258625
2017-10-06 01:21:00,1.25862,1.25853,1.25853,1.258625
2017-10-06 01:22:00,1.25862,1.25853,1.25853,1.258625
2017-10-06 01:23:00,1.25862,1.25853,1.25853,1.258625
2017-10-06 01:24:00,1.25862,1.25853,1.25853,1.258625
2017-10-06 01:25:00,1.25862,1.25853,1.25853,1.258625
2017-10-06 01:26:00,1.25862,1.25853,1.25853,1.258625
2017-10-06 01:27:00,1.25862,1.25853,1.25853,1.258625
2017-10-06 01:28:00,1.25862,1.25853,1.25853,1.258625
2017-10-06 01:29:00,1.25862,1.25853,1.25853,1.258625
2017-10-06 01:30:00,1.25862,1.25853,1.25853,1.258625
2017-10-06 01:31:00,1.25862,1.25853,1.25853,1.258625
2017-10-06 01:32:00,1.25862,1.25853,1.25853,1.258625
2017-10-06 01:33:00,1.25862,1.25853,1.25853,1.258625
2017-10-06 01:34:00,1.25862,1.25853,1.25853,1.258625
2017-10-06 01:35:00,1.25862,1.25853,1.25853,1.258625
2017-10-06 01:36:00,1.25862,1.25853,1.25853,1.258625
2017-10-06 01:37:00,1.25862,1.25853,1.25853,1.258625
2017-10-06 01:38:00,1.25862,1.25853,1.25853,1.258625
2017-10-06 01:39:00,1.25862,1.25853,1.25853,1.258625
2017-10-06 01:40:00,1.25862,1.25853,1.25853,1.258625
2017-10-06 01:41:00,1.25862,1.25853,1.25853,1.258625
2017-10-06 01:42:00,1.25862,1.25853,1.25853,1.258625
2017-10-06 01:43:00,1.25862,1.25853,1.25853,1.258625
2017-10-06 01:44:00,1.25862,1.25853,1.25853,1.258625
2017-10-06 01:45:00,1.25862,1.25853,1.25853,1.258625
2017-10-06 01:46:00,1.25862,1.25853,1.25853,1.258625
2017-10-06 01:47:00,1.25862,1.25853,1.25853,1.258625
2017-10-06 01:48:00,1.25862,1.25853,1.25853,1.258625
2017-10-06 01:49:00,1.25862,1.25853,1.25853,1.258625
2017-10-06 01:50:00,1.25862,1.25853,1.25853,1.258625
2017-10-06 01:51:00,1.25862,1.25853,1.25853,1.258625
2017-10-06 01:52:00,1.25862,1.25853,1.25853,1.258625
2017-10-06 01:53:00,1.25862,1.25853,1.25853,1.258625
2017-10-06 01:54:00,1.25862,1.25853,1.25853,1.258625
2017-10-06 01:55:00,1.25862,1.25853,1.25853,1.258625
2017-10-06 01:56:00,1.25862,1.25853,1.25853,1.258625
2017-10-06 01:57:00,1.25862,1.25853,1.25853,1.258625
2017-10-06 01:58:00,1.25862,1.25853,1.25853,1.258625
2017-10-06 01:59:00,1.25862,1.25853,1.25853,1.258625
2017-10-06 02:00:00,1.25862,1.25853,1.25853,1.258625
2017-10-06 02:01:00,1.25862,1.25853,1.25853,1.258625
2017-10-06 02:02:00,1.25862,1.25853,1.25853,1.258625
2017-10-06 02:03:00,1.25862,1.25853,1.25853,1.258625
2017-10-06 02:04:00,1.25862,1.25853,1.25853,1.258625
2017-10-06 02:05:00,1.25862,1.25853,1.25853,1.258625
2017-10-06 02:06:00,1.25862,1.25853,1.25853,1.258625
2017-10-06 02:07:00,1.25862,1.25853,1.25853,1.258625
2017-10-06 02:08:00,1.25862,1.25853,1.25853,1.258625
2017-10-06 02:09:00,1.25862,1.25853,1.25853,1.258625
2017-10-06 02:10:00,1.25862,1.25853,1.25853,1.258625
2017-10-06 02:11:00,1.25862,1.25853,1.25853,1.258625
2017-10-06 02:12:00,1.25862,1.25853,1.25853,1.258625
2017-10-06 02:13:00,1.25862,1.25853,1.25853,1.258625
2017-10-06 02:14:00,1.25862,1.25853,1.25853,1.258625
2017-10-06 02:15:00,1.25862,1.25853,1.25853,1.258625
2017-10-06 02:16:00,1.25862,1.25853,1.25853,1.258625
2017-10-06 02:17:00,1.25862,1.25853,1.25853,1.258625
2017-10-06 02:18:00,1.25862,1.25853,1.25853,1.258625
2017-10-06 02:19:00,1.25862,1.25853,1.25853,1.258625
2017-10-06 02:20:00,1.25862,1.25853,1.25853,1.258625
2017-10-06 02:21:00,1.25862,1.25853,1.25853,1.258625
2017-10-06 02:22:00,1.25862,1.25853,1.25853,1.258625
2017-10-06 02:23:00,1.25862,1.25853,1.25853,1.258625
2017-10-06 02:24:00,1.25862,1.25853,1.25853,1.258625
2017-10-06 02:25:00,1.25862,1.25853,1.25853,1.258625
2017-10-06 02:26:00,1.25862,1.25853,1.25853,1.258625
2017-10-06 02:27:00,1.25862,1.25853,1.25853,1.258625
2017-10-06 02:28:00,1.25862,1.25853,1.25853,1.258625
2017-10-06 02:29:00,1.25862,1.25853,1.25853,1.258625
2017-10-06 02:30:00,1.25862,1.25853,1.25853,1.258625
2017-10-06 02:31:00,1.25862,1.25853,1.25853,1.258625
2017-10-06 02:32:00,1.25862,1.25853,1.25853,1.258625
2017-10-06 02:33:00,1.25862,1.25853,1.25853,1.258625
2017-10-06 02:34:00,1.25862,1.25853,1.25853,1.258625
2017-10-06 02:35:00,1.25862,1.25853,1.25853,1.258625
2017-10-06 02:36:00,1.25862,1.25853,1.25853,1.258625
2017-10-06 02:37:00,1.25862,1.25853,1.25853,1.258625
2017-10-06 02:38:00,1.25862,1.25853,1.25853,1.258625
2017-10-06 02:39:00,1.25862,1.25853,1.25853,1.258625
2017-10-06 02:40:00,1.25862,1.25853,1.25853,1.258625
2017-10-06 02:41:00,1.25862,1.25853,1.25853,1.258625
2017-10-06 02:42:00,1.25862,1.25853,1.25853,1.258625
2017-10-06 02:43:00,1.25862,1.25853,1.25853,1.258625
2017-10-06 02:44:00,1.25862,1.25853,1.25853,1.258625
2017-10-06 02:45:00,1.25862,1.25853,1.25853,1.258625
2017-10-06 02:46:00,1.25862,1.25853,1.25853,1.258625
2017-10-06 02:47:00,1.25862,1.25853,1.25853,1.258625
2017-10-06 02:48:00,1.25862,1.25853,1.25853,1.258625
2017-10-06 02:49:00,1.25862,1.25853,1.25853,1.258625
2017-10-06 02:50:00,1.25862,1.25853,1.25853,1.258625
2017-10-06 02:51:00,1.25862,1.25853,1.25853,1.258625
2017-10-06 02:52:00,1.25862,1.25853,1.25853,1.258625
2017-10-06 02:53:00,1.25862,1.25853,1.25853,1.258625
2017-10-06 02:54:00,1.25862,1.25853,1.25853,1.258625
2017-10-06 02:55:00,1.25862,1.25853,1.25853,1.258625
2017-10-06 02:56:00,1.25862,1.25853,1.25853,1.258625
2017-10-06 02:57:00,1.25862,1.25853,1.25853,1.258625
2017-10-06 02:58:00,1.25862,1.25853,1.25853,1.258625
2017-10-06 02:59:00,1.25862,1.25853,1.25853,1.258625
2017-10-06 03:00:00,1.25862,1.25853,1.25853,1.258625
2017-10-06 03:01:00,1.25862,1.25853,1.25853,1.258625
2017-10-06 03:02:00,1.25862,1.25853,1.25853,1.258625
2017-10-06 03:03:00,1.25862,1.25853,1.25853,1.258625
2017-10-06 03:04:00,1.25862,1.25853,1.25853,1.258625
2017-10-06 03:05:00,1.25862,1.25853,1.25853,1.258625
2017-10-06 03:06:00,1.25862,1.25853,1.25853,1.258625
2017-10-06 03:07:00,1.25862,1.25853,1.25853,1.258625
2017-10-06 03:08:00,1.25862,1.25853,1.25853,1.258625
2017-10-06 03:09:00,1.25862,1.25853,1.25853,1.258625
2017-10-06 03:10:00,1.25862,1.25853,1.25853,1.258625
2017-10-06 03:11:00,1.25862,1.25853,1.25853,1.258625
2017-10-06 03:12:00,1.25862,1.25853,1.25853,1.258625
2017-10-06 03:13:00,1.25862,1.25853,1.25853,1.258625
2017-10-06 03:14:00,1.25862,1.25853,1.25853,1.258625
2017-10-06 03:15:00,1.25862,1.25853,1.25853,1.258625
2017-10-06 03:16:00,1.25862,1.25853,1.25853,1.258625
2017-10-06 03:17:00,1.25862,1.25853,1.25853,1.258625
2017-10-06 03:18:00,1.25862,1.25853,1.25853,1.258625
2017-10-06 03:19:00,1.25862,1.25853,1.25853,1.258625
2017-10-06 03:20:00,1.25862,1.25853,1.25853,1.258625
2017-10-06 03:21:00,1.25862,1.25853,1.25853,1.258625
2017-10-06 03:22:00,1.25862,1.25853,1.25853,1.258625
2017-10-06 03:23:00,1.25862,1.25853,1.25853,1.258625
2017-10-06 03:24:00,1.25862,1.25853,1.25853,1.258625
2017-10-06 03:25:00,1.25862,1.25853,1.25853,1.258625
2017-10-06 03:26:00,1.25862,1.25853,1.25853,1.258625
2017-10-06 03:27:00,1.25862,1.25853,1.25853,1.258625
2017-10-06 03:28:00,1.25862,1.25853,1.25853,1.258625
2017-10-06 03:29:00,1.25862,1.25853,1.25853,1.258625
2017-10-06 03:30:00,1.25862,1.25853,1.25853,1.258625
2017-10-06 03:31:00,1.25862,1.25853,1.25853,1.258625
2017-10-06 03:32:00,1.25862,1.25853,1.25853,1.258625
2017-10-06 03:33:00,1.25862,1.25853,1.25853,1.258625
2017-10-06 03:34:00,1.25862,1.25853,1.25853,1.258625
2017-10-06 03:35:00,1.25862,1.25853,1.25853,1.258625
2017-10-06 03:36:00,1.25862,1.25853,1.25853,1.258625
2017-10-06 03:37:00,1.25862,1.25853,1.25853,1.258625
2017-10-06 03:38:00,1.25862,1.25853,1.25853,1.258625
2017-10-06 03:39:00,1.25862,1.25853,1.25853,1.258625
2017-10-06 03:40:00,1.25862,1.25853,1.25853,1.258625
2017-10-06 03:41:00,1.25862,1.25853,1.25853,1.258625
2017-10-06 03:42:00,1.25862,1.25853,1.25853,1.258625
2017-10-06 03:43:00,1.25862,1.25853,1.25853,1.258625
2017-10-06 03:44:00,1.25862,1.25853,1.25853,1.258625
2017-10-06 03:45:00,1.25862,1.25853,1.25853,1.258625
2017-10-06 03:46:00,1.25862,1.25853,1.25853,1.258625
2017-10-06 03:47:00,1.25862,1.25853,1.25853,1.258625
2017-10-06 03:48:00,1.25862,1.25853,1.25853,1.258625
2017-10-06 03:49:00,1.25862,1.25853,1.25853,1.258625
2017-10-06 03:50:00,1.25862,1.25853,1.25853,1.258625
2017-10-06 03:51:00,1.25862,1.25853,1.25853,1.258625
2017-10-06 03:52:00,1.25862,1.25853,1.25853,1.258625
2017-10-06 03:53:00,1.25862,1.25853,1.25853,1.258625
2017-10-06 03:54:00,1.25862,1.25853,1.25853,1.258625
2017-10-06 03:55:00,1.25862,1.25853,1.25853,1.258625
2017-10-06 03:56:00,1.25862,1.25853,1.25853,1.258625
2017-10-06 03:57:00,1.25862,1.25853,1.25853,1.258625
2017-10-06 03:58:00,1.25862,1.25853,1.25853,1.258625
2017-10-06 03:59:00,1.25862,1.25853,1.25853,1.258625
2017-10-06 04:00:00,1.25862,1.25853,1.25853,1.258625
2017-10-06 04:01:00,1.25862,1.25853,1.25853,1.258625
2017-10-06 04:02:00,1.25862,1.25853,1.25853,1.258625
2017-10-06 04:03:00,1.25862,1.25853,1.25853,1.258625
2017-10-06 04:04:00,1.25862,1.25853,1.25853,1.258625
2017-10-06 04:05:00,1.25862,1.25853,1.25853,1.258625
2017-10-06 04:06:00,1.25862,1.25853,1.25853,1.258625
2017-10-06 04:07:00,1.25862,1.25853,1.25853,1.258625
2017-10-06 04:08:00,1.25862,1.25853,1.25853,1.258625
2017-10-06 04:09:00,1.25862,1.25853,1.25853,1.258625
2017-10-06 04:10:00,1.25862,1.25853,1.25853,1.258625
2017-10-06 04:11:00,1.25862,1.25853,1.25853,1.258625
2017-10-06 04:12:00,1.25862,1.25853,1.25853,1.258625
2017-10-06 04:13:00,1.25862,1.25853,1.25853,1.258625
2017-10-06 04:14:00,1.25862,1.25853,1.25853,1.258625
2017-10-06 04:15:00,1.25862,1.25853,1.25853,1.258625
2017-10-06 04:16:00,1.25862,1.25853,1.25853,1.258625
2017-10-06 04:17:00,1.25862,1.25853,1.25853,1.258625
2017-10-06 04:18:00,1.25862,1.25853,1.25853,1.258625
2017-10-06 04:19:00,1.25862,1.25853,1.25853,1.258625
2017-10-06 04:20:00,1.25862,1.25853,1.25853,1.258625
2017-10-06 04:21:00,1.25862,1.25853,1.25853,1.258625
2017-10-06 04:22:00,1.25862,1.25853,1.25853,1.258625
2017-10-06 04:23:00,1.25862,1.25853,1.25853,1.258625
2017-10-06 04:24:00,1.25862,1.25853,1.25853,1.258625
2017-10-06 04:25:00,1.25862,1.25853,1.25853,1.258625
2017-10-06 04:26:00,1.25862,1.25853,1.25853,1.258625
2017-10-06 04:27:00,1.25862,1.25853,1.25853,1.258625
2017-10-06 04:28:00,1.25862,1.25853,1.25853,1.258625
2017-10-06 04:29:00,1.25862,1.25853,1.25853,1.258625
2017-10-06 04:30:00,1.25862,1.25853,1.25853,1.258625
2017-10-06 04:31:00,1.25862,1.25853,1.25853,1.258625
2017-10-06 04:32:00,1.25862,1.25853,1.25853,1.258625
2017-10-06 04:33:00,1.25862,1.25853,1.25853,1.258625
2017-10-06 04:34:00,1.25862,1.25853,1.25853,1.258625
2017-10-06 04:35:00,1.25862,1.25853,1.25853,1.258625
2017-10-06 04:36:00,1.25862,1.25853,1.25853,1.258625
2017-10-06 04:37:00,1.25862,1.25853,1.25853,1.258625
2017-10-06 04:38:00,1.25862,1.25853,1.25853,1.258625
2017-10-06 04:39:00,1.25862,1.25853,1.25853,1.258625
2017-10-06 04:40:00,1.25862,1.25853,1.25853,1.258625
2017-10-06 04:41:00,1.25862,1.25853,1.25853,1.258625
2017-10-06 04:42:00,1.25862,1.25853,1.25853,1.258625
2017-10-06 04:43:00,1.25862,1.25853,1.25853,1.258625
2017-10-06 04:44:00,1.25862,1.25853,1.25853,1.258625
2017-10-06 04:45:00,1.25862,1.25853,1.25853,1.258625
2017-10-06 04:46:00,1.25862,1.25853,1.25853,1.258625
2017-10-06 04:47:00,1.25862,1.25853,1.25853,1.258625
2017-10-06 04:48:00,1.25862,1.25853,1.25853,1.258625
2017-10-06 04:49:00,1.25862,1.25853,1.25853,1.258625
2017-10-06 04:50:00,1.25862,1.25853,1.25853,1.258625
2017-10-06 04:51:00,1.25862,1.25853,1.25853,1.258625
2017-10-06 04:52:00,1.25862,1.25853,1.25853,1.258625
2017-10-06 04:53:00,1.25862,1.25853,1.25853,1.258625
2017-10-06 04:54:00,1.25862,1.25853,1.25853,1.258625
2017-10-06 04:55:00,1.25862,1.25853,1.25853,1.258625
2017-10-06 04:56:00,1.25862,1.25853,1.25853,1.258625
2017-10-06 04:57:00,1.25862,1.25853,1.25853,1.258625
2017-10-06 04:58:00,1.25862,1.25853,1.25853,1.258625
2017-10-06 04:59:00,1.25862,1.25853,1.25853,1.258625
2017-10-06 05:00:00,1.25862,1.25853,1.25853,1.258625
2017-10-06 05:01:00,1.25862,1.25853,1.25853,1.258625
2017-10-06 05:02:00,1.25862,1.25853,1.25853,1.258625
2017-10-06 05:03:00,1.25862,1.25853,1.25853,1.258625
2017-10-06 05:04:00,1.25862,1.25853,1.25853,1.258625
2017-10-06 05:05:00,1.25862,1.25853,1.25853,1.258625
2017-10-06 05:06:00,1.25862,1.25853,1.25853,1.258625
2017-10-06 05:07:00,1.25862,1.25853,1.25853,1.258625
2017-10-06 05:08:00,1.25862,1.25853,1.25853,1.258625
2017-10-06 05:09:00,1.25862,1.25853,1.25853,1.258625
2017-10-06 05:10:00,1.25862,1.25853,1.25853,1.258625
2017-10-06 05:11:00,1.25862,1.25853,1.25853,1.258625
2017-10-06 05:12:00,1.25862,1.25853,1.25853,1.258625
2017-10-06 05:13:00,1.25862,1.25853,1.25853,1.258625
2017-10-06 05:14:00,1.25862,1.25853,1.25853,1.258625
2017-10-06 05:15:00,1.25862,1.25853,1.25853,1.258625
2017-10-06 05:16:00,1.25862,1.25853,1.25853,1.258625
2017-10-06 05:17:00,1.25862,1.25853,1.25853,1.258625
2017-10-06 05:18:00,1.25862,1.25853,1.25853,1.258625
2017-10-06 05:19:00,1.25862,1.25853,1.25853,1.258625
2017-10-06 05:20:00,1.25862,1.25853,1.25853,1.258625
2017-10-06 05:21:00,1.25862,1.25853,1.25853,1.258625
2017-10-06 05:22:00,1.25862,1.25853,1.25853,1.258625
2017-10-06 05:23:00,1.25862,1.25853,1.25853,1.258625
2017-10-06 05:24:00,1.25862,1.25853,1.25853,1.258625
2017-10-06 05:25:00,1.25862,1.25853,1.25853,1.258625
2017-10-06 05:26:00,1.25862,1.25853,1.25853,1.258625
2017-10-06 05:27:00,1.25862,1.25853,1.25853,1.258625
2017-10-06 05:28:00,1.25862,1.25853,1.25853,1.258625
2017-10-06 05:29:00,1.25862,1.25853,1.25853,1.258625
2017-10-06 05:30:00,1.25862,1.25853,1.25853,1.258625
2017-10-06 05:31:00,1.25862,1.25853,1.25853,1.258625
2017-10-06 05:32:00,1.25862,1.25853,1.25853,1.258625
2017-10-06 05:33:00,1.25862,1.25853,1.25853,1.258625
2017-10-06 05:34:00,1.25862,1.25853,1.25853,1.258625
2017-10-06 05:35:00,1.25862,1.25853,1.25853,1.258625
2017-10-06 05:36:00,1.25862,1.25853,1.25853,1.258625
2017-10-06 05:37:00,1.25862,1.25853,1.25853,1.258625
2017-10-06 05:38:00,1.25862,1.25853,1.25853,1.258625
2017-10-06 05:39:00,1.25862,1.25853,1.25853,1.258625
2017-10-06 05:40:00,1.25862,1.25853,1.25853,1.258625
2017-10-06 05:41:00,1.25862,1.25853,1.25853,1.258625
2017-10-06 05:42:00,1.25862,1.25853,1.25853,1.258625
2017-10-06 05:43:00,1.25862,1.25853,1.25853,1.258625
2017-10-06 05:44:00,1.25862,1.25853,1.25853,1.258625
2017-10-06 05:45:00,1.25862,1.25853,1.25853,1.258625
2017-10-06 05:46:00,1.25862,1.25853,1.25853,1.258625
2017-10-06 05:47:00,1.25862,1.25853,1.25853,1.258625
2017-10-06 05:48:00,1.25862,1.25853,1.25853,1.258625
2017-10-06 05:49:00,1.25862,1.25853,1.25853,1.258625
2017-10-06 05:50:00,1.25862,1.25853,1.25853,1.258625
2017-10-06 05:51:00,1.25862,1.25853,1.25853,1.258625
2017-10-06 05:52:00,1.25862,1.25853,1.25853,1.258625
2017-10-06 05:53:00,1.25862,1.25853,1.25853,1.258625
2017-10-06 05:54:00,1.25862,1.25853,1.25853,1.258625
2017-10-06 05:55:00,1.25862,1.25853,1.25853,1.258625
2017-10-06 05:56:00,1.25862,1.25853,1.25853,1.258625
2017-10-06 05:57:00,1.25862,1.25853,1.25853,1.258625
2017-10-06 05:58:00,1.25862,1.25853,1.25853,1.258625
2017-10-06 05:59:00,1.25862,1.25853,1.25853,1.258625
2017-10-06 06:00:00,1.25862,1.25853,1.25853,1.258625
2017-10-06 06:01:00,1.25862,1.25853,1.25853,1.258625
2017-10-06 06:02:00,1.25862,1.25853,1.25853,1.258625
2017-10-06 06:03:00,1.25862,1.25853,1.25853,1.258625
2017-10-06 06:04:00,1.25862,1.25853,1.25853,1.258625
2017-10-06 06:05:00,1.25862,1.25853,1.25853,1.258625
2017-10-06 06:06:00,1.25862,1.25853,1.25853,1.258625
2017-10-06 06:07:00,1.25862,1.25853,1.25853,1.258625
2017-10-06 06:08:00,1.25862,1.25853,1.25853,1.258625
2017-10-06 06:09:00,1.25862,1.25853,1.25853,1.258625
2017-10-06 06:10:00,1.25862,1.25853,1.25853,1.258625
2017-10-06 06:11:00,1.25862,1.25853,1.25853,1.258625
2017-10-06 06:12:00,1.25862,1.25853,1.25853,1.258625
2017-10-06 06:13:00,1.25862,1.25853,1.25853,1.258625
2017-10-06 06:14:00,1.25862,1.25853,1.25853,1.258625
2017-10-06 06:15:00,1.25862,1.25853,1.25853,1.258625
2017-10-06 06:16:00,1.25862,1.25853,1.25853,1.258625
2017-10-06 06:17:00,1.25862,1.25853,1.25853,1.258625
2017-10-06 06:18:00,1.25862,1.25853,1.25853,1.258625
2017-10-06 06:19:00,1.25862,1.25853,1.25853,1.258625
2017-10-06 06:20:00,1.25862,1.25853,1.25853,1.258625
2017-10-06 06:21:00,1.25862,1.25853,1.25853,1.258625
2017-10-06 06:22:00,1.25862,1.25853,1.25853,1.258625
2017-10-06 06:23:00,1.25862,1.25853,1.25853,1.258625
2017-10-06 06:24:00,1.25862,1.25853,1.25853,1.258625
2017-10-06 06:25:00,1.25862,1.25853,1.25853,1.258625
2017-10-06 06:26:00,1.25862,1.25853,1.25853,1.258625
2017-10-06 06:27:00,1.25862,1.25853,1.25853,1.258625
2017-10-06 06:28:00,1.25862,1.25853,1.25853,1.258625
2017-10-06 06:29:00,1.25862,1.25853,1.25853,1.258625
2017-10-06 06:30:00,1.25862,1.25853,1.25853,1.258625
2017-10-06 06:31:00,1.25862,1.25853,1.25853,1.258625
2017-10-06 06:32:00,1.25862,1.25853,1.25853,1.258625
2017-10-06 06:33:00,1.25862,1.25853,1.25853,1.258625
2017-10-06 06:34:00,1.25862,1.25853,1.25853,1.258625
2017-10-06 06:35:00,1.25862,1.25853,1.25853,1.258625
2017-10-06 06:36:00,1.25862,1.25853,1.25853,1.258625
2017-10-06 06:37:00,1.25862,1.25853,1.25853,1.258625
2017-10-06 06:38:00,1.25862,1.25853,1.25853,1.258625
2017-10-06 06:39:00,1.25862,1.25853,1.25853,1.258625
2017-10-06 06:40:00,1.25862,1.25853,1.25853,1.258625
2017-10-06 06:41:00,1.25862,1.25853,1.25853,1.258625
2017-10-06 06:42:00,1.25862,1.25853,1.25853,1.258625
2017-10-06 06:43:00,1.25862,1.25853,1.25853,1.258625
2017-10-06 06:44:00,1.25862,1.25853,1.25853,1.258625
2017-10-06 06:45:00,1.25862,1.25853,1.25853,1.258625
2017-10-06 06:46:00,1.25862,1.25853,1.25853,1.258625
2017-10-06 06:47:00,1.25862,1.25853,1.25853,1.258625
2017-10-06 06:48:00,1.25862,1.25853,1.25853,1.258625
2017-10-06 06:49:00,1.25862,1.25853,1.25853,1.258625
2017-10-06 06:50:00,1.25862,1.25853,1.25853,1.258625
2017-10-06 06:51:00,1.25862,1.25853,1.25853,1.258625
2017-10-06 06:52:00,1.25862,1.25853,1.25853,1.258625
2017-10-06 06:53:00,1.25862,1.25853,1.25853,1.258625
2017-10-06 06:54:00,1.25862,1.25853,1.25853,1.258625
2017-10-06 06:55:00,1.25862,1.25853,1.25853,1.258625
2017-10-06 06:56:00,1.25862,1.25853,1.25853,1.258625
2017-10-06 06:57:00,1.25862,1.25853,1.25853,1.258625
2017-10-06 06:58:00,1.25862,1.25853,1.25853,1.258625
2017-10-06 06:59:00,1.25862,1.25853,1.25853,1.258625
2017-10-06 07:00:00,1.25862,1.25853,1.25853,1.258625
2017-10-06 07:01:00,1.25862,1.25853,1.25853,1.258625
2017-10-06 07:02:00,1.25862,1.25853,1.25853,1.258625
2017-10-06 07:03:00,1.25862,1.25853,1.25853,1.258625
2017-10-06 07:04:00,1.25862,1.25853,1.25853,1.258625
2017-10-06 07:05:00,1.25862,1.25853,1.25853,1.258625
2017-10-06 07:06:00,1.25862,1.25853,1.25853,1.258625
2017-10-06 07:07:00,1.25862,1.25853,1.25853,1.258625
2017-10-06 07:08:00,1.25862,1.25853,1.25853,1.258625
2017-10-06 07:09:00,1.25862,1.25853,1.25853,1.258625
2017-10-06 07:10:00,1.25862,1.25853,1.25853,1.258625
2017-10-06 07:11:00,1.25862,1.25853,1.25853,1.258625
2017-10-06 07:12:00,1.25862,1.25853,1.25853,1.258625
2017-10-06 07:13:00,1.25862,1.25853,1.25853,1.258625
2017-10-06 07:14:00,1.25862,1.25853,1.25853,1.258625
2017-10-06 07:15:00,1.25862,1.25853,1.25853,1.258625
2017-10-06 07:16:00,1.25862,1.25853,1.25853,1.258625
2017-10-06 07:17:00,1.25862,1.25853,1.25853,1.258625
2017-10-06 07:18:00,1.25862,1.25853,1.25853,1.258625
2017-10-06 07:19:00,1.25862,1.25853,1.25853,1.258625
2017-10-06 07:20:00,1.25862,1.25853,1.25853,1.258625
2017-10-06 07:21:00,1.25862,1.25853,1.25853,1.258625
2017-10-06 07:22:00,1.25862,1.25853,1.25853,1.258625
2017-10-06 07:23:00,1.25862,1.25853,1.25853,1.258625
2017-10-06 07:24:00,1.25862,1.25853,1.25853,1.258625
2017-10-06 07:25:00,1.25862,1.25853,1.25853,1.258625
2017-10-06 07:26:00,1.25862,1.25853,1.25853,1.258625
2017-10-06 07:27:00,1.25862,1.25853,1.25853,1.258625
2017-10-06 07:28:00,1.25862,1.25853,1.25853,1.258625
2017-10-06 07:29:00,1.25862,1.25853,1.25853,1.258625
2017-10-06 07:30:00,1.25862,1.25853,1.25853,1.258625
2017-10-06 07:31:00,1.25862,1.25853,1.25853,1.258625
2017-10-06 07:32:00,1.25862,1.25853,1.25853,1.258625
2017-10-06 07:33:00,1.25862,1.25853,1.25853,1.258625
2017-10-06 07:34:00,1.25862,1.25853,1.25853,1.258625
2017-10-06 07:35:00,1.25862,1.25853,1.25853,1.258625
2017-10-06 07:36:00,1.25862,1.25853,1.25853,1.258625
2017-10-06 07:37:00,1.25862,1.25853,1.25853,1.258625
2017-10-06 07:38:00,1.25862,1.25853,1.25853,1.258625
2017-10-06 07:39:00,1.25862,1.25853,1.25853,1.258625
2017-10-06 07:40:00,1.25862,1.25853,1.25853,1.258625
2017-10-06 07:41:00,1.25862,1.25853,1.25853,1.258625
2017-10-06 07:42:00,1.25862,1.25853,1.25853,1.258625
2017-10-06 07:43:00,1.25862,1.25853,1.25853,1.258625
2017-10-06 07:44:00,1.25862,1.25853,1.25853,1.258625
2017-10-06 07:45:00,1.25862,1.25853,1.25853,1.258625
2017-10-06 07:46:00,1.25862,1.25853,1.25853,1.258625
2017-10-06 07:47:00,1.25862,1.25853,1.25853,1.258625
2017-10-06 07:48:00,1.25862,1.25853,1.25853,1.258625
2017-10-06 07:49:00,1.25862,1.25853,1.25853,1.258625
2017-10-06 07:50:00,1.25862,1.25853,1.25853,1.258625
2017-10-06 07:51:00,1.25862,1.25853,1.25853,1.258625
2017-10-06 07:52:00,1.25862,1.25853,1.25853,1.258625
2017-10-06 07:53:00,1.25862,1.25853,1.25853,1.258625
2017-10-06 07:54:00,1.25862,1.25853,1.25853,1.258625
2017-10-06 07:55:00,1.25862,1.25853,1.25853,1.258625
2017-10-06 07:56:00,1.25862,1.25853,1.25853,1.258625
2017-10-06 07:57:00,1.25862,1.25853,1.25853,1.258625
2017-10-06 07:58:00,1.25862,1.25853,1.25853,1.258625
2017-10-06 07:59:00,1.25862,1.25853,1.25853,1.258625
2017-10-06 08:00:00,1.25862,1.25853,1.25853,1.258625
2017-10-06 08:01:00,1.25862,1.25853,1.25853,1.258625
2017-10-06 08:02:00,1.25862,1.25853,1.25853,1.258625
2017-10-06 08:03:00,1.25862,1.25853,1.25853,1.258625
2017-10-06 08:04:00,1.25862,1.25853,1.25853,1.258625
2017-10-06 08:05:00,1.25862,1.25853,1.25853,1.258625
2017-10-06 08:06:00,1.25862,1.25853,1.25853,1.258625
2017-10-06 08:07:00,1.25862,1.25853,1.25853,1.258625
2017-10-06 08:08:00,1.25862,1.25853,1.25853,1.258625
2017-10-06 08:09:00,1.25862,1.25853,1.25853,1.258625
2017-10-06 08:10:00,1.25862,1.25853,1.25853,1.258625
2017-10-06 08:11:00,1.25862,1.25853,1.25853,1.258625
2017-10-06 08:12:00,1.25862,1.25853,1.25853,1.258625
2017-10-06 08:13:00,1.25862,1.25853,1.25853,1.258625
2017-10-06 08:14:00,1.25862,1.25853,1.25853,1.258625
2017-10-06 08:15:00,1.25862,1.25853,1.25853,1.258625
2017-10-06 08:16:00,1.25862,1.25853,1.25853,1.258625
2017-10-06 08:17:00,1.25862,1.25853,1.25853,1.258625
2017-10-06 08:18:00,1.25862,1.25853,1.25853,1.258625
2017-10-06 08:19:00,1.25862,1.25853,1.25853,1.258625
2017-10-06 08:20:00,1.25862,1.25853,1.25853,1.258625
2017-10-06 08:21:00,1.25862,1.25853,1.25853,1.258625
2017-10-06 08:22:00,1.25862,1.25853,1.25853,1.258625
2017-10-06 08:23:00,1.25862,1.25853,1.25853,1.258625
2017-10-06 08:24:00,1.25862,1.25853,1.25853,1.258625
2017-10-06 08:25:00,1.25862,1.25853,1.25853,1.258625
2017-10-06 08:26:00,1.25862,1.25853,1.25853,1.258625
2017-10-06 08:27:00,1.25862,1.25853,1.25853,1.258625
2017-10-06 08:28:00,1.25862,1.25853,1.25853,1.258625
2017-10-06 08:29:00,1.25862,1.25853,1.25853,1.258625
2017-10-06 08:30:00,1.25862,1.25853,1.25853,1.258625
2017-10-06 08:31:00,1.25862,1.25853,1.25853,1.258625
2017-10-06 08:32:00,1.25862,1.25853,1.25853,1.258625
2017-10-06 08:33:00,1.25862,1.25853,1.25853,1.258625
2017-10-06 08:34:00,1.25862,1.25853,1.25853,1.258625
2017-10-06 08:35:00,1.25862,1.25853,1.25853,1.258625
2017-10-06 08:36:00,1.25862,1.25853,1.25853,1.258625
2017-10-06 08:37:00,1.25862,1.25853,1.25853,1.258625
2017-10-06 08:38:00,1.25862,1.25853,1.25853,1.258625
2017-10-06 08:39:00,1.25862,1.25853,1.25853,1.258625
2017-10-06 08:40:00,1.25862,1.25853,1.25853,1.258625
2017-10-06 08:41:00,1.25862,1.25853,1.25853,1.258625
2017-10-06 08:42:00,1.25862,1.25853,1.25853,1.258625
2017-10-06 08:43:00,1.25862,1.25853,1.25853,1.258625
2017-10-06 08:44:00,1.25862,1.25853,1.25853,1.258625
2017-10-06 08:45:00,1.25862,1.25853,1.25853,1.258625
2017-10-06 08:46:00,1.25862,1.25853,1.25853,1.258625
2017-10-06 08:47:00,1.25862,1.25853,1.25853,1.258625
2017-10-06 08:48:00,1.25862,1.25853,1.25853,1.258625
2017-10-06 08:49:00,1.25862,1.25853,1.25853,1.258625
2017-10-06 08:50:00,1.25862,1.25853,1.25853,1.258625
2017-10-06 08:51:00,1.25862,1.25853,1.25853,1.258625
2017-10-06 08:52:00,1.25862,1.25853,1.25853,1.258625
2017-10-06 08:53:00,1.25862,1.25853,1.25853,1.258625
2017-10-06 08:54:00,1.25862,1.25853,1.25853,1.258625
2017-10-06 08:55:00,1.25862,1.25853,1.25853,1.258625
2017-10-06 08:56:00,1.25862,1.25853,1.25853,1.258625
2017-10-06 08:57:00,1.25862,1.25853,1.25853,1.258625
2017-10-06 08:58:00,1.25862,1.25853,1.25853,1.258625
2017-10-06 08:59:00,1.25862,1.25853,1.25853,1.258625
2017-10-06 09:00:00,1.25862,1.25853,1.25853,1.258625
2017-10-06 09:01:00,1.25862,1.25853,1.25853,1.258625
2017-10-06 09:02:00,1.25862,1.25853,1.25853,1.258625
2017-10-06 09:03:00,1.25862,1.25853,1.25853,1.258625
2017-10-06 09:04:00,1.25862,1.25853,1.25853,1.258625
2017-10-06 09:05:00,1.25862,1.25853,1.25853,1.258625
2017-10-06 09:06:00,1.25862,1.25853,1.25853,1.258625
2017-10-06 09:07:00,1.25862,1.25853,1.25853,1.258625
2017-10-06 09:08:00,1.25862,1.25853,1.25853,1.258625
2017-10-06 09:09:00,1.25862,1.25853,1.25853,1.258625
2017-10-06 09:10:00,1.25862,1.25853,1.25853,1.258625
2017-10-06 09:11:00,1.25862,1.25853,1.25853,1.258625
2017-10-06 09:12:00,1.25862,1.25853,1.25853,1.258625
2017-10-06 09:13:00,1.25862,1.25853,1.25853,1.258625
2017-10-06 09:14:00,1.25862,1.25853,1.25853,1.258625
2017-10-06 09:15:00,1.25862,1.25853,1.25853,1.258625
2017-10-06 09:16:00,1.25862,1.25853,1.25853,1.258625
2017-10-06 09:17:00,1.25862,1.25853,1.25853,1.258625
2017-10-06 09:18:00,1.25862,1.25853,1.25853,1.258625
2017-10-06 09:19:00,1.25862,1.25853,1.25853,1.258625
2017-10-06 09:20:00,1.25862,1.25853,1.25853,1.258625
2017-10-06 09:21:00,1.25862,1.25853,1.25853,1.258625
2017-10-06 09:22:00,1.25862,1.25853,1.25853,1.258625
2017-10-06 09:23:00,1.25862,1.25853,1.25853,1.258625
2017-10-06 09:24:00,1.25862,1.25853,1.25853,1.258625
2017-10-06 09:25:00,1.25862,1.25853,1.25853,1.258625
2017-10-06 09:26:00,1.25862,1.25853,1.25853,1.258625
2017-10-06 09:27:00,1.25862,1.25853,1.25853,1.258625
2017-10-06 09:28:00,1.25862,1.25853,1.25853,1.258625
2017-10-06 09:29:00,1.25862,1.25853,1.25853,1.258625
2017-10-06 09:30:00,1.25862,1.25853,1.25853,1.258625
2017-10-06 09:31:00,1.25862,1.25853,1.25853,1.258625
2017-10-06 09:32:00,1.25862,1.25853,1.25853,1.258625
2017-10-06 09:33:00,1.25862,1.25853,1.25853,1.258625
2017-10-06 09:34:00,1.25862,1.25853,1.25853,1.258625
2017-10-06 09:35:00,1.25862,1.25853,1.25853,1.258625
2017-10-06 09:36:00,1.25862,1.25853,1.25853,1.258625
2017-10-06 09:37:00,1.25862,1.25853,1.25853,1.258625
2017-10-06 09:38:00,1.25862,1.25853,1.25853,1.258625
2017-10-06 09:39:00,1.25862,1.25853,1.25853,1.258625
2017-10-06 09:40:00,1.25862,1.25853,1.25853,1.258625
2017-10-06 09:41:00,1.25862,1.25853,1.25853,1.258625
2017-10-06 09:42:00,1.25862,1.25853,1.25853,1.258625
2017-10-06 09:43:00,1.25862,1.25853,1.25853,1.258625
2017-10-06 09:44:00,1.25862,1.25853,1.25853,1.258625
2017-10-06 09:45:00,1.25862,1.25853,1.25853,1.258625
2017-10-06 09:46:00,1.25862,1.25853,1.25853,1.258625
2017-10-06 09:47:00,1.25862,1.25853,1.25853,1.258625
2017-10-06 09:48:00,1.25862,1.25853,1.25853,1.258625
2017-10-06 09:49:00,1.25862,1.25853,1.25853,1.258625
2017-10-06 09:50:00,1.25862,1.25853,1.25853,1.258625
2017-10-06 09:51:00,1.25862,1.25853,1.25853,1.258625
2017-10-06 09:52:00,1.25862,1.25853,1.25853,1.258625
2017-10-06 09:53:00,1.25862,1.25853,1.25853,1.258625
2017-10-06 09:54:00,1.25862,1.25853,1.25853,1.258625
2017-10-06 09:55:00,1.25862,1.25853,1.25853,1.258625
2017-10-06 09:56:00,1.25862,1.25853,1.25853,1.258625
2017-10-06 09:57:00,1.25862,1.25853,1.25853,1.258625
2017-10-06 09:58:00,1.25862,1.25853,1.25853,1.258625
2017-10-06 09:59:00,1.25862,1.25853,1.25853,1.258625
2017-10-06 10:00:00,1.25862,1.25853,1.25853,1.258625
2017-10-06 10:01:00,1.25862,1.25853,1.25853,1.258625
2017-10-06 10:02:00,1.25862,1.25853,1.25853,1.258625
2017-10-06 10:03:00,1.25862,1.25853,1.25853,1.258625
2017-10-06 10:04:00,1.25862,1.25853,1.25853,1.258625
2017-10-06 10:05:00,1.25862,1.25853,1.25853,1.258625
2017-10-06 10:06:00,1.25862,1.25853,1.25853,1.258625
2017-10-06 10:07:00,1.25862,1.25853,1.25853,1.258625
2017-10-06 10:08:00,1.25862,1.25853,1.25853,1.258625
2017-10-06 10:09:00,1.25862,1.25853,1.25853,1.258625
2017-10-06 10:10:00,1.25862,1.25853,1.25853,1.258625
2017-10-06 10:11:00,1.25862,1.25853,1.25853,1.258625
2017-10-06 10:12:00,1.25862,1.25853,1.25853,1.258625
2017-10-06 10:13:00,1.25862,1.25853,1.25853,1.258625
2017-10-06 10:14:00,1.25862,1.25853,1.25853,1.258625
2017-10-06 10:15:00,1.25862,1.25853,1.25853,1.258625
2017-10-06 10:16:00,1.25862,1.25853,1.25853,1.258625
2017-10-06 10:17:00,1.25862,1.25853,1.25853,1.258625
2017-10-06 10:18:00,1.25862,1.25853,1.25853,1.258625
2017-10-06 10:19:00,1.25862,1.25853,1.25853,1.258625
2017-10-06 10:20:00,1.25862,1.25853,1.25853,1.258625
2017-10-06 10:21:00,1.25862,1.25853,1.25853,1.258625
2017-10-06 10:22:00,1.25862,1.25853,1.25853,1.258625
2017-10-06 10:23:00,1.25862,1.25853,1.25853,1.258625
2017-10-06 10:24:00,1.25862,1.25853,1.25853,1.258625
2017-10-06 10:25:00,1.25862,1.25853,1.25853,1.258625
2017-10-06 10:26:00,1.25862,1.25853,1.25853,1.258625
2017-10-06 10:27:00,1.25862,1.25853,1.25853,1.258625
2017-10-06 10:28:00,1.25862,1.25853,1.25853,1.258625
2017-10-06 10:29:00,1.25862,1.25853,1.25853,1.258625
2017-10-06 10:30:00,1.25862,1.25853,1.25853,1.258625
2017-10-06 10:31:00,1.25862,1.25853,1.25853,1.258625
2017-10-06 10:32:00,1.25862,1.25853,1.25853,1.258625
2017-10-06 10:33:00,1.25862,1.25853,1.25853,1.258625
2017-10-06 10:34:00,1.25862,1.25853,1.25853,1.258625
2017-10-06 10:35:00,1.25862,1.25853,1.25853,1.258625
2017-10-06 10:36:00,1.25862,1.25853,1.25853,1.258625
2017-10-06 10:37:00,1.25862,1.25853,1.25853,1.258625
2017-10-06 10:38:00,1.25862,1.25853,1.25853,1.258625
2017-10-06 10:39:00,1.25862,1.25853,1.25853,1.258625
2017-10-06 10:40:00,1.25862,1.25853,1.25853,1.258625
2017-10-06 10:41:00,1.25862,1.25853,1.25853,1.258625
2017-10-06 10:42:00,1.25862,1.25853,1.25853,1.258625
2017-10-06 10:43:00,1.25862,1.25853,1.25853,1.258625
2017-10-06 10:44:00,1.25862,1.25853,1.25853,1.258625
2017-10-06 10:45:00,1.25862,1.25853,1.25853,1.258625
2017-10-06 10:46:00,1.25862,1.25853,1.25853,1.258625
2017-10-06 10:47:00,1.25862,1.25853,1.25853,1.258625
2017-10-06 10:48:00,1.25862,1.25853,1.25853,1.258625
2017-10-06 10:49:00,1.25862,1.25853,1.25853,1.258625
2017-10-06 10:50:00,1.25862,1.25853,1.25853,1.258625
2017-10-06 10:51:00,1.25862,1.25853,1.25853,1.258625
2017-10-06 10:52:00,1.25862,1.25853,1.25853,1.258625
2017-10-06 10:53:00,1.25862,1.25853,1.25853,1.258625
2017-10-06 10:54:00,1.25862,1.25853,1.25853,1.258625
2017-10-06 10:55:00,1.25862,1.25853,1.25853,1.258625
2017-10-06 10:56:00,1.25862,1.25853,1.25853,1.258625
2017-10-06 10:57:00,1.25862,1.25853,1.25853,1.258625
2017-10-06 10:58:00,1.25862,1.25853,1.25853,1.258625
2017-10-06 10:59:00,1.25862,1.25853,1.25853,1.258625
2017-10-06 11:00:00,1.25862,1.25853,1.25853,1.258625
2017-10-06 11:01:00,1.25862,1.25853,1.25853,1.258625
2017-10-06 11:02:00,1.25862,1.25853,1.25853,1.258625
2017-10-06 11:03:00,1.25862,1.25853,1.25853,1.258625
2017-10-06 11:04:00,1.25862,1.25853,1.25853,1.258625
2017-10-06 11:05:00,1.25862,1.25853,1.25853,1.258625
2017-10-06 11:06:00,1.25862,1.25853,1.25853,1.258625
2017-10-06 11:07:00,1.25862,1.25853,1.25853,1.258625
2017-10-06 11:08:00,1.25862,1.25853,1.25853,1.258625
2017-10-06 11:09:00,1.25862,1.25853,1.25853,1.258625
2017-10-06 11:10:00,1.25862,1.25853,1.25853,1.258625
2017-10-06 11:11:00,1.25862,1.25853,1.25853,1.258625
2017-10-06 11:12:00,1.25862,1.25853,1.25853,1.258625
2017-10-06 11:13:00,1.25862,1.25853,1.25853,1.258625
2017-10-06 11:14:00,1.25862,1.25853,1.25853,1.258625
2017-10-06 11:15:00,1.25862,1.25853,1.25853,1.258625
2017-10-06 11:16:00,1.25862,1.25853,1.25853,1.258625
2017-10-06 11:17:00,1.25862,1.25853,1.25853,1.258625
2017-10-06 11:18:00,1.25862,1.25853,1.25853,1.258625
2017-10-06 11:19:00,1.25862,1.25853,1.25853,1.258625
2017-10-06 11:20:00,1.25862,1.25853,1.25853,1.258625
2017-10-06 11:21:00,1.25862,1.25853,1.25853,1.258625
2017-10-06 11:22:00,1.25862,1.25853,1.25853,1.258625
2017-10-06 11:23:00,1.25862,1.25853,1.25853,1.258625
2017-10-06 11:24:00,1.25862,1.25853,1.25853,1.258625
2017-10-06 11:25:00,1.25862,1.25853,1.25853,1.258625
2017-10-06 11:26:00,1.25862,1.25853,1.25853,1.258625
2017-10-06 11:27:00,1.25862,1.25853,1.25853,1.258625
2017-10-06 11:28:00,1.25862,1.25853,1.25853,1.258625
2017-10-06 11:29:00,1.25862,1.25853,1.25853,1.258625
2017-10-06 11:30:00,1.25862,1.25853,1.25853,1.258625
2017-10-06 11:31:00,1.25862,1.25853,1.25853,1.258625
2017-10-06 11:32:00,1.25862,1.25853,1.25853,1.258625
2017-10-06 11:33:00,1.25862,1.25853,1.25853,1.258625
2017-10-06 11:34:00,1.25862,1.25853,1.25853,1.258625
2017-10-06 11:35:00,1.25862,1.25853,1.25853,1.258625
2017-10-06 11:36:00,1.25862,1.25853,1.25853,1.258625
2017-10-06 11:37:00,1.25862,1.25853,1.25853,1.258625
2017-10-06 11:38:00,1.25862,1.25853,1.25853,1.258625
2017-10-06 11:39:00,1.25862,1.25853,1.25853,1.258625
2017-10-06 11:40:00,1.25862,1.25853,1.25853,1.258625
2017-10-06 11:41:00,1.25862,1.25853,1.25853,1.258625
2017-10-06 11:42:00,1.25862,1.25853,1.25853,1.258625
2017-10-06 11:43:00,1.25862,1.25853,1.25853,1.258625
2017-10-06 11:44:00,1.25862,1.25853,1.25853,1.258625
2017-10-06 11:45:00,1.25862,1.25853,1.25853,1.258625
2017-10-06 11:46:00,1.25862,1.25853,1.25853,1.258625
2017-10-06 11:47:00,1.25862,1.25853,1.25853,1.258625
2017-10-06 11:48:00,1.25862,1.25853,1.25853,1.258625
2017-10-06 11:49:00,1.25862,1.25853,1.25853,1.258625
2017-10-06 11:50:00,1.25862,1.25853,1.25853,1.258625
2017-10-06 11:51:00,1.25862,1.25853,1.25853,1.258625
2017-10-06 11:52:00,1.25862,1.25853,1.25853,1.258625
2017-10-06 11:53:00,1.25862,1.25853,1.25853,1.258625
2017-10-06 11:54:00,1.25862,1.25853,1.25853,1.258625
2017-10-06 11:55:00,1.25862,1.25853,1.25853,1.258625
2017-10-06 11:56:00,1.25862,1.25853,1.25853,1.258625
2017-10-06 11:57:00,1.25862,1.25853,1.25853,1.258625
2017-10-06 11:58:00,1.25862,1.25853,1.25853,1.258625
2017-10-06 11:59:00,1.25862,1.25853,1.25853,1.258625
2017-10-06 12:00:00,1.25862,1.25853,1.25853,1.258625
2017-10-06 12:01:00,1.25862,1.25853,1.25853,1.258625
2017-10-06 12:02:00,1.25862,1.25853,1.25853,1.258625
2017-10-06 12:03:00,1.25862,1.25853,1.25853,1.258625
2017-10-06 12:04:00,1.25862,1.25853,1.25853,1.258625
2017-10-06 12:05:00,1.25862,1.25853,1.25853,1.258625
2017-10-06 12:06:00,1.25862,1.25853,1.25853,1.258625
2017-10-06 12:07:00,1.25862,1.25853,1.25853,1.258625
2017-10-06 12:08:00,1.25862,1.25853,1.25853,1.258625
2017-10-06 12:09:00,1.25862,1.25853,1.25853,1.258625
2017-10-06 12:10:00,1.25862,1.25853,1.25853,1.258625
2017-10-06 12:11:00,1.25862,1.25853,1.25853,1.258625
2017-10-06 12:12:00,1.25862,1.25853,1.25853,1.258625
2017-10-06 12:13:00,1.25862,1.25853,1.25853,1.258625
2017-10-06 12:14:00,1.25862,1.25853,1.25853,1.258625
2017-10-06 12:15:00,1.25862,1.25853,1.25853,1.258625
2017-10-06 12:16:00,1.25862,1.25853,1.25853,1.258625
2017-10-06 12:17:00,1.25862,1.25853,1.25853,1.258625
2017-10-06 12:18:00,1.25862,1.25853,1.25853,1.258625
2017-10-06 12:19:00,1.25862,1.25853,1.25853,1.258625
2017-10-06 12:20:00,1.25862,1.25853,1.25853,1.258625
2017-10-06 12:21:00,1.25862,1.25853,1.25853,1.258625
2017-10-06 12:22:00,1.25862,1.25853,1.25853,1.258625
2017-10-06 12:23:00,1.25862,1.25853,1.25853,1.258625
2017-10-06 12:24:00,1.25862,1.25853,1.25853,1.258625
2017-10-06 12:25:00,1.25862,1.25853,1.25853,1.258625
2017-10-06 12:26:00,1.25862,1.25853,1.25853,1.258625
2017-10-06 12:27:00,1.25862,1.25853,1.25853,1.258625
2017-10-06 12:28:00,1.25862,1.25853,1.25853,1.258625
2017-10-06 12:29:00,1.25862,1.25853,1.25853,1.258625
2017-10-06 12:30:00,1.25862,1.25853,1.25853,1.258625
2017-10-06 12:31:00,1.25862,1.25853,1.25853,1.258625
2017-10-06 12:32:00,1.25862,1.25853,1.25853,1.258625
2017-10-06 12:33:00,1.25862,1.25853,1.25853,1.258625
2017-10-06 12:34:00,1.25862,1.25853,1.25853,1.258625
2017-10-06 12:35:00,1.25862,1.25853,1.25853,1.258625
2017-10-06 12:36:00,1.25862,1.25853,1.25853,1.258625
2017-10-06 12:37:00,1.25862,1.25853,1.25853,1.258625
2017-10-06 12:38:00,1.25862,1.25853,1.25853,1.258625
2017-10-06 12:39:00,1.25862,1.25853,1.25853,1.258625
2017-10-06 12:40:00,1.25862,1.25853,1.25853,1.258625
2017-10-06 12:41:00,1.25862,1.25853,1.25853,1.258625
2017-10-06 12:42:00,1.25862,1.25853,1.25853,1.258625
2017-10-06 12:43:00,1.25862,1.25853,1.25853,1.258625
2017-10-06 12:44:00,1.25862,1.25853,1.25853,1.258625
2017-10-06 12:45:00,1.25862,1.25853,1.25853,1.258625
2017-10-06 12:46:00,1.25862,1.25853,1.25853,1.258625
2017-10-06 12:47:00,1.25862,1.25853,1.25853,1.258625
2017-10-06 12:48:00,1.25862,1.25853,1.25853,1.258625
2017-10-06 12:49:00,1.25862,1.25853,1.25853,1.258625
2017-10-06 12:50:00,1.25862,1.25853,1.25853,1.258625
2017-10-06 12:51:00,1.25862,1.25853,1.25853,1.258625
2017-10-06 12:52:00,1.25862,1.25853,1.25853,1.258625
2017-10-06 12:53:00,1.25862,1.25853,1.25853,1.258625
2017-10-06 12:54:00,1.25862,1.25853,1.25853,1.258625
2017-10-06 12:55:00,1.25862,1.25853,1.25853,1.258625
2017-10-06 12:56:00,1.25862,1.25853,1.25853,1.258625
2017-10-06 12:57:00,1.25862,1.25853,1.25853,1.258625
2017-10-06 12:58:00,1.25862,1.25853,1.25853,1.258625
2017-10-06 12:59:00,1.25862,1.25853,1.25853,1.258625
2017-10-06 13:00:00,1.25862,1.25853,1.25853,1.258625
2017-10-06 13:01:00,1.25862,1.25853,1.25853,1.258625
2017-10-06 13:02:00,1.25862,1.25853,1.25853,1.258625
2017-10-06 13:03:00,1.25862,1.25853,1.25853,1.258625
2017-10-06 13:04:00,1.25862,1.25853,1.25853,1.258625
2017-10-06 13:05:00,1.25862,1.25853,1.25853,1.258625
2017-10-06 13:06:00,1.25862,1.25853,1.25853,1.258625
2017-10-06 13:07:00,1.25862,1.25853,1.25853,1.258625
2017-10-06 13:08:00,1.25862,1.25853,1.25853,1.258625
2017-10-06 13:09:00,1.25862,1.25853,1.25853,1.258625
2017-10-06 13:10:00,1.25862,1.25853,1.25853,1.258625
2017-10-06 13:11:00,1.25862,1.25853,1.25853,1.258625
2017-10-06 13:12:00,1.25862,1.25853,1.25853,1.258625
2017-10-06 13:13:00,1.25862,1.25853,1.25853,1.258625
2017-10-06 13:14:00,1.25862,1.25853,1.25853,1.258625
2017-10-06 13:15:00,1.25862,1.25853,1.25853,1.258625
2017-10-06 13:16:00,1.25862,1.25853,1.25853,1.258625
2017-10-06 13:17:00,1.25862,1.25853,1.25853,1.258625
2017-10-06 13:18:00,1.25862,1.25853,1.25853,1.258625
2017-10-06 13:19:00,1.25862,1.25853,1.25853,1.258625
2017-10-06 13:20:00,1.25862,1.25853,1.25853,1.258625
2017-10-06 13:21:00,1.25862,1.25853,1.25853,1.258625
2017-10-06 13:22:00,1.25862,1.25853,1.25853,1.258625
2017-10-06 13:23:00,1.25862,1.25853,1.25853,1.258625
2017-10-06 13:24:00,1.25862,1.25853,1.25853,1.258625
2017-10-06 13:25:00,1.25862,1.25853,1.25853,1.258625
2017-10-06 13:26:00,1.25862,1.25853,1.25853,1.258625
2017-10-06 13:27:00,1.25862,1.25853,1.25853,1.258625
2017-10-06 13:28:00,1.25862,1.25853,1.25853,1.258625
2017-10-06 13:29:00,1.25862,1.25853,1.25853,1.258625
2017-10-06 13:30:00,1.25862,1.25853,1.25853,1.258625
2017-10-06 13:31:00,1.25862,1.25853,1.25853,1.258625
2017-10-06 13:32:00,1.25862,1.25853,1.25853,1.258625
2017-10-06 13:33:00,1.25862,1.25853,1.25853,1.258625
2017-10-06 13:34:00,1.25862,1.25853,1.25853,1.258625
2017-10-06 13:35:00,1.25862,1.25853,1.25853,1.258625
2017-10-06 13:36:00,1.25862,1.25853,1.25853,1.258625
2017-10-06 13:37:00,1.25862,1.25853,1.25853,1.258625
2017-10-06 13:38:00,1.25862,1.25853,1.25853,1.258625
2017-10-06 13:39:00,1.25862,1.25853,1.25853,1.258625
2017-10-06 13:40:00,1.25862,1.25853,1.25853,1.258625
2017-10-06 13:41:00,1.25862,1.25853,1.25853,1.258625
2017-10-06 13:42:00,1.25862,1.25853,1.25853,1.258625
2017-10-06 13:43:00,1.25862,1.25853,1.25853,1.258625
2017-10-06 13:44:00,1.25862,1.25853,1.25853,1.258625
2017-10-06 13:45:00,1.25862,1.25853,1.25853,1.258625
2017-10-06 13:46:00,1.25862,1.25853,1.25853,1.258625
2017-10-06 13:47:00,1.25862,1.25853,1.25853,1.258625
2017-10-06 13:48:00,1.25862,1.25853,1.25853,1.258625
2017-10-06 13:49:00,1.25862,1.25853,1.25853,1.258625
2017-10-06 13:50:00,1.25862,1.25853,1.25853,1.258625
2017-10-06 13:51:00,1.25862,1.25853,1.25853,1.258625
2017-10-06 13:52:00,1.25862,1.25853,1.25853,1.258625
2017-10-06 13:53:00,1.25862,1.25853,1.25853,1.258625
2017-10-06 13:54:00,1.25862,1.25853,1.25853,1.258625
2017-10-06 13:55:00,1.25862,1.25853,1.25853,1.258625
2017-10-06 13:56:00,1.25862,1.25853,1.25853,1.258625
2017-10-06 13:57:00,1.25862,1.25853,1.25853,1.258625
2017-10-06 13:58:00,1.25862,1.25853,1.25853,1.258625
2017-10-06 13:59:00,1.25862,1.25853,1.25853,1.258625
2017-10-06 14:00:00,1.25862,1.25853,1.25853,1.258625
2017-10-06 14:01:00,1.25862,1.25853,1.25853,1.258625
2017-10-06 14:02:00,1.25862,1.25853,1.25853,1.258625
2017-10-06 14:03:00,1.25862,1.25853,1.25853,1.258625
2017-10-06 14:04:00,1.25862,1.25853,1.25853,1.258625
2017-10-06 14:05:00,1.25862,1.25853,1.25853,1.258625
2017-10-06 14:06:00,1.25862,1.25853,1.25853,1.258625
2017-10-06 14:07:00,1.25862,1.25853,1.25853,1.258625
2017-10-06 14:08:00,1.25862,1.25853,1.25853,1.258625
2017-10-06 14:09:00,1.25862,1.25853,1.25853,1.258625
2017-10-06 14:10:00,1.25862,1.25853,1.25853,1.258625
2017-10-06 14:11:00,1.25862,1.25853,1.25853,1.258625
2017-10-06 14:12:00,1.25862,1.25853,1.25853,1.258625
2017-10-06 14:13:00,1.25862,1.25853,1.25853,1.258625
2017-10-06 14:14:00,1.25862,1.25853,1.25853,1.258625
2017-10-06 14:15:00,1.25862,1.25853,1.25853,1.258625
2017-10-06 14:16:00,1.25862,1.25853,1.25853,1.258625
2017-10-06 14:17:00,1.25862,1.25853,1.25853,1.258625
2017-10-06 14:18:00,1.25862,1.25853,1.25853,1.258625
2017-10-06 14:19:00,1.25862,1.25853,1.25853,1.258625
2017-10-06 14:20:00,1.25862,1.25853,1.25853,1.258625
2017-10-06 14:21:00,1.25862,1.25853,1.25853,1.258625
2017-10-06 14:22:00,1.25862,1.25853,1.25853,1.258625
2017-10-06 14:23:00,1.25862,1.25853,1.25853,1.258625
2017-10-06 14:24:00,1.25862,1.25853,1.25853,1.258625
2017-10-06 14:25:00,1.25862,1.25853,1.25853,1.258625
2017-10-06 14:26:00,1.25862,1.25853,1.25853,1.258625
2017-10-06 14:27:00,1.25862,1.25853,1.25853,1.258625
2017-10-06 14:28:00,1.25862,1.25853,1.25853,1.258625
2017-10-06 14:29:00,1.25862,1.25853,1.25853,1.258625
2017-10-06 14:30:00,1.25862,1.25853,1.25853,1.258625
2017-10-06 14:31:00,1.25862,1.25853,1.25853,1.258625
2017-10-06 14:32:00,1.25862,1.25853,1.25853,1.258625
2017-10-06 14:33:00,1.25862,1.25853,1.25853,1.258625
2017-10-06 14:34:00,1.25862,1.25853,1.25853,1.258625
2017-10-06 14:35:00,1.25862,1.25853,1.25853,1.258625
2017-10-06 14:36:00,1.25862,1.25853,1.25853,1.258625
2017-10-06 14:37:00,1.25862,1.25853,1.25853,1.258625
2017-10-06 14:38:00,1.25862,1.25853,1.25853,1.258625
2017-10-06 14:39:00,1.25862,1.25853,1.25853,1.258625
2017-10-06 14:40:00,1.25862,1.25853,1.25853,1.258625
2017-10-06 14:41:00,1.25862,1.25853,1.25853,1.258625
2017-10-06 14:42:00,1.25862,1.25853,1.25853,1.258625
2017-10-06 14:43:00,1.25862,1.25853,1.25853,1.258625
2017-10-06 14:44:00,1.25862,1.25853,1.25853,1.258625
2017-10-06 14:45:00,1.25862,1.25853,1.25853,1.258625
2017-10-06 14:46:00,1.25862,1.25853,1.25853,1.258625
2017-10-06 14:47:00,1.25862,1.25853,1.25853,1.258625
2017-10-06 14:48:00,1.25862,1.25853,1.25853,1.258625
2017-10-06 14:49:00,1.25862,1.25853,1.25853,1.258625
2017-10-06 14:50:00,1.25862,1.25853,1.25853,1.258625
2017-10-06 14:51:00,1.25862,1.25853,1.25853,1.258625
2017-10-06 14:52:00,1.25862,1.25853,1.25853,1.258625
2017-10-06 14:53:00,1.25862,1.25853,1.25853,1.258625
2017-10-06 14:54:00,1.25862,1.25853,1.25853,1.258625
2017-10-06 14:55:00,1.25862,1.25853,1.25853,1.258625
2017-10-06 14:56:00,1.25862,1.25853,1.25853,1.258625
2017-10-06 14:57:00,1.25862,1.25853,1.25853,1.258625
2017-10-06 14:58:00,1.25862,1.25853,1.25853,1.258625
2017-10-06 14:59:00,1.25862,1.25853,1.25853,1.258625
2017-10-06 15:00:00,1.25862,1.25853,1.25853,1.258625
2017-10-06 15:01:00,1.25862,1.25853,1.25853,1.258625
2017-10-06 15:02:00,1.25862,1.25853,1.25853,1.258625
2017-10-06 15:03:00,1.25862,1.25853,1.25853,1.258625
2017-10-06 15:04:00,1.25862,1.25853,1.25853,1.258625
2017-10-06 15:05:00,1.25862,1.25853,1.25853,1.258625
2017-10-06 15:06:00,1.25862,1.25853,1.25853,1.258625
2017-10-06 15:07:00,1.25862,1.25853,1.25853,1.258625
2017-10-06 15:08:00,1.25862,1.25853,1.25853,1.258625
2017-10-06 15:09:00,1.25862,1.25853,1.25853,1.258625
2017-10-06 15:10:00,1.25862,1.25853,1.25853,1.258625
2017-10-06 15:11:00,1.25862,1.25853,1.25853,1.258625
2017-10-06 15:12:00,1.25862,1.25853,1.25853,1.258625
2017-10-06 15:13:00,1.25862,1.25853,1.25853,1.258625
2017-10-06 15:14:00,1.25862,1.25853,1.25853,1.258625
2017-10-06 15:15:00,1.25862,1.25853,1.25853,1.258625
2017-10-06 15:16:00,1.25862,1.25853,1.25853,1.258625
2017-10-06 15:17:00,1.25862,1.25853,1.25853,1.258625
2017-10-06 15:18:00,1.25862,1.25853,1.25853,1.258625
2017-10-06 15:19:00,1.25862,1.25853,1.25853,1.258625
2017-10-06 15:20:00,1.25862,1.25853,1.25853,1.258625
2017-10-06 15:21:00,1.25862,1.25853,1.25853,1.258625
2017-10-06 15:22:00,1.25862,1.25853,1.25853,1.258625
2017-10-06 15:23:00,1.25862,1.25853,1.25853,1.258625
2017-10-06 15:24:00,1.25862,1.25853,1.25853,1.258625
2017-10-06 15:25:00,1.25862,1.25853,1.25853,1.258625
2017-10-06 15:26:00,1.25862,1.25853,1.25853,1.258625
2017-10-06 15:27:00,1.25862,1.25853,1.25853,1.258625
2017-10-06 15:28:00,1.25862,1.25853,1.25853,1.258625
2017-10-06 15:29:00,1.25862,1.25853,1.25853,1.258625
2017-10-06 15:30:00,1.25862,1.25853,1.25853,1.258625
2017-10-06 15:31:00,1.25862,1.25853,1.25853,1.258625
2017-10-06 15:32:00,1.25862,1.25853,1.25853,1.258625
2017-10-06 15:33:00,1.25862,1.25853,1.25853,1.258625
2017-10-06 15:34:00,1.25862,1.25853,1.25853,1.258625
2017-10-06 15:35:00,1.25862,1.25853,1.25853,1.258625
2017-10-06 15:36:00,1.25862,1.25853,1.25853,1.258625
2017-10-06 15:37:00,1.25862,1.25853,1.25853,1.258625
2017-10-06 15:38:00,1.25862,1.25853,1.25853,1.258625
2017-10-06 15:39:00,1.25862,1.25853,1.25853,1.258625
2017-10-06 15:40:00,1.25862,1.25853,1.25853,1.258625
2017-10-06 15:41:00,1.25862,1.25853,1.25853,1.258625
2017-10-06 15:42:00,1.25862,1.25853,1.25853,1.258625
2017-10-06 15:43:00,1.25862,1.25853,1.25853,1.258625
2017-10-06 15:44:00,1.25862,1.25853,1.25853,1.258625
2017-10-06 15:45:00,1.25862,1.25853,1.25853,1.258625
2017-10-06 15:46:00,1.25862,1.25853,1.25853,1.258625
2017-10-06 15:47:00,1.25862,1.25853,1.25853,1.258625
2017-10-06 15:48:00,1.25862,1.25853,1.25853,1.258625
2017-10-06 15:49:00,1.25862,1.25853,1.25853,1.258625
2017-10-06 15:50:00,1.25862,1.25853,1.25853,1.258625
2017-10-06 15:51:00,1.25862,1.25853,1.25853,1.258625
2017-10-06 15:52:00,1.25862,1.25853,1.25853,1.258625
2017-10-06 15:53:00,1.25862,1.25853,1.25853,1.258625
2017-10-06 15:54:00,1.25862,1.25853,1.25853,1.258625
2017-10-06 15:55:00,1.25862,1.25853,1.25853,1.258625
2017-10-06 15:56:00,1.25862,1.25853,1.25853,1.258625
2017-10-06 15:57:00,1.25862,1.25853,1.25853,1.258625
2017-10-06 15:58:00,1.25862,1.25853,1.25853,1.258625
2017-10-06 15:59:00,1.25862,1.25853,1.25853,1.258625
2017-10-06 16:00:00,1.25862,1.25853,1.25853,1.258625
2017-10-06 16:01:00,1.25862,1.25853,1.25853,1.258625
2017-10-06 16:02:00,1.25862,1.25853,1.25853,1.258625
2017-10-06 16:03:00,1.25862,1.25853,1.25853,1.258625
2017-10-06 16:04:00,1.25862,1.25853,1.25853,1.258625
2017-10-06 16:05:00,1.25862,1.25853,1.25853,1.258625
2017-10-06 16:06:00,1.25862,1.25853,1.25853,1.258625
2017-10-06 16:07:00,1.25862,1.25853,1.25853,1.258625
2017-10-06 16:08:00,1.25862,1.25853,1.25853,1.258625
2017-10-06 16:09:00,1.25862,1.25853,1.25853,1.258625
2017-10-06 16:10:00,1.25862,1.25853,1.25853,1.258625
2017-10-06 16:11:00,1.25862,1.25853,1.25853,1.258625
2017-10-06 16:12:00,1.25862,1.25853,1.25853,1.258625
2017-10-06 16:13:00,1.25862,1.25853,1.25853,1.258625
2017-10-06 16:14:00,1.25862,1.25853,1.25853,1.258625
2017-10-06 16:15:00,1.25862,1.25853,1.25853,1.258625
2017-10-06 16:16:00,1.25862,1.25853,1.25853,1.258625
2017-10-06 16:17:00,1.25862,1.25853,1.25853,1.258625
2017-10-06 16:18:00,1.25862,1.25853,1.25853,1.258625
2017-10-06 16:19:00,1.25862,1.25853,1.25853,1.258625
2017-10-06 16:20:00,1.25862,1.25853,1.25853,1.258625
2017-10-06 16:21:00,1.25862,1.25853,1.25853,1.258625
2017-10-06 16:22:00,1.25862,1.25853,1.25853,1.258625
2017-10-06 16:23:00,1.25862,1.25853,1.25853,1.258625
2017-10-06 16:24:00,1.25862,1.25853,1.25853,1.258625
2017-10-06 16:25:00,1.25862,1.25853,1.25853,1.258625
2017-10-06 16:26:00,1.25862,1.25853,1.25853,1.258625
2017-10-06 16:27:00,1.25862,1.25853,1.25853,1.258625
2017-10-06 16:28:00,1.25862,1.25853,1.25853,1.258625
2017-10-06 16:29:00,1.25862,1.25853,1.25853,1.258625
2017-10-06 16:30:00,1.25862,1.25853,1.25853,1.258625
2017-10-06 16:31:00,1.25862,1.25853,1.25853,1.258625
2017-10-06 16:32:00,1.25862,1.25853,1.25853,1.258625
2017-10-06 16:33:00,1.25862,1.25853,1.25853,1.258625
2017-10-06 16:34:00,1.25862,1.25853,1.25853,1.258625
2017-10-06 16:35:00,1.25862,1.25853,1.25853,1.258625
2017-10-06 16:36:00,1.25862,1.25853,1.25853,1.258625
2017-10-06 16:37:00,1.25862,1.25853,1.25853,1.258625
2017-10-06 16:38:00,1.25862,1.25853,1.25853,1.258625
2017-10-06 16:39:00,1.25862,1.25853,1.25853,1.258625
2017-10-06 16:40:00,1.25862,1.25853,1.25853,1.258625
2017-10-06 16:41:00,1.25862,1.25853,1.25853,1.258625
2017-10-06 16:42:00,1.25862,1.25853,1.25853,1.258625
2017-10-06 16:43:00,1.25862,1.25853,1.25853,1.258625
2017-10-06 16:44:00,1.25862,1.25853,1.25853,1.258625
2017-10-06 16:45:00,1.25862,1.25853,1.25853,1.258625
2017-10-06 16:46:00,1.25862,1.25853,1.25853,1.258625
2017-10-06 16:47:00,1.25862,1.25853,1.25853,1.258625
2017-10-06 16:48:00,1.25862,1.25853,1.25853,1.258625
2017-10-06 16:49:00,1.25862,1.25853,1.25853,1.258625
2017-10-06 16:50:00,1.25862,1.25853,1.25853,1.258625
2017-10-06 16:51:00,1.25862,1.25853,1.25853,1.258625
2017-10-06 16:52:00,1.25862,1.25853,1.25853,1.258625
2017-10-06 16:53:00,1.25862,1.25853,1.25853,1.258625
2017-10-06 16:54:00,1.25862,1.25853,1.25853,1.258625
2017-10-06 16:55:00,1.25862,1.25853,1.25853,1.258625
2017-10-06 16:56:00,1.25862,1.25853,1.25853,1.258625
2017-10-06 16:57:00,1.25862,1.25853,1.25853,1.258625
2017-10-06 16:58:00,1.25862,1.25853,1.25853,1.258625
2017-10-08 17:04:00,1.253385,1.253385,1.253385,1.253385
2017-10-08 17:05:00,1.253385,1.253385,1.253385,1.253385
2017-10-08 17:06:00,1.252965,1.25331,1.25284,1.25331
2017-10-08 17:07:00,1.253075,1.253,1.253,1.25309
2017-10-08 17:08:00,1.25298,1.253105,1.252975,1.253105
2017-10-08 17:09:00,1.25297,1.25297,1.25297,1.25297
2017-10-08 17:10:00,1.252955,1.252955,1.25294,1.252975
2017-10-08 17:11:00,1.253035,1.25294,1.252935,1.253035
2017-10-08 17:12:00,1.252935,1.25307,1.25293,1.25307
2017-10-08 17:13:00,1.253035,1.252925,1.25292,1.253035
2017-10-08 17:14:00,1.25313,1.252995,1.252995,1.25313
2017-10-08 17:15:00,1.253015,1.253115,1.253015,1.253125
2017-10-08 17:16:00,1.253015,1.253115,1.253015,1.253125
2017-10-08 17:17:00,1.253015,1.253115,1.253015,1.253125
2017-10-08 17:18:00,1.253015,1.253115,1.253015,1.253125
2017-10-08 17:19:00,1.253015,1.253115,1.253015,1.253125
2017-10-08 17:20:00,1.253015,1.253115,1.253015,1.253125
2017-10-08 17:21:00,1.253015,1.253115,1.253015,1.253125
2017-10-08 17:22:00,1.253015,1.253115,1.253015,1.253125
2017-10-08 17:23:00,1.253015,1.253115,1.253015,1.253125
2017-10-08 17:24:00,1.253015,1.253115,1.253015,1.253125
2017-10-08 17:25:00,1.253015,1.253115,1.253015,1.253125
2017-10-08 17:26:00,1.253015,1.253115,1.253015,1.253125
2017-10-08 17:27:00,1.253015,1.253115,1.253015,1.253125
2017-10-08 17:28:00,1.253015,1.253115,1.253015,1.253125
2017-10-08 17:29:00,1.253015,1.253115,1.253015,1.253125
2017-10-08 17:30:00,1.253015,1.253115,1.253015,1.253125
2017-10-08 17:31:00,1.253045,1.253045,1.253045,1.253045
2017-10-08 17:32:00,1.253045,1.253045,1.253045,1.253045
2017-10-08 17:33:00,1.253045,1.253045,1.253045,1.253045
2017-10-08 17:34:00,1.253045,1.253045,1.253045,1.253045
2017-10-08 17:35:00,1.253045,1.253045,1.253045,1.253045
2017-10-08 17:36:00,1.25334,1.25309,1.25302,1.25334
2017-10-08 17:37:00,1.253385,1.253385,1.253385,1.253385
2017-10-08 17:38:00,1.25381,1.25344,1.25344,1.25381
2017-10-08 17:39:00,1.25381,1.25344,1.25344,1.25381
2017-10-08 17:40:00,1.25381,1.25344,1.25344,1.25381
2017-10-08 17:41:00,1.25377,1.25377,1.25377,1.25377
2017-10-08 17:42:00,1.25377,1.25377,1.25377,1.25377
2017-10-08 17:43:00,1.25377,1.25377,1.25377,1.25377
2017-10-08 17:44:00,1.25377,1.25377,1.25377,1.25377
2017-10-08 17:45:00,1.25377,1.25377,1.25377,1.25377
2017-10-08 17:46:00,1.25377,1.25377,1.25377,1.25377
2017-10-08 17:47:00,1.25377,1.25377,1.25377,1.25377
2017-10-08 17:48:00,1.25377,1.25377,1.25377,1.25377
2017-10-08 17:49:00,1.25377,1.25377,1.25377,1.25377
2017-10-08 17:50:00,1.25377,1.25377,1.25377,1.25377
2017-10-08 17:51:00,1.25377,1.25377,1.25377,1.25377
2017-10-08 17:52:00,1.25377,1.25377,1.25377,1.25377
2017-10-08 17:53:00,1.25377,1.25377,1.25377,1.25377
2017-10-08 17:54:00,1.25377,1.25377,1.25377,1.25377
2017-10-08 17:55:00,1.25377,1.25377,1.25377,1.25377
2017-10-08 17:56:00,1.25382,1.25382,1.25382,1.25382
2017-10-08 17:57:00,1.25382,1.25382,1.25382,1.25382
2017-10-08 17:58:00,1.25382,1.25382,1.25382,1.25382
2017-10-08 17:59:00,1.25382,1.25382,1.25382,1.25382
2017-10-08 18:00:00,1.25389,1.25389,1.25389,1.25389
2017-10-08 18:01:00,1.253925,1.25419,1.253645,1.254315
2017-10-08 18:02:00,1.25404,1.253965,1.25373,1.254085
2017-10-08 18:03:00,1.25408,1.25408,1.25407,1.254125
2017-10-08 18:04:00,1.25423,1.25422,1.254215,1.254245
2017-10-08 18:05:00,1.254225,1.254245,1.254195,1.254255
2017-10-08 18:06:00,1.253945,1.25422,1.253945,1.25422
2017-10-08 18:07:00,1.253945,1.25422,1.253945,1.25422
2017-10-08 18:08:00,1.253945,1.25422,1.253945,1.25422
2017-10-08 18:09:00,1.253945,1.25422,1.253945,1.25422
2017-10-08 18:10:00,1.253945,1.25422,1.253945,1.25422
2017-10-08 18:11:00,1.253945,1.253915,1.25391,1.25402
2017-10-08 18:12:00,1.253725,1.25383,1.25367,1.25393
2017-10-08 18:13:00,1.25358,1.253715,1.25346,1.25375
2017-10-08 18:14:00,1.25344,1.25343,1.25317,1.253525
2017-10-08 18:15:00,1.25344,1.253285,1.253255,1.25344
2017-10-08 18:16:00,1.25331,1.253305,1.253185,1.25337
2017-10-08 18:17:00,1.25323,1.25328,1.25323,1.25328
2017-10-08 18:18:00,1.25323,1.2532,1.253105,1.25323
2017-10-08 18:19:00,1.25329,1.25314,1.25301,1.25329
2017-10-08 18:20:00,1.253245,1.2532,1.253155,1.25327
2017-10-08 18:21:00,1.253305,1.25324,1.25322,1.253305
2017-10-08 18:22:00,1.253395,1.253305,1.2533,1.25343
2017-10-08 18:23:00,1.25343,1.253395,1.25335,1.25344
2017-10-08 18:24:00,1.25361,1.253525,1.25352,1.25368
2017-10-08 18:25:00,1.253605,1.2536,1.25349,1.25369
2017-10-08 18:26:00,1.25352,1.253605,1.25349,1.25361
2017-10-08 18:27:00,1.25347,1.2535,1.25344,1.253635
2017-10-08 18:28:00,1.253445,1.25344,1.253415,1.253475
2017-10-08 18:29:00,1.253465,1.25343,1.253425,1.253535
2017-10-08 18:30:00,1.25377,1.25347,1.25347,1.253855
2017-10-08 18:31:00,1.253775,1.253675,1.253615,1.25378
2017-10-08 18:32:00,1.25375,1.25377,1.25374,1.25378
2017-10-08 18:33:00,1.25412,1.253765,1.25375,1.25412
2017-10-08 18:34:00,1.254025,1.254035,1.253965,1.254045
2017-10-08 18:35:00,1.25397,1.25402,1.25395,1.254065
2017-10-08 18:36:00,1.25392,1.25397,1.25391,1.253975
2017-10-08 18:37:00,1.25395,1.25393,1.25388,1.25396
2017-10-08 18:38:00,1.25394,1.253945,1.25392,1.253955
2017-10-08 18:39:00,1.254055,1.25395,1.253925,1.254065
2017-10-08 18:40:00,1.25403,1.254065,1.254,1.25424
2017-10-08 18:41:00,1.2541,1.25404,1.254015,1.2541
2017-10-08 18:42:00,1.2541,1.25404,1.254015,1.2541
2017-10-08 18:43:00,1.25398,1.25406,1.25398,1.25406
2017-10-08 18:44:00,1.25407,1.25396,1.25396,1.25411
2017-10-08 18:45:00,1.2542,1.254075,1.254075,1.25421
2017-10-08 18:46:00,1.25413,1.2542,1.254125,1.254315
2017-10-08 18:47:00,1.25419,1.254125,1.25411,1.25419
2017-10-08 18:48:00,1.25409,1.254165,1.25409,1.254165
2017-10-08 18:49:00,1.254035,1.25406,1.254035,1.25406
2017-10-08 18:50:00,1.254025,1.25406,1.253975,1.25406
2017-10-08 18:51:00,1.253945,1.254,1.25394,1.254
2017-10-08 18:52:00,1.254015,1.25401,1.25401,1.254015
2017-10-08 18:53:00,1.253915,1.253995,1.253915,1.254005
2017-10-08 18:54:00,1.25392,1.253925,1.253905,1.25393
2017-10-08 18:55:00,1.25392,1.253925,1.253915,1.253945
2017-10-08 18:56:00,1.25388,1.25392,1.25388,1.253945
2017-10-08 18:57:00,1.254005,1.253905,1.253905,1.25403
2017-10-08 18:58:00,1.253975,1.253975,1.253975,1.253975
2017-10-08 18:59:00,1.254105,1.25405,1.254035,1.25411
2017-10-08 19:00:00,1.25389,1.254095,1.25389,1.25411
2017-10-08 19:01:00,1.254145,1.25389,1.25389,1.25415
2017-10-08 19:02:00,1.254115,1.25415,1.25411,1.254205
2017-10-08 19:03:00,1.2542,1.254105,1.2541,1.25421
2017-10-08 19:04:00,1.25399,1.25415,1.25399,1.25415
2017-10-08 19:05:00,1.25383,1.25397,1.25383,1.25397
2017-10-08 19:06:00,1.25383,1.25397,1.25383,1.25397
2017-10-08 19:07:00,1.254105,1.253915,1.25387,1.25411
2017-10-08 19:08:00,1.253895,1.254095,1.25389,1.254115
2017-10-08 19:09:00,1.25388,1.25391,1.2538,1.253915
2017-10-08 19:10:00,1.253875,1.253905,1.25387,1.25395
2017-10-08 19:11:00,1.253875,1.253875,1.253875,1.253875
2017-10-08 19:12:00,1.253875,1.253865,1.253865,1.253875
2017-10-08 19:13:00,1.25389,1.25389,1.25388,1.253905
2017-10-08 19:14:00,1.25377,1.253865,1.25377,1.25387
2017-10-08 19:15:00,1.25377,1.253775,1.25375,1.253785
2017-10-08 19:16:00,1.25374,1.253775,1.25374,1.25378
2017-10-08 19:17:00,1.253775,1.253745,1.253715,1.253775
2017-10-08 19:18:00,1.25393,1.253855,1.253845,1.25394
2017-10-08 19:19:00,1.253965,1.253935,1.253935,1.253965
2017-10-08 19:20:00,1.25397,1.253965,1.25395,1.253985
2017-10-08 19:21:00,1.25398,1.25397,1.253955,1.254015
2017-10-08 19:22:00,1.253995,1.25399,1.253965,1.25401
2017-10-08 19:23:00,1.25393,1.253995,1.25393,1.254005
2017-10-08 19:24:00,1.25388,1.25388,1.253835,1.253895
2017-10-08 19:25:00,1.25388,1.25389,1.25387,1.25389
2017-10-08 19:26:00,1.25386,1.25387,1.253855,1.25387
2017-10-08 19:27:00,1.253855,1.25386,1.25384,1.253875
2017-10-08 19:28:00,1.253815,1.25385,1.253805,1.25387
2017-10-08 19:29:00,1.2538,1.25381,1.253795,1.25381
2017-10-08 19:30:00,1.25377,1.25384,1.25377,1.25384
2017-10-08 19:31:00,1.25384,1.253845,1.25378,1.25385
2017-10-08 19:32:00,1.25382,1.253835,1.253815,1.25384
2017-10-08 19:33:00,1.25373,1.253805,1.253715,1.253815
2017-10-08 19:34:00,1.25377,1.25372,1.2537,1.25377
2017-10-08 19:35:00,1.253775,1.253765,1.25376,1.25379
2017-10-08 19:36:00,1.25378,1.253775,1.253725,1.253795
2017-10-08 19:37:00,1.253755,1.25378,1.253755,1.25378
2017-10-08 19:38:00,1.253795,1.25376,1.253755,1.253815
2017-10-08 19:39:00,1.25389,1.25379,1.253785,1.2539
2017-10-08 19:40:00,1.253855,1.253895,1.2538,1.2539
2017-10-08 19:41:00,1.25376,1.253855,1.25376,1.25387
2017-10-08 19:42:00,1.253765,1.253735,1.253735,1.253765
2017-10-08 19:43:00,1.25373,1.253765,1.25373,1.253785
2017-10-08 19:44:00,1.25375,1.253735,1.25373,1.253765
2017-10-08 19:45:00,1.253725,1.25374,1.25371,1.2538
2017-10-08 19:46:00,1.253725,1.253725,1.253715,1.253755
2017-10-08 19:47:00,1.25375,1.253735,1.253725,1.253775
2017-10-08 19:48:00,1.253715,1.25374,1.25371,1.25374
2017-10-08 19:49:00,1.25379,1.25372,1.2537,1.25379
2017-10-08 19:50:00,1.253885,1.253855,1.253845,1.253885
2017-10-08 19:51:00,1.25378,1.25388,1.25376,1.25389
2017-10-08 19:52:00,1.253745,1.253775,1.253745,1.253785
2017-10-08 19:53:00,1.253755,1.253755,1.253755,1.253755
2017-10-08 19:54:00,1.25377,1.25377,1.25377,1.25377
2017-10-08 19:55:00,1.25377,1.25377,1.25377,1.25377
2017-10-08 19:56:00,1.253705,1.25371,1.253705,1.25371
2017-10-08 19:57:00,1.25365,1.253645,1.253635,1.25366
2017-10-08 19:58:00,1.25368,1.25366,1.25364,1.25369
2017-10-08 19:59:00,1.25372,1.25369,1.25367,1.25372
2017-10-08 20:00:00,1.25367,1.25367,1.25367,1.25367
2017-10-08 20:01:00,1.2537,1.25367,1.25367,1.25371
2017-10-08 20:02:00,1.253705,1.25369,1.25368,1.253705
2017-10-08 20:03:00,1.25367,1.25372,1.253655,1.253725
2017-10-08 20:04:00,1.25367,1.253655,1.25364,1.253705
2017-10-08 20:05:00,1.25367,1.253655,1.25364,1.253705
2017-10-08 20:06:00,1.253735,1.25365,1.25365,1.253735
2017-10-08 20:07:00,1.25379,1.2538,1.253765,1.25385
2017-10-08 20:08:00,1.253945,1.25385,1.253845,1.253965
2017-10-08 20:09:00,1.253705,1.253955,1.2537,1.25396
2017-10-08 20:10:00,1.253695,1.2537,1.253695,1.253715
2017-10-08 20:11:00,1.25371,1.2537,1.2537,1.25371
2017-10-08 20:12:00,1.253705,1.253705,1.253705,1.253705
2017-10-08 20:13:00,1.253755,1.25376,1.253755,1.253775
2017-10-08 20:14:00,1.253755,1.25375,1.25375,1.253755
2017-10-08 20:15:00,1.253765,1.253755,1.25375,1.253765
2017-10-08 20:16:00,1.253745,1.25375,1.253745,1.253755
2017-10-08 20:17:00,1.253695,1.253715,1.25369,1.25372
2017-10-08 20:18:00,1.2537,1.2537,1.253695,1.25371
2017-10-08 20:19:00,1.25364,1.2537,1.253635,1.253785
2017-10-08 20:20:00,1.253625,1.253655,1.253625,1.253655
2017-10-08 20:21:00,1.253785,1.25363,1.2536,1.253805
2017-10-08 20:22:00,1.253785,1.25379,1.253765,1.253795
2017-10-08 20:23:00,1.25401,1.25379,1.253705,1.25402
2017-10-08 20:24:00,1.253855,1.253995,1.253855,1.253995
2017-10-08 20:25:00,1.253855,1.253855,1.253855,1.253855
2017-10-08 20:26:00,1.254005,1.25385,1.253845,1.254025
2017-10-08 20:27:00,1.25401,1.25402,1.25401,1.25403
2017-10-08 20:28:00,1.253845,1.25402,1.25383,1.25402
2017-10-08 20:29:00,1.253805,1.253835,1.253805,1.253835
2017-10-08 20:30:00,1.25373,1.253745,1.253715,1.253745
2017-10-08 20:31:00,1.253855,1.25373,1.25373,1.25395
2017-10-08 20:32:00,1.253945,1.253865,1.253865,1.254015
2017-10-08 20:33:00,1.25414,1.253935,1.25393,1.25415
2017-10-08 20:34:00,1.25416,1.254145,1.254125,1.25416
2017-10-08 20:35:00,1.254135,1.254165,1.254115,1.2543
2017-10-08 20:36:00,1.254285,1.254175,1.254175,1.2543
2017-10-08 20:37:00,1.25421,1.25429,1.254195,1.25429
2017-10-08 20:38:00,1.254205,1.25421,1.254205,1.25422
2017-10-08 20:39:00,1.254215,1.25421,1.2542,1.25422
2017-10-08 20:40:00,1.25436,1.25422,1.25421,1.2544
2017-10-08 20:41:00,1.254195,1.254365,1.254195,1.25445
2017-10-08 20:42:00,1.254195,1.254365,1.254195,1.25445
2017-10-08 20:43:00,1.254195,1.254365,1.254195,1.25445
2017-10-08 20:44:00,1.254075,1.25417,1.25402,1.25417
2017-10-08 20:45:00,1.254155,1.25408,1.25408,1.254155
2017-10-08 20:46:00,1.25417,1.25416,1.25416,1.25418
2017-10-08 20:47:00,1.254155,1.25418,1.254155,1.25418
2017-10-08 20:48:00,1.254205,1.25415,1.25415,1.25421
2017-10-08 20:49:00,1.254115,1.25418,1.254115,1.25418
2017-10-08 20:50:00,1.25421,1.25411,1.25411,1.254265
2017-10-08 20:51:00,1.254135,1.254205,1.254135,1.254225
2017-10-08 20:52:00,1.25416,1.25413,1.254125,1.25416
2017-10-08 20:53:00,1.25414,1.25414,1.25414,1.25414
2017-10-08 20:54:00,1.2543,1.25419,1.254185,1.25433
2017-10-08 20:55:00,1.254285,1.2543,1.25428,1.254315
2017-10-08 20:56:00,1.254285,1.25427,1.254265,1.254295
2017-10-08 20:57:00,1.254075,1.25428,1.254075,1.25428
2017-10-08 20:58:00,1.25401,1.254015,1.25401,1.254015
2017-10-08 20:59:00,1.254035,1.25402,1.25401,1.254065
2017-10-08 21:00:00,1.25398,1.254045,1.25398,1.254045
2017-10-08 21:01:00,1.253865,1.253935,1.25383,1.25394
2017-10-08 21:02:00,1.25382,1.25384,1.25382,1.25384
2017-10-08 21:03:00,1.25375,1.253795,1.25371,1.25383
2017-10-08 21:04:00,1.25354,1.2537,1.25346,1.2537
2017-10-08 21:05:00,1.253365,1.253545,1.253215,1.253565
2017-10-08 21:06:00,1.25359,1.253375,1.253305,1.25363
2017-10-08 21:07:00,1.253595,1.253595,1.253515,1.253665
2017-10-08 21:08:00,1.253425,1.253595,1.25341,1.2536
2017-10-08 21:09:00,1.253385,1.25343,1.25334,1.253465
2017-10-08 21:10:00,1.253385,1.25343,1.25334,1.253465
2017-10-08 21:11:00,1.25341,1.253355,1.253355,1.253415
2017-10-08 21:12:00,1.25329,1.25339,1.25327,1.253395
2017-10-08 21:13:00,1.253245,1.253285,1.253235,1.25329
2017-10-08 21:14:00,1.253295,1.2533,1.25329,1.253385
2017-10-08 21:15:00,1.253115,1.2533,1.25311,1.25331
2017-10-08 21:16:00,1.25316,1.253085,1.252955,1.253165
2017-10-08 21:17:00,1.253095,1.25316,1.253085,1.253275
2017-10-08 21:18:00,1.253255,1.25311,1.2531,1.253285
2017-10-08 21:19:00,1.25329,1.25323,1.25323,1.253295
2017-10-08 21:20:00,1.25321,1.25329,1.253205,1.2533
2017-10-08 21:21:00,1.25333,1.253225,1.25322,1.25334
2017-10-08 21:22:00,1.25329,1.253325,1.25327,1.253395
2017-10-08 21:23:00,1.25337,1.253285,1.253285,1.25342
2017-10-08 21:24:00,1.25331,1.25337,1.25326,1.253375
2017-10-08 21:25:00,1.253305,1.253315,1.253295,1.253315
2017-10-08 21:26:00,1.25327,1.2533,1.25326,1.253315
2017-10-08 21:27:00,1.25321,1.253275,1.253195,1.253275
2017-10-08 21:28:00,1.25321,1.25322,1.253195,1.25323
2017-10-08 21:29:00,1.25321,1.253215,1.2532,1.253235
2017-10-08 21:30:00,1.253205,1.2532,1.2532,1.25321
2017-10-08 21:31:00,1.25325,1.25326,1.253245,1.25335
2017-10-08 21:32:00,1.253005,1.25326,1.253005,1.253355
2017-10-08 21:33:00,1.25289,1.25301,1.252845,1.25301
2017-10-08 21:34:00,1.25306,1.25292,1.25292,1.253285
2017-10-08 21:35:00,1.2532,1.253055,1.253055,1.25327
2017-10-08 21:36:00,1.25316,1.25314,1.25314,1.25321
2017-10-08 21:37:00,1.25318,1.253145,1.253145,1.253185
2017-10-08 21:38:00,1.25331,1.253195,1.253185,1.253425
2017-10-08 21:39:00,1.253315,1.253315,1.253315,1.253315
2017-10-08 21:40:00,1.2533,1.25331,1.25328,1.25331
2017-10-08 21:41:00,1.25331,1.253295,1.253295,1.253315
2017-10-08 21:42:00,1.253315,1.253315,1.253305,1.253315
2017-10-08 21:43:00,1.25331,1.25331,1.25331,1.25332
2017-10-08 21:44:00,1.2533,1.25332,1.2533,1.25332
2017-10-08 21:45:00,1.253325,1.25329,1.25328,1.25336
2017-10-08 21:46:00,1.253285,1.253325,1.25327,1.253385
2017-10-08 21:47:00,1.25352,1.25329,1.25329,1.25355
2017-10-08 21:48:00,1.25354,1.2535,1.2535,1.253615
2017-10-08 21:49:00,1.253695,1.253545,1.253535,1.2537
2017-10-08 21:50:00,1.2537,1.25368,1.253545,1.25376
2017-10-08 21:51:00,1.2538,1.253715,1.253675,1.25383
2017-10-08 21:52:00,1.253785,1.25381,1.253775,1.25382
2017-10-08 21:53:00,1.253895,1.25379,1.253785,1.254085
2017-10-08 21:54:00,1.25377,1.253875,1.253765,1.253875
2017-10-08 21:55:00,1.25376,1.253755,1.25375,1.25376
2017-10-08 21:56:00,1.253525,1.253765,1.253525,1.25377
2017-10-08 21:57:00,1.25348,1.25351,1.253385,1.25354
2017-10-08 21:58:00,1.253405,1.253465,1.25339,1.25347
2017-10-08 21:59:00,1.25341,1.253415,1.253395,1.25346
2017-10-08 22:00:00,1.25348,1.25341,1.2534,1.253485
2017-10-08 22:01:00,1.253415,1.25346,1.25339,1.253465
2017-10-08 22:02:00,1.25323,1.25341,1.25321,1.25343
2017-10-08 22:03:00,1.25321,1.253215,1.25321,1.253215
2017-10-08 22:04:00,1.25305,1.253205,1.25298,1.253205
2017-10-08 22:05:00,1.25313,1.25307,1.253065,1.253295
2017-10-08 22:06:00,1.253265,1.253135,1.253105,1.253315
2017-10-08 22:07:00,1.25334,1.253305,1.253285,1.253345
2017-10-08 22:08:00,1.25322,1.253355,1.253185,1.253355
2017-10-08 22:09:00,1.253275,1.253275,1.253275,1.253275
2017-10-08 22:10:00,1.25326,1.25328,1.253255,1.25329
2017-10-08 22:11:00,1.25328,1.25328,1.25328,1.25328
2017-10-08 22:12:00,1.25328,1.25328,1.25328,1.25328
2017-10-08 22:13:00,1.25326,1.25329,1.25326,1.253295
2017-10-08 22:14:00,1.253105,1.25322,1.2531,1.25322
2017-10-08 22:15:00,1.2531,1.253055,1.253005,1.2531
2017-10-08 22:16:00,1.253195,1.25315,1.25309,1.253305
2017-10-08 22:17:00,1.253225,1.253195,1.253155,1.253255
2017-10-08 22:18:00,1.253205,1.253175,1.25317,1.253205
2017-10-08 22:19:00,1.25318,1.25318,1.25318,1.25318
2017-10-08 22:20:00,1.25304,1.25316,1.25304,1.25316
2017-10-08 22:21:00,1.25297,1.25309,1.25294,1.25309
2017-10-08 22:22:00,1.253025,1.253025,1.253025,1.253025
2017-10-08 22:23:00,1.252965,1.253025,1.252965,1.253025
2017-10-08 22:24:00,1.252935,1.25291,1.25286,1.253
2017-10-08 22:25:00,1.25283,1.25292,1.25275,1.252935
2017-10-08 22:26:00,1.25303,1.252825,1.25282,1.253145
2017-10-08 22:27:00,1.253195,1.253025,1.25302,1.25325
2017-10-08 22:28:00,1.252805,1.25321,1.2528,1.25321
2017-10-08 22:29:00,1.25286,1.252795,1.252795,1.25286
2017-10-08 22:30:00,1.252695,1.25281,1.252545,1.25281
2017-10-08 22:31:00,1.25282,1.25264,1.25263,1.25282
2017-10-08 22:32:00,1.252785,1.252825,1.252775,1.25287
2017-10-08 22:33:00,1.25265,1.25273,1.25263,1.252735
2017-10-08 22:34:00,1.252795,1.25264,1.252635,1.25281
2017-10-08 22:35:00,1.25285,1.252845,1.25282,1.25293
2017-10-08 22:36:00,1.25286,1.25286,1.25284,1.252865
2017-10-08 22:37:00,1.252725,1.25286,1.252715,1.252865
2017-10-08 22:38:00,1.252905,1.25272,1.252645,1.252935
2017-10-08 22:39:00,1.253015,1.2529,1.2529,1.25304
2017-10-08 22:40:00,1.25298,1.25298,1.25298,1.25298
2017-10-08 22:41:00,1.253055,1.253,1.253,1.253055
2017-10-08 22:42:00,1.25311,1.253,1.252995,1.25311
2017-10-08 22:43:00,1.253125,1.25313,1.25305,1.253205
2017-10-08 22:44:00,1.25334,1.25318,1.25318,1.25334
2017-10-08 22:45:00,1.25338,1.253345,1.25334,1.253405
2017-10-08 22:46:00,1.25335,1.25335,1.25335,1.25335
2017-10-08 22:47:00,1.25328,1.2533,1.253275,1.253315
2017-10-08 22:48:00,1.253335,1.253275,1.25327,1.25336
2017-10-08 22:49:00,1.25335,1.253355,1.253335,1.253365
2017-10-08 22:50:00,1.25328,1.253345,1.25325,1.253345
2017-10-08 22:51:00,1.25345,1.25333,1.25333,1.25347
2017-10-08 22:52:00,1.253305,1.253455,1.2533,1.253455
2017-10-08 22:53:00,1.25322,1.253305,1.253215,1.25337
2017-10-08 22:54:00,1.25319,1.25321,1.25319,1.25323
2017-10-08 22:55:00,1.253215,1.25314,1.25314,1.25323
2017-10-08 22:56:00,1.253215,1.253215,1.25321,1.25322
2017-10-08 22:57:00,1.25324,1.25321,1.25318,1.25324
2017-10-08 22:58:00,1.253245,1.25323,1.253225,1.25325
2017-10-08 22:59:00,1.253335,1.253235,1.253235,1.25334
2017-10-08 23:00:00,1.25321,1.25328,1.253205,1.25328
2017-10-08 23:01:00,1.25314,1.253155,1.253125,1.25317
2017-10-08 23:02:00,1.253175,1.253125,1.253125,1.253185
2017-10-08 23:03:00,1.253265,1.253185,1.253175,1.25329
2017-10-08 23:04:00,1.253265,1.253245,1.253245,1.25328
2017-10-08 23:05:00,1.25327,1.25327,1.253255,1.253275
2017-10-08 23:06:00,1.25333,1.253265,1.253265,1.25337
2017-10-08 23:07:00,1.25324,1.253335,1.253235,1.25334
2017-10-08 23:08:00,1.25326,1.253245,1.253245,1.253265
2017-10-08 23:09:00,1.253125,1.25329,1.253125,1.25329
2017-10-08 23:10:00,1.253125,1.253095,1.253045,1.25313
2017-10-08 23:11:00,1.253095,1.253125,1.253095,1.25314
2017-10-08 23:12:00,1.2531,1.253045,1.253025,1.25311
2017-10-08 23:13:00,1.253095,1.253105,1.25308,1.253115
2017-10-08 23:14:00,1.253175,1.25309,1.25309,1.25318
2017-10-08 23:15:00,1.253095,1.25318,1.25309,1.253265
2017-10-08 23:16:00,1.253055,1.25309,1.25297,1.253095
2017-10-08 23:17:00,1.25309,1.25306,1.25306,1.2531
2017-10-08 23:18:00,1.25332,1.25309,1.25308,1.253355
2017-10-08 23:19:00,1.253305,1.25333,1.2533,1.253395
2017-10-08 23:20:00,1.253565,1.253305,1.2533,1.253685
2017-10-08 23:21:00,1.25356,1.25355,1.253495,1.25358
2017-10-08 23:22:00,1.253375,1.253505,1.25333,1.253515
2017-10-08 23:23:00,1.253385,1.253365,1.253365,1.2534
2017-10-08 23:24:00,1.253555,1.253425,1.253425,1.25357
2017-10-08 23:25:00,1.25356,1.25356,1.25356,1.25356
2017-10-08 23:26:00,1.253585,1.253585,1.253585,1.253585
2017-10-08 23:27:00,1.253585,1.253585,1.253585,1.253585
2017-10-08 23:28:00,1.253585,1.253585,1.253585,1.253585
2017-10-08 23:29:00,1.253585,1.253585,1.253585,1.253585
2017-10-08 23:30:00,1.253585,1.253585,1.253585,1.253585
2017-10-08 23:31:00,1.25368,1.25361,1.25361,1.25368
2017-10-08 23:32:00,1.253595,1.25363,1.253555,1.25363
2017-10-08 23:33:00,1.25354,1.25357,1.25354,1.25357
2017-10-08 23:34:00,1.25354,1.25357,1.25354,1.25357
2017-10-08 23:35:00,1.2535,1.25352,1.253475,1.253525
2017-10-08 23:36:00,1.25349,1.253475,1.25342,1.253495
2017-10-08 23:37:00,1.253495,1.253435,1.253425,1.25352
2017-10-08 23:38:00,1.253625,1.25351,1.253505,1.253655
2017-10-08 23:39:00,1.25374,1.25364,1.25364,1.253745
2017-10-08 23:40:00,1.253775,1.25373,1.253725,1.25383
2017-10-08 23:41:00,1.253655,1.253725,1.253655,1.25373
2017-10-08 23:42:00,1.253745,1.25365,1.25365,1.2538
2017-10-08 23:43:00,1.253785,1.25374,1.25374,1.253785
2017-10-08 23:44:00,1.253745,1.253765,1.253745,1.253765
2017-10-08 23:45:00,1.25365,1.253715,1.25365,1.253715
2017-10-08 23:46:00,1.25365,1.253715,1.25365,1.253715
2017-10-08 23:47:00,1.253595,1.253595,1.253595,1.253595
2017-10-08 23:48:00,1.25362,1.25362,1.25362,1.25362
2017-10-08 23:49:00,1.25362,1.25362,1.25362,1.25362
2017-10-08 23:50:00,1.25362,1.25362,1.25362,1.25362
2017-10-08 23:51:00,1.253625,1.253615,1.253615,1.253625
2017-10-08 23:52:00,1.25357,1.25362,1.25357,1.25362
2017-10-08 23:53:00,1.253605,1.253565,1.253565,1.253605
2017-10-08 23:54:00,1.25359,1.253595,1.253585,1.2536
2017-10-08 23:55:00,1.25359,1.253595,1.253585,1.2536
2017-10-08 23:56:00,1.25362,1.253585,1.25358,1.25363
2017-10-08 23:57:00,1.253705,1.253605,1.253605,1.253715
2017-10-08 23:58:00,1.253705,1.253605,1.253605,1.253715
2017-10-08 23:59:00,1.253705,1.253605,1.253605,1.253715
2017-10-09 00:00:00,1.253705,1.253605,1.253605,1.253715
2017-10-09 00:01:00,1.25373,1.25373,1.25373,1.25373
2017-10-09 00:02:00,1.25376,1.25371,1.25371,1.25376
2017-10-09 00:03:00,1.253695,1.253735,1.25368,1.253735
2017-10-09 00:04:00,1.253675,1.2537,1.253675,1.253705
2017-10-09 00:05:00,1.253555,1.253615,1.253555,1.253615
2017-10-09 00:06:00,1.253475,1.25356,1.253475,1.253565
2017-10-09 00:07:00,1.253305,1.253465,1.253295,1.253475
2017-10-09 00:08:00,1.253455,1.253305,1.2533,1.253465
2017-10-09 00:09:00,1.253535,1.253445,1.253445,1.253545
2017-10-09 00:10:00,1.25351,1.25354,1.253505,1.25354
2017-10-09 00:11:00,1.25351,1.25354,1.253505,1.25354
2017-10-09 00:12:00,1.253535,1.253505,1.253505,1.253535
2017-10-09 00:13:00,1.25362,1.25358,1.25358,1.25362
2017-10-09 00:14:00,1.253715,1.253675,1.253675,1.253735
2017-10-09 00:15:00,1.253615,1.25371,1.253605,1.25371
2017-10-09 00:16:00,1.253545,1.253635,1.253525,1.25365
2017-10-09 00:17:00,1.25355,1.253545,1.25353,1.253555
2017-10-09 00:18:00,1.253525,1.253575,1.253525,1.25358
2017-10-09 00:19:00,1.253525,1.253575,1.253525,1.25358
2017-10-09 00:20:00,1.2536,1.25353,1.253525,1.2536
2017-10-09 00:21:00,1.253515,1.253605,1.253515,1.253605
2017-10-09 00:22:00,1.2534,1.25346,1.253395,1.25346
2017-10-09 00:23:00,1.2534,1.2534,1.25339,1.253405
2017-10-09 00:24:00,1.253385,1.253395,1.253385,1.2534
2017-10-09 00:25:00,1.253385,1.253395,1.253385,1.2534
2017-10-09 00:26:00,1.253395,1.25338,1.25338,1.253395
2017-10-09 00:27:00,1.253345,1.25334,1.25332,1.25337
2017-10-09 00:28:00,1.253345,1.25334,1.25332,1.25337
2017-10-09 00:29:00,1.253345,1.25334,1.25332,1.25337
2017-10-09 00:30:00,1.253365,1.253365,1.253365,1.253365
2017-10-09 00:31:00,1.253295,1.253345,1.253295,1.253345
2017-10-09 00:32:00,1.253295,1.253345,1.253295,1.253345
2017-10-09 00:33:00,1.253295,1.253345,1.253295,1.253345
2017-10-09 00:34:00,1.25331,1.253325,1.25331,1.25335
2017-10-09 00:35:00,1.2533,1.2533,1.253295,1.25332
2017-10-09 00:36:00,1.25331,1.253315,1.25331,1.253315
2017-10-09 00:37:00,1.253405,1.253315,1.253305,1.253415
2017-10-09 00:38:00,1.25349,1.25341,1.25341,1.253495
2017-10-09 00:39:00,1.2535,1.253495,1.253485,1.25351
2017-10-09 00:40:00,1.253565,1.2535,1.2535,1.253565
2017-10-09 00:41:00,1.25349,1.25356,1.25349,1.253565
2017-10-09 00:42:00,1.2535,1.25348,1.25348,1.253505
2017-10-09 00:43:00,1.25355,1.253495,1.25349,1.253555
2017-10-09 00:44:00,1.25364,1.25356,1.253555,1.25372
2017-10-09 00:45:00,1.253635,1.25363,1.253625,1.25364
2017-10-09 00:46:00,1.25373,1.253635,1.25363,1.25373
2017-10-09 00:47:00,1.253745,1.25371,1.253685,1.253745
2017-10-09 00:48:00,1.253705,1.25372,1.2537,1.253725
2017-10-09 00:49:00,1.25371,1.253705,1.2537,1.253715
2017-10-09 00:50:00,1.25371,1.253705,1.2537,1.253715
2017-10-09 00:51:00,1.2537,1.253705,1.253695,1.253705
2017-10-09 00:52:00,1.253705,1.253705,1.253705,1.253705
2017-10-09 00:53:00,1.2538,1.2537,1.2537,1.25386
2017-10-09 00:54:00,1.254045,1.25385,1.253845,1.254075
2017-10-09 00:55:00,1.25409,1.253995,1.25397,1.2541
2017-10-09 00:56:00,1.25408,1.254095,1.254005,1.2541
2017-10-09 00:57:00,1.25408,1.25407,1.254065,1.254095
2017-10-09 00:58:00,1.254115,1.254135,1.254095,1.254175
2017-10-09 00:59:00,1.25411,1.254105,1.2541,1.25412
2017-10-09 01:00:00,1.254045,1.25416,1.25404,1.25418
2017-10-09 01:01:00,1.25407,1.25407,1.25407,1.25407
2017-10-09 01:02:00,1.25407,1.25407,1.25407,1.25407
2017-10-09 01:03:00,1.253995,1.254045,1.253995,1.254045
2017-10-09 01:04:00,1.25385,1.25397,1.25385,1.25397
2017-10-09 01:05:00,1.25385,1.25397,1.25385,1.25397
2017-10-09 01:06:00,1.25396,1.253905,1.253905,1.25399
2017-10-09 01:07:00,1.25391,1.25391,1.25391,1.25391
2017-10-09 01:08:00,1.253885,1.253855,1.253835,1.253885
2017-10-09 01:09:00,1.2539,1.25386,1.25386,1.253935
2017-10-09 01:10:00,1.253915,1.253905,1.253895,1.253925
2017-10-09 01:11:00,1.25378,1.25391,1.25378,1.253915
2017-10-09 01:12:00,1.25367,1.253725,1.25367,1.253725
2017-10-09 01:13:00,1.253865,1.2537,1.2537,1.253885
2017-10-09 01:14:00,1.25387,1.25387,1.253855,1.25388
2017-10-09 01:15:00,1.253905,1.253865,1.253865,1.25392
2017-10-09 01:16:00,1.253905,1.253865,1.253865,1.25392
2017-10-09 01:17:00,1.253905,1.253865,1.253865,1.25392
2017-10-09 01:18:00,1.25389,1.2539,1.253885,1.2539
2017-10-09 01:19:00,1.253945,1.25389,1.25389,1.25396
2017-10-09 01:20:00,1.253945,1.25389,1.25389,1.25396
2017-10-09 01:21:00,1.253825,1.253925,1.253825,1.25393
2017-10-09 01:22:00,1.2541,1.25388,1.25388,1.25414
2017-10-09 01:23:00,1.254095,1.254105,1.25407,1.254145
2017-10-09 01:24:00,1.253975,1.25405,1.253955,1.25405
2017-10-09 01:25:00,1.25399,1.25397,1.253955,1.253995
2017-10-09 01:26:00,1.25368,1.253935,1.25368,1.253935
2017-10-09 01:27:00,1.253645,1.25363,1.25363,1.253655
2017-10-09 01:28:00,1.253635,1.253645,1.253625,1.25365
2017-10-09 01:29:00,1.253635,1.253635,1.253625,1.253645
2017-10-09 01:30:00,1.25376,1.25363,1.253625,1.253775
2017-10-09 01:31:00,1.25376,1.25377,1.25375,1.25378
2017-10-09 01:32:00,1.253755,1.25377,1.253755,1.25378
2017-10-09 01:33:00,1.25377,1.253705,1.253665,1.253805
2017-10-09 01:34:00,1.25367,1.253765,1.25367,1.25377
2017-10-09 01:35:00,1.253685,1.25362,1.2536,1.253695
2017-10-09 01:36:00,1.2537,1.2537,1.25367,1.253705
2017-10-09 01:37:00,1.253655,1.253645,1.25364,1.25366
2017-10-09 01:38:00,1.253655,1.253645,1.25364,1.25366
2017-10-09 01:39:00,1.253655,1.253645,1.25364,1.25366
2017-10-09 01:40:00,1.253655,1.253645,1.25364,1.25366
2017-10-09 01:41:00,1.253655,1.253645,1.25364,1.25366
2017-10-09 01:42:00,1.253535,1.2536,1.253535,1.253605
2017-10-09 01:43:00,1.25357,1.253535,1.253525,1.25357
2017-10-09 01:44:00,1.25362,1.25362,1.253595,1.25365
2017-10-09 01:45:00,1.25355,1.253615,1.2535,1.253625
2017-10-09 01:46:00,1.25367,1.253605,1.2536,1.25367
2017-10-09 01:47:00,1.253575,1.253725,1.25357,1.25373
2017-10-09 01:48:00,1.253525,1.253585,1.25346,1.2536
2017-10-09 01:49:00,1.25344,1.253515,1.25344,1.253515
2017-10-09 01:50:00,1.25351,1.253445,1.253445,1.253545
2017-10-09 01:51:00,1.253505,1.25351,1.2535,1.253515
2017-10-09 01:52:00,1.25367,1.25356,1.25356,1.25372
2017-10-09 01:53:00,1.25367,1.25356,1.25356,1.25372
2017-10-09 01:54:00,1.253585,1.253675,1.253565,1.253675
2017-10-09 01:55:00,1.25362,1.25364,1.25362,1.25364
2017-10-09 01:56:00,1.253715,1.253625,1.25362,1.25378
2017-10-09 01:57:00,1.253655,1.25371,1.253655,1.25371
2017-10-09 01:58:00,1.25355,1.25364,1.25351,1.25366
2017-10-09 01:59:00,1.253505,1.253545,1.2535,1.253545
2017-10-09 02:00:00,1.253325,1.25345,1.253315,1.253455
2017-10-09 02:01:00,1.25349,1.25335,1.25335,1.25356
2017-10-09 02:02:00,1.25332,1.253435,1.253315,1.253435
2017-10-09 02:03:00,1.25337,1.25333,1.25333,1.253465
2017-10-09 02:04:00,1.25318,1.253345,1.25309,1.253345
2017-10-09 02:05:00,1.253045,1.253175,1.253025,1.253175
2017-10-09 02:06:00,1.253345,1.253105,1.2531,1.25335
2017-10-09 02:07:00,1.25337,1.25334,1.253315,1.25339
2017-10-09 02:08:00,1.25333,1.253375,1.253295,1.253375
2017-10-09 02:09:00,1.25337,1.253385,1.25337,1.25349
2017-10-09 02:10:00,1.25366,1.253375,1.25337,1.25366
2017-10-09 02:11:00,1.253745,1.253655,1.253645,1.253825
2017-10-09 02:12:00,1.25376,1.253765,1.253755,1.2539
2017-10-09 02:13:00,1.253875,1.25376,1.253745,1.253905
2017-10-09 02:14:00,1.253935,1.253925,1.253915,1.253935
2017-10-09 02:15:00,1.25371,1.25391,1.253705,1.25391
2017-10-09 02:16:00,1.25374,1.25374,1.25374,1.25374
2017-10-09 02:17:00,1.253775,1.253795,1.25377,1.253825
2017-10-09 02:18:00,1.25392,1.25378,1.253775,1.253925
2017-10-09 02:19:00,1.25394,1.25392,1.253915,1.254015
2017-10-09 02:20:00,1.253985,1.25395,1.25391,1.254
2017-10-09 02:21:00,1.2539,1.254005,1.253895,1.254005
2017-10-09 02:22:00,1.253825,1.25391,1.25382,1.253945
2017-10-09 02:23:00,1.253895,1.25383,1.25378,1.25397
2017-10-09 02:24:00,1.253915,1.25389,1.253815,1.253925
2017-10-09 02:25:00,1.253825,1.25391,1.25381,1.253915
2017-10-09 02:26:00,1.253675,1.25382,1.25367,1.253835
2017-10-09 02:27:00,1.253875,1.253735,1.253735,1.253875
2017-10-09 02:28:00,1.253795,1.253875,1.253795,1.253875
2017-10-09 02:29:00,1.25374,1.25374,1.253615,1.253765
2017-10-09 02:30:00,1.253635,1.25375,1.253565,1.25375
2017-10-09 02:31:00,1.25354,1.253585,1.25354,1.253685
2017-10-09 02:32:00,1.253795,1.25349,1.253485,1.253795
2017-10-09 02:33:00,1.253795,1.25349,1.253485,1.253795
2017-10-09 02:34:00,1.253795,1.25382,1.253735,1.253895
2017-10-09 02:35:00,1.25379,1.25379,1.25376,1.25379
2017-10-09 02:36:00,1.253725,1.25378,1.25372,1.25396
2017-10-09 02:37:00,1.25381,1.253755,1.25375,1.25393
2017-10-09 02:38:00,1.253685,1.25376,1.253685,1.2538
2017-10-09 02:39:00,1.253815,1.253735,1.253735,1.25387
2017-10-09 02:40:00,1.25377,1.253815,1.253765,1.253815
2017-10-09 02:41:00,1.253695,1.253775,1.253685,1.253855
2017-10-09 02:42:00,1.25371,1.253715,1.25369,1.253715
2017-10-09 02:43:00,1.25393,1.253765,1.253765,1.25398
2017-10-09 02:44:00,1.25393,1.25392,1.253915,1.25394
2017-10-09 02:45:00,1.25394,1.253935,1.253935,1.25394
2017-10-09 02:46:00,1.253935,1.253935,1.25392,1.25395
2017-10-09 02:47:00,1.25381,1.253935,1.253805,1.25394
2017-10-09 02:48:00,1.254095,1.253805,1.2538,1.2541
2017-10-09 02:49:00,1.25425,1.254095,1.25406,1.25428
2017-10-09 02:50:00,1.25426,1.254255,1.25421,1.25429
2017-10-09 02:51:00,1.2544,1.254255,1.254245,1.25452
2017-10-09 02:52:00,1.25407,1.25441,1.25398,1.25441
2017-10-09 02:53:00,1.253865,1.254065,1.253845,1.254085
2017-10-09 02:54:00,1.25395,1.25392,1.25379,1.253995
2017-10-09 02:55:00,1.25408,1.254,1.25395,1.254095
2017-10-09 02:56:00,1.254025,1.254075,1.25402,1.254095
2017-10-09 02:57:00,1.25412,1.25402,1.25402,1.25416
2017-10-09 02:58:00,1.254365,1.25412,1.254115,1.25441
2017-10-09 02:59:00,1.254455,1.254365,1.254335,1.254595
2017-10-09 03:00:00,1.25467,1.25447,1.254455,1.25467
2017-10-09 03:01:00,1.25463,1.25467,1.25451,1.25468
2017-10-09 03:02:00,1.254395,1.25463,1.254375,1.254725
2017-10-09 03:03:00,1.254485,1.254455,1.254425,1.25454
2017-10-09 03:04:00,1.254575,1.254535,1.25449,1.254575
2017-10-09 03:05:00,1.25435,1.25457,1.254345,1.25463
2017-10-09 03:06:00,1.25433,1.25436,1.25427,1.254375
2017-10-09 03:07:00,1.25451,1.254335,1.254335,1.25459
2017-10-09 03:08:00,1.254185,1.25445,1.2541,1.25447
2017-10-09 03:09:00,1.25426,1.25419,1.25411,1.254315
2017-10-09 03:10:00,1.254475,1.25428,1.25428,1.254475
2017-10-09 03:11:00,1.254525,1.25448,1.254465,1.25455
2017-10-09 03:12:00,1.25456,1.254535,1.254435,1.254585
2017-10-09 03:13:00,1.254495,1.254575,1.25445,1.25464
2017-10-09 03:14:00,1.254475,1.2545,1.25441,1.25458
2017-10-09 03:15:00,1.2545,1.25447,1.25439,1.254515
2017-10-09 03:16:00,1.254265,1.254495,1.254265,1.254635
2017-10-09 03:17:00,1.25425,1.25421,1.254205,1.25431
2017-10-09 03:18:00,1.254375,1.254245,1.254245,1.254405
2017-10-09 03:19:00,1.254285,1.254355,1.254285,1.254395
2017-10-09 03:20:00,1.254495,1.25433,1.25433,1.25452
2017-10-09 03:21:00,1.254555,1.25449,1.254475,1.254685
2017-10-09 03:22:00,1.254565,1.254555,1.25455,1.25463
2017-10-09 03:23:00,1.25457,1.254555,1.254485,1.25462
2017-10-09 03:24:00,1.254425,1.254575,1.254425,1.25458
2017-10-09 03:25:00,1.25425,1.25444,1.254235,1.25444
2017-10-09 03:26:00,1.254375,1.2543,1.254215,1.254375
2017-10-09 03:27:00,1.25432,1.254425,1.25432,1.25449
2017-10-09 03:28:00,1.25416,1.254325,1.25414,1.254325
2017-10-09 03:29:00,1.254225,1.25422,1.254165,1.25425
2017-10-09 03:30:00,1.25432,1.25424,1.25419,1.25432
2017-10-09 03:31:00,1.25432,1.254325,1.254285,1.254405
2017-10-09 03:32:00,1.25418,1.254315,1.254145,1.25433
2017-10-09 03:33:00,1.25417,1.254155,1.254155,1.25425
2017-10-09 03:34:00,1.25434,1.254175,1.25417,1.25434
2017-10-09 03:35:00,1.25443,1.254335,1.254335,1.254485
2017-10-09 03:36:00,1.254435,1.254435,1.254435,1.254435
2017-10-09 03:37:00,1.254495,1.254455,1.254445,1.25452
2017-10-09 03:38:00,1.254635,1.25451,1.25451,1.254665
2017-10-09 03:39:00,1.2546,1.25458,1.254575,1.2546
2017-10-09 03:40:00,1.25457,1.254545,1.25454,1.254575
2017-10-09 03:41:00,1.254525,1.254515,1.25451,1.25458
2017-10-09 03:42:00,1.25436,1.25447,1.25436,1.25447
2017-10-09 03:43:00,1.254315,1.254365,1.2543,1.254365
2017-10-09 03:44:00,1.254455,1.25432,1.254315,1.254455
2017-10-09 03:45:00,1.25443,1.254405,1.2544,1.254485
2017-10-09 03:46:00,1.25431,1.254425,1.254295,1.254435
2017-10-09 03:47:00,1.25427,1.254315,1.25426,1.254325
2017-10-09 03:48:00,1.254205,1.254265,1.254205,1.25427
2017-10-09 03:49:00,1.254195,1.2542,1.25417,1.254205
2017-10-09 03:50:00,1.254245,1.254195,1.254115,1.254245
2017-10-09 03:51:00,1.25417,1.254255,1.254165,1.25426
2017-10-09 03:52:00,1.25417,1.254175,1.25416,1.254205
2017-10-09 03:53:00,1.254275,1.25417,1.25417,1.254275
2017-10-09 03:54:00,1.25433,1.25433,1.254325,1.254335
2017-10-09 03:55:00,1.254305,1.25435,1.254215,1.254355
2017-10-09 03:56:00,1.25436,1.2543,1.254285,1.25436
2017-10-09 03:57:00,1.254325,1.25437,1.254325,1.25438
2017-10-09 03:58:00,1.25433,1.25433,1.254295,1.254355
2017-10-09 03:59:00,1.25432,1.254305,1.25427,1.25433
2017-10-09 04:00:00,1.25432,1.254305,1.25427,1.25433
2017-10-09 04:01:00,1.25431,1.254375,1.254265,1.254375
2017-10-09 04:02:00,1.25421,1.25425,1.254195,1.25426
2017-10-09 04:03:00,1.25431,1.254215,1.254205,1.254315
2017-10-09 04:04:00,1.25424,1.25426,1.254205,1.254305
2017-10-09 04:05:00,1.25417,1.25425,1.25417,1.25426
2017-10-09 04:06:00,1.254125,1.254125,1.254125,1.254125
2017-10-09 04:07:00,1.254025,1.25413,1.254025,1.25423
2017-10-09 04:08:00,1.25413,1.254045,1.25402,1.25413
2017-10-09 04:09:00,1.25429,1.25418,1.25418,1.25429
2017-10-09 04:10:00,1.254315,1.254295,1.25419,1.25433
2017-10-09 04:11:00,1.25432,1.25431,1.25426,1.25433
2017-10-09 04:12:00,1.254305,1.25432,1.2543,1.254335
2017-10-09 04:13:00,1.254455,1.254355,1.25435,1.254475
2017-10-09 04:14:00,1.254325,1.254465,1.254325,1.254465
2017-10-09 04:15:00,1.25416,1.25433,1.254155,1.25434
2017-10-09 04:16:00,1.254265,1.254155,1.254155,1.254265
2017-10-09 04:17:00,1.25432,1.254325,1.25432,1.254405
2017-10-09 04:18:00,1.25422,1.254315,1.25422,1.25432
2017-10-09 04:19:00,1.254215,1.254215,1.25418,1.254245
2017-10-09 04:20:00,1.25445,1.25421,1.254205,1.254455
2017-10-09 04:21:00,1.25425,1.254505,1.254155,1.254545
2017-10-09 04:22:00,1.25426,1.2543,1.254155,1.254305
2017-10-09 04:23:00,1.254305,1.254255,1.254205,1.254305
2017-10-09 04:24:00,1.254325,1.2543,1.254215,1.254325
2017-10-09 04:25:00,1.254275,1.25432,1.254255,1.254325
2017-10-09 04:26:00,1.25423,1.25427,1.254215,1.25427
2017-10-09 04:27:00,1.25402,1.25423,1.253995,1.254235
2017-10-09 04:28:00,1.25399,1.254015,1.25398,1.254015
2017-10-09 04:29:00,1.253855,1.25398,1.25385,1.253985
2017-10-09 04:30:00,1.253915,1.25391,1.2539,1.253975
2017-10-09 04:31:00,1.25406,1.253905,1.253905,1.25406
2017-10-09 04:32:00,1.254005,1.254055,1.254005,1.254245
2017-10-09 04:33:00,1.25407,1.25406,1.254,1.254085
2017-10-09 04:34:00,1.25404,1.25407,1.25404,1.254215
2017-10-09 04:35:00,1.253925,1.254045,1.25392,1.25408
2017-10-09 04:36:00,1.253905,1.25388,1.253865,1.25393
2017-10-09 04:37:00,1.253715,1.253855,1.25363,1.25386
2017-10-09 04:38:00,1.25368,1.25372,1.253675,1.253785
2017-10-09 04:39:00,1.253665,1.253685,1.253665,1.253715
2017-10-09 04:40:00,1.253415,1.25362,1.253415,1.25362
2017-10-09 04:41:00,1.25348,1.25339,1.25339,1.25348
2017-10-09 04:42:00,1.253525,1.253505,1.25341,1.253525
2017-10-09 04:43:00,1.25357,1.25352,1.2535,1.253685
2017-10-09 04:44:00,1.253625,1.253515,1.253515,1.25364
2017-10-09 04:45:00,1.25351,1.25357,1.25337,1.253595
2017-10-09 04:46:00,1.253605,1.253565,1.253445,1.253605
2017-10-09 04:47:00,1.25366,1.253655,1.253655,1.253695
2017-10-09 04:48:00,1.25381,1.25371,1.25371,1.25382
2017-10-09 04:49:00,1.25378,1.253815,1.253775,1.25384
2017-10-09 04:50:00,1.253835,1.25378,1.25378,1.253835
2017-10-09 04:51:00,1.253625,1.253845,1.2536,1.25388
2017-10-09 04:52:00,1.253655,1.25363,1.25363,1.25366
2017-10-09 04:53:00,1.253715,1.25366,1.253655,1.253715
2017-10-09 04:54:00,1.253695,1.25371,1.25366,1.25371
2017-10-09 04:55:00,1.253705,1.253685,1.25368,1.253705
2017-10-09 04:56:00,1.253785,1.253655,1.253655,1.253835
2017-10-09 04:57:00,1.253765,1.253795,1.25374,1.253795
2017-10-09 04:58:00,1.25381,1.253775,1.25377,1.253815
2017-10-09 04:59:00,1.253905,1.2538,1.2538,1.253905
2017-10-09 05:00:00,1.253935,1.253885,1.253885,1.253945
2017-10-09 05:01:00,1.25418,1.25394,1.25391,1.25418
2017-10-09 05:02:00,1.25401,1.254155,1.254,1.254165
2017-10-09 05:03:00,1.254175,1.254025,1.254015,1.254285
2017-10-09 05:04:00,1.254355,1.25412,1.254115,1.254355
2017-10-09 05:05:00,1.254355,1.254295,1.25427,1.25436
2017-10-09 05:06:00,1.25431,1.2543,1.254275,1.2544
2017-10-09 05:07:00,1.254295,1.25433,1.254255,1.25433
2017-10-09 05:08:00,1.254185,1.254285,1.25413,1.254285
2017-10-09 05:09:00,1.254205,1.254135,1.25413,1.254205
2017-10-09 05:10:00,1.25408,1.2542,1.25407,1.2542
2017-10-09 05:11:00,1.25413,1.25414,1.254125,1.2542
2017-10-09 05:12:00,1.2541,1.254135,1.254025,1.254135
2017-10-09 05:13:00,1.25434,1.254125,1.254105,1.25434
2017-10-09 05:14:00,1.25443,1.254335,1.254335,1.25443
2017-10-09 05:15:00,1.2543,1.25448,1.254295,1.25449
2017-10-09 05:16:00,1.25429,1.25433,1.254275,1.25434
2017-10-09 05:17:00,1.25436,1.25429,1.25429,1.254365
2017-10-09 05:18:00,1.254325,1.254355,1.254325,1.254425
2017-10-09 05:19:00,1.25427,1.254305,1.254235,1.254305
2017-10-09 05:20:00,1.254305,1.25426,1.254215,1.254335
2017-10-09 05:21:00,1.25407,1.2543,1.25406,1.254305
2017-10-09 05:22:00,1.25381,1.254075,1.253785,1.25409
2017-10-09 05:23:00,1.254005,1.253865,1.253865,1.25401
2017-10-09 05:24:00,1.25392,1.253975,1.253915,1.25398
2017-10-09 05:25:00,1.253915,1.25392,1.25391,1.25394
2017-10-09 05:26:00,1.25394,1.253915,1.25391,1.253965
2017-10-09 05:27:00,1.253915,1.253945,1.253915,1.253955
2017-10-09 05:28:00,1.253795,1.253865,1.253795,1.253865
2017-10-09 05:29:00,1.253785,1.25379,1.25378,1.253835
2017-10-09 05:30:00,1.25369,1.253815,1.25365,1.253815
2017-10-09 05:31:00,1.253705,1.25372,1.25356,1.25372
2017-10-09 05:32:00,1.25376,1.25371,1.25371,1.25376
2017-10-09 05:33:00,1.253865,1.253815,1.253815,1.2539
2017-10-09 05:34:00,1.253875,1.253855,1.253825,1.253875
2017-10-09 05:35:00,1.25382,1.25392,1.253815,1.253995
2017-10-09 05:36:00,1.253705,1.25381,1.253695,1.25381
2017-10-09 05:37:00,1.253695,1.25376,1.253675,1.25376
2017-10-09 05:38:00,1.25374,1.253745,1.253695,1.25375
2017-10-09 05:39:00,1.25368,1.2537,1.253645,1.253705
2017-10-09 05:40:00,1.253655,1.253625,1.253625,1.253815
2017-10-09 05:41:00,1.25375,1.25365,1.25364,1.25376
2017-10-09 05:42:00,1.25377,1.25377,1.25376,1.25378
2017-10-09 05:43:00,1.25382,1.253795,1.25372,1.253825
2017-10-09 05:44:00,1.253925,1.253825,1.25378,1.25394
2017-10-09 05:45:00,1.25382,1.25393,1.253765,1.253935
2017-10-09 05:46:00,1.253735,1.253805,1.253665,1.253805
2017-10-09 05:47:00,1.253715,1.253735,1.253705,1.253735
2017-10-09 05:48:00,1.25375,1.25374,1.25373,1.253785
2017-10-09 05:49:00,1.253845,1.2538,1.25377,1.25385
2017-10-09 05:50:00,1.25365,1.25384,1.253645,1.25385
2017-10-09 05:51:00,1.253605,1.253655,1.253595,1.253675
2017-10-09 05:52:00,1.2535,1.25361,1.25349,1.25361
2017-10-09 05:53:00,1.2535,1.25344,1.253435,1.25357
2017-10-09 05:54:00,1.25337,1.253445,1.25337,1.25345
2017-10-09 05:55:00,1.253575,1.253425,1.25342,1.25363
2017-10-09 05:56:00,1.253335,1.25358,1.253335,1.253585
2017-10-09 05:57:00,1.253275,1.25333,1.253205,1.25343
2017-10-09 05:58:00,1.253305,1.25326,1.253235,1.25335
2017-10-09 05:59:00,1.253465,1.253315,1.253315,1.253535
2017-10-09 06:00:00,1.253655,1.25347,1.253385,1.25366
2017-10-09 06:01:00,1.25353,1.25366,1.253525,1.25366
2017-10-09 06:02:00,1.25355,1.25353,1.25353,1.253565
2017-10-09 06:03:00,1.25337,1.25354,1.253335,1.253575
2017-10-09 06:04:00,1.25344,1.25331,1.25331,1.253475
2017-10-09 06:05:00,1.253445,1.25344,1.253415,1.253485
2017-10-09 06:06:00,1.2536,1.25347,1.25347,1.25365
2017-10-09 06:07:00,1.253455,1.253605,1.25343,1.253605
2017-10-09 06:08:00,1.253645,1.25348,1.25348,1.253655
2017-10-09 06:09:00,1.25343,1.253645,1.25343,1.25365
2017-10-09 06:10:00,1.253505,1.253405,1.253405,1.25351
2017-10-09 06:11:00,1.253615,1.25355,1.25355,1.253625
2017-10-09 06:12:00,1.253645,1.253665,1.253645,1.253785
2017-10-09 06:13:00,1.253675,1.253655,1.2536,1.253675
2017-10-09 06:14:00,1.253875,1.25372,1.25372,1.253875
2017-10-09 06:15:00,1.25403,1.253925,1.253925,1.254055
2017-10-09 06:16:00,1.254035,1.25403,1.25396,1.25406
2017-10-09 06:17:00,1.25414,1.25403,1.254,1.25414
2017-10-09 06:18:00,1.254145,1.25408,1.25403,1.25428
2017-10-09 06:19:00,1.25433,1.25417,1.25415,1.25435
2017-10-09 06:20:00,1.254275,1.254385,1.254265,1.25439
2017-10-09 06:21:00,1.254355,1.254215,1.2542,1.2544
2017-10-09 06:22:00,1.254315,1.25436,1.25429,1.25436
2017-10-09 06:23:00,1.254235,1.25429,1.254205,1.25429
2017-10-09 06:24:00,1.25421,1.25419,1.254135,1.254225
2017-10-09 06:25:00,1.25415,1.25423,1.25413,1.25423
2017-10-09 06:26:00,1.254165,1.254155,1.25406,1.2542
2017-10-09 06:27:00,1.254155,1.254165,1.254155,1.25428
2017-10-09 06:28:00,1.2541,1.25416,1.254095,1.254165
2017-10-09 06:29:00,1.254025,1.25409,1.254025,1.25409
2017-10-09 06:30:00,1.253985,1.254065,1.25397,1.254075
2017-10-09 06:31:00,1.25404,1.25398,1.253965,1.254095
2017-10-09 06:32:00,1.254295,1.25409,1.25409,1.254445
2017-10-09 06:33:00,1.25439,1.2543,1.2543,1.254435
2017-10-09 06:34:00,1.254265,1.254365,1.25418,1.254365
2017-10-09 06:35:00,1.254335,1.254325,1.254325,1.254435
2017-10-09 06:36:00,1.254335,1.254325,1.254325,1.254435
2017-10-09 06:37:00,1.254265,1.25434,1.25426,1.254345
2017-10-09 06:38:00,1.254135,1.25424,1.254135,1.25424
2017-10-09 06:39:00,1.254095,1.254135,1.254075,1.254145
2017-10-09 06:40:00,1.25418,1.25407,1.25407,1.254195
2017-10-09 06:41:00,1.2542,1.254155,1.25408,1.2542
2017-10-09 06:42:00,1.25411,1.25425,1.254105,1.25426
2017-10-09 06:43:00,1.25415,1.25411,1.254085,1.25415
2017-10-09 06:44:00,1.254175,1.254205,1.254175,1.25421
2017-10-09 06:45:00,1.254095,1.25422,1.254085,1.25428
2017-10-09 06:46:00,1.25406,1.25408,1.254,1.25409
2017-10-09 06:47:00,1.25417,1.2541,1.2541,1.254175
2017-10-09 06:48:00,1.254155,1.254175,1.254145,1.25418
2017-10-09 06:49:00,1.25425,1.254155,1.2541,1.254255
2017-10-09 06:50:00,1.25423,1.254245,1.254215,1.254315
2017-10-09 06:51:00,1.254195,1.254235,1.254185,1.254255
2017-10-09 06:52:00,1.254255,1.254235,1.25423,1.254365
2017-10-09 06:53:00,1.254175,1.254245,1.254175,1.25425
2017-10-09 06:54:00,1.25418,1.254155,1.254115,1.254205
2017-10-09 06:55:00,1.25427,1.254185,1.254185,1.25428
2017-10-09 06:56:00,1.25411,1.254275,1.254105,1.25429
2017-10-09 06:57:00,1.253915,1.254105,1.25391,1.25411
2017-10-09 06:58:00,1.253905,1.253925,1.253845,1.25393
2017-10-09 06:59:00,1.253695,1.253885,1.25364,1.253885
2017-10-09 07:00:00,1.253715,1.253655,1.25365,1.253785
2017-10-09 07:01:00,1.253855,1.25372,1.25372,1.253895
2017-10-09 07:02:00,1.25372,1.253825,1.2537,1.253845
2017-10-09 07:03:00,1.253685,1.25373,1.253635,1.25375
2017-10-09 07:04:00,1.253825,1.25369,1.25369,1.253845
2017-10-09 07:05:00,1.253765,1.25381,1.253645,1.25381
2017-10-09 07:06:00,1.25348,1.25376,1.25348,1.25376
2017-10-09 07:07:00,1.25366,1.253505,1.253505,1.253665
2017-10-09 07:08:00,1.253685,1.253665,1.253605,1.253685
2017-10-09 07:09:00,1.253655,1.25363,1.253615,1.253715
2017-10-09 07:10:00,1.253735,1.25365,1.253635,1.253755
2017-10-09 07:11:00,1.25371,1.25373,1.253675,1.253755
2017-10-09 07:12:00,1.253715,1.253705,1.253675,1.253745
2017-10-09 07:13:00,1.25376,1.253775,1.2537,1.25379
2017-10-09 07:14:00,1.253605,1.253755,1.253605,1.25376
2017-10-09 07:15:00,1.2535,1.253605,1.25343,1.253605
2017-10-09 07:16:00,1.25359,1.253525,1.253525,1.25365
2017-10-09 07:17:00,1.25354,1.253535,1.2535,1.25361
2017-10-09 07:18:00,1.253415,1.25355,1.253415,1.253555
2017-10-09 07:19:00,1.253545,1.25342,1.253415,1.25355
2017-10-09 07:20:00,1.2536,1.25354,1.253535,1.25367
2017-10-09 07:21:00,1.25379,1.253595,1.253595,1.25379
2017-10-09 07:22:00,1.253905,1.253795,1.253795,1.253935
2017-10-09 07:23:00,1.25398,1.2539,1.2539,1.253985
2017-10-09 07:24:00,1.25399,1.253975,1.25392,1.25399
2017-10-09 07:25:00,1.253995,1.253995,1.25399,1.254005
2017-10-09 07:26:00,1.25415,1.253965,1.253965,1.25415
2017-10-09 07:27:00,1.25415,1.254095,1.254095,1.25415
2017-10-09 07:28:00,1.254155,1.25414,1.2541,1.25421
2017-10-09 07:29:00,1.254285,1.25413,1.25413,1.254355
2017-10-09 07:30:00,1.25426,1.254305,1.254205,1.25435
2017-10-09 07:31:00,1.25417,1.25425,1.254165,1.254275
2017-10-09 07:32:00,1.25411,1.254165,1.2541,1.254165
2017-10-09 07:33:00,1.25399,1.25411,1.25399,1.25412
2017-10-09 07:34:00,1.254075,1.25398,1.25398,1.25408
2017-10-09 07:35:00,1.254175,1.25408,1.254075,1.25418
2017-10-09 07:36:00,1.25417,1.254195,1.25415,1.254205
2017-10-09 07:37:00,1.254175,1.254195,1.25413,1.254275
2017-10-09 07:38:00,1.25409,1.254185,1.25407,1.254185
2017-10-09 07:39:00,1.25415,1.25409,1.254085,1.254155
2017-10-09 07:40:00,1.254015,1.254155,1.254005,1.254155
2017-10-09 07:41:00,1.254025,1.254015,1.254015,1.25408
2017-10-09 07:42:00,1.253975,1.25403,1.253865,1.254035
2017-10-09 07:43:00,1.25395,1.253925,1.253925,1.25396
2017-10-09 07:44:00,1.253945,1.253945,1.253935,1.253955
2017-10-09 07:45:00,1.254025,1.253965,1.253925,1.254025
2017-10-09 07:46:00,1.25402,1.254015,1.25401,1.25402
2017-10-09 07:47:00,1.254,1.254025,1.253965,1.254035
2017-10-09 07:48:00,1.254,1.254025,1.253965,1.254035
2017-10-09 07:49:00,1.253935,1.25399,1.253935,1.25402
2017-10-09 07:50:00,1.25398,1.253985,1.253975,1.253985
2017-10-09 07:51:00,1.254055,1.253985,1.253985,1.254055
2017-10-09 07:52:00,1.25406,1.254065,1.254045,1.25407
2017-10-09 07:53:00,1.25396,1.25404,1.253955,1.25404
2017-10-09 07:54:00,1.25396,1.25404,1.253955,1.25404
2017-10-09 07:55:00,1.25387,1.253905,1.25385,1.253905
2017-10-09 07:56:00,1.253905,1.253865,1.253865,1.253955
2017-10-09 07:57:00,1.253955,1.25391,1.25391,1.253955
2017-10-09 07:58:00,1.254035,1.25396,1.25396,1.254035
2017-10-09 07:59:00,1.254065,1.25401,1.253965,1.254065
2017-10-09 08:00:00,1.254055,1.25407,1.25404,1.25407
2017-10-09 08:01:00,1.254075,1.25405,1.254015,1.254105
2017-10-09 08:02:00,1.25418,1.25407,1.254065,1.254275
2017-10-09 08:03:00,1.25415,1.25417,1.254125,1.254285
2017-10-09 08:04:00,1.25412,1.25418,1.25412,1.25421
2017-10-09 08:05:00,1.25427,1.25411,1.25411,1.254275
2017-10-09 08:06:00,1.25432,1.254275,1.25425,1.254345
2017-10-09 08:07:00,1.25442,1.254315,1.254315,1.25443
2017-10-09 08:08:00,1.254445,1.254415,1.254355,1.25447
2017-10-09 08:09:00,1.25449,1.25446,1.25443,1.25452
2017-10-09 08:10:00,1.25437,1.25444,1.254365,1.25445
2017-10-09 08:11:00,1.254295,1.254345,1.25429,1.254345
2017-10-09 08:12:00,1.254355,1.25425,1.254245,1.254355
2017-10-09 08:13:00,1.25434,1.254405,1.254335,1.25447
2017-10-09 08:14:00,1.254295,1.25434,1.25429,1.254345
2017-10-09 08:15:00,1.254295,1.25434,1.25429,1.254345
2017-10-09 08:16:00,1.25443,1.254335,1.254335,1.254485
2017-10-09 08:17:00,1.25448,1.25443,1.25439,1.254485
2017-10-09 08:18:00,1.254455,1.25447,1.254455,1.25448
2017-10-09 08:19:00,1.254355,1.254465,1.254355,1.25447
2017-10-09 08:20:00,1.254365,1.2543,1.254245,1.25437
2017-10-09 08:21:00,1.25468,1.254415,1.25439,1.254695
2017-10-09 08:22:00,1.254725,1.2547,1.254615,1.254755
2017-10-09 08:23:00,1.25476,1.25473,1.25472,1.254805
2017-10-09 08:24:00,1.25484,1.254815,1.25477,1.25484
2017-10-09 08:25:00,1.254715,1.2548,1.254715,1.254825
2017-10-09 08:26:00,1.254785,1.25471,1.2547,1.254785
2017-10-09 08:27:00,1.254745,1.25483,1.25471,1.25483
2017-10-09 08:28:00,1.254725,1.25469,1.25467,1.254735
2017-10-09 08:29:00,1.25498,1.254755,1.254755,1.25503
2017-10-09 08:30:00,1.25503,1.254985,1.254985,1.25516
2017-10-09 08:31:00,1.255075,1.255025,1.255025,1.25515
2017-10-09 08:32:00,1.255095,1.255045,1.25502,1.255105
2017-10-09 08:33:00,1.25511,1.2551,1.255095,1.25512
2017-10-09 08:34:00,1.25509,1.25511,1.255085,1.25518
2017-10-09 08:35:00,1.25502,1.25506,1.25497,1.25506
2017-10-09 08:36:00,1.255205,1.255,1.255,1.255205
2017-10-09 08:37:00,1.255255,1.255265,1.25525,1.255275
2017-10-09 08:38:00,1.25538,1.255265,1.25526,1.255405
2017-10-09 08:39:00,1.255445,1.2554,1.2554,1.255455
2017-10-09 08:40:00,1.25531,1.25545,1.25531,1.255465
2017-10-09 08:41:00,1.25531,1.255335,1.25527,1.25539
2017-10-09 08:42:00,1.25542,1.255365,1.255345,1.255465
2017-10-09 08:43:00,1.2553,1.255425,1.2553,1.255425
2017-10-09 08:44:00,1.2553,1.255425,1.2553,1.255425
2017-10-09 08:45:00,1.255135,1.255245,1.255135,1.255245
2017-10-09 08:46:00,1.255155,1.255115,1.254995,1.255155
2017-10-09 08:47:00,1.2554,1.25516,1.255155,1.25541
2017-10-09 08:48:00,1.25537,1.255395,1.255315,1.255395
2017-10-09 08:49:00,1.255385,1.255375,1.25527,1.255395
2017-10-09 08:50:00,1.25534,1.25539,1.25528,1.25541
2017-10-09 08:51:00,1.25534,1.255395,1.25534,1.25546
2017-10-09 08:52:00,1.25513,1.255335,1.25512,1.255335
2017-10-09 08:53:00,1.255025,1.255185,1.25493,1.255185
2017-10-09 08:54:00,1.255005,1.255025,1.254945,1.255045
2017-10-09 08:55:00,1.254835,1.255,1.254795,1.255055
2017-10-09 08:56:00,1.25494,1.254825,1.25473,1.25495
2017-10-09 08:57:00,1.25489,1.25495,1.254865,1.25499
2017-10-09 08:58:00,1.254675,1.25489,1.254635,1.25489
2017-10-09 08:59:00,1.254715,1.25473,1.25468,1.254785
2017-10-09 09:00:00,1.25464,1.254725,1.25454,1.254775
2017-10-09 09:01:00,1.25447,1.2547,1.254385,1.254725
2017-10-09 09:02:00,1.25457,1.254465,1.254405,1.254665
2017-10-09 09:03:00,1.25463,1.254625,1.25458,1.25468
2017-10-09 09:04:00,1.254635,1.254585,1.25457,1.25465
2017-10-09 09:05:00,1.254715,1.25463,1.254625,1.254775
2017-10-09 09:06:00,1.25478,1.25471,1.25466,1.254795
2017-10-09 09:07:00,1.25471,1.254785,1.254705,1.2548
2017-10-09 09:08:00,1.254645,1.254705,1.2546,1.254705
2017-10-09 09:09:00,1.25449,1.254645,1.25449,1.254675
2017-10-09 09:10:00,1.25453,1.254515,1.254465,1.25454
2017-10-09 09:11:00,1.254625,1.25452,1.254455,1.254635
2017-10-09 09:12:00,1.25474,1.25462,1.2546,1.254775
2017-10-09 09:13:00,1.254925,1.254765,1.254765,1.254925
2017-10-09 09:14:00,1.254925,1.254975,1.254925,1.255085
2017-10-09 09:15:00,1.254985,1.25491,1.25491,1.25505
2017-10-09 09:16:00,1.25489,1.254985,1.25489,1.255015
2017-10-09 09:17:00,1.254925,1.254865,1.254775,1.25495
2017-10-09 09:18:00,1.25491,1.25493,1.254905,1.25493
2017-10-09 09:19:00,1.25493,1.254915,1.254915,1.25498
2017-10-09 09:20:00,1.25498,1.254925,1.254905,1.254995
2017-10-09 09:21:00,1.254825,1.25498,1.25482,1.255
2017-10-09 09:22:00,1.25492,1.25483,1.25482,1.25492
2017-10-09 09:23:00,1.254625,1.2549,1.25462,1.254905
2017-10-09 09:24:00,1.25462,1.254615,1.25461,1.25463
2017-10-09 09:25:00,1.254465,1.254615,1.25442,1.254615
2017-10-09 09:26:00,1.25438,1.25441,1.25435,1.25443
2017-10-09 09:27:00,1.2543,1.25438,1.254255,1.254395
2017-10-09 09:28:00,1.254505,1.2543,1.254295,1.254525
2017-10-09 09:29:00,1.254535,1.254485,1.254455,1.254535
2017-10-09 09:30:00,1.25454,1.254575,1.25454,1.254585
2017-10-09 09:31:00,1.254605,1.25459,1.25448,1.25461
2017-10-09 09:32:00,1.25453,1.25461,1.254515,1.25461
2017-10-09 09:33:00,1.254525,1.254515,1.254435,1.25453
2017-10-09 09:34:00,1.254455,1.254515,1.254445,1.25456
2017-10-09 09:35:00,1.254425,1.254465,1.254425,1.25455
2017-10-09 09:36:00,1.254425,1.254465,1.25437,1.254475
2017-10-09 09:37:00,1.254385,1.254425,1.25435,1.254425
2017-10-09 09:38:00,1.2543,1.254385,1.254275,1.25447
2017-10-09 09:39:00,1.25438,1.25427,1.254215,1.25438
2017-10-09 09:40:00,1.254465,1.25438,1.25437,1.25447
2017-10-09 09:41:00,1.254505,1.254465,1.254465,1.254535
2017-10-09 09:42:00,1.2544,1.254455,1.254385,1.254455
2017-10-09 09:43:00,1.254665,1.254405,1.254405,1.254715
2017-10-09 09:44:00,1.25473,1.254645,1.254555,1.254735
2017-10-09 09:45:00,1.2547,1.254715,1.25469,1.25476
2017-10-09 09:46:00,1.25466,1.254685,1.254465,1.25469
2017-10-09 09:47:00,1.254865,1.254635,1.254615,1.25487
2017-10-09 09:48:00,1.254935,1.25486,1.254855,1.255005
2017-10-09 09:49:00,1.254695,1.254885,1.25467,1.254885
2017-10-09 09:50:00,1.25474,1.254695,1.254665,1.254745
2017-10-09 09:51:00,1.254735,1.25473,1.254665,1.25474
2017-10-09 09:52:00,1.254765,1.25473,1.254725,1.25483
2017-10-09 09:53:00,1.25468,1.25472,1.25467,1.25472
2017-10-09 09:54:00,1.25489,1.254705,1.254705,1.25494
2017-10-09 09:55:00,1.2549,1.254945,1.254865,1.25495
2017-10-09 09:56:00,1.254945,1.2549,1.254885,1.255005
2017-10-09 09:57:00,1.254725,1.25489,1.254705,1.254925
2017-10-09 09:58:00,1.254805,1.25473,1.25473,1.25491
2017-10-09 09:59:00,1.2551,1.254795,1.254795,1.25511
2017-10-09 10:00:00,1.25518,1.255145,1.255015,1.255225
2017-10-09 10:01:00,1.255345,1.25519,1.25509,1.255345
2017-10-09 10:02:00,1.25542,1.25537,1.255285,1.25551
2017-10-09 10:03:00,1.25551,1.255445,1.255295,1.25551
2017-10-09 10:04:00,1.2557,1.255535,1.25552,1.2557
2017-10-09 10:05:00,1.25579,1.255725,1.25568,1.2559
2017-10-09 10:06:00,1.255855,1.255795,1.25576,1.255865
2017-10-09 10:07:00,1.255595,1.255795,1.255495,1.2558
2017-10-09 10:08:00,1.255625,1.2556,1.255585,1.25569
2017-10-09 10:09:00,1.25566,1.25565,1.25551,1.255665
2017-10-09 10:10:00,1.25568,1.255665,1.255575,1.255745
2017-10-09 10:11:00,1.25574,1.255625,1.255625,1.25579
2017-10-09 10:12:00,1.2558,1.255715,1.25571,1.25589
2017-10-09 10:13:00,1.25578,1.255745,1.255525,1.25584
2017-10-09 10:14:00,1.25575,1.255755,1.255745,1.255885
2017-10-09 10:15:00,1.25563,1.255745,1.255575,1.25581
2017-10-09 10:16:00,1.25557,1.255605,1.255415,1.255605
2017-10-09 10:17:00,1.255755,1.255595,1.255505,1.25588
2017-10-09 10:18:00,1.255505,1.25575,1.255505,1.25583
2017-10-09 10:19:00,1.255505,1.25556,1.255505,1.255575
2017-10-09 10:20:00,1.255515,1.2555,1.255445,1.255615
2017-10-09 10:21:00,1.25554,1.255515,1.25551,1.2557
2017-10-09 10:22:00,1.2555,1.25559,1.255435,1.255635
2017-10-09 10:23:00,1.255505,1.25547,1.25547,1.25559
2017-10-09 10:24:00,1.255655,1.2555,1.2555,1.255695
2017-10-09 10:25:00,1.25565,1.25566,1.255575,1.25572
2017-10-09 10:26:00,1.255545,1.255625,1.255545,1.25567
2017-10-09 10:27:00,1.25551,1.255485,1.255475,1.25554
2017-10-09 10:28:00,1.25552,1.25554,1.25548,1.255585
2017-10-09 10:29:00,1.25548,1.255495,1.25548,1.255565
2017-10-09 10:30:00,1.255205,1.25547,1.255135,1.25547
2017-10-09 10:31:00,1.255295,1.255265,1.255215,1.25532
2017-10-09 10:32:00,1.25528,1.25529,1.25521,1.25534
2017-10-09 10:33:00,1.25532,1.255275,1.255275,1.255335
2017-10-09 10:34:00,1.255345,1.255335,1.25526,1.255345
2017-10-09 10:35:00,1.25536,1.25534,1.255315,1.255365
2017-10-09 10:36:00,1.25532,1.255355,1.25531,1.25538
2017-10-09 10:37:00,1.255265,1.255315,1.25524,1.25532
2017-10-09 10:38:00,1.255235,1.25522,1.25521,1.25525
2017-10-09 10:39:00,1.25501,1.25521,1.25501,1.25521
2017-10-09 10:40:00,1.25495,1.25503,1.254915,1.25512
2017-10-09 10:41:00,1.255005,1.25494,1.25493,1.25506
2017-10-09 10:42:00,1.255035,1.25502,1.25499,1.255055
2017-10-09 10:43:00,1.255015,1.25508,1.254925,1.255105
2017-10-09 10:44:00,1.25504,1.25501,1.25492,1.25509
2017-10-09 10:45:00,1.25502,1.255045,1.25502,1.25507
2017-10-09 10:46:00,1.25491,1.25497,1.254875,1.25501
2017-10-09 10:47:00,1.254945,1.254955,1.25494,1.255025
2017-10-09 10:48:00,1.25491,1.254945,1.25491,1.25495
2017-10-09 10:49:00,1.2548,1.254855,1.254795,1.25495
2017-10-09 10:50:00,1.25489,1.25485,1.25483,1.254925
2017-10-09 10:51:00,1.25494,1.254945,1.25493,1.255
2017-10-09 10:52:00,1.25508,1.254915,1.25486,1.25508
2017-10-09 10:53:00,1.2551,1.25504,1.25504,1.255175
2017-10-09 10:54:00,1.25503,1.25509,1.255,1.25509
2017-10-09 10:55:00,1.255075,1.25503,1.255015,1.255075
2017-10-09 10:56:00,1.255245,1.255115,1.255075,1.255245
2017-10-09 10:57:00,1.25532,1.25529,1.255215,1.255365
2017-10-09 10:58:00,1.255255,1.255325,1.25525,1.25539
2017-10-09 10:59:00,1.25501,1.255205,1.25492,1.25521
2017-10-09 11:00:00,1.255195,1.255005,1.255005,1.255195
2017-10-09 11:01:00,1.25517,1.255205,1.255115,1.255215
2017-10-09 11:02:00,1.25526,1.25518,1.255095,1.255275
2017-10-09 11:03:00,1.255265,1.255315,1.25525,1.25543
2017-10-09 11:04:00,1.255265,1.25527,1.255255,1.25528
2017-10-09 11:05:00,1.25524,1.25526,1.25524,1.25532
2017-10-09 11:06:00,1.25527,1.25526,1.255255,1.255355
2017-10-09 11:07:00,1.25525,1.255255,1.2552,1.25526
2017-10-09 11:08:00,1.25517,1.255255,1.25517,1.25526
2017-10-09 11:09:00,1.25504,1.255145,1.255015,1.25515
2017-10-09 11:10:00,1.255015,1.255065,1.255015,1.255065
2017-10-09 11:11:00,1.255065,1.254955,1.254905,1.255065
2017-10-09 11:12:00,1.2552,1.255065,1.255065,1.25523
2017-10-09 11:13:00,1.25518,1.25521,1.255175,1.25532
2017-10-09 11:14:00,1.25516,1.255125,1.255125,1.255265
2017-10-09 11:15:00,1.255115,1.25511,1.255105,1.25513
2017-10-09 11:16:00,1.25503,1.255135,1.25501,1.255235
2017-10-09 11:17:00,1.25489,1.25499,1.25489,1.25499
2017-10-09 11:18:00,1.25462,1.25484,1.2546,1.25484
2017-10-09 11:19:00,1.25463,1.254645,1.254585,1.25469
2017-10-09 11:20:00,1.254735,1.2546,1.2546,1.254735
2017-10-09 11:21:00,1.254955,1.254795,1.254795,1.255035
2017-10-09 11:22:00,1.25497,1.254955,1.254945,1.255085
2017-10-09 11:23:00,1.254965,1.254975,1.254945,1.255045
2017-10-09 11:24:00,1.2549,1.255015,1.254875,1.255015
2017-10-09 11:25:00,1.254705,1.254895,1.254705,1.25491
2017-10-09 11:26:00,1.254795,1.25471,1.254635,1.254885
2017-10-09 11:27:00,1.254865,1.254785,1.25478,1.25488
2017-10-09 11:28:00,1.25482,1.254865,1.254805,1.254885
2017-10-09 11:29:00,1.254705,1.254765,1.25464,1.254785
2017-10-09 11:30:00,1.254855,1.254755,1.254755,1.254855
2017-10-09 11:31:00,1.25467,1.254835,1.25467,1.25485
2017-10-09 11:32:00,1.25458,1.254625,1.25456,1.25464
2017-10-09 11:33:00,1.254575,1.254525,1.254505,1.2546
2017-10-09 11:34:00,1.254565,1.25457,1.25456,1.254615
2017-10-09 11:35:00,1.2545,1.25457,1.254485,1.25458
2017-10-09 11:36:00,1.254585,1.254495,1.25449,1.254645
2017-10-09 11:37:00,1.25479,1.25456,1.25449,1.254795
2017-10-09 11:38:00,1.254625,1.254795,1.2546,1.254835
2017-10-09 11:39:00,1.2546,1.25463,1.2546,1.254645
2017-10-09 11:40:00,1.254585,1.254545,1.254515,1.254645
2017-10-09 11:41:00,1.254515,1.25453,1.254515,1.25457
2017-10-09 11:42:00,1.254525,1.25456,1.254525,1.25461
2017-10-09 11:43:00,1.254545,1.254525,1.25452,1.254555
2017-10-09 11:44:00,1.254575,1.25454,1.254535,1.25459
2017-10-09 11:45:00,1.25448,1.254525,1.25441,1.254525
2017-10-09 11:46:00,1.254435,1.254475,1.25438,1.254495
2017-10-09 11:47:00,1.25444,1.254455,1.254385,1.25452
2017-10-09 11:48:00,1.25432,1.254385,1.25429,1.254385
2017-10-09 11:49:00,1.25438,1.254325,1.25432,1.25438
2017-10-09 11:50:00,1.25441,1.25438,1.25436,1.254445
2017-10-09 11:51:00,1.2546,1.2544,1.25438,1.254605
2017-10-09 11:52:00,1.25458,1.254595,1.254525,1.254645
2017-10-09 11:53:00,1.254705,1.254635,1.254575,1.254705
2017-10-09 11:54:00,1.25463,1.2547,1.25462,1.254705
2017-10-09 11:55:00,1.25451,1.254625,1.25451,1.254635
2017-10-09 11:56:00,1.2548,1.254515,1.254515,1.254805
2017-10-09 11:57:00,1.254875,1.254805,1.254805,1.254905
2017-10-09 11:58:00,1.25469,1.2549,1.25469,1.25492
2017-10-09 11:59:00,1.25481,1.254695,1.25462,1.254815
2017-10-09 12:00:00,1.254825,1.25482,1.254815,1.254915
2017-10-09 12:01:00,1.254905,1.254875,1.254875,1.254995
2017-10-09 12:02:00,1.25507,1.25491,1.25491,1.255095
2017-10-09 12:03:00,1.255025,1.25507,1.255005,1.25508
2017-10-09 12:04:00,1.255,1.255025,1.25497,1.255055
2017-10-09 12:05:00,1.254835,1.255,1.25481,1.25501
2017-10-09 12:06:00,1.254855,1.254855,1.25481,1.254915
2017-10-09 12:07:00,1.25488,1.25483,1.25483,1.25489
2017-10-09 12:08:00,1.254845,1.25489,1.254845,1.25489
2017-10-09 12:09:00,1.254635,1.254795,1.25463,1.254795
2017-10-09 12:10:00,1.254575,1.25463,1.254575,1.25465
2017-10-09 12:11:00,1.254675,1.254615,1.254615,1.254675
2017-10-09 12:12:00,1.25472,1.25472,1.25472,1.25472
2017-10-09 12:13:00,1.25475,1.2547,1.2547,1.25475
2017-10-09 12:14:00,1.25484,1.254775,1.254775,1.25484
2017-10-09 12:15:00,1.25474,1.25479,1.25472,1.25479
2017-10-09 12:16:00,1.25474,1.25479,1.25472,1.25479
2017-10-09 12:17:00,1.25474,1.25479,1.25472,1.25479
2017-10-09 12:18:00,1.25467,1.25472,1.25467,1.25472
2017-10-09 12:19:00,1.2545,1.25471,1.254485,1.254785
2017-10-09 12:20:00,1.25457,1.254505,1.254435,1.25458
2017-10-09 12:21:00,1.25462,1.254565,1.254565,1.254675
2017-10-09 12:22:00,1.254365,1.25457,1.25434,1.254645
2017-10-09 12:23:00,1.254275,1.254305,1.25415,1.254305
2017-10-09 12:24:00,1.254045,1.25426,1.25399,1.254265
2017-10-09 12:25:00,1.25396,1.254025,1.25396,1.254115
2017-10-09 12:26:00,1.25403,1.253955,1.253955,1.25408
2017-10-09 12:27:00,1.254065,1.25397,1.253965,1.254065
2017-10-09 12:28:00,1.25422,1.25409,1.254015,1.25427
2017-10-09 12:29:00,1.254415,1.25422,1.25421,1.25443
2017-10-09 12:30:00,1.254425,1.25446,1.254425,1.254465
2017-10-09 12:31:00,1.254385,1.25438,1.254325,1.25439
2017-10-09 12:32:00,1.25438,1.25439,1.254365,1.25439
2017-10-09 12:33:00,1.254345,1.25436,1.25434,1.25437
2017-10-09 12:34:00,1.254355,1.25434,1.254295,1.254355
2017-10-09 12:35:00,1.25431,1.25434,1.254305,1.25434
2017-10-09 12:36:00,1.25424,1.254315,1.254115,1.254315
2017-10-09 12:37:00,1.254225,1.254245,1.254215,1.254345
2017-10-09 12:38:00,1.25427,1.254245,1.25424,1.25427
2017-10-09 12:39:00,1.254375,1.25432,1.254315,1.25438
2017-10-09 12:40:00,1.254375,1.25437,1.25436,1.254415
2017-10-09 12:41:00,1.25444,1.25438,1.25427,1.25444
2017-10-09 12:42:00,1.25431,1.254435,1.254265,1.254435
2017-10-09 12:43:00,1.25423,1.254315,1.25422,1.254315
2017-10-09 12:44:00,1.254305,1.254235,1.25423,1.25431
2017-10-09 12:45:00,1.25413,1.25431,1.254125,1.254315
2017-10-09 12:46:00,1.25411,1.254135,1.2541,1.25424
2017-10-09 12:47:00,1.25384,1.25411,1.253835,1.25415
2017-10-09 12:48:00,1.25378,1.253835,1.253495,1.25384
2017-10-09 12:49:00,1.2539,1.253785,1.253765,1.253905
2017-10-09 12:50:00,1.2539,1.253905,1.25389,1.25391
2017-10-09 12:51:00,1.253975,1.253905,1.253895,1.253985
2017-10-09 12:52:00,1.25406,1.253985,1.25398,1.25408
2017-10-09 12:53:00,1.25414,1.254055,1.254025,1.25414
2017-10-09 12:54:00,1.25408,1.25409,1.25392,1.25409
2017-10-09 12:55:00,1.25397,1.254065,1.253965,1.254065
2017-10-09 12:56:00,1.254005,1.253995,1.253985,1.25406
2017-10-09 12:57:00,1.254035,1.253995,1.25399,1.25408
2017-10-09 12:58:00,1.254005,1.25398,1.25398,1.254005
2017-10-09 12:59:00,1.253905,1.254,1.253895,1.254015
2017-10-09 13:00:00,1.253765,1.2539,1.25376,1.253965
2017-10-09 13:01:00,1.253795,1.253785,1.253765,1.253875
2017-10-09 13:02:00,1.25392,1.25382,1.25382,1.25397
2017-10-09 13:03:00,1.2536,1.2539,1.25357,1.254005
2017-10-09 13:04:00,1.25367,1.253585,1.2535,1.2537
2017-10-09 13:05:00,1.25354,1.25368,1.253515,1.253735
2017-10-09 13:06:00,1.253725,1.253545,1.25354,1.25376
2017-10-09 13:07:00,1.2538,1.25375,1.253745,1.2538
2017-10-09 13:08:00,1.25381,1.25382,1.25379,1.25387
2017-10-09 13:09:00,1.253865,1.253805,1.25379,1.253865
2017-10-09 13:10:00,1.253945,1.25387,1.25387,1.253945
2017-10-09 13:11:00,1.253895,1.253945,1.253895,1.254095
2017-10-09 13:12:00,1.253885,1.2539,1.253875,1.253925
2017-10-09 13:13:00,1.25392,1.25388,1.25386,1.25393
2017-10-09 13:14:00,1.253915,1.253905,1.2539,1.253915
2017-10-09 13:15:00,1.253675,1.25389,1.25367,1.25389
2017-10-09 13:16:00,1.25371,1.253695,1.253695,1.253795
2017-10-09 13:17:00,1.25366,1.253765,1.25366,1.25377
2017-10-09 13:18:00,1.253645,1.253655,1.253635,1.253655
2017-10-09 13:19:00,1.25375,1.25365,1.25365,1.253755
2017-10-09 13:20:00,1.253555,1.253695,1.25352,1.2537
2017-10-09 13:21:00,1.253595,1.253545,1.253525,1.253615
2017-10-09 13:22:00,1.253535,1.25359,1.2535,1.2536
2017-10-09 13:23:00,1.25362,1.25353,1.253525,1.253635
2017-10-09 13:24:00,1.253595,1.253595,1.253595,1.253595
2017-10-09 13:25:00,1.25358,1.2536,1.25358,1.253605
2017-10-09 13:26:00,1.253555,1.253525,1.25352,1.25356
2017-10-09 13:27:00,1.253795,1.253555,1.253555,1.253795
2017-10-09 13:28:00,1.253785,1.25385,1.253705,1.25385
2017-10-09 13:29:00,1.253885,1.253835,1.253835,1.253905
2017-10-09 13:30:00,1.25389,1.2539,1.25385,1.25394
2017-10-09 13:31:00,1.25405,1.253895,1.25389,1.25405
2017-10-09 13:32:00,1.25404,1.25405,1.254,1.25405
2017-10-09 13:33:00,1.25401,1.254045,1.254,1.25405
2017-10-09 13:34:00,1.254025,1.25401,1.254005,1.254075
2017-10-09 13:35:00,1.25401,1.25402,1.253995,1.25403
2017-10-09 13:36:00,1.253995,1.25402,1.25399,1.25406
2017-10-09 13:37:00,1.25408,1.25399,1.25399,1.25416
2017-10-09 13:38:00,1.25401,1.25408,1.254005,1.254095
2017-10-09 13:39:00,1.254,1.254005,1.25399,1.254015
2017-10-09 13:40:00,1.25396,1.25399,1.25396,1.25399
2017-10-09 13:41:00,1.253835,1.25397,1.25383,1.253985
2017-10-09 13:42:00,1.253755,1.25383,1.25375,1.253835
2017-10-09 13:43:00,1.25375,1.25375,1.253745,1.25376
2017-10-09 13:44:00,1.25374,1.25374,1.25374,1.25374
2017-10-09 13:45:00,1.253675,1.25376,1.25367,1.253765
2017-10-09 13:46:00,1.25351,1.253665,1.253505,1.253675
2017-10-09 13:47:00,1.25363,1.253515,1.253505,1.25363
2017-10-09 13:48:00,1.25368,1.253685,1.253665,1.253755
2017-10-09 13:49:00,1.25381,1.25368,1.253675,1.25381
2017-10-09 13:50:00,1.253815,1.25382,1.253815,1.253825
2017-10-09 13:51:00,1.253645,1.25382,1.253645,1.25382
2017-10-09 13:52:00,1.25372,1.25367,1.25367,1.253725
2017-10-09 13:53:00,1.253575,1.2537,1.253575,1.2537
2017-10-09 13:54:00,1.253525,1.253555,1.253525,1.253575
2017-10-09 13:55:00,1.253545,1.25354,1.253465,1.253545
2017-10-09 13:56:00,1.253575,1.25354,1.25341,1.253575
2017-10-09 13:57:00,1.25356,1.25359,1.253475,1.253625
2017-10-09 13:58:00,1.253755,1.25359,1.25359,1.253765
2017-10-09 13:59:00,1.2535,1.253725,1.2535,1.253725
2017-10-09 14:00:00,1.253595,1.253555,1.253555,1.253605
2017-10-09 14:01:00,1.2536,1.25361,1.25354,1.253615
2017-10-09 14:02:00,1.253735,1.253615,1.253605,1.253735
2017-10-09 14:03:00,1.253735,1.25373,1.253675,1.253745
2017-10-09 14:04:00,1.253735,1.253735,1.253725,1.253735
2017-10-09 14:05:00,1.25385,1.253795,1.253795,1.253875
2017-10-09 14:06:00,1.25385,1.253795,1.253795,1.253875
2017-10-09 14:07:00,1.25397,1.2539,1.2539,1.25397
2017-10-09 14:08:00,1.25392,1.25398,1.25384,1.25398
2017-10-09 14:09:00,1.25392,1.25397,1.253915,1.25398
2017-10-09 14:10:00,1.25401,1.25392,1.25392,1.25408
2017-10-09 14:11:00,1.25396,1.254015,1.253915,1.25402
2017-10-09 14:12:00,1.25392,1.253975,1.253915,1.253975
2017-10-09 14:13:00,1.2539,1.253915,1.25384,1.253925
2017-10-09 14:14:00,1.25399,1.253955,1.253955,1.25402
2017-10-09 14:15:00,1.253975,1.254,1.253975,1.254
2017-10-09 14:16:00,1.254075,1.254025,1.254005,1.254085
2017-10-09 14:17:00,1.254,1.25408,1.253985,1.25408
2017-10-09 14:18:00,1.25394,1.254,1.253885,1.254
2017-10-09 14:19:00,1.253935,1.25393,1.253925,1.253995
2017-10-09 14:20:00,1.253935,1.25394,1.253935,1.253945
2017-10-09 14:21:00,1.253935,1.253945,1.25391,1.25395
2017-10-09 14:22:00,1.25394,1.25393,1.253845,1.25395
2017-10-09 14:23:00,1.254065,1.253945,1.253935,1.254095
2017-10-09 14:24:00,1.253995,1.25408,1.25399,1.254095
2017-10-09 14:25:00,1.253995,1.254005,1.25397,1.25405
2017-10-09 14:26:00,1.253945,1.25399,1.253835,1.25399
2017-10-09 14:27:00,1.25409,1.25389,1.25386,1.25413
2017-10-09 14:28:00,1.25396,1.254075,1.25389,1.254075
2017-10-09 14:29:00,1.253975,1.25396,1.25391,1.254025
2017-10-09 14:30:00,1.25399,1.25396,1.25396,1.254065
2017-10-09 14:31:00,1.25397,1.253995,1.25392,1.254005
2017-10-09 14:32:00,1.253935,1.25396,1.253935,1.254
2017-10-09 14:33:00,1.25398,1.25394,1.253925,1.25398
2017-10-09 14:34:00,1.254025,1.25403,1.254025,1.25403
2017-10-09 14:35:00,1.254095,1.254075,1.254065,1.25414
2017-10-09 14:36:00,1.25407,1.25408,1.25406,1.254095
2017-10-09 14:37:00,1.254045,1.254075,1.25404,1.254115
2017-10-09 14:38:00,1.25411,1.25403,1.25403,1.254155
2017-10-09 14:39:00,1.25414,1.254095,1.25409,1.254145
2017-10-09 14:40:00,1.25408,1.25409,1.254065,1.25409
2017-10-09 14:41:00,1.25402,1.25403,1.25401,1.25409
2017-10-09 14:42:00,1.254015,1.254015,1.254,1.254045
2017-10-09 14:43:00,1.254175,1.254035,1.254015,1.25418
2017-10-09 14:44:00,1.25421,1.254175,1.254175,1.25423
2017-10-09 14:45:00,1.25411,1.25416,1.25411,1.25416
2017-10-09 14:46:00,1.25409,1.2541,1.25408,1.254105
2017-10-09 14:47:00,1.25418,1.2541,1.254095,1.254195
2017-10-09 14:48:00,1.25416,1.254185,1.254155,1.25421
2017-10-09 14:49:00,1.254165,1.25416,1.25415,1.25418
2017-10-09 14:50:00,1.25432,1.25417,1.254165,1.254325
2017-10-09 14:51:00,1.254325,1.254325,1.25432,1.25433
2017-10-09 14:52:00,1.254415,1.254325,1.254325,1.25442
2017-10-09 14:53:00,1.25444,1.25444,1.25444,1.25444
2017-10-09 14:54:00,1.25442,1.254415,1.254415,1.25447
2017-10-09 14:55:00,1.25445,1.25445,1.25445,1.25445
2017-10-09 14:56:00,1.254455,1.254475,1.254375,1.254495
2017-10-09 14:57:00,1.25446,1.25448,1.254445,1.25448
2017-10-09 14:58:00,1.25462,1.25446,1.25445,1.25468
2017-10-09 14:59:00,1.25473,1.25467,1.25467,1.254745
2017-10-09 15:00:00,1.254645,1.254735,1.254625,1.254785
2017-10-09 15:01:00,1.25463,1.254625,1.254605,1.25478
2017-10-09 15:02:00,1.25459,1.25462,1.254585,1.254655
2017-10-09 15:03:00,1.25453,1.25458,1.25447,1.25458
2017-10-09 15:04:00,1.254465,1.25456,1.25445,1.25456
2017-10-09 15:05:00,1.25447,1.254475,1.254465,1.25449
2017-10-09 15:06:00,1.254475,1.254475,1.25447,1.254485
2017-10-09 15:07:00,1.2544,1.25449,1.254385,1.25449
2017-10-09 15:08:00,1.25448,1.254395,1.254395,1.25448
2017-10-09 15:09:00,1.254475,1.254475,1.254455,1.25448
2017-10-09 15:10:00,1.254475,1.254475,1.25447,1.25448
2017-10-09 15:11:00,1.25445,1.25448,1.254395,1.25455
2017-10-09 15:12:00,1.25461,1.25447,1.25447,1.25461
2017-10-09 15:13:00,1.254505,1.254605,1.254505,1.254635
2017-10-09 15:14:00,1.25447,1.254455,1.2544,1.254475
2017-10-09 15:15:00,1.25445,1.25446,1.254385,1.25447
2017-10-09 15:16:00,1.254295,1.25439,1.254295,1.25439
2017-10-09 15:17:00,1.254235,1.254305,1.254225,1.254325
2017-10-09 15:18:00,1.254175,1.254225,1.25416,1.254225
2017-10-09 15:19:00,1.254255,1.2542,1.254065,1.254285
2017-10-09 15:20:00,1.254285,1.25431,1.254285,1.254325
2017-10-09 15:21:00,1.254335,1.254335,1.254335,1.254335
2017-10-09 15:22:00,1.25434,1.25435,1.254335,1.254355
2017-10-09 15:23:00,1.25421,1.25433,1.25421,1.254345
2017-10-09 15:24:00,1.254255,1.25423,1.25422,1.25426
2017-10-09 15:25:00,1.25425,1.254265,1.254205,1.25428
2017-10-09 15:26:00,1.25433,1.25425,1.254225,1.254335
2017-10-09 15:27:00,1.25431,1.254305,1.2543,1.25433
2017-10-09 15:28:00,1.25428,1.254305,1.25427,1.254315
2017-10-09 15:29:00,1.25429,1.2543,1.254285,1.2543
2017-10-09 15:30:00,1.254225,1.2543,1.254215,1.25431
2017-10-09 15:31:00,1.254375,1.25428,1.25428,1.25443
2017-10-09 15:32:00,1.254195,1.25438,1.254195,1.25438
2017-10-09 15:33:00,1.254115,1.2542,1.254095,1.25422
2017-10-09 15:34:00,1.254215,1.25412,1.25412,1.254215
2017-10-09 15:35:00,1.254215,1.254205,1.25409,1.25424
2017-10-09 15:36:00,1.254175,1.25421,1.25417,1.25421
2017-10-09 15:37:00,1.25415,1.25417,1.254145,1.254195
2017-10-09 15:38:00,1.2541,1.25418,1.254085,1.25418
2017-10-09 15:39:00,1.2541,1.2541,1.254095,1.25411
2017-10-09 15:40:00,1.25409,1.25409,1.254075,1.2541
2017-10-09 15:41:00,1.25421,1.25409,1.254085,1.25423
2017-10-09 15:42:00,1.25422,1.25419,1.25417,1.25422
2017-10-09 15:43:00,1.25428,1.254245,1.254245,1.25432
2017-10-09 15:44:00,1.25439,1.254335,1.254335,1.25442
2017-10-09 15:45:00,1.254385,1.254385,1.254385,1.2544
2017-10-09 15:46:00,1.254355,1.25439,1.254275,1.25439
2017-10-09 15:47:00,1.254375,1.25437,1.25435,1.254375
2017-10-09 15:48:00,1.254435,1.254325,1.2543,1.25445
2017-10-09 15:49:00,1.25436,1.25441,1.25436,1.25441
2017-10-09 15:50:00,1.254475,1.25442,1.254415,1.25449
2017-10-09 15:51:00,1.254405,1.254475,1.25436,1.25449
2017-10-09 15:52:00,1.25449,1.25441,1.25438,1.25449
2017-10-09 15:53:00,1.25452,1.254485,1.254485,1.25452
2017-10-09 15:54:00,1.25452,1.254485,1.254485,1.25452
2017-10-09 15:55:00,1.2545,1.2545,1.2545,1.2545
2017-10-09 15:56:00,1.25461,1.25454,1.25454,1.254645
2017-10-09 15:57:00,1.25461,1.25454,1.25454,1.254645
2017-10-09 15:58:00,1.25465,1.254635,1.254575,1.25465
2017-10-09 15:59:00,1.2546,1.25464,1.254565,1.254645
2017-10-09 16:00:00,1.254475,1.254575,1.2543,1.254575
2017-10-09 16:01:00,1.25443,1.25447,1.25443,1.254535
2017-10-09 16:02:00,1.25453,1.254455,1.254455,1.25453
2017-10-09 16:03:00,1.254515,1.254475,1.254465,1.254515
2017-10-09 16:04:00,1.254625,1.254495,1.254495,1.254635
2017-10-09 16:05:00,1.254595,1.25462,1.25457,1.254625
2017-10-09 16:06:00,1.254595,1.25462,1.25457,1.254625
2017-10-09 16:07:00,1.254595,1.25462,1.25457,1.254625
2017-10-09 16:08:00,1.254595,1.25462,1.25457,1.254625
2017-10-09 16:09:00,1.254595,1.25462,1.25457,1.254625
2017-10-09 16:10:00,1.254595,1.25462,1.25457,1.254625
2017-10-09 16:11:00,1.25457,1.25462,1.254555,1.25462
2017-10-09 16:12:00,1.254565,1.254575,1.254565,1.254665
2017-10-09 16:13:00,1.254605,1.254605,1.254605,1.254605
2017-10-09 16:14:00,1.25462,1.254585,1.254565,1.254625
2017-10-09 16:15:00,1.25463,1.254625,1.25462,1.254635
2017-10-09 16:16:00,1.254595,1.254625,1.254595,1.254625
2017-10-09 16:17:00,1.254535,1.254535,1.254535,1.25454
2017-10-09 16:18:00,1.25457,1.254535,1.254535,1.25458
2017-10-09 16:19:00,1.25454,1.254575,1.254535,1.254585
2017-10-09 16:20:00,1.25442,1.25452,1.254405,1.254595
2017-10-09 16:21:00,1.25444,1.254425,1.254425,1.254515
2017-10-09 16:22:00,1.25444,1.254425,1.254425,1.254515
2017-10-09 16:23:00,1.25451,1.254425,1.25442,1.254515
2017-10-09 16:24:00,1.25451,1.254425,1.25442,1.254515
2017-10-09 16:25:00,1.25451,1.254425,1.25442,1.254515
2017-10-09 16:26:00,1.254535,1.254535,1.254535,1.254535
2017-10-09 16:27:00,1.254535,1.254535,1.254535,1.254535
2017-10-09 16:28:00,1.25465,1.254595,1.254595,1.25467
2017-10-09 16:29:00,1.25462,1.25463,1.254615,1.254655
2017-10-09 16:30:00,1.254505,1.25457,1.2544,1.25459
2017-10-09 16:31:00,1.254595,1.25451,1.25451,1.254605
2017-10-09 16:32:00,1.254635,1.25459,1.254585,1.254645
2017-10-09 16:33:00,1.254735,1.25464,1.254615,1.25475
2017-10-09 16:34:00,1.254755,1.25474,1.254735,1.25476
2017-10-09 16:35:00,1.254765,1.254785,1.25476,1.25479
2017-10-09 16:36:00,1.25478,1.254735,1.254725,1.254815
2017-10-09 16:37:00,1.254865,1.254785,1.25474,1.254935
2017-10-09 16:38:00,1.25487,1.254875,1.254835,1.254915
2017-10-09 16:39:00,1.25477,1.254875,1.25477,1.25489
2017-10-09 16:40:00,1.25488,1.2548,1.25478,1.254975
2017-10-09 16:41:00,1.254805,1.25489,1.25477,1.254895
2017-10-09 16:42:00,1.254945,1.25479,1.25479,1.254965
2017-10-09 16:43:00,1.25502,1.25495,1.254905,1.25511
2017-10-09 16:44:00,1.254955,1.255015,1.254895,1.255075
2017-10-09 16:45:00,1.25495,1.25498,1.25493,1.25498
2017-10-09 16:46:00,1.254955,1.254975,1.254935,1.255
2017-10-09 16:47:00,1.25504,1.25496,1.25496,1.25505
2017-10-09 16:48:00,1.25505,1.255035,1.25501,1.25507
2017-10-09 16:49:00,1.25505,1.255035,1.25501,1.25507
2017-10-09 16:50:00,1.255115,1.255075,1.25505,1.255115
2017-10-09 16:51:00,1.25509,1.25511,1.254985,1.25511
2017-10-09 16:52:00,1.25511,1.255095,1.255075,1.25512
2017-10-09 16:53:00,1.25515,1.25515,1.25515,1.25515
2017-10-09 16:54:00,1.25515,1.25515,1.25515,1.25515
2017-10-09 16:55:00,1.25515,1.25515,1.25515,1.25515
2017-10-09 16:56:00,1.255085,1.255125,1.25508,1.255195
2017-10-09 16:57:00,1.25505,1.25511,1.255035,1.25516
2017-10-09 16:58:00,1.25506,1.255045,1.25504,1.25515
2017-10-09 17:04:00,1.254945,1.254945,1.254945,1.254945
2017-10-09 17:05:00,1.25522,1.25522,1.25522,1.25522
2017-10-09 17:06:00,1.25529,1.255295,1.25525,1.255335
2017-10-09 17:07:00,1.255285,1.255285,1.255285,1.255285
2017-10-09 17:08:00,1.25529,1.25529,1.25529,1.25529
2017-10-09 17:09:00,1.255285,1.255285,1.255285,1.25529
2017-10-09 17:10:00,1.255125,1.255295,1.255125,1.255295
2017-10-09 17:11:00,1.255125,1.255295,1.255125,1.255295
2017-10-09 17:12:00,1.255125,1.255295,1.255125,1.255295
2017-10-09 17:13:00,1.255125,1.255295,1.255125,1.255295
2017-10-09 17:14:00,1.255125,1.255295,1.255125,1.255295
2017-10-09 17:15:00,1.255125,1.255295,1.255125,1.255295
2017-10-09 17:16:00,1.255125,1.255295,1.255125,1.255295
2017-10-09 17:17:00,1.255125,1.255295,1.255125,1.255295
2017-10-09 17:18:00,1.25508,1.25508,1.25508,1.25508
2017-10-09 17:19:00,1.25508,1.25508,1.25508,1.25508
2017-10-09 17:20:00,1.25508,1.25508,1.25508,1.25508
2017-10-09 17:21:00,1.25508,1.25508,1.25508,1.25508
2017-10-09 17:22:00,1.25508,1.25508,1.25508,1.25508
2017-10-09 17:23:00,1.25508,1.25508,1.25508,1.25508
2017-10-09 17:24:00,1.25508,1.25508,1.25508,1.25508
2017-10-09 17:25:00,1.25508,1.25508,1.25508,1.25508
2017-10-09 17:26:00,1.25508,1.25508,1.25508,1.25508
2017-10-09 17:27:00,1.25508,1.25508,1.25508,1.25508
2017-10-09 17:28:00,1.25508,1.25508,1.25508,1.25508
2017-10-09 17:29:00,1.25508,1.25508,1.25508,1.25508
2017-10-09 17:30:00,1.25508,1.25508,1.25508,1.25508
2017-10-09 17:31:00,1.25512,1.25512,1.25512,1.25512
2017-10-09 17:32:00,1.25512,1.25512,1.25512,1.25512
2017-10-09 17:33:00,1.25512,1.25512,1.25512,1.25512
2017-10-09 17:34:00,1.25512,1.25512,1.25512,1.25512
2017-10-09 17:35:00,1.25534,1.25533,1.25529,1.25535
2017-10-09 17:36:00,1.255335,1.255365,1.255295,1.25541
2017-10-09 17:37:00,1.25535,1.255335,1.25533,1.255355
2017-10-09 17:38:00,1.25536,1.255355,1.255345,1.25537
2017-10-09 17:39:00,1.255195,1.255195,1.255195,1.255195
2017-10-09 17:40:00,1.255195,1.255195,1.255195,1.255195
2017-10-09 17:41:00,1.25537,1.25537,1.25537,1.25537
2017-10-09 17:42:00,1.25535,1.255375,1.255335,1.255395
2017-10-09 17:43:00,1.25529,1.255355,1.255285,1.255385
2017-10-09 17:44:00,1.25528,1.25529,1.25524,1.25532
2017-10-09 17:45:00,1.25522,1.25528,1.25514,1.25528
2017-10-09 17:46:00,1.25522,1.25528,1.25514,1.25528
2017-10-09 17:47:00,1.25522,1.25528,1.25514,1.25528
2017-10-09 17:48:00,1.25522,1.25528,1.25514,1.25528
2017-10-09 17:49:00,1.25522,1.25528,1.25514,1.25528
2017-10-09 17:50:00,1.25522,1.25528,1.25514,1.25528
2017-10-09 17:51:00,1.25522,1.25528,1.25514,1.25528
2017-10-09 17:52:00,1.25522,1.25528,1.25514,1.25528
2017-10-09 17:53:00,1.25522,1.25528,1.25514,1.25528
2017-10-09 17:54:00,1.25522,1.25528,1.25514,1.25528
2017-10-09 17:55:00,1.25522,1.25528,1.25514,1.25528
2017-10-09 17:56:00,1.25522,1.25528,1.25514,1.25528
2017-10-09 17:57:00,1.25525,1.25525,1.25525,1.25525
2017-10-09 17:58:00,1.25527,1.25514,1.255095,1.25528
2017-10-09 17:59:00,1.25527,1.25516,1.255155,1.25527
2017-10-09 18:00:00,1.255245,1.25516,1.255125,1.255285
2017-10-09 18:01:00,1.255115,1.255135,1.25497,1.255215
2017-10-09 18:02:00,1.25511,1.25511,1.255055,1.255135
2017-10-09 18:03:00,1.255095,1.255105,1.255095,1.255135
2017-10-09 18:04:00,1.255115,1.255095,1.255095,1.255135
2017-10-09 18:05:00,1.255165,1.255165,1.255165,1.255165
2017-10-09 18:06:00,1.255175,1.255235,1.255175,1.25524
2017-10-09 18:07:00,1.255225,1.255195,1.255195,1.255225
2017-10-09 18:08:00,1.255125,1.255155,1.25511,1.255155
2017-10-09 18:09:00,1.25512,1.25512,1.25512,1.255125
2017-10-09 18:10:00,1.2552,1.255125,1.25512,1.2552
2017-10-09 18:11:00,1.25517,1.25517,1.25517,1.25517
2017-10-09 18:12:00,1.255045,1.25515,1.254975,1.25515
2017-10-09 18:13:00,1.255035,1.255035,1.255035,1.255035
2017-10-09 18:14:00,1.254975,1.255045,1.254975,1.255045
2017-10-09 18:15:00,1.254895,1.254905,1.25488,1.25493
2017-10-09 18:16:00,1.25503,1.254965,1.25494,1.25503
2017-10-09 18:17:00,1.25506,1.25506,1.255045,1.25507
2017-10-09 18:18:00,1.25506,1.25506,1.255035,1.25507
2017-10-09 18:19:00,1.255185,1.25506,1.25506,1.2552
2017-10-09 18:20:00,1.255125,1.25519,1.255125,1.25519
2017-10-09 18:21:00,1.255125,1.25519,1.255125,1.25519
2017-10-09 18:22:00,1.255005,1.255055,1.255005,1.255055
2017-10-09 18:23:00,1.25497,1.255025,1.254955,1.255025
2017-10-09 18:24:00,1.254915,1.25497,1.254895,1.25497
2017-10-09 18:25:00,1.254955,1.254905,1.254905,1.25496
2017-10-09 18:26:00,1.254955,1.25496,1.254955,1.25496
2017-10-09 18:27:00,1.25495,1.25494,1.25494,1.25495
2017-10-09 18:28:00,1.255045,1.25495,1.254945,1.255045
2017-10-09 18:29:00,1.255065,1.255065,1.255065,1.255065
2017-10-09 18:30:00,1.25533,1.255095,1.255095,1.255405
2017-10-09 18:31:00,1.255285,1.255325,1.25528,1.255345
2017-10-09 18:32:00,1.25528,1.25529,1.25524,1.2553
2017-10-09 18:33:00,1.255295,1.255275,1.25524,1.255325
2017-10-09 18:34:00,1.25534,1.2553,1.25526,1.25534
2017-10-09 18:35:00,1.2554,1.2554,1.255385,1.255435
2017-10-09 18:36:00,1.255415,1.255405,1.255405,1.25547
2017-10-09 18:37:00,1.25533,1.255395,1.25533,1.255395
2017-10-09 18:38:00,1.255305,1.255305,1.255305,1.255305
2017-10-09 18:39:00,1.25539,1.255375,1.255365,1.255415
2017-10-09 18:40:00,1.255405,1.255355,1.255355,1.255405
2017-10-09 18:41:00,1.255305,1.255335,1.255305,1.255345
2017-10-09 18:42:00,1.255205,1.255275,1.2552,1.255275
2017-10-09 18:43:00,1.25513,1.2552,1.25513,1.2552
2017-10-09 18:44:00,1.25508,1.255135,1.255075,1.255135
2017-10-09 18:45:00,1.255165,1.255075,1.25506,1.255165
2017-10-09 18:46:00,1.25528,1.25521,1.25521,1.255295
2017-10-09 18:47:00,1.25536,1.255285,1.255285,1.255375
2017-10-09 18:48:00,1.25534,1.255365,1.25534,1.25539
2017-10-09 18:49:00,1.255255,1.255255,1.255245,1.255265
2017-10-09 18:50:00,1.255365,1.25527,1.25526,1.255365
2017-10-09 18:51:00,1.25534,1.255355,1.255325,1.25539
2017-10-09 18:52:00,1.255535,1.255345,1.255345,1.25555
2017-10-09 18:53:00,1.255405,1.255535,1.255405,1.255545
2017-10-09 18:54:00,1.25551,1.255455,1.255455,1.25554
2017-10-09 18:55:00,1.255485,1.255505,1.255465,1.255505
2017-10-09 18:56:00,1.255485,1.255505,1.255465,1.255505
2017-10-09 18:57:00,1.25542,1.25542,1.25542,1.255435
2017-10-09 18:58:00,1.255465,1.255435,1.25543,1.25547
2017-10-09 18:59:00,1.25556,1.25545,1.25545,1.255565
2017-10-09 19:00:00,1.25552,1.25552,1.25552,1.25552
2017-10-09 19:01:00,1.255495,1.255495,1.255495,1.255495
2017-10-09 19:02:00,1.255495,1.255495,1.255495,1.255495
2017-10-09 19:03:00,1.255495,1.25547,1.25547,1.255545
2017-10-09 19:04:00,1.25545,1.25543,1.255425,1.25545
2017-10-09 19:05:00,1.255455,1.255435,1.25543,1.255455
2017-10-09 19:06:00,1.25548,1.255505,1.25547,1.255535
2017-10-09 19:07:00,1.2553,1.255485,1.255295,1.25549
2017-10-09 19:08:00,1.2553,1.255485,1.255295,1.25549
2017-10-09 19:09:00,1.25532,1.25533,1.25531,1.25534
2017-10-09 19:10:00,1.25532,1.25533,1.25531,1.25534
2017-10-09 19:11:00,1.25529,1.255345,1.25529,1.25536
2017-10-09 19:12:00,1.25526,1.25529,1.25525,1.2553
2017-10-09 19:13:00,1.255285,1.25526,1.25526,1.25529
2017-10-09 19:14:00,1.255285,1.25526,1.25526,1.25529
2017-10-09 19:15:00,1.25533,1.25526,1.25526,1.255395
2017-10-09 19:16:00,1.25537,1.25531,1.25531,1.25537
2017-10-09 19:17:00,1.25537,1.25531,1.25531,1.25537
2017-10-09 19:18:00,1.25537,1.25531,1.25531,1.25537
2017-10-09 19:19:00,1.25539,1.255385,1.255385,1.25539
2017-10-09 19:20:00,1.2554,1.25539,1.255385,1.25541
2017-10-09 19:21:00,1.255345,1.25539,1.255325,1.25545
2017-10-09 19:22:00,1.255375,1.25535,1.255345,1.255375
2017-10-09 19:23:00,1.25527,1.25533,1.25527,1.25533
2017-10-09 19:24:00,1.255225,1.255245,1.255165,1.255255
2017-10-09 19:25:00,1.25522,1.255205,1.2552,1.255225
2017-10-09 19:26:00,1.25512,1.255215,1.255105,1.25523
2017-10-09 19:27:00,1.255125,1.255115,1.25511,1.25515
2017-10-09 19:28:00,1.25512,1.25512,1.255115,1.25512
2017-10-09 19:29:00,1.255165,1.255115,1.255115,1.255165
2017-10-09 19:30:00,1.255205,1.255215,1.255205,1.255225
2017-10-09 19:31:00,1.25519,1.25519,1.25519,1.2552
2017-10-09 19:32:00,1.255265,1.255195,1.255195,1.255265
2017-10-09 19:33:00,1.255215,1.25526,1.255215,1.25526
2017-10-09 19:34:00,1.25522,1.25522,1.255215,1.255225
2017-10-09 19:35:00,1.25523,1.25522,1.255205,1.255245
2017-10-09 19:36:00,1.255185,1.25517,1.25516,1.255185
2017-10-09 19:37:00,1.255185,1.25517,1.25516,1.255185
2017-10-09 19:38:00,1.255185,1.25519,1.255185,1.25519
2017-10-09 19:39:00,1.255225,1.255225,1.255225,1.255225
2017-10-09 19:40:00,1.255225,1.255225,1.255225,1.255225
2017-10-09 19:41:00,1.255255,1.2552,1.2552,1.25526
2017-10-09 19:42:00,1.255265,1.255275,1.25525,1.25528
2017-10-09 19:43:00,1.25526,1.25527,1.25526,1.255275
2017-10-09 19:44:00,1.255265,1.255265,1.25526,1.25528
2017-10-09 19:45:00,1.25528,1.25526,1.25526,1.255295
2017-10-09 19:46:00,1.255295,1.25528,1.255275,1.25532
2017-10-09 19:47:00,1.255295,1.25529,1.255285,1.25531
2017-10-09 19:48:00,1.255295,1.25531,1.25528,1.25531
2017-10-09 19:49:00,1.25529,1.255295,1.255285,1.25532
2017-10-09 19:50:00,1.255285,1.255285,1.25528,1.2553
2017-10-09 19:51:00,1.255285,1.255285,1.255285,1.255285
2017-10-09 19:52:00,1.25526,1.255255,1.25525,1.255265
2017-10-09 19:53:00,1.255255,1.255265,1.25525,1.25529
2017-10-09 19:54:00,1.255285,1.255285,1.25528,1.25529
2017-10-09 19:55:00,1.25529,1.255275,1.255255,1.255295
2017-10-09 19:56:00,1.25529,1.255275,1.255255,1.255295
2017-10-09 19:57:00,1.25529,1.255285,1.25527,1.2553
2017-10-09 19:58:00,1.25527,1.255295,1.255255,1.255305
2017-10-09 19:59:00,1.255395,1.25533,1.255325,1.25541
2017-10-09 20:00:00,1.25544,1.255465,1.25542,1.25552
2017-10-09 20:01:00,1.25548,1.255435,1.25543,1.255495
2017-10-09 20:02:00,1.255295,1.255455,1.255295,1.255455
2017-10-09 20:03:00,1.25527,1.25527,1.2552,1.25529
2017-10-09 20:04:00,1.2552,1.255265,1.2552,1.255265
2017-10-09 20:05:00,1.25505,1.255145,1.25505,1.255145
2017-10-09 20:06:00,1.25495,1.25505,1.254935,1.255085
2017-10-09 20:07:00,1.25498,1.254945,1.254895,1.25499
2017-10-09 20:08:00,1.25501,1.25497,1.25496,1.255015
2017-10-09 20:09:00,1.254995,1.25501,1.254995,1.25503
2017-10-09 20:10:00,1.254865,1.25499,1.254765,1.254995
2017-10-09 20:11:00,1.25469,1.25487,1.254655,1.25487
2017-10-09 20:12:00,1.2548,1.254635,1.2546,1.25484
2017-10-09 20:13:00,1.254765,1.25474,1.25471,1.25477
2017-10-09 20:14:00,1.254745,1.25477,1.254725,1.254805
2017-10-09 20:15:00,1.25472,1.254755,1.25469,1.25481
2017-10-09 20:16:00,1.254625,1.25472,1.254615,1.25472
2017-10-09 20:17:00,1.25479,1.254635,1.25463,1.25484
2017-10-09 20:18:00,1.254765,1.254775,1.25472,1.254795
2017-10-09 20:19:00,1.2546,1.25474,1.2546,1.25477
2017-10-09 20:20:00,1.25445,1.25454,1.25445,1.254605
2017-10-09 20:21:00,1.25451,1.254455,1.254455,1.25455
2017-10-09 20:22:00,1.25457,1.254505,1.254505,1.25459
2017-10-09 20:23:00,1.254605,1.254575,1.254575,1.254605
2017-10-09 20:24:00,1.25454,1.254575,1.25449,1.254615
2017-10-09 20:25:00,1.25463,1.25456,1.25456,1.25463
2017-10-09 20:26:00,1.254925,1.25469,1.25469,1.25499
2017-10-09 20:27:00,1.254925,1.25493,1.2549,1.254975
2017-10-09 20:28:00,1.254895,1.25492,1.254895,1.254935
2017-10-09 20:29:00,1.255005,1.25492,1.254895,1.255005
2017-10-09 20:30:00,1.25496,1.255,1.25485,1.255015
2017-10-09 20:31:00,1.25473,1.254955,1.25473,1.254995
2017-10-09 20:32:00,1.254815,1.254725,1.25472,1.254835
2017-10-09 20:33:00,1.25476,1.25481,1.254745,1.25482
2017-10-09 20:34:00,1.254625,1.254755,1.25461,1.25477
2017-10-09 20:35:00,1.25457,1.25458,1.25443,1.254635
2017-10-09 20:36:00,1.25473,1.254625,1.25462,1.254735
2017-10-09 20:37:00,1.25486,1.254785,1.254785,1.25492
2017-10-09 20:38:00,1.254835,1.254855,1.254835,1.254855
2017-10-09 20:39:00,1.254815,1.25483,1.25481,1.25484
2017-10-09 20:40:00,1.25475,1.2548,1.25475,1.25481
2017-10-09 20:41:00,1.25475,1.254755,1.254735,1.254805
2017-10-09 20:42:00,1.254745,1.25476,1.25472,1.254765
2017-10-09 20:43:00,1.25476,1.25475,1.254745,1.25477
2017-10-09 20:44:00,1.25475,1.25476,1.254735,1.25478
2017-10-09 20:45:00,1.254595,1.254745,1.254595,1.254755
2017-10-09 20:46:00,1.2544,1.254595,1.25436,1.254595
2017-10-09 20:47:00,1.254295,1.25445,1.25429,1.25464
2017-10-09 20:48:00,1.25429,1.25429,1.254285,1.25436
2017-10-09 20:49:00,1.25433,1.254295,1.25426,1.254345
2017-10-09 20:50:00,1.254325,1.25434,1.254305,1.254375
2017-10-09 20:51:00,1.25431,1.254355,1.254295,1.254455
2017-10-09 20:52:00,1.254185,1.254315,1.25418,1.254315
2017-10-09 20:53:00,1.254265,1.254165,1.25411,1.25427
2017-10-09 20:54:00,1.25416,1.25426,1.254065,1.254285
2017-10-09 20:55:00,1.25413,1.254165,1.25413,1.25426
2017-10-09 20:56:00,1.2543,1.25418,1.25418,1.254365
2017-10-09 20:57:00,1.25431,1.25429,1.25428,1.25432
2017-10-09 20:58:00,1.25431,1.25431,1.2543,1.254315
2017-10-09 20:59:00,1.25409,1.254305,1.25409,1.25431
2017-10-09 21:00:00,1.254125,1.25407,1.25405,1.254145
2017-10-09 21:01:00,1.25398,1.254135,1.253905,1.254145
2017-10-09 21:02:00,1.254065,1.253975,1.25394,1.254085
2017-10-09 21:03:00,1.254065,1.254055,1.254045,1.254155
2017-10-09 21:04:00,1.254045,1.254065,1.25391,1.254105
2017-10-09 21:05:00,1.254025,1.25406,1.253945,1.25407
2017-10-09 21:06:00,1.25396,1.254025,1.25396,1.254055
2017-10-09 21:07:00,1.254025,1.253975,1.253955,1.254075
2017-10-09 21:08:00,1.253855,1.254,1.253785,1.254
2017-10-09 21:09:00,1.253685,1.253805,1.253655,1.253825
2017-10-09 21:10:00,1.25375,1.25369,1.25369,1.253755
2017-10-09 21:11:00,1.2537,1.25376,1.25369,1.253775
2017-10-09 21:12:00,1.253645,1.25376,1.25361,1.25377
2017-10-09 21:13:00,1.25347,1.253655,1.25335,1.253655
2017-10-09 21:14:00,1.25326,1.25345,1.25322,1.25345
2017-10-09 21:15:00,1.25323,1.25325,1.253215,1.2533
2017-10-09 21:16:00,1.25337,1.253215,1.25321,1.2534
2017-10-09 21:17:00,1.25339,1.25335,1.253285,1.25339
2017-10-09 21:18:00,1.25341,1.25334,1.253325,1.253485
2017-10-09 21:19:00,1.25349,1.253425,1.253395,1.253495
2017-10-09 21:20:00,1.25335,1.253495,1.25335,1.253505
2017-10-09 21:21:00,1.25326,1.253375,1.25322,1.253375
2017-10-09 21:22:00,1.25318,1.25321,1.25313,1.253215
2017-10-09 21:23:00,1.25318,1.253185,1.25304,1.253235
2017-10-09 21:24:00,1.252965,1.253175,1.252835,1.25318
2017-10-09 21:25:00,1.252875,1.25303,1.252865,1.253045
2017-10-09 21:26:00,1.252955,1.25293,1.252735,1.252955
2017-10-09 21:27:00,1.25297,1.25295,1.252935,1.25305
2017-10-09 21:28:00,1.252975,1.25291,1.25285,1.252975
2017-10-09 21:29:00,1.252985,1.25297,1.252955,1.253
2017-10-09 21:30:00,1.253095,1.252985,1.25297,1.253095
2017-10-09 21:31:00,1.253145,1.253075,1.253,1.253145
2017-10-09 21:32:00,1.253385,1.25315,1.25312,1.253385
2017-10-09 21:33:00,1.25323,1.253385,1.253195,1.253395
2017-10-09 21:34:00,1.253155,1.253215,1.25312,1.25326
2017-10-09 21:35:00,1.25287,1.253135,1.25285,1.253135
2017-10-09 21:36:00,1.2527,1.252865,1.252685,1.25287
2017-10-09 21:37:00,1.252685,1.252685,1.2525,1.252735
2017-10-09 21:38:00,1.252425,1.252635,1.2524,1.25264
2017-10-09 21:39:00,1.25252,1.252455,1.252425,1.252615
2017-10-09 21:40:00,1.25251,1.252495,1.252485,1.25256
2017-10-09 21:41:00,1.25219,1.252505,1.25208,1.25252
2017-10-09 21:42:00,1.25229,1.252205,1.252075,1.252345
2017-10-09 21:43:00,1.25248,1.25235,1.25234,1.25248
2017-10-09 21:44:00,1.25258,1.25243,1.25241,1.25259
2017-10-09 21:45:00,1.2527,1.25257,1.25257,1.252755
2017-10-09 21:46:00,1.25267,1.252695,1.25267,1.25271
2017-10-09 21:47:00,1.252685,1.252695,1.252615,1.252695
2017-10-09 21:48:00,1.2528,1.25274,1.25274,1.2528
2017-10-09 21:49:00,1.25219,1.252815,1.252105,1.25282
2017-10-09 21:50:00,1.25207,1.252195,1.25199,1.2522
2017-10-09 21:51:00,1.25214,1.252065,1.251995,1.25214
2017-10-09 21:52:00,1.25221,1.252165,1.252145,1.25221
2017-10-09 21:53:00,1.252,1.2522,1.25199,1.25221
2017-10-09 21:54:00,1.25182,1.251975,1.25177,1.25199
2017-10-09 21:55:00,1.251795,1.25176,1.251705,1.251825
2017-10-09 21:56:00,1.251755,1.2518,1.251755,1.251885
2017-10-09 21:57:00,1.251805,1.251815,1.25172,1.25182
2017-10-09 21:58:00,1.25187,1.2518,1.25179,1.25197
2017-10-09 21:59:00,1.25183,1.25183,1.25183,1.25183
2017-10-09 22:00:00,1.252,1.251855,1.251855,1.252095
2017-10-09 22:01:00,1.252285,1.252025,1.252025,1.25236
2017-10-09 22:02:00,1.25221,1.252265,1.252175,1.252265
2017-10-09 22:03:00,1.25211,1.25222,1.25211,1.252235
2017-10-09 22:04:00,1.252115,1.2521,1.25197,1.25213
2017-10-09 22:05:00,1.25213,1.25211,1.25201,1.252145
2017-10-09 22:06:00,1.252145,1.252185,1.252115,1.25224
2017-10-09 22:07:00,1.25226,1.252125,1.252125,1.252275
2017-10-09 22:08:00,1.25221,1.25224,1.25216,1.25227
2017-10-09 22:09:00,1.2523,1.25223,1.25223,1.25232
2017-10-09 22:10:00,1.25234,1.252355,1.25233,1.252375
2017-10-09 22:11:00,1.252415,1.252345,1.252345,1.252445
2017-10-09 22:12:00,1.25253,1.25242,1.25242,1.25253
2017-10-09 22:13:00,1.25257,1.252555,1.25246,1.25258
2017-10-09 22:14:00,1.25254,1.25257,1.25246,1.25266
2017-10-09 22:15:00,1.25254,1.25257,1.25246,1.25266
2017-10-09 22:16:00,1.25242,1.252515,1.252385,1.252515
2017-10-09 22:17:00,1.25245,1.25239,1.25239,1.25246
2017-10-09 22:18:00,1.25255,1.2524,1.252385,1.25258
2017-10-09 22:19:00,1.25253,1.25251,1.25251,1.25253
2017-10-09 22:20:00,1.25259,1.252585,1.25258,1.25264
2017-10-09 22:21:00,1.25259,1.252585,1.25258,1.25264
2017-10-09 22:22:00,1.25249,1.25254,1.25249,1.25255
2017-10-09 22:23:00,1.25249,1.25254,1.25249,1.25255
2017-10-09 22:24:00,1.25249,1.25254,1.25249,1.25255
2017-10-09 22:25:00,1.25266,1.25248,1.25248,1.252665
2017-10-09 22:26:00,1.25269,1.252685,1.252685,1.252735
2017-10-09 22:27:00,1.25273,1.25271,1.25271,1.25273
2017-10-09 22:28:00,1.25273,1.25271,1.25271,1.25277
2017-10-09 22:29:00,1.252725,1.252725,1.252725,1.252805
2017-10-09 22:30:00,1.252735,1.252695,1.252695,1.252765
2017-10-09 22:31:00,1.25271,1.25274,1.25271,1.252755
2017-10-09 22:32:00,1.252685,1.25273,1.25268,1.25273
2017-10-09 22:33:00,1.252765,1.25267,1.252665,1.25277
2017-10-09 22:34:00,1.252805,1.25277,1.25277,1.252805
2017-10-09 22:35:00,1.252845,1.252825,1.252805,1.25287
2017-10-09 22:36:00,1.25281,1.252845,1.25281,1.25285
2017-10-09 22:37:00,1.252855,1.2528,1.2528,1.252935
2017-10-09 22:38:00,1.25284,1.252855,1.252815,1.252855
2017-10-09 22:39:00,1.252585,1.252785,1.252585,1.252785
2017-10-09 22:40:00,1.25261,1.25261,1.25261,1.25261
2017-10-09 22:41:00,1.25261,1.25261,1.25261,1.25261
2017-10-09 22:42:00,1.25279,1.25264,1.25264,1.25279
2017-10-09 22:43:00,1.25274,1.25274,1.252735,1.25275
2017-10-09 22:44:00,1.25279,1.25277,1.25277,1.25283
2017-10-09 22:45:00,1.252645,1.25273,1.252645,1.25274
2017-10-09 22:46:00,1.2527,1.25265,1.252645,1.2527
2017-10-09 22:47:00,1.25269,1.25271,1.25269,1.25278
2017-10-09 22:48:00,1.25282,1.25274,1.25274,1.252835
2017-10-09 22:49:00,1.25265,1.252795,1.252645,1.252795
2017-10-09 22:50:00,1.252605,1.25263,1.252565,1.252635
2017-10-09 22:51:00,1.25248,1.2526,1.252465,1.252605
2017-10-09 22:52:00,1.252475,1.25248,1.252475,1.25248
2017-10-09 22:53:00,1.252475,1.25248,1.252475,1.25248
2017-10-09 22:54:00,1.25247,1.25247,1.25247,1.25247
2017-10-09 22:55:00,1.252495,1.252465,1.252455,1.252495
2017-10-09 22:56:00,1.25255,1.252525,1.252525,1.252635
2017-10-09 22:57:00,1.25255,1.252555,1.25255,1.25256
2017-10-09 22:58:00,1.25245,1.252555,1.25245,1.252595
2017-10-09 22:59:00,1.25279,1.252445,1.252445,1.252805
2017-10-09 23:00:00,1.25259,1.25275,1.25259,1.25275
2017-10-09 23:01:00,1.252615,1.252615,1.252615,1.252615
2017-10-09 23:02:00,1.252745,1.252565,1.252565,1.25278
2017-10-09 23:03:00,1.252735,1.252745,1.25272,1.252755
2017-10-09 23:04:00,1.252675,1.25274,1.25266,1.25274
2017-10-09 23:05:00,1.252635,1.25268,1.252625,1.252775
2017-10-09 23:06:00,1.252565,1.25264,1.25256,1.25265
2017-10-09 23:07:00,1.25254,1.25256,1.252535,1.252565
2017-10-09 23:08:00,1.252585,1.252555,1.25255,1.2526
2017-10-09 23:09:00,1.252585,1.252555,1.25255,1.2526
2017-10-09 23:10:00,1.252555,1.25257,1.25255,1.252575
2017-10-09 23:11:00,1.252575,1.252545,1.25254,1.252585
2017-10-09 23:12:00,1.252575,1.252545,1.25254,1.252585
2017-10-09 23:13:00,1.252545,1.25257,1.252545,1.25261
2017-10-09 23:14:00,1.25262,1.252555,1.252555,1.25262
2017-10-09 23:15:00,1.25262,1.252615,1.252605,1.25262
2017-10-09 23:16:00,1.25264,1.252615,1.25261,1.252645
2017-10-09 23:17:00,1.25274,1.25263,1.25262,1.252765
2017-10-09 23:18:00,1.25271,1.252745,1.25271,1.252775
2017-10-09 23:19:00,1.2528,1.25276,1.25276,1.252825
2017-10-09 23:20:00,1.25257,1.252795,1.252565,1.2528
2017-10-09 23:21:00,1.2523,1.252565,1.25216,1.25263
2017-10-09 23:22:00,1.25233,1.25231,1.252305,1.252375
2017-10-09 23:23:00,1.252455,1.252305,1.252305,1.252455
2017-10-09 23:24:00,1.252455,1.252305,1.252305,1.252455
2017-10-09 23:25:00,1.252405,1.252425,1.252375,1.252425
2017-10-09 23:26:00,1.25243,1.252405,1.252405,1.25243
2017-10-09 23:27:00,1.252445,1.25248,1.252445,1.25248
2017-10-09 23:28:00,1.25252,1.25247,1.25247,1.25252
2017-10-09 23:29:00,1.25252,1.25247,1.25247,1.25252
2017-10-09 23:30:00,1.252305,1.2525,1.252305,1.2525
2017-10-09 23:31:00,1.252325,1.252275,1.252275,1.25233
2017-10-09 23:32:00,1.252435,1.25233,1.252325,1.252435
2017-10-09 23:33:00,1.252465,1.25246,1.25243,1.252485
2017-10-09 23:34:00,1.252445,1.25246,1.25244,1.25246
2017-10-09 23:35:00,1.252435,1.25245,1.25242,1.252455
2017-10-09 23:36:00,1.25245,1.252475,1.25243,1.252495
2017-10-09 23:37:00,1.25259,1.252445,1.252445,1.25259
2017-10-09 23:38:00,1.252585,1.252595,1.252585,1.252595
2017-10-09 23:39:00,1.252595,1.252585,1.252585,1.2526
2017-10-09 23:40:00,1.252585,1.252595,1.252575,1.252595
2017-10-09 23:41:00,1.252575,1.25258,1.252545,1.252585
2017-10-09 23:42:00,1.25259,1.25258,1.25241,1.252595
2017-10-09 23:43:00,1.252685,1.25259,1.25259,1.252755
2017-10-09 23:44:00,1.25262,1.25267,1.252615,1.25267
2017-10-09 23:45:00,1.25269,1.252675,1.252675,1.252695
2017-10-09 23:46:00,1.25272,1.25274,1.25272,1.252835
2017-10-09 23:47:00,1.25273,1.252725,1.25272,1.252735
2017-10-09 23:48:00,1.2524,1.25273,1.252345,1.25273
2017-10-09 23:49:00,1.25241,1.2524,1.252385,1.252435
2017-10-09 23:50:00,1.25252,1.25241,1.25241,1.252555
2017-10-09 23:51:00,1.25253,1.252505,1.2525,1.252535
2017-10-09 23:52:00,1.252555,1.252535,1.25253,1.25256
2017-10-09 23:53:00,1.25261,1.252575,1.25257,1.25265
2017-10-09 23:54:00,1.252645,1.25267,1.252645,1.25267
2017-10-09 23:55:00,1.252735,1.25265,1.25265,1.25274
2017-10-09 23:56:00,1.25277,1.25272,1.25272,1.25282
2017-10-09 23:57:00,1.252725,1.252765,1.25272,1.252765
2017-10-09 23:58:00,1.2527,1.252775,1.2527,1.252805
2017-10-09 23:59:00,1.252715,1.252695,1.252695,1.252715
2017-10-10 00:00:00,1.252755,1.25271,1.252675,1.25276
2017-10-10 00:01:00,1.252705,1.252745,1.25267,1.25276
2017-10-10 00:02:00,1.252555,1.25268,1.252505,1.25268
2017-10-10 00:03:00,1.252395,1.25251,1.252375,1.25251
2017-10-10 00:04:00,1.25246,1.252335,1.252335,1.252485
2017-10-10 00:05:00,1.25249,1.252465,1.252455,1.252495
2017-10-10 00:06:00,1.252455,1.252495,1.252455,1.25252
2017-10-10 00:07:00,1.252475,1.252475,1.252475,1.252475
2017-10-10 00:08:00,1.252645,1.252505,1.252505,1.252655
2017-10-10 00:09:00,1.25263,1.25263,1.25262,1.252645
2017-10-10 00:10:00,1.25263,1.25263,1.25262,1.252645
2017-10-10 00:11:00,1.252625,1.252635,1.252625,1.252675
2017-10-10 00:12:00,1.25265,1.2526,1.2526,1.252655
2017-10-10 00:13:00,1.252725,1.25266,1.25265,1.25273
2017-10-10 00:14:00,1.252715,1.25272,1.252705,1.252725
2017-10-10 00:15:00,1.25269,1.25272,1.25269,1.25273
2017-10-10 00:16:00,1.25269,1.25272,1.25269,1.25273
2017-10-10 00:17:00,1.252625,1.252695,1.252625,1.2527
2017-10-10 00:18:00,1.252495,1.25262,1.252495,1.25264
2017-10-10 00:19:00,1.25225,1.252505,1.252245,1.252505
2017-10-10 00:20:00,1.25228,1.25228,1.25228,1.25228
2017-10-10 00:21:00,1.252305,1.252215,1.252215,1.25235
2017-10-10 00:22:00,1.252305,1.252305,1.2523,1.25231
2017-10-10 00:23:00,1.25242,1.25236,1.25236,1.25243
2017-10-10 00:24:00,1.25248,1.252475,1.25246,1.252485
2017-10-10 00:25:00,1.252435,1.252435,1.252435,1.252435
2017-10-10 00:26:00,1.25234,1.25238,1.25234,1.25238
2017-10-10 00:27:00,1.25238,1.25234,1.252275,1.25238
2017-10-10 00:28:00,1.252325,1.252375,1.252295,1.25238
2017-10-10 00:29:00,1.25232,1.25232,1.25231,1.252325
2017-10-10 00:30:00,1.25235,1.25235,1.25235,1.25235
2017-10-10 00:31:00,1.25235,1.25235,1.25235,1.25235
2017-10-10 00:32:00,1.252385,1.2524,1.252385,1.2524
2017-10-10 00:33:00,1.2524,1.25238,1.25238,1.2524
2017-10-10 00:34:00,1.252395,1.2524,1.252385,1.2524
2017-10-10 00:35:00,1.252395,1.2524,1.252385,1.2524
2017-10-10 00:36:00,1.252365,1.25239,1.252365,1.252395
2017-10-10 00:37:00,1.25246,1.25239,1.25239,1.25246
2017-10-10 00:38:00,1.25247,1.25252,1.25237,1.252625
2017-10-10 00:39:00,1.25257,1.252475,1.25247,1.25257
2017-10-10 00:40:00,1.252365,1.252565,1.252345,1.25258
2017-10-10 00:41:00,1.252195,1.25237,1.252145,1.25238
2017-10-10 00:42:00,1.25225,1.252195,1.252085,1.25225
2017-10-10 00:43:00,1.252095,1.252195,1.252095,1.2522
2017-10-10 00:44:00,1.25215,1.252085,1.25208,1.252175
2017-10-10 00:45:00,1.2522,1.25215,1.252145,1.2522
2017-10-10 00:46:00,1.25236,1.252215,1.252215,1.252385
2017-10-10 00:47:00,1.25225,1.252345,1.252155,1.25235
2017-10-10 00:48:00,1.252155,1.252235,1.252155,1.252255
2017-10-10 00:49:00,1.25214,1.25216,1.252025,1.25218
2017-10-10 00:50:00,1.25214,1.25216,1.252025,1.25218
2017-10-10 00:51:00,1.252155,1.252125,1.25212,1.252175
2017-10-10 00:52:00,1.252175,1.252165,1.252145,1.252285
2017-10-10 00:53:00,1.252205,1.252175,1.252175,1.252205
2017-10-10 00:54:00,1.252235,1.252185,1.252185,1.25224
2017-10-10 00:55:00,1.25211,1.252205,1.252105,1.252205
2017-10-10 00:56:00,1.252155,1.25216,1.2521,1.252165
2017-10-10 00:57:00,1.2522,1.252155,1.252155,1.2522
2017-10-10 00:58:00,1.25225,1.25225,1.25223,1.252265
2017-10-10 00:59:00,1.252105,1.25225,1.25208,1.25225
2017-10-10 01:00:00,1.25206,1.252105,1.25205,1.252105
2017-10-10 01:01:00,1.2522,1.252005,1.25199,1.25225
2017-10-10 01:02:00,1.25206,1.252145,1.252,1.252145
2017-10-10 01:03:00,1.25209,1.252085,1.25208,1.25209
2017-10-10 01:04:00,1.252015,1.252035,1.25181,1.25204
2017-10-10 01:05:00,1.25206,1.252025,1.252005,1.252065
2017-10-10 01:06:00,1.252055,1.252045,1.252045,1.252055
2017-10-10 01:07:00,1.25204,1.25204,1.25204,1.252055
2017-10-10 01:08:00,1.252055,1.25205,1.252045,1.252055
2017-10-10 01:09:00,1.252185,1.252055,1.252055,1.252185
2017-10-10 01:10:00,1.252185,1.25218,1.25218,1.25223
2017-10-10 01:11:00,1.252215,1.25216,1.25216,1.25222
2017-10-10 01:12:00,1.25212,1.25222,1.25209,1.25222
2017-10-10 01:13:00,1.2521,1.25213,1.2521,1.25214
2017-10-10 01:14:00,1.25201,1.252095,1.252,1.2521
2017-10-10 01:15:00,1.25201,1.252095,1.252,1.2521
2017-10-10 01:16:00,1.25202,1.252015,1.252015,1.25202
2017-10-10 01:17:00,1.251945,1.252035,1.25194,1.25206
2017-10-10 01:18:00,1.25207,1.25195,1.251945,1.25207
2017-10-10 01:19:00,1.2521,1.252075,1.252075,1.252155
2017-10-10 01:20:00,1.25202,1.25208,1.25202,1.252085
2017-10-10 01:21:00,1.25201,1.25207,1.251995,1.252075
2017-10-10 01:22:00,1.252,1.25201,1.25199,1.25201
2017-10-10 01:23:00,1.25204,1.252055,1.25204,1.252085
2017-10-10 01:24:00,1.252055,1.25205,1.252035,1.252065
2017-10-10 01:25:00,1.25207,1.25204,1.25202,1.25208
2017-10-10 01:26:00,1.252065,1.25208,1.252055,1.252105
2017-10-10 01:27:00,1.252125,1.252115,1.252115,1.252125
2017-10-10 01:28:00,1.25214,1.252115,1.25211,1.252165
2017-10-10 01:29:00,1.25213,1.252135,1.25213,1.252135
2017-10-10 01:30:00,1.25201,1.252135,1.25201,1.252135
2017-10-10 01:31:00,1.252025,1.25201,1.25199,1.25208
2017-10-10 01:32:00,1.25205,1.25203,1.252025,1.252055
2017-10-10 01:33:00,1.2521,1.25208,1.25208,1.25211
2017-10-10 01:34:00,1.25206,1.25209,1.252045,1.25211
2017-10-10 01:35:00,1.252025,1.252055,1.251995,1.252055
2017-10-10 01:36:00,1.25207,1.25202,1.252015,1.25208
2017-10-10 01:37:00,1.25216,1.25207,1.252065,1.252175
2017-10-10 01:38:00,1.252045,1.252105,1.25204,1.252105
2017-10-10 01:39:00,1.25208,1.252065,1.252065,1.25209
2017-10-10 01:40:00,1.252075,1.252075,1.25207,1.252075
2017-10-10 01:41:00,1.252375,1.252075,1.25207,1.252435
2017-10-10 01:42:00,1.252425,1.25239,1.252275,1.25247
2017-10-10 01:43:00,1.25232,1.252405,1.25232,1.25241
2017-10-10 01:44:00,1.252165,1.2523,1.252165,1.25233
2017-10-10 01:45:00,1.252125,1.252155,1.25201,1.252165
2017-10-10 01:46:00,1.251965,1.252095,1.25193,1.252095
2017-10-10 01:47:00,1.25188,1.251915,1.251865,1.25195
2017-10-10 01:48:00,1.251855,1.25182,1.25173,1.251925
2017-10-10 01:49:00,1.251775,1.251905,1.251765,1.25192
2017-10-10 01:50:00,1.25185,1.25178,1.25178,1.25185
2017-10-10 01:51:00,1.25187,1.251835,1.251805,1.25188
2017-10-10 01:52:00,1.251805,1.251865,1.251805,1.251885
2017-10-10 01:53:00,1.251815,1.251785,1.25166,1.251815
2017-10-10 01:54:00,1.25187,1.25187,1.25187,1.25187
2017-10-10 01:55:00,1.25204,1.25191,1.25191,1.25206
2017-10-10 01:56:00,1.251885,1.25205,1.25188,1.252085
2017-10-10 01:57:00,1.251895,1.25188,1.25188,1.25191
2017-10-10 01:58:00,1.251965,1.25189,1.25189,1.25197
2017-10-10 01:59:00,1.25182,1.25195,1.25182,1.251985
2017-10-10 02:00:00,1.251725,1.251795,1.25168,1.251795
2017-10-10 02:01:00,1.251995,1.251775,1.251765,1.25203
2017-10-10 02:02:00,1.251935,1.252005,1.25187,1.25202
2017-10-10 02:03:00,1.251955,1.25194,1.251925,1.251995
2017-10-10 02:04:00,1.25222,1.25197,1.251935,1.252225
2017-10-10 02:05:00,1.25195,1.252195,1.25194,1.252195
2017-10-10 02:06:00,1.25196,1.25195,1.251855,1.251965
2017-10-10 02:07:00,1.251935,1.25197,1.251785,1.25199
2017-10-10 02:08:00,1.25184,1.25193,1.25184,1.25201
2017-10-10 02:09:00,1.25181,1.25179,1.251785,1.251825
2017-10-10 02:10:00,1.25185,1.251745,1.251665,1.25186
2017-10-10 02:11:00,1.251845,1.251865,1.251835,1.251875
2017-10-10 02:12:00,1.25198,1.251895,1.251775,1.25202
2017-10-10 02:13:00,1.25194,1.252,1.25187,1.252005
2017-10-10 02:14:00,1.251945,1.251945,1.25192,1.25206
2017-10-10 02:15:00,1.25193,1.252,1.251925,1.252015
2017-10-10 02:16:00,1.251925,1.25193,1.25192,1.251985
2017-10-10 02:17:00,1.25183,1.25193,1.25179,1.251935
2017-10-10 02:18:00,1.25189,1.251825,1.25177,1.25191
2017-10-10 02:19:00,1.25176,1.251895,1.251755,1.25192
2017-10-10 02:20:00,1.25189,1.25177,1.25177,1.251895
2017-10-10 02:21:00,1.25181,1.251895,1.25181,1.2519
2017-10-10 02:22:00,1.251555,1.25181,1.25153,1.25182
2017-10-10 02:23:00,1.25153,1.2515,1.251345,1.25168
2017-10-10 02:24:00,1.25137,1.251525,1.251335,1.251525
2017-10-10 02:25:00,1.25145,1.25143,1.25133,1.25147
2017-10-10 02:26:00,1.251515,1.25148,1.251475,1.2516
2017-10-10 02:27:00,1.2516,1.25156,1.25151,1.25164
2017-10-10 02:28:00,1.251675,1.251605,1.251575,1.251675
2017-10-10 02:29:00,1.251645,1.251655,1.25161,1.251685
2017-10-10 02:30:00,1.25148,1.25165,1.25148,1.25165
2017-10-10 02:31:00,1.25166,1.251485,1.251485,1.25172
2017-10-10 02:32:00,1.25155,1.25167,1.251545,1.25167
2017-10-10 02:33:00,1.251485,1.2515,1.251425,1.2515
2017-10-10 02:34:00,1.251415,1.25147,1.251415,1.25147
2017-10-10 02:35:00,1.251745,1.251445,1.251425,1.25182
2017-10-10 02:36:00,1.251495,1.251765,1.25149,1.251765
2017-10-10 02:37:00,1.25145,1.251505,1.2514,1.25154
2017-10-10 02:38:00,1.25129,1.251395,1.25129,1.251395
2017-10-10 02:39:00,1.251085,1.25129,1.25105,1.251295
2017-10-10 02:40:00,1.251085,1.251105,1.251,1.251145
2017-10-10 02:41:00,1.250995,1.25107,1.250995,1.251085
2017-10-10 02:42:00,1.251045,1.251005,1.250995,1.251115
2017-10-10 02:43:00,1.251075,1.2511,1.251055,1.251225
2017-10-10 02:44:00,1.251235,1.251085,1.251075,1.251235
2017-10-10 02:45:00,1.25143,1.251285,1.251285,1.251485
2017-10-10 02:46:00,1.25161,1.251435,1.251405,1.251615
2017-10-10 02:47:00,1.25163,1.251665,1.251625,1.251685
2017-10-10 02:48:00,1.251585,1.25162,1.25157,1.25163
2017-10-10 02:49:00,1.251465,1.25159,1.251455,1.251595
2017-10-10 02:50:00,1.25147,1.25146,1.251395,1.251535
2017-10-10 02:51:00,1.251435,1.251475,1.25142,1.25152
2017-10-10 02:52:00,1.25153,1.25144,1.25144,1.251565
2017-10-10 02:53:00,1.25164,1.25154,1.25153,1.25164
2017-10-10 02:54:00,1.251655,1.251665,1.251645,1.25174
2017-10-10 02:55:00,1.251715,1.251675,1.251675,1.251795
2017-10-10 02:56:00,1.251745,1.25171,1.251705,1.25178
2017-10-10 02:57:00,1.25171,1.251695,1.25168,1.251715
2017-10-10 02:58:00,1.25157,1.25171,1.25157,1.251715
2017-10-10 02:59:00,1.251475,1.25153,1.25143,1.25153
2017-10-10 03:00:00,1.25164,1.25148,1.25148,1.25164
2017-10-10 03:01:00,1.251815,1.25164,1.25157,1.251815
2017-10-10 03:02:00,1.25199,1.251805,1.251805,1.252005
2017-10-10 03:03:00,1.252125,1.251995,1.251985,1.252145
2017-10-10 03:04:00,1.25216,1.25212,1.25209,1.25217
2017-10-10 03:05:00,1.252165,1.252145,1.252055,1.252175
2017-10-10 03:06:00,1.25233,1.25217,1.252145,1.25234
2017-10-10 03:07:00,1.25226,1.25231,1.25219,1.25236
2017-10-10 03:08:00,1.25234,1.252265,1.252265,1.25241
2017-10-10 03:09:00,1.252325,1.252345,1.252285,1.252355
2017-10-10 03:10:00,1.25233,1.25232,1.25229,1.252405
2017-10-10 03:11:00,1.25218,1.25234,1.25218,1.252345
2017-10-10 03:12:00,1.25218,1.25217,1.252145,1.25224
2017-10-10 03:13:00,1.252235,1.252175,1.25217,1.252235
2017-10-10 03:14:00,1.252345,1.25224,1.252185,1.252345
2017-10-10 03:15:00,1.25236,1.25232,1.25227,1.252365
2017-10-10 03:16:00,1.25246,1.25238,1.25238,1.252465
2017-10-10 03:17:00,1.2527,1.252465,1.25244,1.252735
2017-10-10 03:18:00,1.25264,1.2527,1.252625,1.252765
2017-10-10 03:19:00,1.25267,1.25269,1.252595,1.252775
2017-10-10 03:20:00,1.25273,1.25267,1.25265,1.252745
2017-10-10 03:21:00,1.25263,1.252735,1.25261,1.25276
2017-10-10 03:22:00,1.25265,1.252605,1.2526,1.25267
2017-10-10 03:23:00,1.25259,1.252655,1.252565,1.25267
2017-10-10 03:24:00,1.25257,1.25259,1.25239,1.25261
2017-10-10 03:25:00,1.25241,1.252575,1.25239,1.252575
2017-10-10 03:26:00,1.25233,1.25241,1.25219,1.25252
2017-10-10 03:27:00,1.252335,1.25233,1.25229,1.25242
2017-10-10 03:28:00,1.252505,1.252385,1.252385,1.25253
2017-10-10 03:29:00,1.25251,1.252505,1.25248,1.252545
2017-10-10 03:30:00,1.25247,1.25246,1.25235,1.2525
2017-10-10 03:31:00,1.252425,1.25246,1.25235,1.252495
2017-10-10 03:32:00,1.252235,1.252435,1.252215,1.252445
2017-10-10 03:33:00,1.25215,1.252265,1.25215,1.252345
2017-10-10 03:34:00,1.25228,1.252155,1.252045,1.252295
2017-10-10 03:35:00,1.252255,1.252225,1.25218,1.252385
2017-10-10 03:36:00,1.252015,1.25225,1.251955,1.25225
2017-10-10 03:37:00,1.25219,1.252035,1.252005,1.25225
2017-10-10 03:38:00,1.25229,1.25225,1.252175,1.25229
2017-10-10 03:39:00,1.25215,1.252285,1.25215,1.252305
2017-10-10 03:40:00,1.252075,1.252145,1.252035,1.252145
2017-10-10 03:41:00,1.2523,1.252105,1.2521,1.252315
2017-10-10 03:42:00,1.25221,1.252295,1.25212,1.252295
2017-10-10 03:43:00,1.252305,1.252215,1.25219,1.25231
2017-10-10 03:44:00,1.25235,1.2523,1.252275,1.25235
2017-10-10 03:45:00,1.25228,1.25236,1.252275,1.252405
2017-10-10 03:46:00,1.252335,1.25227,1.252195,1.252335
2017-10-10 03:47:00,1.25233,1.252335,1.25228,1.25235
2017-10-10 03:48:00,1.25236,1.252335,1.252325,1.252395
2017-10-10 03:49:00,1.252255,1.252345,1.25225,1.252345
2017-10-10 03:50:00,1.25228,1.252275,1.25226,1.252345
2017-10-10 03:51:00,1.252285,1.252285,1.2522,1.2523
2017-10-10 03:52:00,1.25247,1.25229,1.252285,1.25247
2017-10-10 03:53:00,1.25247,1.252415,1.252405,1.252475
2017-10-10 03:54:00,1.252645,1.252465,1.25245,1.252705
2017-10-10 03:55:00,1.25266,1.252645,1.25256,1.252665
2017-10-10 03:56:00,1.25231,1.25266,1.252305,1.252665
2017-10-10 03:57:00,1.252485,1.252295,1.25226,1.2525
2017-10-10 03:58:00,1.252405,1.252495,1.252265,1.2525
2017-10-10 03:59:00,1.252405,1.25241,1.25237,1.252445
2017-10-10 04:00:00,1.252345,1.25236,1.252305,1.25244
2017-10-10 04:01:00,1.25207,1.252345,1.25206,1.25235
2017-10-10 04:02:00,1.25188,1.25204,1.25181,1.25204
2017-10-10 04:03:00,1.25178,1.251875,1.25167,1.25188
2017-10-10 04:04:00,1.25154,1.25179,1.25151,1.251805
2017-10-10 04:05:00,1.25148,1.251515,1.25147,1.25153
2017-10-10 04:06:00,1.251565,1.25148,1.25137,1.251565
2017-10-10 04:07:00,1.25148,1.251565,1.251335,1.251575
2017-10-10 04:08:00,1.251435,1.251425,1.251395,1.25144
2017-10-10 04:09:00,1.251415,1.25143,1.25141,1.251475
2017-10-10 04:10:00,1.25143,1.251445,1.251425,1.251505
2017-10-10 04:11:00,1.251355,1.251375,1.25135,1.251435
2017-10-10 04:12:00,1.251215,1.25133,1.25121,1.251385
2017-10-10 04:13:00,1.251135,1.25127,1.251085,1.25127
2017-10-10 04:14:00,1.25122,1.251135,1.251135,1.25124
2017-10-10 04:15:00,1.25122,1.25122,1.25121,1.25124
2017-10-10 04:16:00,1.251235,1.25127,1.2512,1.251345
2017-10-10 04:17:00,1.251405,1.251245,1.25124,1.251415
2017-10-10 04:18:00,1.25144,1.251415,1.25141,1.251445
2017-10-10 04:19:00,1.25138,1.251385,1.251375,1.251385
2017-10-10 04:20:00,1.25145,1.251365,1.25133,1.25145
2017-10-10 04:21:00,1.25152,1.25148,1.25148,1.251615
2017-10-10 04:22:00,1.251565,1.251525,1.25152,1.25163
2017-10-10 04:23:00,1.25168,1.251565,1.251515,1.25171
2017-10-10 04:24:00,1.251685,1.25172,1.25168,1.251765
2017-10-10 04:25:00,1.251425,1.251715,1.251425,1.25173
2017-10-10 04:26:00,1.251435,1.251425,1.25132,1.251445
2017-10-10 04:27:00,1.25137,1.25143,1.251315,1.25143
2017-10-10 04:28:00,1.251465,1.2514,1.2514,1.251465
2017-10-10 04:29:00,1.251335,1.251415,1.25133,1.25142
2017-10-10 04:30:00,1.25134,1.251345,1.251325,1.251365
2017-10-10 04:31:00,1.25133,1.251285,1.251255,1.25143
2017-10-10 04:32:00,1.25132,1.251335,1.251275,1.25145
2017-10-10 04:33:00,1.25139,1.251315,1.251315,1.25139
2017-10-10 04:34:00,1.251565,1.251445,1.251405,1.25158
2017-10-10 04:35:00,1.251695,1.25157,1.25156,1.251735
2017-10-10 04:36:00,1.251615,1.25174,1.2516,1.251775
2017-10-10 04:37:00,1.251755,1.25162,1.251615,1.251805
2017-10-10 04:38:00,1.251775,1.25174,1.25174,1.251845
2017-10-10 04:39:00,1.251875,1.251825,1.25181,1.25188
2017-10-10 04:40:00,1.25177,1.251855,1.251625,1.251865
2017-10-10 04:41:00,1.25179,1.25175,1.251705,1.251855
2017-10-10 04:42:00,1.25198,1.2518,1.2518,1.252035
2017-10-10 04:43:00,1.25194,1.25199,1.251855,1.25199
2017-10-10 04:44:00,1.251745,1.25192,1.251745,1.25193
2017-10-10 04:45:00,1.25173,1.25177,1.251725,1.251815
2017-10-10 04:46:00,1.251675,1.251725,1.251665,1.251735
2017-10-10 04:47:00,1.251705,1.25167,1.251665,1.251715
2017-10-10 04:48:00,1.251615,1.25166,1.251605,1.251725
2017-10-10 04:49:00,1.25174,1.25164,1.251625,1.251765
2017-10-10 04:50:00,1.25178,1.251745,1.25173,1.25183
2017-10-10 04:51:00,1.251795,1.25173,1.25173,1.251865
2017-10-10 04:52:00,1.25189,1.251815,1.2517,1.251905
2017-10-10 04:53:00,1.251845,1.251875,1.251725,1.25189
2017-10-10 04:54:00,1.25191,1.251865,1.251865,1.25196
2017-10-10 04:55:00,1.251955,1.251855,1.251855,1.25196
2017-10-10 04:56:00,1.25172,1.25195,1.2517,1.25195
2017-10-10 04:57:00,1.251795,1.251715,1.25171,1.251805
2017-10-10 04:58:00,1.25165,1.251745,1.251595,1.251745
2017-10-10 04:59:00,1.25165,1.25165,1.251645,1.25174
2017-10-10 05:00:00,1.251855,1.251645,1.251645,1.25187
2017-10-10 05:01:00,1.25159,1.25186,1.25155,1.25187
2017-10-10 05:02:00,1.251795,1.251635,1.251635,1.251795
2017-10-10 05:03:00,1.251815,1.2518,1.251785,1.25186
2017-10-10 05:04:00,1.251915,1.2518,1.251775,1.251915
2017-10-10 05:05:00,1.251915,1.2518,1.251775,1.251915
2017-10-10 05:06:00,1.251845,1.25191,1.25178,1.25191
2017-10-10 05:07:00,1.25186,1.2519,1.251855,1.252015
2017-10-10 05:08:00,1.25175,1.25187,1.251745,1.25187
2017-10-10 05:09:00,1.25179,1.251805,1.25177,1.251825
2017-10-10 05:10:00,1.251955,1.2518,1.251795,1.251955
2017-10-10 05:11:00,1.25178,1.25195,1.251755,1.25195
2017-10-10 05:12:00,1.251735,1.251775,1.25173,1.251835
2017-10-10 05:13:00,1.251825,1.25174,1.25174,1.251825
2017-10-10 05:14:00,1.25174,1.251825,1.25174,1.25192
2017-10-10 05:15:00,1.251765,1.251745,1.25173,1.251775
2017-10-10 05:16:00,1.25187,1.25176,1.25176,1.25187
2017-10-10 05:17:00,1.251905,1.251865,1.251755,1.251955
2017-10-10 05:18:00,1.25181,1.2519,1.25181,1.251905
2017-10-10 05:19:00,1.25166,1.251805,1.25166,1.251805
2017-10-10 05:20:00,1.251825,1.251715,1.25166,1.25183
2017-10-10 05:21:00,1.25188,1.251825,1.251815,1.25189
2017-10-10 05:22:00,1.251675,1.251835,1.25167,1.251835
2017-10-10 05:23:00,1.2516,1.251625,1.2516,1.251645
2017-10-10 05:24:00,1.25158,1.251545,1.25152,1.25158
2017-10-10 05:25:00,1.251545,1.251575,1.251505,1.25158
2017-10-10 05:26:00,1.251455,1.2515,1.251445,1.251525
2017-10-10 05:27:00,1.251465,1.251505,1.25146,1.251555
2017-10-10 05:28:00,1.251555,1.25152,1.251515,1.25158
2017-10-10 05:29:00,1.251555,1.251565,1.25148,1.251615
2017-10-10 05:30:00,1.251585,1.25161,1.251585,1.25162
2017-10-10 05:31:00,1.25159,1.25159,1.25158,1.251625
2017-10-10 05:32:00,1.25137,1.251565,1.251355,1.251575
2017-10-10 05:33:00,1.251415,1.251365,1.251335,1.25152
2017-10-10 05:34:00,1.25122,1.25141,1.251175,1.251425
2017-10-10 05:35:00,1.25114,1.251215,1.25098,1.25126
2017-10-10 05:36:00,1.25118,1.251085,1.250905,1.251245
2017-10-10 05:37:00,1.251245,1.25118,1.25118,1.25131
2017-10-10 05:38:00,1.251305,1.25122,1.25122,1.25131
2017-10-10 05:39:00,1.251305,1.2513,1.25125,1.251325
2017-10-10 05:40:00,1.25133,1.251355,1.251305,1.25152
2017-10-10 05:41:00,1.251545,1.251325,1.251325,1.251905
2017-10-10 05:42:00,1.25145,1.25153,1.25144,1.251585
2017-10-10 05:43:00,1.251445,1.251445,1.251445,1.25148
2017-10-10 05:44:00,1.251555,1.25144,1.251415,1.25165
2017-10-10 05:45:00,1.25169,1.25156,1.25156,1.25171
2017-10-10 05:46:00,1.25171,1.25168,1.25157,1.25171
2017-10-10 05:47:00,1.25174,1.251765,1.251735,1.251795
2017-10-10 05:48:00,1.2515,1.251755,1.251485,1.251755
2017-10-10 05:49:00,1.251305,1.25151,1.251305,1.251515
2017-10-10 05:50:00,1.25103,1.2513,1.25102,1.2513
2017-10-10 05:51:00,1.250905,1.251005,1.250875,1.251095
2017-10-10 05:52:00,1.25076,1.250895,1.250675,1.25097
2017-10-10 05:53:00,1.25076,1.250765,1.250715,1.2508
2017-10-10 05:54:00,1.25046,1.25079,1.25028,1.250815
2017-10-10 05:55:00,1.250055,1.25047,1.25,1.25047
2017-10-10 05:56:00,1.250215,1.250055,1.25005,1.25031
2017-10-10 05:57:00,1.250395,1.25021,1.25019,1.250425
2017-10-10 05:58:00,1.25008,1.250405,1.250065,1.250415
2017-10-10 05:59:00,1.24993,1.250075,1.249915,1.2501
2017-10-10 06:00:00,1.249855,1.24998,1.24977,1.24998
2017-10-10 06:01:00,1.24952,1.249855,1.24938,1.249855
2017-10-10 06:02:00,1.24967,1.249505,1.2495,1.24967
2017-10-10 06:03:00,1.24998,1.249675,1.24962,1.24998
2017-10-10 06:04:00,1.249905,1.249985,1.249805,1.249985
2017-10-10 06:05:00,1.250035,1.24991,1.24989,1.25008
2017-10-10 06:06:00,1.24991,1.249985,1.24991,1.250125
2017-10-10 06:07:00,1.25004,1.24996,1.249875,1.250045
2017-10-10 06:08:00,1.25018,1.250045,1.249985,1.250195
2017-10-10 06:09:00,1.25028,1.25023,1.25015,1.25031
2017-10-10 06:10:00,1.25023,1.25026,1.250145,1.250265
2017-10-10 06:11:00,1.25038,1.25022,1.25022,1.25052
2017-10-10 06:12:00,1.250645,1.250375,1.250375,1.250765
2017-10-10 06:13:00,1.25058,1.25064,1.250575,1.250845
2017-10-10 06:14:00,1.25073,1.250585,1.250585,1.250825
2017-10-10 06:15:00,1.250735,1.25072,1.250615,1.25075
2017-10-10 06:16:00,1.250525,1.250715,1.250505,1.250715
2017-10-10 06:17:00,1.250665,1.25058,1.250515,1.250665
2017-10-10 06:18:00,1.25056,1.25061,1.250465,1.25065
2017-10-10 06:19:00,1.250455,1.250565,1.25045,1.25062
2017-10-10 06:20:00,1.250625,1.25048,1.25048,1.250645
2017-10-10 06:21:00,1.250815,1.250585,1.250585,1.250815
2017-10-10 06:22:00,1.250525,1.25079,1.250525,1.25079
2017-10-10 06:23:00,1.250475,1.250535,1.250395,1.25056
2017-10-10 06:24:00,1.250435,1.250415,1.250305,1.25049
2017-10-10 06:25:00,1.25059,1.250385,1.250335,1.2506
2017-10-10 06:26:00,1.25091,1.250585,1.25058,1.250935
2017-10-10 06:27:00,1.25071,1.25091,1.250685,1.25091
2017-10-10 06:28:00,1.25077,1.250695,1.250665,1.25077
2017-10-10 06:29:00,1.250745,1.250765,1.25069,1.250835
2017-10-10 06:30:00,1.25077,1.2508,1.25076,1.250815
2017-10-10 06:31:00,1.25073,1.25078,1.25072,1.250795
2017-10-10 06:32:00,1.25065,1.250675,1.25053,1.2507
2017-10-10 06:33:00,1.250895,1.25065,1.250645,1.250895
2017-10-10 06:34:00,1.25096,1.2509,1.250895,1.25098
2017-10-10 06:35:00,1.25109,1.25097,1.250935,1.251195
2017-10-10 06:36:00,1.250945,1.251095,1.25094,1.251115
2017-10-10 06:37:00,1.25109,1.25095,1.250925,1.251125
2017-10-10 06:38:00,1.251115,1.25106,1.25106,1.251225
2017-10-10 06:39:00,1.25085,1.25112,1.250845,1.25114
2017-10-10 06:40:00,1.25088,1.25086,1.25086,1.250925
2017-10-10 06:41:00,1.250785,1.250825,1.25077,1.250825
2017-10-10 06:42:00,1.250945,1.25079,1.25079,1.25095
2017-10-10 06:43:00,1.251,1.25094,1.250935,1.25109
2017-10-10 06:44:00,1.250915,1.250995,1.25089,1.25102
2017-10-10 06:45:00,1.250915,1.250915,1.25087,1.25096
2017-10-10 06:46:00,1.251095,1.250865,1.250865,1.251105
2017-10-10 06:47:00,1.251225,1.251145,1.251095,1.25123
2017-10-10 06:48:00,1.25162,1.25127,1.25127,1.25162
2017-10-10 06:49:00,1.25176,1.251595,1.25148,1.251835
2017-10-10 06:50:00,1.25173,1.25176,1.25164,1.251865
2017-10-10 06:51:00,1.25154,1.251735,1.251455,1.25175
2017-10-10 06:52:00,1.25162,1.25152,1.251455,1.251625
2017-10-10 06:53:00,1.251635,1.251625,1.25156,1.251705
2017-10-10 06:54:00,1.251555,1.25163,1.251415,1.251745
2017-10-10 06:55:00,1.251525,1.25155,1.251495,1.25162
2017-10-10 06:56:00,1.25162,1.251545,1.25153,1.251715
2017-10-10 06:57:00,1.251775,1.25159,1.251485,1.251775
2017-10-10 06:58:00,1.251615,1.25178,1.251615,1.25178
2017-10-10 06:59:00,1.25149,1.25164,1.251435,1.25164
2017-10-10 07:00:00,1.25147,1.25148,1.251405,1.251525
2017-10-10 07:01:00,1.251295,1.251465,1.251245,1.25147
2017-10-10 07:02:00,1.25164,1.25128,1.25128,1.25166
2017-10-10 07:03:00,1.251615,1.251615,1.251505,1.25162
2017-10-10 07:04:00,1.25169,1.25167,1.25163,1.25169
2017-10-10 07:05:00,1.251675,1.25164,1.251595,1.251675
2017-10-10 07:06:00,1.25175,1.251705,1.251705,1.251835
2017-10-10 07:07:00,1.251595,1.25169,1.251545,1.25179
2017-10-10 07:08:00,1.25154,1.25159,1.251535,1.25165
2017-10-10 07:09:00,1.251605,1.25154,1.251475,1.251665
2017-10-10 07:10:00,1.25168,1.251635,1.25137,1.25168
2017-10-10 07:11:00,1.251745,1.251675,1.25167,1.251745
2017-10-10 07:12:00,1.25151,1.25176,1.25143,1.251815
2017-10-10 07:13:00,1.25095,1.25146,1.25083,1.25146
2017-10-10 07:14:00,1.251135,1.25097,1.250965,1.251345
2017-10-10 07:15:00,1.25141,1.25119,1.251175,1.251465
2017-10-10 07:16:00,1.25157,1.251425,1.2514,1.25164
2017-10-10 07:17:00,1.25157,1.25152,1.25139,1.251575
2017-10-10 07:18:00,1.25166,1.2516,1.25157,1.251845
2017-10-10 07:19:00,1.25162,1.251655,1.25148,1.25167
2017-10-10 07:20:00,1.251575,1.251625,1.251445,1.251665
2017-10-10 07:21:00,1.251705,1.25157,1.251565,1.25171
2017-10-10 07:22:00,1.25163,1.25171,1.251625,1.251765
2017-10-10 07:23:00,1.2516,1.251635,1.251545,1.25169
2017-10-10 07:24:00,1.251605,1.2516,1.251555,1.25161
2017-10-10 07:25:00,1.25152,1.25158,1.25146,1.251585
2017-10-10 07:26:00,1.25148,1.251475,1.251415,1.251535
2017-10-10 07:27:00,1.25151,1.251475,1.25146,1.251515
2017-10-10 07:28:00,1.251485,1.251455,1.251435,1.251525
2017-10-10 07:29:00,1.251675,1.25149,1.25148,1.25177
2017-10-10 07:30:00,1.25173,1.251685,1.251625,1.25177
2017-10-10 07:31:00,1.25168,1.25168,1.25163,1.251735
2017-10-10 07:32:00,1.25168,1.251705,1.251635,1.251705
2017-10-10 07:33:00,1.2517,1.25173,1.2517,1.251745
2017-10-10 07:34:00,1.25169,1.251685,1.251595,1.25171
2017-10-10 07:35:00,1.25165,1.251685,1.251625,1.251695
2017-10-10 07:36:00,1.25166,1.2516,1.2516,1.25168
2017-10-10 07:37:00,1.251645,1.251665,1.251615,1.25167
2017-10-10 07:38:00,1.2515,1.251635,1.251445,1.25165
2017-10-10 07:39:00,1.25158,1.25148,1.25148,1.2516
2017-10-10 07:40:00,1.251495,1.25158,1.25148,1.251595
2017-10-10 07:41:00,1.251335,1.251505,1.251335,1.25153
2017-10-10 07:42:00,1.251395,1.25128,1.25128,1.251425
2017-10-10 07:43:00,1.25095,1.25142,1.25092,1.25142
2017-10-10 07:44:00,1.250975,1.25097,1.250875,1.251035
2017-10-10 07:45:00,1.25101,1.250945,1.2508,1.251065
2017-10-10 07:46:00,1.251,1.25106,1.251,1.25106
2017-10-10 07:47:00,1.25106,1.25102,1.250965,1.25109
2017-10-10 07:48:00,1.251045,1.251055,1.25103,1.2512
2017-10-10 07:49:00,1.25082,1.25102,1.25081,1.25102
2017-10-10 07:50:00,1.250755,1.25084,1.2507,1.250885
2017-10-10 07:51:00,1.250835,1.25075,1.250665,1.250835
2017-10-10 07:52:00,1.25074,1.25083,1.250735,1.2509
2017-10-10 07:53:00,1.25059,1.25075,1.25059,1.25075
2017-10-10 07:54:00,1.25042,1.25064,1.250415,1.25065
2017-10-10 07:55:00,1.25043,1.250475,1.25036,1.25049
2017-10-10 07:56:00,1.25026,1.25044,1.25023,1.250495
2017-10-10 07:57:00,1.25029,1.25026,1.25018,1.25032
2017-10-10 07:58:00,1.250345,1.250285,1.250265,1.25038
2017-10-10 07:59:00,1.250215,1.250375,1.250205,1.250395
2017-10-10 08:00:00,1.250105,1.25021,1.25007,1.25026
2017-10-10 08:01:00,1.25022,1.250095,1.25002,1.250245
2017-10-10 08:02:00,1.25007,1.25017,1.249935,1.250265
2017-10-10 08:03:00,1.250125,1.250095,1.25004,1.250125
2017-10-10 08:04:00,1.250055,1.250175,1.24996,1.250215
2017-10-10 08:05:00,1.2502,1.25005,1.249895,1.2502
2017-10-10 08:06:00,1.25012,1.25015,1.249995,1.250155
2017-10-10 08:07:00,1.250305,1.250125,1.25012,1.25031
2017-10-10 08:08:00,1.250325,1.250305,1.2503,1.2504
2017-10-10 08:09:00,1.250755,1.250365,1.250295,1.25077
2017-10-10 08:10:00,1.2503,1.25075,1.250265,1.25075
2017-10-10 08:11:00,1.2503,1.250355,1.2503,1.25052
2017-10-10 08:12:00,1.250335,1.250245,1.250235,1.25034
2017-10-10 08:13:00,1.250455,1.25033,1.250315,1.25052
2017-10-10 08:14:00,1.250205,1.250455,1.25013,1.250465
2017-10-10 08:15:00,1.25007,1.25021,1.250045,1.250245
2017-10-10 08:16:00,1.249855,1.250005,1.249785,1.250005
2017-10-10 08:17:00,1.250075,1.249855,1.249855,1.25012
2017-10-10 08:18:00,1.250235,1.25007,1.250015,1.250335
2017-10-10 08:19:00,1.250085,1.25021,1.250045,1.250275
2017-10-10 08:20:00,1.250115,1.250075,1.250015,1.25018
2017-10-10 08:21:00,1.250325,1.25012,1.25009,1.250325
2017-10-10 08:22:00,1.249925,1.25035,1.249925,1.25047
2017-10-10 08:23:00,1.250125,1.24992,1.249765,1.250125
2017-10-10 08:24:00,1.250255,1.25013,1.25013,1.250295
2017-10-10 08:25:00,1.250195,1.250285,1.250165,1.250285
2017-10-10 08:26:00,1.2499,1.25015,1.249845,1.25015
2017-10-10 08:27:00,1.24992,1.249905,1.24982,1.25001
2017-10-10 08:28:00,1.24977,1.249905,1.249765,1.24993
2017-10-10 08:29:00,1.25004,1.249765,1.249675,1.25004
2017-10-10 08:30:00,1.250235,1.25001,1.24989,1.25056
2017-10-10 08:31:00,1.250475,1.250245,1.250155,1.250825
2017-10-10 08:32:00,1.250225,1.25042,1.250195,1.25042
2017-10-10 08:33:00,1.250285,1.25023,1.25015,1.25029
2017-10-10 08:34:00,1.250295,1.25026,1.250235,1.25039
2017-10-10 08:35:00,1.250465,1.250275,1.250245,1.25047
2017-10-10 08:36:00,1.25056,1.25045,1.25027,1.250665
2017-10-10 08:37:00,1.250335,1.25051,1.250335,1.250555
2017-10-10 08:38:00,1.25012,1.25031,1.250115,1.25031
2017-10-10 08:39:00,1.25007,1.250115,1.249965,1.250145
2017-10-10 08:40:00,1.24994,1.25004,1.24989,1.2503
2017-10-10 08:41:00,1.25002,1.24999,1.249985,1.250065
2017-10-10 08:42:00,1.250085,1.249995,1.24996,1.250125
2017-10-10 08:43:00,1.25032,1.250075,1.25007,1.25054
2017-10-10 08:44:00,1.24985,1.25032,1.249755,1.25034
2017-10-10 08:45:00,1.24983,1.249845,1.24977,1.249885
2017-10-10 08:46:00,1.24989,1.249855,1.24985,1.25001
2017-10-10 08:47:00,1.249875,1.249895,1.24985,1.249955
2017-10-10 08:48:00,1.250145,1.24993,1.249905,1.250165
2017-10-10 08:49:00,1.250135,1.25015,1.250135,1.25016
2017-10-10 08:50:00,1.250355,1.25019,1.25019,1.250375
2017-10-10 08:51:00,1.250425,1.2504,1.250325,1.250455
2017-10-10 08:52:00,1.25046,1.250475,1.250435,1.250535
2017-10-10 08:53:00,1.250185,1.250465,1.250085,1.25058
2017-10-10 08:54:00,1.250175,1.25018,1.25011,1.25025
2017-10-10 08:55:00,1.250175,1.25018,1.250165,1.250315
2017-10-10 08:56:00,1.250375,1.250155,1.25015,1.250455
2017-10-10 08:57:00,1.250615,1.25037,1.25029,1.25062
2017-10-10 08:58:00,1.25061,1.25061,1.25057,1.250685
2017-10-10 08:59:00,1.250695,1.2506,1.250595,1.250695
2017-10-10 09:00:00,1.250625,1.250695,1.25057,1.2507
2017-10-10 09:01:00,1.250785,1.250605,1.25052,1.250795
2017-10-10 09:02:00,1.250625,1.250735,1.2506,1.25079
2017-10-10 09:03:00,1.25058,1.2506,1.2505,1.25071
2017-10-10 09:04:00,1.25041,1.250575,1.250265,1.25058
2017-10-10 09:05:00,1.250225,1.25043,1.25013,1.25043
2017-10-10 09:06:00,1.249875,1.250225,1.249875,1.25023
2017-10-10 09:07:00,1.249785,1.249845,1.24973,1.2499
2017-10-10 09:08:00,1.249805,1.24984,1.249645,1.249845
2017-10-10 09:09:00,1.249725,1.24982,1.249645,1.249825
2017-10-10 09:10:00,1.24978,1.249675,1.249615,1.2498
2017-10-10 09:11:00,1.24963,1.24978,1.249625,1.24983
2017-10-10 09:12:00,1.24963,1.24966,1.24963,1.249765
2017-10-10 09:13:00,1.24967,1.249625,1.249625,1.249745
2017-10-10 09:14:00,1.249565,1.24965,1.249545,1.249685
2017-10-10 09:15:00,1.249615,1.24952,1.249515,1.249625
2017-10-10 09:16:00,1.24966,1.24962,1.249615,1.24975
2017-10-10 09:17:00,1.249675,1.24964,1.249615,1.2497
2017-10-10 09:18:00,1.249805,1.24962,1.24961,1.249805
2017-10-10 09:19:00,1.24981,1.2498,1.24975,1.249845
2017-10-10 09:20:00,1.2499,1.24986,1.24979,1.2499
2017-10-10 09:21:00,1.25003,1.24996,1.24984,1.25003
2017-10-10 09:22:00,1.25004,1.24998,1.24991,1.25004
2017-10-10 09:23:00,1.25002,1.25005,1.24996,1.250085
2017-10-10 09:24:00,1.25001,1.25001,1.24999,1.2501
2017-10-10 09:25:00,1.25005,1.250005,1.25,1.25005
2017-10-10 09:26:00,1.24985,1.25006,1.24978,1.25006
2017-10-10 09:27:00,1.249825,1.249795,1.249755,1.249865
2017-10-10 09:28:00,1.249865,1.249865,1.24982,1.24994
2017-10-10 09:29:00,1.24993,1.24991,1.24986,1.249975
2017-10-10 09:30:00,1.24991,1.249925,1.24982,1.249985
2017-10-10 09:31:00,1.249655,1.24991,1.249575,1.24998
2017-10-10 09:32:00,1.249655,1.24965,1.249515,1.24973
2017-10-10 09:33:00,1.249745,1.24966,1.249525,1.249745
2017-10-10 09:34:00,1.249505,1.24975,1.24945,1.249775
2017-10-10 09:35:00,1.249525,1.2495,1.249445,1.24959
2017-10-10 09:36:00,1.249595,1.24953,1.249495,1.249645
2017-10-10 09:37:00,1.24962,1.249595,1.249575,1.24965
2017-10-10 09:38:00,1.24959,1.249625,1.249565,1.24963
2017-10-10 09:39:00,1.249605,1.249595,1.249485,1.249765
2017-10-10 09:40:00,1.249575,1.2496,1.249445,1.24961
2017-10-10 09:41:00,1.249545,1.24958,1.24944,1.24958
2017-10-10 09:42:00,1.24938,1.249555,1.249345,1.2496
2017-10-10 09:43:00,1.24934,1.249385,1.249305,1.249405
2017-10-10 09:44:00,1.248945,1.24935,1.248885,1.24935
2017-10-10 09:45:00,1.248885,1.249,1.248865,1.249
2017-10-10 09:46:00,1.249195,1.248865,1.24884,1.2492
2017-10-10 09:47:00,1.249085,1.24922,1.249005,1.249245
2017-10-10 09:48:00,1.249155,1.24906,1.24905,1.24922
2017-10-10 09:49:00,1.24925,1.249165,1.249005,1.249325
2017-10-10 09:50:00,1.24912,1.2492,1.24903,1.24929
2017-10-10 09:51:00,1.249045,1.24914,1.248975,1.24929
2017-10-10 09:52:00,1.248875,1.249045,1.248725,1.24905
2017-10-10 09:53:00,1.248785,1.248885,1.248775,1.248965
2017-10-10 09:54:00,1.248985,1.24884,1.24884,1.249
2017-10-10 09:55:00,1.2489,1.24899,1.24888,1.24899
2017-10-10 09:56:00,1.248995,1.248905,1.248895,1.249015
2017-10-10 09:57:00,1.248665,1.249025,1.248665,1.249145
2017-10-10 09:58:00,1.24896,1.24867,1.248655,1.24913
2017-10-10 09:59:00,1.248965,1.24896,1.248785,1.248965
2017-10-10 10:00:00,1.24868,1.248975,1.24858,1.249095
2017-10-10 10:01:00,1.24859,1.248625,1.248365,1.24865
2017-10-10 10:02:00,1.24863,1.248605,1.24858,1.24875
2017-10-10 10:03:00,1.24855,1.248675,1.24855,1.248805
2017-10-10 10:04:00,1.24886,1.248525,1.248515,1.24887
2017-10-10 10:05:00,1.249075,1.24884,1.24879,1.2491
2017-10-10 10:06:00,1.2493,1.249105,1.249085,1.249305
2017-10-10 10:07:00,1.2491,1.249295,1.2491,1.249345
2017-10-10 10:08:00,1.249065,1.249155,1.249035,1.249345
2017-10-10 10:09:00,1.249325,1.24908,1.248915,1.249365
2017-10-10 10:10:00,1.249555,1.24938,1.24933,1.249575
2017-10-10 10:11:00,1.249535,1.249525,1.24941,1.249535
2017-10-10 10:12:00,1.24937,1.24953,1.249305,1.24961
2017-10-10 10:13:00,1.249295,1.249345,1.249275,1.2494
2017-10-10 10:14:00,1.24939,1.24928,1.249215,1.24939
2017-10-10 10:15:00,1.24937,1.249395,1.249285,1.24953
2017-10-10 10:16:00,1.249235,1.249385,1.24921,1.24949
2017-10-10 10:17:00,1.249585,1.24924,1.249225,1.24959
2017-10-10 10:18:00,1.249745,1.249575,1.249575,1.249775
2017-10-10 10:19:00,1.2496,1.249735,1.24952,1.24974
2017-10-10 10:20:00,1.2496,1.249595,1.24955,1.249695
2017-10-10 10:21:00,1.249405,1.249565,1.249405,1.249605
2017-10-10 10:22:00,1.24942,1.249425,1.249245,1.24945
2017-10-10 10:23:00,1.24966,1.249445,1.249445,1.249695
2017-10-10 10:24:00,1.249665,1.2497,1.249665,1.249835
2017-10-10 10:25:00,1.24977,1.24969,1.24969,1.24981
2017-10-10 10:26:00,1.249565,1.249765,1.249495,1.24977
2017-10-10 10:27:00,1.249655,1.24956,1.24954,1.249775
2017-10-10 10:28:00,1.249455,1.24965,1.24943,1.24967
2017-10-10 10:29:00,1.249465,1.24946,1.249355,1.249525
2017-10-10 10:30:00,1.24967,1.249435,1.24941,1.249675
2017-10-10 10:31:00,1.24976,1.24972,1.24966,1.24976
2017-10-10 10:32:00,1.24984,1.24981,1.24975,1.24991
2017-10-10 10:33:00,1.249715,1.249895,1.24971,1.24993
2017-10-10 10:34:00,1.249715,1.249725,1.249705,1.24998
2017-10-10 10:35:00,1.249675,1.24971,1.24964,1.249805
2017-10-10 10:36:00,1.2496,1.249695,1.249595,1.249895
2017-10-10 10:37:00,1.24992,1.249595,1.249595,1.24992
2017-10-10 10:38:00,1.249805,1.24993,1.249775,1.24996
2017-10-10 10:39:00,1.249885,1.249835,1.249835,1.24999
2017-10-10 10:40:00,1.2498,1.249885,1.249755,1.24989
2017-10-10 10:41:00,1.24971,1.249805,1.249615,1.249815
2017-10-10 10:42:00,1.249575,1.24973,1.24955,1.249795
2017-10-10 10:43:00,1.24949,1.249575,1.249485,1.24959
2017-10-10 10:44:00,1.24952,1.249445,1.249435,1.249565
2017-10-10 10:45:00,1.24951,1.249495,1.24936,1.24957
2017-10-10 10:46:00,1.2497,1.24946,1.24942,1.249795
2017-10-10 10:47:00,1.24997,1.24969,1.24962,1.24997
2017-10-10 10:48:00,1.24988,1.249975,1.24983,1.249995
2017-10-10 10:49:00,1.249865,1.249825,1.24979,1.24987
2017-10-10 10:50:00,1.249955,1.24987,1.249805,1.249965
2017-10-10 10:51:00,1.24974,1.24995,1.24966,1.24996
2017-10-10 10:52:00,1.24982,1.24974,1.24973,1.24982
2017-10-10 10:53:00,1.249785,1.249765,1.24975,1.24981
2017-10-10 10:54:00,1.249925,1.24978,1.249775,1.249995
2017-10-10 10:55:00,1.24967,1.24993,1.24965,1.249935
2017-10-10 10:56:00,1.24964,1.249695,1.24952,1.24975
2017-10-10 10:57:00,1.24989,1.249645,1.24962,1.24991
2017-10-10 10:58:00,1.249565,1.249835,1.249515,1.249835
2017-10-10 10:59:00,1.24936,1.24957,1.24936,1.2496
2017-10-10 11:00:00,1.24937,1.24936,1.24932,1.24959
2017-10-10 11:01:00,1.249455,1.249365,1.249155,1.249495
2017-10-10 11:02:00,1.24959,1.24946,1.24929,1.249615
2017-10-10 11:03:00,1.24956,1.249595,1.24944,1.24961
2017-10-10 11:04:00,1.24968,1.24962,1.249595,1.24973
2017-10-10 11:05:00,1.25,1.24971,1.24971,1.25002
2017-10-10 11:06:00,1.24985,1.25,1.249775,1.25001
2017-10-10 11:07:00,1.249805,1.249825,1.249795,1.249845
2017-10-10 11:08:00,1.24964,1.249745,1.249635,1.2498
2017-10-10 11:09:00,1.249655,1.24963,1.249535,1.24967
2017-10-10 11:10:00,1.249505,1.24967,1.24944,1.24968
2017-10-10 11:11:00,1.24959,1.24953,1.24953,1.2496
2017-10-10 11:12:00,1.24983,1.249595,1.249595,1.249865
2017-10-10 11:13:00,1.24967,1.249835,1.24959,1.24984
2017-10-10 11:14:00,1.249695,1.24969,1.249655,1.24974
2017-10-10 11:15:00,1.249615,1.249695,1.249595,1.24981
2017-10-10 11:16:00,1.250005,1.249615,1.249615,1.25003
2017-10-10 11:17:00,1.25011,1.24998,1.249885,1.25011
2017-10-10 11:18:00,1.25011,1.250085,1.250035,1.25015
2017-10-10 11:19:00,1.250205,1.250115,1.250035,1.25026
2017-10-10 11:20:00,1.25027,1.25026,1.25008,1.25027
2017-10-10 11:21:00,1.250295,1.25029,1.250165,1.25048
2017-10-10 11:22:00,1.25017,1.250335,1.250145,1.25034
2017-10-10 11:23:00,1.250205,1.25017,1.2501,1.25025
2017-10-10 11:24:00,1.25024,1.250215,1.250155,1.250265
2017-10-10 11:25:00,1.250555,1.25021,1.25014,1.250645
2017-10-10 11:26:00,1.250745,1.25056,1.25049,1.250755
2017-10-10 11:27:00,1.250725,1.250755,1.250595,1.250815
2017-10-10 11:28:00,1.250405,1.25072,1.250405,1.250725
2017-10-10 11:29:00,1.25038,1.25036,1.25029,1.250535
2017-10-10 11:30:00,1.250205,1.250375,1.2502,1.250385
2017-10-10 11:31:00,1.25008,1.250175,1.25002,1.250175
2017-10-10 11:32:00,1.25021,1.2501,1.25006,1.25025
2017-10-10 11:33:00,1.250105,1.250215,1.2501,1.25025
2017-10-10 11:34:00,1.250045,1.250115,1.24994,1.250115
2017-10-10 11:35:00,1.250015,1.25002,1.249915,1.25003
2017-10-10 11:36:00,1.25022,1.25001,1.250005,1.25023
2017-10-10 11:37:00,1.25032,1.25027,1.25027,1.250345
2017-10-10 11:38:00,1.250195,1.25034,1.25015,1.25037
2017-10-10 11:39:00,1.250275,1.25019,1.25019,1.250345
2017-10-10 11:40:00,1.250275,1.25025,1.250175,1.250275
2017-10-10 11:41:00,1.250385,1.25033,1.250315,1.25043
2017-10-10 11:42:00,1.250525,1.250385,1.25037,1.25054
2017-10-10 11:43:00,1.25038,1.25051,1.250375,1.250515
2017-10-10 11:44:00,1.250255,1.25036,1.250195,1.250365
2017-10-10 11:45:00,1.250385,1.250235,1.250235,1.2504
2017-10-10 11:46:00,1.250385,1.25039,1.25032,1.2504
2017-10-10 11:47:00,1.250205,1.250385,1.25018,1.250385
2017-10-10 11:48:00,1.24995,1.25021,1.249925,1.250215
2017-10-10 11:49:00,1.24995,1.25021,1.249925,1.250215
2017-10-10 11:50:00,1.249855,1.24993,1.24979,1.24993
2017-10-10 11:51:00,1.24983,1.24984,1.249815,1.24984
2017-10-10 11:52:00,1.24979,1.249835,1.249755,1.24984
2017-10-10 11:53:00,1.249805,1.24983,1.24974,1.24986
2017-10-10 11:54:00,1.24971,1.249805,1.24971,1.249815
2017-10-10 11:55:00,1.2496,1.249655,1.24944,1.249715
2017-10-10 11:56:00,1.249475,1.249605,1.249445,1.249605
2017-10-10 11:57:00,1.249405,1.249465,1.249305,1.24948
2017-10-10 11:58:00,1.24935,1.249395,1.24921,1.24947
2017-10-10 11:59:00,1.24942,1.249375,1.249375,1.24945
2017-10-10 12:00:00,1.24958,1.249435,1.249355,1.24996
2017-10-10 12:01:00,1.24959,1.249535,1.249515,1.249595
2017-10-10 12:02:00,1.24937,1.24957,1.24937,1.249585
2017-10-10 12:03:00,1.249575,1.24939,1.24939,1.249595
2017-10-10 12:04:00,1.249445,1.249565,1.2494,1.24958
2017-10-10 12:05:00,1.24953,1.24945,1.249365,1.24953
2017-10-10 12:06:00,1.249565,1.249505,1.249485,1.249585
2017-10-10 12:07:00,1.24969,1.249595,1.249575,1.249785
2017-10-10 12:08:00,1.249815,1.249685,1.249635,1.249885
2017-10-10 12:09:00,1.249865,1.249855,1.24985,1.249935
2017-10-10 12:10:00,1.249875,1.249865,1.249865,1.249965
2017-10-10 12:11:00,1.24965,1.249925,1.24965,1.249925
2017-10-10 12:12:00,1.24954,1.249595,1.24949,1.2496
2017-10-10 12:13:00,1.249515,1.249535,1.24951,1.24957
2017-10-10 12:14:00,1.249565,1.2495,1.2495,1.249605
2017-10-10 12:15:00,1.249505,1.24956,1.24949,1.24961
2017-10-10 12:16:00,1.24951,1.249505,1.249485,1.24955
2017-10-10 12:17:00,1.249555,1.2495,1.2495,1.249555
2017-10-10 12:18:00,1.24999,1.249575,1.249575,1.249995
2017-10-10 12:19:00,1.2499,1.249935,1.24983,1.25
2017-10-10 12:20:00,1.250045,1.249895,1.249895,1.250155
2017-10-10 12:21:00,1.249885,1.250025,1.24988,1.250035
2017-10-10 12:22:00,1.24961,1.249835,1.24956,1.249855
2017-10-10 12:23:00,1.249805,1.249665,1.249665,1.249805
2017-10-10 12:24:00,1.2496,1.249815,1.24957,1.24982
2017-10-10 12:25:00,1.249605,1.24955,1.249485,1.249605
2017-10-10 12:26:00,1.24953,1.24961,1.249525,1.24962
2017-10-10 12:27:00,1.249625,1.249525,1.24952,1.24963
2017-10-10 12:28:00,1.249605,1.249575,1.249535,1.249615
2017-10-10 12:29:00,1.24963,1.24961,1.24959,1.24968
2017-10-10 12:30:00,1.2496,1.249625,1.249535,1.249625
2017-10-10 12:31:00,1.24981,1.2496,1.24959,1.24982
2017-10-10 12:32:00,1.24969,1.249815,1.24969,1.24982
2017-10-10 12:33:00,1.24956,1.24968,1.24947,1.24968
2017-10-10 12:34:00,1.249575,1.249555,1.249515,1.24963
2017-10-10 12:35:00,1.249575,1.249555,1.249515,1.24963
2017-10-10 12:36:00,1.249585,1.24962,1.249585,1.249675
2017-10-10 12:37:00,1.249605,1.24959,1.249585,1.249615
2017-10-10 12:38:00,1.249595,1.24961,1.249565,1.24962
2017-10-10 12:39:00,1.249625,1.2496,1.24958,1.249685
2017-10-10 12:40:00,1.24977,1.249635,1.2496,1.24977
2017-10-10 12:41:00,1.249825,1.24975,1.249725,1.249855
2017-10-10 12:42:00,1.249875,1.24983,1.2498,1.249875
2017-10-10 12:43:00,1.24986,1.24992,1.24983,1.249975
2017-10-10 12:44:00,1.250015,1.24986,1.24986,1.25002
2017-10-10 12:45:00,1.25,1.25001,1.249995,1.25016
2017-10-10 12:46:00,1.24992,1.25,1.2499,1.250045
2017-10-10 12:47:00,1.25,1.24996,1.24996,1.25003
2017-10-10 12:48:00,1.249975,1.25,1.24994,1.25
2017-10-10 12:49:00,1.250045,1.25,1.25,1.25006
2017-10-10 12:50:00,1.250045,1.25,1.25,1.25006
2017-10-10 12:51:00,1.250005,1.25004,1.25,1.25004
2017-10-10 12:52:00,1.250005,1.250005,1.249995,1.25002
2017-10-10 12:53:00,1.24999,1.25001,1.24997,1.250015
2017-10-10 12:54:00,1.249925,1.24999,1.249915,1.250035
2017-10-10 12:55:00,1.250055,1.24993,1.249925,1.25007
2017-10-10 12:56:00,1.249915,1.250025,1.249915,1.250025
2017-10-10 12:57:00,1.249875,1.24991,1.249865,1.24993
2017-10-10 12:58:00,1.249845,1.24982,1.24982,1.24985
2017-10-10 12:59:00,1.24964,1.24984,1.24962,1.24984
2017-10-10 13:00:00,1.249585,1.24963,1.24955,1.24967
2017-10-10 13:01:00,1.24961,1.24958,1.24955,1.24962
2017-10-10 13:02:00,1.24976,1.24961,1.249595,1.24977
2017-10-10 13:03:00,1.24998,1.249715,1.249715,1.24998
2017-10-10 13:04:00,1.25003,1.25003,1.25003,1.25003
2017-10-10 13:05:00,1.25005,1.25008,1.250045,1.25014
2017-10-10 13:06:00,1.25005,1.250055,1.25003,1.250105
2017-10-10 13:07:00,1.25008,1.25002,1.249975,1.250095
2017-10-10 13:08:00,1.250225,1.250095,1.25009,1.250275
2017-10-10 13:09:00,1.250225,1.25023,1.250225,1.250275
2017-10-10 13:10:00,1.25019,1.250165,1.250155,1.25021
2017-10-10 13:11:00,1.250215,1.250145,1.25014,1.250215
2017-10-10 13:12:00,1.25018,1.250245,1.25018,1.250275
2017-10-10 13:13:00,1.2501,1.25014,1.25008,1.25014
2017-10-10 13:14:00,1.250065,1.250105,1.250065,1.25014
2017-10-10 13:15:00,1.250045,1.250125,1.24999,1.25017
2017-10-10 13:16:00,1.24975,1.250025,1.24975,1.25003
2017-10-10 13:17:00,1.249685,1.249695,1.249545,1.249715
2017-10-10 13:18:00,1.249785,1.249675,1.249655,1.249975
2017-10-10 13:19:00,1.24985,1.24978,1.24978,1.249865
2017-10-10 13:20:00,1.24979,1.2499,1.249775,1.2499
2017-10-10 13:21:00,1.249785,1.249785,1.249775,1.249795
2017-10-10 13:22:00,1.24977,1.249785,1.24972,1.24985
2017-10-10 13:23:00,1.24983,1.24975,1.24975,1.24983
2017-10-10 13:24:00,1.249805,1.24977,1.24977,1.249805
2017-10-10 13:25:00,1.249655,1.24978,1.24964,1.24978
2017-10-10 13:26:00,1.249765,1.2496,1.249545,1.24979
2017-10-10 13:27:00,1.249665,1.24976,1.249665,1.24976
2017-10-10 13:28:00,1.24974,1.24969,1.24969,1.24974
2017-10-10 13:29:00,1.24977,1.24977,1.249755,1.24981
2017-10-10 13:30:00,1.249985,1.24981,1.24981,1.249985
2017-10-10 13:31:00,1.249855,1.249995,1.24983,1.249995
2017-10-10 13:32:00,1.24987,1.24986,1.249815,1.249885
2017-10-10 13:33:00,1.25003,1.24987,1.249835,1.25003
2017-10-10 13:34:00,1.250045,1.250025,1.250025,1.250045
2017-10-10 13:35:00,1.249985,1.249995,1.249965,1.250015
2017-10-10 13:36:00,1.25013,1.24998,1.24998,1.25023
2017-10-10 13:37:00,1.25013,1.25018,1.25002,1.25055
2017-10-10 13:38:00,1.250325,1.250115,1.250095,1.25035
2017-10-10 13:39:00,1.249875,1.250345,1.249575,1.25035
2017-10-10 13:40:00,1.24982,1.24989,1.249785,1.250095
2017-10-10 13:41:00,1.24963,1.249815,1.24963,1.249945
2017-10-10 13:42:00,1.249995,1.24957,1.249555,1.249995
2017-10-10 13:43:00,1.249975,1.249995,1.24987,1.25009
2017-10-10 13:44:00,1.24984,1.24998,1.249835,1.249995
2017-10-10 13:45:00,1.2499,1.249845,1.249835,1.24992
2017-10-10 13:46:00,1.250065,1.24991,1.24982,1.25012
2017-10-10 13:47:00,1.250065,1.25008,1.24999,1.25013
2017-10-10 13:48:00,1.249785,1.25006,1.249755,1.25006
2017-10-10 13:49:00,1.24999,1.24983,1.249735,1.249995
2017-10-10 13:50:00,1.25015,1.249995,1.249995,1.2503
2017-10-10 13:51:00,1.250225,1.250205,1.250205,1.250265
2017-10-10 13:52:00,1.25024,1.250225,1.250165,1.250245
2017-10-10 13:53:00,1.250255,1.250235,1.25009,1.2503
2017-10-10 13:54:00,1.2503,1.25031,1.25023,1.250315
2017-10-10 13:55:00,1.250195,1.2503,1.250195,1.2503
2017-10-10 13:56:00,1.250265,1.25022,1.25022,1.250265
2017-10-10 13:57:00,1.250345,1.25029,1.25029,1.250395
2017-10-10 13:58:00,1.25045,1.250345,1.250325,1.25054
2017-10-10 13:59:00,1.250405,1.25045,1.250285,1.25057
2017-10-10 14:00:00,1.250335,1.2504,1.250295,1.250465
2017-10-10 14:01:00,1.25012,1.25033,1.25009,1.250345
2017-10-10 14:02:00,1.25006,1.25012,1.25004,1.250195
2017-10-10 14:03:00,1.24995,1.250115,1.249935,1.250225
2017-10-10 14:04:00,1.249865,1.2499,1.249695,1.2499
2017-10-10 14:05:00,1.249955,1.24986,1.249835,1.249975
2017-10-10 14:06:00,1.25017,1.25001,1.25001,1.25019
2017-10-10 14:07:00,1.250215,1.250165,1.250165,1.250245
2017-10-10 14:08:00,1.250465,1.250265,1.250265,1.250525
2017-10-10 14:09:00,1.25084,1.25045,1.25044,1.250855
2017-10-10 14:10:00,1.2509,1.250845,1.25078,1.2509
2017-10-10 14:11:00,1.251025,1.25095,1.25091,1.25104
2017-10-10 14:12:00,1.251045,1.25102,1.250985,1.25116
2017-10-10 14:13:00,1.2509,1.25104,1.2509,1.251065
2017-10-10 14:14:00,1.250945,1.250925,1.250925,1.251215
2017-10-10 14:15:00,1.25075,1.25093,1.25075,1.25093
2017-10-10 14:16:00,1.250495,1.250745,1.250495,1.250895
2017-10-10 14:17:00,1.250605,1.250545,1.25053,1.250615
2017-10-10 14:18:00,1.250625,1.25063,1.25059,1.25066
2017-10-10 14:19:00,1.25039,1.25063,1.250385,1.250635
2017-10-10 14:20:00,1.250595,1.250395,1.250365,1.250595
2017-10-10 14:21:00,1.250605,1.25064,1.2506,1.250715
2017-10-10 14:22:00,1.250495,1.25066,1.25047,1.250665
2017-10-10 14:23:00,1.250495,1.250485,1.250465,1.2506
2017-10-10 14:24:00,1.25036,1.250525,1.25036,1.250525
2017-10-10 14:25:00,1.25048,1.25041,1.250335,1.250485
2017-10-10 14:26:00,1.250565,1.25047,1.250455,1.250585
2017-10-10 14:27:00,1.25053,1.250615,1.250525,1.25062
2017-10-10 14:28:00,1.25028,1.25053,1.25028,1.250535
2017-10-10 14:29:00,1.25043,1.2503,1.25025,1.250445
2017-10-10 14:30:00,1.250625,1.250425,1.250425,1.250635
2017-10-10 14:31:00,1.25074,1.250605,1.250605,1.25086
2017-10-10 14:32:00,1.25073,1.250735,1.25073,1.250735
2017-10-10 14:33:00,1.250685,1.250725,1.250685,1.25081
2017-10-10 14:34:00,1.250625,1.250645,1.250625,1.250645
2017-10-10 14:35:00,1.250615,1.2506,1.25052,1.25062
2017-10-10 14:36:00,1.25076,1.250675,1.25067,1.250775
2017-10-10 14:37:00,1.25084,1.250755,1.25075,1.250845
2017-10-10 14:38:00,1.25085,1.25083,1.250805,1.250875
2017-10-10 14:39:00,1.25095,1.250855,1.25074,1.250965
2017-10-10 14:40:00,1.250995,1.250955,1.250955,1.251055
2017-10-10 14:41:00,1.250995,1.250955,1.250955,1.251055
2017-10-10 14:42:00,1.251165,1.250975,1.25095,1.25118
2017-10-10 14:43:00,1.251085,1.25116,1.25108,1.25116
2017-10-10 14:44:00,1.25108,1.251085,1.250975,1.251085
2017-10-10 14:45:00,1.25113,1.251085,1.25103,1.251155
2017-10-10 14:46:00,1.251005,1.251115,1.250955,1.251135
2017-10-10 14:47:00,1.251135,1.251,1.250995,1.251135
2017-10-10 14:48:00,1.25104,1.251125,1.25104,1.25113
2017-10-10 14:49:00,1.251105,1.25104,1.251035,1.25111
2017-10-10 14:50:00,1.2511,1.25111,1.25109,1.25111
2017-10-10 14:51:00,1.251275,1.251095,1.251095,1.251275
2017-10-10 14:52:00,1.25151,1.2513,1.251195,1.25165
2017-10-10 14:53:00,1.251385,1.251505,1.251385,1.25161
2017-10-10 14:54:00,1.25155,1.25134,1.251335,1.251625
2017-10-10 14:55:00,1.251545,1.25155,1.251455,1.25156
2017-10-10 14:56:00,1.25129,1.251495,1.25129,1.251575
2017-10-10 14:57:00,1.251325,1.25127,1.251215,1.25135
2017-10-10 14:58:00,1.251295,1.25132,1.251245,1.25133
2017-10-10 14:59:00,1.251235,1.251305,1.251235,1.25131
2017-10-10 15:00:00,1.250925,1.25124,1.25087,1.251295
2017-10-10 15:01:00,1.25133,1.250905,1.250875,1.25138
2017-10-10 15:02:00,1.251475,1.25133,1.2513,1.251505
2017-10-10 15:03:00,1.25138,1.25148,1.25137,1.2515
2017-10-10 15:04:00,1.25154,1.2514,1.251395,1.25165
2017-10-10 15:05:00,1.25162,1.251545,1.25154,1.251785
2017-10-10 15:06:00,1.251425,1.251605,1.25142,1.25162
2017-10-10 15:07:00,1.251555,1.25138,1.25138,1.2517
2017-10-10 15:08:00,1.251415,1.25161,1.25141,1.251665
2017-10-10 15:09:00,1.25135,1.25143,1.251325,1.25144
2017-10-10 15:10:00,1.251285,1.25129,1.251275,1.25131
2017-10-10 15:11:00,1.25121,1.251255,1.25116,1.251255
2017-10-10 15:12:00,1.251215,1.251215,1.2512,1.251225
2017-10-10 15:13:00,1.251145,1.251205,1.25114,1.251225
2017-10-10 15:14:00,1.250985,1.251125,1.25098,1.251125
2017-10-10 15:15:00,1.25105,1.250995,1.250925,1.251065
2017-10-10 15:16:00,1.251125,1.251075,1.251075,1.251125
2017-10-10 15:17:00,1.251125,1.251075,1.251075,1.251125
2017-10-10 15:18:00,1.251205,1.251155,1.251155,1.251205
2017-10-10 15:19:00,1.25121,1.251265,1.25121,1.251275
2017-10-10 15:20:00,1.251225,1.25126,1.251225,1.25126
2017-10-10 15:21:00,1.25124,1.25123,1.251185,1.251245
2017-10-10 15:22:00,1.25113,1.25125,1.25113,1.25125
2017-10-10 15:23:00,1.251185,1.25118,1.25117,1.25125
2017-10-10 15:24:00,1.251255,1.25119,1.25119,1.251295
2017-10-10 15:25:00,1.25116,1.251255,1.25115,1.25126
2017-10-10 15:26:00,1.25096,1.251155,1.250955,1.251155
2017-10-10 15:27:00,1.251,1.250975,1.250975,1.25101
2017-10-10 15:28:00,1.2512,1.250995,1.250995,1.2512
2017-10-10 15:29:00,1.25115,1.2512,1.251145,1.251205
2017-10-10 15:30:00,1.25126,1.251155,1.251095,1.25128
2017-10-10 15:31:00,1.25116,1.25125,1.25116,1.251255
2017-10-10 15:32:00,1.251175,1.25115,1.25115,1.251185
2017-10-10 15:33:00,1.251125,1.25118,1.25112,1.25119
2017-10-10 15:34:00,1.251135,1.25112,1.251105,1.25114
2017-10-10 15:35:00,1.251135,1.25112,1.251105,1.25114
2017-10-10 15:36:00,1.251135,1.25112,1.251105,1.25114
2017-10-10 15:37:00,1.25106,1.25111,1.25106,1.25111
2017-10-10 15:38:00,1.25114,1.2511,1.2511,1.251165
2017-10-10 15:39:00,1.25111,1.251125,1.25109,1.25113
2017-10-10 15:40:00,1.251075,1.25111,1.25105,1.25111
2017-10-10 15:41:00,1.251255,1.2511,1.25107,1.251265
2017-10-10 15:42:00,1.251165,1.251285,1.251165,1.251285
2017-10-10 15:43:00,1.25118,1.251135,1.251115,1.25119
2017-10-10 15:44:00,1.251105,1.25118,1.251095,1.25118
2017-10-10 15:45:00,1.251125,1.251105,1.25106,1.251135
2017-10-10 15:46:00,1.25118,1.25113,1.25113,1.25125
2017-10-10 15:47:00,1.2511,1.25116,1.2511,1.25116
2017-10-10 15:48:00,1.25106,1.25107,1.250995,1.25109
2017-10-10 15:49:00,1.25104,1.25106,1.251035,1.251125
2017-10-10 15:50:00,1.2511,1.251035,1.25103,1.251105
2017-10-10 15:51:00,1.2511,1.251035,1.25103,1.251105
2017-10-10 15:52:00,1.250995,1.251045,1.25098,1.251045
2017-10-10 15:53:00,1.25103,1.250975,1.25095,1.25104
2017-10-10 15:54:00,1.25105,1.251025,1.250965,1.251055
2017-10-10 15:55:00,1.25123,1.25108,1.25108,1.251255
2017-10-10 15:56:00,1.25117,1.251235,1.251105,1.2513
2017-10-10 15:57:00,1.251105,1.251195,1.251105,1.25125
2017-10-10 15:58:00,1.25113,1.251155,1.251115,1.251155
2017-10-10 15:59:00,1.251005,1.251135,1.250965,1.25114
2017-10-10 16:00:00,1.25099,1.25099,1.250865,1.251155
2017-10-10 16:01:00,1.2511,1.250995,1.25099,1.251265
2017-10-10 16:02:00,1.25153,1.251155,1.251155,1.251605
2017-10-10 16:03:00,1.251565,1.251525,1.251525,1.251605
2017-10-10 16:04:00,1.25146,1.25156,1.251405,1.25156
2017-10-10 16:05:00,1.25148,1.251475,1.25147,1.251495
2017-10-10 16:06:00,1.25142,1.25148,1.251395,1.25149
2017-10-10 16:07:00,1.251415,1.25142,1.25135,1.25146
2017-10-10 16:08:00,1.25142,1.25141,1.25137,1.251505
2017-10-10 16:09:00,1.25152,1.25144,1.251435,1.251545
2017-10-10 16:10:00,1.25152,1.25144,1.251435,1.251545
2017-10-10 16:11:00,1.251545,1.25146,1.25145,1.25156
2017-10-10 16:12:00,1.251545,1.25154,1.251515,1.251545
2017-10-10 16:13:00,1.251585,1.25154,1.251525,1.25162
2017-10-10 16:14:00,1.25157,1.25159,1.251545,1.25163
2017-10-10 16:15:00,1.251485,1.251515,1.25146,1.251565
2017-10-10 16:16:00,1.25162,1.25147,1.25147,1.251685
2017-10-10 16:17:00,1.251575,1.251625,1.251555,1.251705
2017-10-10 16:18:00,1.251505,1.251625,1.25145,1.251675
2017-10-10 16:19:00,1.251575,1.2515,1.2515,1.25159
2017-10-10 16:20:00,1.25149,1.25157,1.251485,1.25158
2017-10-10 16:21:00,1.251245,1.251495,1.251235,1.251495
2017-10-10 16:22:00,1.2513,1.251265,1.25126,1.251505
2017-10-10 16:23:00,1.25117,1.251355,1.25103,1.251395
2017-10-10 16:24:00,1.251435,1.251165,1.25116,1.25161
2017-10-10 16:25:00,1.251515,1.25143,1.25142,1.25153
2017-10-10 16:26:00,1.25154,1.25152,1.25147,1.25159
2017-10-10 16:27:00,1.251575,1.25159,1.251565,1.251615
2017-10-10 16:28:00,1.251575,1.25159,1.251565,1.251615
2017-10-10 16:29:00,1.25157,1.251595,1.251555,1.251615
2017-10-10 16:30:00,1.251605,1.251585,1.251585,1.251625
2017-10-10 16:31:00,1.251645,1.25161,1.251605,1.251655
2017-10-10 16:32:00,1.25153,1.251635,1.251515,1.25165
2017-10-10 16:33:00,1.25163,1.251525,1.25145,1.251645
2017-10-10 16:34:00,1.251595,1.25164,1.25158,1.25164
2017-10-10 16:35:00,1.25157,1.2516,1.251545,1.251675
2017-10-10 16:36:00,1.25161,1.251575,1.251575,1.25162
2017-10-10 16:37:00,1.25153,1.251615,1.25153,1.251625
2017-10-10 16:38:00,1.25158,1.251525,1.251505,1.25161
2017-10-10 16:39:00,1.25159,1.25157,1.25154,1.25164
2017-10-10 16:40:00,1.251515,1.251595,1.251475,1.2516
2017-10-10 16:41:00,1.251505,1.25152,1.251485,1.251545
2017-10-10 16:42:00,1.25145,1.251505,1.251415,1.25156
2017-10-10 16:43:00,1.251545,1.25148,1.251435,1.251545
2017-10-10 16:44:00,1.25149,1.251525,1.2514,1.251585
2017-10-10 16:45:00,1.251525,1.25149,1.251475,1.25159
2017-10-10 16:46:00,1.251535,1.251525,1.251515,1.25155
2017-10-10 16:47:00,1.251565,1.251555,1.25148,1.251565
2017-10-10 16:48:00,1.251565,1.251555,1.25148,1.251565
2017-10-10 16:49:00,1.2516,1.251585,1.251585,1.251625
2017-10-10 16:50:00,1.25165,1.25165,1.25163,1.251675
2017-10-10 16:51:00,1.25165,1.25165,1.251635,1.25168
2017-10-10 16:52:00,1.251635,1.251655,1.251635,1.25168
2017-10-10 16:53:00,1.251565,1.25158,1.251565,1.251665
2017-10-10 16:54:00,1.25153,1.25157,1.25153,1.25157
2017-10-10 16:55:00,1.251555,1.251505,1.251505,1.251555
2017-10-10 16:56:00,1.251545,1.251565,1.251535,1.251675
2017-10-10 16:57:00,1.251555,1.25155,1.251525,1.25156
2017-10-10 16:58:00,1.251585,1.251555,1.251545,1.251685
2017-10-10 17:04:00,1.251535,1.251575,1.251535,1.251575
2017-10-10 17:05:00,1.251535,1.251575,1.251535,1.251575
2017-10-10 17:06:00,1.251535,1.251465,1.25137,1.251565
2017-10-10 17:07:00,1.25153,1.251475,1.25146,1.251565
2017-10-10 17:08:00,1.251575,1.25156,1.251485,1.251585
2017-10-10 17:09:00,1.251575,1.25156,1.251485,1.251585
2017-10-10 17:10:00,1.251575,1.25156,1.251485,1.251585
2017-10-10 17:11:00,1.25164,1.25165,1.25163,1.25166
2017-10-10 17:12:00,1.251645,1.25163,1.251585,1.251655
2017-10-10 17:13:00,1.251595,1.251645,1.251595,1.251645
2017-10-10 17:14:00,1.251595,1.251615,1.251545,1.251615
2017-10-10 17:15:00,1.251595,1.251615,1.251545,1.251615
2017-10-10 17:16:00,1.25162,1.25162,1.25162,1.25162
2017-10-10 17:17:00,1.25157,1.25155,1.25155,1.25157
2017-10-10 17:18:00,1.25156,1.251545,1.25136,1.25158
2017-10-10 17:19:00,1.251595,1.251465,1.25145,1.251645
2017-10-10 17:20:00,1.251615,1.251615,1.251445,1.25164
2017-10-10 17:21:00,1.251635,1.25164,1.251565,1.251645
2017-10-10 17:22:00,1.25161,1.25161,1.2516,1.25168
2017-10-10 17:23:00,1.2516,1.25168,1.2516,1.25168
2017-10-10 17:24:00,1.2516,1.25166,1.2516,1.25166
2017-10-10 17:25:00,1.2516,1.25166,1.2516,1.25166
2017-10-10 17:26:00,1.25169,1.25168,1.251565,1.25169
2017-10-10 17:27:00,1.251655,1.25162,1.251615,1.251715
2017-10-10 17:28:00,1.251655,1.251595,1.251585,1.25179
2017-10-10 17:29:00,1.25192,1.251725,1.251695,1.251945
2017-10-10 17:30:00,1.25194,1.25195,1.25176,1.25205
2017-10-10 17:31:00,1.251925,1.25186,1.251835,1.25196
2017-10-10 17:32:00,1.25195,1.25195,1.25195,1.25195
2017-10-10 17:33:00,1.25195,1.25195,1.25195,1.25195
2017-10-10 17:34:00,1.25195,1.25195,1.25195,1.25195
2017-10-10 17:35:00,1.25195,1.25195,1.25195,1.25195
2017-10-10 17:36:00,1.251785,1.251925,1.25177,1.25194
2017-10-10 17:37:00,1.251785,1.251785,1.25178,1.251805
2017-10-10 17:38:00,1.25186,1.25178,1.25178,1.251905
2017-10-10 17:39:00,1.25186,1.25178,1.25178,1.251905
2017-10-10 17:40:00,1.25186,1.25178,1.25178,1.251905
2017-10-10 17:41:00,1.25186,1.25178,1.25178,1.251905
2017-10-10 17:42:00,1.25185,1.25177,1.25176,1.25186
2017-10-10 17:43:00,1.25183,1.25178,1.25174,1.251845
2017-10-10 17:44:00,1.25174,1.25175,1.251735,1.25183
2017-10-10 17:45:00,1.251795,1.251795,1.251795,1.251795
2017-10-10 17:46:00,1.251795,1.251795,1.251795,1.251795
2017-10-10 17:47:00,1.251795,1.251795,1.251795,1.251795
2017-10-10 17:48:00,1.251795,1.251795,1.251795,1.251795
2017-10-10 17:49:00,1.251775,1.251775,1.251775,1.251775
2017-10-10 17:50:00,1.251865,1.251855,1.251775,1.25188
2017-10-10 17:51:00,1.25177,1.25185,1.25175,1.251855
2017-10-10 17:52:00,1.251635,1.251845,1.251635,1.25186
2017-10-10 17:53:00,1.25156,1.25156,1.251535,1.251575
2017-10-10 17:54:00,1.25156,1.25156,1.25153,1.251565
2017-10-10 17:55:00,1.25156,1.25155,1.25155,1.25156
2017-10-10 17:56:00,1.25156,1.25156,1.25156,1.25156
2017-10-10 17:57:00,1.25156,1.25156,1.25156,1.25156
2017-10-10 17:58:00,1.25155,1.251555,1.25155,1.25156
2017-10-10 17:59:00,1.25155,1.251545,1.251545,1.25155
2017-10-10 18:00:00,1.251555,1.251555,1.251535,1.251565
2017-10-10 18:01:00,1.251615,1.251575,1.251545,1.25169
2017-10-10 18:02:00,1.251635,1.251595,1.251595,1.25175
2017-10-10 18:03:00,1.25164,1.251635,1.251635,1.25165
2017-10-10 18:04:00,1.251645,1.25163,1.251625,1.25169
2017-10-10 18:05:00,1.25163,1.251635,1.251555,1.25164
2017-10-10 18:06:00,1.2517,1.2517,1.2517,1.2517
2017-10-10 18:07:00,1.251695,1.25169,1.251645,1.25171
2017-10-10 18:08:00,1.25172,1.25172,1.25172,1.25172
2017-10-10 18:09:00,1.25175,1.25178,1.25175,1.25178
2017-10-10 18:10:00,1.25164,1.251755,1.25159,1.25176
2017-10-10 18:11:00,1.25167,1.25167,1.25167,1.25167
2017-10-10 18:12:00,1.25172,1.25173,1.251715,1.25173
2017-10-10 18:13:00,1.25172,1.25172,1.251705,1.251725
2017-10-10 18:14:00,1.251725,1.25171,1.251705,1.251745
2017-10-10 18:15:00,1.25154,1.251685,1.25152,1.251685
2017-10-10 18:16:00,1.25161,1.25156,1.25149,1.25162
2017-10-10 18:17:00,1.251655,1.25161,1.25153,1.251725
2017-10-10 18:18:00,1.2517,1.251665,1.25164,1.2517
2017-10-10 18:19:00,1.25174,1.251715,1.251715,1.251775
2017-10-10 18:20:00,1.251755,1.25176,1.25172,1.25178
2017-10-10 18:21:00,1.251795,1.25176,1.251705,1.251815
2017-10-10 18:22:00,1.25178,1.2518,1.251765,1.251815
2017-10-10 18:23:00,1.251865,1.25178,1.251765,1.25187
2017-10-10 18:24:00,1.251745,1.251865,1.25173,1.251935
2017-10-10 18:25:00,1.25172,1.251745,1.25169,1.25175
2017-10-10 18:26:00,1.251785,1.25172,1.251715,1.251815
2017-10-10 18:27:00,1.251775,1.251785,1.251765,1.251785
2017-10-10 18:28:00,1.25172,1.251755,1.25172,1.25176
2017-10-10 18:29:00,1.25174,1.25174,1.25174,1.25174
2017-10-10 18:30:00,1.25174,1.25174,1.25174,1.25174
2017-10-10 18:31:00,1.251855,1.25168,1.25163,1.25187
2017-10-10 18:32:00,1.25184,1.251835,1.25183,1.25185
2017-10-10 18:33:00,1.251745,1.25183,1.251735,1.25184
2017-10-10 18:34:00,1.25175,1.251745,1.251735,1.251755
2017-10-10 18:35:00,1.25171,1.251745,1.251705,1.25175
2017-10-10 18:36:00,1.25173,1.251715,1.251715,1.25174
2017-10-10 18:37:00,1.25174,1.251735,1.251585,1.251755
2017-10-10 18:38:00,1.251655,1.251735,1.251655,1.251735
2017-10-10 18:39:00,1.251605,1.251605,1.251605,1.251605
2017-10-10 18:40:00,1.251655,1.251635,1.251635,1.251655
2017-10-10 18:41:00,1.251655,1.251635,1.251635,1.251655
2017-10-10 18:42:00,1.251675,1.251675,1.251675,1.251675
2017-10-10 18:43:00,1.25161,1.25161,1.251595,1.251615
2017-10-10 18:44:00,1.25161,1.25161,1.2516,1.25164
2017-10-10 18:45:00,1.251715,1.251615,1.251615,1.25172
2017-10-10 18:46:00,1.25167,1.25169,1.25165,1.251695
2017-10-10 18:47:00,1.251655,1.251725,1.251655,1.251765
2017-10-10 18:48:00,1.251645,1.25166,1.251585,1.251665
2017-10-10 18:49:00,1.25157,1.25163,1.25154,1.25164
2017-10-10 18:50:00,1.251565,1.251565,1.251535,1.251585
2017-10-10 18:51:00,1.25155,1.251595,1.25151,1.251595
2017-10-10 18:52:00,1.251525,1.251555,1.251515,1.251555
2017-10-10 18:53:00,1.25159,1.25153,1.251515,1.25159
2017-10-10 18:54:00,1.251565,1.251575,1.251555,1.251585
2017-10-10 18:55:00,1.251505,1.2515,1.251485,1.25152
2017-10-10 18:56:00,1.25155,1.251525,1.25152,1.251605
2017-10-10 18:57:00,1.25154,1.251565,1.251515,1.251585
2017-10-10 18:58:00,1.251555,1.251535,1.25152,1.25162
2017-10-10 18:59:00,1.251515,1.25156,1.2515,1.25158
2017-10-10 19:00:00,1.251535,1.251515,1.251505,1.25158
2017-10-10 19:01:00,1.251565,1.25152,1.25152,1.251585
2017-10-10 19:02:00,1.25156,1.25157,1.25155,1.25158
2017-10-10 19:03:00,1.251585,1.25156,1.251535,1.25159
2017-10-10 19:04:00,1.251625,1.25159,1.25156,1.251635
2017-10-10 19:05:00,1.251625,1.25164,1.25159,1.25164
2017-10-10 19:06:00,1.251615,1.25163,1.251565,1.25164
2017-10-10 19:07:00,1.251565,1.25161,1.25154,1.251655
2017-10-10 19:08:00,1.251575,1.251565,1.25155,1.251595
2017-10-10 19:09:00,1.251595,1.251545,1.251545,1.25161
2017-10-10 19:10:00,1.251535,1.2516,1.251515,1.2516
2017-10-10 19:11:00,1.25172,1.251485,1.251305,1.25172
2017-10-10 19:12:00,1.25165,1.25167,1.251565,1.25167
2017-10-10 19:13:00,1.251625,1.251635,1.251605,1.25166
2017-10-10 19:14:00,1.251625,1.251625,1.251615,1.251685
2017-10-10 19:15:00,1.25172,1.25163,1.251625,1.25175
2017-10-10 19:16:00,1.25171,1.251725,1.25169,1.251735
2017-10-10 19:17:00,1.25176,1.251715,1.251705,1.251785
2017-10-10 19:18:00,1.2517,1.25176,1.25168,1.25176
2017-10-10 19:19:00,1.25172,1.251685,1.251665,1.25172
2017-10-10 19:20:00,1.251755,1.251785,1.25175,1.251795
2017-10-10 19:21:00,1.25168,1.25177,1.25167,1.251775
2017-10-10 19:22:00,1.251715,1.251695,1.251695,1.251715
2017-10-10 19:23:00,1.251705,1.25171,1.251675,1.251715
2017-10-10 19:24:00,1.2517,1.251695,1.251675,1.25172
2017-10-10 19:25:00,1.251645,1.251695,1.251645,1.2518
2017-10-10 19:26:00,1.251445,1.251585,1.25144,1.2516
2017-10-10 19:27:00,1.25145,1.25144,1.25144,1.25146
2017-10-10 19:28:00,1.251525,1.251455,1.251455,1.25162
2017-10-10 19:29:00,1.25154,1.25154,1.251515,1.25154
2017-10-10 19:30:00,1.251565,1.25154,1.25154,1.25165
2017-10-10 19:31:00,1.251545,1.25155,1.25152,1.251575
2017-10-10 19:32:00,1.251545,1.251535,1.25153,1.25155
2017-10-10 19:33:00,1.25148,1.251495,1.251475,1.251495
2017-10-10 19:34:00,1.25152,1.251475,1.25147,1.25154
2017-10-10 19:35:00,1.25153,1.251535,1.251525,1.251545
2017-10-10 19:36:00,1.25152,1.251555,1.25152,1.25158
2017-10-10 19:37:00,1.25138,1.251505,1.25131,1.25156
2017-10-10 19:38:00,1.251285,1.251325,1.251245,1.25133
2017-10-10 19:39:00,1.251345,1.25127,1.251265,1.251345
2017-10-10 19:40:00,1.25134,1.25135,1.25134,1.25135
2017-10-10 19:41:00,1.251155,1.251285,1.25113,1.251285
2017-10-10 19:42:00,1.251105,1.251125,1.251105,1.251125
2017-10-10 19:43:00,1.251185,1.25108,1.25105,1.251205
2017-10-10 19:44:00,1.25116,1.251135,1.251125,1.25116
2017-10-10 19:45:00,1.25123,1.251185,1.251185,1.25123
2017-10-10 19:46:00,1.25119,1.25119,1.25119,1.25119
2017-10-10 19:47:00,1.2512,1.25122,1.2512,1.25122
2017-10-10 19:48:00,1.25125,1.251255,1.25125,1.251265
2017-10-10 19:49:00,1.25127,1.251265,1.25125,1.251285
2017-10-10 19:50:00,1.2512,1.251275,1.2512,1.251285
2017-10-10 19:51:00,1.2512,1.25122,1.2512,1.25127
2017-10-10 19:52:00,1.251175,1.25119,1.251155,1.25122
2017-10-10 19:53:00,1.251175,1.25119,1.251155,1.25122
2017-10-10 19:54:00,1.251185,1.251155,1.251155,1.25121
2017-10-10 19:55:00,1.251155,1.25119,1.251155,1.251195
2017-10-10 19:56:00,1.25118,1.251185,1.25118,1.251205
2017-10-10 19:57:00,1.25118,1.251185,1.25118,1.251205
2017-10-10 19:58:00,1.251205,1.251245,1.25119,1.251245
2017-10-10 19:59:00,1.251165,1.251195,1.251165,1.251205
2017-10-10 20:00:00,1.25121,1.251135,1.251135,1.25121
2017-10-10 20:01:00,1.251495,1.25123,1.251055,1.251495
2017-10-10 20:02:00,1.25138,1.251495,1.251365,1.25151
2017-10-10 20:03:00,1.251375,1.251435,1.25137,1.25145
2017-10-10 20:04:00,1.251225,1.251375,1.251215,1.251375
2017-10-10 20:05:00,1.251125,1.251215,1.251055,1.251235
2017-10-10 20:06:00,1.25117,1.25115,1.25113,1.251225
2017-10-10 20:07:00,1.2512,1.251165,1.25114,1.251205
2017-10-10 20:08:00,1.251075,1.2512,1.251075,1.2512
2017-10-10 20:09:00,1.25099,1.25102,1.250985,1.25105
2017-10-10 20:10:00,1.25099,1.25102,1.250985,1.25105
2017-10-10 20:11:00,1.25103,1.25093,1.250895,1.25103
2017-10-10 20:12:00,1.250765,1.25103,1.250725,1.25104
2017-10-10 20:13:00,1.25051,1.250745,1.25051,1.250765
2017-10-10 20:14:00,1.25051,1.25051,1.25051,1.25056
2017-10-10 20:15:00,1.250455,1.250505,1.250455,1.250595
2017-10-10 20:16:00,1.25059,1.250455,1.25044,1.250735
2017-10-10 20:17:00,1.25046,1.25053,1.250445,1.25053
2017-10-10 20:18:00,1.2504,1.25046,1.250385,1.250475
2017-10-10 20:19:00,1.250375,1.250405,1.250345,1.250425
2017-10-10 20:20:00,1.250335,1.25037,1.250295,1.25037
2017-10-10 20:21:00,1.25034,1.25033,1.25033,1.250425
2017-10-10 20:22:00,1.250135,1.250345,1.24997,1.250345
2017-10-10 20:23:00,1.250485,1.25014,1.250135,1.250505
2017-10-10 20:24:00,1.250435,1.25049,1.25036,1.25056
2017-10-10 20:25:00,1.25042,1.250445,1.250415,1.250465
2017-10-10 20:26:00,1.250435,1.250415,1.25038,1.250445
2017-10-10 20:27:00,1.250475,1.25043,1.250405,1.250665
2017-10-10 20:28:00,1.250485,1.25047,1.250455,1.250515
2017-10-10 20:29:00,1.25008,1.250425,1.250035,1.25043
2017-10-10 20:30:00,1.250265,1.250085,1.25008,1.25033
2017-10-10 20:31:00,1.250205,1.25029,1.25018,1.250335
2017-10-10 20:32:00,1.24992,1.25021,1.249915,1.25021
2017-10-10 20:33:00,1.249895,1.24993,1.249895,1.25005
2017-10-10 20:34:00,1.249715,1.24987,1.24964,1.249945
2017-10-10 20:35:00,1.249785,1.249715,1.24967,1.24979
2017-10-10 20:36:00,1.24998,1.24978,1.24978,1.25011
2017-10-10 20:37:00,1.25012,1.249995,1.24999,1.25012
2017-10-10 20:38:00,1.250005,1.25017,1.24994,1.2502
2017-10-10 20:39:00,1.24996,1.250015,1.249945,1.250025
2017-10-10 20:40:00,1.250115,1.249975,1.24996,1.25016
2017-10-10 20:41:00,1.24992,1.25012,1.24992,1.25012
2017-10-10 20:42:00,1.24978,1.24986,1.249755,1.24986
2017-10-10 20:43:00,1.249655,1.24976,1.24963,1.249765
2017-10-10 20:44:00,1.249695,1.249655,1.24965,1.2497
2017-10-10 20:45:00,1.249755,1.249675,1.249675,1.24976
2017-10-10 20:46:00,1.249675,1.249805,1.249675,1.24982
2017-10-10 20:47:00,1.249695,1.249695,1.249695,1.249695
2017-10-10 20:48:00,1.249705,1.249715,1.249685,1.24974
2017-10-10 20:49:00,1.2498,1.24972,1.24972,1.2498
2017-10-10 20:50:00,1.24999,1.249805,1.24979,1.25002
2017-10-10 20:51:00,1.25002,1.24999,1.24997,1.25008
2017-10-10 20:52:00,1.24998,1.25005,1.249965,1.250085
2017-10-10 20:53:00,1.25002,1.24998,1.24998,1.250025
2017-10-10 20:54:00,1.25013,1.25,1.25,1.250135
2017-10-10 20:55:00,1.249995,1.25013,1.24998,1.25013
2017-10-10 20:56:00,1.250105,1.249995,1.24999,1.250105
2017-10-10 20:57:00,1.250075,1.2501,1.25005,1.250105
2017-10-10 20:58:00,1.250205,1.2501,1.2501,1.25021
2017-10-10 20:59:00,1.250125,1.25021,1.25009,1.250215
2017-10-10 21:00:00,1.250095,1.250105,1.250035,1.250125
2017-10-10 21:01:00,1.249915,1.25009,1.24991,1.25009
2017-10-10 21:02:00,1.249945,1.24991,1.24991,1.249945
2017-10-10 21:03:00,1.24986,1.249885,1.24985,1.24989
2017-10-10 21:04:00,1.249775,1.249865,1.24977,1.249865
2017-10-10 21:05:00,1.249965,1.249775,1.249775,1.24997
2017-10-10 21:06:00,1.24998,1.249985,1.24998,1.25006
2017-10-10 21:07:00,1.249995,1.25,1.249985,1.250025
2017-10-10 21:08:00,1.24985,1.24997,1.24985,1.250025
2017-10-10 21:09:00,1.249925,1.249845,1.249765,1.24993
2017-10-10 21:10:00,1.250015,1.249925,1.249925,1.250035
2017-10-10 21:11:00,1.25005,1.249995,1.249975,1.250085
2017-10-10 21:12:00,1.250025,1.250065,1.250015,1.250065
2017-10-10 21:13:00,1.249935,1.25003,1.249875,1.25003
2017-10-10 21:14:00,1.24991,1.24999,1.249835,1.25
2017-10-10 21:15:00,1.249875,1.249885,1.249825,1.249915
2017-10-10 21:16:00,1.249875,1.24988,1.24979,1.249915
2017-10-10 21:17:00,1.24979,1.24986,1.24976,1.249875
2017-10-10 21:18:00,1.24975,1.249795,1.24974,1.24981
2017-10-10 21:19:00,1.24968,1.249695,1.24962,1.249725
2017-10-10 21:20:00,1.24975,1.24974,1.2497,1.24977
2017-10-10 21:21:00,1.24977,1.24975,1.2497,1.24978
2017-10-10 21:22:00,1.24994,1.24977,1.249705,1.249945
2017-10-10 21:23:00,1.24997,1.2499,1.2499,1.25002
2017-10-10 21:24:00,1.250015,1.249915,1.249885,1.250045
2017-10-10 21:25:00,1.25004,1.25001,1.24993,1.25005
2017-10-10 21:26:00,1.250045,1.250055,1.250035,1.25006
2017-10-10 21:27:00,1.25005,1.250055,1.25005,1.25006
2017-10-10 21:28:00,1.250285,1.2501,1.2501,1.250285
2017-10-10 21:29:00,1.250225,1.250335,1.25018,1.250385
2017-10-10 21:30:00,1.25015,1.250225,1.25015,1.250245
2017-10-10 21:31:00,1.25016,1.250165,1.250145,1.250265
2017-10-10 21:32:00,1.25032,1.250155,1.250145,1.250325
2017-10-10 21:33:00,1.25023,1.250315,1.25023,1.250315
2017-10-10 21:34:00,1.25022,1.250225,1.2502,1.250325
2017-10-10 21:35:00,1.25022,1.250225,1.25021,1.25028
2017-10-10 21:36:00,1.250415,1.250275,1.250275,1.25042
2017-10-10 21:37:00,1.250335,1.250405,1.25022,1.25041
2017-10-10 21:38:00,1.250655,1.25039,1.25039,1.25072
2017-10-10 21:39:00,1.25057,1.25066,1.25057,1.25066
2017-10-10 21:40:00,1.250575,1.250575,1.250565,1.250595
2017-10-10 21:41:00,1.250485,1.250575,1.250485,1.250585
2017-10-10 21:42:00,1.250495,1.250485,1.25042,1.2505
2017-10-10 21:43:00,1.25051,1.250515,1.250475,1.25054
2017-10-10 21:44:00,1.250595,1.250515,1.25051,1.25062
2017-10-10 21:45:00,1.250485,1.25054,1.250435,1.250545
2017-10-10 21:46:00,1.25029,1.25049,1.25029,1.25054
2017-10-10 21:47:00,1.250285,1.250285,1.25023,1.25033
2017-10-10 21:48:00,1.250115,1.250265,1.250115,1.250285
2017-10-10 21:49:00,1.25021,1.250065,1.25001,1.25023
2017-10-10 21:50:00,1.250205,1.25021,1.2502,1.250215
2017-10-10 21:51:00,1.250185,1.250205,1.250175,1.25032
2017-10-10 21:52:00,1.25017,1.250135,1.250115,1.250175
2017-10-10 21:53:00,1.2502,1.25011,1.250095,1.250205
2017-10-10 21:54:00,1.250175,1.25018,1.250175,1.250185
2017-10-10 21:55:00,1.25002,1.250125,1.249975,1.250125
2017-10-10 21:56:00,1.250165,1.25003,1.250025,1.25022
2017-10-10 21:57:00,1.250155,1.250165,1.250135,1.250175
2017-10-10 21:58:00,1.25013,1.250125,1.25012,1.25015
2017-10-10 21:59:00,1.25019,1.25018,1.25018,1.250275
2017-10-10 22:00:00,1.25041,1.25018,1.250175,1.25047
2017-10-10 22:01:00,1.25045,1.25043,1.25039,1.250475
2017-10-10 22:02:00,1.25054,1.25042,1.25042,1.25054
2017-10-10 22:03:00,1.250825,1.25052,1.25049,1.25089
2017-10-10 22:04:00,1.25084,1.25081,1.25072,1.25093
2017-10-10 22:05:00,1.25115,1.25082,1.25082,1.25115
2017-10-10 22:06:00,1.25152,1.251155,1.25109,1.251525
2017-10-10 22:07:00,1.251605,1.251495,1.251475,1.251625
2017-10-10 22:08:00,1.25145,1.2516,1.251425,1.251745
2017-10-10 22:09:00,1.251635,1.251435,1.251435,1.251675
2017-10-10 22:10:00,1.25157,1.25164,1.25153,1.25165
2017-10-10 22:11:00,1.25164,1.251595,1.25157,1.251655
2017-10-10 22:12:00,1.25162,1.251635,1.251615,1.25166
2017-10-10 22:13:00,1.251395,1.25164,1.25139,1.25173
2017-10-10 22:14:00,1.25139,1.251395,1.251375,1.251395
2017-10-10 22:15:00,1.251425,1.25138,1.25138,1.25145
2017-10-10 22:16:00,1.251315,1.2514,1.251275,1.2514
2017-10-10 22:17:00,1.251195,1.251315,1.25118,1.251325
2017-10-10 22:18:00,1.2511,1.251175,1.2511,1.251185
2017-10-10 22:19:00,1.251085,1.251125,1.25107,1.251125
2017-10-10 22:20:00,1.25104,1.251105,1.25103,1.251105
2017-10-10 22:21:00,1.25102,1.251035,1.25098,1.251035
2017-10-10 22:22:00,1.251015,1.25097,1.25096,1.25102
2017-10-10 22:23:00,1.25113,1.25101,1.250945,1.251165
2017-10-10 22:24:00,1.25111,1.251155,1.25111,1.251175
2017-10-10 22:25:00,1.251095,1.251095,1.251065,1.251295
2017-10-10 22:26:00,1.251185,1.2511,1.2511,1.2512
2017-10-10 22:27:00,1.25136,1.251195,1.25118,1.25136
2017-10-10 22:28:00,1.25185,1.251355,1.25133,1.251855
2017-10-10 22:29:00,1.251925,1.25188,1.25165,1.25201
2017-10-10 22:30:00,1.251925,1.251935,1.251865,1.252015
2017-10-10 22:31:00,1.25193,1.25192,1.2519,1.25212
2017-10-10 22:32:00,1.25187,1.251985,1.25183,1.251995
2017-10-10 22:33:00,1.25165,1.251815,1.2516,1.25182
2017-10-10 22:34:00,1.25176,1.251635,1.251635,1.251805
2017-10-10 22:35:00,1.25181,1.251755,1.251745,1.251825
2017-10-10 22:36:00,1.25167,1.251815,1.25167,1.25192
2017-10-10 22:37:00,1.25141,1.251645,1.25141,1.251645
2017-10-10 22:38:00,1.25153,1.2514,1.251395,1.251555
2017-10-10 22:39:00,1.251565,1.25158,1.251255,1.251585
2017-10-10 22:40:00,1.2514,1.251575,1.25133,1.251575
2017-10-10 22:41:00,1.251245,1.251375,1.251245,1.251375
2017-10-10 22:42:00,1.2513,1.251265,1.251255,1.251325
2017-10-10 22:43:00,1.251375,1.251325,1.251325,1.25141
2017-10-10 22:44:00,1.25141,1.251395,1.25137,1.251425
2017-10-10 22:45:00,1.251475,1.2514,1.251325,1.251525
2017-10-10 22:46:00,1.251495,1.25147,1.25147,1.251505
2017-10-10 22:47:00,1.25151,1.251485,1.25147,1.25151
2017-10-10 22:48:00,1.251575,1.251505,1.251505,1.251575
2017-10-10 22:49:00,1.25159,1.251575,1.251545,1.25162
2017-10-10 22:50:00,1.25167,1.251595,1.25159,1.25168
2017-10-10 22:51:00,1.25167,1.25167,1.251605,1.25169
2017-10-10 22:52:00,1.25163,1.251605,1.251535,1.25163
2017-10-10 22:53:00,1.251495,1.25159,1.251485,1.25159
2017-10-10 22:54:00,1.251585,1.2515,1.25149,1.25159
2017-10-10 22:55:00,1.251615,1.251595,1.251585,1.25162
2017-10-10 22:56:00,1.25171,1.251615,1.25161,1.25171
2017-10-10 22:57:00,1.251605,1.251705,1.25158,1.251705
2017-10-10 22:58:00,1.25158,1.251585,1.25156,1.251625
2017-10-10 22:59:00,1.251525,1.251575,1.25147,1.251605
2017-10-10 23:00:00,1.251495,1.251515,1.25149,1.25153
2017-10-10 23:01:00,1.25155,1.251495,1.25148,1.25155
2017-10-10 23:02:00,1.251505,1.25153,1.251505,1.25153
2017-10-10 23:03:00,1.251505,1.25153,1.251505,1.25153
2017-10-10 23:04:00,1.25154,1.251555,1.251535,1.251575
2017-10-10 23:05:00,1.251535,1.251535,1.251525,1.25154
2017-10-10 23:06:00,1.251695,1.25158,1.25158,1.25175
2017-10-10 23:07:00,1.251655,1.2517,1.25165,1.25175
2017-10-10 23:08:00,1.251605,1.251655,1.2516,1.25166
2017-10-10 23:09:00,1.251585,1.251605,1.25154,1.25163
2017-10-10 23:10:00,1.251585,1.251585,1.251565,1.251655
2017-10-10 23:11:00,1.25151,1.251605,1.251465,1.251605
2017-10-10 23:12:00,1.25147,1.251515,1.25147,1.251525
2017-10-10 23:13:00,1.251495,1.251475,1.251475,1.251495
2017-10-10 23:14:00,1.25153,1.25152,1.25152,1.251575
2017-10-10 23:15:00,1.25164,1.251515,1.25151,1.25164
2017-10-10 23:16:00,1.251745,1.251665,1.251665,1.251755
2017-10-10 23:17:00,1.25173,1.25174,1.251725,1.251745
2017-10-10 23:18:00,1.251595,1.251715,1.251515,1.251715
2017-10-10 23:19:00,1.25165,1.251545,1.251545,1.25165
2017-10-10 23:20:00,1.25166,1.251675,1.251655,1.251675
2017-10-10 23:21:00,1.2517,1.251685,1.25167,1.251775
2017-10-10 23:22:00,1.2513,1.25168,1.251255,1.25168
2017-10-10 23:23:00,1.2513,1.25168,1.251255,1.25168
2017-10-10 23:24:00,1.251265,1.251245,1.251215,1.25128
2017-10-10 23:25:00,1.251265,1.251215,1.25121,1.25128
2017-10-10 23:26:00,1.251125,1.251255,1.25111,1.251275
2017-10-10 23:27:00,1.25121,1.25111,1.251105,1.25121
2017-10-10 23:28:00,1.25107,1.251155,1.25107,1.251195
2017-10-10 23:29:00,1.250985,1.251075,1.25098,1.25111
2017-10-10 23:30:00,1.25099,1.250975,1.250975,1.251005
2017-10-10 23:31:00,1.251035,1.250985,1.25097,1.251035
2017-10-10 23:32:00,1.251065,1.25104,1.251035,1.251065
2017-10-10 23:33:00,1.251055,1.251095,1.251025,1.251135
2017-10-10 23:34:00,1.251085,1.251085,1.251085,1.251085
2017-10-10 23:35:00,1.251085,1.251085,1.251085,1.251085
2017-10-10 23:36:00,1.25114,1.25114,1.251135,1.251155
2017-10-10 23:37:00,1.251105,1.251145,1.251105,1.251145
2017-10-10 23:38:00,1.251105,1.251145,1.251105,1.251145
2017-10-10 23:39:00,1.251105,1.251145,1.251105,1.251145
2017-10-10 23:40:00,1.25108,1.25113,1.25108,1.25113
2017-10-10 23:41:00,1.25108,1.25113,1.25108,1.25113
2017-10-10 23:42:00,1.25111,1.25106,1.25106,1.251115
2017-10-10 23:43:00,1.251095,1.25111,1.251095,1.251115
2017-10-10 23:44:00,1.25111,1.2511,1.25109,1.25111
2017-10-10 23:45:00,1.251105,1.25111,1.2511,1.251115
2017-10-10 23:46:00,1.25113,1.251115,1.251015,1.251135
2017-10-10 23:47:00,1.25111,1.251135,1.251105,1.25114
2017-10-10 23:48:00,1.2512,1.25112,1.251115,1.251205
2017-10-10 23:49:00,1.2512,1.251205,1.251185,1.25121
2017-10-10 23:50:00,1.25117,1.25122,1.251165,1.25122
2017-10-10 23:51:00,1.25108,1.251155,1.25108,1.25116
2017-10-10 23:52:00,1.251235,1.25113,1.25113,1.25127
2017-10-10 23:53:00,1.251285,1.251285,1.251285,1.251285
2017-10-10 23:54:00,1.25134,1.25128,1.251275,1.25134
2017-10-10 23:55:00,1.251305,1.251335,1.25127,1.251365
2017-10-10 23:56:00,1.25129,1.251355,1.251285,1.251385
2017-10-10 23:57:00,1.25131,1.25134,1.25129,1.251355
2017-10-10 23:58:00,1.251305,1.251305,1.2513,1.25137
2017-10-10 23:59:00,1.25131,1.2513,1.251275,1.25132
2017-10-11 00:00:00,1.251295,1.251315,1.251295,1.25132
2017-10-11 00:01:00,1.251285,1.25135,1.251285,1.2514
2017-10-11 00:02:00,1.251345,1.25126,1.25126,1.251345
2017-10-11 00:03:00,1.251315,1.251345,1.251315,1.251355
2017-10-11 00:04:00,1.2513,1.251305,1.251285,1.25131
2017-10-11 00:05:00,1.25128,1.25128,1.25128,1.25128
2017-10-11 00:06:00,1.25128,1.25128,1.25128,1.25128
2017-10-11 00:07:00,1.251305,1.251305,1.251305,1.251305
2017-10-11 00:08:00,1.25124,1.251245,1.25123,1.25126
2017-10-11 00:09:00,1.251235,1.251225,1.251225,1.251235
2017-10-11 00:10:00,1.25118,1.251215,1.25113,1.251215
2017-10-11 00:11:00,1.251165,1.251175,1.25116,1.25118
2017-10-11 00:12:00,1.251205,1.25117,1.25117,1.251205
2017-10-11 00:13:00,1.25126,1.2512,1.25119,1.25126
2017-10-11 00:14:00,1.25114,1.25124,1.251135,1.251245
2017-10-11 00:15:00,1.251135,1.251125,1.25105,1.25115
2017-10-11 00:16:00,1.25112,1.25113,1.251115,1.251135
2017-10-11 00:17:00,1.251095,1.251095,1.251095,1.251095
2017-10-11 00:18:00,1.250985,1.25103,1.250975,1.25103
2017-10-11 00:19:00,1.25099,1.25097,1.250955,1.25099
2017-10-11 00:20:00,1.25099,1.25097,1.250955,1.25099
2017-10-11 00:21:00,1.25079,1.25093,1.250745,1.25093
2017-10-11 00:22:00,1.25089,1.25079,1.250755,1.2509
2017-10-11 00:23:00,1.250895,1.25089,1.250885,1.250905
2017-10-11 00:24:00,1.25082,1.25089,1.25074,1.25089
2017-10-11 00:25:00,1.250965,1.25082,1.250815,1.25106
2017-10-11 00:26:00,1.250965,1.25082,1.250815,1.25106
2017-10-11 00:27:00,1.25102,1.250955,1.250945,1.25102
2017-10-11 00:28:00,1.250975,1.251,1.250975,1.251
2017-10-11 00:29:00,1.250975,1.251,1.250975,1.251
2017-10-11 00:30:00,1.251025,1.25102,1.251015,1.251025
2017-10-11 00:31:00,1.25103,1.25102,1.25102,1.25104
2017-10-11 00:32:00,1.251175,1.251035,1.251035,1.25118
2017-10-11 00:33:00,1.251145,1.251195,1.251135,1.2512
2017-10-11 00:34:00,1.251125,1.251155,1.251115,1.25116
2017-10-11 00:35:00,1.25112,1.251125,1.25112,1.25113
2017-10-11 00:36:00,1.25108,1.251095,1.251075,1.25114
2017-10-11 00:37:00,1.25107,1.25108,1.251055,1.25108
2017-10-11 00:38:00,1.25107,1.25108,1.251065,1.25108
2017-10-11 00:39:00,1.251105,1.25106,1.251035,1.251145
2017-10-11 00:40:00,1.2511,1.25111,1.2511,1.251115
2017-10-11 00:41:00,1.251045,1.25112,1.251045,1.25112
2017-10-11 00:42:00,1.25099,1.25102,1.25099,1.25103
2017-10-11 00:43:00,1.250785,1.250995,1.25068,1.250995
2017-10-11 00:44:00,1.25075,1.250805,1.25075,1.250805
2017-10-11 00:45:00,1.250765,1.25075,1.25075,1.2508
2017-10-11 00:46:00,1.2508,1.25077,1.25077,1.25081
2017-10-11 00:47:00,1.250905,1.2508,1.250765,1.25091
2017-10-11 00:48:00,1.25097,1.2509,1.2509,1.250985
2017-10-11 00:49:00,1.250955,1.25096,1.250945,1.25097
2017-10-11 00:50:00,1.25088,1.250895,1.25086,1.2509
2017-10-11 00:51:00,1.250895,1.25086,1.250845,1.2509
2017-10-11 00:52:00,1.25096,1.250945,1.25094,1.250975
2017-10-11 00:53:00,1.250765,1.250935,1.250765,1.250935
2017-10-11 00:54:00,1.250805,1.25079,1.250775,1.25083
2017-10-11 00:55:00,1.25078,1.25079,1.250765,1.2508
2017-10-11 00:56:00,1.250815,1.250775,1.250775,1.250815
2017-10-11 00:57:00,1.25081,1.250815,1.250795,1.250825
2017-10-11 00:58:00,1.25084,1.25081,1.250805,1.25085
2017-10-11 00:59:00,1.250905,1.250845,1.25084,1.250905
2017-10-11 01:00:00,1.25102,1.250925,1.25091,1.25112
2017-10-11 01:01:00,1.250905,1.25101,1.250905,1.25104
2017-10-11 01:02:00,1.25099,1.25091,1.25089,1.251015
2017-10-11 01:03:00,1.25098,1.250995,1.250965,1.25106
2017-10-11 01:04:00,1.25092,1.250985,1.250865,1.250985
2017-10-11 01:05:00,1.25092,1.25092,1.250915,1.250925
2017-10-11 01:06:00,1.25092,1.25092,1.250915,1.250925
2017-10-11 01:07:00,1.250915,1.250935,1.250915,1.250985
2017-10-11 01:08:00,1.25104,1.250915,1.25091,1.25104
2017-10-11 01:09:00,1.251015,1.251065,1.251015,1.251065
2017-10-11 01:10:00,1.251015,1.251065,1.251015,1.251065
2017-10-11 01:11:00,1.25093,1.25097,1.250915,1.25097
2017-10-11 01:12:00,1.250925,1.250935,1.25092,1.250935
2017-10-11 01:13:00,1.25095,1.25092,1.25092,1.25095
2017-10-11 01:14:00,1.25097,1.25097,1.25097,1.25097
2017-10-11 01:15:00,1.250945,1.251,1.25094,1.251
2017-10-11 01:16:00,1.250945,1.251,1.25094,1.251
2017-10-11 01:17:00,1.250945,1.251,1.25094,1.251
2017-10-11 01:18:00,1.25089,1.25089,1.25089,1.25089
2017-10-11 01:19:00,1.250945,1.250895,1.25089,1.250945
2017-10-11 01:20:00,1.25093,1.250945,1.25093,1.25095
2017-10-11 01:21:00,1.2509,1.250925,1.2509,1.250925
2017-10-11 01:22:00,1.25095,1.250895,1.25089,1.25095
2017-10-11 01:23:00,1.25089,1.25095,1.25089,1.250955
2017-10-11 01:24:00,1.25089,1.250885,1.250885,1.25089
2017-10-11 01:25:00,1.250835,1.250895,1.25083,1.2509
2017-10-11 01:26:00,1.25073,1.25078,1.25072,1.25078
2017-10-11 01:27:00,1.2507,1.25072,1.250625,1.250735
2017-10-11 01:28:00,1.250615,1.250695,1.25059,1.25071
2017-10-11 01:29:00,1.250655,1.25056,1.250555,1.25071
2017-10-11 01:30:00,1.250665,1.25065,1.2506,1.250665
2017-10-11 01:31:00,1.250665,1.250665,1.25066,1.25067
2017-10-11 01:32:00,1.25069,1.25065,1.25065,1.25069
2017-10-11 01:33:00,1.250765,1.25069,1.25068,1.250785
2017-10-11 01:34:00,1.250765,1.25069,1.25068,1.250785
2017-10-11 01:35:00,1.250735,1.25076,1.250725,1.250795
2017-10-11 01:36:00,1.25079,1.25075,1.25074,1.25079
2017-10-11 01:37:00,1.25074,1.25074,1.25073,1.250745
2017-10-11 01:38:00,1.25074,1.25074,1.25073,1.250795
2017-10-11 01:39:00,1.25076,1.25076,1.25076,1.250765
2017-10-11 01:40:00,1.25079,1.250765,1.250755,1.25081
2017-10-11 01:41:00,1.25086,1.25081,1.25081,1.25086
2017-10-11 01:42:00,1.25086,1.25081,1.25081,1.25086
2017-10-11 01:43:00,1.25086,1.25081,1.25081,1.25086
2017-10-11 01:44:00,1.250945,1.25091,1.25091,1.25097
2017-10-11 01:45:00,1.25092,1.25094,1.250915,1.250955
2017-10-11 01:46:00,1.251035,1.25098,1.25098,1.251035
2017-10-11 01:47:00,1.25098,1.25101,1.25098,1.25102
2017-10-11 01:48:00,1.25102,1.251035,1.251015,1.251145
2017-10-11 01:49:00,1.25096,1.25101,1.25087,1.25101
2017-10-11 01:50:00,1.251045,1.25102,1.251015,1.2511
2017-10-11 01:51:00,1.25108,1.25105,1.25101,1.25109
2017-10-11 01:52:00,1.25114,1.251085,1.251085,1.251165
2017-10-11 01:53:00,1.251025,1.251135,1.251025,1.251135
2017-10-11 01:54:00,1.25103,1.25107,1.25102,1.251075
2017-10-11 01:55:00,1.251035,1.25105,1.251035,1.251055
2017-10-11 01:56:00,1.25098,1.25102,1.250975,1.251025
2017-10-11 01:57:00,1.2508,1.250985,1.25078,1.250985
2017-10-11 01:58:00,1.250705,1.2508,1.250685,1.250815
2017-10-11 01:59:00,1.25071,1.250725,1.250705,1.250735
2017-10-11 02:00:00,1.2507,1.250715,1.250695,1.250725
2017-10-11 02:01:00,1.250675,1.25071,1.25065,1.250715
2017-10-11 02:02:00,1.25052,1.2507,1.25048,1.250725
2017-10-11 02:03:00,1.250475,1.250525,1.250435,1.250565
2017-10-11 02:04:00,1.250485,1.25042,1.250335,1.250545
2017-10-11 02:05:00,1.250385,1.250475,1.250385,1.250605
2017-10-11 02:06:00,1.250605,1.250335,1.250325,1.250635
2017-10-11 02:07:00,1.250595,1.25062,1.25059,1.25067
2017-10-11 02:08:00,1.25057,1.250585,1.250555,1.25061
2017-10-11 02:09:00,1.250585,1.250565,1.250555,1.25059
2017-10-11 02:10:00,1.25073,1.250535,1.250445,1.250735
2017-10-11 02:11:00,1.250595,1.250675,1.25059,1.250675
2017-10-11 02:12:00,1.25064,1.25059,1.250565,1.25064
2017-10-11 02:13:00,1.25049,1.250645,1.25041,1.250655
2017-10-11 02:14:00,1.250485,1.2505,1.250405,1.25054
2017-10-11 02:15:00,1.25053,1.2505,1.25048,1.25056
2017-10-11 02:16:00,1.250655,1.250525,1.250525,1.25066
2017-10-11 02:17:00,1.25069,1.250655,1.25056,1.2507
2017-10-11 02:18:00,1.250685,1.250695,1.250685,1.250695
2017-10-11 02:19:00,1.250765,1.25069,1.25069,1.250785
2017-10-11 02:20:00,1.250705,1.25076,1.250695,1.250805
2017-10-11 02:21:00,1.2507,1.2507,1.250645,1.250725
2017-10-11 02:22:00,1.250535,1.25065,1.250535,1.25065
2017-10-11 02:23:00,1.25031,1.25048,1.250305,1.25048
2017-10-11 02:24:00,1.25014,1.250315,1.250105,1.25033
2017-10-11 02:25:00,1.250115,1.25012,1.25004,1.250175
2017-10-11 02:26:00,1.250315,1.250105,1.250075,1.250315
2017-10-11 02:27:00,1.25026,1.250265,1.250245,1.250305
2017-10-11 02:28:00,1.25029,1.25027,1.25019,1.25043
2017-10-11 02:29:00,1.25063,1.250285,1.250285,1.250655
2017-10-11 02:30:00,1.25042,1.25061,1.25025,1.250615
2017-10-11 02:31:00,1.25058,1.250425,1.250425,1.250595
2017-10-11 02:32:00,1.250665,1.250585,1.25056,1.25068
2017-10-11 02:33:00,1.250765,1.25066,1.25063,1.25079
2017-10-11 02:34:00,1.2507,1.25071,1.25064,1.250735
2017-10-11 02:35:00,1.250525,1.250695,1.25046,1.2507
2017-10-11 02:36:00,1.250605,1.25058,1.25058,1.25062
2017-10-11 02:37:00,1.250525,1.25058,1.250525,1.250655
2017-10-11 02:38:00,1.250435,1.250555,1.250365,1.250555
2017-10-11 02:39:00,1.25054,1.250415,1.25041,1.250575
2017-10-11 02:40:00,1.25046,1.250535,1.250405,1.25055
2017-10-11 02:41:00,1.250785,1.250445,1.250445,1.250815
2017-10-11 02:42:00,1.25091,1.25079,1.2507,1.25091
2017-10-11 02:43:00,1.25121,1.25097,1.25096,1.251215
2017-10-11 02:44:00,1.251035,1.251205,1.251035,1.25128
2017-10-11 02:45:00,1.25096,1.25103,1.25078,1.25103
2017-10-11 02:46:00,1.25093,1.25096,1.250895,1.25096
2017-10-11 02:47:00,1.251055,1.250925,1.250885,1.251055
2017-10-11 02:48:00,1.25096,1.251065,1.25087,1.251065
2017-10-11 02:49:00,1.250925,1.250955,1.250925,1.250965
2017-10-11 02:50:00,1.250925,1.250955,1.250925,1.250965
2017-10-11 02:51:00,1.25107,1.250905,1.25085,1.251125
2017-10-11 02:52:00,1.25124,1.251085,1.25104,1.25124
2017-10-11 02:53:00,1.251305,1.251235,1.251205,1.25138
2017-10-11 02:54:00,1.25148,1.25133,1.25127,1.251545
2017-10-11 02:55:00,1.25147,1.251455,1.25137,1.2515
2017-10-11 02:56:00,1.25133,1.25146,1.25129,1.25146
2017-10-11 02:57:00,1.25152,1.251315,1.251315,1.25156
2017-10-11 02:58:00,1.251625,1.25153,1.251505,1.25163
2017-10-11 02:59:00,1.251825,1.25162,1.25162,1.251885
2017-10-11 03:00:00,1.25188,1.25182,1.25182,1.252025
2017-10-11 03:01:00,1.251865,1.251865,1.251725,1.25192
2017-10-11 03:02:00,1.25208,1.25188,1.25188,1.25214
2017-10-11 03:03:00,1.252015,1.252085,1.252015,1.252125
2017-10-11 03:04:00,1.25205,1.25204,1.251945,1.25205
2017-10-11 03:05:00,1.252465,1.25208,1.252045,1.2525
2017-10-11 03:06:00,1.252365,1.252445,1.2523,1.252445
2017-10-11 03:07:00,1.25266,1.252365,1.252165,1.252705
2017-10-11 03:08:00,1.25288,1.252715,1.252615,1.25312
2017-10-11 03:09:00,1.25276,1.252875,1.252605,1.252895
2017-10-11 03:10:00,1.25276,1.252765,1.25276,1.253035
2017-10-11 03:11:00,1.252465,1.252705,1.252465,1.252735
2017-10-11 03:12:00,1.252515,1.252435,1.252385,1.25252
2017-10-11 03:13:00,1.25276,1.252515,1.252515,1.25276
2017-10-11 03:14:00,1.25285,1.252745,1.252695,1.252855
2017-10-11 03:15:00,1.252855,1.252845,1.252785,1.2529
2017-10-11 03:16:00,1.25267,1.25284,1.252665,1.252885
2017-10-11 03:17:00,1.25252,1.252665,1.25252,1.252695
2017-10-11 03:18:00,1.25242,1.252465,1.252375,1.252465
2017-10-11 03:19:00,1.25216,1.252415,1.25216,1.252425
2017-10-11 03:20:00,1.25229,1.25213,1.252085,1.25231
2017-10-11 03:21:00,1.252315,1.252295,1.25229,1.25248
2017-10-11 03:22:00,1.252155,1.2523,1.252095,1.25235
2017-10-11 03:23:00,1.25209,1.252145,1.25202,1.25221
2017-10-11 03:24:00,1.25199,1.25208,1.25199,1.25214
2017-10-11 03:25:00,1.251945,1.25197,1.2519,1.252
2017-10-11 03:26:00,1.25171,1.25195,1.251575,1.252015
2017-10-11 03:27:00,1.251705,1.251705,1.25163,1.251715
2017-10-11 03:28:00,1.25158,1.2517,1.25158,1.2517
2017-10-11 03:29:00,1.25162,1.251555,1.251555,1.251675
2017-10-11 03:30:00,1.251675,1.251615,1.25161,1.25169
2017-10-11 03:31:00,1.25165,1.25166,1.25157,1.251715
2017-10-11 03:32:00,1.251645,1.25166,1.251645,1.251865
2017-10-11 03:33:00,1.25171,1.251645,1.251635,1.25175
2017-10-11 03:34:00,1.25177,1.25167,1.251625,1.251775
2017-10-11 03:35:00,1.25174,1.25177,1.25171,1.25181
2017-10-11 03:36:00,1.25166,1.251735,1.251655,1.251745
2017-10-11 03:37:00,1.2516,1.251605,1.251575,1.25176
2017-10-11 03:38:00,1.25195,1.25161,1.25161,1.25196
2017-10-11 03:39:00,1.25204,1.25193,1.251925,1.25206
2017-10-11 03:40:00,1.252015,1.25202,1.251875,1.25204
2017-10-11 03:41:00,1.252,1.251995,1.25196,1.252065
2017-10-11 03:42:00,1.25197,1.252005,1.25196,1.25201
2017-10-11 03:43:00,1.25196,1.251965,1.25195,1.25197
2017-10-11 03:44:00,1.251895,1.25196,1.251845,1.25198
2017-10-11 03:45:00,1.251805,1.251895,1.251785,1.251915
2017-10-11 03:46:00,1.25159,1.2518,1.251585,1.251805
2017-10-11 03:47:00,1.2513,1.251585,1.251135,1.25159
2017-10-11 03:48:00,1.25156,1.251305,1.2513,1.251565
2017-10-11 03:49:00,1.251485,1.251565,1.2514,1.251565
2017-10-11 03:50:00,1.25159,1.25149,1.25149,1.25159
2017-10-11 03:51:00,1.25177,1.251645,1.25164,1.251775
2017-10-11 03:52:00,1.251675,1.25177,1.25161,1.251825
2017-10-11 03:53:00,1.251405,1.251655,1.2514,1.251655
2017-10-11 03:54:00,1.251305,1.2514,1.251235,1.251405
2017-10-11 03:55:00,1.251065,1.2513,1.25106,1.2513
2017-10-11 03:56:00,1.251005,1.251015,1.250925,1.251085
2017-10-11 03:57:00,1.250925,1.25105,1.250915,1.25106
2017-10-11 03:58:00,1.25109,1.250985,1.25095,1.251095
2017-10-11 03:59:00,1.250915,1.25114,1.250895,1.25114
2017-10-11 04:00:00,1.25095,1.250895,1.250825,1.25095
2017-10-11 04:01:00,1.25084,1.2509,1.25081,1.25096
2017-10-11 04:02:00,1.250705,1.25079,1.25065,1.25079
2017-10-11 04:03:00,1.250815,1.250705,1.25063,1.250825
2017-10-11 04:04:00,1.25062,1.25079,1.25062,1.250855
2017-10-11 04:05:00,1.25046,1.25058,1.25038,1.25059
2017-10-11 04:06:00,1.250665,1.250445,1.250445,1.250735
2017-10-11 04:07:00,1.250835,1.25066,1.25066,1.250835
2017-10-11 04:08:00,1.25072,1.25083,1.2507,1.250855
2017-10-11 04:09:00,1.25072,1.250725,1.25068,1.250765
2017-10-11 04:10:00,1.250735,1.250715,1.25066,1.250735
2017-10-11 04:11:00,1.25075,1.250765,1.25071,1.250765
2017-10-11 04:12:00,1.25074,1.25073,1.250725,1.250805
2017-10-11 04:13:00,1.250525,1.250715,1.25048,1.250745
2017-10-11 04:14:00,1.250495,1.25058,1.2504,1.2506
2017-10-11 04:15:00,1.25062,1.25051,1.25045,1.250625
2017-10-11 04:16:00,1.250835,1.250625,1.250625,1.2509
2017-10-11 04:17:00,1.25065,1.25085,1.25063,1.25085
2017-10-11 04:18:00,1.2507,1.25064,1.25063,1.250765
2017-10-11 04:19:00,1.250735,1.250675,1.25062,1.25075
2017-10-11 04:20:00,1.25075,1.250755,1.250745,1.250755
2017-10-11 04:21:00,1.250695,1.250795,1.250665,1.250845
2017-10-11 04:22:00,1.250705,1.25069,1.250675,1.25077
2017-10-11 04:23:00,1.25088,1.250685,1.250685,1.250935
2017-10-11 04:24:00,1.250825,1.25089,1.250815,1.25095
2017-10-11 04:25:00,1.250805,1.25078,1.25069,1.250835
2017-10-11 04:26:00,1.2509,1.25081,1.25075,1.25097
2017-10-11 04:27:00,1.25111,1.25096,1.25095,1.25111
2017-10-11 04:28:00,1.251125,1.25108,1.25101,1.25113
2017-10-11 04:29:00,1.250975,1.25113,1.250975,1.25113
2017-10-11 04:30:00,1.25106,1.25097,1.25096,1.251065
2017-10-11 04:31:00,1.25112,1.251055,1.251045,1.25112
2017-10-11 04:32:00,1.251105,1.251175,1.25109,1.25124
2017-10-11 04:33:00,1.25116,1.251105,1.251095,1.25123
2017-10-11 04:34:00,1.251265,1.25121,1.25121,1.251325
2017-10-11 04:35:00,1.251295,1.25126,1.251195,1.25131
2017-10-11 04:36:00,1.25126,1.2513,1.25124,1.251325
2017-10-11 04:37:00,1.251125,1.251255,1.251115,1.251255
2017-10-11 04:38:00,1.251235,1.25113,1.25104,1.251245
2017-10-11 04:39:00,1.251255,1.25124,1.2512,1.251335
2017-10-11 04:40:00,1.251285,1.25131,1.251165,1.251325
2017-10-11 04:41:00,1.251575,1.25128,1.25128,1.25164
2017-10-11 04:42:00,1.25152,1.25158,1.251415,1.251585
2017-10-11 04:43:00,1.25156,1.251515,1.2515,1.25158
2017-10-11 04:44:00,1.25144,1.25161,1.25141,1.25177
2017-10-11 04:45:00,1.251345,1.251435,1.25132,1.251435
2017-10-11 04:46:00,1.25116,1.251345,1.251155,1.251355
2017-10-11 04:47:00,1.251145,1.251175,1.25112,1.251245
2017-10-11 04:48:00,1.251215,1.25113,1.25113,1.251225
2017-10-11 04:49:00,1.251105,1.25126,1.25109,1.251265
2017-10-11 04:50:00,1.25103,1.2511,1.251015,1.25113
2017-10-11 04:51:00,1.25101,1.251025,1.250965,1.251025
2017-10-11 04:52:00,1.250825,1.25096,1.250825,1.25096
2017-10-11 04:53:00,1.251015,1.25082,1.250795,1.251025
2017-10-11 04:54:00,1.251225,1.25103,1.25103,1.25126
2017-10-11 04:55:00,1.251555,1.251215,1.2512,1.251555
2017-10-11 04:56:00,1.251615,1.251525,1.251455,1.251645
2017-10-11 04:57:00,1.251605,1.251595,1.25151,1.251605
2017-10-11 04:58:00,1.2517,1.251555,1.25144,1.2517
2017-10-11 04:59:00,1.25162,1.25165,1.251565,1.251695
2017-10-11 05:00:00,1.251455,1.25161,1.251425,1.25161
2017-10-11 05:01:00,1.251285,1.251405,1.251235,1.25142
2017-10-11 05:02:00,1.251415,1.25134,1.25127,1.25148
2017-10-11 05:03:00,1.25142,1.251405,1.251345,1.251425
2017-10-11 05:04:00,1.251575,1.25142,1.251365,1.251625
2017-10-11 05:05:00,1.25145,1.251575,1.251425,1.251585
2017-10-11 05:06:00,1.25157,1.251475,1.251475,1.25159
2017-10-11 05:07:00,1.25165,1.25163,1.25156,1.251655
2017-10-11 05:08:00,1.251615,1.251655,1.251615,1.251665
2017-10-11 05:09:00,1.25182,1.25164,1.251595,1.25189
2017-10-11 05:10:00,1.251625,1.251835,1.251625,1.25184
2017-10-11 05:11:00,1.2516,1.251625,1.251525,1.251695
2017-10-11 05:12:00,1.251465,1.251595,1.251465,1.25161
2017-10-11 05:13:00,1.25153,1.25149,1.251485,1.25153
2017-10-11 05:14:00,1.251525,1.25148,1.25148,1.251525
2017-10-11 05:15:00,1.251535,1.25152,1.2515,1.25154
2017-10-11 05:16:00,1.251545,1.251535,1.251535,1.25161
2017-10-11 05:17:00,1.25143,1.25153,1.25143,1.251535
2017-10-11 05:18:00,1.251375,1.25139,1.251375,1.251395
2017-10-11 05:19:00,1.251285,1.25132,1.251285,1.251335
2017-10-11 05:20:00,1.251435,1.25129,1.251285,1.251435
2017-10-11 05:21:00,1.25144,1.251425,1.25138,1.25145
2017-10-11 05:22:00,1.25136,1.25144,1.251355,1.251445
2017-10-11 05:23:00,1.25132,1.251355,1.251295,1.251365
2017-10-11 05:24:00,1.251405,1.25131,1.25131,1.251415
2017-10-11 05:25:00,1.251285,1.251355,1.251245,1.251355
2017-10-11 05:26:00,1.25134,1.251285,1.251265,1.251345
2017-10-11 05:27:00,1.251325,1.25132,1.25132,1.25138
2017-10-11 05:28:00,1.25132,1.25132,1.25132,1.25132
2017-10-11 05:29:00,1.251365,1.251345,1.251345,1.251365
2017-10-11 05:30:00,1.251395,1.251365,1.251355,1.25141
2017-10-11 05:31:00,1.251585,1.251395,1.251395,1.251585
2017-10-11 05:32:00,1.251455,1.251525,1.251455,1.251545
2017-10-11 05:33:00,1.251735,1.25151,1.25148,1.25176
2017-10-11 05:34:00,1.251775,1.25174,1.251735,1.25197
2017-10-11 05:35:00,1.25189,1.25182,1.251715,1.25189
2017-10-11 05:36:00,1.251985,1.251895,1.251865,1.251985
2017-10-11 05:37:00,1.25169,1.251985,1.251675,1.251985
2017-10-11 05:38:00,1.251845,1.251685,1.251595,1.25189
2017-10-11 05:39:00,1.251955,1.251855,1.25171,1.252185
2017-10-11 05:40:00,1.25184,1.25196,1.251755,1.25196
2017-10-11 05:41:00,1.252045,1.251855,1.251855,1.252225
2017-10-11 05:42:00,1.25197,1.251985,1.251925,1.252065
2017-10-11 05:43:00,1.25205,1.25192,1.251895,1.25208
2017-10-11 05:44:00,1.25205,1.252075,1.25188,1.252075
2017-10-11 05:45:00,1.251845,1.25206,1.251845,1.252065
2017-10-11 05:46:00,1.252,1.25184,1.25184,1.252
2017-10-11 05:47:00,1.25196,1.252,1.251935,1.252
2017-10-11 05:48:00,1.251825,1.25195,1.251815,1.25196
2017-10-11 05:49:00,1.25192,1.251825,1.25182,1.25192
2017-10-11 05:50:00,1.25203,1.251975,1.25196,1.25203
2017-10-11 05:51:00,1.252055,1.25198,1.25198,1.252125
2017-10-11 05:52:00,1.25219,1.252065,1.252055,1.25225
2017-10-11 05:53:00,1.25214,1.252135,1.252105,1.25218
2017-10-11 05:54:00,1.252015,1.252135,1.252015,1.252145
2017-10-11 05:55:00,1.25234,1.252045,1.252045,1.252345
2017-10-11 05:56:00,1.25209,1.25235,1.25209,1.252365
2017-10-11 05:57:00,1.252135,1.252035,1.251935,1.25219
2017-10-11 05:58:00,1.252305,1.25214,1.25213,1.25232
2017-10-11 05:59:00,1.252285,1.2523,1.25219,1.252395
2017-10-11 06:00:00,1.2524,1.252265,1.2522,1.2524
2017-10-11 06:01:00,1.25249,1.25241,1.25232,1.25252
2017-10-11 06:02:00,1.25243,1.25249,1.25239,1.2525
2017-10-11 06:03:00,1.2524,1.252455,1.252335,1.2525
2017-10-11 06:04:00,1.252435,1.252395,1.252395,1.252525
2017-10-11 06:05:00,1.25251,1.252375,1.25235,1.25251
2017-10-11 06:06:00,1.252575,1.25253,1.25253,1.252625
2017-10-11 06:07:00,1.252355,1.252525,1.252355,1.252525
2017-10-11 06:08:00,1.252275,1.25238,1.25227,1.25238
2017-10-11 06:09:00,1.25235,1.25228,1.25223,1.25235
2017-10-11 06:10:00,1.25225,1.252405,1.25222,1.252415
2017-10-11 06:11:00,1.25231,1.252255,1.25225,1.25238
2017-10-11 06:12:00,1.252395,1.252255,1.252245,1.2524
2017-10-11 06:13:00,1.252405,1.25239,1.25236,1.25246
2017-10-11 06:14:00,1.25248,1.252405,1.25231,1.252485
2017-10-11 06:15:00,1.25252,1.252485,1.25246,1.25255
2017-10-11 06:16:00,1.25256,1.25255,1.252525,1.252595
2017-10-11 06:17:00,1.25248,1.25256,1.252475,1.252615
2017-10-11 06:18:00,1.252635,1.252485,1.25248,1.252655
2017-10-11 06:19:00,1.25265,1.25264,1.252575,1.252675
2017-10-11 06:20:00,1.25239,1.25263,1.25231,1.252635
2017-10-11 06:21:00,1.25226,1.25238,1.25226,1.25241
2017-10-11 06:22:00,1.252315,1.25225,1.25225,1.25233
2017-10-11 06:23:00,1.252355,1.252315,1.252305,1.252355
2017-10-11 06:24:00,1.25239,1.25237,1.252365,1.252395
2017-10-11 06:25:00,1.252315,1.25235,1.25231,1.252355
2017-10-11 06:26:00,1.2523,1.2523,1.25223,1.252385
2017-10-11 06:27:00,1.252335,1.252315,1.252295,1.252335
2017-10-11 06:28:00,1.25236,1.252285,1.25222,1.25236
2017-10-11 06:29:00,1.252175,1.252335,1.25214,1.25237
2017-10-11 06:30:00,1.25215,1.2522,1.25212,1.25223
2017-10-11 06:31:00,1.252115,1.2521,1.25207,1.25214
2017-10-11 06:32:00,1.25211,1.25211,1.252085,1.25211
2017-10-11 06:33:00,1.25208,1.25209,1.25195,1.25213
2017-10-11 06:34:00,1.25204,1.25208,1.25199,1.25208
2017-10-11 06:35:00,1.252045,1.25202,1.252015,1.252045
2017-10-11 06:36:00,1.252055,1.25199,1.251985,1.252055
2017-10-11 06:37:00,1.25195,1.252085,1.25195,1.252085
2017-10-11 06:38:00,1.25189,1.251925,1.25187,1.25196
2017-10-11 06:39:00,1.25178,1.25191,1.25178,1.25191
2017-10-11 06:40:00,1.251755,1.251755,1.251755,1.251755
2017-10-11 06:41:00,1.25181,1.251805,1.2518,1.251945
2017-10-11 06:42:00,1.251775,1.251815,1.251775,1.25184
2017-10-11 06:43:00,1.251685,1.251715,1.25168,1.251735
2017-10-11 06:44:00,1.25166,1.251625,1.25161,1.251665
2017-10-11 06:45:00,1.25172,1.25166,1.25166,1.251795
2017-10-11 06:46:00,1.25175,1.251775,1.251725,1.251785
2017-10-11 06:47:00,1.251845,1.251775,1.251705,1.251875
2017-10-11 06:48:00,1.25191,1.251895,1.25189,1.25191
2017-10-11 06:49:00,1.25211,1.251965,1.251955,1.25211
2017-10-11 06:50:00,1.25204,1.252105,1.25202,1.252105
2017-10-11 06:51:00,1.25197,1.252035,1.25197,1.252035
2017-10-11 06:52:00,1.25177,1.251965,1.25176,1.251965
2017-10-11 06:53:00,1.25159,1.25175,1.25159,1.25175
2017-10-11 06:54:00,1.251575,1.251595,1.251575,1.251665
2017-10-11 06:55:00,1.25159,1.25158,1.25153,1.25169
2017-10-11 06:56:00,1.25166,1.25159,1.251575,1.25167
2017-10-11 06:57:00,1.251635,1.251605,1.251585,1.25164
2017-10-11 06:58:00,1.251555,1.251575,1.251555,1.25161
2017-10-11 06:59:00,1.251535,1.25157,1.251525,1.2516
2017-10-11 07:00:00,1.251635,1.25154,1.251535,1.251635
2017-10-11 07:01:00,1.25183,1.25166,1.25166,1.25183
2017-10-11 07:02:00,1.25176,1.25178,1.251715,1.251785
2017-10-11 07:03:00,1.251635,1.251755,1.251605,1.251755
2017-10-11 07:04:00,1.251395,1.25161,1.251385,1.251645
2017-10-11 07:05:00,1.25148,1.25144,1.251415,1.25149
2017-10-11 07:06:00,1.25174,1.25152,1.25152,1.251795
2017-10-11 07:07:00,1.2517,1.25174,1.251695,1.251825
2017-10-11 07:08:00,1.25162,1.25166,1.2516,1.251695
2017-10-11 07:09:00,1.251655,1.251615,1.251575,1.2517
2017-10-11 07:10:00,1.251725,1.251705,1.251675,1.25177
2017-10-11 07:11:00,1.251775,1.251705,1.251705,1.251775
2017-10-11 07:12:00,1.25175,1.251795,1.25174,1.251795
2017-10-11 07:13:00,1.251415,1.251745,1.251415,1.25176
2017-10-11 07:14:00,1.25147,1.25141,1.25141,1.251605
2017-10-11 07:15:00,1.251615,1.25147,1.25147,1.251615
2017-10-11 07:16:00,1.25183,1.251605,1.2516,1.25184
2017-10-11 07:17:00,1.2516,1.25178,1.25152,1.25178
2017-10-11 07:18:00,1.2516,1.25162,1.2516,1.25162
2017-10-11 07:19:00,1.25153,1.251575,1.25142,1.251575
2017-10-11 07:20:00,1.251455,1.251585,1.251455,1.251605
2017-10-11 07:21:00,1.251565,1.25145,1.25143,1.251565
2017-10-11 07:22:00,1.25164,1.251515,1.25151,1.25164
2017-10-11 07:23:00,1.25168,1.251695,1.251675,1.251805
2017-10-11 07:24:00,1.251705,1.2517,1.251685,1.25181
2017-10-11 07:25:00,1.251725,1.2517,1.2517,1.251805
2017-10-11 07:26:00,1.2516,1.25168,1.251555,1.25168
2017-10-11 07:27:00,1.25157,1.25159,1.251565,1.25162
2017-10-11 07:28:00,1.251465,1.251565,1.251465,1.25157
2017-10-11 07:29:00,1.251475,1.251475,1.251475,1.251475
2017-10-11 07:30:00,1.251445,1.251485,1.251445,1.251525
2017-10-11 07:31:00,1.251435,1.251435,1.251435,1.251435
2017-10-11 07:32:00,1.251425,1.251435,1.25141,1.251445
2017-10-11 07:33:00,1.251425,1.251425,1.251385,1.251435
2017-10-11 07:34:00,1.251445,1.251375,1.251365,1.251465
2017-10-11 07:35:00,1.25136,1.25139,1.25135,1.25143
2017-10-11 07:36:00,1.251085,1.251355,1.251085,1.251385
2017-10-11 07:37:00,1.25125,1.25108,1.251055,1.25125
2017-10-11 07:38:00,1.251325,1.251255,1.251245,1.251365
2017-10-11 07:39:00,1.25126,1.251335,1.25125,1.251335
2017-10-11 07:40:00,1.251185,1.251265,1.25118,1.25129
2017-10-11 07:41:00,1.251305,1.251235,1.251195,1.25132
2017-10-11 07:42:00,1.251365,1.25131,1.251215,1.251365
2017-10-11 07:43:00,1.251305,1.25134,1.2513,1.25136
2017-10-11 07:44:00,1.251205,1.25126,1.251205,1.25126
2017-10-11 07:45:00,1.25127,1.25121,1.25121,1.251325
2017-10-11 07:46:00,1.251685,1.25125,1.251245,1.251785
2017-10-11 07:47:00,1.251605,1.25168,1.251555,1.2517
2017-10-11 07:48:00,1.2516,1.25162,1.25158,1.25167
2017-10-11 07:49:00,1.251535,1.25159,1.25152,1.251615
2017-10-11 07:50:00,1.25147,1.25159,1.251455,1.251675
2017-10-11 07:51:00,1.251515,1.251465,1.251465,1.251535
2017-10-11 07:52:00,1.25154,1.25153,1.251505,1.25168
2017-10-11 07:53:00,1.25153,1.25154,1.25153,1.25158
2017-10-11 07:54:00,1.2516,1.251535,1.25149,1.2516
2017-10-11 07:55:00,1.251205,1.251595,1.251205,1.251595
2017-10-11 07:56:00,1.251185,1.25116,1.251155,1.25125
2017-10-11 07:57:00,1.25126,1.251175,1.25116,1.25126
2017-10-11 07:58:00,1.251085,1.251265,1.25104,1.251265
2017-10-11 07:59:00,1.25098,1.25108,1.25096,1.25111
2017-10-11 08:00:00,1.251065,1.25099,1.250985,1.2511
2017-10-11 08:01:00,1.250835,1.251045,1.250835,1.251045
2017-10-11 08:02:00,1.251065,1.25083,1.250825,1.251105
2017-10-11 08:03:00,1.251135,1.251015,1.251015,1.251145
2017-10-11 08:04:00,1.251235,1.25113,1.251125,1.251255
2017-10-11 08:05:00,1.251405,1.251275,1.25124,1.25144
2017-10-11 08:06:00,1.25126,1.2514,1.251255,1.251415
2017-10-11 08:07:00,1.251245,1.251315,1.25124,1.251325
2017-10-11 08:08:00,1.2511,1.251245,1.25107,1.25125
2017-10-11 08:09:00,1.25099,1.251155,1.250965,1.251165
2017-10-11 08:10:00,1.25098,1.250985,1.25096,1.25103
2017-10-11 08:11:00,1.25098,1.250985,1.25096,1.25103
2017-10-11 08:12:00,1.251,1.251035,1.251,1.251035
2017-10-11 08:13:00,1.25097,1.250975,1.250895,1.25098
2017-10-11 08:14:00,1.25101,1.25098,1.25094,1.251015
2017-10-11 08:15:00,1.2509,1.251015,1.250895,1.251105
2017-10-11 08:16:00,1.25083,1.250895,1.25083,1.251035
2017-10-11 08:17:00,1.25089,1.250855,1.250835,1.25089
2017-10-11 08:18:00,1.250585,1.2509,1.25058,1.2509
2017-10-11 08:19:00,1.250355,1.25059,1.250295,1.25059
2017-10-11 08:20:00,1.25051,1.250355,1.250355,1.250585
2017-10-11 08:21:00,1.25035,1.250535,1.250345,1.250745
2017-10-11 08:22:00,1.250465,1.250355,1.250335,1.25047
2017-10-11 08:23:00,1.250425,1.25047,1.2503,1.25047
2017-10-11 08:24:00,1.250425,1.250475,1.250425,1.250475
2017-10-11 08:25:00,1.250455,1.25048,1.25043,1.250515
2017-10-11 08:26:00,1.250485,1.25046,1.25042,1.25061
2017-10-11 08:27:00,1.25035,1.25049,1.250305,1.250495
2017-10-11 08:28:00,1.250185,1.250305,1.25018,1.250335
2017-10-11 08:29:00,1.250445,1.25019,1.25019,1.250455
2017-10-11 08:30:00,1.25072,1.25045,1.250425,1.25072
2017-10-11 08:31:00,1.25049,1.250715,1.250435,1.25073
2017-10-11 08:32:00,1.25048,1.250495,1.250395,1.25054
2017-10-11 08:33:00,1.250355,1.250535,1.250295,1.25055
2017-10-11 08:34:00,1.250125,1.250355,1.250125,1.250355
2017-10-11 08:35:00,1.25005,1.2501,1.25005,1.250255
2017-10-11 08:36:00,1.249965,1.250055,1.249865,1.250065
2017-10-11 08:37:00,1.25013,1.250015,1.249985,1.250165
2017-10-11 08:38:00,1.25022,1.25008,1.250075,1.250245
2017-10-11 08:39:00,1.25025,1.25021,1.250165,1.250285
2017-10-11 08:40:00,1.25024,1.25031,1.25022,1.250325
2017-10-11 08:41:00,1.2503,1.250225,1.250185,1.250365
2017-10-11 08:42:00,1.25024,1.250315,1.250085,1.250535
2017-10-11 08:43:00,1.25025,1.250185,1.2501,1.250285
2017-10-11 08:44:00,1.250155,1.250255,1.25014,1.2503
2017-10-11 08:45:00,1.250145,1.25016,1.25014,1.250275
2017-10-11 08:46:00,1.250175,1.25008,1.250045,1.250175
2017-10-11 08:47:00,1.250075,1.250205,1.25003,1.25024
2017-10-11 08:48:00,1.25044,1.250135,1.25013,1.25044
2017-10-11 08:49:00,1.250505,1.25044,1.250415,1.250505
2017-10-11 08:50:00,1.2503,1.25046,1.25027,1.25046
2017-10-11 08:51:00,1.25023,1.2503,1.250225,1.250355
2017-10-11 08:52:00,1.250485,1.250225,1.25022,1.250515
2017-10-11 08:53:00,1.25029,1.2505,1.250255,1.250525
2017-10-11 08:54:00,1.250205,1.25029,1.250085,1.25029
2017-10-11 08:55:00,1.250155,1.25015,1.250085,1.250225
2017-10-11 08:56:00,1.250045,1.25014,1.250045,1.25016
2017-10-11 08:57:00,1.250045,1.25014,1.250045,1.25016
2017-10-11 08:58:00,1.249955,1.250025,1.249955,1.250055
2017-10-11 08:59:00,1.24977,1.249955,1.249745,1.249955
2017-10-11 09:00:00,1.249735,1.249775,1.24967,1.24984
2017-10-11 09:01:00,1.24983,1.24979,1.24976,1.249915
2017-10-11 09:02:00,1.24992,1.24989,1.249775,1.249955
2017-10-11 09:03:00,1.249895,1.24992,1.24981,1.24995
2017-10-11 09:04:00,1.249825,1.249905,1.249815,1.249995
2017-10-11 09:05:00,1.24982,1.24983,1.249745,1.24996
2017-10-11 09:06:00,1.249885,1.249825,1.24982,1.25004
2017-10-11 09:07:00,1.249975,1.249935,1.24985,1.250085
2017-10-11 09:08:00,1.249985,1.249985,1.24989,1.250035
2017-10-11 09:09:00,1.249955,1.25,1.24984,1.250005
2017-10-11 09:10:00,1.250025,1.249995,1.249935,1.2501
2017-10-11 09:11:00,1.249925,1.24998,1.24985,1.250035
2017-10-11 09:12:00,1.24996,1.249895,1.249895,1.25007
2017-10-11 09:13:00,1.24986,1.250005,1.24983,1.25001
2017-10-11 09:14:00,1.24981,1.24988,1.24966,1.249915
2017-10-11 09:15:00,1.249795,1.249755,1.24975,1.249875
2017-10-11 09:16:00,1.249705,1.249765,1.2496,1.249765
2017-10-11 09:17:00,1.249655,1.2497,1.24959,1.249745
2017-10-11 09:18:00,1.24984,1.24968,1.24968,1.249865
2017-10-11 09:19:00,1.2497,1.249835,1.2497,1.24984
2017-10-11 09:20:00,1.249545,1.249675,1.249505,1.249675
2017-10-11 09:21:00,1.24946,1.24957,1.249385,1.249645
2017-10-11 09:22:00,1.249335,1.249455,1.24933,1.24946
2017-10-11 09:23:00,1.249235,1.24936,1.249135,1.249385
2017-10-11 09:24:00,1.24935,1.249235,1.24923,1.249365
2017-10-11 09:25:00,1.24937,1.24932,1.24932,1.2494
2017-10-11 09:26:00,1.24941,1.249425,1.249335,1.24946
2017-10-11 09:27:00,1.24939,1.24943,1.24938,1.249435
2017-10-11 09:28:00,1.249385,1.24934,1.24932,1.249405
2017-10-11 09:29:00,1.24933,1.24938,1.249325,1.24948
2017-10-11 09:30:00,1.249425,1.249355,1.249355,1.24947
2017-10-11 09:31:00,1.24942,1.249435,1.249325,1.249445
2017-10-11 09:32:00,1.24962,1.249465,1.24935,1.249675
2017-10-11 09:33:00,1.24956,1.249625,1.249555,1.249715
2017-10-11 09:34:00,1.249565,1.24961,1.249555,1.249685
2017-10-11 09:35:00,1.24953,1.24956,1.24941,1.24965
2017-10-11 09:36:00,1.24969,1.24952,1.249365,1.249705
2017-10-11 09:37:00,1.249365,1.24969,1.24936,1.249695
2017-10-11 09:38:00,1.24937,1.249375,1.249305,1.249405
2017-10-11 09:39:00,1.249265,1.249375,1.24905,1.249385
2017-10-11 09:40:00,1.24941,1.249305,1.249305,1.249465
2017-10-11 09:41:00,1.24943,1.24942,1.24936,1.24948
2017-10-11 09:42:00,1.249525,1.24941,1.249355,1.24953
2017-10-11 09:43:00,1.249635,1.249495,1.249495,1.249635
2017-10-11 09:44:00,1.24987,1.249645,1.249645,1.24987
2017-10-11 09:45:00,1.250075,1.24989,1.24985,1.250135
2017-10-11 09:46:00,1.250005,1.25007,1.24985,1.25007
2017-10-11 09:47:00,1.250095,1.250065,1.250035,1.2501
2017-10-11 09:48:00,1.25021,1.250095,1.250075,1.25023
2017-10-11 09:49:00,1.250095,1.2502,1.250095,1.250205
2017-10-11 09:50:00,1.250275,1.25007,1.25005,1.250275
2017-10-11 09:51:00,1.24992,1.250215,1.24992,1.25024
2017-10-11 09:52:00,1.250015,1.24989,1.24971,1.250015
2017-10-11 09:53:00,1.250065,1.250005,1.24992,1.25009
2017-10-11 09:54:00,1.24978,1.25006,1.249775,1.250095
2017-10-11 09:55:00,1.249815,1.24982,1.24975,1.249885
2017-10-11 09:56:00,1.24996,1.249805,1.24975,1.25005
2017-10-11 09:57:00,1.24988,1.249945,1.249835,1.24996
2017-10-11 09:58:00,1.249885,1.24988,1.249825,1.249905
2017-10-11 09:59:00,1.249775,1.249885,1.249665,1.24989
2017-10-11 10:00:00,1.24965,1.24977,1.24964,1.249865
2017-10-11 10:01:00,1.249805,1.249655,1.249645,1.249825
2017-10-11 10:02:00,1.249645,1.24981,1.249645,1.24981
2017-10-11 10:03:00,1.24954,1.249645,1.24947,1.249825
2017-10-11 10:04:00,1.249505,1.2495,1.249335,1.249505
2017-10-11 10:05:00,1.249485,1.249455,1.24938,1.249495
2017-10-11 10:06:00,1.249525,1.24948,1.24938,1.24953
2017-10-11 10:07:00,1.24971,1.249525,1.24952,1.249855
2017-10-11 10:08:00,1.249635,1.249685,1.24961,1.249695
2017-10-11 10:09:00,1.249915,1.24963,1.24963,1.249925
2017-10-11 10:10:00,1.24981,1.249925,1.24965,1.24993
2017-10-11 10:11:00,1.2499,1.24977,1.249765,1.249945
2017-10-11 10:12:00,1.249935,1.249955,1.24988,1.24997
2017-10-11 10:13:00,1.249875,1.24998,1.249875,1.25003
2017-10-11 10:14:00,1.24989,1.24988,1.24978,1.249895
2017-10-11 10:15:00,1.24978,1.24989,1.249765,1.2499
2017-10-11 10:16:00,1.24971,1.24978,1.249665,1.249845
2017-10-11 10:17:00,1.249615,1.24972,1.249555,1.24972
2017-10-11 10:18:00,1.249475,1.249655,1.24947,1.249665
2017-10-11 10:19:00,1.249445,1.24948,1.24944,1.24948
2017-10-11 10:20:00,1.24943,1.24945,1.24937,1.24948
2017-10-11 10:21:00,1.249175,1.24942,1.249165,1.24947
2017-10-11 10:22:00,1.24912,1.24919,1.2491,1.2493
2017-10-11 10:23:00,1.24902,1.24914,1.24898,1.24914
2017-10-11 10:24:00,1.249,1.249025,1.248845,1.24907
2017-10-11 10:25:00,1.249245,1.24898,1.248945,1.24927
2017-10-11 10:26:00,1.249565,1.2493,1.24925,1.249565
2017-10-11 10:27:00,1.249685,1.24957,1.24952,1.24972
2017-10-11 10:28:00,1.24987,1.24969,1.24967,1.24994
2017-10-11 10:29:00,1.250085,1.249865,1.24986,1.25013
2017-10-11 10:30:00,1.2504,1.250075,1.250025,1.2504
2017-10-11 10:31:00,1.250545,1.250395,1.250395,1.25063
2017-10-11 10:32:00,1.25042,1.25054,1.25039,1.25064
2017-10-11 10:33:00,1.250575,1.25038,1.250335,1.25062
2017-10-11 10:34:00,1.250665,1.25058,1.25043,1.250675
2017-10-11 10:35:00,1.25058,1.25066,1.250575,1.250735
2017-10-11 10:36:00,1.251,1.250575,1.25057,1.251
2017-10-11 10:37:00,1.250825,1.250975,1.25082,1.25107
2017-10-11 10:38:00,1.25068,1.25082,1.2505,1.25088
2017-10-11 10:39:00,1.25088,1.250685,1.25067,1.25089
2017-10-11 10:40:00,1.25093,1.250885,1.250785,1.250965
2017-10-11 10:41:00,1.251,1.25097,1.250945,1.251045
2017-10-11 10:42:00,1.250685,1.250975,1.2506,1.25104
2017-10-11 10:43:00,1.25087,1.250685,1.25063,1.25087
2017-10-11 10:44:00,1.250985,1.250875,1.250795,1.251065
2017-10-11 10:45:00,1.250955,1.25098,1.250905,1.25102
2017-10-11 10:46:00,1.251,1.25096,1.25092,1.25113
2017-10-11 10:47:00,1.251095,1.250995,1.250975,1.251095
2017-10-11 10:48:00,1.25134,1.25112,1.25112,1.251445
2017-10-11 10:49:00,1.250905,1.251285,1.25089,1.251285
2017-10-11 10:50:00,1.25085,1.25096,1.25083,1.250965
2017-10-11 10:51:00,1.251285,1.250845,1.250725,1.25129
2017-10-11 10:52:00,1.25126,1.25128,1.251215,1.2513
2017-10-11 10:53:00,1.251225,1.251205,1.251115,1.25123
2017-10-11 10:54:00,1.251255,1.25122,1.2512,1.251395
2017-10-11 10:55:00,1.251235,1.251285,1.25118,1.251285
2017-10-11 10:56:00,1.25125,1.251225,1.251225,1.25129
2017-10-11 10:57:00,1.25114,1.251205,1.251105,1.25124
2017-10-11 10:58:00,1.25152,1.251145,1.25114,1.25157
2017-10-11 10:59:00,1.25153,1.251525,1.25142,1.251595
2017-10-11 11:00:00,1.251445,1.25153,1.251435,1.25162
2017-10-11 11:01:00,1.25171,1.25145,1.251445,1.251725
2017-10-11 11:02:00,1.251555,1.25171,1.25153,1.251775
2017-10-11 11:03:00,1.25156,1.25151,1.25141,1.251595
2017-10-11 11:04:00,1.251615,1.2516,1.25148,1.251665
2017-10-11 11:05:00,1.25153,1.251615,1.25153,1.251615
2017-10-11 11:06:00,1.25131,1.251505,1.25131,1.251585
2017-10-11 11:07:00,1.25137,1.251315,1.251275,1.25142
2017-10-11 11:08:00,1.25119,1.251365,1.251185,1.25138
2017-10-11 11:09:00,1.25117,1.251195,1.25105,1.251265
2017-10-11 11:10:00,1.25098,1.25122,1.25098,1.251225
2017-10-11 11:11:00,1.25094,1.250935,1.250915,1.2511
2017-10-11 11:12:00,1.25081,1.25095,1.25078,1.250965
2017-10-11 11:13:00,1.25125,1.25083,1.250825,1.251275
2017-10-11 11:14:00,1.25127,1.251255,1.25115,1.25127
2017-10-11 11:15:00,1.251215,1.251255,1.25108,1.25127
2017-10-11 11:16:00,1.25119,1.25119,1.251125,1.251245
2017-10-11 11:17:00,1.25111,1.251195,1.2511,1.25128
2017-10-11 11:18:00,1.25082,1.251115,1.25077,1.251115
2017-10-11 11:19:00,1.251355,1.250815,1.250815,1.251355
2017-10-11 11:20:00,1.251515,1.25135,1.251275,1.251525
2017-10-11 11:21:00,1.251665,1.251505,1.251485,1.25169
2017-10-11 11:22:00,1.25167,1.251675,1.25162,1.25168
2017-10-11 11:23:00,1.25152,1.251615,1.251465,1.25163
2017-10-11 11:24:00,1.25149,1.251525,1.25145,1.251605
2017-10-11 11:25:00,1.25151,1.251495,1.25148,1.25157
2017-10-11 11:26:00,1.251505,1.25151,1.251485,1.25159
2017-10-11 11:27:00,1.25162,1.251505,1.2515,1.251685
2017-10-11 11:28:00,1.25157,1.251595,1.25156,1.251615
2017-10-11 11:29:00,1.25159,1.251575,1.251505,1.2516
2017-10-11 11:30:00,1.25152,1.251535,1.25148,1.251555
2017-10-11 11:31:00,1.251245,1.251465,1.251215,1.251485
2017-10-11 11:32:00,1.25133,1.251235,1.25121,1.251415
2017-10-11 11:33:00,1.25134,1.251275,1.25112,1.25136
2017-10-11 11:34:00,1.25125,1.251285,1.25112,1.25129
2017-10-11 11:35:00,1.25126,1.251295,1.25126,1.25149
2017-10-11 11:36:00,1.251205,1.251255,1.25116,1.251295
2017-10-11 11:37:00,1.251375,1.251215,1.251215,1.25146
2017-10-11 11:38:00,1.2514,1.25138,1.25132,1.25142
2017-10-11 11:39:00,1.251335,1.251345,1.25133,1.2514
2017-10-11 11:40:00,1.251435,1.25133,1.25133,1.25151
2017-10-11 11:41:00,1.25138,1.251435,1.251375,1.251555
2017-10-11 11:42:00,1.25154,1.25139,1.251385,1.2516
2017-10-11 11:43:00,1.25148,1.251535,1.251475,1.251555
2017-10-11 11:44:00,1.251625,1.251485,1.251475,1.25168
2017-10-11 11:45:00,1.251585,1.25163,1.25154,1.251635
2017-10-11 11:46:00,1.251525,1.25158,1.25146,1.25159
2017-10-11 11:47:00,1.251595,1.251475,1.25142,1.251595
2017-10-11 11:48:00,1.25159,1.251615,1.251565,1.25169
2017-10-11 11:49:00,1.251525,1.251585,1.251485,1.25168
2017-10-11 11:50:00,1.251665,1.25151,1.251505,1.251665
2017-10-11 11:51:00,1.25152,1.25162,1.25149,1.251635
2017-10-11 11:52:00,1.25137,1.251525,1.25137,1.251525
2017-10-11 11:53:00,1.251335,1.251375,1.251335,1.251375
2017-10-11 11:54:00,1.2512,1.251295,1.251155,1.251295
2017-10-11 11:55:00,1.251365,1.251195,1.251035,1.251365
2017-10-11 11:56:00,1.251445,1.25139,1.25128,1.251455
2017-10-11 11:57:00,1.251395,1.251435,1.251375,1.25146
2017-10-11 11:58:00,1.25145,1.25141,1.25139,1.25153
2017-10-11 11:59:00,1.2513,1.251455,1.251255,1.25146
2017-10-11 12:00:00,1.25117,1.251295,1.25104,1.251335
2017-10-11 12:01:00,1.25087,1.251185,1.250865,1.251205
2017-10-11 12:02:00,1.250635,1.250845,1.2506,1.251
2017-10-11 12:03:00,1.25063,1.250655,1.25063,1.25078
2017-10-11 12:04:00,1.250695,1.250635,1.25061,1.2507
2017-10-11 12:05:00,1.250785,1.2507,1.25064,1.25086
2017-10-11 12:06:00,1.250805,1.25078,1.250715,1.250815
2017-10-11 12:07:00,1.250795,1.2508,1.250765,1.250835
2017-10-11 12:08:00,1.25097,1.250795,1.25077,1.25097
2017-10-11 12:09:00,1.25088,1.250975,1.25088,1.25099
2017-10-11 12:10:00,1.25103,1.250935,1.25092,1.251145
2017-10-11 12:11:00,1.25095,1.25101,1.25095,1.251015
2017-10-11 12:12:00,1.25088,1.25093,1.25088,1.25093
2017-10-11 12:13:00,1.250905,1.250825,1.250825,1.250915
2017-10-11 12:14:00,1.25092,1.250955,1.25091,1.25098
2017-10-11 12:15:00,1.250905,1.250925,1.250805,1.250985
2017-10-11 12:16:00,1.250925,1.250905,1.2509,1.25098
2017-10-11 12:17:00,1.251085,1.25092,1.250905,1.251085
2017-10-11 12:18:00,1.251225,1.25111,1.25107,1.25123
2017-10-11 12:19:00,1.25121,1.25123,1.25116,1.2513
2017-10-11 12:20:00,1.251215,1.25121,1.251205,1.251255
2017-10-11 12:21:00,1.2511,1.251215,1.250915,1.25123
2017-10-11 12:22:00,1.250785,1.2511,1.25077,1.251105
2017-10-11 12:23:00,1.250735,1.25073,1.25066,1.250775
2017-10-11 12:24:00,1.25063,1.25073,1.250625,1.250755
2017-10-11 12:25:00,1.250665,1.250625,1.25052,1.25067
2017-10-11 12:26:00,1.25065,1.250665,1.250645,1.25074
2017-10-11 12:27:00,1.25054,1.25065,1.25049,1.25072
2017-10-11 12:28:00,1.2505,1.250485,1.25034,1.250535
2017-10-11 12:29:00,1.250475,1.2505,1.25041,1.250505
2017-10-11 12:30:00,1.250595,1.25045,1.25045,1.250625
2017-10-11 12:31:00,1.25061,1.25059,1.25059,1.25065
2017-10-11 12:32:00,1.2506,1.25066,1.250555,1.25066
2017-10-11 12:33:00,1.25058,1.2506,1.250565,1.250605
2017-10-11 12:34:00,1.2505,1.250635,1.250495,1.250665
2017-10-11 12:35:00,1.25039,1.250505,1.25039,1.250565
2017-10-11 12:36:00,1.25072,1.250415,1.250415,1.25072
2017-10-11 12:37:00,1.25081,1.25068,1.250655,1.25087
2017-10-11 12:38:00,1.250605,1.250765,1.2506,1.25077
2017-10-11 12:39:00,1.250625,1.2506,1.250595,1.25064
2017-10-11 12:40:00,1.25081,1.25063,1.250615,1.25082
2017-10-11 12:41:00,1.25105,1.2508,1.250795,1.25105
2017-10-11 12:42:00,1.25101,1.251025,1.250945,1.251025
2017-10-11 12:43:00,1.25113,1.251005,1.250965,1.25113
2017-10-11 12:44:00,1.251285,1.251185,1.251185,1.251325
2017-10-11 12:45:00,1.251305,1.25123,1.25118,1.251305
2017-10-11 12:46:00,1.251165,1.25128,1.25116,1.251295
2017-10-11 12:47:00,1.25112,1.25117,1.25108,1.251175
2017-10-11 12:48:00,1.25118,1.251125,1.2511,1.25123
2017-10-11 12:49:00,1.25077,1.25117,1.250745,1.251195
2017-10-11 12:50:00,1.250695,1.250775,1.250695,1.250815
2017-10-11 12:51:00,1.25074,1.25067,1.25065,1.25074
2017-10-11 12:52:00,1.250595,1.250745,1.250495,1.25075
2017-10-11 12:53:00,1.25057,1.25065,1.25057,1.25065
2017-10-11 12:54:00,1.25053,1.250625,1.250485,1.25069
2017-10-11 12:55:00,1.250615,1.250585,1.25058,1.25067
2017-10-11 12:56:00,1.250515,1.25062,1.250485,1.25062
2017-10-11 12:57:00,1.25035,1.250495,1.25032,1.250495
2017-10-11 12:58:00,1.25028,1.25033,1.25026,1.25035
2017-10-11 12:59:00,1.25001,1.25024,1.25001,1.25024
2017-10-11 13:00:00,1.250025,1.25006,1.25002,1.250175
2017-10-11 13:01:00,1.250055,1.24998,1.24997,1.250055
2017-10-11 13:02:00,1.2501,1.250055,1.25005,1.25022
2017-10-11 13:03:00,1.25015,1.250075,1.250025,1.250165
2017-10-11 13:04:00,1.2503,1.25015,1.25009,1.2503
2017-10-11 13:05:00,1.25014,1.25025,1.25009,1.25025
2017-10-11 13:06:00,1.250135,1.250135,1.25007,1.25023
2017-10-11 13:07:00,1.250185,1.25013,1.25013,1.250195
2017-10-11 13:08:00,1.25001,1.250165,1.25001,1.250165
2017-10-11 13:09:00,1.25008,1.25,1.249975,1.25008
2017-10-11 13:10:00,1.250155,1.250075,1.25004,1.250165
2017-10-11 13:11:00,1.25019,1.250175,1.25011,1.2502
2017-10-11 13:12:00,1.25019,1.250195,1.25011,1.2502
2017-10-11 13:13:00,1.25019,1.250195,1.250155,1.250195
2017-10-11 13:14:00,1.250205,1.250205,1.25019,1.250225
2017-10-11 13:15:00,1.25019,1.250195,1.25014,1.250225
2017-10-11 13:16:00,1.25017,1.250215,1.250145,1.250235
2017-10-11 13:17:00,1.25028,1.250195,1.250195,1.25028
2017-10-11 13:18:00,1.25032,1.25027,1.2502,1.250375
2017-10-11 13:19:00,1.25028,1.250265,1.250265,1.25028
2017-10-11 13:20:00,1.250125,1.25023,1.250125,1.25023
2017-10-11 13:21:00,1.25038,1.25011,1.250105,1.250415
2017-10-11 13:22:00,1.250375,1.250385,1.25036,1.25039
2017-10-11 13:23:00,1.25037,1.25043,1.250365,1.250475
2017-10-11 13:24:00,1.2504,1.250365,1.25028,1.2504
2017-10-11 13:25:00,1.2504,1.25042,1.250385,1.250445
2017-10-11 13:26:00,1.25043,1.250405,1.250405,1.25046
2017-10-11 13:27:00,1.25049,1.250435,1.25043,1.250495
2017-10-11 13:28:00,1.250495,1.250495,1.250495,1.250495
2017-10-11 13:29:00,1.25046,1.2505,1.25046,1.25051
2017-10-11 13:30:00,1.25035,1.250445,1.25035,1.25045
2017-10-11 13:31:00,1.250295,1.250375,1.25018,1.250385
2017-10-11 13:32:00,1.25029,1.25028,1.250215,1.250315
2017-10-11 13:33:00,1.250255,1.250235,1.25021,1.2503
2017-10-11 13:34:00,1.25005,1.250215,1.25005,1.250215
2017-10-11 13:35:00,1.25019,1.25005,1.25005,1.250195
2017-10-11 13:36:00,1.25001,1.250195,1.250005,1.250215
2017-10-11 13:37:00,1.250015,1.25002,1.24996,1.250025
2017-10-11 13:38:00,1.25013,1.25004,1.250035,1.250135
2017-10-11 13:39:00,1.250165,1.25012,1.250115,1.250165
2017-10-11 13:40:00,1.250105,1.250105,1.24995,1.250165
2017-10-11 13:41:00,1.250085,1.250085,1.24999,1.25009
2017-10-11 13:42:00,1.24996,1.250135,1.249945,1.250145
2017-10-11 13:43:00,1.2498,1.249965,1.249755,1.24998
2017-10-11 13:44:00,1.249965,1.249805,1.249805,1.24997
2017-10-11 13:45:00,1.250035,1.250015,1.24986,1.250035
2017-10-11 13:46:00,1.250145,1.25009,1.25009,1.250195
2017-10-11 13:47:00,1.25014,1.25014,1.250125,1.250235
2017-10-11 13:48:00,1.250195,1.250145,1.250125,1.25022
2017-10-11 13:49:00,1.250185,1.250195,1.250105,1.2502
2017-10-11 13:50:00,1.25018,1.250175,1.250135,1.25022
2017-10-11 13:51:00,1.249955,1.25015,1.249895,1.25015
2017-10-11 13:52:00,1.249845,1.249975,1.24983,1.249975
2017-10-11 13:53:00,1.249835,1.24984,1.249755,1.249845
2017-10-11 13:54:00,1.249865,1.24986,1.249775,1.249895
2017-10-11 13:55:00,1.24991,1.24982,1.2497,1.24991
2017-10-11 13:56:00,1.2501,1.249955,1.24986,1.2501
2017-10-11 13:57:00,1.25017,1.250155,1.250155,1.25022
2017-10-11 13:58:00,1.25023,1.25023,1.250215,1.2503
2017-10-11 13:59:00,1.250195,1.25025,1.250195,1.25027
2017-10-11 14:00:00,1.250375,1.25025,1.25016,1.25062
2017-10-11 14:01:00,1.24938,1.250335,1.248655,1.250515
2017-10-11 14:02:00,1.249525,1.249365,1.249205,1.250195
2017-10-11 14:03:00,1.24935,1.24959,1.249115,1.249815
2017-10-11 14:04:00,1.249145,1.249345,1.248905,1.24946
2017-10-11 14:05:00,1.249235,1.24915,1.24914,1.249375
2017-10-11 14:06:00,1.248795,1.24924,1.248715,1.249405
2017-10-11 14:07:00,1.248725,1.2488,1.24852,1.248895
2017-10-11 14:08:00,1.2489,1.24873,1.248705,1.24909
2017-10-11 14:09:00,1.24918,1.24891,1.24879,1.24973
2017-10-11 14:10:00,1.24904,1.249185,1.248965,1.249315
2017-10-11 14:11:00,1.249125,1.249035,1.249015,1.249205
2017-10-11 14:12:00,1.249245,1.24913,1.249055,1.24937
2017-10-11 14:13:00,1.24943,1.24924,1.249215,1.24945
2017-10-11 14:14:00,1.24961,1.24943,1.249355,1.249765
2017-10-11 14:15:00,1.24937,1.2496,1.249365,1.249635
2017-10-11 14:16:00,1.249215,1.249375,1.249,1.249485
2017-10-11 14:17:00,1.249285,1.24921,1.24914,1.249425
2017-10-11 14:18:00,1.249185,1.249235,1.249145,1.24931
2017-10-11 14:19:00,1.24894,1.24918,1.248825,1.24919
2017-10-11 14:20:00,1.24904,1.24898,1.248925,1.24907
2017-10-11 14:21:00,1.249145,1.24905,1.248915,1.249145
2017-10-11 14:22:00,1.249065,1.2492,1.24906,1.249245
2017-10-11 14:23:00,1.249245,1.249105,1.249105,1.24928
2017-10-11 14:24:00,1.249165,1.24925,1.249145,1.249375
2017-10-11 14:25:00,1.249385,1.249175,1.249155,1.249515
2017-10-11 14:26:00,1.24953,1.24938,1.249335,1.249575
2017-10-11 14:27:00,1.249305,1.249535,1.249295,1.24954
2017-10-11 14:28:00,1.249505,1.24932,1.249315,1.249575
2017-10-11 14:29:00,1.24929,1.2495,1.24929,1.249545
2017-10-11 14:30:00,1.2495,1.249305,1.249285,1.24954
2017-10-11 14:31:00,1.249255,1.249495,1.249215,1.249515
2017-10-11 14:32:00,1.249185,1.249285,1.249155,1.249355
2017-10-11 14:33:00,1.2492,1.24919,1.24912,1.249205
2017-10-11 14:34:00,1.2491,1.24919,1.249075,1.24919
2017-10-11 14:35:00,1.24915,1.249095,1.249035,1.24919
2017-10-11 14:36:00,1.24912,1.249155,1.249115,1.249155
2017-10-11 14:37:00,1.24909,1.249115,1.249035,1.249165
2017-10-11 14:38:00,1.249075,1.249095,1.249075,1.249165
2017-10-11 14:39:00,1.24891,1.24905,1.248895,1.24905
2017-10-11 14:40:00,1.24888,1.2489,1.24883,1.24896
2017-10-11 14:41:00,1.24883,1.24887,1.24883,1.24893
2017-10-11 14:42:00,1.24883,1.24887,1.24883,1.24893
2017-10-11 14:43:00,1.24894,1.248885,1.248885,1.248985
2017-10-11 14:44:00,1.24916,1.248945,1.24894,1.249165
2017-10-11 14:45:00,1.24913,1.249175,1.249115,1.249455
2017-10-11 14:46:00,1.249135,1.249135,1.249135,1.249135
2017-10-11 14:47:00,1.24904,1.249125,1.249015,1.24916
2017-10-11 14:48:00,1.249075,1.24901,1.24895,1.249105
2017-10-11 14:49:00,1.24889,1.249125,1.248885,1.24914
2017-10-11 14:50:00,1.24901,1.248915,1.248915,1.24903
2017-10-11 14:51:00,1.2488,1.249025,1.2488,1.249025
2017-10-11 14:52:00,1.248475,1.248745,1.248445,1.248745
2017-10-11 14:53:00,1.24852,1.248465,1.248465,1.248565
2017-10-11 14:54:00,1.248485,1.248545,1.24841,1.24859
2017-10-11 14:55:00,1.248195,1.24843,1.248175,1.248455
2017-10-11 14:56:00,1.24802,1.24818,1.247605,1.248265
2017-10-11 14:57:00,1.24788,1.24803,1.24788,1.248085
2017-10-11 14:58:00,1.24783,1.247825,1.24765,1.24783
2017-10-11 14:59:00,1.24757,1.24785,1.24755,1.24785
2017-10-11 15:00:00,1.2476,1.247565,1.247495,1.24768
2017-10-11 15:01:00,1.24764,1.247605,1.2476,1.24783
2017-10-11 15:02:00,1.247635,1.24764,1.24756,1.247675
2017-10-11 15:03:00,1.24751,1.24764,1.24741,1.24764
2017-10-11 15:04:00,1.24751,1.24746,1.247455,1.247615
2017-10-11 15:05:00,1.24758,1.247525,1.24752,1.24765
2017-10-11 15:06:00,1.247445,1.24758,1.24743,1.24768
2017-10-11 15:07:00,1.247735,1.247445,1.24744,1.247745
2017-10-11 15:08:00,1.24785,1.24774,1.24774,1.248105
2017-10-11 15:09:00,1.24771,1.247845,1.24764,1.247885
2017-10-11 15:10:00,1.247535,1.24771,1.247535,1.247875
2017-10-11 15:11:00,1.247325,1.24748,1.24714,1.24757
2017-10-11 15:12:00,1.24718,1.24732,1.247035,1.247365
2017-10-11 15:13:00,1.247065,1.247185,1.24706,1.24719
2017-10-11 15:14:00,1.246725,1.24705,1.24671,1.24713
2017-10-11 15:15:00,1.247035,1.24673,1.246715,1.24706
2017-10-11 15:16:00,1.246995,1.247055,1.24692,1.2471
2017-10-11 15:17:00,1.247035,1.24705,1.246975,1.24711
2017-10-11 15:18:00,1.24692,1.247005,1.24678,1.24702
2017-10-11 15:19:00,1.246995,1.246925,1.24692,1.247025
2017-10-11 15:20:00,1.246645,1.24699,1.246565,1.247
2017-10-11 15:21:00,1.246565,1.24662,1.246535,1.246685
2017-10-11 15:22:00,1.24664,1.24656,1.24642,1.246685
2017-10-11 15:23:00,1.246745,1.246685,1.246685,1.246755
2017-10-11 15:24:00,1.24671,1.24675,1.246635,1.24676
2017-10-11 15:25:00,1.246995,1.246765,1.24676,1.246995
2017-10-11 15:26:00,1.246685,1.24699,1.24657,1.24699
2017-10-11 15:27:00,1.246525,1.246675,1.24652,1.24668
2017-10-11 15:28:00,1.24664,1.24652,1.246515,1.24664
2017-10-11 15:29:00,1.246765,1.246695,1.24669,1.246795
2017-10-11 15:30:00,1.24679,1.24678,1.24676,1.246795
2017-10-11 15:31:00,1.24648,1.2468,1.24636,1.2468
2017-10-11 15:32:00,1.24648,1.246425,1.246385,1.246515
2017-10-11 15:33:00,1.246415,1.24646,1.24634,1.24646
2017-10-11 15:34:00,1.24634,1.24639,1.246315,1.246535
2017-10-11 15:35:00,1.24639,1.246335,1.24631,1.246395
2017-10-11 15:36:00,1.24631,1.2464,1.24606,1.2464
2017-10-11 15:37:00,1.246405,1.24632,1.246125,1.246535
2017-10-11 15:38:00,1.246365,1.246395,1.24629,1.246405
2017-10-11 15:39:00,1.246395,1.246355,1.24635,1.24647
2017-10-11 15:40:00,1.246425,1.246395,1.246385,1.246425
2017-10-11 15:41:00,1.24649,1.2464,1.2464,1.246535
2017-10-11 15:42:00,1.24649,1.24647,1.24642,1.24649
2017-10-11 15:43:00,1.246255,1.246545,1.246235,1.24655
2017-10-11 15:44:00,1.246035,1.2462,1.245955,1.2462
2017-10-11 15:45:00,1.245895,1.246095,1.245865,1.246145
2017-10-11 15:46:00,1.24598,1.245915,1.245915,1.246035
2017-10-11 15:47:00,1.245935,1.24598,1.245915,1.246015
2017-10-11 15:48:00,1.245995,1.245935,1.24593,1.24607
2017-10-11 15:49:00,1.24569,1.24594,1.24569,1.245985
2017-10-11 15:50:00,1.24558,1.245635,1.24557,1.24578
2017-10-11 15:51:00,1.24556,1.245585,1.24548,1.24563
2017-10-11 15:52:00,1.245405,1.2455,1.245295,1.24562
2017-10-11 15:53:00,1.24541,1.245345,1.24527,1.245505
2017-10-11 15:54:00,1.245535,1.24542,1.245405,1.245535
2017-10-11 15:55:00,1.245485,1.24554,1.245435,1.2456
2017-10-11 15:56:00,1.24571,1.245495,1.245495,1.24571
2017-10-11 15:57:00,1.245645,1.24571,1.245625,1.24582
2017-10-11 15:58:00,1.245645,1.24563,1.24552,1.245685
2017-10-11 15:59:00,1.24565,1.245595,1.245565,1.245705
2017-10-11 16:00:00,1.245725,1.2457,1.24565,1.245845
2017-10-11 16:01:00,1.245835,1.24577,1.245635,1.24591
2017-10-11 16:02:00,1.245745,1.24584,1.24572,1.24584
2017-10-11 16:03:00,1.245875,1.24574,1.24573,1.245915
2017-10-11 16:04:00,1.24585,1.24585,1.245795,1.245855
2017-10-11 16:05:00,1.245885,1.245905,1.245885,1.245925
2017-10-11 16:06:00,1.24592,1.245925,1.24591,1.245935
2017-10-11 16:07:00,1.245815,1.245915,1.245815,1.245915
2017-10-11 16:08:00,1.245645,1.24576,1.245645,1.24576
2017-10-11 16:09:00,1.24556,1.245595,1.24554,1.245595
2017-10-11 16:10:00,1.245585,1.245555,1.245545,1.245625
2017-10-11 16:11:00,1.245715,1.245645,1.245645,1.245775
2017-10-11 16:12:00,1.245575,1.245705,1.24553,1.245725
2017-10-11 16:13:00,1.245595,1.24556,1.245555,1.245595
2017-10-11 16:14:00,1.245615,1.24557,1.24557,1.24564
2017-10-11 16:15:00,1.245625,1.245635,1.245605,1.24571
2017-10-11 16:16:00,1.24556,1.245615,1.24556,1.245655
2017-10-11 16:17:00,1.245555,1.24557,1.24555,1.24563
2017-10-11 16:18:00,1.245505,1.24554,1.245475,1.245545
2017-10-11 16:19:00,1.24552,1.2455,1.245485,1.245525
2017-10-11 16:20:00,1.24553,1.2455,1.245425,1.24554
2017-10-11 16:21:00,1.245495,1.245535,1.245475,1.245535
2017-10-11 16:22:00,1.245445,1.245545,1.245405,1.245545
2017-10-11 16:23:00,1.2453,1.245395,1.245285,1.245405
2017-10-11 16:24:00,1.245425,1.24529,1.24529,1.245425
2017-10-11 16:25:00,1.24554,1.245415,1.245415,1.24558
2017-10-11 16:26:00,1.24547,1.24554,1.245415,1.245565
2017-10-11 16:27:00,1.245435,1.24548,1.245435,1.245605
2017-10-11 16:28:00,1.245435,1.245415,1.24539,1.245465
2017-10-11 16:29:00,1.245395,1.24538,1.24531,1.245395
2017-10-11 16:30:00,1.245375,1.245395,1.245375,1.245455
2017-10-11 16:31:00,1.245685,1.245375,1.245375,1.2457
2017-10-11 16:32:00,1.245855,1.24569,1.245685,1.245925
2017-10-11 16:33:00,1.24596,1.245855,1.245855,1.24601
2017-10-11 16:34:00,1.246005,1.245965,1.24593,1.24611
2017-10-11 16:35:00,1.24611,1.24601,1.245965,1.246125
2017-10-11 16:36:00,1.246295,1.246125,1.246125,1.24637
2017-10-11 16:37:00,1.246285,1.24632,1.24623,1.24632
2017-10-11 16:38:00,1.246315,1.246345,1.246315,1.246345
2017-10-11 16:39:00,1.24626,1.246335,1.2462,1.246335
2017-10-11 16:40:00,1.24604,1.24626,1.246015,1.246355
2017-10-11 16:41:00,1.246005,1.24605,1.245935,1.246095
2017-10-11 16:42:00,1.245995,1.24598,1.24594,1.246005
2017-10-11 16:43:00,1.245965,1.246,1.245965,1.246005
2017-10-11 16:44:00,1.24598,1.24599,1.24596,1.24604
2017-10-11 16:45:00,1.246085,1.24601,1.24596,1.246095
2017-10-11 16:46:00,1.2462,1.24608,1.246015,1.24621
2017-10-11 16:47:00,1.246235,1.246205,1.246105,1.24628
2017-10-11 16:48:00,1.24624,1.24621,1.24619,1.246325
2017-10-11 16:49:00,1.24624,1.246235,1.246235,1.24624
2017-10-11 16:50:00,1.246295,1.24631,1.246285,1.246375
2017-10-11 16:51:00,1.246225,1.2463,1.246225,1.24631
2017-10-11 16:52:00,1.24625,1.246275,1.24625,1.246345
2017-10-11 16:53:00,1.246245,1.246245,1.24624,1.24625
2017-10-11 16:54:00,1.24611,1.246245,1.246105,1.24625
2017-10-11 16:55:00,1.24617,1.246115,1.246115,1.246225
2017-10-11 16:56:00,1.246005,1.246115,1.246005,1.24613
2017-10-11 16:57:00,1.24599,1.24601,1.24599,1.24601
2017-10-11 16:58:00,1.245995,1.246,1.24595,1.24601
2017-10-11 17:04:00,1.24585,1.24585,1.24585,1.24585
2017-10-11 17:05:00,1.245885,1.2458,1.24577,1.246255
2017-10-11 17:06:00,1.24607,1.24609,1.245835,1.24629
2017-10-11 17:07:00,1.24606,1.24607,1.246045,1.24614
2017-10-11 17:08:00,1.24605,1.24608,1.246045,1.246115
2017-10-11 17:09:00,1.246015,1.24606,1.246,1.24611
2017-10-11 17:10:00,1.24609,1.246035,1.24602,1.24611
2017-10-11 17:11:00,1.246005,1.24609,1.245985,1.24619
2017-10-11 17:12:00,1.24605,1.2461,1.246035,1.24618
2017-10-11 17:13:00,1.24604,1.245965,1.245965,1.24604
2017-10-11 17:14:00,1.24601,1.24601,1.24601,1.24601
2017-10-11 17:15:00,1.24601,1.24601,1.24601,1.24601
2017-10-11 17:16:00,1.246035,1.246035,1.246035,1.246035
2017-10-11 17:17:00,1.246035,1.246035,1.246035,1.246035
2017-10-11 17:18:00,1.246035,1.246035,1.246035,1.246035
2017-10-11 17:19:00,1.246035,1.246035,1.246035,1.246035
2017-10-11 17:20:00,1.246035,1.246035,1.246035,1.246035
2017-10-11 17:21:00,1.24606,1.24606,1.24606,1.24606
2017-10-11 17:22:00,1.24606,1.24606,1.24606,1.24606
2017-10-11 17:23:00,1.24598,1.245975,1.245975,1.24599
2017-10-11 17:24:00,1.245985,1.245985,1.245975,1.24599
2017-10-11 17:25:00,1.245985,1.24598,1.24598,1.24599
2017-10-11 17:26:00,1.246045,1.24598,1.24598,1.246045
2017-10-11 17:27:00,1.246045,1.24598,1.24598,1.246045
2017-10-11 17:28:00,1.246045,1.24598,1.24598,1.246045
2017-10-11 17:29:00,1.246045,1.24598,1.24598,1.246045
2017-10-11 17:30:00,1.246045,1.24598,1.24598,1.246045
2017-10-11 17:31:00,1.24614,1.24614,1.24614,1.24614
2017-10-11 17:32:00,1.24612,1.246135,1.246065,1.24614
2017-10-11 17:33:00,1.24609,1.24602,1.24601,1.24609
2017-10-11 17:34:00,1.24609,1.24602,1.24601,1.24609
2017-10-11 17:35:00,1.24609,1.24602,1.24601,1.24609
2017-10-11 17:36:00,1.2461,1.246165,1.2461,1.246165
2017-10-11 17:37:00,1.24609,1.246095,1.246085,1.2461
2017-10-11 17:38:00,1.246045,1.246095,1.246045,1.246095
2017-10-11 17:39:00,1.246045,1.246095,1.246045,1.246095
2017-10-11 17:40:00,1.246045,1.246095,1.246045,1.246095
2017-10-11 17:41:00,1.24607,1.24607,1.24607,1.24607
2017-10-11 17:42:00,1.24607,1.24607,1.24607,1.24607
2017-10-11 17:43:00,1.24607,1.24607,1.24607,1.24607
2017-10-11 17:44:00,1.246075,1.246,1.24597,1.246075
2017-10-11 17:45:00,1.246075,1.246,1.24597,1.246075
2017-10-11 17:46:00,1.246075,1.246,1.24597,1.246075
2017-10-11 17:47:00,1.246035,1.246105,1.246025,1.24613
2017-10-11 17:48:00,1.245995,1.2461,1.245995,1.2461
2017-10-11 17:49:00,1.2457,1.245985,1.245615,1.246035
2017-10-11 17:50:00,1.245595,1.245705,1.24552,1.24576
2017-10-11 17:51:00,1.24559,1.24559,1.245585,1.2456
2017-10-11 17:52:00,1.245705,1.24562,1.24561,1.245705
2017-10-11 17:53:00,1.24578,1.24578,1.24578,1.24578
2017-10-11 17:54:00,1.245685,1.24575,1.24559,1.24577
2017-10-11 17:55:00,1.245685,1.24575,1.24559,1.24577
2017-10-11 17:56:00,1.245685,1.24575,1.24559,1.24577
2017-10-11 17:57:00,1.245685,1.24575,1.24559,1.24577
2017-10-11 17:58:00,1.245785,1.245755,1.245755,1.24579
2017-10-11 17:59:00,1.24573,1.24579,1.245725,1.245805
2017-10-11 18:00:00,1.24571,1.24568,1.24568,1.24571
2017-10-11 18:01:00,1.24564,1.245625,1.24556,1.2457
2017-10-11 18:02:00,1.245615,1.24555,1.245525,1.245735
2017-10-11 18:03:00,1.245495,1.245585,1.24549,1.245605
2017-10-11 18:04:00,1.245405,1.245425,1.245295,1.245475
2017-10-11 18:05:00,1.245315,1.245475,1.24531,1.245525
2017-10-11 18:06:00,1.24542,1.245345,1.245345,1.245585
2017-10-11 18:07:00,1.24548,1.245495,1.245445,1.245555
2017-10-11 18:08:00,1.24548,1.245495,1.245445,1.245555
2017-10-11 18:09:00,1.24548,1.245495,1.245445,1.245555
2017-10-11 18:10:00,1.24548,1.245495,1.245445,1.245555
2017-10-11 18:11:00,1.24548,1.245495,1.245445,1.245555
2017-10-11 18:12:00,1.245375,1.24539,1.24535,1.24547
2017-10-11 18:13:00,1.24535,1.24538,1.24516,1.24539
2017-10-11 18:14:00,1.245235,1.245255,1.245225,1.24533
2017-10-11 18:15:00,1.245295,1.245225,1.24518,1.2453
2017-10-11 18:16:00,1.24531,1.245395,1.245245,1.24541
2017-10-11 18:17:00,1.245305,1.24531,1.24522,1.245355
2017-10-11 18:18:00,1.24552,1.24533,1.24533,1.24559
2017-10-11 18:19:00,1.24551,1.245495,1.245495,1.2456
2017-10-11 18:20:00,1.24553,1.245485,1.24546,1.24553
2017-10-11 18:21:00,1.245475,1.24552,1.24547,1.245545
2017-10-11 18:22:00,1.245475,1.24552,1.24547,1.245545
2017-10-11 18:23:00,1.24544,1.2455,1.245425,1.2455
2017-10-11 18:24:00,1.245505,1.245435,1.245395,1.245505
2017-10-11 18:25:00,1.245425,1.245435,1.24542,1.245445
2017-10-11 18:26:00,1.24541,1.245435,1.24541,1.24544
2017-10-11 18:27:00,1.245455,1.24549,1.245395,1.24549
2017-10-11 18:28:00,1.24544,1.24543,1.245415,1.245505
2017-10-11 18:29:00,1.245445,1.245505,1.245415,1.24551
2017-10-11 18:30:00,1.24547,1.24542,1.245325,1.245585
2017-10-11 18:31:00,1.24569,1.24549,1.24549,1.245765
2017-10-11 18:32:00,1.24571,1.24569,1.24564,1.24573
2017-10-11 18:33:00,1.2457,1.245695,1.245695,1.2457
2017-10-11 18:34:00,1.2457,1.2457,1.245685,1.245775
2017-10-11 18:35:00,1.245595,1.245705,1.24559,1.245745
2017-10-11 18:36:00,1.24558,1.24559,1.24557,1.24561
2017-10-11 18:37:00,1.24568,1.24558,1.24558,1.245695
2017-10-11 18:38:00,1.245445,1.245665,1.245405,1.2457
2017-10-11 18:39:00,1.245505,1.245505,1.245505,1.245505
2017-10-11 18:40:00,1.245485,1.245415,1.24541,1.245485
2017-10-11 18:41:00,1.24551,1.245575,1.24551,1.24558
2017-10-11 18:42:00,1.245555,1.24558,1.245515,1.24567
2017-10-11 18:43:00,1.24564,1.24553,1.24553,1.24565
2017-10-11 18:44:00,1.245585,1.245635,1.24557,1.24566
2017-10-11 18:45:00,1.24547,1.24558,1.245455,1.2456
2017-10-11 18:46:00,1.24547,1.245475,1.245445,1.24548
2017-10-11 18:47:00,1.24542,1.24547,1.245415,1.245585
2017-10-11 18:48:00,1.24551,1.24543,1.24542,1.24553
2017-10-11 18:49:00,1.24556,1.245515,1.245455,1.245615
2017-10-11 18:50:00,1.245415,1.245555,1.245395,1.24565
2017-10-11 18:51:00,1.245385,1.245405,1.245375,1.24549
2017-10-11 18:52:00,1.24548,1.24538,1.24537,1.24548
2017-10-11 18:53:00,1.245505,1.245505,1.245505,1.245505
2017-10-11 18:54:00,1.245505,1.245535,1.245425,1.245535
2017-10-11 18:55:00,1.24556,1.245535,1.245535,1.24556
2017-10-11 18:56:00,1.245585,1.245585,1.245585,1.245585
2017-10-11 18:57:00,1.245585,1.245585,1.245585,1.245585
2017-10-11 18:58:00,1.24567,1.24567,1.245625,1.24569
2017-10-11 18:59:00,1.24553,1.245675,1.245495,1.245685
2017-10-11 19:00:00,1.245575,1.245615,1.245475,1.245685
2017-10-11 19:01:00,1.24554,1.24557,1.245485,1.24567
2017-10-11 19:02:00,1.245555,1.24552,1.24552,1.245595
2017-10-11 19:03:00,1.24552,1.24553,1.245485,1.245535
2017-10-11 19:04:00,1.245525,1.245535,1.24549,1.245545
2017-10-11 19:05:00,1.24548,1.24559,1.245445,1.24562
2017-10-11 19:06:00,1.245495,1.24548,1.245455,1.245645
2017-10-11 19:07:00,1.24562,1.245505,1.245475,1.2457
2017-10-11 19:08:00,1.24538,1.245635,1.24535,1.2458
2017-10-11 19:09:00,1.245305,1.245325,1.245195,1.245335
2017-10-11 19:10:00,1.245335,1.245315,1.245305,1.245335
2017-10-11 19:11:00,1.245365,1.245345,1.24534,1.245365
2017-10-11 19:12:00,1.245545,1.24536,1.24532,1.245575
2017-10-11 19:13:00,1.24543,1.245555,1.2454,1.245625
2017-10-11 19:14:00,1.24535,1.24539,1.24532,1.245425
2017-10-11 19:15:00,1.24536,1.245355,1.245265,1.245375
2017-10-11 19:16:00,1.24534,1.245295,1.24526,1.24534
2017-10-11 19:17:00,1.245325,1.24528,1.245255,1.245325
2017-10-11 19:18:00,1.24523,1.2453,1.24521,1.2453
2017-10-11 19:19:00,1.24537,1.245215,1.245195,1.24537
2017-10-11 19:20:00,1.2454,1.24537,1.245325,1.24545
2017-10-11 19:21:00,1.245425,1.245395,1.245355,1.245425
2017-10-11 19:22:00,1.24549,1.245415,1.245415,1.24552
2017-10-11 19:23:00,1.24538,1.24542,1.24535,1.24543
2017-10-11 19:24:00,1.245495,1.245385,1.245355,1.245505
2017-10-11 19:25:00,1.24548,1.24548,1.2454,1.24552
2017-10-11 19:26:00,1.24548,1.24548,1.2454,1.24552
2017-10-11 19:27:00,1.245535,1.24555,1.24552,1.245555
2017-10-11 19:28:00,1.245555,1.24554,1.245485,1.245565
2017-10-11 19:29:00,1.245485,1.24554,1.24548,1.245545
2017-10-11 19:30:00,1.245425,1.2455,1.245415,1.245585
2017-10-11 19:31:00,1.24542,1.245415,1.245405,1.245435
2017-10-11 19:32:00,1.24545,1.24542,1.245405,1.24546
2017-10-11 19:33:00,1.245545,1.24545,1.24545,1.24557
2017-10-11 19:34:00,1.245525,1.245525,1.245525,1.245525
2017-10-11 19:35:00,1.245495,1.245535,1.245495,1.245535
2017-10-11 19:36:00,1.245495,1.245535,1.245495,1.245535
2017-10-11 19:37:00,1.24535,1.245445,1.245345,1.245445
2017-10-11 19:38:00,1.245265,1.245355,1.24526,1.24537
2017-10-11 19:39:00,1.245275,1.245275,1.245195,1.245355
2017-10-11 19:40:00,1.24514,1.24525,1.24514,1.24527
2017-10-11 19:41:00,1.245035,1.24517,1.244965,1.245245
2017-10-11 19:42:00,1.24518,1.24502,1.24501,1.24528
2017-10-11 19:43:00,1.245055,1.24516,1.24505,1.24538
2017-10-11 19:44:00,1.245,1.24506,1.244965,1.245065
2017-10-11 19:45:00,1.24504,1.24499,1.244945,1.245055
2017-10-11 19:46:00,1.245055,1.24504,1.24501,1.245075
2017-10-11 19:47:00,1.245105,1.24505,1.244995,1.245105
2017-10-11 19:48:00,1.24533,1.2451,1.2451,1.24533
2017-10-11 19:49:00,1.24532,1.245395,1.245275,1.2454
2017-10-11 19:50:00,1.24543,1.2453,1.245285,1.24544
2017-10-11 19:51:00,1.245225,1.24543,1.245225,1.245435
2017-10-11 19:52:00,1.245165,1.245155,1.24514,1.24519
2017-10-11 19:53:00,1.24509,1.245105,1.245075,1.245115
2017-10-11 19:54:00,1.244995,1.245085,1.244825,1.24509
2017-10-11 19:55:00,1.24498,1.245,1.24496,1.24502
2017-10-11 19:56:00,1.244895,1.24492,1.244805,1.24493
2017-10-11 19:57:00,1.244875,1.24489,1.244835,1.24491
2017-10-11 19:58:00,1.24494,1.244895,1.24485,1.24503
2017-10-11 19:59:00,1.24504,1.244955,1.24493,1.24511
2017-10-11 20:00:00,1.24514,1.24504,1.24503,1.24516
2017-10-11 20:01:00,1.24468,1.245165,1.244665,1.245165
2017-10-11 20:02:00,1.24469,1.244685,1.244665,1.24482
2017-10-11 20:03:00,1.24485,1.24468,1.244675,1.244855
2017-10-11 20:04:00,1.244715,1.24486,1.244715,1.244885
2017-10-11 20:05:00,1.24474,1.24475,1.24473,1.244805
2017-10-11 20:06:00,1.244775,1.244745,1.244725,1.244795
2017-10-11 20:07:00,1.24498,1.24479,1.24474,1.245055
2017-10-11 20:08:00,1.244845,1.244925,1.244835,1.24497
2017-10-11 20:09:00,1.24484,1.24484,1.244825,1.244935
2017-10-11 20:10:00,1.244685,1.244825,1.24468,1.244845
2017-10-11 20:11:00,1.24472,1.24468,1.24465,1.24472
2017-10-11 20:12:00,1.244745,1.24479,1.24474,1.244865
2017-10-11 20:13:00,1.244805,1.24475,1.24475,1.24484
2017-10-11 20:14:00,1.244695,1.24474,1.24465,1.244765
2017-10-11 20:15:00,1.244395,1.24469,1.244305,1.24469
2017-10-11 20:16:00,1.244385,1.24437,1.24437,1.24443
2017-10-11 20:17:00,1.24436,1.244405,1.24436,1.244405
2017-10-11 20:18:00,1.24439,1.244365,1.24436,1.24439
2017-10-11 20:19:00,1.24439,1.244365,1.24436,1.24439
2017-10-11 20:20:00,1.24441,1.244445,1.24441,1.24447
2017-10-11 20:21:00,1.244435,1.244435,1.244435,1.244435
2017-10-11 20:22:00,1.24455,1.24446,1.24442,1.24458
2017-10-11 20:23:00,1.24444,1.244525,1.24427,1.244525
2017-10-11 20:24:00,1.24458,1.244385,1.244375,1.244585
2017-10-11 20:25:00,1.244535,1.24457,1.24453,1.24457
2017-10-11 20:26:00,1.24449,1.24454,1.24443,1.24454
2017-10-11 20:27:00,1.244515,1.24449,1.244475,1.244515
2017-10-11 20:28:00,1.24453,1.244565,1.24453,1.244585
2017-10-11 20:29:00,1.244535,1.24448,1.24448,1.244535
2017-10-11 20:30:00,1.244515,1.244515,1.244515,1.244515
2017-10-11 20:31:00,1.244555,1.244565,1.24455,1.24457
2017-10-11 20:32:00,1.244495,1.24456,1.244495,1.24457
2017-10-11 20:33:00,1.24459,1.24455,1.24455,1.24474
2017-10-11 20:34:00,1.244735,1.244645,1.24463,1.244785
2017-10-11 20:35:00,1.244865,1.244755,1.244755,1.244895
2017-10-11 20:36:00,1.24483,1.24487,1.24482,1.24491
2017-10-11 20:37:00,1.244855,1.244835,1.244815,1.24489
2017-10-11 20:38:00,1.24488,1.24485,1.24483,1.2449
2017-10-11 20:39:00,1.24542,1.244895,1.244845,1.24547
2017-10-11 20:40:00,1.24555,1.24543,1.245415,1.24577
2017-10-11 20:41:00,1.245535,1.24555,1.24515,1.24565
2017-10-11 20:42:00,1.24553,1.24551,1.24551,1.2456
2017-10-11 20:43:00,1.245345,1.24555,1.24524,1.24555
2017-10-11 20:44:00,1.245195,1.24532,1.24515,1.245385
2017-10-11 20:45:00,1.245165,1.245255,1.24512,1.245285
2017-10-11 20:46:00,1.2452,1.24516,1.245145,1.2452
2017-10-11 20:47:00,1.24514,1.24518,1.245085,1.24518
2017-10-11 20:48:00,1.245165,1.245155,1.24513,1.24518
2017-10-11 20:49:00,1.24517,1.24517,1.245155,1.24518
2017-10-11 20:50:00,1.245315,1.245165,1.24516,1.24546
2017-10-11 20:51:00,1.244855,1.24531,1.24483,1.24532
2017-10-11 20:52:00,1.24472,1.24485,1.24462,1.24486
2017-10-11 20:53:00,1.2446,1.244715,1.24451,1.244825
2017-10-11 20:54:00,1.24461,1.244655,1.24457,1.244735
2017-10-11 20:55:00,1.244765,1.244595,1.24457,1.244775
2017-10-11 20:56:00,1.24458,1.24483,1.24444,1.244845
2017-10-11 20:57:00,1.244455,1.244585,1.244455,1.24459
2017-10-11 20:58:00,1.24458,1.24446,1.244455,1.24458
2017-10-11 20:59:00,1.244725,1.2446,1.244585,1.244845
2017-10-11 21:00:00,1.24477,1.244775,1.244685,1.2448
2017-10-11 21:01:00,1.245055,1.244775,1.24469,1.245055
2017-10-11 21:02:00,1.24545,1.24508,1.24508,1.245515
2017-10-11 21:03:00,1.24539,1.24546,1.245095,1.245475
2017-10-11 21:04:00,1.24548,1.245405,1.24539,1.24553
2017-10-11 21:05:00,1.245465,1.245425,1.245295,1.245475
2017-10-11 21:06:00,1.2455,1.24545,1.24536,1.24554
2017-10-11 21:07:00,1.24528,1.245505,1.24502,1.24554
2017-10-11 21:08:00,1.24528,1.24527,1.245205,1.245295
2017-10-11 21:09:00,1.245245,1.2453,1.24521,1.2453
2017-10-11 21:10:00,1.245295,1.245255,1.2452,1.245305
2017-10-11 21:11:00,1.24543,1.2453,1.24528,1.245435
2017-10-11 21:12:00,1.245405,1.245425,1.245325,1.24545
2017-10-11 21:13:00,1.245445,1.245405,1.2454,1.245445
2017-10-11 21:14:00,1.245385,1.24542,1.24535,1.245485
2017-10-11 21:15:00,1.24536,1.2454,1.245355,1.24548
2017-10-11 21:16:00,1.245425,1.24529,1.24528,1.245425
2017-10-11 21:17:00,1.24541,1.245475,1.245405,1.24556
2017-10-11 21:18:00,1.2454,1.24542,1.24539,1.245425
2017-10-11 21:19:00,1.24541,1.245405,1.245385,1.245415
2017-10-11 21:20:00,1.24539,1.24537,1.24537,1.24539
2017-10-11 21:21:00,1.24531,1.245335,1.2453,1.24534
2017-10-11 21:22:00,1.24535,1.24532,1.245315,1.245415
2017-10-11 21:23:00,1.245345,1.245355,1.245335,1.245385
2017-10-11 21:24:00,1.24544,1.24535,1.24535,1.245445
2017-10-11 21:25:00,1.24538,1.24543,1.245345,1.24543
2017-10-11 21:26:00,1.245345,1.24536,1.245335,1.245395
2017-10-11 21:27:00,1.24534,1.24535,1.245325,1.24536
2017-10-11 21:28:00,1.245335,1.245335,1.245325,1.245375
2017-10-11 21:29:00,1.24541,1.24534,1.245325,1.245415
2017-10-11 21:30:00,1.245425,1.245405,1.245335,1.245435
2017-10-11 21:31:00,1.24551,1.24543,1.245425,1.24552
2017-10-11 21:32:00,1.24552,1.24552,1.2455,1.245525
2017-10-11 21:33:00,1.24569,1.24554,1.24554,1.245725
2017-10-11 21:34:00,1.24564,1.24572,1.245635,1.24574
2017-10-11 21:35:00,1.245475,1.245635,1.245465,1.245635
2017-10-11 21:36:00,1.24549,1.24546,1.24543,1.24551
2017-10-11 21:37:00,1.24538,1.245485,1.245375,1.24549
2017-10-11 21:38:00,1.24489,1.24538,1.24489,1.245385
2017-10-11 21:39:00,1.244745,1.24483,1.244655,1.244835
2017-10-11 21:40:00,1.2449,1.24473,1.2447,1.244905
2017-10-11 21:41:00,1.24496,1.24489,1.24488,1.24499
2017-10-11 21:42:00,1.24502,1.244965,1.244955,1.24502
2017-10-11 21:43:00,1.245405,1.244995,1.244995,1.245405
2017-10-11 21:44:00,1.245565,1.24534,1.245335,1.24559
2017-10-11 21:45:00,1.245555,1.24556,1.245475,1.24577
2017-10-11 21:46:00,1.24552,1.245535,1.24543,1.245545
2017-10-11 21:47:00,1.245645,1.24557,1.245465,1.245645
2017-10-11 21:48:00,1.24568,1.24563,1.24562,1.24568
2017-10-11 21:49:00,1.24566,1.24566,1.24566,1.24566
2017-10-11 21:50:00,1.24566,1.24566,1.24566,1.24566
2017-10-11 21:51:00,1.24571,1.245685,1.245685,1.24571
2017-10-11 21:52:00,1.245795,1.24564,1.245595,1.245885
2017-10-11 21:53:00,1.24587,1.24581,1.24578,1.24597
2017-10-11 21:54:00,1.245845,1.245865,1.245705,1.24591
2017-10-11 21:55:00,1.245955,1.245835,1.245835,1.24596
2017-10-11 21:56:00,1.24591,1.24595,1.245905,1.24596
2017-10-11 21:57:00,1.24596,1.245905,1.24588,1.24596
2017-10-11 21:58:00,1.245945,1.245955,1.245905,1.24604
2017-10-11 21:59:00,1.24596,1.245925,1.24591,1.24596
2017-10-11 22:00:00,1.245995,1.24599,1.24594,1.24601
2017-10-11 22:01:00,1.245875,1.245945,1.245855,1.24595
2017-10-11 22:02:00,1.246015,1.24582,1.24576,1.24603
2017-10-11 22:03:00,1.24589,1.246005,1.24581,1.246005
2017-10-11 22:04:00,1.2459,1.245885,1.24587,1.245905
2017-10-11 22:05:00,1.24603,1.245955,1.24592,1.24605
2017-10-11 22:06:00,1.24595,1.246035,1.245895,1.246035
2017-10-11 22:07:00,1.2459,1.245955,1.2458,1.245955
2017-10-11 22:08:00,1.24589,1.24591,1.24587,1.245915
2017-10-11 22:09:00,1.24596,1.245895,1.245895,1.245965
2017-10-11 22:10:00,1.245955,1.245955,1.245935,1.245975
2017-10-11 22:11:00,1.246025,1.24596,1.24596,1.24604
2017-10-11 22:12:00,1.245955,1.246015,1.245945,1.246015
2017-10-11 22:13:00,1.245865,1.24596,1.24583,1.24599
2017-10-11 22:14:00,1.245805,1.24581,1.24575,1.245815
2017-10-11 22:15:00,1.24593,1.245805,1.24579,1.24593
2017-10-11 22:16:00,1.246035,1.245945,1.24592,1.246045
2017-10-11 22:17:00,1.246075,1.24604,1.246035,1.246125
2017-10-11 22:18:00,1.24596,1.246095,1.24596,1.24611
2017-10-11 22:19:00,1.24603,1.245945,1.245945,1.246035
2017-10-11 22:20:00,1.246025,1.24602,1.24601,1.24604
2017-10-11 22:21:00,1.24595,1.246025,1.24593,1.246025
2017-10-11 22:22:00,1.2459,1.2459,1.2459,1.245905
2017-10-11 22:23:00,1.245865,1.245895,1.24586,1.246
2017-10-11 22:24:00,1.24581,1.24586,1.245755,1.24587
2017-10-11 22:25:00,1.2458,1.24577,1.24571,1.24581
2017-10-11 22:26:00,1.24581,1.24578,1.245755,1.245895
2017-10-11 22:27:00,1.24581,1.24578,1.245755,1.245895
2017-10-11 22:28:00,1.245765,1.24576,1.245705,1.24579
2017-10-11 22:29:00,1.24589,1.245815,1.245815,1.245915
2017-10-11 22:30:00,1.24581,1.245885,1.245765,1.245895
2017-10-11 22:31:00,1.245915,1.245825,1.245825,1.245965
2017-10-11 22:32:00,1.245915,1.245825,1.245825,1.245965
2017-10-11 22:33:00,1.245845,1.24589,1.24583,1.24589
2017-10-11 22:34:00,1.24587,1.245835,1.245765,1.24591
2017-10-11 22:35:00,1.245835,1.245885,1.245795,1.245925
2017-10-11 22:36:00,1.245965,1.24584,1.2458,1.245975
2017-10-11 22:37:00,1.246015,1.246015,1.24601,1.24613
2017-10-11 22:38:00,1.245975,1.246005,1.245955,1.246025
2017-10-11 22:39:00,1.245925,1.24598,1.245925,1.246
2017-10-11 22:40:00,1.24602,1.24598,1.245965,1.246035
2017-10-11 22:41:00,1.24591,1.24602,1.245905,1.24603
2017-10-11 22:42:00,1.245755,1.24587,1.24574,1.24587
2017-10-11 22:43:00,1.24572,1.245725,1.24562,1.24575
2017-10-11 22:44:00,1.245695,1.245735,1.24562,1.24576
2017-10-11 22:45:00,1.245785,1.245675,1.245675,1.245785
2017-10-11 22:46:00,1.245635,1.245785,1.245555,1.24579
2017-10-11 22:47:00,1.24563,1.24564,1.245575,1.24565
2017-10-11 22:48:00,1.245395,1.245575,1.245345,1.24558
2017-10-11 22:49:00,1.245505,1.24537,1.245345,1.24557
2017-10-11 22:50:00,1.245305,1.245445,1.245285,1.245445
2017-10-11 22:51:00,1.24547,1.245305,1.245275,1.24547
2017-10-11 22:52:00,1.24563,1.245475,1.245475,1.245635
2017-10-11 22:53:00,1.24548,1.24562,1.245465,1.24563
2017-10-11 22:54:00,1.245405,1.24548,1.245405,1.245495
2017-10-11 22:55:00,1.245325,1.24542,1.245315,1.245425
2017-10-11 22:56:00,1.245275,1.245315,1.245275,1.245365
2017-10-11 22:57:00,1.24528,1.245295,1.245245,1.245315
2017-10-11 22:58:00,1.24528,1.245295,1.245245,1.245315
2017-10-11 22:59:00,1.24533,1.245265,1.245265,1.245335
2017-10-11 23:00:00,1.24527,1.24533,1.245255,1.24537
2017-10-11 23:01:00,1.245315,1.24527,1.245265,1.245355
2017-10-11 23:02:00,1.24537,1.24531,1.24529,1.245385
2017-10-11 23:03:00,1.245495,1.2454,1.2454,1.245575
2017-10-11 23:04:00,1.245435,1.245445,1.24543,1.24545
2017-10-11 23:05:00,1.245435,1.245445,1.24543,1.24545
2017-10-11 23:06:00,1.24549,1.245385,1.24538,1.24549
2017-10-11 23:07:00,1.245515,1.245515,1.245515,1.245515
2017-10-11 23:08:00,1.245475,1.245495,1.245475,1.245495
2017-10-11 23:09:00,1.24532,1.245445,1.2453,1.245445
2017-10-11 23:10:00,1.245305,1.245305,1.2453,1.245315
2017-10-11 23:11:00,1.245325,1.24531,1.2453,1.245335
2017-10-11 23:12:00,1.24529,1.245295,1.245235,1.245305
2017-10-11 23:13:00,1.24528,1.245285,1.24525,1.245285
2017-10-11 23:14:00,1.245265,1.24534,1.24524,1.245355
2017-10-11 23:15:00,1.245255,1.24527,1.245235,1.24528
2017-10-11 23:16:00,1.245215,1.245255,1.245205,1.245255
2017-10-11 23:17:00,1.24522,1.24522,1.245215,1.245225
2017-10-11 23:18:00,1.245115,1.245225,1.245095,1.245225
2017-10-11 23:19:00,1.245,1.24512,1.24496,1.245135
2017-10-11 23:20:00,1.244825,1.244995,1.24479,1.24518
2017-10-11 23:21:00,1.244785,1.24482,1.24478,1.24484
2017-10-11 23:22:00,1.244865,1.24478,1.244605,1.244875
2017-10-11 23:23:00,1.24467,1.24486,1.24467,1.244975
2017-10-11 23:24:00,1.24485,1.2447,1.2447,1.24487
2017-10-11 23:25:00,1.244875,1.24486,1.244805,1.2449
2017-10-11 23:26:00,1.24487,1.24485,1.24483,1.24487
2017-10-11 23:27:00,1.244895,1.244895,1.244895,1.244895
2017-10-11 23:28:00,1.244995,1.24492,1.24492,1.244995
2017-10-11 23:29:00,1.244915,1.24493,1.244905,1.244935
2017-10-11 23:30:00,1.24491,1.24486,1.244855,1.24491
2017-10-11 23:31:00,1.244865,1.24486,1.24485,1.24488
2017-10-11 23:32:00,1.2449,1.24487,1.24481,1.24494
2017-10-11 23:33:00,1.244975,1.24495,1.244875,1.244985
2017-10-11 23:34:00,1.244935,1.24497,1.24491,1.244975
2017-10-11 23:35:00,1.245125,1.24496,1.24496,1.245125
2017-10-11 23:36:00,1.24505,1.24508,1.24504,1.24509
2017-10-11 23:37:00,1.245035,1.245045,1.245025,1.24505
2017-10-11 23:38:00,1.245,1.24503,1.244995,1.24504
2017-10-11 23:39:00,1.24489,1.244995,1.244885,1.245025
2017-10-11 23:40:00,1.244785,1.24488,1.244785,1.244915
2017-10-11 23:41:00,1.24475,1.24473,1.24472,1.244775
2017-10-11 23:42:00,1.24474,1.24469,1.244675,1.24485
2017-10-11 23:43:00,1.2448,1.244745,1.24474,1.24484
2017-10-11 23:44:00,1.244805,1.244855,1.244805,1.244895
2017-10-11 23:45:00,1.244785,1.244755,1.24475,1.2448
2017-10-11 23:46:00,1.2448,1.244725,1.244725,1.24482
2017-10-11 23:47:00,1.244805,1.244795,1.244785,1.24481
2017-10-11 23:48:00,1.244775,1.24479,1.244775,1.244805
2017-10-11 23:49:00,1.24476,1.24477,1.244755,1.244815
2017-10-11 23:50:00,1.24481,1.24482,1.24479,1.244835
2017-10-11 23:51:00,1.244765,1.244815,1.2447,1.24482
2017-10-11 23:52:00,1.2447,1.24475,1.2447,1.244785
2017-10-11 23:53:00,1.244705,1.244715,1.244705,1.244735
2017-10-11 23:54:00,1.244575,1.244645,1.244575,1.244645
2017-10-11 23:55:00,1.244575,1.244645,1.244575,1.244645
2017-10-11 23:56:00,1.24448,1.24456,1.244445,1.244575
2017-10-11 23:57:00,1.24442,1.24448,1.244355,1.244505
2017-10-11 23:58:00,1.24447,1.24443,1.244425,1.24447
2017-10-11 23:59:00,1.24446,1.244445,1.24442,1.244475
2017-10-12 00:00:00,1.24436,1.244485,1.24436,1.24451
2017-10-12 00:01:00,1.24439,1.244345,1.244345,1.24447
2017-10-12 00:02:00,1.244465,1.24445,1.244395,1.244525
2017-10-12 00:03:00,1.244515,1.24452,1.24451,1.244545
2017-10-12 00:04:00,1.244525,1.244575,1.24449,1.244615
2017-10-12 00:05:00,1.24446,1.244485,1.24446,1.244515
2017-10-12 00:06:00,1.244365,1.244455,1.244315,1.24446
2017-10-12 00:07:00,1.24437,1.24436,1.244355,1.244385
2017-10-12 00:08:00,1.244385,1.244375,1.244375,1.244405
2017-10-12 00:09:00,1.244435,1.244435,1.244435,1.244435
2017-10-12 00:10:00,1.244355,1.2444,1.244355,1.2444
2017-10-12 00:11:00,1.244385,1.244385,1.244385,1.244385
2017-10-12 00:12:00,1.244365,1.24433,1.24433,1.244365
2017-10-12 00:13:00,1.24439,1.24434,1.24434,1.244395
2017-10-12 00:14:00,1.244395,1.244395,1.24438,1.24442
2017-10-12 00:15:00,1.24399,1.244365,1.24398,1.244395
2017-10-12 00:16:00,1.244115,1.24399,1.243985,1.244135
2017-10-12 00:17:00,1.244105,1.244115,1.244045,1.244125
2017-10-12 00:18:00,1.244215,1.24416,1.24416,1.24425
2017-10-12 00:19:00,1.24413,1.24421,1.24411,1.24423
2017-10-12 00:20:00,1.24421,1.24419,1.24417,1.24425
2017-10-12 00:21:00,1.2442,1.24422,1.244145,1.24425
2017-10-12 00:22:00,1.244255,1.244225,1.24416,1.24427
2017-10-12 00:23:00,1.24422,1.24426,1.244205,1.244265
2017-10-12 00:24:00,1.244355,1.244225,1.244205,1.244475
2017-10-12 00:25:00,1.244355,1.244225,1.244205,1.244475
2017-10-12 00:26:00,1.244365,1.244385,1.244315,1.244385
2017-10-12 00:27:00,1.24433,1.24436,1.244315,1.244365
2017-10-12 00:28:00,1.244335,1.244325,1.244315,1.24434
2017-10-12 00:29:00,1.24434,1.24434,1.2443,1.244375
2017-10-12 00:30:00,1.24467,1.244335,1.244275,1.24484
2017-10-12 00:31:00,1.244405,1.2445,1.2443,1.244715
2017-10-12 00:32:00,1.24436,1.244385,1.24415,1.24447
2017-10-12 00:33:00,1.244365,1.244365,1.244315,1.24439
2017-10-12 00:34:00,1.244285,1.24436,1.24427,1.24437
2017-10-12 00:35:00,1.24438,1.24429,1.244285,1.244395
2017-10-12 00:36:00,1.24441,1.244375,1.24436,1.244425
2017-10-12 00:37:00,1.244165,1.2444,1.244155,1.24441
2017-10-12 00:38:00,1.2443,1.2441,1.24408,1.244305
2017-10-12 00:39:00,1.244225,1.24431,1.244185,1.24432
2017-10-12 00:40:00,1.24416,1.24422,1.24416,1.24423
2017-10-12 00:41:00,1.244095,1.2441,1.244045,1.24411
2017-10-12 00:42:00,1.24425,1.244065,1.244045,1.24427
2017-10-12 00:43:00,1.244145,1.24425,1.24412,1.24427
2017-10-12 00:44:00,1.244075,1.244145,1.244075,1.244165
2017-10-12 00:45:00,1.244075,1.24407,1.244065,1.24408
2017-10-12 00:46:00,1.24407,1.24409,1.24405,1.244165
2017-10-12 00:47:00,1.24408,1.244065,1.24405,1.244095
2017-10-12 00:48:00,1.24409,1.24407,1.24406,1.244105
2017-10-12 00:49:00,1.244125,1.24408,1.24408,1.244145
2017-10-12 00:50:00,1.24417,1.244125,1.24412,1.244195
2017-10-12 00:51:00,1.244135,1.244165,1.244105,1.244165
2017-10-12 00:52:00,1.244145,1.24413,1.24413,1.244145
2017-10-12 00:53:00,1.24419,1.24415,1.244145,1.2442
2017-10-12 00:54:00,1.24428,1.244185,1.244155,1.24428
2017-10-12 00:55:00,1.24428,1.244185,1.244155,1.24428
2017-10-12 00:56:00,1.244405,1.244335,1.24433,1.24441
2017-10-12 00:57:00,1.2444,1.2444,1.244385,1.2444
2017-10-12 00:58:00,1.24437,1.24439,1.24435,1.24443
2017-10-12 00:59:00,1.24437,1.24439,1.244325,1.24439
2017-10-12 01:00:00,1.244405,1.244345,1.244345,1.244405
2017-10-12 01:01:00,1.244375,1.24442,1.244375,1.24444
2017-10-12 01:02:00,1.244375,1.24442,1.244375,1.24444
2017-10-12 01:03:00,1.2443,1.24435,1.2443,1.24435
2017-10-12 01:04:00,1.24439,1.24432,1.24432,1.24439
2017-10-12 01:05:00,1.244375,1.24442,1.24436,1.24442
2017-10-12 01:06:00,1.24436,1.24437,1.244335,1.24437
2017-10-12 01:07:00,1.24429,1.244305,1.244285,1.24435
2017-10-12 01:08:00,1.24435,1.244295,1.244265,1.244365
2017-10-12 01:09:00,1.24435,1.24435,1.244345,1.24436
2017-10-12 01:10:00,1.24432,1.244345,1.244295,1.24435
2017-10-12 01:11:00,1.244305,1.24431,1.2443,1.24433
2017-10-12 01:12:00,1.24417,1.244315,1.24416,1.24436
2017-10-12 01:13:00,1.244215,1.244195,1.24416,1.244345
2017-10-12 01:14:00,1.24422,1.244225,1.24409,1.24423
2017-10-12 01:15:00,1.244215,1.244205,1.244205,1.24423
2017-10-12 01:16:00,1.24418,1.244205,1.24417,1.244205
2017-10-12 01:17:00,1.24415,1.24415,1.24415,1.24415
2017-10-12 01:18:00,1.244215,1.24417,1.24417,1.244215
2017-10-12 01:19:00,1.24425,1.24424,1.24422,1.24431
2017-10-12 01:20:00,1.24443,1.244255,1.244245,1.24443
2017-10-12 01:21:00,1.2444,1.244375,1.244375,1.24441
2017-10-12 01:22:00,1.244495,1.244395,1.244385,1.244515
2017-10-12 01:23:00,1.244525,1.24449,1.24449,1.244545
2017-10-12 01:24:00,1.24466,1.244525,1.24451,1.244665
2017-10-12 01:25:00,1.24466,1.244525,1.24451,1.244665
2017-10-12 01:26:00,1.24455,1.24461,1.24455,1.24461
2017-10-12 01:27:00,1.244545,1.24454,1.244515,1.244545
2017-10-12 01:28:00,1.244525,1.24454,1.244515,1.24455
2017-10-12 01:29:00,1.24455,1.24453,1.2445,1.244565
2017-10-12 01:30:00,1.244585,1.244555,1.244515,1.244585
2017-10-12 01:31:00,1.24463,1.24459,1.24456,1.24465
2017-10-12 01:32:00,1.24463,1.244625,1.244585,1.244645
2017-10-12 01:33:00,1.244675,1.24464,1.244625,1.244675
2017-10-12 01:34:00,1.244695,1.244695,1.244695,1.244695
2017-10-12 01:35:00,1.244685,1.24472,1.24464,1.24472
2017-10-12 01:36:00,1.24468,1.244665,1.24464,1.24471
2017-10-12 01:37:00,1.24468,1.244665,1.24464,1.24471
2017-10-12 01:38:00,1.244675,1.244705,1.244675,1.244705
2017-10-12 01:39:00,1.244605,1.244655,1.24458,1.244725
2017-10-12 01:40:00,1.24449,1.24462,1.24444,1.244625
2017-10-12 01:41:00,1.2445,1.244465,1.244465,1.24461
2017-10-12 01:42:00,1.24449,1.244495,1.244485,1.24452
2017-10-12 01:43:00,1.24448,1.244505,1.244475,1.244505
2017-10-12 01:44:00,1.244385,1.24447,1.244365,1.244475
2017-10-12 01:45:00,1.244355,1.24437,1.24435,1.2444
2017-10-12 01:46:00,1.244205,1.244305,1.244185,1.244315
2017-10-12 01:47:00,1.2442,1.2442,1.244185,1.24421
2017-10-12 01:48:00,1.24418,1.244195,1.244175,1.244195
2017-10-12 01:49:00,1.244485,1.24418,1.244165,1.244505
2017-10-12 01:50:00,1.244375,1.244505,1.244375,1.24462
2017-10-12 01:51:00,1.244445,1.24436,1.24436,1.244455
2017-10-12 01:52:00,1.24438,1.244445,1.24435,1.244445
2017-10-12 01:53:00,1.24425,1.24436,1.24425,1.24436
2017-10-12 01:54:00,1.244235,1.244235,1.24422,1.244315
2017-10-12 01:55:00,1.24422,1.24424,1.244195,1.24426
2017-10-12 01:56:00,1.24422,1.244215,1.24421,1.24427
2017-10-12 01:57:00,1.244155,1.244215,1.24404,1.244215
2017-10-12 01:58:00,1.244165,1.24421,1.244165,1.24421
2017-10-12 01:59:00,1.24422,1.244165,1.24409,1.244235
2017-10-12 02:00:00,1.24425,1.244235,1.244225,1.24425
2017-10-12 02:01:00,1.244315,1.24425,1.24424,1.24432
2017-10-12 02:02:00,1.24435,1.244315,1.244285,1.2444
2017-10-12 02:03:00,1.24418,1.244335,1.244175,1.244335
2017-10-12 02:04:00,1.244335,1.244175,1.244175,1.244345
2017-10-12 02:05:00,1.24441,1.24435,1.244345,1.24441
2017-10-12 02:06:00,1.244325,1.244385,1.24432,1.244385
2017-10-12 02:07:00,1.244265,1.244325,1.24426,1.244325
2017-10-12 02:08:00,1.244205,1.24427,1.24412,1.24427
2017-10-12 02:09:00,1.24418,1.2442,1.244175,1.244205
2017-10-12 02:10:00,1.244105,1.24416,1.244105,1.24416
2017-10-12 02:11:00,1.244105,1.24416,1.244105,1.24416
2017-10-12 02:12:00,1.244165,1.24413,1.24413,1.24426
2017-10-12 02:13:00,1.244255,1.244165,1.244165,1.24428
2017-10-12 02:14:00,1.244195,1.2442,1.244175,1.244225
2017-10-12 02:15:00,1.2442,1.244195,1.244185,1.244285
2017-10-12 02:16:00,1.244225,1.244225,1.244165,1.244235
2017-10-12 02:17:00,1.244245,1.244165,1.244165,1.244355
2017-10-12 02:18:00,1.24418,1.24419,1.244165,1.2442
2017-10-12 02:19:00,1.244015,1.24413,1.244005,1.244135
2017-10-12 02:20:00,1.24405,1.24401,1.243985,1.24405
2017-10-12 02:21:00,1.244115,1.244,1.244,1.24412
2017-10-12 02:22:00,1.24426,1.24412,1.24412,1.244285
2017-10-12 02:23:00,1.244195,1.244315,1.24419,1.24434
2017-10-12 02:24:00,1.244175,1.24419,1.24411,1.24419
2017-10-12 02:25:00,1.244165,1.244235,1.244165,1.244235
2017-10-12 02:26:00,1.244165,1.24416,1.2441,1.244195
2017-10-12 02:27:00,1.244085,1.244165,1.244085,1.244165
2017-10-12 02:28:00,1.244055,1.24411,1.24405,1.24411
2017-10-12 02:29:00,1.244065,1.24405,1.243965,1.244065
2017-10-12 02:30:00,1.24387,1.244045,1.243845,1.244055
2017-10-12 02:31:00,1.243795,1.243875,1.243755,1.243875
2017-10-12 02:32:00,1.24362,1.243805,1.2436,1.243805
2017-10-12 02:33:00,1.2437,1.24367,1.24367,1.243735
2017-10-12 02:34:00,1.24384,1.243725,1.243725,1.243845
2017-10-12 02:35:00,1.243955,1.24383,1.24382,1.243955
2017-10-12 02:36:00,1.24405,1.243975,1.2439,1.244055
2017-10-12 02:37:00,1.244125,1.244105,1.244,1.244135
2017-10-12 02:38:00,1.244065,1.24412,1.244025,1.2442
2017-10-12 02:39:00,1.244035,1.24409,1.244025,1.244205
2017-10-12 02:40:00,1.243955,1.24403,1.24385,1.244035
2017-10-12 02:41:00,1.24411,1.24402,1.24401,1.24414
2017-10-12 02:42:00,1.24414,1.244125,1.24402,1.24419
2017-10-12 02:43:00,1.24404,1.244145,1.24404,1.244145
2017-10-12 02:44:00,1.244095,1.24404,1.24403,1.244095
2017-10-12 02:45:00,1.244085,1.24409,1.244045,1.24416
2017-10-12 02:46:00,1.24406,1.244105,1.244035,1.244155
2017-10-12 02:47:00,1.243845,1.24405,1.243845,1.244055
2017-10-12 02:48:00,1.24361,1.243785,1.243595,1.243795
2017-10-12 02:49:00,1.24353,1.24362,1.24353,1.24379
2017-10-12 02:50:00,1.243685,1.24354,1.24353,1.24369
2017-10-12 02:51:00,1.243615,1.243695,1.243515,1.243715
2017-10-12 02:52:00,1.243645,1.2436,1.243575,1.243735
2017-10-12 02:53:00,1.2436,1.243695,1.2436,1.243705
2017-10-12 02:54:00,1.2436,1.243595,1.243575,1.24363
2017-10-12 02:55:00,1.243475,1.24361,1.24342,1.243615
2017-10-12 02:56:00,1.243415,1.243425,1.243295,1.243455
2017-10-12 02:57:00,1.24338,1.24339,1.243335,1.243475
2017-10-12 02:58:00,1.243505,1.243405,1.24338,1.243515
2017-10-12 02:59:00,1.2436,1.24349,1.24349,1.24372
2017-10-12 03:00:00,1.243735,1.24359,1.24359,1.24384
2017-10-12 03:01:00,1.24379,1.24373,1.24361,1.24381
2017-10-12 03:02:00,1.24361,1.243765,1.24361,1.24377
2017-10-12 03:03:00,1.243725,1.24366,1.24366,1.24376
2017-10-12 03:04:00,1.24399,1.24373,1.24371,1.244055
2017-10-12 03:05:00,1.243895,1.243985,1.24387,1.24399
2017-10-12 03:06:00,1.2439,1.2439,1.2438,1.243915
2017-10-12 03:07:00,1.243885,1.243895,1.243885,1.243905
2017-10-12 03:08:00,1.244185,1.243885,1.24381,1.244185
2017-10-12 03:09:00,1.24425,1.24416,1.24409,1.24426
2017-10-12 03:10:00,1.24443,1.244265,1.24424,1.2446
2017-10-12 03:11:00,1.2442,1.244425,1.24416,1.244445
2017-10-12 03:12:00,1.244005,1.244205,1.24399,1.244205
2017-10-12 03:13:00,1.24417,1.244015,1.244015,1.24419
2017-10-12 03:14:00,1.2442,1.24415,1.244075,1.2442
2017-10-12 03:15:00,1.24432,1.244195,1.24419,1.24432
2017-10-12 03:16:00,1.24429,1.24438,1.24429,1.244385
2017-10-12 03:17:00,1.24406,1.2443,1.24406,1.2443
2017-10-12 03:18:00,1.24376,1.24401,1.243655,1.244015
2017-10-12 03:19:00,1.24366,1.243745,1.24359,1.243775
2017-10-12 03:20:00,1.243575,1.243645,1.24351,1.243695
2017-10-12 03:21:00,1.24377,1.243575,1.243525,1.24377
2017-10-12 03:22:00,1.24373,1.24379,1.2435,1.24379
2017-10-12 03:23:00,1.243835,1.243735,1.243735,1.244045
2017-10-12 03:24:00,1.24386,1.24384,1.24372,1.243885
2017-10-12 03:25:00,1.24403,1.243915,1.243915,1.24405
2017-10-12 03:26:00,1.24405,1.24405,1.244045,1.244055
2017-10-12 03:27:00,1.244035,1.244045,1.24403,1.24405
2017-10-12 03:28:00,1.24394,1.24404,1.24394,1.24405
2017-10-12 03:29:00,1.2439,1.243915,1.24388,1.24396
2017-10-12 03:30:00,1.243935,1.2439,1.243895,1.243935
2017-10-12 03:31:00,1.24396,1.243985,1.243955,1.24434
2017-10-12 03:32:00,1.243695,1.24396,1.24369,1.243965
2017-10-12 03:33:00,1.24397,1.24364,1.24362,1.243975
2017-10-12 03:34:00,1.24403,1.243945,1.243945,1.24405
2017-10-12 03:35:00,1.244065,1.244025,1.243995,1.24407
2017-10-12 03:36:00,1.244075,1.24407,1.24407,1.24414
2017-10-12 03:37:00,1.244,1.24407,1.24399,1.24407
2017-10-12 03:38:00,1.24405,1.244,1.24399,1.24407
2017-10-12 03:39:00,1.244155,1.24406,1.24405,1.24416
2017-10-12 03:40:00,1.24425,1.24414,1.24414,1.24433
2017-10-12 03:41:00,1.24422,1.244245,1.244215,1.244305
2017-10-12 03:42:00,1.244225,1.244215,1.244215,1.24423
2017-10-12 03:43:00,1.244215,1.24421,1.244155,1.244225
2017-10-12 03:44:00,1.244455,1.24421,1.24421,1.244455
2017-10-12 03:45:00,1.24439,1.244455,1.24439,1.244465
2017-10-12 03:46:00,1.244325,1.24437,1.244325,1.24437
2017-10-12 03:47:00,1.24419,1.24427,1.24417,1.244275
2017-10-12 03:48:00,1.24422,1.244215,1.244125,1.24422
2017-10-12 03:49:00,1.244215,1.244215,1.2442,1.244225
2017-10-12 03:50:00,1.24417,1.244215,1.24417,1.24424
2017-10-12 03:51:00,1.244465,1.244225,1.244225,1.24452
2017-10-12 03:52:00,1.24435,1.24446,1.24428,1.24446
2017-10-12 03:53:00,1.2444,1.24435,1.244335,1.24444
2017-10-12 03:54:00,1.244475,1.24434,1.244335,1.244495
2017-10-12 03:55:00,1.244405,1.244465,1.244405,1.24447
2017-10-12 03:56:00,1.244255,1.244355,1.244255,1.244355
2017-10-12 03:57:00,1.24422,1.244245,1.24419,1.24432
2017-10-12 03:58:00,1.244525,1.24422,1.24422,1.24455
2017-10-12 03:59:00,1.244495,1.24453,1.24448,1.24464
2017-10-12 04:00:00,1.244365,1.24455,1.244275,1.24455
2017-10-12 04:01:00,1.24462,1.244365,1.244355,1.244625
2017-10-12 04:02:00,1.24464,1.244615,1.24459,1.244685
2017-10-12 04:03:00,1.244465,1.24462,1.244435,1.24462
2017-10-12 04:04:00,1.244545,1.244455,1.244455,1.24455
2017-10-12 04:05:00,1.244775,1.24454,1.244535,1.24487
2017-10-12 04:06:00,1.24457,1.24472,1.24457,1.24472
2017-10-12 04:07:00,1.24503,1.244625,1.244625,1.24503
2017-10-12 04:08:00,1.24502,1.245005,1.24493,1.24514
2017-10-12 04:09:00,1.245185,1.245045,1.24504,1.24526
2017-10-12 04:10:00,1.245125,1.245125,1.245125,1.245125
2017-10-12 04:11:00,1.24516,1.245075,1.245015,1.2452
2017-10-12 04:12:00,1.24527,1.24514,1.24514,1.24527
2017-10-12 04:13:00,1.245055,1.245215,1.24505,1.245215
2017-10-12 04:14:00,1.244905,1.24503,1.244795,1.24503
2017-10-12 04:15:00,1.24492,1.2449,1.24483,1.24492
2017-10-12 04:16:00,1.24499,1.24497,1.24494,1.245065
2017-10-12 04:17:00,1.244885,1.24494,1.24484,1.24494
2017-10-12 04:18:00,1.24475,1.24484,1.244735,1.244925
2017-10-12 04:19:00,1.244715,1.244695,1.24469,1.24472
2017-10-12 04:20:00,1.244765,1.24469,1.244665,1.244825
2017-10-12 04:21:00,1.244645,1.24471,1.244605,1.244775
2017-10-12 04:22:00,1.24463,1.24465,1.24462,1.244695
2017-10-12 04:23:00,1.24499,1.24463,1.24461,1.245005
2017-10-12 04:24:00,1.245005,1.244985,1.24492,1.24504
2017-10-12 04:25:00,1.24503,1.24501,1.244915,1.24503
2017-10-12 04:26:00,1.24486,1.245025,1.24475,1.24503
2017-10-12 04:27:00,1.24491,1.244885,1.24487,1.245005
2017-10-12 04:28:00,1.244835,1.244965,1.24483,1.24504
2017-10-12 04:29:00,1.2445,1.244815,1.24445,1.244815
2017-10-12 04:30:00,1.244475,1.244495,1.244355,1.2445
2017-10-12 04:31:00,1.24487,1.2445,1.2445,1.24487
2017-10-12 04:32:00,1.244845,1.244815,1.244735,1.24485
2017-10-12 04:33:00,1.245005,1.24485,1.244845,1.24501
2017-10-12 04:34:00,1.24505,1.245045,1.24504,1.245055
2017-10-12 04:35:00,1.24497,1.245055,1.244965,1.245055
2017-10-12 04:36:00,1.24497,1.244975,1.24496,1.244995
2017-10-12 04:37:00,1.24497,1.244965,1.244885,1.244995
2017-10-12 04:38:00,1.2448,1.24494,1.244735,1.24494
2017-10-12 04:39:00,1.244905,1.244785,1.244775,1.24496
2017-10-12 04:40:00,1.24493,1.244905,1.2449,1.245
2017-10-12 04:41:00,1.24482,1.24488,1.244735,1.244905
2017-10-12 04:42:00,1.24485,1.24481,1.244705,1.24485
2017-10-12 04:43:00,1.244865,1.244855,1.24485,1.244875
2017-10-12 04:44:00,1.24496,1.244865,1.24486,1.245
2017-10-12 04:45:00,1.244955,1.24499,1.244945,1.24501
2017-10-12 04:46:00,1.24489,1.24493,1.24489,1.24493
2017-10-12 04:47:00,1.24489,1.24493,1.24489,1.24493
2017-10-12 04:48:00,1.24489,1.244865,1.244835,1.24489
2017-10-12 04:49:00,1.2451,1.2449,1.24487,1.2451
2017-10-12 04:50:00,1.245125,1.24512,1.244985,1.24513
2017-10-12 04:51:00,1.245055,1.24511,1.245055,1.24513
2017-10-12 04:52:00,1.245055,1.24511,1.245055,1.24513
2017-10-12 04:53:00,1.245045,1.245045,1.24504,1.245095
2017-10-12 04:54:00,1.245245,1.245105,1.2451,1.245245
2017-10-12 04:55:00,1.24513,1.24523,1.245075,1.245235
2017-10-12 04:56:00,1.24523,1.24508,1.24508,1.24527
2017-10-12 04:57:00,1.24515,1.245255,1.245115,1.245265
2017-10-12 04:58:00,1.24521,1.24515,1.24515,1.24523
2017-10-12 04:59:00,1.245305,1.24521,1.245205,1.245365
2017-10-12 05:00:00,1.245365,1.24535,1.24529,1.24538
2017-10-12 05:01:00,1.24527,1.245375,1.245205,1.245375
2017-10-12 05:02:00,1.245275,1.24528,1.245205,1.245285
2017-10-12 05:03:00,1.24532,1.24527,1.24523,1.24532
2017-10-12 05:04:00,1.245195,1.24531,1.245185,1.245325
2017-10-12 05:05:00,1.2452,1.24519,1.24519,1.24525
2017-10-12 05:06:00,1.24522,1.245195,1.245095,1.245235
2017-10-12 05:07:00,1.245375,1.24523,1.24522,1.245375
2017-10-12 05:08:00,1.24551,1.24538,1.245375,1.24556
2017-10-12 05:09:00,1.24555,1.24551,1.24548,1.245585
2017-10-12 05:10:00,1.24556,1.24555,1.245545,1.245665
2017-10-12 05:11:00,1.245545,1.24553,1.24551,1.24557
2017-10-12 05:12:00,1.2454,1.24554,1.245395,1.245595
2017-10-12 05:13:00,1.24554,1.245415,1.2454,1.24555
2017-10-12 05:14:00,1.24559,1.24555,1.245535,1.24559
2017-10-12 05:15:00,1.245605,1.245605,1.245575,1.24573
2017-10-12 05:16:00,1.24557,1.24555,1.245545,1.24557
2017-10-12 05:17:00,1.24557,1.24555,1.245545,1.24557
2017-10-12 05:18:00,1.245775,1.245565,1.245565,1.24578
2017-10-12 05:19:00,1.24577,1.24576,1.245725,1.245785
2017-10-12 05:20:00,1.245785,1.24578,1.245705,1.24585
2017-10-12 05:21:00,1.24596,1.24578,1.245775,1.246055
2017-10-12 05:22:00,1.24608,1.245955,1.24578,1.246085
2017-10-12 05:23:00,1.24608,1.246085,1.245955,1.24609
2017-10-12 05:24:00,1.24594,1.246085,1.245935,1.2461
2017-10-12 05:25:00,1.24598,1.24594,1.24591,1.246075
2017-10-12 05:26:00,1.245865,1.24595,1.24586,1.24595
2017-10-12 05:27:00,1.245845,1.245865,1.245845,1.245895
2017-10-12 05:28:00,1.24585,1.24585,1.245845,1.24586
2017-10-12 05:29:00,1.24594,1.24589,1.24589,1.24599
2017-10-12 05:30:00,1.245885,1.245915,1.24587,1.24596
2017-10-12 05:31:00,1.24595,1.24589,1.24589,1.245985
2017-10-12 05:32:00,1.24605,1.245955,1.245925,1.24607
2017-10-12 05:33:00,1.246105,1.24606,1.246035,1.246225
2017-10-12 05:34:00,1.24607,1.246135,1.246065,1.246145
2017-10-12 05:35:00,1.24606,1.24608,1.24606,1.246085
2017-10-12 05:36:00,1.246155,1.246015,1.245985,1.246155
2017-10-12 05:37:00,1.24616,1.24615,1.24614,1.24617
2017-10-12 05:38:00,1.246085,1.246145,1.246055,1.24615
2017-10-12 05:39:00,1.246135,1.24607,1.245995,1.246145
2017-10-12 05:40:00,1.246035,1.24613,1.24597,1.24613
2017-10-12 05:41:00,1.2461,1.246085,1.246085,1.246285
2017-10-12 05:42:00,1.246005,1.24604,1.245945,1.24604
2017-10-12 05:43:00,1.245915,1.24601,1.245835,1.24608
2017-10-12 05:44:00,1.245825,1.24586,1.245795,1.245865
2017-10-12 05:45:00,1.245775,1.245825,1.245765,1.245835
2017-10-12 05:46:00,1.245865,1.2458,1.2458,1.245915
2017-10-12 05:47:00,1.24593,1.245865,1.245855,1.245935
2017-10-12 05:48:00,1.245905,1.245935,1.245905,1.246005
2017-10-12 05:49:00,1.24582,1.24588,1.24582,1.246
2017-10-12 05:50:00,1.245935,1.245845,1.245845,1.245985
2017-10-12 05:51:00,1.245945,1.24592,1.245915,1.245945
2017-10-12 05:52:00,1.24602,1.24593,1.24593,1.24604
2017-10-12 05:53:00,1.246,1.24602,1.246,1.246025
2017-10-12 05:54:00,1.24604,1.246005,1.245995,1.246065
2017-10-12 05:55:00,1.24621,1.24609,1.24609,1.24621
2017-10-12 05:56:00,1.24621,1.24609,1.24609,1.24621
2017-10-12 05:57:00,1.24627,1.246265,1.24622,1.24638
2017-10-12 05:58:00,1.246285,1.246265,1.246185,1.246285
2017-10-12 05:59:00,1.246365,1.24626,1.246195,1.24637
2017-10-12 06:00:00,1.24661,1.246385,1.246385,1.246625
2017-10-12 06:01:00,1.24633,1.24656,1.24633,1.246585
2017-10-12 06:02:00,1.24659,1.246335,1.246335,1.246595
2017-10-12 06:03:00,1.24654,1.246595,1.246535,1.2466
2017-10-12 06:04:00,1.246515,1.24652,1.246515,1.24657
2017-10-12 06:05:00,1.24683,1.246505,1.246505,1.246835
2017-10-12 06:06:00,1.24685,1.246855,1.24682,1.24703
2017-10-12 06:07:00,1.24673,1.246855,1.246705,1.246855
2017-10-12 06:08:00,1.24686,1.246725,1.246715,1.246865
2017-10-12 06:09:00,1.246915,1.24686,1.24673,1.24693
2017-10-12 06:10:00,1.247025,1.246925,1.246825,1.24707
2017-10-12 06:11:00,1.24691,1.247,1.246845,1.247025
2017-10-12 06:12:00,1.2469,1.246915,1.2469,1.246935
2017-10-12 06:13:00,1.246935,1.2469,1.246815,1.246975
2017-10-12 06:14:00,1.24688,1.24693,1.24687,1.24693
2017-10-12 06:15:00,1.24692,1.24692,1.24692,1.24692
2017-10-12 06:16:00,1.246905,1.246975,1.246855,1.246985
2017-10-12 06:17:00,1.24685,1.24688,1.246785,1.24688
2017-10-12 06:18:00,1.246625,1.246845,1.24655,1.246845
2017-10-12 06:19:00,1.246455,1.246645,1.246455,1.24665
2017-10-12 06:20:00,1.246495,1.24647,1.246355,1.246545
2017-10-12 06:21:00,1.246465,1.246545,1.246465,1.246615
2017-10-12 06:22:00,1.24626,1.24645,1.246195,1.24645
2017-10-12 06:23:00,1.246345,1.246315,1.24631,1.246385
2017-10-12 06:24:00,1.24624,1.246345,1.2462,1.246345
2017-10-12 06:25:00,1.24646,1.24627,1.246265,1.24647
2017-10-12 06:26:00,1.246345,1.246455,1.246345,1.246465
2017-10-12 06:27:00,1.246255,1.246345,1.246255,1.246345
2017-10-12 06:28:00,1.246225,1.246205,1.246195,1.246225
2017-10-12 06:29:00,1.246225,1.246225,1.24622,1.24623
2017-10-12 06:30:00,1.246485,1.246225,1.246215,1.246485
2017-10-12 06:31:00,1.2465,1.2465,1.246495,1.246505
2017-10-12 06:32:00,1.246475,1.246525,1.246405,1.246575
2017-10-12 06:33:00,1.24648,1.2465,1.246415,1.2465
2017-10-12 06:34:00,1.246465,1.246475,1.246385,1.24656
2017-10-12 06:35:00,1.246395,1.246465,1.246395,1.24647
2017-10-12 06:36:00,1.24643,1.24642,1.246375,1.24647
2017-10-12 06:37:00,1.246515,1.246485,1.246465,1.24678
2017-10-12 06:38:00,1.24691,1.246495,1.246465,1.24691
2017-10-12 06:39:00,1.24704,1.24691,1.24676,1.24707
2017-10-12 06:40:00,1.246835,1.24703,1.246705,1.24703
2017-10-12 06:41:00,1.246815,1.246775,1.24677,1.24687
2017-10-12 06:42:00,1.24677,1.246815,1.246675,1.246865
2017-10-12 06:43:00,1.246845,1.24677,1.246765,1.246875
2017-10-12 06:44:00,1.24697,1.24686,1.24686,1.24697
2017-10-12 06:45:00,1.247055,1.24697,1.24697,1.24709
2017-10-12 06:46:00,1.247305,1.247055,1.247055,1.24735
2017-10-12 06:47:00,1.24726,1.247305,1.24717,1.247325
2017-10-12 06:48:00,1.24716,1.24729,1.24715,1.247335
2017-10-12 06:49:00,1.247215,1.247155,1.24711,1.247365
2017-10-12 06:50:00,1.24717,1.2472,1.246995,1.2472
2017-10-12 06:51:00,1.24705,1.24717,1.24704,1.247255
2017-10-12 06:52:00,1.247345,1.247045,1.24704,1.247345
2017-10-12 06:53:00,1.24725,1.2473,1.24723,1.2473
2017-10-12 06:54:00,1.247315,1.247255,1.24725,1.24741
2017-10-12 06:55:00,1.247425,1.247335,1.247335,1.247465
2017-10-12 06:56:00,1.247275,1.247365,1.247215,1.24741
2017-10-12 06:57:00,1.247295,1.24727,1.24724,1.247365
2017-10-12 06:58:00,1.247315,1.24729,1.24729,1.247345
2017-10-12 06:59:00,1.247345,1.24732,1.247315,1.247405
2017-10-12 07:00:00,1.247755,1.24733,1.247325,1.247755
2017-10-12 07:01:00,1.24768,1.247705,1.24754,1.24773
2017-10-12 07:02:00,1.24784,1.24769,1.247655,1.24784
2017-10-12 07:03:00,1.24787,1.24782,1.247815,1.24805
2017-10-12 07:04:00,1.24738,1.247865,1.24738,1.247865
2017-10-12 07:05:00,1.247685,1.247345,1.247345,1.247735
2017-10-12 07:06:00,1.24731,1.247635,1.247225,1.24764
2017-10-12 07:07:00,1.247165,1.24732,1.247165,1.247325
2017-10-12 07:08:00,1.24694,1.247165,1.24694,1.24725
2017-10-12 07:09:00,1.247455,1.246945,1.246945,1.247575
2017-10-12 07:10:00,1.247625,1.247505,1.2475,1.247755
2017-10-12 07:11:00,1.247575,1.24767,1.24757,1.247685
2017-10-12 07:12:00,1.247765,1.247595,1.24758,1.247795
2017-10-12 07:13:00,1.24773,1.247765,1.247635,1.247785
2017-10-12 07:14:00,1.247835,1.247755,1.247755,1.247905
2017-10-12 07:15:00,1.247845,1.24778,1.24778,1.248025
2017-10-12 07:16:00,1.24799,1.247845,1.24769,1.248055
2017-10-12 07:17:00,1.248255,1.24801,1.24801,1.24833
2017-10-12 07:18:00,1.247955,1.2482,1.24793,1.248205
2017-10-12 07:19:00,1.247735,1.247905,1.247675,1.247905
2017-10-12 07:20:00,1.24779,1.24773,1.247685,1.247825
2017-10-12 07:21:00,1.24743,1.247795,1.247375,1.24784
2017-10-12 07:22:00,1.24755,1.247445,1.247395,1.247695
2017-10-12 07:23:00,1.24757,1.247555,1.247545,1.247745
2017-10-12 07:24:00,1.247745,1.247625,1.247625,1.247855
2017-10-12 07:25:00,1.247565,1.247735,1.247565,1.24776
2017-10-12 07:26:00,1.24746,1.247505,1.247185,1.247505
2017-10-12 07:27:00,1.247315,1.24747,1.247265,1.247475
2017-10-12 07:28:00,1.247425,1.247325,1.24726,1.247555
2017-10-12 07:29:00,1.247355,1.24737,1.247245,1.24737
2017-10-12 07:30:00,1.247305,1.247375,1.247245,1.24747
2017-10-12 07:31:00,1.247265,1.247305,1.247155,1.247335
2017-10-12 07:32:00,1.247255,1.247265,1.24707,1.247335
2017-10-12 07:33:00,1.24699,1.2472,1.246975,1.247205
2017-10-12 07:34:00,1.246885,1.246985,1.246775,1.24701
2017-10-12 07:35:00,1.246955,1.246885,1.24687,1.246955
2017-10-12 07:36:00,1.24701,1.24695,1.246925,1.24702
2017-10-12 07:37:00,1.247125,1.247005,1.24699,1.24713
2017-10-12 07:38:00,1.246755,1.247135,1.24674,1.24715
2017-10-12 07:39:00,1.246785,1.246725,1.246665,1.24679
2017-10-12 07:40:00,1.246825,1.246825,1.246825,1.246825
2017-10-12 07:41:00,1.24695,1.246875,1.246875,1.24699
2017-10-12 07:42:00,1.246925,1.24698,1.24691,1.24703
2017-10-12 07:43:00,1.246885,1.246925,1.24688,1.24695
2017-10-12 07:44:00,1.246885,1.246925,1.24688,1.24695
2017-10-12 07:45:00,1.246825,1.24686,1.24681,1.24691
2017-10-12 07:46:00,1.246765,1.24682,1.246705,1.24682
2017-10-12 07:47:00,1.2469,1.24676,1.24665,1.2469
2017-10-12 07:48:00,1.2471,1.246895,1.246855,1.247105
2017-10-12 07:49:00,1.24695,1.247095,1.24695,1.2471
2017-10-12 07:50:00,1.247155,1.24697,1.24697,1.24717
2017-10-12 07:51:00,1.247055,1.247175,1.247055,1.24726
2017-10-12 07:52:00,1.24699,1.24703,1.246965,1.24713
2017-10-12 07:53:00,1.24702,1.246975,1.246955,1.247035
2017-10-12 07:54:00,1.247045,1.24707,1.247045,1.2472
2017-10-12 07:55:00,1.247035,1.24703,1.24697,1.247065
2017-10-12 07:56:00,1.24698,1.24698,1.24698,1.24698
2017-10-12 07:57:00,1.24711,1.246925,1.246905,1.24732
2017-10-12 07:58:00,1.246985,1.247085,1.246985,1.2471
2017-10-12 07:59:00,1.24677,1.246985,1.24676,1.24699
2017-10-12 08:00:00,1.247075,1.246715,1.246705,1.24713
2017-10-12 08:01:00,1.24709,1.2471,1.24695,1.247105
2017-10-12 08:02:00,1.247015,1.24709,1.24685,1.24709
2017-10-12 08:03:00,1.246915,1.24702,1.24689,1.247025
2017-10-12 08:04:00,1.247035,1.24687,1.24687,1.247035
2017-10-12 08:05:00,1.24703,1.247035,1.24689,1.24704
2017-10-12 08:06:00,1.24688,1.24703,1.246855,1.24703
2017-10-12 08:07:00,1.246965,1.24686,1.246805,1.247025
2017-10-12 08:08:00,1.2467,1.24698,1.24666,1.24698
2017-10-12 08:09:00,1.24671,1.246645,1.24661,1.24673
2017-10-12 08:10:00,1.246505,1.24668,1.246505,1.24673
2017-10-12 08:11:00,1.24651,1.246525,1.246405,1.246635
2017-10-12 08:12:00,1.246625,1.246485,1.246455,1.24663
2017-10-12 08:13:00,1.24672,1.246605,1.2466,1.246765
2017-10-12 08:14:00,1.246805,1.246715,1.24671,1.246925
2017-10-12 08:15:00,1.247075,1.2468,1.2468,1.247095
2017-10-12 08:16:00,1.24676,1.24707,1.24668,1.247075
2017-10-12 08:17:00,1.246875,1.246755,1.246755,1.246955
2017-10-12 08:18:00,1.24693,1.246935,1.24687,1.246995
2017-10-12 08:19:00,1.246825,1.246935,1.2468,1.246945
2017-10-12 08:20:00,1.246885,1.246815,1.24681,1.246935
2017-10-12 08:21:00,1.24686,1.24688,1.24686,1.24714
2017-10-12 08:22:00,1.247125,1.246915,1.246905,1.247125
2017-10-12 08:23:00,1.24711,1.24715,1.24711,1.247225
2017-10-12 08:24:00,1.246895,1.247115,1.246855,1.24712
2017-10-12 08:25:00,1.246785,1.2469,1.246725,1.246945
2017-10-12 08:26:00,1.246655,1.24679,1.24665,1.24684
2017-10-12 08:27:00,1.246785,1.24665,1.246645,1.246785
2017-10-12 08:28:00,1.246695,1.246765,1.24667,1.246765
2017-10-12 08:29:00,1.246735,1.2467,1.246615,1.24679
2017-10-12 08:30:00,1.24705,1.24676,1.246715,1.247295
2017-10-12 08:31:00,1.247375,1.246855,1.24677,1.247535
2017-10-12 08:32:00,1.247695,1.24738,1.247275,1.24779
2017-10-12 08:33:00,1.24766,1.2477,1.247295,1.2477
2017-10-12 08:34:00,1.24771,1.247685,1.247655,1.24786
2017-10-12 08:35:00,1.24854,1.24767,1.247665,1.248585
2017-10-12 08:36:00,1.24858,1.24851,1.24843,1.248725
2017-10-12 08:37:00,1.24887,1.248575,1.24848,1.249055
2017-10-12 08:38:00,1.24878,1.248895,1.24856,1.2489
2017-10-12 08:39:00,1.248695,1.24877,1.24863,1.24879
2017-10-12 08:40:00,1.24836,1.24867,1.24833,1.2487
2017-10-12 08:41:00,1.24836,1.248335,1.24831,1.248485
2017-10-12 08:42:00,1.248435,1.248355,1.2483,1.24849
2017-10-12 08:43:00,1.247985,1.248415,1.247935,1.248415
2017-10-12 08:44:00,1.24812,1.24798,1.247785,1.248175
2017-10-12 08:45:00,1.24826,1.248115,1.248045,1.248305
2017-10-12 08:46:00,1.24827,1.248265,1.24815,1.24832
2017-10-12 08:47:00,1.248255,1.24821,1.248075,1.248255
2017-10-12 08:48:00,1.24861,1.248275,1.248025,1.24867
2017-10-12 08:49:00,1.24847,1.248595,1.248405,1.248615
2017-10-12 08:50:00,1.24861,1.24842,1.248415,1.248665
2017-10-12 08:51:00,1.248585,1.248615,1.248535,1.24871
2017-10-12 08:52:00,1.24836,1.24864,1.24836,1.24864
2017-10-12 08:53:00,1.248225,1.24835,1.24822,1.2485
2017-10-12 08:54:00,1.248135,1.24821,1.24796,1.24824
2017-10-12 08:55:00,1.248275,1.248115,1.248085,1.248325
2017-10-12 08:56:00,1.24804,1.248225,1.24804,1.24824
2017-10-12 08:57:00,1.248225,1.24799,1.24799,1.248275
2017-10-12 08:58:00,1.24817,1.24823,1.248165,1.24825
2017-10-12 08:59:00,1.248025,1.248125,1.24797,1.248125
2017-10-12 09:00:00,1.24812,1.24803,1.248025,1.24817
2017-10-12 09:01:00,1.24853,1.248115,1.248115,1.248565
2017-10-12 09:02:00,1.2486,1.24857,1.24854,1.248655
2017-10-12 09:03:00,1.248695,1.24862,1.24855,1.24873
2017-10-12 09:04:00,1.248655,1.248675,1.24859,1.248745
2017-10-12 09:05:00,1.24847,1.24863,1.24847,1.24863
2017-10-12 09:06:00,1.248335,1.248415,1.248255,1.248495
2017-10-12 09:07:00,1.248175,1.248325,1.248055,1.248325
2017-10-12 09:08:00,1.247975,1.24818,1.247975,1.24825
2017-10-12 09:09:00,1.24766,1.24798,1.247655,1.247995
2017-10-12 09:10:00,1.247925,1.24769,1.24768,1.24793
2017-10-12 09:11:00,1.247885,1.247925,1.247855,1.248085
2017-10-12 09:12:00,1.248175,1.24794,1.24794,1.24825
2017-10-12 09:13:00,1.248245,1.24812,1.24807,1.248305
2017-10-12 09:14:00,1.24797,1.24825,1.24797,1.248255
2017-10-12 09:15:00,1.24823,1.24795,1.24795,1.24825
2017-10-12 09:16:00,1.248095,1.24818,1.247995,1.248185
2017-10-12 09:17:00,1.247985,1.2481,1.24798,1.24813
2017-10-12 09:18:00,1.248065,1.247975,1.24797,1.24813
2017-10-12 09:19:00,1.247865,1.24807,1.24782,1.24807
2017-10-12 09:20:00,1.247755,1.247845,1.2477,1.24787
2017-10-12 09:21:00,1.2479,1.24771,1.247635,1.24792
2017-10-12 09:22:00,1.24785,1.247905,1.24771,1.24793
2017-10-12 09:23:00,1.247715,1.247855,1.247715,1.24788
2017-10-12 09:24:00,1.247595,1.247765,1.247585,1.247765
2017-10-12 09:25:00,1.247715,1.24761,1.247555,1.247725
2017-10-12 09:26:00,1.247665,1.24772,1.247565,1.24779
2017-10-12 09:27:00,1.247715,1.24766,1.247655,1.247755
2017-10-12 09:28:00,1.247885,1.24772,1.24772,1.247885
2017-10-12 09:29:00,1.24787,1.24788,1.24776,1.24796
2017-10-12 09:30:00,1.248095,1.24792,1.247915,1.2481
2017-10-12 09:31:00,1.248235,1.248105,1.248065,1.248245
2017-10-12 09:32:00,1.248175,1.24828,1.248065,1.24828
2017-10-12 09:33:00,1.248115,1.24822,1.24804,1.248225
2017-10-12 09:34:00,1.24823,1.24811,1.248085,1.248245
2017-10-12 09:35:00,1.24817,1.248235,1.248115,1.248235
2017-10-12 09:36:00,1.248415,1.248165,1.24813,1.248465
2017-10-12 09:37:00,1.247985,1.24842,1.24798,1.24847
2017-10-12 09:38:00,1.24784,1.247985,1.24784,1.24802
2017-10-12 09:39:00,1.247965,1.247855,1.247845,1.24798
2017-10-12 09:40:00,1.24791,1.24801,1.24789,1.24801
2017-10-12 09:41:00,1.247825,1.247965,1.24776,1.247975
2017-10-12 09:42:00,1.24781,1.247795,1.247765,1.24787
2017-10-12 09:43:00,1.24792,1.247805,1.247675,1.24793
2017-10-12 09:44:00,1.247955,1.24794,1.247905,1.248105
2017-10-12 09:45:00,1.247935,1.247905,1.247905,1.248085
2017-10-12 09:46:00,1.24785,1.24795,1.24785,1.24808
2017-10-12 09:47:00,1.248015,1.247865,1.24785,1.24803
2017-10-12 09:48:00,1.248075,1.248035,1.248025,1.248125
2017-10-12 09:49:00,1.24809,1.24809,1.24806,1.248225
2017-10-12 09:50:00,1.248355,1.24813,1.24813,1.24836
2017-10-12 09:51:00,1.248285,1.24836,1.248275,1.248365
2017-10-12 09:52:00,1.248415,1.248295,1.248265,1.248465
2017-10-12 09:53:00,1.248475,1.248445,1.24835,1.2485
2017-10-12 09:54:00,1.248455,1.248495,1.248385,1.24857
2017-10-12 09:55:00,1.24842,1.248425,1.24838,1.24853
2017-10-12 09:56:00,1.2487,1.248415,1.24841,1.24877
2017-10-12 09:57:00,1.248555,1.24873,1.24854,1.248925
2017-10-12 09:58:00,1.248805,1.24855,1.24854,1.248915
2017-10-12 09:59:00,1.248815,1.248805,1.248605,1.248915
2017-10-12 10:00:00,1.24863,1.248805,1.24861,1.24894
2017-10-12 10:01:00,1.248835,1.24865,1.248575,1.249005
2017-10-12 10:02:00,1.248865,1.24883,1.24877,1.24896
2017-10-12 10:03:00,1.24872,1.248835,1.248695,1.248835
2017-10-12 10:04:00,1.24877,1.248735,1.248635,1.2488
2017-10-12 10:05:00,1.24881,1.248775,1.248765,1.248985
2017-10-12 10:06:00,1.24883,1.248835,1.248795,1.24892
2017-10-12 10:07:00,1.248955,1.248855,1.248855,1.249
2017-10-12 10:08:00,1.24893,1.248955,1.248835,1.249
2017-10-12 10:09:00,1.248955,1.24894,1.24887,1.249005
2017-10-12 10:10:00,1.24904,1.248945,1.248935,1.24908
2017-10-12 10:11:00,1.24873,1.249015,1.24872,1.249015
2017-10-12 10:12:00,1.24859,1.248725,1.24848,1.248785
2017-10-12 10:13:00,1.248735,1.248635,1.248555,1.24874
2017-10-12 10:14:00,1.248515,1.24875,1.248515,1.24875
2017-10-12 10:15:00,1.24839,1.248475,1.248355,1.248535
2017-10-12 10:16:00,1.248335,1.2484,1.248335,1.24848
2017-10-12 10:17:00,1.248415,1.248355,1.248235,1.248415
2017-10-12 10:18:00,1.24806,1.24844,1.24806,1.24844
2017-10-12 10:19:00,1.247915,1.248055,1.247905,1.24813
2017-10-12 10:20:00,1.24785,1.24791,1.247715,1.247915
2017-10-12 10:21:00,1.24771,1.24784,1.247685,1.24789
2017-10-12 10:22:00,1.247755,1.247765,1.24763,1.24783
2017-10-12 10:23:00,1.247745,1.24771,1.247645,1.247765
2017-10-12 10:24:00,1.24757,1.24777,1.24754,1.24782
2017-10-12 10:25:00,1.247425,1.247545,1.247245,1.247575
2017-10-12 10:26:00,1.247735,1.247425,1.24738,1.247775
2017-10-12 10:27:00,1.247775,1.24778,1.24775,1.247915
2017-10-12 10:28:00,1.24773,1.247785,1.247705,1.248005
2017-10-12 10:29:00,1.247785,1.24775,1.24774,1.247825
2017-10-12 10:30:00,1.247955,1.24773,1.247625,1.247975
2017-10-12 10:31:00,1.247795,1.24795,1.24769,1.247995
2017-10-12 10:32:00,1.24747,1.24779,1.24742,1.24779
2017-10-12 10:33:00,1.24787,1.247525,1.24748,1.24787
2017-10-12 10:34:00,1.247655,1.24781,1.24765,1.24781
2017-10-12 10:35:00,1.247525,1.247655,1.247505,1.247735
2017-10-12 10:36:00,1.247765,1.247575,1.24755,1.247775
2017-10-12 10:37:00,1.24761,1.24782,1.247605,1.247875
2017-10-12 10:38:00,1.247415,1.247605,1.247415,1.24761
2017-10-12 10:39:00,1.247295,1.24741,1.247225,1.24741
2017-10-12 10:40:00,1.24741,1.247305,1.247245,1.24747
2017-10-12 10:41:00,1.2476,1.24741,1.2474,1.24762
2017-10-12 10:42:00,1.24766,1.247595,1.247525,1.24767
2017-10-12 10:43:00,1.24757,1.24769,1.24757,1.247715
2017-10-12 10:44:00,1.2474,1.24753,1.2474,1.247535
2017-10-12 10:45:00,1.24753,1.24741,1.24741,1.247535
2017-10-12 10:46:00,1.24763,1.247525,1.24751,1.247655
2017-10-12 10:47:00,1.247655,1.247635,1.247545,1.247655
2017-10-12 10:48:00,1.247545,1.2476,1.247535,1.2476
2017-10-12 10:49:00,1.2475,1.247535,1.24748,1.24754
2017-10-12 10:50:00,1.24757,1.247555,1.24741,1.247705
2017-10-12 10:51:00,1.247855,1.24756,1.24749,1.247855
2017-10-12 10:52:00,1.247845,1.24786,1.24776,1.24792
2017-10-12 10:53:00,1.247815,1.247845,1.24776,1.247925
2017-10-12 10:54:00,1.247775,1.2478,1.247595,1.2478
2017-10-12 10:55:00,1.24764,1.24777,1.247545,1.247855
2017-10-12 10:56:00,1.24767,1.24759,1.247515,1.24767
2017-10-12 10:57:00,1.247705,1.247675,1.247545,1.247745
2017-10-12 10:58:00,1.247645,1.24771,1.247635,1.24798
2017-10-12 10:59:00,1.24761,1.247645,1.247505,1.2478
2017-10-12 11:00:00,1.24766,1.247615,1.24749,1.247715
2017-10-12 11:01:00,1.247485,1.24768,1.247095,1.24768
2017-10-12 11:02:00,1.247345,1.24749,1.24727,1.24756
2017-10-12 11:03:00,1.247595,1.24734,1.247305,1.24765
2017-10-12 11:04:00,1.24747,1.24755,1.24725,1.24755
2017-10-12 11:05:00,1.247405,1.247475,1.247355,1.247595
2017-10-12 11:06:00,1.247345,1.247365,1.247265,1.247365
2017-10-12 11:07:00,1.24719,1.247405,1.24719,1.247425
2017-10-12 11:08:00,1.247055,1.247195,1.24696,1.24726
2017-10-12 11:09:00,1.247085,1.24706,1.24701,1.24715
2017-10-12 11:10:00,1.24717,1.24708,1.247025,1.24718
2017-10-12 11:11:00,1.247195,1.247165,1.247045,1.247235
2017-10-12 11:12:00,1.24762,1.24724,1.24724,1.247625
2017-10-12 11:13:00,1.247275,1.24761,1.247205,1.247625
2017-10-12 11:14:00,1.24723,1.24733,1.24717,1.247335
2017-10-12 11:15:00,1.24712,1.247225,1.24712,1.24733
2017-10-12 11:16:00,1.24736,1.247115,1.24708,1.24736
2017-10-12 11:17:00,1.24753,1.24732,1.247315,1.247545
2017-10-12 11:18:00,1.247505,1.24758,1.247505,1.24759
2017-10-12 11:19:00,1.24762,1.247535,1.24746,1.24762
2017-10-12 11:20:00,1.24776,1.24761,1.24756,1.24776
2017-10-12 11:21:00,1.247925,1.247755,1.247755,1.24793
2017-10-12 11:22:00,1.24798,1.24793,1.247895,1.247995
2017-10-12 11:23:00,1.247885,1.247955,1.247845,1.24798
2017-10-12 11:24:00,1.247685,1.24788,1.247645,1.24789
2017-10-12 11:25:00,1.247515,1.24771,1.247515,1.24774
2017-10-12 11:26:00,1.247485,1.247515,1.24744,1.247595
2017-10-12 11:27:00,1.247565,1.247525,1.24752,1.24766
2017-10-12 11:28:00,1.24733,1.24757,1.247185,1.247575
2017-10-12 11:29:00,1.24718,1.24731,1.247125,1.247325
2017-10-12 11:30:00,1.247025,1.24713,1.247025,1.24714
2017-10-12 11:31:00,1.24716,1.24702,1.246945,1.24716
2017-10-12 11:32:00,1.247045,1.24711,1.246975,1.24714
2017-10-12 11:33:00,1.24699,1.24705,1.246755,1.24705
2017-10-12 11:34:00,1.247015,1.24697,1.24688,1.247015
2017-10-12 11:35:00,1.247055,1.24707,1.247025,1.24718
2017-10-12 11:36:00,1.247005,1.24705,1.247,1.24715
2017-10-12 11:37:00,1.24712,1.24699,1.246865,1.24712
2017-10-12 11:38:00,1.24706,1.247065,1.24699,1.247075
2017-10-12 11:39:00,1.246885,1.24702,1.246875,1.247025
2017-10-12 11:40:00,1.24684,1.24689,1.246785,1.246925
2017-10-12 11:41:00,1.24666,1.246825,1.24666,1.24686
2017-10-12 11:42:00,1.24666,1.24666,1.24661,1.246665
2017-10-12 11:43:00,1.24673,1.24668,1.246675,1.246805
2017-10-12 11:44:00,1.24645,1.246725,1.24642,1.246725
2017-10-12 11:45:00,1.24656,1.2465,1.2465,1.246615
2017-10-12 11:46:00,1.246865,1.246615,1.246615,1.24687
2017-10-12 11:47:00,1.246975,1.246925,1.24688,1.246985
2017-10-12 11:48:00,1.24699,1.24702,1.246945,1.24711
2017-10-12 11:49:00,1.24732,1.246985,1.24694,1.247325
2017-10-12 11:50:00,1.246455,1.247325,1.246435,1.247325
2017-10-12 11:51:00,1.246515,1.24646,1.246445,1.24656
2017-10-12 11:52:00,1.246745,1.24651,1.24648,1.24675
2017-10-12 11:53:00,1.246805,1.24675,1.246515,1.24681
2017-10-12 11:54:00,1.24676,1.24681,1.2467,1.246835
2017-10-12 11:55:00,1.2466,1.246765,1.246555,1.24678
2017-10-12 11:56:00,1.24678,1.246545,1.246545,1.246835
2017-10-12 11:57:00,1.24694,1.246775,1.246765,1.246985
2017-10-12 11:58:00,1.24696,1.24693,1.2469,1.247005
2017-10-12 11:59:00,1.24706,1.246965,1.2469,1.247065
2017-10-12 12:00:00,1.24716,1.24706,1.24699,1.24717
2017-10-12 12:01:00,1.24712,1.247155,1.247075,1.247155
2017-10-12 12:02:00,1.24711,1.247065,1.24701,1.247115
2017-10-12 12:03:00,1.24699,1.247065,1.246955,1.247065
2017-10-12 12:04:00,1.246985,1.246985,1.24695,1.246995
2017-10-12 12:05:00,1.24699,1.246985,1.246975,1.24705
2017-10-12 12:06:00,1.24704,1.24694,1.24694,1.247095
2017-10-12 12:07:00,1.24702,1.247045,1.247015,1.24705
2017-10-12 12:08:00,1.247,1.247045,1.24693,1.247065
2017-10-12 12:09:00,1.246935,1.246945,1.246895,1.24696
2017-10-12 12:10:00,1.24709,1.246935,1.246935,1.24709
2017-10-12 12:11:00,1.24712,1.247085,1.247065,1.24719
2017-10-12 12:12:00,1.247085,1.247115,1.24705,1.247115
2017-10-12 12:13:00,1.247285,1.247135,1.247075,1.247345
2017-10-12 12:14:00,1.24718,1.24729,1.24696,1.2473
2017-10-12 12:15:00,1.24722,1.247185,1.247095,1.24726
2017-10-12 12:16:00,1.24733,1.247225,1.2472,1.24738
2017-10-12 12:17:00,1.24727,1.247335,1.247265,1.24736
2017-10-12 12:18:00,1.24719,1.247265,1.24718,1.24728
2017-10-12 12:19:00,1.24717,1.247195,1.247145,1.247225
2017-10-12 12:20:00,1.247685,1.2472,1.2472,1.24769
2017-10-12 12:21:00,1.24763,1.24768,1.247575,1.24768
2017-10-12 12:22:00,1.247835,1.24763,1.24763,1.247855
2017-10-12 12:23:00,1.247955,1.247835,1.24782,1.248085
2017-10-12 12:24:00,1.247905,1.24795,1.24788,1.24796
2017-10-12 12:25:00,1.248025,1.247915,1.247875,1.248055
2017-10-12 12:26:00,1.24814,1.24801,1.24798,1.248145
2017-10-12 12:27:00,1.248135,1.248135,1.248075,1.24816
2017-10-12 12:28:00,1.247945,1.248085,1.247935,1.248085
2017-10-12 12:29:00,1.24774,1.24789,1.247665,1.247895
2017-10-12 12:30:00,1.247695,1.24769,1.247675,1.247765
2017-10-12 12:31:00,1.247715,1.247695,1.24764,1.247725
2017-10-12 12:32:00,1.24777,1.247705,1.247685,1.247845
2017-10-12 12:33:00,1.247545,1.24773,1.24753,1.24773
2017-10-12 12:34:00,1.247545,1.247495,1.247485,1.247555
2017-10-12 12:35:00,1.24772,1.24754,1.247535,1.24774
2017-10-12 12:36:00,1.2477,1.247725,1.24762,1.247735
2017-10-12 12:37:00,1.247745,1.24773,1.247655,1.247785
2017-10-12 12:38:00,1.247835,1.247765,1.247685,1.247845
2017-10-12 12:39:00,1.24787,1.24785,1.247845,1.24794
2017-10-12 12:40:00,1.247745,1.24783,1.2477,1.24783
2017-10-12 12:41:00,1.247925,1.24777,1.24777,1.247945
2017-10-12 12:42:00,1.247915,1.24792,1.247875,1.248015
2017-10-12 12:43:00,1.24791,1.247895,1.24786,1.24793
2017-10-12 12:44:00,1.247925,1.247905,1.2479,1.247955
2017-10-12 12:45:00,1.24792,1.247925,1.24791,1.24812
2017-10-12 12:46:00,1.24792,1.247925,1.247855,1.24796
2017-10-12 12:47:00,1.248175,1.24794,1.24794,1.24818
2017-10-12 12:48:00,1.24804,1.24819,1.24804,1.248345
2017-10-12 12:49:00,1.248285,1.24799,1.247925,1.2483
2017-10-12 12:50:00,1.248205,1.2483,1.24814,1.248305
2017-10-12 12:51:00,1.248145,1.2482,1.248085,1.24831
2017-10-12 12:52:00,1.24834,1.248145,1.248145,1.248375
2017-10-12 12:53:00,1.24853,1.248365,1.248365,1.248545
2017-10-12 12:54:00,1.24847,1.248535,1.248465,1.248605
2017-10-12 12:55:00,1.248315,1.24847,1.2483,1.248475
2017-10-12 12:56:00,1.248445,1.24831,1.248285,1.248445
2017-10-12 12:57:00,1.24865,1.2485,1.2485,1.248685
2017-10-12 12:58:00,1.248585,1.24861,1.248525,1.24868
2017-10-12 12:59:00,1.248625,1.2486,1.24857,1.24872
2017-10-12 13:00:00,1.24843,1.248655,1.24841,1.24872
2017-10-12 13:01:00,1.248275,1.248375,1.248245,1.248435
2017-10-12 13:02:00,1.248085,1.248265,1.24805,1.248285
2017-10-12 13:03:00,1.248295,1.24811,1.248075,1.2483
2017-10-12 13:04:00,1.24819,1.2483,1.248175,1.248305
2017-10-12 13:05:00,1.24794,1.248135,1.247905,1.24818
2017-10-12 13:06:00,1.248205,1.247935,1.247775,1.248215
2017-10-12 13:07:00,1.248185,1.248155,1.248155,1.248295
2017-10-12 13:08:00,1.24824,1.24818,1.248165,1.24832
2017-10-12 13:09:00,1.24832,1.24824,1.24824,1.248325
2017-10-12 13:10:00,1.24826,1.248315,1.248175,1.24832
2017-10-12 13:11:00,1.248325,1.24826,1.24826,1.248335
2017-10-12 13:12:00,1.24833,1.24833,1.248325,1.24834
2017-10-12 13:13:00,1.248165,1.248275,1.248165,1.248335
2017-10-12 13:14:00,1.248235,1.24817,1.248115,1.248245
2017-10-12 13:15:00,1.24817,1.24824,1.248055,1.24824
2017-10-12 13:16:00,1.247965,1.248175,1.24793,1.24818
2017-10-12 13:17:00,1.248095,1.24802,1.24796,1.24812
2017-10-12 13:18:00,1.24797,1.24807,1.24797,1.24807
2017-10-12 13:19:00,1.24807,1.24795,1.24795,1.248105
2017-10-12 13:20:00,1.24798,1.248075,1.247965,1.248095
2017-10-12 13:21:00,1.24796,1.24796,1.24794,1.248035
2017-10-12 13:22:00,1.247895,1.24796,1.247885,1.24796
2017-10-12 13:23:00,1.24787,1.24794,1.24786,1.24795
2017-10-12 13:24:00,1.247845,1.24792,1.24781,1.24793
2017-10-12 13:25:00,1.24777,1.247855,1.24774,1.247865
2017-10-12 13:26:00,1.247825,1.247765,1.247745,1.247855
2017-10-12 13:27:00,1.247575,1.24781,1.247545,1.24785
2017-10-12 13:28:00,1.247415,1.24755,1.247415,1.247555
2017-10-12 13:29:00,1.247525,1.247415,1.2474,1.24764
2017-10-12 13:30:00,1.247365,1.24753,1.247365,1.247625
2017-10-12 13:31:00,1.247545,1.24737,1.247365,1.247575
2017-10-12 13:32:00,1.24748,1.24749,1.247405,1.24751
2017-10-12 13:33:00,1.247675,1.247475,1.247455,1.247675
2017-10-12 13:34:00,1.247945,1.24768,1.247515,1.24803
2017-10-12 13:35:00,1.24794,1.24795,1.2478,1.24805
2017-10-12 13:36:00,1.247985,1.24793,1.24793,1.248085
2017-10-12 13:37:00,1.24784,1.24797,1.24784,1.24797
2017-10-12 13:38:00,1.24792,1.247805,1.24778,1.247985
2017-10-12 13:39:00,1.24791,1.247915,1.24789,1.247945
2017-10-12 13:40:00,1.247755,1.24791,1.247745,1.24796
2017-10-12 13:41:00,1.247495,1.24776,1.247435,1.247765
2017-10-12 13:42:00,1.247345,1.247495,1.24729,1.247495
2017-10-12 13:43:00,1.24699,1.24734,1.24699,1.247345
2017-10-12 13:44:00,1.246945,1.24698,1.24691,1.247085
2017-10-12 13:45:00,1.246875,1.2469,1.246865,1.24696
2017-10-12 13:46:00,1.24681,1.24688,1.2467,1.24691
2017-10-12 13:47:00,1.24638,1.24681,1.2463,1.246875
2017-10-12 13:48:00,1.246465,1.246385,1.24623,1.24647
2017-10-12 13:49:00,1.24631,1.246525,1.246255,1.246635
2017-10-12 13:50:00,1.24656,1.246285,1.24621,1.246645
2017-10-12 13:51:00,1.2462,1.246545,1.246125,1.24662
2017-10-12 13:52:00,1.24637,1.246195,1.24604,1.24643
2017-10-12 13:53:00,1.246515,1.24638,1.24637,1.24654
2017-10-12 13:54:00,1.246315,1.246515,1.24625,1.24666
2017-10-12 13:55:00,1.2464,1.246265,1.246165,1.24643
2017-10-12 13:56:00,1.246405,1.24642,1.24636,1.246505
2017-10-12 13:57:00,1.246475,1.246345,1.24632,1.246475
2017-10-12 13:58:00,1.246735,1.24647,1.246465,1.24686
2017-10-12 13:59:00,1.2466,1.246735,1.246595,1.246755
2017-10-12 14:00:00,1.2464,1.246595,1.246385,1.246645
2017-10-12 14:01:00,1.246385,1.246415,1.246235,1.246445
2017-10-12 14:02:00,1.246235,1.24639,1.24623,1.246395
2017-10-12 14:03:00,1.246125,1.24623,1.246115,1.24629
2017-10-12 14:04:00,1.245815,1.24612,1.245725,1.246125
2017-10-12 14:05:00,1.245825,1.245755,1.245685,1.24585
2017-10-12 14:06:00,1.245935,1.24583,1.245825,1.246005
2017-10-12 14:07:00,1.24585,1.245935,1.245785,1.24595
2017-10-12 14:08:00,1.24579,1.245905,1.24576,1.24599
2017-10-12 14:09:00,1.24588,1.245795,1.245785,1.24593
2017-10-12 14:10:00,1.245875,1.245875,1.245875,1.245885
2017-10-12 14:11:00,1.245955,1.24584,1.24584,1.24596
2017-10-12 14:12:00,1.24602,1.24596,1.245895,1.24612
2017-10-12 14:13:00,1.24596,1.246025,1.24594,1.246035
2017-10-12 14:14:00,1.24601,1.24597,1.24597,1.24602
2017-10-12 14:15:00,1.245915,1.246015,1.245905,1.246015
2017-10-12 14:16:00,1.245815,1.245915,1.245815,1.245915
2017-10-12 14:17:00,1.2458,1.24581,1.2458,1.24588
2017-10-12 14:18:00,1.245775,1.245805,1.24572,1.245825
2017-10-12 14:19:00,1.245835,1.245775,1.24575,1.245845
2017-10-12 14:20:00,1.245815,1.245835,1.245745,1.245855
2017-10-12 14:21:00,1.245775,1.245815,1.24573,1.245815
2017-10-12 14:22:00,1.24582,1.2458,1.24575,1.24584
2017-10-12 14:23:00,1.24581,1.245765,1.24564,1.24588
2017-10-12 14:24:00,1.245875,1.24581,1.245795,1.245875
2017-10-12 14:25:00,1.245905,1.24587,1.24585,1.24591
2017-10-12 14:26:00,1.245835,1.24589,1.24583,1.24589
2017-10-12 14:27:00,1.24585,1.245845,1.24584,1.245855
2017-10-12 14:28:00,1.24568,1.245845,1.245635,1.245845
2017-10-12 14:29:00,1.24564,1.245655,1.245525,1.24566
2017-10-12 14:30:00,1.24561,1.245645,1.24561,1.245655
2017-10-12 14:31:00,1.245675,1.245635,1.245635,1.24573
2017-10-12 14:32:00,1.245675,1.245675,1.24567,1.245715
2017-10-12 14:33:00,1.24571,1.245665,1.245655,1.24571
2017-10-12 14:34:00,1.245655,1.245705,1.245655,1.245705
2017-10-12 14:35:00,1.24582,1.24568,1.24568,1.245825
2017-10-12 14:36:00,1.245855,1.245835,1.245775,1.245865
2017-10-12 14:37:00,1.245865,1.2459,1.24586,1.245905
2017-10-12 14:38:00,1.245875,1.24584,1.245785,1.24588
2017-10-12 14:39:00,1.245925,1.245925,1.24591,1.24594
2017-10-12 14:40:00,1.245705,1.245935,1.245705,1.24594
2017-10-12 14:41:00,1.245845,1.24571,1.2457,1.245885
2017-10-12 14:42:00,1.245785,1.24589,1.24578,1.245955
2017-10-12 14:43:00,1.245535,1.24579,1.245465,1.24581
2017-10-12 14:44:00,1.24547,1.24554,1.24528,1.245545
2017-10-12 14:45:00,1.24563,1.245435,1.245435,1.245675
2017-10-12 14:46:00,1.24553,1.24563,1.24549,1.24566
2017-10-12 14:47:00,1.24554,1.24548,1.24547,1.245605
2017-10-12 14:48:00,1.245595,1.245555,1.24554,1.245605
2017-10-12 14:49:00,1.245605,1.24559,1.245565,1.245655
2017-10-12 14:50:00,1.24555,1.24565,1.245355,1.245655
2017-10-12 14:51:00,1.24561,1.24561,1.24559,1.24573
2017-10-12 14:52:00,1.245685,1.245665,1.24565,1.24576
2017-10-12 14:53:00,1.24567,1.24569,1.24567,1.24571
2017-10-12 14:54:00,1.24567,1.24569,1.24565,1.24574
2017-10-12 14:55:00,1.24575,1.24565,1.24565,1.245875
2017-10-12 14:56:00,1.245735,1.24576,1.24562,1.245815
2017-10-12 14:57:00,1.245755,1.245795,1.24567,1.245845
2017-10-12 14:58:00,1.24595,1.24576,1.24575,1.24595
2017-10-12 14:59:00,1.245925,1.246005,1.245915,1.246195
2017-10-12 15:00:00,1.245795,1.24593,1.24577,1.246
2017-10-12 15:01:00,1.24586,1.24575,1.24573,1.245915
2017-10-12 15:02:00,1.24583,1.24586,1.245755,1.245895
2017-10-12 15:03:00,1.24592,1.24589,1.245885,1.245935
2017-10-12 15:04:00,1.24582,1.24592,1.245815,1.245935
2017-10-12 15:05:00,1.245865,1.245845,1.245795,1.245935
2017-10-12 15:06:00,1.24587,1.24589,1.24583,1.24596
2017-10-12 15:07:00,1.2464,1.2459,1.2459,1.24647
2017-10-12 15:08:00,1.24635,1.24639,1.246345,1.24648
2017-10-12 15:09:00,1.246325,1.24634,1.246285,1.246345
2017-10-12 15:10:00,1.24619,1.246275,1.24616,1.246275
2017-10-12 15:11:00,1.246195,1.246195,1.24619,1.246205
2017-10-12 15:12:00,1.24632,1.2462,1.246195,1.246325
2017-10-12 15:13:00,1.246335,1.246325,1.246325,1.24634
2017-10-12 15:14:00,1.24633,1.24633,1.24633,1.246355
2017-10-12 15:15:00,1.24621,1.2463,1.24621,1.246345
2017-10-12 15:16:00,1.246185,1.24623,1.24614,1.24628
2017-10-12 15:17:00,1.246175,1.246205,1.24616,1.24625
2017-10-12 15:18:00,1.246185,1.24617,1.246165,1.246185
2017-10-12 15:19:00,1.24628,1.246185,1.246185,1.24628
2017-10-12 15:20:00,1.246285,1.246275,1.246275,1.24629
2017-10-12 15:21:00,1.246185,1.24628,1.246185,1.24628
2017-10-12 15:22:00,1.246245,1.246215,1.246215,1.246265
2017-10-12 15:23:00,1.246215,1.246255,1.24619,1.246265
2017-10-12 15:24:00,1.24624,1.246265,1.24624,1.24629
2017-10-12 15:25:00,1.24627,1.246235,1.246235,1.24628
2017-10-12 15:26:00,1.246175,1.24626,1.246145,1.246265
2017-10-12 15:27:00,1.246375,1.2462,1.24619,1.24638
2017-10-12 15:28:00,1.246335,1.24638,1.24632,1.24639
2017-10-12 15:29:00,1.24623,1.24634,1.24608,1.246345
2017-10-12 15:30:00,1.246385,1.246285,1.246285,1.246395
2017-10-12 15:31:00,1.24647,1.24639,1.246385,1.246485
2017-10-12 15:32:00,1.24638,1.24647,1.246315,1.24647
2017-10-12 15:33:00,1.246295,1.246385,1.24626,1.246385
2017-10-12 15:34:00,1.2463,1.246345,1.2463,1.246355
2017-10-12 15:35:00,1.246455,1.246325,1.246325,1.24657
2017-10-12 15:36:00,1.24644,1.246455,1.24643,1.24646
2017-10-12 15:37:00,1.24663,1.246435,1.24642,1.246635
2017-10-12 15:38:00,1.246635,1.246615,1.24658,1.246635
2017-10-12 15:39:00,1.24664,1.24664,1.246635,1.246645
2017-10-12 15:40:00,1.2466,1.2466,1.2466,1.2466
2017-10-12 15:41:00,1.2466,1.2466,1.2466,1.2466
2017-10-12 15:42:00,1.24672,1.24662,1.24662,1.24672
2017-10-12 15:43:00,1.24685,1.246745,1.246745,1.24685
2017-10-12 15:44:00,1.24685,1.246745,1.246745,1.24685
2017-10-12 15:45:00,1.246825,1.24691,1.24682,1.24691
2017-10-12 15:46:00,1.246655,1.246765,1.246645,1.246805
2017-10-12 15:47:00,1.24663,1.24665,1.24659,1.246765
2017-10-12 15:48:00,1.246575,1.246585,1.24657,1.246645
2017-10-12 15:49:00,1.246475,1.24657,1.246435,1.246595
2017-10-12 15:50:00,1.24656,1.246485,1.24648,1.246565
2017-10-12 15:51:00,1.246525,1.24652,1.2465,1.24653
2017-10-12 15:52:00,1.246525,1.24651,1.24651,1.246525
2017-10-12 15:53:00,1.24655,1.24655,1.24654,1.24655
2017-10-12 15:54:00,1.24673,1.24656,1.24655,1.24674
2017-10-12 15:55:00,1.246895,1.246745,1.246745,1.247205
2017-10-12 15:56:00,1.24686,1.24688,1.24686,1.24691
2017-10-12 15:57:00,1.24688,1.246865,1.246845,1.24692
2017-10-12 15:58:00,1.246825,1.246895,1.246755,1.24691
2017-10-12 15:59:00,1.24675,1.246825,1.2467,1.246885
2017-10-12 16:00:00,1.24657,1.24675,1.24657,1.246755
2017-10-12 16:01:00,1.246695,1.246565,1.24655,1.24674
2017-10-12 16:02:00,1.246745,1.24668,1.24668,1.246875
2017-10-12 16:03:00,1.246905,1.246775,1.246775,1.246915
2017-10-12 16:04:00,1.247005,1.24691,1.2469,1.24701
2017-10-12 16:05:00,1.24715,1.24699,1.24696,1.247175
2017-10-12 16:06:00,1.24704,1.24717,1.247035,1.247225
2017-10-12 16:07:00,1.247065,1.247045,1.24703,1.247065
2017-10-12 16:08:00,1.247325,1.247125,1.247005,1.247325
2017-10-12 16:09:00,1.247175,1.24732,1.247175,1.24737
2017-10-12 16:10:00,1.247025,1.247225,1.247005,1.24723
2017-10-12 16:11:00,1.247,1.247045,1.24698,1.247045
2017-10-12 16:12:00,1.24719,1.24702,1.24702,1.24719
2017-10-12 16:13:00,1.247435,1.24725,1.247235,1.24745
2017-10-12 16:14:00,1.247385,1.24744,1.247355,1.24744
2017-10-12 16:15:00,1.24732,1.2474,1.24732,1.2474
2017-10-12 16:16:00,1.247225,1.247345,1.247195,1.24735
2017-10-12 16:17:00,1.247225,1.247345,1.247195,1.24735
2017-10-12 16:18:00,1.24723,1.247195,1.247195,1.24726
2017-10-12 16:19:00,1.24726,1.247235,1.247225,1.24729
2017-10-12 16:20:00,1.24727,1.247275,1.247265,1.24728
2017-10-12 16:21:00,1.247335,1.247325,1.2473,1.24734
2017-10-12 16:22:00,1.247305,1.247305,1.247305,1.247305
2017-10-12 16:23:00,1.247295,1.247325,1.247255,1.247325
2017-10-12 16:24:00,1.24762,1.2473,1.24729,1.247685
2017-10-12 16:25:00,1.247585,1.24761,1.247555,1.24764
2017-10-12 16:26:00,1.247475,1.247565,1.24747,1.24757
2017-10-12 16:27:00,1.24755,1.2475,1.2475,1.24755
2017-10-12 16:28:00,1.24754,1.24754,1.24754,1.24754
2017-10-12 16:29:00,1.24746,1.24752,1.24741,1.24752
2017-10-12 16:30:00,1.24748,1.247515,1.24748,1.247515
2017-10-12 16:31:00,1.247465,1.2475,1.24741,1.2475
2017-10-12 16:32:00,1.24752,1.247445,1.247425,1.24753
2017-10-12 16:33:00,1.24772,1.247535,1.247535,1.247745
2017-10-12 16:34:00,1.2478,1.247775,1.247685,1.248055
2017-10-12 16:35:00,1.247795,1.2478,1.247775,1.24782
2017-10-12 16:36:00,1.24765,1.24774,1.247605,1.24774
2017-10-12 16:37:00,1.2476,1.24765,1.24756,1.247675
2017-10-12 16:38:00,1.24762,1.247615,1.247595,1.247655
2017-10-12 16:39:00,1.24763,1.24763,1.247615,1.24764
2017-10-12 16:40:00,1.247665,1.247615,1.247615,1.247665
2017-10-12 16:41:00,1.24768,1.24765,1.24764,1.247745
2017-10-12 16:42:00,1.24775,1.24773,1.247725,1.24776
2017-10-12 16:43:00,1.24768,1.247745,1.247665,1.247745
2017-10-12 16:44:00,1.24772,1.247675,1.24767,1.247725
2017-10-12 16:45:00,1.24767,1.247725,1.247655,1.247755
2017-10-12 16:46:00,1.24767,1.247725,1.247655,1.247755
2017-10-12 16:47:00,1.24768,1.24766,1.247655,1.247705
2017-10-12 16:48:00,1.247695,1.247675,1.247625,1.2477
2017-10-12 16:49:00,1.2477,1.247695,1.24764,1.24771
2017-10-12 16:50:00,1.2477,1.247705,1.247635,1.24773
2017-10-12 16:51:00,1.24771,1.24771,1.247665,1.247735
2017-10-12 16:52:00,1.247735,1.247765,1.247735,1.247765
2017-10-12 16:53:00,1.247815,1.247675,1.247625,1.247835
2017-10-12 16:54:00,1.24746,1.247765,1.247445,1.247765
2017-10-12 16:55:00,1.2475,1.247465,1.247455,1.247505
2017-10-12 16:56:00,1.247485,1.24749,1.24748,1.247495
2017-10-12 16:57:00,1.24744,1.24743,1.247395,1.247445
2017-10-12 16:58:00,1.247295,1.24744,1.247275,1.24744
2017-10-12 17:04:00,1.247745,1.247595,1.247545,1.247745
2017-10-12 17:05:00,1.24783,1.24779,1.24779,1.24783
2017-10-12 17:06:00,1.247845,1.248005,1.247845,1.248005
2017-10-12 17:07:00,1.24798,1.247955,1.247955,1.24798
2017-10-12 17:08:00,1.247985,1.24798,1.24798,1.247985
2017-10-12 17:09:00,1.24798,1.24798,1.247975,1.247985
2017-10-12 17:10:00,1.247895,1.247895,1.247895,1.247895
2017-10-12 17:11:00,1.247895,1.247895,1.247895,1.247895
2017-10-12 17:12:00,1.247895,1.247895,1.247895,1.247895
2017-10-12 17:13:00,1.247895,1.247895,1.247895,1.247895
2017-10-12 17:14:00,1.247895,1.247895,1.247895,1.247895
2017-10-12 17:15:00,1.247845,1.2478,1.24779,1.247855
2017-10-12 17:16:00,1.247705,1.247825,1.247675,1.247845
2017-10-12 17:17:00,1.247675,1.2477,1.247665,1.24771
2017-10-12 17:18:00,1.24775,1.24768,1.247655,1.24775
2017-10-12 17:19:00,1.2478,1.247775,1.247775,1.2478
2017-10-12 17:20:00,1.24768,1.24769,1.247675,1.247715
2017-10-12 17:21:00,1.247725,1.24768,1.24765,1.247725
2017-10-12 17:22:00,1.2477,1.2477,1.2477,1.2477
2017-10-12 17:23:00,1.2477,1.2477,1.2477,1.2477
2017-10-12 17:24:00,1.2477,1.2477,1.2477,1.2477
2017-10-12 17:25:00,1.2477,1.2477,1.2477,1.2477
2017-10-12 17:26:00,1.2477,1.2477,1.2477,1.2477
2017-10-12 17:27:00,1.2477,1.2477,1.2477,1.2477
2017-10-12 17:28:00,1.2477,1.2477,1.2477,1.2477
2017-10-12 17:29:00,1.247555,1.24767,1.247555,1.24767
2017-10-12 17:30:00,1.247655,1.24765,1.247645,1.24766
2017-10-12 17:31:00,1.24769,1.24767,1.247655,1.24771
2017-10-12 17:32:00,1.247645,1.247695,1.247645,1.247695
2017-10-12 17:33:00,1.247645,1.247695,1.247645,1.247695
2017-10-12 17:34:00,1.247645,1.247695,1.247645,1.247695
2017-10-12 17:35:00,1.247645,1.247695,1.247645,1.247695
2017-10-12 17:36:00,1.247645,1.247695,1.247645,1.247695
2017-10-12 17:37:00,1.247645,1.247695,1.247645,1.247695
2017-10-12 17:38:00,1.247645,1.247695,1.247645,1.247695
2017-10-12 17:39:00,1.247645,1.247695,1.247645,1.247695
2017-10-12 17:40:00,1.247855,1.247705,1.24767,1.247995
2017-10-12 17:41:00,1.247855,1.247865,1.24777,1.24787
2017-10-12 17:42:00,1.24793,1.247855,1.24785,1.247965
2017-10-12 17:43:00,1.24794,1.24792,1.24792,1.24797
2017-10-12 17:44:00,1.247915,1.24794,1.247915,1.247975
2017-10-12 17:45:00,1.24786,1.24784,1.247815,1.247875
2017-10-12 17:46:00,1.247885,1.247875,1.24787,1.2479
2017-10-12 17:47:00,1.24788,1.247885,1.24786,1.247905
2017-10-12 17:48:00,1.24788,1.24787,1.247865,1.247885
2017-10-12 17:49:00,1.24788,1.24787,1.247865,1.247885
2017-10-12 17:50:00,1.247885,1.24788,1.247875,1.24789
2017-10-12 17:51:00,1.24789,1.24787,1.24785,1.247915
2017-10-12 17:52:00,1.24794,1.247895,1.247875,1.24794
2017-10-12 17:53:00,1.24794,1.247895,1.247875,1.24794
2017-10-12 17:54:00,1.24799,1.247915,1.24791,1.248005
2017-10-12 17:55:00,1.24802,1.24799,1.24798,1.24804
2017-10-12 17:56:00,1.24798,1.248035,1.247975,1.248045
2017-10-12 17:57:00,1.247845,1.2479,1.247835,1.24797
2017-10-12 17:58:00,1.24789,1.247845,1.247845,1.24792
2017-10-12 17:59:00,1.247895,1.24789,1.247875,1.24791
2017-10-12 18:00:00,1.247945,1.247945,1.247945,1.247945
2017-10-12 18:01:00,1.247885,1.24802,1.24785,1.248055
2017-10-12 18:02:00,1.24777,1.24788,1.24777,1.247885
2017-10-12 18:03:00,1.24768,1.247745,1.24768,1.247745
2017-10-12 18:04:00,1.24773,1.24775,1.24773,1.247785
2017-10-12 18:05:00,1.247675,1.24772,1.247675,1.24772
2017-10-12 18:06:00,1.247675,1.24772,1.247675,1.24772
2017-10-12 18:07:00,1.24762,1.247615,1.247605,1.247625
2017-10-12 18:08:00,1.24766,1.24766,1.24766,1.24766
2017-10-12 18:09:00,1.247705,1.247635,1.247635,1.24772
2017-10-12 18:10:00,1.247725,1.247705,1.247695,1.247735
2017-10-12 18:11:00,1.247755,1.247685,1.247685,1.247755
2017-10-12 18:12:00,1.24772,1.247785,1.24771,1.247785
2017-10-12 18:13:00,1.24772,1.247785,1.24771,1.247785
2017-10-12 18:14:00,1.247715,1.24766,1.247635,1.2478
2017-10-12 18:15:00,1.247765,1.24771,1.2477,1.247895
2017-10-12 18:16:00,1.24778,1.24777,1.24773,1.24793
2017-10-12 18:17:00,1.24776,1.247785,1.247755,1.2478
2017-10-12 18:18:00,1.247715,1.24776,1.2477,1.24776
2017-10-12 18:19:00,1.24771,1.24771,1.24771,1.24771
2017-10-12 18:20:00,1.247715,1.24771,1.247705,1.24772
2017-10-12 18:21:00,1.24759,1.247725,1.247575,1.247725
2017-10-12 18:22:00,1.247575,1.247585,1.24757,1.247585
2017-10-12 18:23:00,1.247575,1.24758,1.247555,1.24759
2017-10-12 18:24:00,1.24757,1.247575,1.247565,1.24759
2017-10-12 18:25:00,1.247575,1.24757,1.247555,1.247595
2017-10-12 18:26:00,1.247605,1.247585,1.247565,1.247605
2017-10-12 18:27:00,1.247595,1.24767,1.247595,1.247705
2017-10-12 18:28:00,1.24761,1.24762,1.2476,1.247665
2017-10-12 18:29:00,1.24757,1.247675,1.24755,1.24771
2017-10-12 18:30:00,1.24755,1.247565,1.247545,1.247585
2017-10-12 18:31:00,1.247555,1.24756,1.24752,1.247565
2017-10-12 18:32:00,1.247515,1.247555,1.247515,1.247555
2017-10-12 18:33:00,1.247535,1.247535,1.247535,1.247535
2017-10-12 18:34:00,1.247515,1.247475,1.247475,1.247515
2017-10-12 18:35:00,1.2474,1.24749,1.24739,1.24749
2017-10-12 18:36:00,1.247375,1.24739,1.247355,1.24742
2017-10-12 18:37:00,1.24739,1.24738,1.247375,1.247395
2017-10-12 18:38:00,1.24739,1.247375,1.247375,1.247405
2017-10-12 18:39:00,1.24741,1.24739,1.24739,1.247415
2017-10-12 18:40:00,1.24742,1.247395,1.247315,1.247425
2017-10-12 18:41:00,1.247385,1.24741,1.24738,1.24742
2017-10-12 18:42:00,1.24739,1.24739,1.247385,1.247395
2017-10-12 18:43:00,1.247385,1.24739,1.247385,1.247405
2017-10-12 18:44:00,1.2474,1.24739,1.24739,1.24741
2017-10-12 18:45:00,1.24733,1.247345,1.24733,1.247345
2017-10-12 18:46:00,1.247515,1.247335,1.247335,1.24753
2017-10-12 18:47:00,1.247505,1.2475,1.247455,1.247525
2017-10-12 18:48:00,1.247495,1.2475,1.24745,1.247505
2017-10-12 18:49:00,1.247485,1.24748,1.24747,1.247485
2017-10-12 18:50:00,1.24747,1.24747,1.24747,1.24747
2017-10-12 18:51:00,1.24736,1.247415,1.247315,1.247415
2017-10-12 18:52:00,1.247185,1.247335,1.247185,1.247335
2017-10-12 18:53:00,1.24716,1.247235,1.247155,1.247265
2017-10-12 18:54:00,1.247175,1.247155,1.247145,1.24719
2017-10-12 18:55:00,1.24717,1.24717,1.24717,1.24717
2017-10-12 18:56:00,1.24719,1.24716,1.24715,1.24719
2017-10-12 18:57:00,1.24726,1.247165,1.247165,1.247265
2017-10-12 18:58:00,1.247265,1.24726,1.24724,1.2473
2017-10-12 18:59:00,1.24722,1.24726,1.247195,1.24727
2017-10-12 19:00:00,1.24732,1.247285,1.24728,1.24732
2017-10-12 19:01:00,1.247425,1.24738,1.24737,1.247465
2017-10-12 19:02:00,1.247465,1.247435,1.24741,1.247475
2017-10-12 19:03:00,1.24737,1.247465,1.24737,1.247465
2017-10-12 19:04:00,1.24738,1.247375,1.247365,1.2474
2017-10-12 19:05:00,1.24756,1.24737,1.24737,1.24756
2017-10-12 19:06:00,1.24753,1.247505,1.24748,1.247545
2017-10-12 19:07:00,1.247465,1.247535,1.24741,1.24754
2017-10-12 19:08:00,1.24746,1.24746,1.247425,1.247475
2017-10-12 19:09:00,1.247635,1.247475,1.24747,1.247635
2017-10-12 19:10:00,1.247635,1.24763,1.247625,1.247645
2017-10-12 19:11:00,1.24764,1.24764,1.24764,1.247645
2017-10-12 19:12:00,1.24761,1.247645,1.247595,1.247645
2017-10-12 19:13:00,1.247605,1.24761,1.247595,1.247625
2017-10-12 19:14:00,1.247495,1.24761,1.24749,1.24761
2017-10-12 19:15:00,1.247335,1.2475,1.247335,1.2475
2017-10-12 19:16:00,1.247375,1.24733,1.24733,1.247385
2017-10-12 19:17:00,1.24734,1.24737,1.24731,1.247375
2017-10-12 19:18:00,1.24733,1.247335,1.24733,1.24734
2017-10-12 19:19:00,1.24722,1.247275,1.247215,1.247275
2017-10-12 19:20:00,1.24716,1.24717,1.247135,1.247175
2017-10-12 19:21:00,1.24713,1.24715,1.24713,1.247165
2017-10-12 19:22:00,1.24711,1.247145,1.2471,1.247175
2017-10-12 19:23:00,1.2471,1.24712,1.247095,1.24714
2017-10-12 19:24:00,1.247145,1.2471,1.2471,1.24716
2017-10-12 19:25:00,1.24724,1.24717,1.24717,1.24725
2017-10-12 19:26:00,1.2472,1.247245,1.247195,1.24725
2017-10-12 19:27:00,1.24714,1.247205,1.24714,1.247205
2017-10-12 19:28:00,1.24705,1.24708,1.24705,1.24708
2017-10-12 19:29:00,1.24706,1.24705,1.24705,1.24707
2017-10-12 19:30:00,1.24703,1.24704,1.247025,1.24704
2017-10-12 19:31:00,1.24715,1.24703,1.247025,1.247155
2017-10-12 19:32:00,1.247125,1.24716,1.247125,1.24716
2017-10-12 19:33:00,1.247095,1.247115,1.247025,1.24712
2017-10-12 19:34:00,1.247095,1.247115,1.247025,1.24712
2017-10-12 19:35:00,1.2472,1.247085,1.247085,1.24721
2017-10-12 19:36:00,1.247285,1.24719,1.24717,1.247285
2017-10-12 19:37:00,1.24741,1.24733,1.24733,1.24742
2017-10-12 19:38:00,1.24742,1.24742,1.247405,1.247485
2017-10-12 19:39:00,1.247335,1.24737,1.247335,1.24737
2017-10-12 19:40:00,1.24735,1.24735,1.24735,1.24735
2017-10-12 19:41:00,1.247425,1.247345,1.24734,1.24743
2017-10-12 19:42:00,1.24745,1.24742,1.24742,1.24748
2017-10-12 19:43:00,1.247455,1.24745,1.24745,1.247455
2017-10-12 19:44:00,1.24758,1.247465,1.247465,1.247585
2017-10-12 19:45:00,1.24758,1.24759,1.24757,1.2476
2017-10-12 19:46:00,1.247895,1.247595,1.247585,1.247905
2017-10-12 19:47:00,1.24804,1.247885,1.247885,1.248075
2017-10-12 19:48:00,1.24802,1.24802,1.247875,1.248055
2017-10-12 19:49:00,1.24783,1.247995,1.24783,1.247995
2017-10-12 19:50:00,1.247845,1.247835,1.24782,1.24787
2017-10-12 19:51:00,1.247935,1.24784,1.247825,1.247935
2017-10-12 19:52:00,1.247935,1.247915,1.24789,1.247995
2017-10-12 19:53:00,1.24791,1.24794,1.247905,1.247975
2017-10-12 19:54:00,1.24781,1.247905,1.24781,1.24792
2017-10-12 19:55:00,1.24781,1.247825,1.24781,1.247825
2017-10-12 19:56:00,1.2478,1.247815,1.24779,1.247815
2017-10-12 19:57:00,1.24781,1.2478,1.247795,1.24785
2017-10-12 19:58:00,1.24772,1.24777,1.24772,1.24777
2017-10-12 19:59:00,1.247665,1.24772,1.247645,1.24772
2017-10-12 20:00:00,1.24764,1.24766,1.24762,1.24766
2017-10-12 20:01:00,1.247585,1.247635,1.247495,1.247665
2017-10-12 20:02:00,1.24758,1.24758,1.24755,1.24761
2017-10-12 20:03:00,1.247505,1.247575,1.247505,1.24759
2017-10-12 20:04:00,1.24763,1.24751,1.24745,1.24763
2017-10-12 20:05:00,1.24793,1.24766,1.24766,1.24798
2017-10-12 20:06:00,1.24802,1.247955,1.247955,1.24802
2017-10-12 20:07:00,1.248015,1.24807,1.248005,1.248085
2017-10-12 20:08:00,1.24794,1.24803,1.247925,1.24803
2017-10-12 20:09:00,1.248265,1.24797,1.24797,1.248265
2017-10-12 20:10:00,1.24812,1.248315,1.248105,1.248315
2017-10-12 20:11:00,1.24811,1.24811,1.248025,1.248175
2017-10-12 20:12:00,1.2482,1.24816,1.24812,1.248215
2017-10-12 20:13:00,1.24808,1.2482,1.24808,1.2482
2017-10-12 20:14:00,1.248105,1.24813,1.24809,1.248165
2017-10-12 20:15:00,1.24792,1.24811,1.24787,1.24811
2017-10-12 20:16:00,1.24795,1.2479,1.24785,1.24801
2017-10-12 20:17:00,1.24799,1.24795,1.247835,1.24799
2017-10-12 20:18:00,1.24797,1.247985,1.24796,1.247995
2017-10-12 20:19:00,1.247945,1.247975,1.247925,1.248085
2017-10-12 20:20:00,1.248015,1.24794,1.24793,1.24802
2017-10-12 20:21:00,1.247855,1.248035,1.247845,1.248035
2017-10-12 20:22:00,1.2479,1.24786,1.24784,1.2479
2017-10-12 20:23:00,1.2479,1.24786,1.24784,1.2479
2017-10-12 20:24:00,1.24783,1.24785,1.24783,1.247855
2017-10-12 20:25:00,1.247775,1.247825,1.247745,1.247825
2017-10-12 20:26:00,1.24773,1.247825,1.247615,1.24784
2017-10-12 20:27:00,1.247765,1.24772,1.24771,1.2478
2017-10-12 20:28:00,1.247705,1.24778,1.247685,1.24778
2017-10-12 20:29:00,1.24764,1.247705,1.24762,1.247705
2017-10-12 20:30:00,1.247635,1.247635,1.24763,1.24764
2017-10-12 20:31:00,1.247585,1.24764,1.247585,1.247645
2017-10-12 20:32:00,1.24754,1.24753,1.24751,1.24766
2017-10-12 20:33:00,1.247615,1.24757,1.24755,1.247625
2017-10-12 20:34:00,1.24761,1.247615,1.247595,1.24764
2017-10-12 20:35:00,1.24758,1.247615,1.24758,1.247625
2017-10-12 20:36:00,1.247605,1.24756,1.24751,1.247605
2017-10-12 20:37:00,1.247445,1.247555,1.247445,1.24756
2017-10-12 20:38:00,1.247235,1.24742,1.247235,1.24743
2017-10-12 20:39:00,1.24735,1.247285,1.24712,1.247385
2017-10-12 20:40:00,1.24718,1.247345,1.247125,1.24736
2017-10-12 20:41:00,1.24718,1.247345,1.247125,1.24736
2017-10-12 20:42:00,1.247285,1.247235,1.247235,1.247285
2017-10-12 20:43:00,1.2472,1.247345,1.247195,1.247365
2017-10-12 20:44:00,1.24742,1.247215,1.24721,1.24742
2017-10-12 20:45:00,1.247505,1.24744,1.247385,1.247535
2017-10-12 20:46:00,1.247445,1.24752,1.247315,1.24752
2017-10-12 20:47:00,1.247455,1.247445,1.24743,1.247475
2017-10-12 20:48:00,1.247435,1.247435,1.2474,1.24745
2017-10-12 20:49:00,1.247285,1.24743,1.247285,1.24743
2017-10-12 20:50:00,1.247235,1.247295,1.24722,1.24733
2017-10-12 20:51:00,1.247205,1.247215,1.2472,1.24728
2017-10-12 20:52:00,1.247145,1.24721,1.24711,1.24722
2017-10-12 20:53:00,1.247245,1.247145,1.247145,1.247265
2017-10-12 20:54:00,1.24725,1.24724,1.24723,1.24727
2017-10-12 20:55:00,1.247015,1.247275,1.247015,1.247275
2017-10-12 20:56:00,1.247225,1.24696,1.24696,1.247225
2017-10-12 20:57:00,1.24726,1.24721,1.24714,1.24726
2017-10-12 20:58:00,1.247265,1.24723,1.247165,1.247305
2017-10-12 20:59:00,1.24706,1.24726,1.24706,1.24726
2017-10-12 21:00:00,1.246865,1.247055,1.246855,1.247165
2017-10-12 21:01:00,1.24684,1.24687,1.2468,1.246925
2017-10-12 21:02:00,1.246635,1.246815,1.246635,1.246815
2017-10-12 21:03:00,1.24684,1.2466,1.2466,1.24687
2017-10-12 21:04:00,1.24682,1.24685,1.24682,1.246865
2017-10-12 21:05:00,1.246925,1.24684,1.24684,1.24698
2017-10-12 21:06:00,1.247025,1.246905,1.246895,1.247035
2017-10-12 21:07:00,1.246995,1.24702,1.24696,1.247035
2017-10-12 21:08:00,1.246745,1.247,1.246745,1.247
2017-10-12 21:09:00,1.246885,1.24673,1.24673,1.246885
2017-10-12 21:10:00,1.24692,1.24694,1.246915,1.246975
2017-10-12 21:11:00,1.246895,1.24691,1.24689,1.24691
2017-10-12 21:12:00,1.246885,1.2469,1.246885,1.246905
2017-10-12 21:13:00,1.246675,1.246855,1.246665,1.24686
2017-10-12 21:14:00,1.246675,1.246675,1.24666,1.24674
2017-10-12 21:15:00,1.24668,1.24665,1.246615,1.246775
2017-10-12 21:16:00,1.246655,1.24663,1.24659,1.2467
2017-10-12 21:17:00,1.246735,1.24666,1.24666,1.24675
2017-10-12 21:18:00,1.24696,1.24676,1.246715,1.24701
2017-10-12 21:19:00,1.24696,1.24696,1.246865,1.247005
2017-10-12 21:20:00,1.24693,1.246955,1.246885,1.246975
2017-10-12 21:21:00,1.24695,1.24692,1.2469,1.24702
2017-10-12 21:22:00,1.246955,1.246955,1.246935,1.246965
2017-10-12 21:23:00,1.247095,1.24701,1.247005,1.247185
2017-10-12 21:24:00,1.247025,1.24711,1.24702,1.247115
2017-10-12 21:25:00,1.247025,1.24711,1.24702,1.247115
2017-10-12 21:26:00,1.24708,1.24708,1.24708,1.24708
2017-10-12 21:27:00,1.247135,1.247075,1.24706,1.247135
2017-10-12 21:28:00,1.24735,1.24716,1.24715,1.24736
2017-10-12 21:29:00,1.247225,1.24735,1.247225,1.24735
2017-10-12 21:30:00,1.2473,1.24728,1.247165,1.247415
2017-10-12 21:31:00,1.24725,1.247305,1.24725,1.247385
2017-10-12 21:32:00,1.247435,1.24728,1.24728,1.24745
2017-10-12 21:33:00,1.2473,1.24745,1.2473,1.24745
2017-10-12 21:34:00,1.24722,1.24728,1.247215,1.24729
2017-10-12 21:35:00,1.247115,1.24723,1.247105,1.24723
2017-10-12 21:36:00,1.24711,1.24712,1.247105,1.247135
2017-10-12 21:37:00,1.24712,1.24713,1.24708,1.247135
2017-10-12 21:38:00,1.24709,1.247115,1.24709,1.24713
2017-10-12 21:39:00,1.247005,1.24707,1.246985,1.247075
2017-10-12 21:40:00,1.246985,1.246955,1.246955,1.24704
2017-10-12 21:41:00,1.24699,1.246965,1.246965,1.247005
2017-10-12 21:42:00,1.247075,1.24697,1.24688,1.24711
2017-10-12 21:43:00,1.247095,1.247085,1.247035,1.247095
2017-10-12 21:44:00,1.247105,1.24707,1.24707,1.247125
2017-10-12 21:45:00,1.24703,1.2471,1.247005,1.2471
2017-10-12 21:46:00,1.246995,1.24702,1.246935,1.24703
2017-10-12 21:47:00,1.246965,1.247,1.24696,1.247
2017-10-12 21:48:00,1.24699,1.24697,1.246935,1.247
2017-10-12 21:49:00,1.246915,1.246995,1.246915,1.247005
2017-10-12 21:50:00,1.24671,1.246865,1.246705,1.24687
2017-10-12 21:51:00,1.24665,1.246705,1.24665,1.246735
2017-10-12 21:52:00,1.24664,1.246625,1.246625,1.24672
2017-10-12 21:53:00,1.24658,1.246635,1.24657,1.246665
2017-10-12 21:54:00,1.24663,1.246585,1.246585,1.246645
2017-10-12 21:55:00,1.246755,1.24661,1.246605,1.24677
2017-10-12 21:56:00,1.246695,1.24676,1.246695,1.246765
2017-10-12 21:57:00,1.24674,1.24672,1.24672,1.24674
2017-10-12 21:58:00,1.24674,1.24672,1.24672,1.24674
2017-10-12 21:59:00,1.246765,1.246765,1.246765,1.246765
2017-10-12 22:00:00,1.2467,1.246785,1.246685,1.246805
2017-10-12 22:01:00,1.246825,1.24676,1.24676,1.24694
2017-10-12 22:02:00,1.24683,1.246845,1.246825,1.24689
2017-10-12 22:03:00,1.24674,1.246835,1.24674,1.246855
2017-10-12 22:04:00,1.246745,1.24672,1.24672,1.246785
2017-10-12 22:05:00,1.246825,1.246755,1.246745,1.24687
2017-10-12 22:06:00,1.24701,1.24682,1.246815,1.24701
2017-10-12 22:07:00,1.246905,1.247005,1.246905,1.24702
2017-10-12 22:08:00,1.24681,1.246885,1.24681,1.246885
2017-10-12 22:09:00,1.24683,1.24679,1.246775,1.246875
2017-10-12 22:10:00,1.24662,1.246815,1.246615,1.246825
2017-10-12 22:11:00,1.24669,1.246625,1.24662,1.246705
2017-10-12 22:12:00,1.24665,1.24667,1.24665,1.24667
2017-10-12 22:13:00,1.246625,1.24662,1.246595,1.246645
2017-10-12 22:14:00,1.246675,1.2466,1.2466,1.246685
2017-10-12 22:15:00,1.246665,1.24668,1.24666,1.246685
2017-10-12 22:16:00,1.24662,1.246665,1.246615,1.24667
2017-10-12 22:17:00,1.246615,1.246625,1.24661,1.24663
2017-10-12 22:18:00,1.24661,1.246615,1.246565,1.246625
2017-10-12 22:19:00,1.246635,1.24666,1.24663,1.24666
2017-10-12 22:20:00,1.246505,1.24664,1.246495,1.24664
2017-10-12 22:21:00,1.24643,1.246505,1.24643,1.24659
2017-10-12 22:22:00,1.246465,1.24646,1.246395,1.246525
2017-10-12 22:23:00,1.246505,1.24645,1.24633,1.24656
2017-10-12 22:24:00,1.246555,1.246515,1.24649,1.24656
2017-10-12 22:25:00,1.24654,1.246545,1.246535,1.246585
2017-10-12 22:26:00,1.246595,1.246515,1.246515,1.246605
2017-10-12 22:27:00,1.24654,1.246595,1.246525,1.246605
2017-10-12 22:28:00,1.246615,1.24656,1.24656,1.24669
2017-10-12 22:29:00,1.24657,1.24662,1.246565,1.24663
2017-10-12 22:30:00,1.2467,1.24656,1.24656,1.246705
2017-10-12 22:31:00,1.246545,1.246695,1.246545,1.24671
2017-10-12 22:32:00,1.246525,1.246535,1.246505,1.246555
2017-10-12 22:33:00,1.246545,1.24658,1.24654,1.24658
2017-10-12 22:34:00,1.246525,1.24655,1.246525,1.24657
2017-10-12 22:35:00,1.246485,1.246475,1.24639,1.2465
2017-10-12 22:36:00,1.246525,1.24648,1.246435,1.24656
2017-10-12 22:37:00,1.246565,1.246465,1.246435,1.24657
2017-10-12 22:38:00,1.24661,1.24656,1.24656,1.24661
2017-10-12 22:39:00,1.24654,1.24663,1.246535,1.24663
2017-10-12 22:40:00,1.24655,1.24657,1.24655,1.24657
2017-10-12 22:41:00,1.246495,1.24653,1.246495,1.246575
2017-10-12 22:42:00,1.24659,1.24652,1.24652,1.246595
2017-10-12 22:43:00,1.246615,1.246605,1.246575,1.246615
2017-10-12 22:44:00,1.24657,1.2466,1.24657,1.246615
2017-10-12 22:45:00,1.24661,1.246625,1.2466,1.24663
2017-10-12 22:46:00,1.24662,1.2466,1.24659,1.24662
2017-10-12 22:47:00,1.24655,1.246605,1.24655,1.246605
2017-10-12 22:48:00,1.246595,1.246555,1.24654,1.2466
2017-10-12 22:49:00,1.24657,1.2466,1.246565,1.24661
2017-10-12 22:50:00,1.24657,1.24657,1.246555,1.246585
2017-10-12 22:51:00,1.246535,1.24657,1.246535,1.24659
2017-10-12 22:52:00,1.24654,1.24656,1.2465,1.24656
2017-10-12 22:53:00,1.24656,1.246545,1.246545,1.24659
2017-10-12 22:54:00,1.246675,1.24659,1.24659,1.24669
2017-10-12 22:55:00,1.24669,1.246665,1.24666,1.246695
2017-10-12 22:56:00,1.2467,1.246685,1.246655,1.24673
2017-10-12 22:57:00,1.24671,1.246705,1.2467,1.246715
2017-10-12 22:58:00,1.24671,1.246705,1.2467,1.246715
2017-10-12 22:59:00,1.246685,1.246685,1.246685,1.24681
2017-10-12 23:00:00,1.24679,1.246735,1.246735,1.246805
2017-10-12 23:01:00,1.246875,1.246795,1.246775,1.246875
2017-10-12 23:02:00,1.24693,1.246865,1.24686,1.246965
2017-10-12 23:03:00,1.24693,1.246935,1.2469,1.24694
2017-10-12 23:04:00,1.24693,1.246935,1.2469,1.24694
2017-10-12 23:05:00,1.24683,1.24689,1.24682,1.24689
2017-10-12 23:06:00,1.24687,1.246835,1.246815,1.24687
2017-10-12 23:07:00,1.246825,1.246875,1.246825,1.24689
2017-10-12 23:08:00,1.246935,1.24682,1.24682,1.246945
2017-10-12 23:09:00,1.246915,1.24693,1.24691,1.246945
2017-10-12 23:10:00,1.246995,1.24693,1.246925,1.247015
2017-10-12 23:11:00,1.24705,1.24702,1.24702,1.24718
2017-10-12 23:12:00,1.24696,1.247045,1.24696,1.247175
2017-10-12 23:13:00,1.246885,1.24696,1.246885,1.247
2017-10-12 23:14:00,1.24682,1.246885,1.246765,1.246885
2017-10-12 23:15:00,1.24686,1.24682,1.246815,1.24686
2017-10-12 23:16:00,1.24689,1.24683,1.24683,1.24689
2017-10-12 23:17:00,1.246925,1.24689,1.24689,1.24693
2017-10-12 23:18:00,1.246915,1.24698,1.24691,1.246995
2017-10-12 23:19:00,1.246875,1.246935,1.246855,1.246945
2017-10-12 23:20:00,1.24691,1.24687,1.24686,1.24691
2017-10-12 23:21:00,1.24689,1.24689,1.24687,1.24689
2017-10-12 23:22:00,1.246865,1.24684,1.24684,1.246865
2017-10-12 23:23:00,1.24691,1.246925,1.246905,1.246945
2017-10-12 23:24:00,1.24691,1.24692,1.24691,1.246925
2017-10-12 23:25:00,1.2469,1.246925,1.246885,1.246935
2017-10-12 23:26:00,1.246875,1.24689,1.246875,1.24689
2017-10-12 23:27:00,1.246875,1.24689,1.246875,1.24689
2017-10-12 23:28:00,1.24685,1.2469,1.24685,1.2469
2017-10-12 23:29:00,1.246825,1.24684,1.246825,1.246855
2017-10-12 23:30:00,1.24685,1.24684,1.24684,1.24685
2017-10-12 23:31:00,1.24677,1.246795,1.246725,1.246795
2017-10-12 23:32:00,1.24679,1.246765,1.246765,1.24679
2017-10-12 23:33:00,1.24678,1.24678,1.24678,1.24678
2017-10-12 23:34:00,1.24679,1.246775,1.24677,1.246795
2017-10-12 23:35:00,1.246775,1.246795,1.24677,1.246795
2017-10-12 23:36:00,1.246745,1.246755,1.246745,1.24677
2017-10-12 23:37:00,1.24676,1.24674,1.24673,1.246795
2017-10-12 23:38:00,1.246765,1.246765,1.246745,1.246785
2017-10-12 23:39:00,1.246755,1.24676,1.246755,1.246765
2017-10-12 23:40:00,1.24677,1.24676,1.24675,1.246775
2017-10-12 23:41:00,1.24677,1.24676,1.24675,1.246775
2017-10-12 23:42:00,1.24677,1.24676,1.24675,1.246775
2017-10-12 23:43:00,1.246775,1.2468,1.246775,1.2468
2017-10-12 23:44:00,1.246775,1.2468,1.246775,1.2468
2017-10-12 23:45:00,1.246815,1.246825,1.246805,1.246835
2017-10-12 23:46:00,1.246815,1.246825,1.246805,1.246835
2017-10-12 23:47:00,1.24691,1.24687,1.24687,1.246945
2017-10-12 23:48:00,1.246865,1.24686,1.24685,1.24689
2017-10-12 23:49:00,1.24687,1.24688,1.24687,1.24689
2017-10-12 23:50:00,1.24685,1.246865,1.246845,1.246865
2017-10-12 23:51:00,1.246855,1.246855,1.24685,1.246865
2017-10-12 23:52:00,1.246855,1.246855,1.24685,1.246865
2017-10-12 23:53:00,1.246865,1.24685,1.246835,1.24687
2017-10-12 23:54:00,1.24687,1.24688,1.24687,1.246885
2017-10-12 23:55:00,1.24699,1.24687,1.246865,1.246995
2017-10-12 23:56:00,1.24699,1.246995,1.24698,1.247005
2017-10-12 23:57:00,1.24698,1.24698,1.246975,1.246985
2017-10-12 23:58:00,1.24692,1.24692,1.24692,1.24692
2017-10-12 23:59:00,1.247005,1.24686,1.24686,1.247005
2017-10-13 00:00:00,1.246955,1.24698,1.24688,1.24698
2017-10-13 00:01:00,1.246855,1.246945,1.24685,1.246945
2017-10-13 00:02:00,1.24686,1.246855,1.24685,1.246885
2017-10-13 00:03:00,1.24685,1.246855,1.246845,1.24686
2017-10-13 00:04:00,1.24685,1.24684,1.24684,1.246875
2017-10-13 00:05:00,1.24685,1.246825,1.246775,1.24685
2017-10-13 00:06:00,1.246885,1.24686,1.24683,1.246885
2017-10-13 00:07:00,1.246925,1.246935,1.24691,1.24695
2017-10-13 00:08:00,1.247005,1.24692,1.24692,1.247005
2017-10-13 00:09:00,1.24703,1.246995,1.24699,1.24703
2017-10-13 00:10:00,1.246965,1.247005,1.246965,1.247015
2017-10-13 00:11:00,1.24694,1.247015,1.24692,1.247015
2017-10-13 00:12:00,1.246905,1.246935,1.246905,1.24694
2017-10-13 00:13:00,1.246905,1.246935,1.246905,1.24694
2017-10-13 00:14:00,1.24691,1.24692,1.246895,1.24692
2017-10-13 00:15:00,1.24689,1.24692,1.24689,1.246925
2017-10-13 00:16:00,1.24689,1.24692,1.24689,1.246925
2017-10-13 00:17:00,1.246825,1.24684,1.246815,1.24684
2017-10-13 00:18:00,1.24693,1.24682,1.24682,1.24693
2017-10-13 00:19:00,1.246925,1.246935,1.246925,1.24694
2017-10-13 00:20:00,1.24692,1.24692,1.246905,1.246925
2017-10-13 00:21:00,1.24693,1.246925,1.246925,1.24693
2017-10-13 00:22:00,1.246925,1.246925,1.246915,1.246935
2017-10-13 00:23:00,1.246945,1.24692,1.2469,1.246945
2017-10-13 00:24:00,1.246895,1.24694,1.24689,1.246945
2017-10-13 00:25:00,1.24691,1.2469,1.246885,1.24691
2017-10-13 00:26:00,1.24691,1.2469,1.246885,1.24691
2017-10-13 00:27:00,1.24691,1.2469,1.246885,1.24691
2017-10-13 00:28:00,1.24691,1.2469,1.246885,1.24691
2017-10-13 00:29:00,1.24691,1.2469,1.246885,1.24691
2017-10-13 00:30:00,1.24681,1.246915,1.24681,1.24692
2017-10-13 00:31:00,1.246715,1.24682,1.246715,1.24682
2017-10-13 00:32:00,1.246645,1.24666,1.246635,1.24667
2017-10-13 00:33:00,1.246655,1.24664,1.24663,1.24666
2017-10-13 00:34:00,1.24666,1.24665,1.24665,1.246665
2017-10-13 00:35:00,1.24665,1.246655,1.24665,1.246675
2017-10-13 00:36:00,1.246665,1.246635,1.246635,1.246675
2017-10-13 00:37:00,1.246665,1.246635,1.246635,1.246675
2017-10-13 00:38:00,1.246685,1.246655,1.24665,1.246685
2017-10-13 00:39:00,1.24665,1.24668,1.24665,1.24669
2017-10-13 00:40:00,1.24667,1.246665,1.246655,1.24669
2017-10-13 00:41:00,1.246655,1.246665,1.24665,1.246665
2017-10-13 00:42:00,1.24667,1.246675,1.246655,1.24668
2017-10-13 00:43:00,1.24665,1.246665,1.24665,1.24667
2017-10-13 00:44:00,1.24665,1.246665,1.24665,1.24667
2017-10-13 00:45:00,1.24668,1.24664,1.24657,1.246695
2017-10-13 00:46:00,1.246725,1.24673,1.24671,1.246745
2017-10-13 00:47:00,1.246745,1.24672,1.24672,1.246785
2017-10-13 00:48:00,1.246745,1.24672,1.24672,1.246785
2017-10-13 00:49:00,1.24662,1.24677,1.24657,1.24677
2017-10-13 00:50:00,1.24662,1.24677,1.24657,1.24677
2017-10-13 00:51:00,1.24682,1.24668,1.24668,1.24684
2017-10-13 00:52:00,1.246805,1.246835,1.2468,1.246835
2017-10-13 00:53:00,1.24681,1.2468,1.2468,1.246815
2017-10-13 00:54:00,1.24671,1.246815,1.24671,1.246815
2017-10-13 00:55:00,1.24672,1.24672,1.246705,1.24673
2017-10-13 00:56:00,1.246725,1.246725,1.246705,1.246735
2017-10-13 00:57:00,1.24672,1.246715,1.24665,1.24672
2017-10-13 00:58:00,1.24677,1.246775,1.24676,1.24679
2017-10-13 00:59:00,1.246775,1.24677,1.24676,1.24678
2017-10-13 01:00:00,1.246745,1.246755,1.24674,1.24676
2017-10-13 01:01:00,1.246705,1.246745,1.24666,1.246745
2017-10-13 01:02:00,1.246705,1.246745,1.24666,1.246745
2017-10-13 01:03:00,1.246705,1.246745,1.24666,1.246745
2017-10-13 01:04:00,1.24672,1.246725,1.24672,1.246725
2017-10-13 01:05:00,1.246715,1.24672,1.246715,1.24672
2017-10-13 01:06:00,1.246705,1.246705,1.246705,1.246705
2017-10-13 01:07:00,1.24657,1.246705,1.246545,1.246705
2017-10-13 01:08:00,1.246525,1.24653,1.2465,1.24654
2017-10-13 01:09:00,1.246525,1.246525,1.24651,1.24653
2017-10-13 01:10:00,1.24653,1.246525,1.24651,1.246545
2017-10-13 01:11:00,1.24653,1.24653,1.246515,1.24654
2017-10-13 01:12:00,1.246535,1.246535,1.246515,1.24654
2017-10-13 01:13:00,1.246525,1.24653,1.24651,1.246535
2017-10-13 01:14:00,1.24653,1.24652,1.24652,1.246535
2017-10-13 01:15:00,1.24653,1.246535,1.246525,1.246545
2017-10-13 01:16:00,1.246515,1.246535,1.246515,1.246535
2017-10-13 01:17:00,1.246535,1.246515,1.246505,1.24654
2017-10-13 01:18:00,1.24645,1.24652,1.24645,1.246525
2017-10-13 01:19:00,1.246565,1.2465,1.2465,1.246575
2017-10-13 01:20:00,1.246565,1.24656,1.246555,1.24658
2017-10-13 01:21:00,1.246505,1.246585,1.246505,1.24662
2017-10-13 01:22:00,1.24648,1.2465,1.24648,1.24651
2017-10-13 01:23:00,1.24649,1.246485,1.246465,1.2465
2017-10-13 01:24:00,1.24646,1.24646,1.24646,1.24646
2017-10-13 01:25:00,1.246445,1.24648,1.246445,1.2465
2017-10-13 01:26:00,1.246465,1.24643,1.246425,1.246465
2017-10-13 01:27:00,1.246465,1.24643,1.246425,1.246465
2017-10-13 01:28:00,1.246395,1.24644,1.246345,1.24644
2017-10-13 01:29:00,1.24642,1.2464,1.2464,1.24646
2017-10-13 01:30:00,1.246335,1.24638,1.246335,1.246435
2017-10-13 01:31:00,1.246345,1.24635,1.246345,1.24635
2017-10-13 01:32:00,1.246585,1.246355,1.24635,1.24663
2017-10-13 01:33:00,1.24652,1.246595,1.24652,1.246595
2017-10-13 01:34:00,1.246555,1.24653,1.246475,1.246565
2017-10-13 01:35:00,1.24634,1.2465,1.24633,1.2465
2017-10-13 01:36:00,1.246395,1.24636,1.246355,1.246395
2017-10-13 01:37:00,1.246385,1.24639,1.246365,1.246405
2017-10-13 01:38:00,1.24639,1.24639,1.246385,1.246395
2017-10-13 01:39:00,1.246295,1.246385,1.24628,1.24639
2017-10-13 01:40:00,1.246415,1.24629,1.24626,1.24644
2017-10-13 01:41:00,1.246375,1.246385,1.246335,1.246385
2017-10-13 01:42:00,1.24635,1.246325,1.246325,1.24635
2017-10-13 01:43:00,1.24634,1.24638,1.24631,1.24638
2017-10-13 01:44:00,1.246295,1.246355,1.246295,1.246355
2017-10-13 01:45:00,1.246295,1.24625,1.246235,1.2463
2017-10-13 01:46:00,1.24629,1.24629,1.246285,1.2463
2017-10-13 01:47:00,1.246485,1.246295,1.246295,1.246495
2017-10-13 01:48:00,1.24639,1.24649,1.24638,1.246515
2017-10-13 01:49:00,1.246385,1.246395,1.246385,1.246415
2017-10-13 01:50:00,1.24635,1.246395,1.24635,1.2464
2017-10-13 01:51:00,1.246435,1.246355,1.246355,1.246455
2017-10-13 01:52:00,1.246275,1.24643,1.246275,1.24643
2017-10-13 01:53:00,1.246305,1.24628,1.246275,1.24631
2017-10-13 01:54:00,1.2463,1.246305,1.2463,1.246305
2017-10-13 01:55:00,1.24627,1.246285,1.24627,1.246295
2017-10-13 01:56:00,1.24626,1.24626,1.246175,1.24627
2017-10-13 01:57:00,1.246315,1.24626,1.24625,1.246315
2017-10-13 01:58:00,1.246345,1.246305,1.246295,1.24638
2017-10-13 01:59:00,1.24637,1.24635,1.24635,1.24638
2017-10-13 02:00:00,1.246375,1.246375,1.24637,1.24639
2017-10-13 02:01:00,1.246485,1.24638,1.246375,1.246515
2017-10-13 02:02:00,1.246515,1.24649,1.24648,1.24655
2017-10-13 02:03:00,1.246445,1.246515,1.246435,1.24652
2017-10-13 02:04:00,1.24652,1.24643,1.24643,1.24654
2017-10-13 02:05:00,1.246605,1.246575,1.246545,1.24664
2017-10-13 02:06:00,1.246675,1.24661,1.24661,1.246675
2017-10-13 02:07:00,1.24693,1.24673,1.24673,1.247
2017-10-13 02:08:00,1.24694,1.24695,1.24694,1.247005
2017-10-13 02:09:00,1.246875,1.24691,1.246875,1.247035
2017-10-13 02:10:00,1.246985,1.24688,1.246875,1.246985
2017-10-13 02:11:00,1.246915,1.246935,1.24681,1.247095
2017-10-13 02:12:00,1.24687,1.24692,1.24687,1.24699
2017-10-13 02:13:00,1.246725,1.24687,1.24669,1.24687
2017-10-13 02:14:00,1.24685,1.24675,1.24675,1.24685
2017-10-13 02:15:00,1.24679,1.24682,1.24674,1.24682
2017-10-13 02:16:00,1.246695,1.246795,1.246695,1.246825
2017-10-13 02:17:00,1.24648,1.2467,1.246415,1.246755
2017-10-13 02:18:00,1.246465,1.246475,1.24645,1.24656
2017-10-13 02:19:00,1.246485,1.246425,1.2464,1.246525
2017-10-13 02:20:00,1.246395,1.246475,1.246325,1.246475
2017-10-13 02:21:00,1.24651,1.2464,1.2464,1.24653
2017-10-13 02:22:00,1.24665,1.246535,1.2465,1.246715
2017-10-13 02:23:00,1.24656,1.24662,1.246395,1.24662
2017-10-13 02:24:00,1.246425,1.246545,1.246425,1.246615
2017-10-13 02:25:00,1.24648,1.246415,1.24641,1.246485
2017-10-13 02:26:00,1.24635,1.24643,1.24635,1.246435
2017-10-13 02:27:00,1.24638,1.24634,1.246335,1.24641
2017-10-13 02:28:00,1.24642,1.24638,1.24636,1.246445
2017-10-13 02:29:00,1.246335,1.24641,1.24633,1.246445
2017-10-13 02:30:00,1.246255,1.246335,1.246235,1.246335
2017-10-13 02:31:00,1.24626,1.246205,1.246095,1.246265
2017-10-13 02:32:00,1.246395,1.246265,1.246235,1.24647
2017-10-13 02:33:00,1.24619,1.246415,1.24619,1.246415
2017-10-13 02:34:00,1.24624,1.24617,1.24617,1.24624
2017-10-13 02:35:00,1.24588,1.246235,1.24588,1.24625
2017-10-13 02:36:00,1.245865,1.24583,1.2458,1.245925
2017-10-13 02:37:00,1.24604,1.24581,1.245795,1.24604
2017-10-13 02:38:00,1.24598,1.246025,1.245925,1.246075
2017-10-13 02:39:00,1.24608,1.245985,1.24598,1.246095
2017-10-13 02:40:00,1.245865,1.24603,1.245845,1.246035
2017-10-13 02:41:00,1.24604,1.245895,1.245865,1.24604
2017-10-13 02:42:00,1.24608,1.24606,1.246005,1.246105
2017-10-13 02:43:00,1.246175,1.246085,1.246085,1.24623
2017-10-13 02:44:00,1.24623,1.246155,1.24615,1.246235
2017-10-13 02:45:00,1.246055,1.246175,1.24605,1.24623
2017-10-13 02:46:00,1.24623,1.24611,1.24605,1.24623
2017-10-13 02:47:00,1.246295,1.246235,1.24618,1.2463
2017-10-13 02:48:00,1.246105,1.24629,1.246075,1.24629
2017-10-13 02:49:00,1.24609,1.24611,1.24608,1.246155
2017-10-13 02:50:00,1.24612,1.246095,1.246045,1.246205
2017-10-13 02:51:00,1.246095,1.24614,1.24606,1.24621
2017-10-13 02:52:00,1.24603,1.24609,1.245955,1.246195
2017-10-13 02:53:00,1.24595,1.245975,1.24593,1.24603
2017-10-13 02:54:00,1.245875,1.245955,1.24586,1.246005
2017-10-13 02:55:00,1.24608,1.24588,1.24588,1.246085
2017-10-13 02:56:00,1.246245,1.246075,1.24603,1.246245
2017-10-13 02:57:00,1.24645,1.246195,1.246185,1.24645
2017-10-13 02:58:00,1.24642,1.24648,1.24634,1.246505
2017-10-13 02:59:00,1.24644,1.24637,1.24636,1.246545
2017-10-13 03:00:00,1.24645,1.24643,1.246415,1.246555
2017-10-13 03:01:00,1.246645,1.24645,1.24634,1.24666
2017-10-13 03:02:00,1.246515,1.246625,1.246515,1.246755
2017-10-13 03:03:00,1.24659,1.24652,1.246485,1.24663
2017-10-13 03:04:00,1.24648,1.24657,1.246475,1.24659
2017-10-13 03:05:00,1.24617,1.2465,1.246155,1.24651
2017-10-13 03:06:00,1.24628,1.246115,1.246085,1.246405
2017-10-13 03:07:00,1.24625,1.246285,1.246175,1.24641
2017-10-13 03:08:00,1.24592,1.246255,1.24589,1.246315
2017-10-13 03:09:00,1.24587,1.24594,1.245865,1.245945
2017-10-13 03:10:00,1.2456,1.24587,1.245595,1.24592
2017-10-13 03:11:00,1.245685,1.24558,1.245435,1.24571
2017-10-13 03:12:00,1.24551,1.24569,1.245485,1.24571
2017-10-13 03:13:00,1.24558,1.245455,1.245455,1.245585
2017-10-13 03:14:00,1.245815,1.245575,1.24554,1.24585
2017-10-13 03:15:00,1.24584,1.245795,1.24578,1.24592
2017-10-13 03:16:00,1.245965,1.245845,1.24578,1.24599
2017-10-13 03:17:00,1.245865,1.245945,1.245835,1.245945
2017-10-13 03:18:00,1.246075,1.245865,1.245865,1.24612
2017-10-13 03:19:00,1.246005,1.2461,1.24593,1.246155
2017-10-13 03:20:00,1.24615,1.24601,1.245965,1.24617
2017-10-13 03:21:00,1.245915,1.246115,1.245915,1.246155
2017-10-13 03:22:00,1.24608,1.245895,1.245895,1.246085
2017-10-13 03:23:00,1.246055,1.246075,1.246055,1.246135
2017-10-13 03:24:00,1.246125,1.24604,1.24604,1.246175
2017-10-13 03:25:00,1.246025,1.246075,1.246,1.246135
2017-10-13 03:26:00,1.24612,1.246015,1.246015,1.24613
2017-10-13 03:27:00,1.24595,1.24606,1.24595,1.24618
2017-10-13 03:28:00,1.24613,1.2459,1.24589,1.246135
2017-10-13 03:29:00,1.246115,1.24613,1.246065,1.246135
2017-10-13 03:30:00,1.24629,1.24612,1.24612,1.2463
2017-10-13 03:31:00,1.24626,1.246285,1.24622,1.24633
2017-10-13 03:32:00,1.246145,1.246265,1.246115,1.246295
2017-10-13 03:33:00,1.246325,1.24614,1.246135,1.246325
2017-10-13 03:34:00,1.24624,1.246315,1.246235,1.24634
2017-10-13 03:35:00,1.24618,1.246235,1.246155,1.246285
2017-10-13 03:36:00,1.24618,1.246165,1.246135,1.246305
2017-10-13 03:37:00,1.246055,1.246185,1.24595,1.246185
2017-10-13 03:38:00,1.246055,1.24604,1.246035,1.24616
2017-10-13 03:39:00,1.24596,1.24604,1.24593,1.246045
2017-10-13 03:40:00,1.246295,1.245965,1.245905,1.246295
2017-10-13 03:41:00,1.24615,1.24629,1.24613,1.24631
2017-10-13 03:42:00,1.24624,1.2461,1.246095,1.246265
2017-10-13 03:43:00,1.246295,1.246265,1.24626,1.24636
2017-10-13 03:44:00,1.24633,1.24629,1.246135,1.246345
2017-10-13 03:45:00,1.246375,1.246335,1.246275,1.24643
2017-10-13 03:46:00,1.24624,1.246325,1.24621,1.24641
2017-10-13 03:47:00,1.246245,1.24624,1.246095,1.246285
2017-10-13 03:48:00,1.246355,1.24624,1.24622,1.2464
2017-10-13 03:49:00,1.24627,1.246355,1.246255,1.246355
2017-10-13 03:50:00,1.246225,1.24627,1.246225,1.246285
2017-10-13 03:51:00,1.246155,1.246245,1.246145,1.246245
2017-10-13 03:52:00,1.24635,1.246145,1.24612,1.246355
2017-10-13 03:53:00,1.246345,1.2463,1.246295,1.246355
2017-10-13 03:54:00,1.24635,1.24635,1.246235,1.24636
2017-10-13 03:55:00,1.24648,1.246345,1.24633,1.2465
2017-10-13 03:56:00,1.246545,1.24649,1.2464,1.246635
2017-10-13 03:57:00,1.246425,1.24655,1.24638,1.246585
2017-10-13 03:58:00,1.24644,1.24643,1.24643,1.24657
2017-10-13 03:59:00,1.246665,1.24644,1.246415,1.246685
2017-10-13 04:00:00,1.24646,1.24661,1.24646,1.24661
2017-10-13 04:01:00,1.24644,1.24643,1.24639,1.246565
2017-10-13 04:02:00,1.246115,1.246435,1.246015,1.246445
2017-10-13 04:03:00,1.24596,1.24617,1.24594,1.24619
2017-10-13 04:04:00,1.24587,1.24592,1.245715,1.24592
2017-10-13 04:05:00,1.24579,1.245875,1.24574,1.24588
2017-10-13 04:06:00,1.245805,1.24577,1.24577,1.245855
2017-10-13 04:07:00,1.2458,1.24586,1.24579,1.245895
2017-10-13 04:08:00,1.245895,1.245795,1.245795,1.245935
2017-10-13 04:09:00,1.24595,1.245905,1.2459,1.246035
2017-10-13 04:10:00,1.245895,1.245965,1.245835,1.245965
2017-10-13 04:11:00,1.24589,1.24589,1.245805,1.24589
2017-10-13 04:12:00,1.24591,1.245885,1.245825,1.245945
2017-10-13 04:13:00,1.245855,1.245915,1.24585,1.24593
2017-10-13 04:14:00,1.24587,1.245855,1.245845,1.24587
2017-10-13 04:15:00,1.245955,1.24587,1.245865,1.24596
2017-10-13 04:16:00,1.24605,1.24595,1.24595,1.246095
2017-10-13 04:17:00,1.245995,1.24605,1.245985,1.24605
2017-10-13 04:18:00,1.245935,1.246,1.245875,1.246005
2017-10-13 04:19:00,1.246075,1.245995,1.245995,1.246075
2017-10-13 04:20:00,1.24622,1.246085,1.246045,1.246245
2017-10-13 04:21:00,1.24638,1.2462,1.246195,1.246415
2017-10-13 04:22:00,1.24645,1.246375,1.246375,1.246585
2017-10-13 04:23:00,1.24647,1.246435,1.24642,1.246485
2017-10-13 04:24:00,1.24652,1.24649,1.24647,1.24659
2017-10-13 04:25:00,1.24656,1.2465,1.2465,1.24657
2017-10-13 04:26:00,1.246595,1.24658,1.24652,1.24661
2017-10-13 04:27:00,1.246525,1.246595,1.246495,1.2466
2017-10-13 04:28:00,1.246605,1.24651,1.24651,1.246665
2017-10-13 04:29:00,1.246555,1.24661,1.246555,1.246655
2017-10-13 04:30:00,1.24678,1.246525,1.246435,1.24679
2017-10-13 04:31:00,1.246655,1.246785,1.24665,1.24682
2017-10-13 04:32:00,1.246665,1.24665,1.24659,1.246745
2017-10-13 04:33:00,1.246895,1.24669,1.24669,1.246895
2017-10-13 04:34:00,1.247025,1.24684,1.246795,1.24706
2017-10-13 04:35:00,1.246995,1.24704,1.246985,1.24711
2017-10-13 04:36:00,1.24691,1.24699,1.246895,1.24706
2017-10-13 04:37:00,1.246815,1.24685,1.24674,1.246855
2017-10-13 04:38:00,1.24698,1.246845,1.246845,1.246995
2017-10-13 04:39:00,1.247085,1.24698,1.24693,1.24709
2017-10-13 04:40:00,1.24691,1.24708,1.24686,1.247095
2017-10-13 04:41:00,1.246865,1.246915,1.24676,1.246915
2017-10-13 04:42:00,1.24692,1.24689,1.246755,1.24699
2017-10-13 04:43:00,1.246885,1.24697,1.246885,1.246995
2017-10-13 04:44:00,1.246915,1.246895,1.246895,1.246925
2017-10-13 04:45:00,1.24683,1.246865,1.24679,1.246865
2017-10-13 04:46:00,1.24682,1.24683,1.246765,1.246835
2017-10-13 04:47:00,1.24669,1.246815,1.246675,1.246815
2017-10-13 04:48:00,1.24669,1.246685,1.246605,1.24669
2017-10-13 04:49:00,1.246765,1.246685,1.24668,1.246765
2017-10-13 04:50:00,1.24667,1.246705,1.2466,1.246705
2017-10-13 04:51:00,1.246595,1.24667,1.24659,1.246795
2017-10-13 04:52:00,1.24659,1.246545,1.246505,1.246595
2017-10-13 04:53:00,1.24655,1.24659,1.24655,1.246625
2017-10-13 04:54:00,1.246785,1.246605,1.2466,1.24682
2017-10-13 04:55:00,1.24679,1.246785,1.24674,1.246795
2017-10-13 04:56:00,1.246865,1.246815,1.246815,1.246865
2017-10-13 04:57:00,1.246885,1.24681,1.246805,1.246905
2017-10-13 04:58:00,1.246825,1.246885,1.246805,1.246885
2017-10-13 04:59:00,1.247135,1.24683,1.24682,1.24714
2017-10-13 05:00:00,1.247045,1.24713,1.247045,1.247135
2017-10-13 05:01:00,1.24737,1.24705,1.247045,1.24737
2017-10-13 05:02:00,1.247285,1.24736,1.247285,1.24737
2017-10-13 05:03:00,1.24733,1.24729,1.247265,1.247335
2017-10-13 05:04:00,1.2473,1.247325,1.247255,1.247325
2017-10-13 05:05:00,1.2473,1.247325,1.24723,1.247485
2017-10-13 05:06:00,1.247305,1.247295,1.24725,1.24731
2017-10-13 05:07:00,1.24733,1.24731,1.247285,1.247355
2017-10-13 05:08:00,1.247295,1.247325,1.24729,1.247325
2017-10-13 05:09:00,1.24736,1.2473,1.24729,1.247415
2017-10-13 05:10:00,1.24727,1.247345,1.24727,1.247345
2017-10-13 05:11:00,1.247265,1.247275,1.247195,1.247325
2017-10-13 05:12:00,1.247285,1.24732,1.24728,1.24732
2017-10-13 05:13:00,1.247245,1.247285,1.24719,1.247285
2017-10-13 05:14:00,1.24718,1.24725,1.24718,1.247255
2017-10-13 05:15:00,1.24717,1.24721,1.24713,1.247215
2017-10-13 05:16:00,1.2472,1.247175,1.24717,1.2472
2017-10-13 05:17:00,1.247135,1.24716,1.24713,1.24716
2017-10-13 05:18:00,1.247185,1.24713,1.247115,1.247195
2017-10-13 05:19:00,1.24703,1.24718,1.24702,1.24719
2017-10-13 05:20:00,1.24699,1.247025,1.246965,1.24703
2017-10-13 05:21:00,1.24697,1.247005,1.246965,1.247025
2017-10-13 05:22:00,1.247,1.246975,1.246975,1.24706
2017-10-13 05:23:00,1.246925,1.24695,1.246885,1.24695
2017-10-13 05:24:00,1.246925,1.24695,1.246885,1.24695
2017-10-13 05:25:00,1.246865,1.2469,1.246845,1.246935
2017-10-13 05:26:00,1.246845,1.24689,1.246845,1.246895
2017-10-13 05:27:00,1.246895,1.24686,1.24686,1.246895
2017-10-13 05:28:00,1.246875,1.24689,1.24684,1.24689
2017-10-13 05:29:00,1.24693,1.24687,1.24687,1.24696
2017-10-13 05:30:00,1.24683,1.246925,1.24683,1.246925
2017-10-13 05:31:00,1.246785,1.246825,1.24673,1.246825
2017-10-13 05:32:00,1.24692,1.24678,1.24675,1.24692
2017-10-13 05:33:00,1.24692,1.24678,1.24675,1.24692
2017-10-13 05:34:00,1.24681,1.246895,1.246805,1.24694
2017-10-13 05:35:00,1.24672,1.246815,1.246715,1.246865
2017-10-13 05:36:00,1.246735,1.24672,1.2467,1.24679
2017-10-13 05:37:00,1.24665,1.24673,1.246645,1.24676
2017-10-13 05:38:00,1.24648,1.24665,1.24648,1.24666
2017-10-13 05:39:00,1.24659,1.24653,1.24647,1.246625
2017-10-13 05:40:00,1.246585,1.246595,1.246565,1.246695
2017-10-13 05:41:00,1.246525,1.24661,1.24652,1.24666
2017-10-13 05:42:00,1.24635,1.246525,1.246345,1.246525
2017-10-13 05:43:00,1.24633,1.246345,1.24628,1.246425
2017-10-13 05:44:00,1.24629,1.24632,1.24629,1.246375
2017-10-13 05:45:00,1.246415,1.24628,1.24628,1.24642
2017-10-13 05:46:00,1.24653,1.246355,1.24635,1.246605
2017-10-13 05:47:00,1.246665,1.246525,1.246505,1.24672
2017-10-13 05:48:00,1.246685,1.246655,1.246565,1.246825
2017-10-13 05:49:00,1.246765,1.24668,1.246665,1.24681
2017-10-13 05:50:00,1.246815,1.24678,1.246655,1.246815
2017-10-13 05:51:00,1.24674,1.24681,1.24672,1.246815
2017-10-13 05:52:00,1.24696,1.246735,1.246735,1.24696
2017-10-13 05:53:00,1.247095,1.246955,1.246945,1.24713
2017-10-13 05:54:00,1.247215,1.247105,1.24707,1.247285
2017-10-13 05:55:00,1.247205,1.247155,1.247145,1.24728
2017-10-13 05:56:00,1.24727,1.24721,1.247155,1.247385
2017-10-13 05:57:00,1.247195,1.247245,1.247125,1.247265
2017-10-13 05:58:00,1.247115,1.24719,1.247115,1.247265
2017-10-13 05:59:00,1.247215,1.247165,1.2471,1.24726
2017-10-13 06:00:00,1.24728,1.247155,1.24711,1.247395
2017-10-13 06:01:00,1.24693,1.24725,1.246865,1.24725
2017-10-13 06:02:00,1.246605,1.246875,1.2466,1.246895
2017-10-13 06:03:00,1.24686,1.24666,1.24666,1.24694
2017-10-13 06:04:00,1.246825,1.24686,1.24672,1.246945
2017-10-13 06:05:00,1.24676,1.246805,1.246745,1.24681
2017-10-13 06:06:00,1.246635,1.246755,1.246575,1.246755
2017-10-13 06:07:00,1.24662,1.24661,1.24661,1.246675
2017-10-13 06:08:00,1.24669,1.2466,1.24658,1.24669
2017-10-13 06:09:00,1.24666,1.24665,1.246645,1.246715
2017-10-13 06:10:00,1.2467,1.246635,1.246585,1.2467
2017-10-13 06:11:00,1.2467,1.246685,1.246615,1.2467
2017-10-13 06:12:00,1.24678,1.24671,1.24669,1.246795
2017-10-13 06:13:00,1.246935,1.246785,1.246765,1.24698
2017-10-13 06:14:00,1.2469,1.24695,1.24685,1.24696
2017-10-13 06:15:00,1.24705,1.2469,1.24687,1.24706
2017-10-13 06:16:00,1.24705,1.24699,1.24699,1.24706
2017-10-13 06:17:00,1.24698,1.24705,1.246965,1.247065
2017-10-13 06:18:00,1.24699,1.24692,1.246915,1.247005
2017-10-13 06:19:00,1.24689,1.24699,1.24689,1.247
2017-10-13 06:20:00,1.247005,1.24685,1.246845,1.24702
2017-10-13 06:21:00,1.247025,1.247,1.246995,1.247025
2017-10-13 06:22:00,1.246945,1.246995,1.24694,1.247
2017-10-13 06:23:00,1.2468,1.246945,1.2468,1.24703
2017-10-13 06:24:00,1.24695,1.24682,1.24682,1.246955
2017-10-13 06:25:00,1.24696,1.24695,1.246915,1.247015
2017-10-13 06:26:00,1.24691,1.24696,1.24691,1.246965
2017-10-13 06:27:00,1.247005,1.246935,1.246905,1.24705
2017-10-13 06:28:00,1.247095,1.247,1.247,1.247105
2017-10-13 06:29:00,1.24699,1.24709,1.246975,1.24709
2017-10-13 06:30:00,1.247025,1.246985,1.246965,1.24707
2017-10-13 06:31:00,1.247115,1.24707,1.246805,1.247115
2017-10-13 06:32:00,1.24722,1.24711,1.24711,1.24722
2017-10-13 06:33:00,1.24726,1.247225,1.24721,1.24726
2017-10-13 06:34:00,1.247375,1.247315,1.247315,1.24742
2017-10-13 06:35:00,1.247385,1.247415,1.247385,1.24742
2017-10-13 06:36:00,1.247425,1.247405,1.24734,1.247425
2017-10-13 06:37:00,1.24732,1.247435,1.24731,1.247445
2017-10-13 06:38:00,1.247335,1.24732,1.247255,1.247335
2017-10-13 06:39:00,1.247385,1.247335,1.24733,1.24742
2017-10-13 06:40:00,1.24726,1.247355,1.24725,1.247355
2017-10-13 06:41:00,1.247265,1.24726,1.24725,1.247265
2017-10-13 06:42:00,1.2475,1.247315,1.247275,1.247585
2017-10-13 06:43:00,1.247425,1.247445,1.247375,1.247465
2017-10-13 06:44:00,1.247465,1.24743,1.247425,1.247465
2017-10-13 06:45:00,1.24753,1.24745,1.24745,1.247535
2017-10-13 06:46:00,1.247695,1.247525,1.247525,1.24771
2017-10-13 06:47:00,1.24772,1.247695,1.247625,1.24779
2017-10-13 06:48:00,1.247845,1.247715,1.247715,1.247885
2017-10-13 06:49:00,1.247845,1.247715,1.247715,1.247885
2017-10-13 06:50:00,1.24783,1.247895,1.24783,1.24795
2017-10-13 06:51:00,1.247695,1.247805,1.247695,1.247805
2017-10-13 06:52:00,1.24759,1.24767,1.24758,1.24776
2017-10-13 06:53:00,1.247415,1.247595,1.247415,1.247595
2017-10-13 06:54:00,1.24739,1.24741,1.247355,1.247425
2017-10-13 06:55:00,1.24729,1.247405,1.24729,1.247425
2017-10-13 06:56:00,1.24728,1.247315,1.247185,1.247385
2017-10-13 06:57:00,1.24726,1.247275,1.247205,1.24728
2017-10-13 06:58:00,1.247185,1.247205,1.24706,1.247225
2017-10-13 06:59:00,1.2472,1.24718,1.24711,1.247205
2017-10-13 07:00:00,1.247325,1.2472,1.24712,1.24737
2017-10-13 07:01:00,1.24747,1.24727,1.24721,1.24747
2017-10-13 07:02:00,1.247575,1.247465,1.247455,1.24767
2017-10-13 07:03:00,1.247585,1.24752,1.24751,1.24759
2017-10-13 07:04:00,1.247605,1.247545,1.247535,1.247605
2017-10-13 07:05:00,1.247735,1.24758,1.247555,1.247735
2017-10-13 07:06:00,1.24759,1.24774,1.24753,1.24774
2017-10-13 07:07:00,1.247445,1.24758,1.24742,1.247585
2017-10-13 07:08:00,1.24745,1.2474,1.24739,1.24745
2017-10-13 07:09:00,1.247455,1.24747,1.247455,1.24755
2017-10-13 07:10:00,1.247455,1.247435,1.247385,1.24746
2017-10-13 07:11:00,1.247155,1.247405,1.24715,1.247405
2017-10-13 07:12:00,1.247105,1.24718,1.2471,1.247285
2017-10-13 07:13:00,1.24725,1.2471,1.24708,1.24725
2017-10-13 07:14:00,1.24739,1.247305,1.247205,1.24743
2017-10-13 07:15:00,1.247495,1.247395,1.24735,1.247515
2017-10-13 07:16:00,1.24747,1.24754,1.24747,1.24761
2017-10-13 07:17:00,1.247535,1.247515,1.24749,1.247685
2017-10-13 07:18:00,1.247565,1.247535,1.2474,1.247565
2017-10-13 07:19:00,1.247585,1.24751,1.247505,1.2476
2017-10-13 07:20:00,1.24775,1.24759,1.24759,1.247815
2017-10-13 07:21:00,1.247745,1.2478,1.24774,1.247865
2017-10-13 07:22:00,1.24759,1.247725,1.247535,1.247785
2017-10-13 07:23:00,1.247685,1.247585,1.247525,1.2477
2017-10-13 07:24:00,1.2477,1.247685,1.24767,1.247715
2017-10-13 07:25:00,1.24771,1.24766,1.24764,1.247825
2017-10-13 07:26:00,1.247875,1.247705,1.247655,1.247895
2017-10-13 07:27:00,1.24795,1.24787,1.247865,1.248035
2017-10-13 07:28:00,1.248015,1.24796,1.247925,1.24804
2017-10-13 07:29:00,1.248085,1.248015,1.247995,1.248145
2017-10-13 07:30:00,1.248165,1.248085,1.248085,1.24817
2017-10-13 07:31:00,1.24831,1.24817,1.24816,1.24833
2017-10-13 07:32:00,1.248315,1.248305,1.24826,1.248345
2017-10-13 07:33:00,1.24827,1.24834,1.24826,1.248345
2017-10-13 07:34:00,1.248215,1.248275,1.248165,1.24829
2017-10-13 07:35:00,1.24826,1.2482,1.248185,1.24835
2017-10-13 07:36:00,1.248095,1.248205,1.248045,1.248225
2017-10-13 07:37:00,1.248,1.2481,1.24795,1.248105
2017-10-13 07:38:00,1.24817,1.247995,1.24791,1.24817
2017-10-13 07:39:00,1.248105,1.24817,1.24806,1.24822
2017-10-13 07:40:00,1.248295,1.24812,1.248095,1.24833
2017-10-13 07:41:00,1.24828,1.24829,1.248205,1.248305
2017-10-13 07:42:00,1.248325,1.24827,1.24825,1.248325
2017-10-13 07:43:00,1.248285,1.24828,1.248155,1.248285
2017-10-13 07:44:00,1.248215,1.24828,1.24805,1.24828
2017-10-13 07:45:00,1.2482,1.248215,1.24809,1.248215
2017-10-13 07:46:00,1.248155,1.248145,1.248,1.248155
2017-10-13 07:47:00,1.248005,1.2481,1.24797,1.2481
2017-10-13 07:48:00,1.24803,1.247955,1.24795,1.24805
2017-10-13 07:49:00,1.247955,1.24802,1.247955,1.24808
2017-10-13 07:50:00,1.247885,1.247925,1.24782,1.24794
2017-10-13 07:51:00,1.248155,1.24789,1.24789,1.248185
2017-10-13 07:52:00,1.24849,1.248155,1.24815,1.24851
2017-10-13 07:53:00,1.24871,1.248505,1.24848,1.24876
2017-10-13 07:54:00,1.248865,1.24866,1.24863,1.248995
2017-10-13 07:55:00,1.248855,1.24886,1.24883,1.248955
2017-10-13 07:56:00,1.248985,1.2488,1.248795,1.24903
2017-10-13 07:57:00,1.24924,1.24904,1.24901,1.249325
2017-10-13 07:58:00,1.249335,1.249245,1.249175,1.249365
2017-10-13 07:59:00,1.2493,1.24935,1.249265,1.2494
2017-10-13 08:00:00,1.24924,1.249305,1.24924,1.249315
2017-10-13 08:01:00,1.249345,1.249265,1.24926,1.249375
2017-10-13 08:02:00,1.249315,1.24932,1.24922,1.24947
2017-10-13 08:03:00,1.249545,1.24931,1.249295,1.24955
2017-10-13 08:04:00,1.249425,1.2495,1.249425,1.249585
2017-10-13 08:05:00,1.24951,1.249435,1.2493,1.24951
2017-10-13 08:06:00,1.249485,1.2495,1.249405,1.249565
2017-10-13 08:07:00,1.249775,1.24948,1.24948,1.249795
2017-10-13 08:08:00,1.249765,1.249755,1.24973,1.249815
2017-10-13 08:09:00,1.24981,1.24976,1.24973,1.24981
2017-10-13 08:10:00,1.249835,1.24984,1.24983,1.249905
2017-10-13 08:11:00,1.249875,1.249835,1.24979,1.249915
2017-10-13 08:12:00,1.24991,1.24987,1.24982,1.24991
2017-10-13 08:13:00,1.249895,1.249905,1.249835,1.25
2017-10-13 08:14:00,1.249945,1.2499,1.2499,1.25001
2017-10-13 08:15:00,1.249865,1.24994,1.24985,1.250125
2017-10-13 08:16:00,1.25002,1.249855,1.249855,1.25004
2017-10-13 08:17:00,1.25034,1.250025,1.25002,1.25041
2017-10-13 08:18:00,1.250375,1.25032,1.250245,1.250375
2017-10-13 08:19:00,1.250555,1.250395,1.250395,1.25073
2017-10-13 08:20:00,1.2503,1.25056,1.25029,1.25066
2017-10-13 08:21:00,1.25074,1.25031,1.25023,1.25074
2017-10-13 08:22:00,1.250715,1.25072,1.250645,1.25081
2017-10-13 08:23:00,1.250735,1.250765,1.250645,1.25085
2017-10-13 08:24:00,1.250735,1.250775,1.25064,1.2508
2017-10-13 08:25:00,1.25046,1.25069,1.25046,1.25069
2017-10-13 08:26:00,1.25058,1.25044,1.25035,1.25062
2017-10-13 08:27:00,1.25067,1.250635,1.250635,1.250765
2017-10-13 08:28:00,1.25105,1.250675,1.250665,1.25111
2017-10-13 08:29:00,1.250785,1.25102,1.2507,1.25102
2017-10-13 08:30:00,1.250605,1.25077,1.250325,1.250865
2017-10-13 08:31:00,1.249235,1.250445,1.247655,1.250625
2017-10-13 08:32:00,1.24807,1.249225,1.2478,1.249225
2017-10-13 08:33:00,1.246495,1.248075,1.246315,1.248095
2017-10-13 08:34:00,1.24683,1.24652,1.246285,1.246935
2017-10-13 08:35:00,1.246785,1.246825,1.24656,1.247105
2017-10-13 08:36:00,1.24653,1.246775,1.246395,1.24679
2017-10-13 08:37:00,1.246455,1.24653,1.24636,1.2468
2017-10-13 08:38:00,1.24672,1.2464,1.24634,1.24673
2017-10-13 08:39:00,1.24711,1.24672,1.246655,1.24712
2017-10-13 08:40:00,1.246855,1.247115,1.246615,1.247305
2017-10-13 08:41:00,1.24655,1.24686,1.246445,1.24686
2017-10-13 08:42:00,1.24626,1.24657,1.24624,1.24669
2017-10-13 08:43:00,1.24617,1.24624,1.24613,1.24635
2017-10-13 08:44:00,1.24588,1.24617,1.24566,1.24622
2017-10-13 08:45:00,1.2462,1.245875,1.24561,1.246345
2017-10-13 08:46:00,1.245665,1.24619,1.24538,1.24619
2017-10-13 08:47:00,1.24561,1.24569,1.245525,1.24577
2017-10-13 08:48:00,1.246145,1.24564,1.24564,1.246175
2017-10-13 08:49:00,1.24622,1.246085,1.245875,1.246265
2017-10-13 08:50:00,1.245945,1.246195,1.245915,1.246275
2017-10-13 08:51:00,1.24582,1.24589,1.24581,1.246225
2017-10-13 08:52:00,1.24595,1.24587,1.24584,1.246135
2017-10-13 08:53:00,1.24581,1.246,1.24569,1.24603
2017-10-13 08:54:00,1.245725,1.245815,1.24566,1.24592
2017-10-13 08:55:00,1.24556,1.245715,1.245215,1.245735
2017-10-13 08:56:00,1.245585,1.245555,1.24534,1.2457
2017-10-13 08:57:00,1.246495,1.245575,1.245575,1.24657
2017-10-13 08:58:00,1.246045,1.246555,1.24604,1.24658
2017-10-13 08:59:00,1.246345,1.24605,1.24588,1.24644
2017-10-13 09:00:00,1.24608,1.246345,1.246045,1.24641
2017-10-13 09:01:00,1.24611,1.246075,1.24591,1.246135
2017-10-13 09:02:00,1.246195,1.24617,1.24612,1.24628
2017-10-13 09:03:00,1.246365,1.246255,1.2462,1.246475
2017-10-13 09:04:00,1.24648,1.24636,1.246285,1.24649
2017-10-13 09:05:00,1.247015,1.24648,1.246425,1.247035
2017-10-13 09:06:00,1.246875,1.246985,1.24684,1.24704
2017-10-13 09:07:00,1.24653,1.24688,1.246425,1.24688
2017-10-13 09:08:00,1.24659,1.246525,1.246485,1.246665
2017-10-13 09:09:00,1.24649,1.246535,1.24641,1.24655
2017-10-13 09:10:00,1.246555,1.246545,1.246485,1.24663
2017-10-13 09:11:00,1.24666,1.24655,1.24653,1.246665
2017-10-13 09:12:00,1.246725,1.24668,1.246505,1.246765
2017-10-13 09:13:00,1.247065,1.24673,1.24667,1.24724
2017-10-13 09:14:00,1.24697,1.247095,1.2469,1.247115
2017-10-13 09:15:00,1.247065,1.246965,1.246905,1.247065
2017-10-13 09:16:00,1.246995,1.24709,1.246835,1.24709
2017-10-13 09:17:00,1.24656,1.246945,1.246535,1.24695
2017-10-13 09:18:00,1.2467,1.24656,1.246555,1.246745
2017-10-13 09:19:00,1.24674,1.246705,1.246545,1.24676
2017-10-13 09:20:00,1.246665,1.24672,1.24654,1.24686
2017-10-13 09:21:00,1.24629,1.246655,1.24628,1.246735
2017-10-13 09:22:00,1.246425,1.24628,1.246275,1.246445
2017-10-13 09:23:00,1.246695,1.246415,1.246335,1.2467
2017-10-13 09:24:00,1.24726,1.24674,1.24674,1.24736
2017-10-13 09:25:00,1.24755,1.247255,1.247165,1.247575
2017-10-13 09:26:00,1.247425,1.247545,1.24704,1.247605
2017-10-13 09:27:00,1.247715,1.247435,1.247385,1.24779
2017-10-13 09:28:00,1.24767,1.24769,1.24755,1.24773
2017-10-13 09:29:00,1.24741,1.247675,1.24733,1.24774
2017-10-13 09:30:00,1.24698,1.247355,1.246885,1.247355
2017-10-13 09:31:00,1.247215,1.246975,1.246815,1.24728
2017-10-13 09:32:00,1.24739,1.24726,1.2472,1.247505
2017-10-13 09:33:00,1.2473,1.247415,1.24717,1.24746
2017-10-13 09:34:00,1.24746,1.247305,1.24726,1.24766
2017-10-13 09:35:00,1.247235,1.247465,1.247235,1.2475
2017-10-13 09:36:00,1.247175,1.24718,1.24699,1.2472
2017-10-13 09:37:00,1.246905,1.24717,1.24681,1.247175
2017-10-13 09:38:00,1.247125,1.246855,1.24676,1.247205
2017-10-13 09:39:00,1.2469,1.24713,1.24677,1.2472
2017-10-13 09:40:00,1.246815,1.246905,1.24671,1.246905
2017-10-13 09:41:00,1.24714,1.24687,1.24687,1.2472
2017-10-13 09:42:00,1.24672,1.247145,1.24672,1.247145
2017-10-13 09:43:00,1.246765,1.246715,1.246645,1.246845
2017-10-13 09:44:00,1.24682,1.24681,1.24671,1.246865
2017-10-13 09:45:00,1.24681,1.2468,1.24643,1.246835
2017-10-13 09:46:00,1.24699,1.246815,1.2468,1.247025
2017-10-13 09:47:00,1.247245,1.24699,1.246985,1.247245
2017-10-13 09:48:00,1.247105,1.24722,1.247095,1.247355
2017-10-13 09:49:00,1.24739,1.247155,1.247095,1.247445
2017-10-13 09:50:00,1.247445,1.247395,1.24735,1.24748
2017-10-13 09:51:00,1.2475,1.24746,1.24723,1.247505
2017-10-13 09:52:00,1.247335,1.247495,1.247325,1.247495
2017-10-13 09:53:00,1.24783,1.247335,1.2473,1.24807
2017-10-13 09:54:00,1.2476,1.24781,1.24744,1.247845
2017-10-13 09:55:00,1.24798,1.24761,1.24753,1.248005
2017-10-13 09:56:00,1.24803,1.24799,1.247745,1.24805
2017-10-13 09:57:00,1.24752,1.248005,1.2475,1.248005
2017-10-13 09:58:00,1.2473,1.247525,1.247275,1.247535
2017-10-13 09:59:00,1.247335,1.24728,1.2472,1.24743
2017-10-13 10:00:00,1.24738,1.247335,1.247225,1.24756
2017-10-13 10:01:00,1.247125,1.247465,1.24694,1.247635
2017-10-13 10:02:00,1.247405,1.247145,1.247055,1.247405
2017-10-13 10:03:00,1.24773,1.24741,1.247315,1.24777
2017-10-13 10:04:00,1.247475,1.247755,1.24745,1.247755
2017-10-13 10:05:00,1.2472,1.247475,1.247195,1.247535
2017-10-13 10:06:00,1.24748,1.247205,1.247095,1.247485
2017-10-13 10:07:00,1.247775,1.247505,1.24745,1.24782
2017-10-13 10:08:00,1.247795,1.24775,1.24775,1.2479
2017-10-13 10:09:00,1.247845,1.2478,1.247715,1.247885
2017-10-13 10:10:00,1.24781,1.247895,1.24756,1.24792
2017-10-13 10:11:00,1.247935,1.24779,1.24767,1.247955
2017-10-13 10:12:00,1.248255,1.24799,1.247975,1.248395
2017-10-13 10:13:00,1.24827,1.248255,1.248245,1.248425
2017-10-13 10:14:00,1.24796,1.248275,1.247725,1.24829
2017-10-13 10:15:00,1.247905,1.248,1.24788,1.24809
2017-10-13 10:16:00,1.248055,1.24791,1.24791,1.24815
2017-10-13 10:17:00,1.248315,1.248075,1.248075,1.248405
2017-10-13 10:18:00,1.24805,1.248295,1.248035,1.248355
2017-10-13 10:19:00,1.24798,1.24805,1.247975,1.248105
2017-10-13 10:20:00,1.248085,1.247985,1.24794,1.24809
2017-10-13 10:21:00,1.24806,1.248115,1.247985,1.248165
2017-10-13 10:22:00,1.247975,1.248065,1.24792,1.248125
2017-10-13 10:23:00,1.24791,1.247975,1.247905,1.248185
2017-10-13 10:24:00,1.247665,1.24791,1.247545,1.24791
2017-10-13 10:25:00,1.24777,1.24767,1.247655,1.248015
2017-10-13 10:26:00,1.247575,1.24776,1.247575,1.247765
2017-10-13 10:27:00,1.24771,1.2476,1.2476,1.247825
2017-10-13 10:28:00,1.24799,1.247705,1.24765,1.248175
2017-10-13 10:29:00,1.24817,1.247995,1.247965,1.248175
2017-10-13 10:30:00,1.2484,1.24822,1.248215,1.24848
2017-10-13 10:31:00,1.248385,1.248375,1.248305,1.24844
2017-10-13 10:32:00,1.24833,1.24841,1.24833,1.248515
2017-10-13 10:33:00,1.248225,1.248355,1.248225,1.24843
2017-10-13 10:34:00,1.248455,1.24822,1.248215,1.248455
2017-10-13 10:35:00,1.24824,1.248455,1.248185,1.24846
2017-10-13 10:36:00,1.248425,1.248235,1.24818,1.248495
2017-10-13 10:37:00,1.248395,1.248435,1.248315,1.248475
2017-10-13 10:38:00,1.24825,1.24838,1.24823,1.24842
2017-10-13 10:39:00,1.248285,1.248245,1.24822,1.24835
2017-10-13 10:40:00,1.24813,1.24829,1.24807,1.248295
2017-10-13 10:41:00,1.24826,1.24819,1.24819,1.248295
2017-10-13 10:42:00,1.248175,1.24829,1.248175,1.24838
2017-10-13 10:43:00,1.248095,1.24813,1.248005,1.24813
2017-10-13 10:44:00,1.248035,1.24809,1.24802,1.2481
2017-10-13 10:45:00,1.248125,1.24804,1.24793,1.24815
2017-10-13 10:46:00,1.24804,1.248095,1.24801,1.248105
2017-10-13 10:47:00,1.24825,1.248065,1.248065,1.24825
2017-10-13 10:48:00,1.248335,1.24828,1.248245,1.24841
2017-10-13 10:49:00,1.248575,1.24834,1.24834,1.248715
2017-10-13 10:50:00,1.248365,1.24855,1.24834,1.24855
2017-10-13 10:51:00,1.248445,1.24836,1.248345,1.24846
2017-10-13 10:52:00,1.24828,1.24844,1.24828,1.24845
2017-10-13 10:53:00,1.248265,1.24828,1.248225,1.24838
2017-10-13 10:54:00,1.248175,1.24821,1.24804,1.248255
2017-10-13 10:55:00,1.248345,1.2482,1.2482,1.24846
2017-10-13 10:56:00,1.24836,1.248365,1.248195,1.248485
2017-10-13 10:57:00,1.248295,1.248355,1.248195,1.2484
2017-10-13 10:58:00,1.24836,1.24832,1.248285,1.24896
2017-10-13 10:59:00,1.2481,1.24836,1.247995,1.248365
2017-10-13 11:00:00,1.248045,1.2481,1.247995,1.24821
2017-10-13 11:01:00,1.24799,1.24802,1.247805,1.248065
2017-10-13 11:02:00,1.24775,1.247975,1.24767,1.247975
2017-10-13 11:03:00,1.248005,1.24775,1.24765,1.24829
2017-10-13 11:04:00,1.24822,1.248005,1.247985,1.2483
2017-10-13 11:05:00,1.24846,1.248225,1.248195,1.24846
2017-10-13 11:06:00,1.24865,1.248485,1.248425,1.24867
2017-10-13 11:07:00,1.24881,1.248705,1.24869,1.248865
2017-10-13 11:08:00,1.248685,1.248785,1.24841,1.24883
2017-10-13 11:09:00,1.24864,1.248745,1.24851,1.24875
2017-10-13 11:10:00,1.248495,1.24859,1.248495,1.248695
2017-10-13 11:11:00,1.248465,1.24855,1.248425,1.248595
2017-10-13 11:12:00,1.248495,1.24848,1.24833,1.24857
2017-10-13 11:13:00,1.24881,1.248445,1.248445,1.24887
2017-10-13 11:14:00,1.24875,1.248765,1.248725,1.248775
2017-10-13 11:15:00,1.248775,1.24877,1.24871,1.24885
2017-10-13 11:16:00,1.248705,1.24877,1.248655,1.248815
2017-10-13 11:17:00,1.24867,1.24873,1.248665,1.24887
2017-10-13 11:18:00,1.248635,1.248725,1.248595,1.248735
2017-10-13 11:19:00,1.2488,1.24863,1.248625,1.248815
2017-10-13 11:20:00,1.24833,1.248745,1.248285,1.24875
2017-10-13 11:21:00,1.24827,1.248275,1.2482,1.248305
2017-10-13 11:22:00,1.248295,1.248215,1.24809,1.24837
2017-10-13 11:23:00,1.24818,1.248295,1.248175,1.24835
2017-10-13 11:24:00,1.248695,1.248185,1.24806,1.248695
2017-10-13 11:25:00,1.24889,1.2487,1.248655,1.248905
2017-10-13 11:26:00,1.24901,1.248895,1.24885,1.24916
2017-10-13 11:27:00,1.249015,1.248955,1.248865,1.249015
2017-10-13 11:28:00,1.249115,1.248965,1.248965,1.24918
2017-10-13 11:29:00,1.249115,1.249125,1.24898,1.249145
2017-10-13 11:30:00,1.24949,1.249055,1.249045,1.24952
2017-10-13 11:31:00,1.249415,1.249465,1.24938,1.249815
2017-10-13 11:32:00,1.24948,1.249365,1.24931,1.249575
2017-10-13 11:33:00,1.249325,1.24942,1.24919,1.24943
2017-10-13 11:34:00,1.24933,1.24933,1.24926,1.249395
2017-10-13 11:35:00,1.24922,1.249325,1.24921,1.249345
2017-10-13 11:36:00,1.24913,1.24921,1.24908,1.24932
2017-10-13 11:37:00,1.249045,1.24914,1.249025,1.24914
2017-10-13 11:38:00,1.24904,1.248985,1.24893,1.24909
2017-10-13 11:39:00,1.249045,1.248985,1.24896,1.24907
2017-10-13 11:40:00,1.24903,1.24904,1.249015,1.249065
2017-10-13 11:41:00,1.24916,1.24905,1.249035,1.249175
2017-10-13 11:42:00,1.24944,1.249105,1.24897,1.24947
2017-10-13 11:43:00,1.249565,1.249445,1.249445,1.249605
2017-10-13 11:44:00,1.24947,1.24961,1.24942,1.24966
2017-10-13 11:45:00,1.24967,1.24943,1.249425,1.24967
2017-10-13 11:46:00,1.24942,1.24967,1.24939,1.249675
2017-10-13 11:47:00,1.2495,1.24948,1.249475,1.249615
2017-10-13 11:48:00,1.249375,1.249505,1.249375,1.249505
2017-10-13 11:49:00,1.24962,1.249335,1.24929,1.24964
2017-10-13 11:50:00,1.25006,1.24965,1.249625,1.25006
2017-10-13 11:51:00,1.250065,1.250065,1.249815,1.250175
2017-10-13 11:52:00,1.250135,1.250015,1.24988,1.25018
2017-10-13 11:53:00,1.250175,1.25016,1.25016,1.250265
2017-10-13 11:54:00,1.250175,1.250185,1.25001,1.250195
2017-10-13 11:55:00,1.25,1.250125,1.2499,1.2502
2017-10-13 11:56:00,1.249685,1.25,1.249685,1.250025
2017-10-13 11:57:00,1.249845,1.249635,1.24956,1.249905
2017-10-13 11:58:00,1.249835,1.24987,1.24957,1.24987
2017-10-13 11:59:00,1.2495,1.24983,1.24948,1.249835
2017-10-13 12:00:00,1.249565,1.249505,1.249395,1.249625
2017-10-13 12:01:00,1.24978,1.249525,1.249495,1.24981
2017-10-13 12:02:00,1.24992,1.24977,1.24962,1.24992
2017-10-13 12:03:00,1.2499,1.24997,1.2499,1.249985
2017-10-13 12:04:00,1.24994,1.249855,1.24978,1.249975
2017-10-13 12:05:00,1.25004,1.249945,1.24988,1.25004
2017-10-13 12:06:00,1.24986,1.250045,1.249795,1.250045
2017-10-13 12:07:00,1.24984,1.249855,1.24964,1.249865
2017-10-13 12:08:00,1.249895,1.249835,1.249785,1.249955
2017-10-13 12:09:00,1.249805,1.249845,1.249805,1.24986
2017-10-13 12:10:00,1.24973,1.249805,1.24972,1.24988
2017-10-13 12:11:00,1.24942,1.24969,1.249405,1.249695
2017-10-13 12:12:00,1.24954,1.249365,1.249365,1.24958
2017-10-13 12:13:00,1.249565,1.249535,1.249455,1.24964
2017-10-13 12:14:00,1.24994,1.249525,1.24952,1.25002
2017-10-13 12:15:00,1.24989,1.249945,1.249885,1.250005
2017-10-13 12:16:00,1.249805,1.24989,1.249785,1.25001
2017-10-13 12:17:00,1.24998,1.24981,1.249795,1.24999
2017-10-13 12:18:00,1.24964,1.24997,1.24964,1.24997
2017-10-13 12:19:00,1.24958,1.249635,1.24956,1.24969
2017-10-13 12:20:00,1.24963,1.249585,1.249585,1.249765
2017-10-13 12:21:00,1.24958,1.24958,1.24958,1.24958
2017-10-13 12:22:00,1.249635,1.249525,1.24952,1.249695
2017-10-13 12:23:00,1.24963,1.249585,1.249575,1.249675
2017-10-13 12:24:00,1.24967,1.249635,1.249625,1.24971
2017-10-13 12:25:00,1.24964,1.249675,1.2496,1.249695
2017-10-13 12:26:00,1.249605,1.24963,1.2496,1.249705
2017-10-13 12:27:00,1.249585,1.24956,1.24956,1.24969
2017-10-13 12:28:00,1.24956,1.24956,1.24956,1.24956
2017-10-13 12:29:00,1.249615,1.249615,1.249605,1.2497
2017-10-13 12:30:00,1.249685,1.24966,1.24966,1.249815
2017-10-13 12:31:00,1.24956,1.24968,1.24955,1.24968
2017-10-13 12:32:00,1.249555,1.249505,1.249505,1.249565
2017-10-13 12:33:00,1.249495,1.24956,1.249485,1.24957
2017-10-13 12:34:00,1.249915,1.24955,1.24955,1.249915
2017-10-13 12:35:00,1.25004,1.24992,1.24988,1.250085
2017-10-13 12:36:00,1.25014,1.25003,1.25003,1.25015
2017-10-13 12:37:00,1.250215,1.25012,1.25012,1.2503
2017-10-13 12:38:00,1.250255,1.25022,1.25016,1.250255
2017-10-13 12:39:00,1.25002,1.250315,1.249965,1.25042
2017-10-13 12:40:00,1.25013,1.25004,1.25003,1.250165
2017-10-13 12:41:00,1.250235,1.25013,1.250125,1.250235
2017-10-13 12:42:00,1.250295,1.250185,1.25017,1.250295
2017-10-13 12:43:00,1.25043,1.25029,1.250275,1.25047
2017-10-13 12:44:00,1.250395,1.25047,1.250315,1.25054
2017-10-13 12:45:00,1.25056,1.25039,1.25039,1.250565
2017-10-13 12:46:00,1.25051,1.250515,1.25046,1.25055
2017-10-13 12:47:00,1.251365,1.250515,1.25051,1.25137
2017-10-13 12:48:00,1.25166,1.25137,1.251305,1.251845
2017-10-13 12:49:00,1.251985,1.25165,1.251545,1.252005
2017-10-13 12:50:00,1.251975,1.25199,1.251905,1.252005
2017-10-13 12:51:00,1.251575,1.25195,1.251575,1.251995
2017-10-13 12:52:00,1.2514,1.25152,1.2514,1.251545
2017-10-13 12:53:00,1.25103,1.251425,1.25103,1.251495
2017-10-13 12:54:00,1.25086,1.251005,1.25079,1.25106
2017-10-13 12:55:00,1.250795,1.250875,1.250695,1.250875
2017-10-13 12:56:00,1.250945,1.250775,1.250685,1.25101
2017-10-13 12:57:00,1.250915,1.251,1.250915,1.251005
2017-10-13 12:58:00,1.25092,1.25092,1.25088,1.25096
2017-10-13 12:59:00,1.25087,1.250915,1.25086,1.25095
2017-10-13 13:00:00,1.25096,1.25086,1.250855,1.25103
2017-10-13 13:01:00,1.251095,1.251015,1.25093,1.251175
2017-10-13 13:02:00,1.250865,1.2511,1.250865,1.25112
2017-10-13 13:03:00,1.25079,1.250815,1.25078,1.250885
2017-10-13 13:04:00,1.251095,1.250795,1.25079,1.251125
2017-10-13 13:05:00,1.25117,1.25109,1.251065,1.25118
2017-10-13 13:06:00,1.25115,1.25117,1.25115,1.25118
2017-10-13 13:07:00,1.251095,1.25117,1.25106,1.25117
2017-10-13 13:08:00,1.251155,1.2511,1.251095,1.251205
2017-10-13 13:09:00,1.25109,1.25115,1.251065,1.25117
2017-10-13 13:10:00,1.250925,1.251085,1.25091,1.251095
2017-10-13 13:11:00,1.25106,1.25091,1.2509,1.25114
2017-10-13 13:12:00,1.251,1.25109,1.250975,1.25117
2017-10-13 13:13:00,1.25133,1.251005,1.251005,1.25134
2017-10-13 13:14:00,1.250985,1.251325,1.250895,1.2514
2017-10-13 13:15:00,1.250735,1.251005,1.250675,1.251005
2017-10-13 13:16:00,1.250875,1.25079,1.25064,1.25088
2017-10-13 13:17:00,1.25096,1.25088,1.25086,1.25109
2017-10-13 13:18:00,1.251015,1.25091,1.25089,1.25103
2017-10-13 13:19:00,1.251025,1.25097,1.25097,1.2511
2017-10-13 13:20:00,1.251065,1.25108,1.251065,1.25116
2017-10-13 13:21:00,1.25091,1.25107,1.25091,1.25114
2017-10-13 13:22:00,1.2508,1.25091,1.2508,1.25096
2017-10-13 13:23:00,1.25078,1.25079,1.25078,1.25092
2017-10-13 13:24:00,1.25094,1.25078,1.250665,1.250945
2017-10-13 13:25:00,1.250565,1.250925,1.250505,1.250935
2017-10-13 13:26:00,1.250635,1.250505,1.250475,1.25068
2017-10-13 13:27:00,1.250385,1.250575,1.250385,1.250585
2017-10-13 13:28:00,1.250155,1.250365,1.25013,1.25045
2017-10-13 13:29:00,1.250305,1.25016,1.25007,1.25038
2017-10-13 13:30:00,1.25036,1.25031,1.25029,1.250375
2017-10-13 13:31:00,1.25036,1.250345,1.250215,1.250365
2017-10-13 13:32:00,1.250375,1.250415,1.250365,1.25042
2017-10-13 13:33:00,1.250295,1.25038,1.250285,1.2504
2017-10-13 13:34:00,1.250265,1.250265,1.250265,1.250265
2017-10-13 13:35:00,1.250375,1.250295,1.250295,1.25041
2017-10-13 13:36:00,1.250395,1.25038,1.25038,1.2504
2017-10-13 13:37:00,1.250345,1.250395,1.250295,1.25042
2017-10-13 13:38:00,1.250295,1.25035,1.250285,1.25035
2017-10-13 13:39:00,1.250405,1.25029,1.250285,1.25041
2017-10-13 13:40:00,1.250295,1.25041,1.250275,1.25041
2017-10-13 13:41:00,1.250125,1.25034,1.250125,1.25035
2017-10-13 13:42:00,1.25015,1.25013,1.25012,1.250155
2017-10-13 13:43:00,1.250125,1.250155,1.25012,1.25016
2017-10-13 13:44:00,1.250225,1.250095,1.250085,1.25023
2017-10-13 13:45:00,1.250285,1.25024,1.25024,1.25035
2017-10-13 13:46:00,1.25018,1.25027,1.250125,1.25027
2017-10-13 13:47:00,1.250075,1.250235,1.250055,1.25029
2017-10-13 13:48:00,1.25003,1.250085,1.25003,1.25015
2017-10-13 13:49:00,1.249915,1.24997,1.24986,1.25
2017-10-13 13:50:00,1.25,1.24991,1.249905,1.25
2017-10-13 13:51:00,1.249885,1.249945,1.24976,1.24995
2017-10-13 13:52:00,1.249895,1.249935,1.24989,1.249935
2017-10-13 13:53:00,1.24987,1.249905,1.24987,1.24991
2017-10-13 13:54:00,1.2499,1.249925,1.249885,1.249945
2017-10-13 13:55:00,1.249895,1.249895,1.249855,1.249955
2017-10-13 13:56:00,1.24986,1.249845,1.249755,1.24987
2017-10-13 13:57:00,1.249845,1.24986,1.249835,1.24991
2017-10-13 13:58:00,1.249875,1.24987,1.24987,1.249935
2017-10-13 13:59:00,1.249705,1.249885,1.249695,1.249885
2017-10-13 14:00:00,1.249555,1.249685,1.249515,1.249685
2017-10-13 14:01:00,1.249515,1.249575,1.249475,1.249575
2017-10-13 14:02:00,1.249675,1.24954,1.249525,1.24969
2017-10-13 14:03:00,1.249755,1.24962,1.249605,1.249775
2017-10-13 14:04:00,1.249715,1.249775,1.24971,1.249795
2017-10-13 14:05:00,1.24972,1.24971,1.249625,1.249735
2017-10-13 14:06:00,1.25019,1.249775,1.249775,1.250215
2017-10-13 14:07:00,1.25007,1.25024,1.250025,1.25025
2017-10-13 14:08:00,1.25,1.25008,1.24992,1.25011
2017-10-13 14:09:00,1.2499,1.24995,1.249845,1.24995
2017-10-13 14:10:00,1.249905,1.24991,1.249755,1.249955
2017-10-13 14:11:00,1.249605,1.249855,1.249605,1.249915
2017-10-13 14:12:00,1.249545,1.2496,1.24954,1.249615
2017-10-13 14:13:00,1.249275,1.24955,1.249225,1.249615
2017-10-13 14:14:00,1.249385,1.24926,1.24926,1.249445
2017-10-13 14:15:00,1.249355,1.24941,1.249345,1.24946
2017-10-13 14:16:00,1.249365,1.249375,1.24936,1.249525
2017-10-13 14:17:00,1.248485,1.249375,1.24844,1.249375
2017-10-13 14:18:00,1.248785,1.248495,1.24835,1.248795
2017-10-13 14:19:00,1.248955,1.24884,1.24871,1.248955
2017-10-13 14:20:00,1.24881,1.24898,1.24877,1.24907
2017-10-13 14:21:00,1.248505,1.24883,1.24846,1.24896
2017-10-13 14:22:00,1.24827,1.24851,1.24808,1.24857
2017-10-13 14:23:00,1.24839,1.248295,1.248295,1.248625
2017-10-13 14:24:00,1.248545,1.248365,1.248325,1.24855
2017-10-13 14:25:00,1.248345,1.24855,1.248165,1.248555
2017-10-13 14:26:00,1.248435,1.24834,1.248315,1.24845
2017-10-13 14:27:00,1.24856,1.24849,1.248425,1.24858
2017-10-13 14:28:00,1.24819,1.248545,1.24805,1.248545
2017-10-13 14:29:00,1.24802,1.248185,1.24796,1.24819
2017-10-13 14:30:00,1.24822,1.24807,1.24805,1.248225
2017-10-13 14:31:00,1.248405,1.248195,1.248165,1.248685
2017-10-13 14:32:00,1.248385,1.24838,1.24831,1.248385
2017-10-13 14:33:00,1.248425,1.24839,1.24835,1.24844
2017-10-13 14:34:00,1.24832,1.24842,1.248255,1.24842
2017-10-13 14:35:00,1.248105,1.24833,1.248045,1.24833
2017-10-13 14:36:00,1.248045,1.248105,1.248045,1.248115
2017-10-13 14:37:00,1.24788,1.24802,1.247775,1.24802
2017-10-13 14:38:00,1.247885,1.2479,1.247855,1.247985
2017-10-13 14:39:00,1.24794,1.24791,1.24788,1.248065
2017-10-13 14:40:00,1.248185,1.247925,1.247885,1.248195
2017-10-13 14:41:00,1.2483,1.248235,1.248225,1.248335
2017-10-13 14:42:00,1.248335,1.2483,1.248215,1.248345
2017-10-13 14:43:00,1.248245,1.248335,1.248245,1.248415
2017-10-13 14:44:00,1.248215,1.2482,1.248125,1.24822
2017-10-13 14:45:00,1.24827,1.248235,1.24817,1.24827
2017-10-13 14:46:00,1.24827,1.248235,1.24817,1.24827
2017-10-13 14:47:00,1.248215,1.248215,1.24815,1.248235
2017-10-13 14:48:00,1.24821,1.248215,1.248205,1.248375
2017-10-13 14:49:00,1.248035,1.248215,1.24802,1.248215
2017-10-13 14:50:00,1.247975,1.24805,1.24797,1.24817
2017-10-13 14:51:00,1.2479,1.247975,1.247845,1.247985
2017-10-13 14:52:00,1.247905,1.2479,1.24789,1.24791
2017-10-13 14:53:00,1.24788,1.247875,1.247845,1.24792
2017-10-13 14:54:00,1.24788,1.247825,1.247825,1.24789
2017-10-13 14:55:00,1.2479,1.24783,1.24783,1.2479
2017-10-13 14:56:00,1.248015,1.247905,1.247905,1.24808
2017-10-13 14:57:00,1.24804,1.248025,1.248005,1.248145
2017-10-13 14:58:00,1.2481,1.248085,1.248085,1.248135
2017-10-13 14:59:00,1.247965,1.248105,1.247965,1.248115
2017-10-13 15:00:00,1.248115,1.24794,1.24789,1.24812
2017-10-13 15:01:00,1.248,1.248115,1.24798,1.248155
2017-10-13 15:02:00,1.24836,1.248005,1.247985,1.248365
2017-10-13 15:03:00,1.248085,1.24835,1.248045,1.24836
2017-10-13 15:04:00,1.248085,1.24835,1.248045,1.24836
2017-10-13 15:05:00,1.24794,1.248115,1.247935,1.248115
2017-10-13 15:06:00,1.24798,1.247955,1.2479,1.248
2017-10-13 15:07:00,1.247905,1.24799,1.24787,1.24799
2017-10-13 15:08:00,1.247925,1.24792,1.24791,1.247935
2017-10-13 15:09:00,1.247945,1.247945,1.24793,1.24801
2017-10-13 15:10:00,1.248185,1.24794,1.24794,1.248185
2017-10-13 15:11:00,1.248275,1.248205,1.248195,1.248275
2017-10-13 15:12:00,1.248165,1.24822,1.248125,1.248225
2017-10-13 15:13:00,1.248255,1.24821,1.24821,1.248255
2017-10-13 15:14:00,1.248255,1.24821,1.24821,1.248255
2017-10-13 15:15:00,1.24824,1.24828,1.2482,1.248355
2017-10-13 15:16:00,1.24828,1.24824,1.248175,1.24829
2017-10-13 15:17:00,1.248335,1.248275,1.24813,1.248345
2017-10-13 15:18:00,1.248425,1.24834,1.248335,1.24843
2017-10-13 15:19:00,1.248175,1.24842,1.248175,1.248425
2017-10-13 15:20:00,1.248365,1.24818,1.24815,1.248395
2017-10-13 15:21:00,1.2483,1.24841,1.24829,1.248495
2017-10-13 15:22:00,1.248305,1.248295,1.248245,1.24831
2017-10-13 15:23:00,1.2484,1.248305,1.2483,1.2484
2017-10-13 15:24:00,1.24845,1.24844,1.24844,1.248455
2017-10-13 15:25:00,1.2485,1.24846,1.24846,1.248515
2017-10-13 15:26:00,1.24841,1.24845,1.248375,1.24846
2017-10-13 15:27:00,1.248445,1.24841,1.248385,1.24845
2017-10-13 15:28:00,1.248365,1.248455,1.248335,1.248455
2017-10-13 15:29:00,1.248375,1.24831,1.24816,1.24838
2017-10-13 15:30:00,1.24835,1.24836,1.24828,1.248375
2017-10-13 15:31:00,1.248365,1.248345,1.248345,1.248375
2017-10-13 15:32:00,1.248165,1.248335,1.248165,1.248435
2017-10-13 15:33:00,1.248065,1.24816,1.24795,1.248235
2017-10-13 15:34:00,1.247995,1.248045,1.24798,1.248095
2017-10-13 15:35:00,1.24792,1.248015,1.247915,1.24802
2017-10-13 15:36:00,1.247805,1.247905,1.2478,1.247985
2017-10-13 15:37:00,1.247735,1.24779,1.247715,1.24779
2017-10-13 15:38:00,1.24781,1.247785,1.247785,1.247885
2017-10-13 15:39:00,1.24783,1.247815,1.247805,1.247895
2017-10-13 15:40:00,1.24778,1.24788,1.24778,1.24793
2017-10-13 15:41:00,1.247895,1.247725,1.247685,1.247895
2017-10-13 15:42:00,1.247865,1.24789,1.247805,1.247905
2017-10-13 15:43:00,1.247925,1.24785,1.24785,1.247965
2017-10-13 15:44:00,1.24796,1.24797,1.24796,1.248095
2017-10-13 15:45:00,1.24788,1.24796,1.24782,1.247965
2017-10-13 15:46:00,1.247835,1.247885,1.247825,1.248
2017-10-13 15:47:00,1.247895,1.247835,1.24782,1.247895
2017-10-13 15:48:00,1.247905,1.24791,1.247905,1.24791
2017-10-13 15:49:00,1.24798,1.24791,1.24791,1.248075
2017-10-13 15:50:00,1.24799,1.247995,1.2479,1.24803
2017-10-13 15:51:00,1.247985,1.247975,1.247905,1.247995
2017-10-13 15:52:00,1.24813,1.248035,1.24803,1.24813
2017-10-13 15:53:00,1.248215,1.248105,1.248105,1.24825
2017-10-13 15:54:00,1.248185,1.248235,1.248185,1.248255
2017-10-13 15:55:00,1.24826,1.24816,1.24813,1.24826
2017-10-13 15:56:00,1.24826,1.24816,1.24813,1.24826
2017-10-13 15:57:00,1.248325,1.24824,1.24817,1.248325
2017-10-13 15:58:00,1.24829,1.248375,1.24828,1.248405
2017-10-13 15:59:00,1.248255,1.248295,1.248215,1.248305
2017-10-13 16:00:00,1.248185,1.248255,1.248185,1.2483
2017-10-13 16:01:00,1.248165,1.248235,1.248165,1.248345
2017-10-13 16:02:00,1.2481,1.24815,1.248095,1.248165
2017-10-13 16:03:00,1.2479,1.24803,1.247895,1.248035
2017-10-13 16:04:00,1.247895,1.247885,1.24786,1.24794
2017-10-13 16:05:00,1.247865,1.24789,1.247865,1.24795
2017-10-13 16:06:00,1.247925,1.24787,1.247845,1.24794
2017-10-13 16:07:00,1.247915,1.2479,1.247835,1.24794
2017-10-13 16:08:00,1.24795,1.247925,1.247895,1.24795
2017-10-13 16:09:00,1.24795,1.247975,1.247885,1.247975
2017-10-13 16:10:00,1.248085,1.24794,1.247915,1.24809
2017-10-13 16:11:00,1.24817,1.24807,1.24807,1.248175
2017-10-13 16:12:00,1.248175,1.248165,1.248155,1.248185
2017-10-13 16:13:00,1.2482,1.24818,1.24818,1.24823
2017-10-13 16:14:00,1.24815,1.248145,1.248095,1.24817
2017-10-13 16:15:00,1.248125,1.248155,1.248125,1.248195
2017-10-13 16:16:00,1.24821,1.24813,1.248125,1.24821
2017-10-13 16:17:00,1.24813,1.248185,1.24812,1.248185
2017-10-13 16:18:00,1.248065,1.248125,1.248055,1.248125
2017-10-13 16:19:00,1.248015,1.24807,1.24799,1.248085
2017-10-13 16:20:00,1.24806,1.248015,1.248005,1.248105
2017-10-13 16:21:00,1.24798,1.248035,1.24796,1.24804
2017-10-13 16:22:00,1.247965,1.247985,1.247955,1.248
2017-10-13 16:23:00,1.248035,1.24796,1.247945,1.248035
2017-10-13 16:24:00,1.247955,1.24801,1.24795,1.24801
2017-10-13 16:25:00,1.24799,1.247965,1.247965,1.24807
2017-10-13 16:26:00,1.248045,1.24799,1.24799,1.248045
2017-10-13 16:27:00,1.24803,1.248035,1.24802,1.248035
2017-10-13 16:28:00,1.248045,1.248,1.24792,1.248045
2017-10-13 16:29:00,1.24802,1.248045,1.24797,1.24805
2017-10-13 16:30:00,1.24805,1.248025,1.247995,1.24809
2017-10-13 16:31:00,1.24808,1.248035,1.24803,1.24808
2017-10-13 16:32:00,1.24814,1.24813,1.24811,1.248155
2017-10-13 16:33:00,1.24807,1.24814,1.248065,1.248175
2017-10-13 16:34:00,1.24804,1.248065,1.247995,1.248065
2017-10-13 16:35:00,1.247965,1.24805,1.247915,1.24807
2017-10-13 16:36:00,1.247845,1.24798,1.247795,1.24799
2017-10-13 16:37:00,1.248095,1.247845,1.24783,1.24818
2017-10-13 16:38:00,1.248045,1.24808,1.24802,1.248175
2017-10-13 16:39:00,1.24807,1.24807,1.24807,1.24807
2017-10-13 16:40:00,1.248055,1.248125,1.24802,1.248125
2017-10-13 16:41:00,1.24814,1.248055,1.248055,1.24822
2017-10-13 16:42:00,1.24824,1.24814,1.24813,1.24829
2017-10-13 16:43:00,1.248305,1.248255,1.24824,1.24831
2017-10-13 16:44:00,1.2478,1.24831,1.247685,1.24831
2017-10-13 16:45:00,1.247415,1.24772,1.247355,1.24784
2017-10-13 16:46:00,1.247465,1.24748,1.24732,1.247695
2017-10-13 16:47:00,1.247375,1.247485,1.247235,1.24752
2017-10-13 16:48:00,1.2472,1.247375,1.24717,1.24738
2017-10-13 16:49:00,1.24721,1.247195,1.247095,1.247285
2017-10-13 16:50:00,1.247065,1.247195,1.24701,1.24736
2017-10-13 16:51:00,1.24721,1.24707,1.24696,1.24729
2017-10-13 16:52:00,1.247225,1.247195,1.24711,1.24734
2017-10-13 16:53:00,1.247355,1.247145,1.247,1.247375
2017-10-13 16:54:00,1.247225,1.24738,1.247215,1.24744
2017-10-13 16:55:00,1.247325,1.247205,1.247155,1.24738
2017-10-13 16:56:00,1.247155,1.24732,1.247115,1.248005
2017-10-13 16:57:00,1.24668,1.24711,1.246665,1.247235
2017-10-13 16:58:00,1.246715,1.246815,1.24643,1.24699
2017-10-15 17:04:00,1.24724,1.24724,1.24724,1.24724
2017-10-15 17:05:00,1.24724,1.24724,1.24724,1.24724
2017-10-15 17:06:00,1.24723,1.24697,1.24682,1.24723
2017-10-15 17:07:00,1.24736,1.24736,1.24736,1.24736
2017-10-15 17:08:00,1.24744,1.24743,1.247095,1.24766
2017-10-15 17:09:00,1.247415,1.247375,1.247375,1.247415
2017-10-15 17:10:00,1.247415,1.247375,1.247375,1.247415
2017-10-15 17:11:00,1.2478,1.24759,1.24744,1.2478
2017-10-15 17:12:00,1.24784,1.247795,1.24779,1.24784
2017-10-15 17:13:00,1.247835,1.247835,1.247835,1.247835
2017-10-15 17:14:00,1.247835,1.24784,1.247835,1.24784
2017-10-15 17:15:00,1.247665,1.247665,1.247665,1.247665
2017-10-15 17:16:00,1.247665,1.247665,1.247665,1.247665
2017-10-15 17:17:00,1.247665,1.247665,1.247665,1.247665
2017-10-15 17:18:00,1.247665,1.247665,1.247665,1.247665
2017-10-15 17:19:00,1.247665,1.247665,1.247665,1.247665
2017-10-15 17:20:00,1.247665,1.247665,1.247665,1.247665
2017-10-15 17:21:00,1.247665,1.247665,1.247665,1.247665
2017-10-15 17:22:00,1.247665,1.247665,1.247665,1.247665
2017-10-15 17:23:00,1.247665,1.247665,1.247665,1.247665
2017-10-15 17:24:00,1.247665,1.247665,1.247665,1.247665
2017-10-15 17:25:00,1.247615,1.247615,1.247615,1.247615
2017-10-15 17:26:00,1.24785,1.24783,1.24783,1.247865
2017-10-15 17:27:00,1.247835,1.247845,1.24783,1.24786
2017-10-15 17:28:00,1.247835,1.24785,1.24783,1.247855
2017-10-15 17:29:00,1.247835,1.24785,1.24783,1.247855
2017-10-15 17:30:00,1.247845,1.247845,1.24784,1.247875
2017-10-15 17:31:00,1.247645,1.247645,1.247645,1.247645
2017-10-15 17:32:00,1.247645,1.247645,1.247645,1.247645
2017-10-15 17:33:00,1.247645,1.247645,1.247645,1.247645
2017-10-15 17:34:00,1.247645,1.247645,1.247645,1.247645
2017-10-15 17:35:00,1.247645,1.247645,1.247645,1.247645
2017-10-15 17:36:00,1.247645,1.247645,1.247645,1.247645
2017-10-15 17:37:00,1.24756,1.247895,1.247515,1.247895
2017-10-15 17:38:00,1.24778,1.247615,1.247325,1.24778
2017-10-15 17:39:00,1.24764,1.24776,1.24757,1.24786
2017-10-15 17:40:00,1.247865,1.247595,1.247595,1.247895
2017-10-15 17:41:00,1.24744,1.247695,1.247415,1.247695
2017-10-15 17:42:00,1.24762,1.247605,1.24741,1.247865
2017-10-15 17:43:00,1.2478,1.24763,1.24763,1.2478
2017-10-15 17:44:00,1.248025,1.24802,1.24801,1.248045
2017-10-15 17:45:00,1.24796,1.24802,1.247775,1.248035
2017-10-15 17:46:00,1.24775,1.24796,1.24765,1.24801
2017-10-15 17:47:00,1.24774,1.247705,1.24753,1.248195
2017-10-15 17:48:00,1.24782,1.24796,1.2477,1.24802
2017-10-15 17:49:00,1.248015,1.24801,1.24766,1.248325
2017-10-15 17:50:00,1.24789,1.24801,1.247815,1.248075
2017-10-15 17:51:00,1.24789,1.24801,1.247815,1.248075
2017-10-15 17:52:00,1.24789,1.24801,1.247815,1.248075
2017-10-15 17:53:00,1.24789,1.24801,1.247815,1.248075
2017-10-15 17:54:00,1.24789,1.24801,1.247815,1.248075
2017-10-15 17:55:00,1.24778,1.247685,1.24737,1.247955
2017-10-15 17:56:00,1.24778,1.247535,1.247335,1.247785
2017-10-15 17:57:00,1.24778,1.247535,1.247335,1.247785
2017-10-15 17:58:00,1.24783,1.24783,1.24783,1.24783
2017-10-15 17:59:00,1.24787,1.24787,1.24787,1.24787
2017-10-15 18:00:00,1.247705,1.2477,1.24769,1.24771
2017-10-15 18:01:00,1.24777,1.247855,1.24736,1.24796
2017-10-15 18:02:00,1.247785,1.248005,1.247785,1.248035
2017-10-15 18:03:00,1.24793,1.24804,1.247875,1.248165
2017-10-15 18:04:00,1.247895,1.247895,1.247895,1.247895
2017-10-15 18:05:00,1.247895,1.247895,1.247895,1.247895
2017-10-15 18:06:00,1.24802,1.247855,1.247855,1.24802
2017-10-15 18:07:00,1.24799,1.24802,1.24785,1.248065
2017-10-15 18:08:00,1.24799,1.24792,1.24792,1.24799
2017-10-15 18:09:00,1.24798,1.247995,1.24789,1.2481
2017-10-15 18:10:00,1.247935,1.248005,1.247915,1.248055
2017-10-15 18:11:00,1.248145,1.24794,1.247935,1.248155
2017-10-15 18:12:00,1.248265,1.24813,1.2481,1.248275
2017-10-15 18:13:00,1.24821,1.248245,1.248155,1.248295
2017-10-15 18:14:00,1.248235,1.248235,1.248235,1.248235
2017-10-15 18:15:00,1.24834,1.24826,1.24826,1.24834
2017-10-15 18:16:00,1.24819,1.248255,1.24819,1.248275
2017-10-15 18:17:00,1.24817,1.248175,1.248165,1.248175
2017-10-15 18:18:00,1.248245,1.248135,1.24812,1.248255
2017-10-15 18:19:00,1.248315,1.24825,1.248175,1.248385
2017-10-15 18:20:00,1.248295,1.248305,1.248295,1.248315
2017-10-15 18:21:00,1.24831,1.248315,1.248285,1.24832
2017-10-15 18:22:00,1.248245,1.248285,1.248245,1.248285
2017-10-15 18:23:00,1.24822,1.24822,1.24822,1.24822
2017-10-15 18:24:00,1.248165,1.248195,1.248165,1.248195
2017-10-15 18:25:00,1.24811,1.248135,1.24811,1.248135
2017-10-15 18:26:00,1.24798,1.248085,1.24798,1.248085
2017-10-15 18:27:00,1.247925,1.24795,1.247925,1.24795
2017-10-15 18:28:00,1.24783,1.247895,1.24783,1.247965
2017-10-15 18:29:00,1.247895,1.24784,1.24784,1.247915
2017-10-15 18:30:00,1.24783,1.24788,1.24782,1.24789
2017-10-15 18:31:00,1.247905,1.247855,1.24784,1.24813
2017-10-15 18:32:00,1.2479,1.247905,1.2479,1.247905
2017-10-15 18:33:00,1.2479,1.247905,1.247895,1.24791
2017-10-15 18:34:00,1.247825,1.247905,1.24782,1.247905
2017-10-15 18:35:00,1.247675,1.24784,1.247605,1.247855
2017-10-15 18:36:00,1.24814,1.247705,1.247705,1.24814
2017-10-15 18:37:00,1.248115,1.248165,1.24805,1.248165
2017-10-15 18:38:00,1.248135,1.24809,1.248085,1.24823
2017-10-15 18:39:00,1.248155,1.24813,1.24812,1.248165
2017-10-15 18:40:00,1.248385,1.24815,1.24809,1.248565
2017-10-15 18:41:00,1.24838,1.24838,1.248335,1.248405
2017-10-15 18:42:00,1.24844,1.248465,1.248425,1.248475
2017-10-15 18:43:00,1.24836,1.248445,1.24834,1.248515
2017-10-15 18:44:00,1.248375,1.24836,1.248335,1.24838
2017-10-15 18:45:00,1.24838,1.248345,1.248315,1.24838
2017-10-15 18:46:00,1.248475,1.248455,1.248455,1.2485
2017-10-15 18:47:00,1.24852,1.248485,1.24847,1.24857
2017-10-15 18:48:00,1.248535,1.24851,1.24851,1.24854
2017-10-15 18:49:00,1.248515,1.248525,1.248515,1.248525
2017-10-15 18:50:00,1.248515,1.24851,1.248505,1.24853
2017-10-15 18:51:00,1.24835,1.2485,1.24834,1.248505
2017-10-15 18:52:00,1.2484,1.24835,1.248335,1.2484
2017-10-15 18:53:00,1.248495,1.2484,1.2484,1.24851
2017-10-15 18:54:00,1.248485,1.248495,1.24847,1.248495
2017-10-15 18:55:00,1.24849,1.248495,1.248485,1.2485
2017-10-15 18:56:00,1.24844,1.24849,1.24844,1.2485
2017-10-15 18:57:00,1.248485,1.24846,1.24846,1.248485
2017-10-15 18:58:00,1.24853,1.24856,1.248525,1.248565
2017-10-15 18:59:00,1.2485,1.24854,1.24847,1.24854
2017-10-15 19:00:00,1.248475,1.248515,1.248455,1.248515
2017-10-15 19:01:00,1.248395,1.2485,1.248355,1.2485
2017-10-15 19:02:00,1.248475,1.248465,1.24844,1.24856
2017-10-15 19:03:00,1.24847,1.248495,1.248455,1.2485
2017-10-15 19:04:00,1.248475,1.24847,1.24846,1.248485
2017-10-15 19:05:00,1.24845,1.248465,1.24843,1.2485
2017-10-15 19:06:00,1.24844,1.24838,1.24833,1.248445
2017-10-15 19:07:00,1.248445,1.24844,1.248435,1.24846
2017-10-15 19:08:00,1.248445,1.24845,1.248435,1.24846
2017-10-15 19:09:00,1.24843,1.248445,1.24843,1.24846
2017-10-15 19:10:00,1.248475,1.24844,1.248415,1.24849
2017-10-15 19:11:00,1.248465,1.24848,1.248465,1.2485
2017-10-15 19:12:00,1.24848,1.24846,1.24845,1.248495
2017-10-15 19:13:00,1.248535,1.248535,1.248535,1.248535
2017-10-15 19:14:00,1.248515,1.248515,1.248515,1.248515
2017-10-15 19:15:00,1.2486,1.248575,1.248575,1.24861
2017-10-15 19:16:00,1.248545,1.248595,1.248545,1.248595
2017-10-15 19:17:00,1.248545,1.248595,1.248545,1.248595
2017-10-15 19:18:00,1.24861,1.248605,1.248585,1.248645
2017-10-15 19:19:00,1.24856,1.248615,1.24856,1.248615
2017-10-15 19:20:00,1.248475,1.248495,1.24843,1.248495
2017-10-15 19:21:00,1.24857,1.24854,1.24853,1.24859
2017-10-15 19:22:00,1.248575,1.24857,1.248565,1.248575
2017-10-15 19:23:00,1.248515,1.248555,1.248515,1.248565
2017-10-15 19:24:00,1.248515,1.248555,1.248515,1.248565
2017-10-15 19:25:00,1.248515,1.248555,1.248515,1.248565
2017-10-15 19:26:00,1.248515,1.248555,1.248515,1.248565
2017-10-15 19:27:00,1.24849,1.24849,1.24849,1.24849
2017-10-15 19:28:00,1.24849,1.24849,1.24849,1.24849
2017-10-15 19:29:00,1.248515,1.24855,1.248515,1.248555
2017-10-15 19:30:00,1.248515,1.24855,1.248515,1.248555
2017-10-15 19:31:00,1.248515,1.24855,1.248515,1.248555
2017-10-15 19:32:00,1.248515,1.24855,1.248515,1.248555
2017-10-15 19:33:00,1.248515,1.24855,1.248515,1.248555
2017-10-15 19:34:00,1.248515,1.24855,1.248515,1.248555
2017-10-15 19:35:00,1.24853,1.24849,1.24849,1.24855
2017-10-15 19:36:00,1.248565,1.248535,1.24853,1.24857
2017-10-15 19:37:00,1.24849,1.24855,1.24848,1.24855
2017-10-15 19:38:00,1.24846,1.24848,1.24845,1.248485
2017-10-15 19:39:00,1.24841,1.248435,1.24841,1.248445
2017-10-15 19:40:00,1.24843,1.248425,1.248415,1.24846
2017-10-15 19:41:00,1.248415,1.24844,1.248415,1.24844
2017-10-15 19:42:00,1.248415,1.248415,1.24841,1.248455
2017-10-15 19:43:00,1.248365,1.24841,1.248365,1.24843
2017-10-15 19:44:00,1.248365,1.24841,1.248365,1.24843
2017-10-15 19:45:00,1.248345,1.248345,1.248345,1.248345
2017-10-15 19:46:00,1.248245,1.24829,1.248245,1.248315
2017-10-15 19:47:00,1.24825,1.24824,1.248235,1.248255
2017-10-15 19:48:00,1.2482,1.24824,1.24818,1.24825
2017-10-15 19:49:00,1.248115,1.248195,1.24811,1.248195
2017-10-15 19:50:00,1.2481,1.24805,1.248015,1.24812
2017-10-15 19:51:00,1.248075,1.24808,1.24807,1.248175
2017-10-15 19:52:00,1.24802,1.248025,1.24801,1.24812
2017-10-15 19:53:00,1.24796,1.247995,1.24796,1.24805
2017-10-15 19:54:00,1.247895,1.24797,1.247855,1.24797
2017-10-15 19:55:00,1.247895,1.24797,1.247855,1.24797
2017-10-15 19:56:00,1.24794,1.24796,1.24794,1.24796
2017-10-15 19:57:00,1.24794,1.24796,1.24794,1.24796
2017-10-15 19:58:00,1.24796,1.24795,1.247945,1.24796
2017-10-15 19:59:00,1.24796,1.24796,1.24794,1.248
2017-10-15 20:00:00,1.24793,1.24794,1.24792,1.247985
2017-10-15 20:01:00,1.247945,1.247935,1.247905,1.24795
2017-10-15 20:02:00,1.24783,1.24794,1.24783,1.24794
2017-10-15 20:03:00,1.24767,1.247825,1.247635,1.247825
2017-10-15 20:04:00,1.247715,1.247665,1.247645,1.247715
2017-10-15 20:05:00,1.247705,1.24766,1.24764,1.24772
2017-10-15 20:06:00,1.24774,1.247705,1.24769,1.247795
2017-10-15 20:07:00,1.24783,1.247735,1.247735,1.247835
2017-10-15 20:08:00,1.24782,1.247835,1.2478,1.24786
2017-10-15 20:09:00,1.247845,1.247815,1.247805,1.247855
2017-10-15 20:10:00,1.2478,1.24784,1.2478,1.247905
2017-10-15 20:11:00,1.2478,1.24784,1.2478,1.247905
2017-10-15 20:12:00,1.2478,1.24784,1.2478,1.247905
2017-10-15 20:13:00,1.24776,1.247745,1.247745,1.247775
2017-10-15 20:14:00,1.24778,1.247765,1.24776,1.247795
2017-10-15 20:15:00,1.24779,1.247775,1.24776,1.24779
2017-10-15 20:16:00,1.24779,1.247775,1.247745,1.24779
2017-10-15 20:17:00,1.24779,1.24777,1.24777,1.247845
2017-10-15 20:18:00,1.24777,1.247815,1.247755,1.247815
2017-10-15 20:19:00,1.24775,1.247775,1.24774,1.24778
2017-10-15 20:20:00,1.24784,1.24777,1.24775,1.247845
2017-10-15 20:21:00,1.247815,1.24782,1.24779,1.247825
2017-10-15 20:22:00,1.247815,1.24782,1.24779,1.247825
2017-10-15 20:23:00,1.24782,1.24784,1.24777,1.24784
2017-10-15 20:24:00,1.247925,1.247765,1.24776,1.247985
2017-10-15 20:25:00,1.247695,1.24792,1.247695,1.247925
2017-10-15 20:26:00,1.24763,1.247695,1.24763,1.247695
2017-10-15 20:27:00,1.247775,1.24765,1.24765,1.247775
2017-10-15 20:28:00,1.24783,1.24778,1.247775,1.24785
2017-10-15 20:29:00,1.247785,1.247805,1.247765,1.247825
2017-10-15 20:30:00,1.247875,1.247785,1.24777,1.247875
2017-10-15 20:31:00,1.247905,1.24788,1.247815,1.247905
2017-10-15 20:32:00,1.24798,1.2479,1.24789,1.247985
2017-10-15 20:33:00,1.247895,1.247985,1.247885,1.248015
2017-10-15 20:34:00,1.24782,1.24789,1.24782,1.2479
2017-10-15 20:35:00,1.247765,1.247795,1.247765,1.24781
2017-10-15 20:36:00,1.247735,1.247735,1.247735,1.247735
2017-10-15 20:37:00,1.247765,1.247785,1.247765,1.24781
2017-10-15 20:38:00,1.247785,1.247785,1.247785,1.247785
2017-10-15 20:39:00,1.24778,1.247805,1.24775,1.247805
2017-10-15 20:40:00,1.247755,1.24781,1.247745,1.24781
2017-10-15 20:41:00,1.24776,1.247755,1.247745,1.247775
2017-10-15 20:42:00,1.247815,1.247765,1.247745,1.247815
2017-10-15 20:43:00,1.247825,1.24787,1.247815,1.247885
2017-10-15 20:44:00,1.24782,1.24783,1.247815,1.24783
2017-10-15 20:45:00,1.24782,1.247835,1.24781,1.24784
2017-10-15 20:46:00,1.24786,1.247835,1.247815,1.247865
2017-10-15 20:47:00,1.247855,1.24786,1.247825,1.24787
2017-10-15 20:48:00,1.247965,1.247855,1.247845,1.24797
2017-10-15 20:49:00,1.248205,1.24802,1.24802,1.24822
2017-10-15 20:50:00,1.24795,1.248185,1.24795,1.248215
2017-10-15 20:51:00,1.247895,1.247925,1.247895,1.247925
2017-10-15 20:52:00,1.247855,1.247865,1.247845,1.247895
2017-10-15 20:53:00,1.247815,1.247875,1.247765,1.2479
2017-10-15 20:54:00,1.247865,1.247795,1.247795,1.24791
2017-10-15 20:55:00,1.24831,1.24787,1.24786,1.248325
2017-10-15 20:56:00,1.248355,1.24829,1.24824,1.248415
2017-10-15 20:57:00,1.2482,1.24835,1.24816,1.24835
2017-10-15 20:58:00,1.24832,1.24826,1.248255,1.24833
2017-10-15 20:59:00,1.248305,1.24832,1.248275,1.248345
2017-10-15 21:00:00,1.248365,1.24836,1.248355,1.24837
2017-10-15 21:01:00,1.248415,1.24834,1.248335,1.24852
2017-10-15 21:02:00,1.248435,1.24842,1.248415,1.248435
2017-10-15 21:03:00,1.248475,1.24844,1.24844,1.24851
2017-10-15 21:04:00,1.248425,1.248475,1.248405,1.24848
2017-10-15 21:05:00,1.24841,1.24843,1.248405,1.248435
2017-10-15 21:06:00,1.24841,1.24847,1.248395,1.24847
2017-10-15 21:07:00,1.24842,1.24847,1.24842,1.24849
2017-10-15 21:08:00,1.24838,1.248475,1.248365,1.248495
2017-10-15 21:09:00,1.24846,1.248375,1.248355,1.24846
2017-10-15 21:10:00,1.248515,1.24847,1.248465,1.24852
2017-10-15 21:11:00,1.2485,1.24852,1.248485,1.24854
2017-10-15 21:12:00,1.24837,1.24844,1.248365,1.24844
2017-10-15 21:13:00,1.24837,1.248365,1.24836,1.248375
2017-10-15 21:14:00,1.248445,1.24839,1.24838,1.24849
2017-10-15 21:15:00,1.24829,1.248435,1.24826,1.24845
2017-10-15 21:16:00,1.24828,1.248275,1.248195,1.248285
2017-10-15 21:17:00,1.248315,1.24829,1.248255,1.248315
2017-10-15 21:18:00,1.24832,1.24829,1.248265,1.248325
2017-10-15 21:19:00,1.24832,1.248375,1.248315,1.24839
2017-10-15 21:20:00,1.24835,1.24833,1.248325,1.24839
2017-10-15 21:21:00,1.24846,1.24835,1.24831,1.24847
2017-10-15 21:22:00,1.24847,1.248465,1.248445,1.248535
2017-10-15 21:23:00,1.248475,1.24841,1.248405,1.248495
2017-10-15 21:24:00,1.248425,1.248425,1.248355,1.248435
2017-10-15 21:25:00,1.24837,1.248385,1.248345,1.24841
2017-10-15 21:26:00,1.24836,1.24837,1.248335,1.24839
2017-10-15 21:27:00,1.24829,1.24836,1.248265,1.24836
2017-10-15 21:28:00,1.24829,1.24836,1.248265,1.24836
2017-10-15 21:29:00,1.248265,1.24831,1.248255,1.24831
2017-10-15 21:30:00,1.248325,1.248255,1.248255,1.248445
2017-10-15 21:31:00,1.24841,1.24832,1.248315,1.248465
2017-10-15 21:32:00,1.24846,1.24841,1.248405,1.248475
2017-10-15 21:33:00,1.24841,1.24841,1.24831,1.248415
2017-10-15 21:34:00,1.248385,1.248475,1.24835,1.24855
2017-10-15 21:35:00,1.24848,1.24839,1.24832,1.24848
2017-10-15 21:36:00,1.248455,1.248465,1.24845,1.248485
2017-10-15 21:37:00,1.248395,1.24845,1.24839,1.24845
2017-10-15 21:38:00,1.248315,1.2484,1.248305,1.24841
2017-10-15 21:39:00,1.248315,1.2484,1.248305,1.24841
2017-10-15 21:40:00,1.248315,1.2484,1.248305,1.24841
2017-10-15 21:41:00,1.248295,1.248295,1.24829,1.24832
2017-10-15 21:42:00,1.248295,1.248295,1.24829,1.24832
2017-10-15 21:43:00,1.248295,1.248295,1.24829,1.24832
2017-10-15 21:44:00,1.248255,1.248245,1.248245,1.248255
2017-10-15 21:45:00,1.24828,1.248255,1.248245,1.24828
2017-10-15 21:46:00,1.24828,1.24823,1.248225,1.24828
2017-10-15 21:47:00,1.248295,1.248265,1.248265,1.248295
2017-10-15 21:48:00,1.24824,1.248245,1.248235,1.248245
2017-10-15 21:49:00,1.24829,1.24824,1.24824,1.248295
2017-10-15 21:50:00,1.248235,1.248235,1.24822,1.248245
2017-10-15 21:51:00,1.248265,1.248265,1.248265,1.248265
2017-10-15 21:52:00,1.24824,1.24824,1.24824,1.24824
2017-10-15 21:53:00,1.248295,1.248295,1.24829,1.248315
2017-10-15 21:54:00,1.248305,1.248305,1.248295,1.24832
2017-10-15 21:55:00,1.24825,1.2483,1.24824,1.24836
2017-10-15 21:56:00,1.2484,1.248305,1.248305,1.248405
2017-10-15 21:57:00,1.248485,1.248405,1.248405,1.248485
2017-10-15 21:58:00,1.248505,1.24849,1.248475,1.248535
2017-10-15 21:59:00,1.248515,1.24851,1.248485,1.248515
2017-10-15 22:00:00,1.248645,1.248575,1.24857,1.248645
2017-10-15 22:01:00,1.24859,1.24862,1.24852,1.24862
2017-10-15 22:02:00,1.24849,1.248535,1.248475,1.248535
2017-10-15 22:03:00,1.24849,1.248535,1.248475,1.248535
2017-10-15 22:04:00,1.2486,1.24851,1.24849,1.248605
2017-10-15 22:05:00,1.248595,1.248615,1.248595,1.248615
2017-10-15 22:06:00,1.248595,1.248615,1.248595,1.248615
2017-10-15 22:07:00,1.248695,1.24859,1.24859,1.248695
2017-10-15 22:08:00,1.24869,1.248715,1.24869,1.248725
2017-10-15 22:09:00,1.24873,1.248665,1.248665,1.248735
2017-10-15 22:10:00,1.24865,1.248725,1.248635,1.24873
2017-10-15 22:11:00,1.248585,1.24865,1.248585,1.24865
2017-10-15 22:12:00,1.248625,1.248625,1.248625,1.248625
2017-10-15 22:13:00,1.24858,1.248605,1.24858,1.248605
2017-10-15 22:14:00,1.24854,1.24863,1.248535,1.248645
2017-10-15 22:15:00,1.248545,1.24854,1.24853,1.24855
2017-10-15 22:16:00,1.24854,1.248545,1.24854,1.24855
2017-10-15 22:17:00,1.248535,1.248535,1.24853,1.248535
2017-10-15 22:18:00,1.24842,1.24853,1.2484,1.24853
2017-10-15 22:19:00,1.24839,1.248425,1.24838,1.24843
2017-10-15 22:20:00,1.248385,1.248375,1.24837,1.248395
2017-10-15 22:21:00,1.24854,1.24837,1.24829,1.24855
2017-10-15 22:22:00,1.248755,1.2486,1.2486,1.248755
2017-10-15 22:23:00,1.248735,1.248735,1.24873,1.24874
2017-10-15 22:24:00,1.248735,1.24873,1.24873,1.248735
2017-10-15 22:25:00,1.24875,1.248755,1.248745,1.248755
2017-10-15 22:26:00,1.248785,1.248805,1.248785,1.24881
2017-10-15 22:27:00,1.24881,1.248805,1.2488,1.2489
2017-10-15 22:28:00,1.24881,1.2488,1.248795,1.24881
2017-10-15 22:29:00,1.248685,1.248755,1.248675,1.24877
2017-10-15 22:30:00,1.248785,1.248695,1.248695,1.248835
2017-10-15 22:31:00,1.24876,1.24878,1.24876,1.248805
2017-10-15 22:32:00,1.24879,1.248765,1.248765,1.24882
2017-10-15 22:33:00,1.24879,1.248785,1.248785,1.24881
2017-10-15 22:34:00,1.24879,1.248785,1.248785,1.24881
2017-10-15 22:35:00,1.24875,1.248735,1.248715,1.248765
2017-10-15 22:36:00,1.24868,1.248755,1.24868,1.2488
2017-10-15 22:37:00,1.24871,1.24871,1.24871,1.24871
2017-10-15 22:38:00,1.248665,1.24869,1.248665,1.24869
2017-10-15 22:39:00,1.248725,1.24872,1.24872,1.248755
2017-10-15 22:40:00,1.24867,1.248715,1.24867,1.248715
2017-10-15 22:41:00,1.24862,1.248645,1.248605,1.24865
2017-10-15 22:42:00,1.248835,1.248625,1.24862,1.24884
2017-10-15 22:43:00,1.248835,1.248835,1.248825,1.24885
2017-10-15 22:44:00,1.24883,1.248835,1.248825,1.248855
2017-10-15 22:45:00,1.24876,1.248825,1.248745,1.24883
2017-10-15 22:46:00,1.24863,1.248705,1.248625,1.248705
2017-10-15 22:47:00,1.248655,1.248635,1.24862,1.248665
2017-10-15 22:48:00,1.24867,1.24869,1.24867,1.24869
2017-10-15 22:49:00,1.248645,1.248695,1.24864,1.248695
2017-10-15 22:50:00,1.24856,1.24863,1.24855,1.24865
2017-10-15 22:51:00,1.248625,1.248565,1.248565,1.24865
2017-10-15 22:52:00,1.248535,1.248605,1.248535,1.248605
2017-10-15 22:53:00,1.248635,1.248585,1.24858,1.24865
2017-10-15 22:54:00,1.248605,1.24864,1.248605,1.24868
2017-10-15 22:55:00,1.24856,1.24861,1.24856,1.248615
2017-10-15 22:56:00,1.24853,1.24857,1.24853,1.24857
2017-10-15 22:57:00,1.24853,1.24857,1.24853,1.24857
2017-10-15 22:58:00,1.24853,1.24857,1.24853,1.24857
2017-10-15 22:59:00,1.24846,1.248475,1.24842,1.248475
2017-10-15 23:00:00,1.24841,1.24842,1.248335,1.24845
2017-10-15 23:01:00,1.24842,1.248405,1.24839,1.248435
2017-10-15 23:02:00,1.24841,1.248415,1.24832,1.248425
2017-10-15 23:03:00,1.248385,1.248415,1.24833,1.24842
2017-10-15 23:04:00,1.248435,1.248405,1.248405,1.248485
2017-10-15 23:05:00,1.24846,1.24844,1.24844,1.24849
2017-10-15 23:06:00,1.2485,1.24843,1.24836,1.2485
2017-10-15 23:07:00,1.248605,1.248495,1.24849,1.24861
2017-10-15 23:08:00,1.24876,1.24861,1.2486,1.24877
2017-10-15 23:09:00,1.248755,1.248775,1.248755,1.248775
2017-10-15 23:10:00,1.248705,1.24874,1.248695,1.24874
2017-10-15 23:11:00,1.24871,1.24869,1.24868,1.248745
2017-10-15 23:12:00,1.248705,1.24871,1.2487,1.24873
2017-10-15 23:13:00,1.24861,1.248675,1.248605,1.248675
2017-10-15 23:14:00,1.248595,1.248615,1.248585,1.24862
2017-10-15 23:15:00,1.24853,1.24861,1.24853,1.248615
2017-10-15 23:16:00,1.24858,1.24852,1.248515,1.2486
2017-10-15 23:17:00,1.24862,1.24859,1.24859,1.248675
2017-10-15 23:18:00,1.248605,1.24861,1.248595,1.248615
2017-10-15 23:19:00,1.248635,1.248595,1.248595,1.24865
2017-10-15 23:20:00,1.248625,1.24863,1.248615,1.248635
2017-10-15 23:21:00,1.24866,1.24862,1.24862,1.24866
2017-10-15 23:22:00,1.24866,1.24864,1.24863,1.24866
2017-10-15 23:23:00,1.24866,1.248665,1.24866,1.248665
2017-10-15 23:24:00,1.24876,1.248715,1.248715,1.24877
2017-10-15 23:25:00,1.248805,1.248815,1.248805,1.24882
2017-10-15 23:26:00,1.24882,1.248855,1.24882,1.248895
2017-10-15 23:27:00,1.248765,1.248765,1.248765,1.248765
2017-10-15 23:28:00,1.24886,1.248775,1.248775,1.248865
2017-10-15 23:29:00,1.2489,1.248865,1.248845,1.24892
2017-10-15 23:30:00,1.24896,1.2489,1.248875,1.248985
2017-10-15 23:31:00,1.249035,1.24898,1.24898,1.24906
2017-10-15 23:32:00,1.249005,1.24904,1.24899,1.249055
2017-10-15 23:33:00,1.24899,1.248995,1.248985,1.249015
2017-10-15 23:34:00,1.24896,1.24899,1.24896,1.248995
2017-10-15 23:35:00,1.248935,1.248935,1.248935,1.248935
2017-10-15 23:36:00,1.24904,1.248985,1.24898,1.249045
2017-10-15 23:37:00,1.24902,1.24905,1.24901,1.24905
2017-10-15 23:38:00,1.24902,1.249075,1.24902,1.249095
2017-10-15 23:39:00,1.24897,1.24902,1.24897,1.24902
2017-10-15 23:40:00,1.248915,1.248985,1.248885,1.248985
2017-10-15 23:41:00,1.24891,1.24892,1.248895,1.248975
2017-10-15 23:42:00,1.248885,1.248915,1.24885,1.248925
2017-10-15 23:43:00,1.248775,1.24889,1.24877,1.24889
2017-10-15 23:44:00,1.248705,1.24878,1.248695,1.24878
2017-10-15 23:45:00,1.2487,1.24871,1.248695,1.24873
2017-10-15 23:46:00,1.24864,1.248675,1.24864,1.2487
2017-10-15 23:47:00,1.248475,1.248635,1.248445,1.248635
2017-10-15 23:48:00,1.248515,1.248525,1.248505,1.248525
2017-10-15 23:49:00,1.24849,1.248485,1.248435,1.24849
2017-10-15 23:50:00,1.248535,1.248535,1.24853,1.24854
2017-10-15 23:51:00,1.248525,1.248535,1.248525,1.248545
2017-10-15 23:52:00,1.248485,1.248485,1.248485,1.248485
2017-10-15 23:53:00,1.248505,1.248505,1.248505,1.248505
2017-10-15 23:54:00,1.248505,1.248505,1.248505,1.248505
2017-10-15 23:55:00,1.248455,1.248455,1.248445,1.24846
2017-10-15 23:56:00,1.24845,1.24845,1.248445,1.24846
2017-10-15 23:57:00,1.24845,1.24843,1.248425,1.24845
2017-10-15 23:58:00,1.248445,1.248445,1.24844,1.24846
2017-10-15 23:59:00,1.248455,1.24844,1.24844,1.24846
2017-10-16 00:00:00,1.24845,1.248455,1.248445,1.248465
2017-10-16 00:01:00,1.24846,1.24846,1.24846,1.24846
2017-10-16 00:02:00,1.248485,1.248485,1.248485,1.248485
2017-10-16 00:03:00,1.248445,1.248465,1.248445,1.248465
2017-10-16 00:04:00,1.248395,1.24842,1.248395,1.24842
2017-10-16 00:05:00,1.248395,1.24842,1.248395,1.24842
2017-10-16 00:06:00,1.24845,1.248375,1.248375,1.24845
2017-10-16 00:07:00,1.248385,1.248435,1.24838,1.24844
2017-10-16 00:08:00,1.24835,1.24835,1.24835,1.24835
2017-10-16 00:09:00,1.248375,1.248375,1.248375,1.248375
2017-10-16 00:10:00,1.248375,1.248375,1.248375,1.248375
2017-10-16 00:11:00,1.248355,1.248405,1.24835,1.248405
2017-10-16 00:12:00,1.24836,1.248355,1.24835,1.248365
2017-10-16 00:13:00,1.24836,1.24836,1.248355,1.248365
2017-10-16 00:14:00,1.248395,1.248355,1.248355,1.248395
2017-10-16 00:15:00,1.248375,1.248375,1.248375,1.248375
2017-10-16 00:16:00,1.24839,1.248425,1.24839,1.248425
2017-10-16 00:17:00,1.248365,1.24834,1.24834,1.248365
2017-10-16 00:18:00,1.24836,1.248355,1.24835,1.248365
2017-10-16 00:19:00,1.24835,1.24834,1.24834,1.24835
2017-10-16 00:20:00,1.24831,1.248375,1.24828,1.248375
2017-10-16 00:21:00,1.24824,1.24829,1.24824,1.24829
2017-10-16 00:22:00,1.24824,1.24829,1.24824,1.24829
2017-10-16 00:23:00,1.248335,1.24829,1.24829,1.248345
2017-10-16 00:24:00,1.248325,1.248345,1.248325,1.248345
2017-10-16 00:25:00,1.248325,1.248345,1.248325,1.248345
2017-10-16 00:26:00,1.24834,1.24834,1.24834,1.24834
2017-10-16 00:27:00,1.24831,1.24831,1.24831,1.24831
2017-10-16 00:28:00,1.24826,1.24826,1.248255,1.248265
2017-10-16 00:29:00,1.2483,1.24829,1.24829,1.24834
2017-10-16 00:30:00,1.2483,1.24829,1.24829,1.24834
2017-10-16 00:31:00,1.2483,1.24829,1.24829,1.24834
2017-10-16 00:32:00,1.2483,1.24829,1.24829,1.24834
2017-10-16 00:33:00,1.248325,1.248325,1.248325,1.248325
2017-10-16 00:34:00,1.24839,1.248345,1.248345,1.24839
2017-10-16 00:35:00,1.24841,1.248415,1.248405,1.24846
2017-10-16 00:36:00,1.24836,1.248395,1.248355,1.24845
2017-10-16 00:37:00,1.248305,1.24836,1.24829,1.24836
2017-10-16 00:38:00,1.248315,1.248315,1.248295,1.248345
2017-10-16 00:39:00,1.24832,1.248315,1.24831,1.248325
2017-10-16 00:40:00,1.248365,1.248325,1.24832,1.24837
2017-10-16 00:41:00,1.24838,1.24838,1.24838,1.24838
2017-10-16 00:42:00,1.24841,1.248375,1.248375,1.24841
2017-10-16 00:43:00,1.248395,1.248405,1.24839,1.24841
2017-10-16 00:44:00,1.248385,1.24839,1.248385,1.24839
2017-10-16 00:45:00,1.248385,1.24839,1.248385,1.24839
2017-10-16 00:46:00,1.248385,1.24839,1.248385,1.24839
2017-10-16 00:47:00,1.248385,1.24839,1.248385,1.24839
2017-10-16 00:48:00,1.248385,1.24839,1.248385,1.24839
2017-10-16 00:49:00,1.248385,1.24839,1.248385,1.24839
2017-10-16 00:50:00,1.248385,1.248385,1.24838,1.2484
2017-10-16 00:51:00,1.248385,1.248385,1.24838,1.2484
2017-10-16 00:52:00,1.248345,1.24834,1.248335,1.248345
2017-10-16 00:53:00,1.248355,1.248355,1.24835,1.24836
2017-10-16 00:54:00,1.24838,1.248385,1.24838,1.24839
2017-10-16 00:55:00,1.2483,1.24833,1.2483,1.24835
2017-10-16 00:56:00,1.2483,1.24827,1.24827,1.248325
2017-10-16 00:57:00,1.24828,1.2483,1.24828,1.248305
2017-10-16 00:58:00,1.248205,1.24825,1.24819,1.24825
2017-10-16 00:59:00,1.2482,1.248205,1.2482,1.248205
2017-10-16 01:00:00,1.248315,1.248255,1.248255,1.248315
2017-10-16 01:01:00,1.24828,1.24832,1.24828,1.248325
2017-10-16 01:02:00,1.24835,1.248335,1.248335,1.248365
2017-10-16 01:03:00,1.24836,1.248355,1.24835,1.248365
2017-10-16 01:04:00,1.248425,1.248365,1.24836,1.248425
2017-10-16 01:05:00,1.248425,1.248365,1.24836,1.248425
2017-10-16 01:06:00,1.24841,1.24842,1.248405,1.248425
2017-10-16 01:07:00,1.24841,1.24841,1.24841,1.24841
2017-10-16 01:08:00,1.24842,1.248405,1.248385,1.248425
2017-10-16 01:09:00,1.248425,1.248425,1.248425,1.248425
2017-10-16 01:10:00,1.24844,1.24841,1.248405,1.24845
2017-10-16 01:11:00,1.24842,1.24843,1.24842,1.248435
2017-10-16 01:12:00,1.2484,1.248425,1.2484,1.248425
2017-10-16 01:13:00,1.248415,1.248415,1.24841,1.24842
2017-10-16 01:14:00,1.24841,1.24841,1.24841,1.24841
2017-10-16 01:15:00,1.24841,1.248415,1.24841,1.248415
2017-10-16 01:16:00,1.24841,1.24841,1.24841,1.24841
2017-10-16 01:17:00,1.24842,1.248415,1.24841,1.24842
2017-10-16 01:18:00,1.24842,1.248435,1.24842,1.248445
2017-10-16 01:19:00,1.248305,1.24841,1.248305,1.24841
2017-10-16 01:20:00,1.24836,1.248335,1.248335,1.24836
2017-10-16 01:21:00,1.24841,1.24841,1.24841,1.24841
2017-10-16 01:22:00,1.24841,1.24841,1.24841,1.24841
2017-10-16 01:23:00,1.24841,1.24841,1.24841,1.24841
2017-10-16 01:24:00,1.24841,1.24841,1.24841,1.24841
2017-10-16 01:25:00,1.24841,1.24841,1.24841,1.24841
2017-10-16 01:26:00,1.24841,1.24841,1.24841,1.24841
2017-10-16 01:27:00,1.24841,1.24841,1.24841,1.24841
2017-10-16 01:28:00,1.248415,1.248405,1.248405,1.24842
2017-10-16 01:29:00,1.248425,1.248425,1.24842,1.24845
2017-10-16 01:30:00,1.248445,1.24842,1.24842,1.248445
2017-10-16 01:31:00,1.24843,1.24845,1.248415,1.248455
2017-10-16 01:32:00,1.248505,1.248485,1.248485,1.24855
2017-10-16 01:33:00,1.24847,1.248505,1.24847,1.24853
2017-10-16 01:34:00,1.248415,1.24847,1.24841,1.24848
2017-10-16 01:35:00,1.24843,1.248415,1.24841,1.248485
2017-10-16 01:36:00,1.24843,1.248415,1.24841,1.248485
2017-10-16 01:37:00,1.248525,1.24848,1.24848,1.248665
2017-10-16 01:38:00,1.2485,1.248525,1.248495,1.248535
2017-10-16 01:39:00,1.24841,1.248495,1.248405,1.248505
2017-10-16 01:40:00,1.2484,1.248405,1.24838,1.248415
2017-10-16 01:41:00,1.24835,1.248345,1.24834,1.248355
2017-10-16 01:42:00,1.24821,1.24835,1.24821,1.248355
2017-10-16 01:43:00,1.24826,1.248195,1.248195,1.24826
2017-10-16 01:44:00,1.24826,1.24826,1.24825,1.248265
2017-10-16 01:45:00,1.248305,1.248265,1.248255,1.248305
2017-10-16 01:46:00,1.248305,1.248265,1.248255,1.248305
2017-10-16 01:47:00,1.2484,1.248305,1.248305,1.2484
2017-10-16 01:48:00,1.248415,1.248415,1.24841,1.24842
2017-10-16 01:49:00,1.24841,1.248415,1.24841,1.248435
2017-10-16 01:50:00,1.248475,1.24847,1.24847,1.24848
2017-10-16 01:51:00,1.248445,1.24845,1.24842,1.248455
2017-10-16 01:52:00,1.24869,1.248465,1.248425,1.248705
2017-10-16 01:53:00,1.248895,1.248675,1.248665,1.248915
2017-10-16 01:54:00,1.248815,1.248875,1.248795,1.248875
2017-10-16 01:55:00,1.248805,1.24883,1.248805,1.248845
2017-10-16 01:56:00,1.248625,1.2488,1.248615,1.24881
2017-10-16 01:57:00,1.248575,1.24863,1.24857,1.24864
2017-10-16 01:58:00,1.248525,1.248565,1.24849,1.248575
2017-10-16 01:59:00,1.24849,1.248515,1.24849,1.24852
2017-10-16 02:00:00,1.24856,1.2485,1.248485,1.24856
2017-10-16 02:01:00,1.24849,1.248555,1.248485,1.248615
2017-10-16 02:02:00,1.248535,1.248485,1.248485,1.248585
2017-10-16 02:03:00,1.248185,1.248525,1.24818,1.248525
2017-10-16 02:04:00,1.248065,1.24818,1.248065,1.24818
2017-10-16 02:05:00,1.24794,1.24801,1.24794,1.24801
2017-10-16 02:06:00,1.247795,1.247885,1.24778,1.24795
2017-10-16 02:07:00,1.24771,1.247795,1.24767,1.247795
2017-10-16 02:08:00,1.247685,1.247715,1.2476,1.24775
2017-10-16 02:09:00,1.247655,1.24767,1.24761,1.247695
2017-10-16 02:10:00,1.247655,1.247645,1.247645,1.247705
2017-10-16 02:11:00,1.2477,1.24765,1.247645,1.247755
2017-10-16 02:12:00,1.24784,1.247685,1.247675,1.247885
2017-10-16 02:13:00,1.247695,1.24779,1.247665,1.24779
2017-10-16 02:14:00,1.247755,1.247685,1.24764,1.247815
2017-10-16 02:15:00,1.247575,1.24775,1.247565,1.24775
2017-10-16 02:16:00,1.247695,1.24758,1.247565,1.247695
2017-10-16 02:17:00,1.247605,1.2477,1.247585,1.2477
2017-10-16 02:18:00,1.247575,1.24761,1.247525,1.24763
2017-10-16 02:19:00,1.24757,1.247575,1.24757,1.24767
2017-10-16 02:20:00,1.24758,1.247575,1.247565,1.24764
2017-10-16 02:21:00,1.247655,1.24761,1.247605,1.247675
2017-10-16 02:22:00,1.247605,1.247645,1.2475,1.247655
2017-10-16 02:23:00,1.247565,1.247605,1.247565,1.247655
2017-10-16 02:24:00,1.24771,1.24757,1.247565,1.247725
2017-10-16 02:25:00,1.24771,1.24772,1.247695,1.247735
2017-10-16 02:26:00,1.24771,1.24766,1.247655,1.247715
2017-10-16 02:27:00,1.24781,1.24766,1.24766,1.247825
2017-10-16 02:28:00,1.247905,1.247805,1.247805,1.24792
2017-10-16 02:29:00,1.24789,1.24791,1.247775,1.24791
2017-10-16 02:30:00,1.2479,1.247895,1.24788,1.247915
2017-10-16 02:31:00,1.2478,1.24788,1.247765,1.247885
2017-10-16 02:32:00,1.247835,1.247795,1.247765,1.24784
2017-10-16 02:33:00,1.24784,1.247775,1.247775,1.24786
2017-10-16 02:34:00,1.24791,1.247855,1.247855,1.24792
2017-10-16 02:35:00,1.24784,1.24791,1.247795,1.247915
2017-10-16 02:36:00,1.247765,1.24784,1.24775,1.24784
2017-10-16 02:37:00,1.247675,1.247705,1.247615,1.24771
2017-10-16 02:38:00,1.24768,1.24762,1.24759,1.247685
2017-10-16 02:39:00,1.24768,1.24768,1.247615,1.24769
2017-10-16 02:40:00,1.247675,1.24768,1.24767,1.24768
2017-10-16 02:41:00,1.24782,1.24768,1.247675,1.247825
2017-10-16 02:42:00,1.247655,1.24783,1.24759,1.247835
2017-10-16 02:43:00,1.247785,1.247645,1.24764,1.24779
2017-10-16 02:44:00,1.247545,1.24778,1.247525,1.24778
2017-10-16 02:45:00,1.247335,1.24755,1.24729,1.247555
2017-10-16 02:46:00,1.24743,1.247355,1.247355,1.247435
2017-10-16 02:47:00,1.24741,1.247435,1.247405,1.24744
2017-10-16 02:48:00,1.24738,1.247415,1.247375,1.24756
2017-10-16 02:49:00,1.24743,1.24737,1.24736,1.24744
2017-10-16 02:50:00,1.24736,1.247425,1.247355,1.247425
2017-10-16 02:51:00,1.247565,1.247305,1.247305,1.247565
2017-10-16 02:52:00,1.247735,1.247625,1.247625,1.247745
2017-10-16 02:53:00,1.24774,1.24775,1.247725,1.247755
2017-10-16 02:54:00,1.247485,1.24771,1.247485,1.24771
2017-10-16 02:55:00,1.247585,1.24749,1.24748,1.24764
2017-10-16 02:56:00,1.247635,1.247565,1.24752,1.24764
2017-10-16 02:57:00,1.2475,1.247635,1.2475,1.247655
2017-10-16 02:58:00,1.247605,1.24749,1.24749,1.247605
2017-10-16 02:59:00,1.247675,1.247655,1.24759,1.247715
2017-10-16 03:00:00,1.2478,1.247735,1.247705,1.247815
2017-10-16 03:01:00,1.247905,1.247795,1.247735,1.24792
2017-10-16 03:02:00,1.247895,1.247905,1.24789,1.248185
2017-10-16 03:03:00,1.24775,1.247895,1.247735,1.247905
2017-10-16 03:04:00,1.247675,1.24777,1.24767,1.247805
2017-10-16 03:05:00,1.24751,1.24767,1.247465,1.247685
2017-10-16 03:06:00,1.247535,1.247515,1.24749,1.247565
2017-10-16 03:07:00,1.24729,1.247535,1.247265,1.24754
2017-10-16 03:08:00,1.24723,1.24724,1.247,1.247425
2017-10-16 03:09:00,1.24747,1.247215,1.24713,1.247495
2017-10-16 03:10:00,1.24743,1.247475,1.24741,1.24759
2017-10-16 03:11:00,1.247435,1.24744,1.247305,1.247455
2017-10-16 03:12:00,1.24746,1.24744,1.247435,1.247465
2017-10-16 03:13:00,1.24744,1.247465,1.247385,1.2475
2017-10-16 03:14:00,1.247495,1.24739,1.247305,1.247495
2017-10-16 03:15:00,1.247515,1.247525,1.24743,1.247535
2017-10-16 03:16:00,1.24752,1.247505,1.2475,1.247635
2017-10-16 03:17:00,1.24751,1.24754,1.247465,1.247595
2017-10-16 03:18:00,1.24721,1.2475,1.247175,1.247515
2017-10-16 03:19:00,1.247375,1.24722,1.24716,1.247385
2017-10-16 03:20:00,1.247475,1.247355,1.24735,1.247475
2017-10-16 03:21:00,1.247515,1.247535,1.247515,1.24762
2017-10-16 03:22:00,1.247415,1.247505,1.247325,1.24754
2017-10-16 03:23:00,1.247215,1.24743,1.24721,1.24746
2017-10-16 03:24:00,1.247215,1.247215,1.247155,1.24732
2017-10-16 03:25:00,1.24708,1.24721,1.24708,1.24723
2017-10-16 03:26:00,1.247195,1.247125,1.24703,1.247275
2017-10-16 03:27:00,1.247345,1.247195,1.24718,1.247345
2017-10-16 03:28:00,1.24736,1.24734,1.247235,1.24736
2017-10-16 03:29:00,1.24752,1.247365,1.247355,1.24752
2017-10-16 03:30:00,1.247475,1.247525,1.2474,1.247525
2017-10-16 03:31:00,1.24734,1.2475,1.24734,1.2475
2017-10-16 03:32:00,1.247265,1.24731,1.247265,1.24732
2017-10-16 03:33:00,1.247285,1.24722,1.24715,1.247285
2017-10-16 03:34:00,1.24723,1.24728,1.24719,1.24728
2017-10-16 03:35:00,1.247475,1.24726,1.247255,1.247475
2017-10-16 03:36:00,1.24746,1.247425,1.247405,1.24747
2017-10-16 03:37:00,1.247475,1.247465,1.247465,1.247485
2017-10-16 03:38:00,1.24761,1.247505,1.247505,1.247625
2017-10-16 03:39:00,1.24764,1.24762,1.24759,1.24764
2017-10-16 03:40:00,1.247715,1.247615,1.24759,1.247715
2017-10-16 03:41:00,1.24786,1.247765,1.247765,1.2479
2017-10-16 03:42:00,1.248005,1.247885,1.247875,1.248005
2017-10-16 03:43:00,1.24815,1.248005,1.248,1.2482
2017-10-16 03:44:00,1.248285,1.24815,1.24812,1.248295
2017-10-16 03:45:00,1.24825,1.248305,1.248245,1.248405
2017-10-16 03:46:00,1.248165,1.24825,1.2481,1.24829
2017-10-16 03:47:00,1.248385,1.24816,1.24815,1.248405
2017-10-16 03:48:00,1.24841,1.248435,1.248365,1.24845
2017-10-16 03:49:00,1.24835,1.248415,1.24835,1.248455
2017-10-16 03:50:00,1.24837,1.24837,1.248295,1.24842
2017-10-16 03:51:00,1.248615,1.24842,1.24842,1.24867
2017-10-16 03:52:00,1.24861,1.248615,1.248595,1.248685
2017-10-16 03:53:00,1.248595,1.248615,1.248595,1.24862
2017-10-16 03:54:00,1.24862,1.24865,1.248615,1.24867
2017-10-16 03:55:00,1.24862,1.248615,1.248555,1.24863
2017-10-16 03:56:00,1.248555,1.248585,1.248475,1.248585
2017-10-16 03:57:00,1.24833,1.248505,1.24833,1.24851
2017-10-16 03:58:00,1.24825,1.248275,1.248225,1.2483
2017-10-16 03:59:00,1.248295,1.24825,1.248245,1.24833
2017-10-16 04:00:00,1.24869,1.24835,1.24835,1.248705
2017-10-16 04:01:00,1.24857,1.24871,1.24857,1.24871
2017-10-16 04:02:00,1.24854,1.24852,1.248385,1.248595
2017-10-16 04:03:00,1.24855,1.248535,1.24843,1.24861
2017-10-16 04:04:00,1.2486,1.248605,1.248595,1.248615
2017-10-16 04:05:00,1.24857,1.248585,1.248545,1.24862
2017-10-16 04:06:00,1.248575,1.248575,1.248505,1.248595
2017-10-16 04:07:00,1.24861,1.24863,1.2486,1.24864
2017-10-16 04:08:00,1.24867,1.248615,1.248615,1.2487
2017-10-16 04:09:00,1.24886,1.24873,1.24869,1.248875
2017-10-16 04:10:00,1.248795,1.248915,1.248785,1.24895
2017-10-16 04:11:00,1.24879,1.248795,1.248765,1.24887
2017-10-16 04:12:00,1.248735,1.24879,1.24868,1.24881
2017-10-16 04:13:00,1.248895,1.24871,1.248605,1.248895
2017-10-16 04:14:00,1.24896,1.24895,1.248945,1.24909
2017-10-16 04:15:00,1.24895,1.248955,1.248865,1.24899
2017-10-16 04:16:00,1.24893,1.248945,1.24891,1.248955
2017-10-16 04:17:00,1.248775,1.24891,1.24877,1.24891
2017-10-16 04:18:00,1.248765,1.248775,1.248765,1.248795
2017-10-16 04:19:00,1.248825,1.24877,1.248765,1.24884
2017-10-16 04:20:00,1.248915,1.24884,1.24883,1.24892
2017-10-16 04:21:00,1.249035,1.248925,1.24892,1.24904
2017-10-16 04:22:00,1.249055,1.249035,1.24899,1.24906
2017-10-16 04:23:00,1.249235,1.24905,1.249045,1.249275
2017-10-16 04:24:00,1.24931,1.249225,1.24922,1.24933
2017-10-16 04:25:00,1.24921,1.24931,1.24921,1.24931
2017-10-16 04:26:00,1.24934,1.24927,1.24926,1.24944
2017-10-16 04:27:00,1.249245,1.24935,1.249245,1.24935
2017-10-16 04:28:00,1.249115,1.24925,1.249115,1.249265
2017-10-16 04:29:00,1.249025,1.24914,1.24902,1.24914
2017-10-16 04:30:00,1.249105,1.249055,1.24904,1.24913
2017-10-16 04:31:00,1.24916,1.2491,1.249085,1.24918
2017-10-16 04:32:00,1.24929,1.249165,1.24916,1.24929
2017-10-16 04:33:00,1.249275,1.24929,1.249275,1.24931
2017-10-16 04:34:00,1.249175,1.249255,1.249125,1.249255
2017-10-16 04:35:00,1.249175,1.24919,1.249085,1.24919
2017-10-16 04:36:00,1.24903,1.24917,1.249025,1.249175
2017-10-16 04:37:00,1.24909,1.249035,1.24902,1.24909
2017-10-16 04:38:00,1.249095,1.249035,1.24903,1.249105
2017-10-16 04:39:00,1.24925,1.24909,1.249035,1.249265
2017-10-16 04:40:00,1.24921,1.249195,1.249185,1.249215
2017-10-16 04:41:00,1.249285,1.24921,1.24921,1.249285
2017-10-16 04:42:00,1.2493,1.24926,1.24926,1.249315
2017-10-16 04:43:00,1.24923,1.249305,1.24923,1.24932
2017-10-16 04:44:00,1.24916,1.249205,1.24915,1.249205
2017-10-16 04:45:00,1.24911,1.24917,1.24904,1.24919
2017-10-16 04:46:00,1.24909,1.24913,1.249085,1.24918
2017-10-16 04:47:00,1.249035,1.24908,1.249015,1.249085
2017-10-16 04:48:00,1.249075,1.24902,1.24902,1.249085
2017-10-16 04:49:00,1.249085,1.24908,1.249005,1.249085
2017-10-16 04:50:00,1.24944,1.24911,1.24911,1.24944
2017-10-16 04:51:00,1.249455,1.24946,1.24942,1.249545
2017-10-16 04:52:00,1.24934,1.24946,1.249335,1.24949
2017-10-16 04:53:00,1.24943,1.24938,1.24938,1.24946
2017-10-16 04:54:00,1.249285,1.249405,1.249285,1.249405
2017-10-16 04:55:00,1.249285,1.249405,1.249285,1.249405
2017-10-16 04:56:00,1.249315,1.249335,1.249315,1.24939
2017-10-16 04:57:00,1.249275,1.2493,1.249275,1.2493
2017-10-16 04:58:00,1.249335,1.249255,1.249215,1.24935
2017-10-16 04:59:00,1.249395,1.24938,1.249375,1.24941
2017-10-16 05:00:00,1.249515,1.24939,1.249385,1.24952
2017-10-16 05:01:00,1.249435,1.24952,1.249375,1.24952
2017-10-16 05:02:00,1.24929,1.249435,1.24928,1.24944
2017-10-16 05:03:00,1.249405,1.249285,1.249285,1.249405
2017-10-16 05:04:00,1.249395,1.249415,1.249375,1.249415
2017-10-16 05:05:00,1.249445,1.2494,1.2494,1.249475
2017-10-16 05:06:00,1.249455,1.24945,1.24944,1.24947
2017-10-16 05:07:00,1.24952,1.24943,1.2494,1.24952
2017-10-16 05:08:00,1.24949,1.249515,1.24944,1.249515
2017-10-16 05:09:00,1.249475,1.249435,1.249375,1.24956
2017-10-16 05:10:00,1.249405,1.249485,1.249365,1.249485
2017-10-16 05:11:00,1.249325,1.249405,1.24932,1.24941
2017-10-16 05:12:00,1.249415,1.24937,1.24937,1.24948
2017-10-16 05:13:00,1.24939,1.249365,1.24935,1.2494
2017-10-16 05:14:00,1.24926,1.249345,1.24926,1.249345
2017-10-16 05:15:00,1.24934,1.249255,1.24925,1.24934
2017-10-16 05:16:00,1.24931,1.24936,1.2493,1.249365
2017-10-16 05:17:00,1.249315,1.24936,1.249315,1.24937
2017-10-16 05:18:00,1.249305,1.249315,1.249295,1.24932
2017-10-16 05:19:00,1.249315,1.249305,1.249235,1.249325
2017-10-16 05:20:00,1.249245,1.24931,1.249245,1.24932
2017-10-16 05:21:00,1.24923,1.24929,1.24921,1.249345
2017-10-16 05:22:00,1.24923,1.249225,1.24921,1.249295
2017-10-16 05:23:00,1.24914,1.24921,1.249135,1.249225
2017-10-16 05:24:00,1.24911,1.249145,1.24911,1.249175
2017-10-16 05:25:00,1.24911,1.249145,1.24911,1.249175
2017-10-16 05:26:00,1.24903,1.24906,1.24901,1.24907
2017-10-16 05:27:00,1.248925,1.249025,1.24892,1.249065
2017-10-16 05:28:00,1.24904,1.24893,1.248925,1.249055
2017-10-16 05:29:00,1.249125,1.249025,1.249,1.249155
2017-10-16 05:30:00,1.24912,1.24913,1.249105,1.24914
2017-10-16 05:31:00,1.248835,1.2491,1.24883,1.2491
2017-10-16 05:32:00,1.24891,1.24883,1.248785,1.24891
2017-10-16 05:33:00,1.248915,1.24893,1.248885,1.248955
2017-10-16 05:34:00,1.248995,1.24892,1.24891,1.248995
2017-10-16 05:35:00,1.24892,1.248975,1.24892,1.24898
2017-10-16 05:36:00,1.24892,1.248925,1.24892,1.248925
2017-10-16 05:37:00,1.2491,1.248915,1.248915,1.249125
2017-10-16 05:38:00,1.249005,1.249075,1.249,1.24908
2017-10-16 05:39:00,1.24897,1.249005,1.2489,1.249065
2017-10-16 05:40:00,1.248895,1.24891,1.248745,1.24891
2017-10-16 05:41:00,1.2489,1.24891,1.2489,1.248915
2017-10-16 05:42:00,1.24898,1.248915,1.248915,1.24899
2017-10-16 05:43:00,1.249075,1.248985,1.24898,1.249075
2017-10-16 05:44:00,1.2492,1.24908,1.24907,1.24922
2017-10-16 05:45:00,1.249535,1.2492,1.249195,1.24964
2017-10-16 05:46:00,1.24956,1.24948,1.249405,1.249585
2017-10-16 05:47:00,1.249455,1.249555,1.24945,1.249555
2017-10-16 05:48:00,1.2496,1.24945,1.249445,1.24963
2017-10-16 05:49:00,1.2495,1.24958,1.2495,1.249585
2017-10-16 05:50:00,1.249475,1.249505,1.249475,1.249505
2017-10-16 05:51:00,1.249585,1.249525,1.249525,1.2496
2017-10-16 05:52:00,1.249675,1.249555,1.249475,1.249715
2017-10-16 05:53:00,1.24964,1.249695,1.249625,1.24974
2017-10-16 05:54:00,1.249735,1.24967,1.24967,1.24975
2017-10-16 05:55:00,1.249725,1.24974,1.24969,1.249755
2017-10-16 05:56:00,1.24968,1.2497,1.24964,1.24971
2017-10-16 05:57:00,1.249695,1.249675,1.24964,1.249695
2017-10-16 05:58:00,1.249655,1.249645,1.249625,1.24971
2017-10-16 05:59:00,1.24963,1.24968,1.24962,1.24968
2017-10-16 06:00:00,1.249675,1.249635,1.249635,1.249725
2017-10-16 06:01:00,1.249605,1.249725,1.249595,1.249725
2017-10-16 06:02:00,1.249925,1.24961,1.2496,1.24996
2017-10-16 06:03:00,1.24993,1.2499,1.2499,1.249975
2017-10-16 06:04:00,1.2499,1.249925,1.2499,1.24994
2017-10-16 06:05:00,1.249855,1.249905,1.249855,1.249905
2017-10-16 06:06:00,1.25,1.24986,1.24986,1.25
2017-10-16 06:07:00,1.25003,1.250005,1.249995,1.25004
2017-10-16 06:08:00,1.24995,1.250025,1.249895,1.250025
2017-10-16 06:09:00,1.24996,1.249945,1.249935,1.249965
2017-10-16 06:10:00,1.249975,1.24996,1.24991,1.249975
2017-10-16 06:11:00,1.249975,1.24996,1.24991,1.249975
2017-10-16 06:12:00,1.24999,1.25003,1.24999,1.250035
2017-10-16 06:13:00,1.250015,1.250015,1.250015,1.250015
2017-10-16 06:14:00,1.250165,1.25004,1.249985,1.25017
2017-10-16 06:15:00,1.250135,1.250155,1.250135,1.25018
2017-10-16 06:16:00,1.250145,1.25011,1.25006,1.250165
2017-10-16 06:17:00,1.25029,1.25017,1.25013,1.25029
2017-10-16 06:18:00,1.250485,1.250345,1.25032,1.250495
2017-10-16 06:19:00,1.250795,1.25043,1.25029,1.25083
2017-10-16 06:20:00,1.251005,1.25074,1.250735,1.251005
2017-10-16 06:21:00,1.251125,1.251055,1.250945,1.25118
2017-10-16 06:22:00,1.25123,1.251135,1.2511,1.25124
2017-10-16 06:23:00,1.25162,1.25126,1.25126,1.25162
2017-10-16 06:24:00,1.251465,1.25157,1.25146,1.251595
2017-10-16 06:25:00,1.2516,1.25146,1.251455,1.2517
2017-10-16 06:26:00,1.251645,1.251575,1.251495,1.251655
2017-10-16 06:27:00,1.25155,1.251595,1.25151,1.2516
2017-10-16 06:28:00,1.251425,1.251595,1.25142,1.2516
2017-10-16 06:29:00,1.251405,1.251415,1.251315,1.251415
2017-10-16 06:30:00,1.25131,1.251405,1.251195,1.251405
2017-10-16 06:31:00,1.251405,1.251315,1.251175,1.251405
2017-10-16 06:32:00,1.251475,1.251435,1.25138,1.25151
2017-10-16 06:33:00,1.25132,1.251475,1.251275,1.251565
2017-10-16 06:34:00,1.25123,1.251325,1.25121,1.251345
2017-10-16 06:35:00,1.251265,1.25126,1.251205,1.251265
2017-10-16 06:36:00,1.251275,1.251325,1.251275,1.2514
2017-10-16 06:37:00,1.2511,1.251255,1.251095,1.251255
2017-10-16 06:38:00,1.2511,1.251095,1.251065,1.2511
2017-10-16 06:39:00,1.251245,1.251095,1.251095,1.25125
2017-10-16 06:40:00,1.251215,1.25124,1.251215,1.25124
2017-10-16 06:41:00,1.25113,1.25122,1.25113,1.25122
2017-10-16 06:42:00,1.25106,1.251075,1.251055,1.251075
2017-10-16 06:43:00,1.25107,1.251065,1.251015,1.25109
2017-10-16 06:44:00,1.251055,1.251045,1.25102,1.251085
2017-10-16 06:45:00,1.251035,1.25105,1.251035,1.25105
2017-10-16 06:46:00,1.25101,1.25101,1.25101,1.25101
2017-10-16 06:47:00,1.251045,1.251065,1.251045,1.25107
2017-10-16 06:48:00,1.251,1.25105,1.251,1.251055
2017-10-16 06:49:00,1.25104,1.251015,1.25097,1.25104
2017-10-16 06:50:00,1.250975,1.251065,1.250925,1.251065
2017-10-16 06:51:00,1.25081,1.251025,1.25081,1.251035
2017-10-16 06:52:00,1.25082,1.25079,1.25067,1.250835
2017-10-16 06:53:00,1.25089,1.25083,1.25076,1.250965
2017-10-16 06:54:00,1.251,1.25091,1.25084,1.25104
2017-10-16 06:55:00,1.25105,1.251055,1.251025,1.251055
2017-10-16 06:56:00,1.25139,1.251075,1.251075,1.25139
2017-10-16 06:57:00,1.25166,1.25144,1.251405,1.25174
2017-10-16 06:58:00,1.251615,1.25171,1.2516,1.25178
2017-10-16 06:59:00,1.25161,1.251565,1.25155,1.251615
2017-10-16 07:00:00,1.2516,1.251615,1.251555,1.25162
2017-10-16 07:01:00,1.25185,1.25162,1.25162,1.25185
2017-10-16 07:02:00,1.25209,1.251855,1.25177,1.25223
2017-10-16 07:03:00,1.25197,1.25206,1.25194,1.25211
2017-10-16 07:04:00,1.252145,1.251975,1.25197,1.252155
2017-10-16 07:05:00,1.25232,1.25214,1.252135,1.25232
2017-10-16 07:06:00,1.252075,1.25228,1.25203,1.25228
2017-10-16 07:07:00,1.252005,1.25207,1.25196,1.25207
2017-10-16 07:08:00,1.252045,1.25203,1.251865,1.25205
2017-10-16 07:09:00,1.25204,1.25205,1.25202,1.252215
2017-10-16 07:10:00,1.251905,1.25206,1.25181,1.25206
2017-10-16 07:11:00,1.25179,1.251965,1.25178,1.25206
2017-10-16 07:12:00,1.251905,1.251805,1.251775,1.25207
2017-10-16 07:13:00,1.25189,1.251845,1.251805,1.251955
2017-10-16 07:14:00,1.252095,1.25191,1.251905,1.25211
2017-10-16 07:15:00,1.252075,1.25209,1.25197,1.2521
2017-10-16 07:16:00,1.252305,1.25209,1.252085,1.252385
2017-10-16 07:17:00,1.25342,1.25232,1.25232,1.25374
2017-10-16 07:18:00,1.253295,1.253425,1.25311,1.253485
2017-10-16 07:19:00,1.253335,1.25324,1.2532,1.25343
2017-10-16 07:20:00,1.25366,1.25333,1.25333,1.253805
2017-10-16 07:21:00,1.253695,1.25367,1.253515,1.253775
2017-10-16 07:22:00,1.254015,1.253695,1.25368,1.254225
2017-10-16 07:23:00,1.254015,1.254035,1.25399,1.25447
2017-10-16 07:24:00,1.253735,1.25399,1.253725,1.253995
2017-10-16 07:25:00,1.253485,1.253735,1.2533,1.25374
2017-10-16 07:26:00,1.25349,1.253535,1.253255,1.253585
2017-10-16 07:27:00,1.25338,1.253485,1.253375,1.253555
2017-10-16 07:28:00,1.25306,1.253355,1.25298,1.253385
2017-10-16 07:29:00,1.25319,1.25309,1.252965,1.253295
2017-10-16 07:30:00,1.252985,1.25315,1.252965,1.25315
2017-10-16 07:31:00,1.25291,1.25299,1.25272,1.253075
2017-10-16 07:32:00,1.25306,1.25293,1.252865,1.25313
2017-10-16 07:33:00,1.252845,1.253065,1.252725,1.25311
2017-10-16 07:34:00,1.25269,1.25285,1.25263,1.252855
2017-10-16 07:35:00,1.252755,1.252745,1.252625,1.252855
2017-10-16 07:36:00,1.25287,1.2527,1.25256,1.25287
2017-10-16 07:37:00,1.25266,1.252875,1.25266,1.252915
2017-10-16 07:38:00,1.25273,1.252655,1.25265,1.252785
2017-10-16 07:39:00,1.253375,1.252735,1.25273,1.253375
2017-10-16 07:40:00,1.25354,1.25337,1.25337,1.253545
2017-10-16 07:41:00,1.253615,1.25355,1.253505,1.253645
2017-10-16 07:42:00,1.253465,1.253615,1.25332,1.253645
2017-10-16 07:43:00,1.25308,1.253465,1.253065,1.253475
2017-10-16 07:44:00,1.253265,1.253075,1.253075,1.253265
2017-10-16 07:45:00,1.253695,1.253265,1.253265,1.253695
2017-10-16 07:46:00,1.25373,1.25375,1.253655,1.25376
2017-10-16 07:47:00,1.253745,1.25378,1.253645,1.25382
2017-10-16 07:48:00,1.253955,1.25376,1.25376,1.25396
2017-10-16 07:49:00,1.25405,1.25395,1.253885,1.254055
2017-10-16 07:50:00,1.25352,1.2541,1.25352,1.2541
2017-10-16 07:51:00,1.25328,1.25351,1.253275,1.25351
2017-10-16 07:52:00,1.25327,1.253275,1.253165,1.25341
2017-10-16 07:53:00,1.25309,1.25324,1.25299,1.25324
2017-10-16 07:54:00,1.2533,1.253035,1.25303,1.25336
2017-10-16 07:55:00,1.253375,1.253285,1.253115,1.253405
2017-10-16 07:56:00,1.25353,1.25336,1.25336,1.253715
2017-10-16 07:57:00,1.253625,1.25353,1.25352,1.25366
2017-10-16 07:58:00,1.253905,1.25363,1.25362,1.25394
2017-10-16 07:59:00,1.253945,1.253855,1.2538,1.253955
2017-10-16 08:00:00,1.25391,1.253935,1.253825,1.253955
2017-10-16 08:01:00,1.253685,1.2539,1.25355,1.254035
2017-10-16 08:02:00,1.253495,1.25368,1.25349,1.253715
2017-10-16 08:03:00,1.253835,1.25349,1.25348,1.253925
2017-10-16 08:04:00,1.253645,1.25384,1.25355,1.25384
2017-10-16 08:05:00,1.25389,1.2537,1.25361,1.25389
2017-10-16 08:06:00,1.253865,1.253895,1.253795,1.253895
2017-10-16 08:07:00,1.253545,1.25381,1.25354,1.25384
2017-10-16 08:08:00,1.253475,1.25355,1.253475,1.253575
2017-10-16 08:09:00,1.253495,1.253495,1.25349,1.25362
2017-10-16 08:10:00,1.25356,1.25349,1.25344,1.253585
2017-10-16 08:11:00,1.25363,1.253585,1.253475,1.25368
2017-10-16 08:12:00,1.253825,1.253635,1.253635,1.25384
2017-10-16 08:13:00,1.25396,1.253825,1.25382,1.253985
2017-10-16 08:14:00,1.25391,1.253945,1.253835,1.253955
2017-10-16 08:15:00,1.253925,1.25389,1.2537,1.253935
2017-10-16 08:16:00,1.25379,1.25394,1.25379,1.25395
2017-10-16 08:17:00,1.25369,1.253735,1.25369,1.253735
2017-10-16 08:18:00,1.25379,1.25372,1.25372,1.25383
2017-10-16 08:19:00,1.25379,1.25372,1.25372,1.25383
2017-10-16 08:20:00,1.25348,1.25374,1.253465,1.25374
2017-10-16 08:21:00,1.25346,1.253485,1.25344,1.25353
2017-10-16 08:22:00,1.25352,1.253455,1.253445,1.25361
2017-10-16 08:23:00,1.25355,1.253515,1.2535,1.253555
2017-10-16 08:24:00,1.25329,1.253595,1.25328,1.25362
2017-10-16 08:25:00,1.25309,1.253295,1.253085,1.25337
2017-10-16 08:26:00,1.25308,1.253085,1.253075,1.253195
2017-10-16 08:27:00,1.253005,1.253025,1.252955,1.25315
2017-10-16 08:28:00,1.252905,1.25303,1.252815,1.25309
2017-10-16 08:29:00,1.252745,1.25285,1.252715,1.252905
2017-10-16 08:30:00,1.25295,1.25275,1.252715,1.25297
2017-10-16 08:31:00,1.25281,1.25292,1.25261,1.25317
2017-10-16 08:32:00,1.253115,1.2528,1.252685,1.253115
2017-10-16 08:33:00,1.25355,1.25311,1.25311,1.25369
2017-10-16 08:34:00,1.253645,1.253555,1.253545,1.253735
2017-10-16 08:35:00,1.253445,1.25363,1.25341,1.253835
2017-10-16 08:36:00,1.25344,1.253395,1.253175,1.253445
2017-10-16 08:37:00,1.253265,1.25341,1.25324,1.253505
2017-10-16 08:38:00,1.25349,1.25326,1.25325,1.253495
2017-10-16 08:39:00,1.25356,1.25348,1.253365,1.253745
2017-10-16 08:40:00,1.25238,1.253505,1.250875,1.253505
2017-10-16 08:41:00,1.252325,1.252375,1.25183,1.252575
2017-10-16 08:42:00,1.252355,1.25235,1.25215,1.25249
2017-10-16 08:43:00,1.251995,1.25236,1.251975,1.25241
2017-10-16 08:44:00,1.252345,1.252005,1.25189,1.25235
2017-10-16 08:45:00,1.252545,1.25235,1.252345,1.252645
2017-10-16 08:46:00,1.2526,1.25253,1.25241,1.252635
2017-10-16 08:47:00,1.25242,1.252595,1.25233,1.252635
2017-10-16 08:48:00,1.252825,1.252415,1.252415,1.252875
2017-10-16 08:49:00,1.25344,1.25282,1.25278,1.25363
2017-10-16 08:50:00,1.25357,1.25341,1.25329,1.253595
2017-10-16 08:51:00,1.253735,1.253625,1.2536,1.25386
2017-10-16 08:52:00,1.25375,1.253675,1.253555,1.253755
2017-10-16 08:53:00,1.2533,1.253755,1.2533,1.25376
2017-10-16 08:54:00,1.25372,1.25326,1.253215,1.25372
2017-10-16 08:55:00,1.253565,1.2537,1.253515,1.2537
2017-10-16 08:56:00,1.25358,1.253545,1.253505,1.253635
2017-10-16 08:57:00,1.253775,1.25358,1.253565,1.25379
2017-10-16 08:58:00,1.25378,1.25376,1.253665,1.25378
2017-10-16 08:59:00,1.253715,1.25375,1.253715,1.25389
2017-10-16 09:00:00,1.25363,1.253715,1.25353,1.2538
2017-10-16 09:01:00,1.25362,1.253685,1.253465,1.253685
2017-10-16 09:02:00,1.253565,1.25364,1.25341,1.253725
2017-10-16 09:03:00,1.25382,1.25356,1.25356,1.25384
2017-10-16 09:04:00,1.25358,1.25388,1.25358,1.25389
2017-10-16 09:05:00,1.25337,1.253565,1.25323,1.253595
2017-10-16 09:06:00,1.25312,1.253365,1.25312,1.253385
2017-10-16 09:07:00,1.25331,1.253145,1.253075,1.25331
2017-10-16 09:08:00,1.25341,1.253305,1.25328,1.253415
2017-10-16 09:09:00,1.253515,1.253465,1.25345,1.253525
2017-10-16 09:10:00,1.253585,1.25356,1.25348,1.25364
2017-10-16 09:11:00,1.253665,1.253625,1.253625,1.253695
2017-10-16 09:12:00,1.25366,1.25364,1.253585,1.2537
2017-10-16 09:13:00,1.25353,1.25365,1.253465,1.25366
2017-10-16 09:14:00,1.253655,1.25354,1.25354,1.25366
2017-10-16 09:15:00,1.25358,1.25365,1.25356,1.25374
2017-10-16 09:16:00,1.253625,1.2536,1.253565,1.253735
2017-10-16 09:17:00,1.253645,1.25364,1.253545,1.253735
2017-10-16 09:18:00,1.253635,1.25359,1.25357,1.253665
2017-10-16 09:19:00,1.25365,1.25364,1.253605,1.25367
2017-10-16 09:20:00,1.25321,1.25363,1.25306,1.25366
2017-10-16 09:21:00,1.25318,1.253215,1.25314,1.25334
2017-10-16 09:22:00,1.252825,1.25323,1.252765,1.25328
2017-10-16 09:23:00,1.252965,1.25283,1.25283,1.253115
2017-10-16 09:24:00,1.252755,1.25297,1.252745,1.253045
2017-10-16 09:25:00,1.25283,1.25274,1.25274,1.25286
2017-10-16 09:26:00,1.253085,1.252895,1.252875,1.253155
2017-10-16 09:27:00,1.25309,1.25314,1.25309,1.25317
2017-10-16 09:28:00,1.253045,1.25309,1.253005,1.25309
2017-10-16 09:29:00,1.253045,1.25302,1.253015,1.25315
2017-10-16 09:30:00,1.253245,1.25304,1.252885,1.253245
2017-10-16 09:31:00,1.25311,1.25325,1.253105,1.253375
2017-10-16 09:32:00,1.25268,1.25312,1.25265,1.253125
2017-10-16 09:33:00,1.252885,1.252735,1.25271,1.25292
2017-10-16 09:34:00,1.253065,1.25293,1.25293,1.25319
2017-10-16 09:35:00,1.253,1.253015,1.252945,1.253145
2017-10-16 09:36:00,1.25328,1.252995,1.252995,1.253365
2017-10-16 09:37:00,1.253025,1.25327,1.25302,1.253405
2017-10-16 09:38:00,1.25256,1.25302,1.25248,1.25303
2017-10-16 09:39:00,1.252955,1.252605,1.252605,1.253055
2017-10-16 09:40:00,1.252625,1.252955,1.25262,1.25296
2017-10-16 09:41:00,1.252645,1.25258,1.25258,1.252685
2017-10-16 09:42:00,1.252655,1.252595,1.252585,1.25278
2017-10-16 09:43:00,1.252645,1.25267,1.252635,1.25281
2017-10-16 09:44:00,1.25242,1.2526,1.25242,1.252685
2017-10-16 09:45:00,1.252755,1.252425,1.25235,1.25293
2017-10-16 09:46:00,1.25291,1.252735,1.25271,1.252955
2017-10-16 09:47:00,1.25273,1.2529,1.25273,1.25295
2017-10-16 09:48:00,1.252955,1.252725,1.252635,1.252965
2017-10-16 09:49:00,1.25276,1.25295,1.25272,1.253015
2017-10-16 09:50:00,1.25286,1.252815,1.25264,1.25289
2017-10-16 09:51:00,1.25277,1.25289,1.25274,1.252915
2017-10-16 09:52:00,1.25301,1.25277,1.252695,1.25302
2017-10-16 09:53:00,1.25329,1.253065,1.253045,1.25329
2017-10-16 09:54:00,1.253195,1.253285,1.253075,1.25329
2017-10-16 09:55:00,1.25309,1.253195,1.253045,1.2532
2017-10-16 09:56:00,1.25344,1.253085,1.253085,1.25344
2017-10-16 09:57:00,1.253525,1.253445,1.25338,1.25357
2017-10-16 09:58:00,1.25368,1.25351,1.253445,1.25387
2017-10-16 09:59:00,1.253775,1.253695,1.25366,1.253905
2017-10-16 10:00:00,1.253655,1.253725,1.25363,1.253745
2017-10-16 10:01:00,1.253755,1.253715,1.25369,1.2539
2017-10-16 10:02:00,1.253555,1.253805,1.253495,1.25387
2017-10-16 10:03:00,1.25354,1.253595,1.253535,1.25375
2017-10-16 10:04:00,1.253575,1.25352,1.253465,1.25362
2017-10-16 10:05:00,1.253375,1.25357,1.253355,1.25361
2017-10-16 10:06:00,1.253315,1.253375,1.25318,1.253445
2017-10-16 10:07:00,1.253335,1.25331,1.25329,1.253505
2017-10-16 10:08:00,1.253685,1.253355,1.253355,1.253815
2017-10-16 10:09:00,1.253895,1.253675,1.253595,1.253895
2017-10-16 10:10:00,1.254255,1.2539,1.25374,1.25427
2017-10-16 10:11:00,1.254115,1.254235,1.254075,1.254285
2017-10-16 10:12:00,1.25413,1.25411,1.25411,1.25418
2017-10-16 10:13:00,1.25421,1.25412,1.2541,1.25426
2017-10-16 10:14:00,1.25412,1.25423,1.25403,1.254235
2017-10-16 10:15:00,1.25417,1.25413,1.254115,1.25439
2017-10-16 10:16:00,1.254125,1.25422,1.25403,1.254235
2017-10-16 10:17:00,1.254125,1.25415,1.254125,1.254235
2017-10-16 10:18:00,1.25408,1.25412,1.254005,1.254135
2017-10-16 10:19:00,1.25403,1.254075,1.253785,1.25408
2017-10-16 10:20:00,1.254495,1.25403,1.25398,1.254515
2017-10-16 10:21:00,1.254565,1.254545,1.254515,1.25473
2017-10-16 10:22:00,1.254625,1.25457,1.25453,1.25468
2017-10-16 10:23:00,1.25442,1.25467,1.254405,1.254675
2017-10-16 10:24:00,1.25429,1.2544,1.254125,1.25441
2017-10-16 10:25:00,1.2543,1.2543,1.25426,1.25443
2017-10-16 10:26:00,1.25423,1.254305,1.25419,1.254335
2017-10-16 10:27:00,1.25431,1.254235,1.254235,1.254535
2017-10-16 10:28:00,1.254195,1.25426,1.25412,1.25432
2017-10-16 10:29:00,1.25431,1.254195,1.25411,1.254315
2017-10-16 10:30:00,1.25408,1.25431,1.254075,1.254315
2017-10-16 10:31:00,1.25474,1.254075,1.254075,1.25584
2017-10-16 10:32:00,1.253985,1.25474,1.253725,1.25481
2017-10-16 10:33:00,1.25359,1.254005,1.25323,1.254005
2017-10-16 10:34:00,1.25329,1.253535,1.253255,1.25354
2017-10-16 10:35:00,1.25318,1.253295,1.252955,1.253325
2017-10-16 10:36:00,1.253125,1.25318,1.252695,1.253215
2017-10-16 10:37:00,1.25296,1.253125,1.25295,1.253265
2017-10-16 10:38:00,1.252795,1.25296,1.25263,1.25296
2017-10-16 10:39:00,1.2527,1.25278,1.252645,1.252865
2017-10-16 10:40:00,1.2528,1.2527,1.252675,1.252905
2017-10-16 10:41:00,1.252755,1.25281,1.25275,1.25292
2017-10-16 10:42:00,1.25275,1.25275,1.252585,1.25275
2017-10-16 10:43:00,1.25277,1.252745,1.25263,1.252785
2017-10-16 10:44:00,1.252725,1.25278,1.25272,1.2528
2017-10-16 10:45:00,1.25274,1.25271,1.25271,1.25278
2017-10-16 10:46:00,1.25283,1.25275,1.25273,1.252855
2017-10-16 10:47:00,1.25288,1.25284,1.252755,1.25293
2017-10-16 10:48:00,1.252915,1.25288,1.252845,1.25292
2017-10-16 10:49:00,1.25281,1.252915,1.252725,1.253
2017-10-16 10:50:00,1.252915,1.252825,1.252825,1.252925
2017-10-16 10:51:00,1.25295,1.25291,1.25284,1.25296
2017-10-16 10:52:00,1.25266,1.252945,1.2526,1.253055
2017-10-16 10:53:00,1.252965,1.252665,1.252645,1.252965
2017-10-16 10:54:00,1.253225,1.25299,1.25299,1.2533
2017-10-16 10:55:00,1.253245,1.253225,1.253135,1.253645
2017-10-16 10:56:00,1.253385,1.25325,1.25315,1.25344
2017-10-16 10:57:00,1.253375,1.253385,1.253295,1.25347
2017-10-16 10:58:00,1.25385,1.253325,1.25332,1.25395
2017-10-16 10:59:00,1.253965,1.253865,1.253805,1.254025
2017-10-16 11:00:00,1.253935,1.25394,1.25386,1.254015
2017-10-16 11:01:00,1.254215,1.25391,1.25381,1.25432
2017-10-16 11:02:00,1.25431,1.254205,1.254145,1.25471
2017-10-16 11:03:00,1.25383,1.25427,1.253765,1.25427
2017-10-16 11:04:00,1.253735,1.253855,1.25366,1.253965
2017-10-16 11:05:00,1.253835,1.25376,1.253685,1.253845
2017-10-16 11:06:00,1.25383,1.25383,1.25375,1.253925
2017-10-16 11:07:00,1.253725,1.253775,1.25372,1.253775
2017-10-16 11:08:00,1.25366,1.253665,1.253465,1.253685
2017-10-16 11:09:00,1.253645,1.25367,1.253625,1.25372
2017-10-16 11:10:00,1.25363,1.25363,1.253585,1.25365
2017-10-16 11:11:00,1.25374,1.25364,1.25362,1.25374
2017-10-16 11:12:00,1.253695,1.25372,1.253625,1.25372
2017-10-16 11:13:00,1.253695,1.253695,1.25367,1.25371
2017-10-16 11:14:00,1.253765,1.253685,1.25368,1.25381
2017-10-16 11:15:00,1.253825,1.25377,1.253765,1.253895
2017-10-16 11:16:00,1.253685,1.25377,1.2536,1.25377
2017-10-16 11:17:00,1.253815,1.25371,1.253665,1.253815
2017-10-16 11:18:00,1.25377,1.253835,1.253745,1.25386
2017-10-16 11:19:00,1.253915,1.253775,1.25369,1.25392
2017-10-16 11:20:00,1.25393,1.253865,1.25384,1.253975
2017-10-16 11:21:00,1.25453,1.253935,1.253935,1.254595
2017-10-16 11:22:00,1.2541,1.25453,1.254015,1.25453
2017-10-16 11:23:00,1.254135,1.254095,1.253995,1.254145
2017-10-16 11:24:00,1.254015,1.254125,1.254005,1.25425
2017-10-16 11:25:00,1.254105,1.25402,1.25401,1.254275
2017-10-16 11:26:00,1.25381,1.254105,1.253685,1.254125
2017-10-16 11:27:00,1.25375,1.253765,1.25374,1.25395
2017-10-16 11:28:00,1.253125,1.2537,1.25311,1.253715
2017-10-16 11:29:00,1.25296,1.253135,1.25294,1.25326
2017-10-16 11:30:00,1.252905,1.25296,1.25289,1.25332
2017-10-16 11:31:00,1.25306,1.252855,1.252845,1.253095
2017-10-16 11:32:00,1.2532,1.25306,1.252925,1.2532
2017-10-16 11:33:00,1.25316,1.25321,1.25314,1.25327
2017-10-16 11:34:00,1.25336,1.25321,1.25321,1.253405
2017-10-16 11:35:00,1.25312,1.2533,1.253115,1.253435
2017-10-16 11:36:00,1.25329,1.25311,1.25311,1.253295
2017-10-16 11:37:00,1.253275,1.25332,1.25326,1.25348
2017-10-16 11:38:00,1.253515,1.253325,1.253235,1.25353
2017-10-16 11:39:00,1.25338,1.25352,1.253335,1.25352
2017-10-16 11:40:00,1.253365,1.253385,1.253295,1.25347
2017-10-16 11:41:00,1.25333,1.25336,1.253195,1.253365
2017-10-16 11:42:00,1.25325,1.253375,1.25322,1.25339
2017-10-16 11:43:00,1.253425,1.253275,1.253225,1.253425
2017-10-16 11:44:00,1.253415,1.253445,1.253375,1.25345
2017-10-16 11:45:00,1.253235,1.253365,1.25321,1.25338
2017-10-16 11:46:00,1.253255,1.25323,1.253125,1.253265
2017-10-16 11:47:00,1.253525,1.253305,1.253305,1.25354
2017-10-16 11:48:00,1.253525,1.25351,1.253495,1.253595
2017-10-16 11:49:00,1.25363,1.253515,1.25351,1.25367
2017-10-16 11:50:00,1.25351,1.253635,1.253485,1.253635
2017-10-16 11:51:00,1.253535,1.25355,1.25351,1.2536
2017-10-16 11:52:00,1.253725,1.253535,1.25353,1.25373
2017-10-16 11:53:00,1.253745,1.25372,1.25372,1.25378
2017-10-16 11:54:00,1.253765,1.253765,1.253705,1.253795
2017-10-16 11:55:00,1.2539,1.25378,1.253695,1.2539
2017-10-16 11:56:00,1.253905,1.253925,1.2539,1.254105
2017-10-16 11:57:00,1.25358,1.25388,1.253535,1.2539
2017-10-16 11:58:00,1.25359,1.25363,1.253545,1.253645
2017-10-16 11:59:00,1.25328,1.25355,1.253265,1.253555
2017-10-16 12:00:00,1.253205,1.253285,1.25314,1.2533
2017-10-16 12:01:00,1.253115,1.25315,1.253115,1.25324
2017-10-16 12:02:00,1.253025,1.25309,1.25299,1.253115
2017-10-16 12:03:00,1.253075,1.25302,1.25289,1.253095
2017-10-16 12:04:00,1.25323,1.253125,1.253125,1.25327
2017-10-16 12:05:00,1.25309,1.253255,1.25309,1.253255
2017-10-16 12:06:00,1.253195,1.25308,1.253015,1.2532
2017-10-16 12:07:00,1.25305,1.25319,1.253005,1.25319
2017-10-16 12:08:00,1.25308,1.25307,1.253015,1.25315
2017-10-16 12:09:00,1.253085,1.253075,1.25307,1.253145
2017-10-16 12:10:00,1.253135,1.25308,1.252995,1.253135
2017-10-16 12:11:00,1.25307,1.253175,1.253065,1.2532
2017-10-16 12:12:00,1.253115,1.25312,1.25306,1.25314
2017-10-16 12:13:00,1.253085,1.253115,1.253085,1.253135
2017-10-16 12:14:00,1.253225,1.253105,1.2531,1.253275
2017-10-16 12:15:00,1.253085,1.25322,1.253045,1.25322
2017-10-16 12:16:00,1.252785,1.253065,1.252695,1.253065
2017-10-16 12:17:00,1.25284,1.252785,1.252665,1.25284
2017-10-16 12:18:00,1.25275,1.252785,1.252645,1.25279
2017-10-16 12:19:00,1.25275,1.252745,1.252735,1.252835
2017-10-16 12:20:00,1.252865,1.252805,1.2528,1.25292
2017-10-16 12:21:00,1.25282,1.252805,1.252805,1.252835
2017-10-16 12:22:00,1.25289,1.252815,1.25275,1.25289
2017-10-16 12:23:00,1.252925,1.2529,1.252895,1.253025
2017-10-16 12:24:00,1.25317,1.25293,1.25293,1.2532
2017-10-16 12:25:00,1.253295,1.25312,1.253115,1.2533
2017-10-16 12:26:00,1.2535,1.253295,1.25328,1.253535
2017-10-16 12:27:00,1.253525,1.253495,1.253485,1.2536
2017-10-16 12:28:00,1.253415,1.25353,1.253415,1.253535
2017-10-16 12:29:00,1.25351,1.253365,1.253365,1.253555
2017-10-16 12:30:00,1.253465,1.25346,1.25341,1.25351
2017-10-16 12:31:00,1.25334,1.25347,1.253335,1.25347
2017-10-16 12:32:00,1.253365,1.25333,1.25319,1.253405
2017-10-16 12:33:00,1.253365,1.25336,1.25336,1.253425
2017-10-16 12:34:00,1.253385,1.25338,1.25336,1.253435
2017-10-16 12:35:00,1.2534,1.253365,1.25329,1.2534
2017-10-16 12:36:00,1.25328,1.25345,1.253275,1.2535
2017-10-16 12:37:00,1.253125,1.253245,1.25311,1.253265
2017-10-16 12:38:00,1.25306,1.253125,1.25297,1.25315
2017-10-16 12:39:00,1.25304,1.25309,1.25304,1.2531
2017-10-16 12:40:00,1.253045,1.253035,1.25301,1.25306
2017-10-16 12:41:00,1.253015,1.25306,1.252995,1.25306
2017-10-16 12:42:00,1.25303,1.253035,1.253025,1.253085
2017-10-16 12:43:00,1.252975,1.252975,1.25297,1.253
2017-10-16 12:44:00,1.252905,1.252975,1.252895,1.25299
2017-10-16 12:45:00,1.25305,1.252915,1.252905,1.253095
2017-10-16 12:46:00,1.25303,1.253105,1.253025,1.253115
2017-10-16 12:47:00,1.25289,1.25301,1.25287,1.253015
2017-10-16 12:48:00,1.25292,1.252895,1.25288,1.25294
2017-10-16 12:49:00,1.25281,1.25292,1.252805,1.25293
2017-10-16 12:50:00,1.2528,1.25286,1.25278,1.252865
2017-10-16 12:51:00,1.25278,1.2528,1.25278,1.252805
2017-10-16 12:52:00,1.25269,1.252785,1.252685,1.25279
2017-10-16 12:53:00,1.252695,1.252685,1.25268,1.25271
2017-10-16 12:54:00,1.252865,1.252755,1.252755,1.25287
2017-10-16 12:55:00,1.252795,1.25287,1.252795,1.25287
2017-10-16 12:56:00,1.25276,1.252845,1.25276,1.25285
2017-10-16 12:57:00,1.25268,1.252785,1.25268,1.252865
2017-10-16 12:58:00,1.25265,1.252625,1.252585,1.25265
2017-10-16 12:59:00,1.252525,1.252625,1.25248,1.252625
2017-10-16 13:00:00,1.25252,1.25249,1.25246,1.25264
2017-10-16 13:01:00,1.25248,1.252525,1.25248,1.25277
2017-10-16 13:02:00,1.25245,1.252455,1.252365,1.252455
2017-10-16 13:03:00,1.25219,1.2524,1.25214,1.252405
2017-10-16 13:04:00,1.252295,1.252195,1.252135,1.25244
2017-10-16 13:05:00,1.252195,1.252355,1.252165,1.252365
2017-10-16 13:06:00,1.25219,1.25219,1.25219,1.25232
2017-10-16 13:07:00,1.252025,1.25213,1.25188,1.252175
2017-10-16 13:08:00,1.252145,1.25205,1.25201,1.252145
2017-10-16 13:09:00,1.252145,1.25205,1.25201,1.252145
2017-10-16 13:10:00,1.252215,1.25217,1.25217,1.252215
2017-10-16 13:11:00,1.25229,1.25224,1.25224,1.252295
2017-10-16 13:12:00,1.25228,1.25231,1.25226,1.25233
2017-10-16 13:13:00,1.252285,1.25231,1.252285,1.252335
2017-10-16 13:14:00,1.25232,1.25227,1.25227,1.252325
2017-10-16 13:15:00,1.252285,1.25228,1.25227,1.252295
2017-10-16 13:16:00,1.25222,1.25228,1.25222,1.25234
2017-10-16 13:17:00,1.252275,1.25216,1.252155,1.252295
2017-10-16 13:18:00,1.252525,1.252325,1.252315,1.25255
2017-10-16 13:19:00,1.25261,1.252495,1.252475,1.25268
2017-10-16 13:20:00,1.252575,1.25261,1.252545,1.25264
2017-10-16 13:21:00,1.25264,1.25252,1.252515,1.25265
2017-10-16 13:22:00,1.25249,1.25268,1.25249,1.25282
2017-10-16 13:23:00,1.252695,1.252485,1.25247,1.252695
2017-10-16 13:24:00,1.252725,1.252645,1.252575,1.252735
2017-10-16 13:25:00,1.252815,1.25273,1.25266,1.25286
2017-10-16 13:26:00,1.252655,1.25284,1.252645,1.25286
2017-10-16 13:27:00,1.252425,1.2526,1.252405,1.2526
2017-10-16 13:28:00,1.252585,1.252455,1.252455,1.252585
2017-10-16 13:29:00,1.252485,1.25256,1.252475,1.25256
2017-10-16 13:30:00,1.252425,1.252485,1.252315,1.252495
2017-10-16 13:31:00,1.252535,1.252405,1.252325,1.25254
2017-10-16 13:32:00,1.25256,1.252535,1.252535,1.25268
2017-10-16 13:33:00,1.25231,1.252565,1.25225,1.25259
2017-10-16 13:34:00,1.252425,1.25232,1.25223,1.252495
2017-10-16 13:35:00,1.252185,1.25238,1.252175,1.25238
2017-10-16 13:36:00,1.25213,1.252185,1.251985,1.252265
2017-10-16 13:37:00,1.252115,1.252185,1.252085,1.252245
2017-10-16 13:38:00,1.25221,1.25212,1.252115,1.25223
2017-10-16 13:39:00,1.25218,1.25216,1.252145,1.252185
2017-10-16 13:40:00,1.25182,1.252175,1.25179,1.25225
2017-10-16 13:41:00,1.251545,1.25187,1.251535,1.251925
2017-10-16 13:42:00,1.25193,1.25155,1.251435,1.251955
2017-10-16 13:43:00,1.25196,1.251925,1.251905,1.251965
2017-10-16 13:44:00,1.252115,1.25196,1.251955,1.25212
2017-10-16 13:45:00,1.25208,1.252175,1.25203,1.252175
2017-10-16 13:46:00,1.25205,1.25205,1.252045,1.25213
2017-10-16 13:47:00,1.25198,1.252095,1.25198,1.252285
2017-10-16 13:48:00,1.251705,1.25193,1.25162,1.25193
2017-10-16 13:49:00,1.251625,1.2517,1.25147,1.251735
2017-10-16 13:50:00,1.251655,1.251625,1.25162,1.2517
2017-10-16 13:51:00,1.25175,1.251705,1.251665,1.25194
2017-10-16 13:52:00,1.25184,1.25169,1.251665,1.251935
2017-10-16 13:53:00,1.251845,1.25187,1.251845,1.251895
2017-10-16 13:54:00,1.251695,1.251815,1.251695,1.251925
2017-10-16 13:55:00,1.251695,1.25165,1.251595,1.251715
2017-10-16 13:56:00,1.25165,1.2517,1.251645,1.251715
2017-10-16 13:57:00,1.251995,1.25165,1.251575,1.2521
2017-10-16 13:58:00,1.25218,1.252045,1.252045,1.252225
2017-10-16 13:59:00,1.252005,1.25218,1.25193,1.25218
2017-10-16 14:00:00,1.252265,1.25201,1.25201,1.25232
2017-10-16 14:01:00,1.251985,1.25224,1.25198,1.25228
2017-10-16 14:02:00,1.251875,1.252035,1.251835,1.25205
2017-10-16 14:03:00,1.251865,1.251875,1.251845,1.25195
2017-10-16 14:04:00,1.251845,1.251845,1.25177,1.25188
2017-10-16 14:05:00,1.25187,1.251845,1.251755,1.2519
2017-10-16 14:06:00,1.251885,1.251875,1.25187,1.252005
2017-10-16 14:07:00,1.251875,1.25189,1.251855,1.251905
2017-10-16 14:08:00,1.251895,1.25188,1.251875,1.251915
2017-10-16 14:09:00,1.25192,1.25195,1.25189,1.25202
2017-10-16 14:10:00,1.25173,1.251865,1.251725,1.25187
2017-10-16 14:11:00,1.25185,1.251675,1.251675,1.251945
2017-10-16 14:12:00,1.251885,1.251855,1.25185,1.251885
2017-10-16 14:13:00,1.251945,1.251945,1.251935,1.251955
2017-10-16 14:14:00,1.251755,1.25195,1.251755,1.25196
2017-10-16 14:15:00,1.252135,1.25176,1.251755,1.252585
2017-10-16 14:16:00,1.2525,1.252145,1.252145,1.2525
2017-10-16 14:17:00,1.252225,1.25248,1.252225,1.25254
2017-10-16 14:18:00,1.252215,1.25222,1.25214,1.252255
2017-10-16 14:19:00,1.25224,1.252195,1.252195,1.25229
2017-10-16 14:20:00,1.252155,1.25225,1.252155,1.25226
2017-10-16 14:21:00,1.25199,1.25217,1.251985,1.252175
2017-10-16 14:22:00,1.252055,1.251985,1.251985,1.252195
2017-10-16 14:23:00,1.2522,1.25206,1.252045,1.2522
2017-10-16 14:24:00,1.251915,1.252195,1.25188,1.25224
2017-10-16 14:25:00,1.251795,1.251915,1.251695,1.25192
2017-10-16 14:26:00,1.251905,1.251785,1.251785,1.252
2017-10-16 14:27:00,1.25185,1.25195,1.251835,1.252015
2017-10-16 14:28:00,1.251655,1.25186,1.25161,1.251865
2017-10-16 14:29:00,1.251655,1.25171,1.251615,1.251825
2017-10-16 14:30:00,1.25171,1.251655,1.251635,1.251825
2017-10-16 14:31:00,1.251565,1.251715,1.25151,1.25188
2017-10-16 14:32:00,1.25163,1.251575,1.25154,1.251725
2017-10-16 14:33:00,1.251455,1.25164,1.251435,1.25171
2017-10-16 14:34:00,1.25153,1.25145,1.251435,1.25154
2017-10-16 14:35:00,1.25169,1.251535,1.25153,1.25171
2017-10-16 14:36:00,1.25148,1.25168,1.25144,1.251825
2017-10-16 14:37:00,1.25157,1.25149,1.2514,1.25162
2017-10-16 14:38:00,1.251725,1.251575,1.25157,1.25182
2017-10-16 14:39:00,1.25192,1.25173,1.251725,1.251945
2017-10-16 14:40:00,1.251925,1.251895,1.25187,1.251935
2017-10-16 14:41:00,1.251955,1.251925,1.25187,1.251955
2017-10-16 14:42:00,1.252155,1.251905,1.251835,1.252185
2017-10-16 14:43:00,1.252105,1.25215,1.252045,1.252235
2017-10-16 14:44:00,1.25214,1.25211,1.2521,1.252235
2017-10-16 14:45:00,1.252175,1.25213,1.252105,1.25218
2017-10-16 14:46:00,1.25232,1.25218,1.252165,1.25234
2017-10-16 14:47:00,1.25234,1.252325,1.25224,1.252345
2017-10-16 14:48:00,1.25259,1.252335,1.25228,1.25261
2017-10-16 14:49:00,1.25251,1.25258,1.252495,1.2526
2017-10-16 14:50:00,1.25258,1.25252,1.252515,1.252615
2017-10-16 14:51:00,1.252565,1.252575,1.252395,1.25258
2017-10-16 14:52:00,1.25243,1.25257,1.25236,1.252585
2017-10-16 14:53:00,1.252255,1.25242,1.25225,1.252425
2017-10-16 14:54:00,1.252105,1.25226,1.25209,1.25228
2017-10-16 14:55:00,1.25208,1.252095,1.25207,1.25215
2017-10-16 14:56:00,1.25215,1.252135,1.25209,1.252155
2017-10-16 14:57:00,1.252155,1.25215,1.251965,1.252165
2017-10-16 14:58:00,1.25211,1.25213,1.252085,1.252205
2017-10-16 14:59:00,1.252045,1.25209,1.25189,1.25211
2017-10-16 15:00:00,1.252235,1.252015,1.251895,1.252295
2017-10-16 15:01:00,1.25226,1.25226,1.25215,1.25254
2017-10-16 15:02:00,1.252205,1.25225,1.25212,1.25233
2017-10-16 15:03:00,1.25221,1.2522,1.252055,1.252215
2017-10-16 15:04:00,1.252455,1.252225,1.252215,1.25252
2017-10-16 15:05:00,1.252655,1.252505,1.2525,1.252725
2017-10-16 15:06:00,1.252515,1.25267,1.252455,1.25267
2017-10-16 15:07:00,1.25258,1.25251,1.25251,1.25259
2017-10-16 15:08:00,1.252575,1.252575,1.252545,1.2526
2017-10-16 15:09:00,1.252625,1.252515,1.252505,1.25263
2017-10-16 15:10:00,1.25267,1.2526,1.25258,1.252685
2017-10-16 15:11:00,1.25261,1.25267,1.2526,1.25275
2017-10-16 15:12:00,1.25264,1.252585,1.252585,1.252725
2017-10-16 15:13:00,1.252695,1.25266,1.25259,1.2527
2017-10-16 15:14:00,1.25263,1.25268,1.25263,1.252725
2017-10-16 15:15:00,1.252815,1.252605,1.252585,1.252815
2017-10-16 15:16:00,1.252745,1.252765,1.25269,1.252765
2017-10-16 15:17:00,1.252655,1.25275,1.252645,1.252755
2017-10-16 15:18:00,1.252625,1.25267,1.25262,1.25267
2017-10-16 15:19:00,1.25254,1.252635,1.25251,1.25265
2017-10-16 15:20:00,1.25258,1.252535,1.252525,1.252585
2017-10-16 15:21:00,1.252565,1.25257,1.25252,1.252625
2017-10-16 15:22:00,1.252595,1.25262,1.252595,1.252675
2017-10-16 15:23:00,1.252565,1.25258,1.25256,1.25263
2017-10-16 15:24:00,1.2526,1.25257,1.252565,1.252635
2017-10-16 15:25:00,1.25262,1.2526,1.25258,1.252655
2017-10-16 15:26:00,1.252625,1.252625,1.252595,1.25265
2017-10-16 15:27:00,1.2526,1.252615,1.25257,1.25267
2017-10-16 15:28:00,1.252585,1.25261,1.252585,1.25262
2017-10-16 15:29:00,1.25258,1.252535,1.25253,1.25258
2017-10-16 15:30:00,1.25261,1.25253,1.25253,1.25261
2017-10-16 15:31:00,1.252555,1.252565,1.2525,1.25258
2017-10-16 15:32:00,1.25263,1.25258,1.252575,1.252635
2017-10-16 15:33:00,1.25261,1.252575,1.25256,1.252615
2017-10-16 15:34:00,1.25266,1.252585,1.252565,1.25266
2017-10-16 15:35:00,1.252665,1.252655,1.252625,1.252685
2017-10-16 15:36:00,1.25282,1.25266,1.25266,1.25283
2017-10-16 15:37:00,1.252745,1.252825,1.252715,1.252825
2017-10-16 15:38:00,1.25282,1.25275,1.252675,1.252825
2017-10-16 15:39:00,1.25281,1.252825,1.25276,1.25283
2017-10-16 15:40:00,1.252835,1.252865,1.25283,1.25289
2017-10-16 15:41:00,1.252855,1.25289,1.25278,1.252895
2017-10-16 15:42:00,1.25284,1.25283,1.25282,1.25289
2017-10-16 15:43:00,1.252795,1.252845,1.252795,1.252845
2017-10-16 15:44:00,1.252715,1.25274,1.25263,1.25274
2017-10-16 15:45:00,1.25262,1.25271,1.2525,1.25271
2017-10-16 15:46:00,1.25272,1.252615,1.252475,1.25272
2017-10-16 15:47:00,1.2528,1.252745,1.25273,1.252805
2017-10-16 15:48:00,1.25275,1.25278,1.252715,1.25282
2017-10-16 15:49:00,1.252775,1.252815,1.252755,1.25283
2017-10-16 15:50:00,1.252785,1.25279,1.25274,1.252845
2017-10-16 15:51:00,1.252675,1.25281,1.252675,1.252885
2017-10-16 15:52:00,1.252745,1.252675,1.252675,1.25278
2017-10-16 15:53:00,1.2527,1.252745,1.25265,1.25275
2017-10-16 15:54:00,1.25255,1.252685,1.2525,1.252735
2017-10-16 15:55:00,1.25251,1.252555,1.252505,1.25259
2017-10-16 15:56:00,1.2526,1.2525,1.252495,1.25261
2017-10-16 15:57:00,1.25261,1.252605,1.25258,1.252655
2017-10-16 15:58:00,1.252515,1.25261,1.252515,1.25262
2017-10-16 15:59:00,1.25251,1.252575,1.252435,1.252595
2017-10-16 16:00:00,1.25211,1.252495,1.252105,1.2525
2017-10-16 16:01:00,1.251885,1.25216,1.251885,1.252175
2017-10-16 16:02:00,1.2519,1.25187,1.251855,1.251915
2017-10-16 16:03:00,1.25189,1.251905,1.25186,1.25195
2017-10-16 16:04:00,1.252005,1.251895,1.25189,1.252005
2017-10-16 16:05:00,1.252005,1.251895,1.25189,1.252005
2017-10-16 16:06:00,1.25216,1.251985,1.251985,1.252175
2017-10-16 16:07:00,1.25208,1.252155,1.25201,1.252155
2017-10-16 16:08:00,1.25207,1.25206,1.252055,1.252105
2017-10-16 16:09:00,1.25206,1.252075,1.252045,1.252075
2017-10-16 16:10:00,1.252165,1.25205,1.252045,1.252175
2017-10-16 16:11:00,1.252135,1.252155,1.252105,1.252185
2017-10-16 16:12:00,1.252085,1.252085,1.252025,1.25211
2017-10-16 16:13:00,1.25218,1.25209,1.252035,1.252185
2017-10-16 16:14:00,1.252175,1.25217,1.252165,1.252255
2017-10-16 16:15:00,1.25218,1.252175,1.252175,1.252215
2017-10-16 16:16:00,1.252195,1.252235,1.252195,1.25225
2017-10-16 16:17:00,1.25218,1.252195,1.252165,1.25221
2017-10-16 16:18:00,1.25224,1.25219,1.252175,1.252245
2017-10-16 16:19:00,1.252195,1.252225,1.25219,1.252265
2017-10-16 16:20:00,1.25216,1.2522,1.25209,1.25221
2017-10-16 16:21:00,1.25216,1.2522,1.25209,1.25221
2017-10-16 16:22:00,1.252115,1.25216,1.25211,1.252215
2017-10-16 16:23:00,1.25199,1.25212,1.25197,1.25215
2017-10-16 16:24:00,1.251935,1.252,1.251935,1.25201
2017-10-16 16:25:00,1.25192,1.251885,1.25188,1.251925
2017-10-16 16:26:00,1.25191,1.251915,1.251905,1.25197
2017-10-16 16:27:00,1.25191,1.251915,1.251895,1.25192
2017-10-16 16:28:00,1.251925,1.25192,1.25191,1.251945
2017-10-16 16:29:00,1.25196,1.251905,1.251905,1.251965
2017-10-16 16:30:00,1.25205,1.25197,1.25197,1.25205
2017-10-16 16:31:00,1.25208,1.25208,1.25208,1.25208
2017-10-16 16:32:00,1.25189,1.25202,1.25187,1.252025
2017-10-16 16:33:00,1.251825,1.25189,1.251825,1.2519
2017-10-16 16:34:00,1.251875,1.25185,1.25185,1.251875
2017-10-16 16:35:00,1.251985,1.251925,1.251925,1.25203
2017-10-16 16:36:00,1.25198,1.25198,1.25197,1.251995
2017-10-16 16:37:00,1.252095,1.252045,1.252005,1.252125
2017-10-16 16:38:00,1.252155,1.25211,1.25211,1.25219
2017-10-16 16:39:00,1.252155,1.25217,1.25215,1.25218
2017-10-16 16:40:00,1.252175,1.252155,1.25215,1.252175
2017-10-16 16:41:00,1.25209,1.25218,1.252085,1.252195
2017-10-16 16:42:00,1.252025,1.252105,1.252015,1.252105
2017-10-16 16:43:00,1.251825,1.252015,1.251785,1.252015
2017-10-16 16:44:00,1.25192,1.25188,1.25188,1.251925
2017-10-16 16:45:00,1.251955,1.251935,1.251935,1.251955
2017-10-16 16:46:00,1.251955,1.251935,1.251935,1.251955
2017-10-16 16:47:00,1.251955,1.251935,1.251935,1.251955
2017-10-16 16:48:00,1.25185,1.25201,1.25183,1.25203
2017-10-16 16:49:00,1.25188,1.251845,1.251845,1.251895
2017-10-16 16:50:00,1.25187,1.25187,1.251865,1.251875
2017-10-16 16:51:00,1.25184,1.25185,1.25183,1.251895
2017-10-16 16:52:00,1.25184,1.251825,1.25182,1.251845
2017-10-16 16:53:00,1.251775,1.25183,1.25177,1.25185
2017-10-16 16:54:00,1.25162,1.25172,1.25162,1.251725
2017-10-16 16:55:00,1.25203,1.25157,1.25156,1.252035
2017-10-16 16:56:00,1.251945,1.25198,1.251915,1.25198
2017-10-16 16:57:00,1.25193,1.251945,1.251895,1.25196
2017-10-16 16:58:00,1.251795,1.251865,1.25178,1.251885
2017-10-16 17:04:00,1.251755,1.251755,1.251755,1.251755
2017-10-16 17:05:00,1.251735,1.251705,1.25159,1.251925
2017-10-16 17:06:00,1.252235,1.251765,1.25166,1.252285
2017-10-16 17:07:00,1.252285,1.25223,1.25218,1.25256
2017-10-16 17:08:00,1.25185,1.252255,1.25185,1.25229
2017-10-16 17:09:00,1.251985,1.251945,1.25194,1.252045
2017-10-16 17:10:00,1.251935,1.251905,1.251905,1.251935
2017-10-16 17:11:00,1.251935,1.251905,1.251905,1.251935
2017-10-16 17:12:00,1.251935,1.251905,1.251905,1.251935
2017-10-16 17:13:00,1.251835,1.25182,1.251815,1.25184
2017-10-16 17:14:00,1.25182,1.25182,1.251805,1.251835
2017-10-16 17:15:00,1.25192,1.251815,1.251735,1.25192
2017-10-16 17:16:00,1.25192,1.251815,1.251735,1.25192
2017-10-16 17:17:00,1.25192,1.251815,1.251735,1.25192
2017-10-16 17:18:00,1.25192,1.251815,1.251735,1.25192
2017-10-16 17:19:00,1.25192,1.251815,1.251735,1.25192
2017-10-16 17:20:00,1.25192,1.251815,1.251735,1.25192
2017-10-16 17:21:00,1.25192,1.251815,1.251735,1.25192
2017-10-16 17:22:00,1.25192,1.251815,1.251735,1.25192
2017-10-16 17:23:00,1.25192,1.251815,1.251735,1.25192
2017-10-16 17:24:00,1.25192,1.251815,1.251735,1.25192
2017-10-16 17:25:00,1.2519,1.2519,1.2519,1.2519
2017-10-16 17:26:00,1.25188,1.25188,1.25188,1.25188
2017-10-16 17:27:00,1.25188,1.25188,1.25188,1.25188
2017-10-16 17:28:00,1.25196,1.25195,1.251945,1.251965
2017-10-16 17:29:00,1.25196,1.25195,1.25195,1.25196
2017-10-16 17:30:00,1.251965,1.251965,1.251965,1.251965
2017-10-16 17:31:00,1.25196,1.251955,1.25195,1.25196
2017-10-16 17:32:00,1.251945,1.25196,1.25194,1.25197
2017-10-16 17:33:00,1.251955,1.25195,1.25193,1.251965
2017-10-16 17:34:00,1.25196,1.25197,1.25195,1.25198
2017-10-16 17:35:00,1.2519,1.2519,1.2519,1.2519
2017-10-16 17:36:00,1.2519,1.2519,1.2519,1.2519
2017-10-16 17:37:00,1.25181,1.2518,1.2518,1.25181
2017-10-16 17:38:00,1.251845,1.251805,1.251805,1.251845
2017-10-16 17:39:00,1.25183,1.25184,1.251825,1.25184
2017-10-16 17:40:00,1.25188,1.251855,1.251855,1.251975
2017-10-16 17:41:00,1.251885,1.251885,1.251885,1.251885
2017-10-16 17:42:00,1.251885,1.251885,1.251885,1.251885
2017-10-16 17:43:00,1.251885,1.251875,1.251875,1.251885
2017-10-16 17:44:00,1.251885,1.25188,1.251875,1.25189
2017-10-16 17:45:00,1.251885,1.25189,1.25187,1.251895
2017-10-16 17:46:00,1.251855,1.25187,1.25177,1.2519
2017-10-16 17:47:00,1.251955,1.251955,1.251945,1.251985
2017-10-16 17:48:00,1.25191,1.25195,1.251865,1.25197
2017-10-16 17:49:00,1.25189,1.2519,1.251885,1.251905
2017-10-16 17:50:00,1.25189,1.2519,1.251885,1.251905
2017-10-16 17:51:00,1.251735,1.251905,1.25173,1.251915
2017-10-16 17:52:00,1.251735,1.251905,1.25173,1.251915
2017-10-16 17:53:00,1.251735,1.251905,1.25173,1.251915
2017-10-16 17:54:00,1.251905,1.251795,1.251795,1.251945
2017-10-16 17:55:00,1.251875,1.251925,1.25175,1.25194
2017-10-16 17:56:00,1.251725,1.251885,1.251715,1.251925
2017-10-16 17:57:00,1.25185,1.251835,1.251835,1.25185
2017-10-16 17:58:00,1.251845,1.25185,1.251825,1.251895
2017-10-16 17:59:00,1.25185,1.25184,1.25184,1.25185
2017-10-16 18:00:00,1.25186,1.251845,1.251845,1.25191
2017-10-16 18:01:00,1.251885,1.251845,1.25182,1.25195
2017-10-16 18:02:00,1.25177,1.251865,1.25177,1.251865
2017-10-16 18:03:00,1.2519,1.25184,1.25184,1.25194
2017-10-16 18:04:00,1.25179,1.251885,1.25174,1.25192
2017-10-16 18:05:00,1.25174,1.251795,1.25172,1.25181
2017-10-16 18:06:00,1.25147,1.25176,1.251465,1.25177
2017-10-16 18:07:00,1.25147,1.25147,1.2514,1.251495
2017-10-16 18:08:00,1.25153,1.25148,1.25148,1.25156
2017-10-16 18:09:00,1.25156,1.251545,1.251525,1.25156
2017-10-16 18:10:00,1.251505,1.251555,1.251505,1.251555
2017-10-16 18:11:00,1.251505,1.251555,1.251505,1.251555
2017-10-16 18:12:00,1.2514,1.25144,1.251395,1.25144
2017-10-16 18:13:00,1.25144,1.25144,1.25144,1.25144
2017-10-16 18:14:00,1.251345,1.251365,1.251305,1.251385
2017-10-16 18:15:00,1.25139,1.25137,1.251365,1.251405
2017-10-16 18:16:00,1.251395,1.25139,1.25138,1.25142
2017-10-16 18:17:00,1.251345,1.251345,1.251345,1.251345
2017-10-16 18:18:00,1.251335,1.251345,1.251335,1.251345
2017-10-16 18:19:00,1.251435,1.25134,1.25133,1.251435
2017-10-16 18:20:00,1.251395,1.25141,1.251395,1.25146
2017-10-16 18:21:00,1.251505,1.251405,1.251395,1.251565
2017-10-16 18:22:00,1.251545,1.251525,1.251515,1.251555
2017-10-16 18:23:00,1.25157,1.25157,1.25157,1.25157
2017-10-16 18:24:00,1.251495,1.25151,1.25148,1.251515
2017-10-16 18:25:00,1.251505,1.2515,1.25149,1.251525
2017-10-16 18:26:00,1.251535,1.251495,1.25149,1.251555
2017-10-16 18:27:00,1.25155,1.251535,1.25153,1.25155
2017-10-16 18:28:00,1.25156,1.25154,1.251535,1.25156
2017-10-16 18:29:00,1.251535,1.25154,1.251535,1.251565
2017-10-16 18:30:00,1.25149,1.251555,1.251475,1.25156
2017-10-16 18:31:00,1.251495,1.25149,1.251485,1.25152
2017-10-16 18:32:00,1.25148,1.251485,1.251475,1.25151
2017-10-16 18:33:00,1.251495,1.25148,1.25148,1.2515
2017-10-16 18:34:00,1.25153,1.25149,1.251485,1.25153
2017-10-16 18:35:00,1.25153,1.25149,1.251485,1.25153
2017-10-16 18:36:00,1.25153,1.25149,1.251485,1.25153
2017-10-16 18:37:00,1.25156,1.25151,1.25151,1.25156
2017-10-16 18:38:00,1.25159,1.251575,1.25157,1.25162
2017-10-16 18:39:00,1.25161,1.251595,1.251555,1.25163
2017-10-16 18:40:00,1.251505,1.251615,1.25147,1.251615
2017-10-16 18:41:00,1.25146,1.2515,1.25146,1.25151
2017-10-16 18:42:00,1.251465,1.25147,1.25145,1.2515
2017-10-16 18:43:00,1.25153,1.25147,1.251465,1.25154
2017-10-16 18:44:00,1.251575,1.251535,1.25151,1.251575
2017-10-16 18:45:00,1.25163,1.25158,1.25157,1.25164
2017-10-16 18:46:00,1.251565,1.25162,1.251555,1.25163
2017-10-16 18:47:00,1.25158,1.251565,1.25156,1.251635
2017-10-16 18:48:00,1.251635,1.25164,1.251635,1.251645
2017-10-16 18:49:00,1.25161,1.251635,1.251605,1.251635
2017-10-16 18:50:00,1.251605,1.251625,1.25157,1.25165
2017-10-16 18:51:00,1.251675,1.251625,1.251625,1.251675
2017-10-16 18:52:00,1.251675,1.251625,1.251625,1.251675
2017-10-16 18:53:00,1.251675,1.251625,1.251625,1.251675
2017-10-16 18:54:00,1.25157,1.2517,1.251565,1.251745
2017-10-16 18:55:00,1.251635,1.25161,1.25161,1.251705
2017-10-16 18:56:00,1.251735,1.25164,1.25164,1.251735
2017-10-16 18:57:00,1.251775,1.251745,1.251735,1.2518
2017-10-16 18:58:00,1.25185,1.25179,1.251765,1.251955
2017-10-16 18:59:00,1.25199,1.251845,1.251845,1.252
2017-10-16 19:00:00,1.251985,1.251995,1.25197,1.25201
2017-10-16 19:01:00,1.25187,1.25198,1.251865,1.25198
2017-10-16 19:02:00,1.251875,1.25188,1.251855,1.251965
2017-10-16 19:03:00,1.25187,1.251875,1.25186,1.25189
2017-10-16 19:04:00,1.251965,1.25188,1.251875,1.251965
2017-10-16 19:05:00,1.25204,1.251975,1.25196,1.25204
2017-10-16 19:06:00,1.252,1.252035,1.251995,1.252045
2017-10-16 19:07:00,1.25201,1.25201,1.252,1.25205
2017-10-16 19:08:00,1.252195,1.25203,1.25203,1.2522
2017-10-16 19:09:00,1.252175,1.2522,1.252115,1.2522
2017-10-16 19:10:00,1.25218,1.25218,1.25217,1.252195
2017-10-16 19:11:00,1.251995,1.25219,1.25196,1.25221
2017-10-16 19:12:00,1.252035,1.251985,1.25198,1.252075
2017-10-16 19:13:00,1.252,1.25209,1.251975,1.25209
2017-10-16 19:14:00,1.251875,1.252025,1.25185,1.252025
2017-10-16 19:15:00,1.251885,1.251885,1.25188,1.25189
2017-10-16 19:16:00,1.251895,1.2519,1.251875,1.251905
2017-10-16 19:17:00,1.25188,1.251925,1.25179,1.251925
2017-10-16 19:18:00,1.25188,1.251885,1.25188,1.251905
2017-10-16 19:19:00,1.251865,1.25187,1.251845,1.25188
2017-10-16 19:20:00,1.251875,1.251885,1.25186,1.251925
2017-10-16 19:21:00,1.251945,1.25189,1.251885,1.251945
2017-10-16 19:22:00,1.252,1.25195,1.25195,1.25202
2017-10-16 19:23:00,1.25205,1.25201,1.252005,1.25206
2017-10-16 19:24:00,1.252125,1.25205,1.25204,1.25213
2017-10-16 19:25:00,1.25213,1.252115,1.25211,1.252145
2017-10-16 19:26:00,1.25221,1.25213,1.25212,1.252225
2017-10-16 19:27:00,1.252235,1.252215,1.252205,1.25224
2017-10-16 19:28:00,1.252235,1.252215,1.252205,1.25224
2017-10-16 19:29:00,1.25223,1.25226,1.25221,1.25226
2017-10-16 19:30:00,1.25227,1.252225,1.25221,1.25227
2017-10-16 19:31:00,1.252275,1.252265,1.252255,1.252285
2017-10-16 19:32:00,1.252305,1.25229,1.252285,1.25232
2017-10-16 19:33:00,1.252345,1.252315,1.2523,1.252345
2017-10-16 19:34:00,1.25239,1.252345,1.252335,1.25239
2017-10-16 19:35:00,1.252395,1.25239,1.25238,1.2524
2017-10-16 19:36:00,1.25249,1.252455,1.25242,1.252515
2017-10-16 19:37:00,1.252605,1.252545,1.252505,1.252655
2017-10-16 19:38:00,1.252455,1.2526,1.25245,1.252605
2017-10-16 19:39:00,1.252435,1.252445,1.252405,1.25245
2017-10-16 19:40:00,1.252365,1.25242,1.252365,1.252425
2017-10-16 19:41:00,1.25237,1.252385,1.25237,1.252385
2017-10-16 19:42:00,1.25248,1.25239,1.25239,1.25248
2017-10-16 19:43:00,1.252565,1.252545,1.25254,1.252605
2017-10-16 19:44:00,1.252565,1.252545,1.25254,1.252605
2017-10-16 19:45:00,1.252595,1.25262,1.252595,1.252645
2017-10-16 19:46:00,1.25249,1.25259,1.25249,1.252615
2017-10-16 19:47:00,1.25241,1.252465,1.25241,1.252465
2017-10-16 19:48:00,1.252425,1.25247,1.252425,1.252485
2017-10-16 19:49:00,1.25235,1.2524,1.252265,1.2524
2017-10-16 19:50:00,1.252445,1.25242,1.25242,1.252495
2017-10-16 19:51:00,1.25243,1.25245,1.25242,1.25245
2017-10-16 19:52:00,1.25244,1.25243,1.25242,1.25254
2017-10-16 19:53:00,1.252445,1.25243,1.252425,1.252485
2017-10-16 19:54:00,1.252445,1.25245,1.25244,1.252455
2017-10-16 19:55:00,1.252505,1.25245,1.252445,1.25257
2017-10-16 19:56:00,1.252425,1.2525,1.252405,1.252505
2017-10-16 19:57:00,1.252365,1.252375,1.25236,1.252375
2017-10-16 19:58:00,1.25236,1.252365,1.252345,1.252385
2017-10-16 19:59:00,1.252525,1.25236,1.252355,1.25259
2017-10-16 20:00:00,1.252525,1.25252,1.25251,1.25261
2017-10-16 20:01:00,1.25245,1.25253,1.252255,1.25253
2017-10-16 20:02:00,1.252355,1.252455,1.25235,1.25255
2017-10-16 20:03:00,1.252395,1.25236,1.252335,1.2524
2017-10-16 20:04:00,1.25252,1.252395,1.252355,1.252545
2017-10-16 20:05:00,1.252555,1.25252,1.252505,1.25259
2017-10-16 20:06:00,1.252475,1.252555,1.252425,1.252555
2017-10-16 20:07:00,1.252475,1.252555,1.252425,1.252555
2017-10-16 20:08:00,1.252525,1.252525,1.252525,1.252525
2017-10-16 20:09:00,1.252505,1.25252,1.252495,1.25253
2017-10-16 20:10:00,1.252575,1.25251,1.2525,1.252595
2017-10-16 20:11:00,1.252525,1.25259,1.25252,1.25259
2017-10-16 20:12:00,1.2525,1.25251,1.2525,1.25253
2017-10-16 20:13:00,1.252475,1.252525,1.25247,1.252565
2017-10-16 20:14:00,1.252465,1.25247,1.252465,1.25247
2017-10-16 20:15:00,1.252465,1.252445,1.252445,1.252465
2017-10-16 20:16:00,1.252485,1.252485,1.252485,1.252485
2017-10-16 20:17:00,1.25261,1.252545,1.252545,1.25261
2017-10-16 20:18:00,1.252655,1.252615,1.25261,1.252665
2017-10-16 20:19:00,1.252705,1.252705,1.252705,1.252705
2017-10-16 20:20:00,1.252705,1.252705,1.252705,1.252705
2017-10-16 20:21:00,1.25273,1.252715,1.252705,1.25274
2017-10-16 20:22:00,1.25263,1.25273,1.25263,1.252735
2017-10-16 20:23:00,1.252635,1.25264,1.252625,1.25264
2017-10-16 20:24:00,1.25284,1.252645,1.25264,1.25285
2017-10-16 20:25:00,1.25283,1.252845,1.252815,1.25285
2017-10-16 20:26:00,1.25283,1.252845,1.252815,1.25285
2017-10-16 20:27:00,1.25289,1.252835,1.252815,1.25289
2017-10-16 20:28:00,1.25287,1.252905,1.25287,1.252905
2017-10-16 20:29:00,1.252825,1.252845,1.252825,1.252845
2017-10-16 20:30:00,1.25282,1.252805,1.25275,1.25283
2017-10-16 20:31:00,1.25269,1.25282,1.25268,1.252835
2017-10-16 20:32:00,1.252835,1.252695,1.252695,1.252855
2017-10-16 20:33:00,1.252955,1.25284,1.25283,1.252965
2017-10-16 20:34:00,1.252935,1.252955,1.252935,1.252975
2017-10-16 20:35:00,1.252955,1.252955,1.25295,1.25307
2017-10-16 20:36:00,1.25301,1.25294,1.252925,1.253025
2017-10-16 20:37:00,1.253065,1.253035,1.253035,1.253095
2017-10-16 20:38:00,1.25313,1.25307,1.253035,1.253135
2017-10-16 20:39:00,1.253355,1.253135,1.2531,1.253395
2017-10-16 20:40:00,1.25326,1.253335,1.253215,1.253355
2017-10-16 20:41:00,1.2531,1.253205,1.25306,1.253235
2017-10-16 20:42:00,1.253035,1.25312,1.25301,1.25312
2017-10-16 20:43:00,1.25302,1.25298,1.252945,1.25307
2017-10-16 20:44:00,1.252985,1.253045,1.252965,1.253045
2017-10-16 20:45:00,1.252995,1.252995,1.252985,1.253
2017-10-16 20:46:00,1.2529,1.252985,1.252895,1.25305
2017-10-16 20:47:00,1.252785,1.252895,1.25263,1.252895
2017-10-16 20:48:00,1.25265,1.25277,1.25264,1.25277
2017-10-16 20:49:00,1.252765,1.252675,1.252675,1.252765
2017-10-16 20:50:00,1.25259,1.252745,1.25255,1.252745
2017-10-16 20:51:00,1.252595,1.25259,1.252565,1.2526
2017-10-16 20:52:00,1.25274,1.252615,1.252615,1.25277
2017-10-16 20:53:00,1.252755,1.252755,1.25272,1.252755
2017-10-16 20:54:00,1.25301,1.25278,1.25278,1.25301
2017-10-16 20:55:00,1.25334,1.25296,1.25288,1.25341
2017-10-16 20:56:00,1.253125,1.25333,1.253125,1.25333
2017-10-16 20:57:00,1.253165,1.25319,1.253155,1.2532
2017-10-16 20:58:00,1.25317,1.25318,1.25313,1.253195
2017-10-16 20:59:00,1.252925,1.253165,1.252925,1.25317
2017-10-16 21:00:00,1.253,1.25293,1.252925,1.253
2017-10-16 21:01:00,1.25292,1.252985,1.252905,1.253025
2017-10-16 21:02:00,1.25292,1.25292,1.252815,1.25297
2017-10-16 21:03:00,1.252955,1.252935,1.252915,1.25297
2017-10-16 21:04:00,1.25299,1.25296,1.25296,1.25304
2017-10-16 21:05:00,1.25291,1.252995,1.25291,1.253
2017-10-16 21:06:00,1.252975,1.252905,1.252905,1.252975
2017-10-16 21:07:00,1.25291,1.252985,1.25291,1.252985
2017-10-16 21:08:00,1.2531,1.25293,1.252925,1.2531
2017-10-16 21:09:00,1.25287,1.253095,1.25287,1.253095
2017-10-16 21:10:00,1.253025,1.252865,1.25285,1.253035
2017-10-16 21:11:00,1.253115,1.25302,1.253,1.25313
2017-10-16 21:12:00,1.253165,1.25311,1.25311,1.25319
2017-10-16 21:13:00,1.25318,1.253165,1.25316,1.25319
2017-10-16 21:14:00,1.253185,1.2532,1.25314,1.2532
2017-10-16 21:15:00,1.253225,1.25324,1.25322,1.25332
2017-10-16 21:16:00,1.2531,1.253225,1.2531,1.25328
2017-10-16 21:17:00,1.25307,1.253115,1.25307,1.25315
2017-10-16 21:18:00,1.252935,1.25305,1.25293,1.25305
2017-10-16 21:19:00,1.25293,1.252935,1.25291,1.25294
2017-10-16 21:20:00,1.25293,1.252925,1.25292,1.25293
2017-10-16 21:21:00,1.25299,1.252935,1.252865,1.253005
2017-10-16 21:22:00,1.25299,1.25302,1.252955,1.25302
2017-10-16 21:23:00,1.253105,1.252995,1.25296,1.25311
2017-10-16 21:24:00,1.25301,1.253115,1.253005,1.25312
2017-10-16 21:25:00,1.253015,1.253015,1.253015,1.253025
2017-10-16 21:26:00,1.25301,1.25301,1.253005,1.253025
2017-10-16 21:27:00,1.25301,1.25302,1.25299,1.253025
2017-10-16 21:28:00,1.25314,1.253035,1.253035,1.25314
2017-10-16 21:29:00,1.25321,1.253195,1.253195,1.25321
2017-10-16 21:30:00,1.25321,1.25322,1.253205,1.25324
2017-10-16 21:31:00,1.253355,1.25322,1.253205,1.253355
2017-10-16 21:32:00,1.253355,1.253375,1.253215,1.253425
2017-10-16 21:33:00,1.253605,1.253375,1.253375,1.25363
2017-10-16 21:34:00,1.25356,1.25361,1.25355,1.253675
2017-10-16 21:35:00,1.25388,1.253585,1.25358,1.25392
2017-10-16 21:36:00,1.25394,1.253865,1.253865,1.253955
2017-10-16 21:37:00,1.253875,1.253895,1.25386,1.25394
2017-10-16 21:38:00,1.253765,1.253875,1.25375,1.25391
2017-10-16 21:39:00,1.253635,1.253785,1.253595,1.253785
2017-10-16 21:40:00,1.25372,1.25364,1.25363,1.253765
2017-10-16 21:41:00,1.253535,1.2537,1.253535,1.2537
2017-10-16 21:42:00,1.253575,1.253575,1.253575,1.253575
2017-10-16 21:43:00,1.253555,1.253555,1.253555,1.253555
2017-10-16 21:44:00,1.253595,1.253605,1.253585,1.25361
2017-10-16 21:45:00,1.253575,1.253595,1.25356,1.253595
2017-10-16 21:46:00,1.25333,1.25357,1.25333,1.25357
2017-10-16 21:47:00,1.25345,1.25335,1.25335,1.253485
2017-10-16 21:48:00,1.25344,1.253455,1.253345,1.25347
2017-10-16 21:49:00,1.25343,1.253435,1.253425,1.253435
2017-10-16 21:50:00,1.253435,1.253425,1.253425,1.253435
2017-10-16 21:51:00,1.253275,1.25339,1.253275,1.25339
2017-10-16 21:52:00,1.25324,1.253225,1.25315,1.25325
2017-10-16 21:53:00,1.253225,1.25322,1.253175,1.253245
2017-10-16 21:54:00,1.25331,1.25322,1.25322,1.253315
2017-10-16 21:55:00,1.25347,1.253315,1.25331,1.25349
2017-10-16 21:56:00,1.253535,1.253455,1.253455,1.25354
2017-10-16 21:57:00,1.25361,1.25356,1.25356,1.253635
2017-10-16 21:58:00,1.253695,1.253635,1.2536,1.253695
2017-10-16 21:59:00,1.25364,1.253675,1.253635,1.253695
2017-10-16 22:00:00,1.25356,1.253585,1.25352,1.253585
2017-10-16 22:01:00,1.253395,1.253535,1.253395,1.253535
2017-10-16 22:02:00,1.253315,1.25337,1.253315,1.25337
2017-10-16 22:03:00,1.25329,1.25334,1.253285,1.253435
2017-10-16 22:04:00,1.25328,1.253285,1.25317,1.253285
2017-10-16 22:05:00,1.25303,1.253255,1.25303,1.253255
2017-10-16 22:06:00,1.253105,1.253005,1.252985,1.253115
2017-10-16 22:07:00,1.253045,1.253105,1.253045,1.25316
2017-10-16 22:08:00,1.25304,1.25305,1.25303,1.253075
2017-10-16 22:09:00,1.25304,1.253025,1.253025,1.253045
2017-10-16 22:10:00,1.25304,1.253045,1.253035,1.25305
2017-10-16 22:11:00,1.253045,1.253045,1.253045,1.25305
2017-10-16 22:12:00,1.253045,1.253035,1.253035,1.25305
2017-10-16 22:13:00,1.25318,1.25305,1.253045,1.25318
2017-10-16 22:14:00,1.253145,1.253175,1.253145,1.253175
2017-10-16 22:15:00,1.253075,1.25309,1.253025,1.25309
2017-10-16 22:16:00,1.25319,1.25309,1.25309,1.253215
2017-10-16 22:17:00,1.25316,1.25317,1.253155,1.253185
2017-10-16 22:18:00,1.25318,1.253105,1.2531,1.25318
2017-10-16 22:19:00,1.25327,1.253205,1.253205,1.253295
2017-10-16 22:20:00,1.25327,1.253205,1.253205,1.253295
2017-10-16 22:21:00,1.25327,1.253205,1.253205,1.253295
2017-10-16 22:22:00,1.25327,1.253205,1.253205,1.253295
2017-10-16 22:23:00,1.25327,1.253205,1.253205,1.253295
2017-10-16 22:24:00,1.25343,1.25333,1.25333,1.25343
2017-10-16 22:25:00,1.25349,1.25345,1.25345,1.253515
2017-10-16 22:26:00,1.253495,1.253505,1.253485,1.253505
2017-10-16 22:27:00,1.253525,1.25349,1.253475,1.253525
2017-10-16 22:28:00,1.25335,1.253475,1.253345,1.253485
2017-10-16 22:29:00,1.253365,1.253345,1.253345,1.25337
2017-10-16 22:30:00,1.25337,1.25337,1.25337,1.25337
2017-10-16 22:31:00,1.25327,1.253365,1.25327,1.253375
2017-10-16 22:32:00,1.25327,1.253365,1.25327,1.253375
2017-10-16 22:33:00,1.25316,1.25323,1.253125,1.25323
2017-10-16 22:34:00,1.253265,1.25318,1.25318,1.25329
2017-10-16 22:35:00,1.25322,1.25325,1.253215,1.25325
2017-10-16 22:36:00,1.25316,1.25323,1.25316,1.25324
2017-10-16 22:37:00,1.25309,1.253105,1.253015,1.253115
2017-10-16 22:38:00,1.25309,1.253105,1.253015,1.253115
2017-10-16 22:39:00,1.252965,1.253045,1.25296,1.25305
2017-10-16 22:40:00,1.252655,1.252965,1.25262,1.252965
2017-10-16 22:41:00,1.25275,1.252635,1.252555,1.25275
2017-10-16 22:42:00,1.252805,1.252775,1.25277,1.25283
2017-10-16 22:43:00,1.252805,1.252775,1.25277,1.25283
2017-10-16 22:44:00,1.252895,1.252785,1.252775,1.252895
2017-10-16 22:45:00,1.252855,1.252905,1.252825,1.252905
2017-10-16 22:46:00,1.252945,1.252855,1.25283,1.25295
2017-10-16 22:47:00,1.25307,1.252945,1.252945,1.253085
2017-10-16 22:48:00,1.25304,1.253075,1.25303,1.253075
2017-10-16 22:49:00,1.25307,1.253055,1.252995,1.253095
2017-10-16 22:50:00,1.253035,1.25306,1.25303,1.253065
2017-10-16 22:51:00,1.25304,1.25304,1.25302,1.25305
2017-10-16 22:52:00,1.25288,1.253015,1.252875,1.253015
2017-10-16 22:53:00,1.25282,1.25287,1.2528,1.25287
2017-10-16 22:54:00,1.25271,1.252815,1.252705,1.252815
2017-10-16 22:55:00,1.25271,1.252815,1.252705,1.252815
2017-10-16 22:56:00,1.2528,1.252735,1.252735,1.2528
2017-10-16 22:57:00,1.252745,1.25275,1.252725,1.25276
2017-10-16 22:58:00,1.25266,1.252735,1.25266,1.252765
2017-10-16 22:59:00,1.252705,1.25266,1.252645,1.252705
2017-10-16 23:00:00,1.25269,1.25269,1.25269,1.25269
2017-10-16 23:01:00,1.25269,1.25269,1.25269,1.25269
2017-10-16 23:02:00,1.25257,1.25266,1.252555,1.25266
2017-10-16 23:03:00,1.25246,1.252565,1.252455,1.25257
2017-10-16 23:04:00,1.25247,1.252445,1.252425,1.2525
2017-10-16 23:05:00,1.25247,1.252465,1.252445,1.252485
2017-10-16 23:06:00,1.252485,1.252465,1.252465,1.25251
2017-10-16 23:07:00,1.252485,1.25249,1.25245,1.25251
2017-10-16 23:08:00,1.252485,1.25249,1.25248,1.252495
2017-10-16 23:09:00,1.252665,1.25249,1.252475,1.25267
2017-10-16 23:10:00,1.25266,1.252685,1.25265,1.252685
2017-10-16 23:11:00,1.25266,1.25266,1.25265,1.25267
2017-10-16 23:12:00,1.252575,1.25265,1.25257,1.25265
2017-10-16 23:13:00,1.2525,1.252575,1.25248,1.252575
2017-10-16 23:14:00,1.25265,1.25252,1.25252,1.25266
2017-10-16 23:15:00,1.25256,1.25265,1.25256,1.25265
2017-10-16 23:16:00,1.25263,1.252615,1.252615,1.252635
2017-10-16 23:17:00,1.25289,1.252685,1.252685,1.25294
2017-10-16 23:18:00,1.25277,1.25287,1.252705,1.25287
2017-10-16 23:19:00,1.25281,1.25275,1.25275,1.25281
2017-10-16 23:20:00,1.252805,1.252755,1.25275,1.252855
2017-10-16 23:21:00,1.25282,1.252825,1.252815,1.25283
2017-10-16 23:22:00,1.252835,1.25283,1.2528,1.252835
2017-10-16 23:23:00,1.252825,1.252835,1.252825,1.25285
2017-10-16 23:24:00,1.252835,1.252805,1.252795,1.252835
2017-10-16 23:25:00,1.252635,1.252825,1.252625,1.252845
2017-10-16 23:26:00,1.252635,1.252825,1.252625,1.252845
2017-10-16 23:27:00,1.25273,1.252675,1.25267,1.25273
2017-10-16 23:28:00,1.25273,1.252675,1.25267,1.25273
2017-10-16 23:29:00,1.25274,1.252735,1.252735,1.25274
2017-10-16 23:30:00,1.25279,1.25279,1.25279,1.25279
2017-10-16 23:31:00,1.2528,1.25281,1.2528,1.252865
2017-10-16 23:32:00,1.25283,1.252805,1.252805,1.252905
2017-10-16 23:33:00,1.252835,1.252825,1.252825,1.252835
2017-10-16 23:34:00,1.25301,1.252855,1.25284,1.253035
2017-10-16 23:35:00,1.253005,1.253005,1.252985,1.25301
2017-10-16 23:36:00,1.25302,1.25301,1.253005,1.25302
2017-10-16 23:37:00,1.253,1.253015,1.25298,1.253015
2017-10-16 23:38:00,1.25303,1.25306,1.25303,1.25312
2017-10-16 23:39:00,1.253035,1.253035,1.253035,1.253035
2017-10-16 23:40:00,1.25304,1.253045,1.253035,1.253055
2017-10-16 23:41:00,1.25303,1.25305,1.253005,1.25305
2017-10-16 23:42:00,1.252985,1.253035,1.252975,1.253035
2017-10-16 23:43:00,1.252995,1.253,1.252985,1.25304
2017-10-16 23:44:00,1.25291,1.252985,1.25291,1.252985
2017-10-16 23:45:00,1.25291,1.252985,1.25291,1.252985
2017-10-16 23:46:00,1.253005,1.25293,1.25293,1.253005
2017-10-16 23:47:00,1.253105,1.253025,1.25297,1.25311
2017-10-16 23:48:00,1.253105,1.253105,1.25306,1.253115
2017-10-16 23:49:00,1.25311,1.2531,1.25305,1.25314
2017-10-16 23:50:00,1.25315,1.25311,1.253105,1.253185
2017-10-16 23:51:00,1.25315,1.25311,1.253105,1.253185
2017-10-16 23:52:00,1.25315,1.25311,1.253105,1.253185
2017-10-16 23:53:00,1.25317,1.253085,1.25307,1.25317
2017-10-16 23:54:00,1.25317,1.253085,1.25307,1.25317
2017-10-16 23:55:00,1.25317,1.253085,1.25307,1.25317
2017-10-16 23:56:00,1.253255,1.25319,1.25319,1.253305
2017-10-16 23:57:00,1.25318,1.25323,1.25318,1.25323
2017-10-16 23:58:00,1.25318,1.25323,1.25318,1.25323
2017-10-16 23:59:00,1.25318,1.25323,1.25318,1.25323
2017-10-17 00:00:00,1.25318,1.25323,1.25318,1.25323
2017-10-17 00:01:00,1.25318,1.25323,1.25318,1.25323
2017-10-17 00:02:00,1.253175,1.2532,1.253175,1.2532
2017-10-17 00:03:00,1.253125,1.25315,1.253125,1.25315
2017-10-17 00:04:00,1.253205,1.253145,1.253065,1.25321
2017-10-17 00:05:00,1.25335,1.25322,1.25322,1.25335
2017-10-17 00:06:00,1.25333,1.253345,1.253315,1.253395
2017-10-17 00:07:00,1.253355,1.253335,1.253325,1.253365
2017-10-17 00:08:00,1.253325,1.253355,1.253325,1.25336
2017-10-17 00:09:00,1.253255,1.253265,1.25323,1.25327
2017-10-17 00:10:00,1.25326,1.25326,1.25326,1.25326
2017-10-17 00:11:00,1.25326,1.25326,1.25326,1.25326
2017-10-17 00:12:00,1.253255,1.25326,1.253255,1.25326
2017-10-17 00:13:00,1.25326,1.25326,1.25326,1.25326
2017-10-17 00:14:00,1.253275,1.253255,1.25325,1.25328
2017-10-17 00:15:00,1.25326,1.253265,1.25325,1.25327
2017-10-17 00:16:00,1.2533,1.253265,1.253245,1.253305
2017-10-17 00:17:00,1.2533,1.253265,1.253245,1.253305
2017-10-17 00:18:00,1.253245,1.253245,1.25323,1.253245
2017-10-17 00:19:00,1.253315,1.253245,1.25324,1.25333
2017-10-17 00:20:00,1.253325,1.253345,1.253325,1.253345
2017-10-17 00:21:00,1.253375,1.253375,1.25337,1.253395
2017-10-17 00:22:00,1.253385,1.253385,1.253365,1.25339
2017-10-17 00:23:00,1.253385,1.2534,1.253385,1.2534
2017-10-17 00:24:00,1.253385,1.2534,1.253385,1.2534
2017-10-17 00:25:00,1.25346,1.25344,1.25344,1.25346
2017-10-17 00:26:00,1.253425,1.253445,1.253425,1.253445
2017-10-17 00:27:00,1.25343,1.25343,1.253425,1.253435
2017-10-17 00:28:00,1.25343,1.25343,1.253425,1.253435
2017-10-17 00:29:00,1.253435,1.25343,1.253425,1.253435
2017-10-17 00:30:00,1.2534,1.253435,1.2534,1.25344
2017-10-17 00:31:00,1.2534,1.253435,1.2534,1.25344
2017-10-17 00:32:00,1.25343,1.25343,1.25343,1.25343
2017-10-17 00:33:00,1.25343,1.25343,1.25343,1.25343
2017-10-17 00:34:00,1.253395,1.25345,1.25339,1.25345
2017-10-17 00:35:00,1.253395,1.25339,1.253385,1.253395
2017-10-17 00:36:00,1.2534,1.25339,1.25339,1.253405
2017-10-17 00:37:00,1.253405,1.2534,1.2534,1.25341
2017-10-17 00:38:00,1.2534,1.2534,1.253395,1.253405
2017-10-17 00:39:00,1.25336,1.2534,1.25336,1.2534
2017-10-17 00:40:00,1.253305,1.253355,1.25325,1.253355
2017-10-17 00:41:00,1.253285,1.253255,1.253255,1.25329
2017-10-17 00:42:00,1.25341,1.25329,1.25329,1.253435
2017-10-17 00:43:00,1.253425,1.25342,1.253415,1.253435
2017-10-17 00:44:00,1.25342,1.25342,1.25342,1.25342
2017-10-17 00:45:00,1.25343,1.25336,1.253345,1.25343
2017-10-17 00:46:00,1.253445,1.253405,1.253315,1.25345
2017-10-17 00:47:00,1.25345,1.25345,1.25345,1.25345
2017-10-17 00:48:00,1.2534,1.253435,1.25338,1.253435
2017-10-17 00:49:00,1.25338,1.25339,1.25337,1.25341
2017-10-17 00:50:00,1.25328,1.253365,1.25328,1.25337
2017-10-17 00:51:00,1.25327,1.253285,1.25327,1.253285
2017-10-17 00:52:00,1.253325,1.253295,1.253295,1.25337
2017-10-17 00:53:00,1.25331,1.253295,1.253285,1.25334
2017-10-17 00:54:00,1.25331,1.253295,1.253285,1.25334
2017-10-17 00:55:00,1.25326,1.253265,1.253255,1.253265
2017-10-17 00:56:00,1.25326,1.253255,1.253255,1.25327
2017-10-17 00:57:00,1.25335,1.25326,1.253255,1.25335
2017-10-17 00:58:00,1.25334,1.253365,1.25332,1.253365
2017-10-17 00:59:00,1.2533,1.25329,1.253285,1.253315
2017-10-17 01:00:00,1.253285,1.253285,1.253245,1.253315
2017-10-17 01:01:00,1.25324,1.25328,1.25324,1.25333
2017-10-17 01:02:00,1.25324,1.25328,1.25324,1.25333
2017-10-17 01:03:00,1.253265,1.253215,1.253215,1.25327
2017-10-17 01:04:00,1.253175,1.253265,1.253165,1.253265
2017-10-17 01:05:00,1.253295,1.2532,1.2532,1.253295
2017-10-17 01:06:00,1.253305,1.253315,1.253265,1.25332
2017-10-17 01:07:00,1.253305,1.253315,1.253265,1.25332
2017-10-17 01:08:00,1.253305,1.2533,1.2533,1.25331
2017-10-17 01:09:00,1.253305,1.253315,1.253265,1.253315
2017-10-17 01:10:00,1.25332,1.253305,1.2533,1.253325
2017-10-17 01:11:00,1.2534,1.253325,1.25332,1.25341
2017-10-17 01:12:00,1.25345,1.253395,1.25339,1.25345
2017-10-17 01:13:00,1.25345,1.253395,1.25339,1.25345
2017-10-17 01:14:00,1.25345,1.253395,1.25339,1.25345
2017-10-17 01:15:00,1.253475,1.253505,1.253475,1.25354
2017-10-17 01:16:00,1.25343,1.253465,1.253425,1.25347
2017-10-17 01:17:00,1.25343,1.253465,1.253425,1.25347
2017-10-17 01:18:00,1.253405,1.253425,1.253405,1.253425
2017-10-17 01:19:00,1.253465,1.25346,1.253455,1.25347
2017-10-17 01:20:00,1.253465,1.253465,1.25346,1.25347
2017-10-17 01:21:00,1.253415,1.25347,1.25341,1.25347
2017-10-17 01:22:00,1.25346,1.25347,1.25345,1.25347
2017-10-17 01:23:00,1.253475,1.25346,1.25346,1.25348
2017-10-17 01:24:00,1.253465,1.253465,1.253465,1.25348
2017-10-17 01:25:00,1.25352,1.253465,1.25346,1.253535
2017-10-17 01:26:00,1.25355,1.25357,1.253535,1.253575
2017-10-17 01:27:00,1.253495,1.253555,1.25349,1.253665
2017-10-17 01:28:00,1.253355,1.25349,1.253315,1.25349
2017-10-17 01:29:00,1.2534,1.253335,1.253335,1.2534
2017-10-17 01:30:00,1.25336,1.25341,1.253355,1.25341
2017-10-17 01:31:00,1.25333,1.253355,1.25332,1.253355
2017-10-17 01:32:00,1.25331,1.25331,1.25331,1.25331
2017-10-17 01:33:00,1.253405,1.25333,1.25333,1.253405
2017-10-17 01:34:00,1.253385,1.25336,1.253355,1.2534
2017-10-17 01:35:00,1.25339,1.25339,1.25337,1.2534
2017-10-17 01:36:00,1.25342,1.253385,1.253375,1.25342
2017-10-17 01:37:00,1.25342,1.253385,1.253375,1.25342
2017-10-17 01:38:00,1.25342,1.253385,1.253375,1.25342
2017-10-17 01:39:00,1.25349,1.253475,1.25347,1.253495
2017-10-17 01:40:00,1.253515,1.2535,1.253475,1.25353
2017-10-17 01:41:00,1.253485,1.253535,1.253485,1.25358
2017-10-17 01:42:00,1.25342,1.25349,1.2534,1.25352
2017-10-17 01:43:00,1.25338,1.253475,1.253375,1.253515
2017-10-17 01:44:00,1.25343,1.253395,1.25339,1.25347
2017-10-17 01:45:00,1.2534,1.253425,1.253315,1.253425
2017-10-17 01:46:00,1.25335,1.253425,1.25335,1.253425
2017-10-17 01:47:00,1.253375,1.25334,1.25334,1.25338
2017-10-17 01:48:00,1.25338,1.253325,1.253315,1.25339
2017-10-17 01:49:00,1.253475,1.2534,1.2534,1.253515
2017-10-17 01:50:00,1.25363,1.253465,1.253465,1.25363
2017-10-17 01:51:00,1.25367,1.253685,1.253645,1.253695
2017-10-17 01:52:00,1.253825,1.253665,1.253635,1.253855
2017-10-17 01:53:00,1.25352,1.2538,1.25352,1.2538
2017-10-17 01:54:00,1.253595,1.2535,1.2535,1.25364
2017-10-17 01:55:00,1.25363,1.25359,1.25359,1.253645
2017-10-17 01:56:00,1.253515,1.253625,1.25351,1.253625
2017-10-17 01:57:00,1.25354,1.25351,1.25341,1.253545
2017-10-17 01:58:00,1.25357,1.25354,1.253535,1.253585
2017-10-17 01:59:00,1.25356,1.253565,1.25356,1.253565
2017-10-17 02:00:00,1.25356,1.25356,1.253505,1.25358
2017-10-17 02:01:00,1.253545,1.253565,1.25353,1.253565
2017-10-17 02:02:00,1.25357,1.25355,1.253435,1.25357
2017-10-17 02:03:00,1.253445,1.253575,1.253435,1.25358
2017-10-17 02:04:00,1.253395,1.253435,1.253385,1.25344
2017-10-17 02:05:00,1.25344,1.253395,1.253385,1.25344
2017-10-17 02:06:00,1.253375,1.253445,1.25336,1.253445
2017-10-17 02:07:00,1.25337,1.253375,1.25336,1.253405
2017-10-17 02:08:00,1.25318,1.25338,1.25318,1.25338
2017-10-17 02:09:00,1.2534,1.253205,1.253205,1.2534
2017-10-17 02:10:00,1.25339,1.25338,1.253335,1.25344
2017-10-17 02:11:00,1.25336,1.253395,1.253355,1.253395
2017-10-17 02:12:00,1.25335,1.253355,1.253295,1.253415
2017-10-17 02:13:00,1.253355,1.25336,1.25335,1.253365
2017-10-17 02:14:00,1.25331,1.25335,1.253305,1.253365
2017-10-17 02:15:00,1.2534,1.253315,1.253315,1.25343
2017-10-17 02:16:00,1.25336,1.253405,1.25336,1.25342
2017-10-17 02:17:00,1.253395,1.25335,1.253285,1.253395
2017-10-17 02:18:00,1.253395,1.253395,1.25339,1.2534
2017-10-17 02:19:00,1.253385,1.25345,1.253375,1.25348
2017-10-17 02:20:00,1.25338,1.25339,1.253375,1.253455
2017-10-17 02:21:00,1.253445,1.253375,1.253365,1.253445
2017-10-17 02:22:00,1.253465,1.25349,1.25346,1.253505
2017-10-17 02:23:00,1.25349,1.25352,1.25345,1.253545
2017-10-17 02:24:00,1.25377,1.25349,1.253485,1.253785
2017-10-17 02:25:00,1.254025,1.253775,1.253755,1.254035
2017-10-17 02:26:00,1.254115,1.254015,1.25394,1.254185
2017-10-17 02:27:00,1.254165,1.25412,1.254105,1.25422
2017-10-17 02:28:00,1.25424,1.25416,1.254155,1.254335
2017-10-17 02:29:00,1.25481,1.254295,1.254205,1.2549
2017-10-17 02:30:00,1.25445,1.254815,1.25439,1.254825
2017-10-17 02:31:00,1.25474,1.25444,1.25443,1.25478
2017-10-17 02:32:00,1.254875,1.254735,1.25472,1.254885
2017-10-17 02:33:00,1.255,1.25493,1.254885,1.255
2017-10-17 02:34:00,1.255005,1.25501,1.25496,1.25502
2017-10-17 02:35:00,1.254885,1.255,1.25479,1.25505
2017-10-17 02:36:00,1.254905,1.25483,1.25475,1.25491
2017-10-17 02:37:00,1.25489,1.2549,1.25489,1.255005
2017-10-17 02:38:00,1.25489,1.254865,1.254785,1.254925
2017-10-17 02:39:00,1.25486,1.254945,1.254845,1.25495
2017-10-17 02:40:00,1.254755,1.254865,1.25474,1.25487
2017-10-17 02:41:00,1.25487,1.254755,1.25475,1.25488
2017-10-17 02:42:00,1.25504,1.254875,1.25486,1.25517
2017-10-17 02:43:00,1.25503,1.255045,1.254955,1.255045
2017-10-17 02:44:00,1.25488,1.25498,1.254795,1.254985
2017-10-17 02:45:00,1.25501,1.254885,1.254885,1.25506
2017-10-17 02:46:00,1.25495,1.25496,1.25495,1.25496
2017-10-17 02:47:00,1.255035,1.254955,1.25486,1.255055
2017-10-17 02:48:00,1.254845,1.255025,1.254835,1.255025
2017-10-17 02:49:00,1.254975,1.254845,1.254785,1.255005
2017-10-17 02:50:00,1.255005,1.25494,1.25492,1.25502
2017-10-17 02:51:00,1.25499,1.255065,1.25489,1.255065
2017-10-17 02:52:00,1.255045,1.25499,1.25498,1.25509
2017-10-17 02:53:00,1.25509,1.255095,1.25505,1.25511
2017-10-17 02:54:00,1.25512,1.25509,1.255075,1.25521
2017-10-17 02:55:00,1.25515,1.255125,1.254965,1.25517
2017-10-17 02:56:00,1.254985,1.255125,1.25478,1.255125
2017-10-17 02:57:00,1.25504,1.254985,1.254845,1.25505
2017-10-17 02:58:00,1.25505,1.255045,1.25496,1.25526
2017-10-17 02:59:00,1.25474,1.255055,1.254725,1.255055
2017-10-17 03:00:00,1.254945,1.25474,1.25474,1.254975
2017-10-17 03:01:00,1.25482,1.25495,1.254815,1.25496
2017-10-17 03:02:00,1.254885,1.254825,1.254655,1.254895
2017-10-17 03:03:00,1.254825,1.25488,1.254825,1.255055
2017-10-17 03:04:00,1.25465,1.25477,1.25463,1.254805
2017-10-17 03:05:00,1.25457,1.25465,1.25457,1.2547
2017-10-17 03:06:00,1.25469,1.254625,1.254625,1.25474
2017-10-17 03:07:00,1.25448,1.254715,1.254325,1.254715
2017-10-17 03:08:00,1.25443,1.25452,1.25442,1.254555
2017-10-17 03:09:00,1.25449,1.254435,1.254425,1.25453
2017-10-17 03:10:00,1.25419,1.25449,1.25416,1.254495
2017-10-17 03:11:00,1.25407,1.254145,1.25406,1.25422
2017-10-17 03:12:00,1.254025,1.25402,1.253965,1.254045
2017-10-17 03:13:00,1.254355,1.25403,1.25403,1.25441
2017-10-17 03:14:00,1.25441,1.25435,1.25434,1.25441
2017-10-17 03:15:00,1.254335,1.254415,1.254285,1.25442
2017-10-17 03:16:00,1.25437,1.25434,1.254225,1.25438
2017-10-17 03:17:00,1.254395,1.254375,1.2543,1.25444
2017-10-17 03:18:00,1.254005,1.254395,1.254005,1.254395
2017-10-17 03:19:00,1.253935,1.254,1.25391,1.254045
2017-10-17 03:20:00,1.254005,1.25399,1.253965,1.254025
2017-10-17 03:21:00,1.25399,1.25399,1.25395,1.254
2017-10-17 03:22:00,1.254075,1.253985,1.253985,1.25408
2017-10-17 03:23:00,1.25405,1.254075,1.254005,1.254075
2017-10-17 03:24:00,1.253965,1.253995,1.253915,1.25402
2017-10-17 03:25:00,1.25381,1.253945,1.25377,1.253945
2017-10-17 03:26:00,1.25372,1.253815,1.25372,1.25391
2017-10-17 03:27:00,1.25369,1.25374,1.253675,1.25374
2017-10-17 03:28:00,1.25377,1.253695,1.253685,1.25379
2017-10-17 03:29:00,1.253705,1.25377,1.2537,1.2539
2017-10-17 03:30:00,1.25367,1.25371,1.25364,1.25372
2017-10-17 03:31:00,1.253595,1.25367,1.253555,1.25368
2017-10-17 03:32:00,1.253685,1.25359,1.25359,1.253695
2017-10-17 03:33:00,1.253575,1.25363,1.25354,1.25368
2017-10-17 03:34:00,1.25382,1.2536,1.25359,1.25386
2017-10-17 03:35:00,1.25377,1.253835,1.25374,1.253835
2017-10-17 03:36:00,1.253485,1.253775,1.25344,1.2538
2017-10-17 03:37:00,1.253455,1.253435,1.25338,1.253465
2017-10-17 03:38:00,1.25353,1.253415,1.253415,1.25373
2017-10-17 03:39:00,1.25348,1.25351,1.25346,1.253545
2017-10-17 03:40:00,1.253695,1.25348,1.25348,1.2537
2017-10-17 03:41:00,1.2539,1.253645,1.25363,1.253915
2017-10-17 03:42:00,1.25411,1.253895,1.253895,1.25411
2017-10-17 03:43:00,1.254105,1.25411,1.253985,1.254115
2017-10-17 03:44:00,1.254105,1.25411,1.254045,1.254135
2017-10-17 03:45:00,1.253695,1.254115,1.253695,1.25412
2017-10-17 03:46:00,1.25369,1.25369,1.25363,1.25379
2017-10-17 03:47:00,1.253385,1.253695,1.253385,1.253695
2017-10-17 03:48:00,1.25346,1.25334,1.25333,1.25349
2017-10-17 03:49:00,1.253455,1.25346,1.253385,1.253465
2017-10-17 03:50:00,1.25358,1.25346,1.25339,1.253585
2017-10-17 03:51:00,1.253815,1.253525,1.253525,1.25382
2017-10-17 03:52:00,1.25376,1.253825,1.25375,1.253825
2017-10-17 03:53:00,1.253685,1.253755,1.253685,1.253885
2017-10-17 03:54:00,1.25382,1.253685,1.25367,1.253855
2017-10-17 03:55:00,1.25378,1.253765,1.2537,1.25379
2017-10-17 03:56:00,1.253825,1.253775,1.253775,1.25383
2017-10-17 03:57:00,1.253825,1.253775,1.253775,1.25383
2017-10-17 03:58:00,1.2535,1.253825,1.2535,1.25383
2017-10-17 03:59:00,1.25325,1.253445,1.253245,1.25345
2017-10-17 04:00:00,1.253535,1.253245,1.25323,1.253575
2017-10-17 04:01:00,1.253445,1.25353,1.25338,1.25355
2017-10-17 04:02:00,1.25323,1.253445,1.253215,1.25345
2017-10-17 04:03:00,1.253385,1.25323,1.253125,1.253435
2017-10-17 04:04:00,1.25353,1.25338,1.253375,1.25353
2017-10-17 04:05:00,1.25357,1.253525,1.25352,1.253605
2017-10-17 04:06:00,1.253435,1.253565,1.25339,1.253575
2017-10-17 04:07:00,1.25339,1.253395,1.25338,1.253405
2017-10-17 04:08:00,1.253315,1.253385,1.25326,1.253405
2017-10-17 04:09:00,1.25338,1.253335,1.253225,1.25341
2017-10-17 04:10:00,1.253245,1.253325,1.25321,1.25333
2017-10-17 04:11:00,1.253355,1.253285,1.253285,1.25345
2017-10-17 04:12:00,1.25334,1.253345,1.25328,1.253375
2017-10-17 04:13:00,1.253185,1.253395,1.253185,1.25341
2017-10-17 04:14:00,1.25321,1.25324,1.253095,1.25324
2017-10-17 04:15:00,1.253365,1.253265,1.25321,1.25343
2017-10-17 04:16:00,1.253355,1.253315,1.253315,1.25341
2017-10-17 04:17:00,1.2534,1.253345,1.253345,1.2534
2017-10-17 04:18:00,1.253805,1.25341,1.2534,1.25383
2017-10-17 04:19:00,1.253995,1.25385,1.253825,1.25403
2017-10-17 04:20:00,1.253925,1.25398,1.25392,1.253985
2017-10-17 04:21:00,1.25389,1.25398,1.25389,1.253985
2017-10-17 04:22:00,1.25385,1.25384,1.253745,1.253855
2017-10-17 04:23:00,1.25367,1.253835,1.253645,1.253835
2017-10-17 04:24:00,1.253625,1.25362,1.25348,1.25365
2017-10-17 04:25:00,1.25352,1.25362,1.25352,1.253625
2017-10-17 04:26:00,1.253815,1.253465,1.253455,1.25382
2017-10-17 04:27:00,1.2538,1.253835,1.253795,1.25394
2017-10-17 04:28:00,1.25377,1.253795,1.253685,1.2538
2017-10-17 04:29:00,1.253655,1.253765,1.253625,1.25378
2017-10-17 04:30:00,1.253725,1.253645,1.253645,1.25373
2017-10-17 04:31:00,1.25387,1.25371,1.25371,1.25387
2017-10-17 04:32:00,1.253855,1.253815,1.253745,1.253875
2017-10-17 04:33:00,1.25385,1.25385,1.253715,1.25386
2017-10-17 04:34:00,1.25384,1.253845,1.25379,1.25385
2017-10-17 04:35:00,1.25392,1.253845,1.253795,1.253925
2017-10-17 04:36:00,1.253875,1.2539,1.25377,1.2539
2017-10-17 04:37:00,1.253765,1.25387,1.25375,1.25387
2017-10-17 04:38:00,1.253875,1.253735,1.253735,1.253875
2017-10-17 04:39:00,1.253845,1.25387,1.253845,1.253905
2017-10-17 04:40:00,1.253885,1.253795,1.25377,1.25389
2017-10-17 04:41:00,1.253785,1.253885,1.253785,1.25391
2017-10-17 04:42:00,1.25376,1.25378,1.253725,1.253845
2017-10-17 04:43:00,1.25369,1.2537,1.25367,1.2537
2017-10-17 04:44:00,1.25347,1.253715,1.25347,1.253785
2017-10-17 04:45:00,1.253315,1.253475,1.2533,1.253615
2017-10-17 04:46:00,1.253405,1.2533,1.2533,1.253545
2017-10-17 04:47:00,1.253305,1.25341,1.253285,1.25342
2017-10-17 04:48:00,1.253525,1.25329,1.25329,1.253525
2017-10-17 04:49:00,1.253475,1.253525,1.25344,1.253545
2017-10-17 04:50:00,1.25347,1.25347,1.25347,1.25347
2017-10-17 04:51:00,1.25333,1.25342,1.25333,1.253425
2017-10-17 04:52:00,1.25333,1.25338,1.25333,1.253445
2017-10-17 04:53:00,1.25338,1.253355,1.25332,1.253425
2017-10-17 04:54:00,1.25338,1.25343,1.25338,1.25344
2017-10-17 04:55:00,1.25336,1.25338,1.25332,1.253455
2017-10-17 04:56:00,1.25342,1.253365,1.25333,1.25344
2017-10-17 04:57:00,1.253355,1.25339,1.2533,1.25339
2017-10-17 04:58:00,1.253445,1.253375,1.253275,1.253445
2017-10-17 04:59:00,1.253485,1.2535,1.253475,1.25357
2017-10-17 05:00:00,1.25346,1.25349,1.253445,1.25363
2017-10-17 05:01:00,1.25363,1.25347,1.25346,1.253645
2017-10-17 05:02:00,1.25364,1.253575,1.253565,1.253645
2017-10-17 05:03:00,1.253515,1.25364,1.253515,1.25365
2017-10-17 05:04:00,1.25357,1.253465,1.253465,1.25357
2017-10-17 05:05:00,1.253545,1.253585,1.253525,1.253645
2017-10-17 05:06:00,1.25355,1.25354,1.253455,1.253555
2017-10-17 05:07:00,1.25337,1.253495,1.253355,1.253495
2017-10-17 05:08:00,1.25327,1.253365,1.25327,1.253365
2017-10-17 05:09:00,1.25333,1.253265,1.253265,1.25333
2017-10-17 05:10:00,1.253415,1.253335,1.253325,1.253435
2017-10-17 05:11:00,1.25335,1.25342,1.253345,1.25348
2017-10-17 05:12:00,1.2534,1.253355,1.253305,1.253405
2017-10-17 05:13:00,1.253355,1.253395,1.253325,1.2534
2017-10-17 05:14:00,1.253095,1.25335,1.25308,1.25337
2017-10-17 05:15:00,1.253225,1.2531,1.25305,1.253225
2017-10-17 05:16:00,1.253395,1.253225,1.25322,1.253395
2017-10-17 05:17:00,1.25356,1.25339,1.25338,1.253605
2017-10-17 05:18:00,1.253535,1.253565,1.253535,1.25357
2017-10-17 05:19:00,1.25352,1.25358,1.25349,1.25359
2017-10-17 05:20:00,1.253295,1.253495,1.25327,1.253495
2017-10-17 05:21:00,1.25334,1.253305,1.25328,1.25334
2017-10-17 05:22:00,1.253515,1.253395,1.25339,1.25353
2017-10-17 05:23:00,1.25362,1.25351,1.25351,1.253675
2017-10-17 05:24:00,1.253595,1.253595,1.253545,1.25365
2017-10-17 05:25:00,1.253435,1.25358,1.25343,1.25358
2017-10-17 05:26:00,1.2535,1.253435,1.253435,1.25353
2017-10-17 05:27:00,1.25345,1.25348,1.25342,1.25352
2017-10-17 05:28:00,1.25341,1.25344,1.25341,1.25347
2017-10-17 05:29:00,1.25354,1.253365,1.253305,1.253545
2017-10-17 05:30:00,1.25354,1.25354,1.253495,1.25362
2017-10-17 05:31:00,1.25367,1.253565,1.253565,1.25367
2017-10-17 05:32:00,1.25368,1.253665,1.253655,1.25369
2017-10-17 05:33:00,1.25368,1.25368,1.25366,1.25369
2017-10-17 05:34:00,1.253515,1.253685,1.25351,1.25369
2017-10-17 05:35:00,1.253345,1.253515,1.25334,1.25352
2017-10-17 05:36:00,1.253295,1.253395,1.25329,1.253395
2017-10-17 05:37:00,1.253205,1.25328,1.25314,1.25329
2017-10-17 05:38:00,1.253185,1.25321,1.253145,1.25321
2017-10-17 05:39:00,1.25329,1.25318,1.25318,1.253305
2017-10-17 05:40:00,1.253285,1.253285,1.25325,1.25337
2017-10-17 05:41:00,1.25332,1.253295,1.253295,1.253375
2017-10-17 05:42:00,1.253205,1.253315,1.253205,1.253315
2017-10-17 05:43:00,1.25318,1.253255,1.25318,1.25326
2017-10-17 05:44:00,1.25318,1.253255,1.25318,1.25326
2017-10-17 05:45:00,1.253235,1.25313,1.25313,1.25324
2017-10-17 05:46:00,1.25319,1.253185,1.253185,1.253195
2017-10-17 05:47:00,1.253175,1.25319,1.253175,1.253245
2017-10-17 05:48:00,1.25323,1.253125,1.253055,1.253235
2017-10-17 05:49:00,1.25325,1.253235,1.253215,1.253275
2017-10-17 05:50:00,1.25294,1.253245,1.2529,1.253245
2017-10-17 05:51:00,1.2529,1.25288,1.25287,1.252975
2017-10-17 05:52:00,1.252945,1.252905,1.252885,1.25296
2017-10-17 05:53:00,1.252945,1.252905,1.252885,1.25296
2017-10-17 05:54:00,1.252965,1.252965,1.252945,1.25299
2017-10-17 05:55:00,1.253165,1.25298,1.252975,1.253215
2017-10-17 05:56:00,1.253075,1.25312,1.253075,1.25313
2017-10-17 05:57:00,1.25322,1.253075,1.253015,1.253235
2017-10-17 05:58:00,1.253215,1.253215,1.25313,1.25326
2017-10-17 05:59:00,1.253225,1.25323,1.253185,1.253255
2017-10-17 06:00:00,1.25381,1.25324,1.253235,1.253955
2017-10-17 06:01:00,1.25422,1.253795,1.25378,1.254335
2017-10-17 06:02:00,1.25421,1.254195,1.25407,1.25429
2017-10-17 06:03:00,1.2545,1.254155,1.25414,1.254595
2017-10-17 06:04:00,1.254915,1.254515,1.254435,1.25499
2017-10-17 06:05:00,1.25473,1.25491,1.254625,1.25509
2017-10-17 06:06:00,1.25525,1.25472,1.25471,1.255345
2017-10-17 06:07:00,1.255155,1.255195,1.255115,1.255325
2017-10-17 06:08:00,1.25516,1.25516,1.255125,1.255195
2017-10-17 06:09:00,1.254985,1.25511,1.25497,1.25511
2017-10-17 06:10:00,1.25463,1.254935,1.254625,1.254935
2017-10-17 06:11:00,1.254705,1.25464,1.254565,1.25471
2017-10-17 06:12:00,1.25455,1.254705,1.254435,1.254705
2017-10-17 06:13:00,1.2546,1.254605,1.25459,1.25465
2017-10-17 06:14:00,1.25472,1.254655,1.254635,1.25474
2017-10-17 06:15:00,1.25467,1.254705,1.254615,1.25474
2017-10-17 06:16:00,1.254725,1.254665,1.254665,1.25479
2017-10-17 06:17:00,1.25435,1.254675,1.2543,1.25468
2017-10-17 06:18:00,1.254345,1.2543,1.254175,1.254345
2017-10-17 06:19:00,1.254445,1.25432,1.25429,1.25448
2017-10-17 06:20:00,1.254335,1.25445,1.25423,1.25445
2017-10-17 06:21:00,1.254345,1.25433,1.25433,1.25436
2017-10-17 06:22:00,1.25445,1.25434,1.25434,1.254455
2017-10-17 06:23:00,1.254535,1.254395,1.25433,1.254535
2017-10-17 06:24:00,1.25456,1.25454,1.25453,1.25456
2017-10-17 06:25:00,1.25453,1.254565,1.254515,1.254565
2017-10-17 06:26:00,1.254155,1.254505,1.25407,1.254505
2017-10-17 06:27:00,1.254145,1.254105,1.2541,1.25419
2017-10-17 06:28:00,1.253965,1.25415,1.253965,1.25415
2017-10-17 06:29:00,1.25368,1.25394,1.253675,1.25394
2017-10-17 06:30:00,1.253855,1.25371,1.253685,1.253985
2017-10-17 06:31:00,1.253945,1.253855,1.25383,1.25398
2017-10-17 06:32:00,1.254105,1.253995,1.25399,1.254145
2017-10-17 06:33:00,1.253905,1.254085,1.253905,1.254085
2017-10-17 06:34:00,1.253845,1.25391,1.253845,1.253925
2017-10-17 06:35:00,1.253685,1.25384,1.25365,1.253845
2017-10-17 06:36:00,1.253705,1.253635,1.25362,1.25371
2017-10-17 06:37:00,1.25369,1.25365,1.253635,1.253695
2017-10-17 06:38:00,1.253745,1.253685,1.25362,1.253785
2017-10-17 06:39:00,1.253685,1.253795,1.253685,1.253825
2017-10-17 06:40:00,1.25369,1.253655,1.25358,1.25374
2017-10-17 06:41:00,1.25403,1.25369,1.253625,1.25403
2017-10-17 06:42:00,1.25406,1.254035,1.253955,1.25407
2017-10-17 06:43:00,1.2541,1.254055,1.254025,1.2541
2017-10-17 06:44:00,1.25404,1.254125,1.253965,1.254125
2017-10-17 06:45:00,1.25394,1.254035,1.25379,1.254075
2017-10-17 06:46:00,1.253865,1.25392,1.253825,1.25393
2017-10-17 06:47:00,1.253925,1.25381,1.253795,1.253925
2017-10-17 06:48:00,1.25403,1.25393,1.25393,1.254035
2017-10-17 06:49:00,1.254355,1.25403,1.254025,1.254355
2017-10-17 06:50:00,1.25441,1.254355,1.254355,1.254465
2017-10-17 06:51:00,1.25453,1.254425,1.254425,1.25453
2017-10-17 06:52:00,1.254385,1.254475,1.254255,1.254475
2017-10-17 06:53:00,1.25395,1.25439,1.25395,1.25439
2017-10-17 06:54:00,1.254135,1.253955,1.253955,1.25423
2017-10-17 06:55:00,1.254275,1.25415,1.25398,1.254275
2017-10-17 06:56:00,1.254385,1.25433,1.254295,1.254385
2017-10-17 06:57:00,1.254365,1.25438,1.25433,1.254475
2017-10-17 06:58:00,1.254485,1.25436,1.25436,1.25452
2017-10-17 06:59:00,1.25471,1.25448,1.254475,1.25474
2017-10-17 07:00:00,1.25482,1.254725,1.254655,1.25488
2017-10-17 07:01:00,1.254855,1.25478,1.254725,1.25495
2017-10-17 07:02:00,1.254965,1.25485,1.254825,1.254965
2017-10-17 07:03:00,1.25458,1.25495,1.254575,1.254955
2017-10-17 07:04:00,1.254635,1.254605,1.25458,1.254645
2017-10-17 07:05:00,1.25456,1.25463,1.25456,1.254725
2017-10-17 07:06:00,1.254425,1.254565,1.254405,1.254565
2017-10-17 07:07:00,1.254395,1.254475,1.25434,1.254485
2017-10-17 07:08:00,1.25445,1.254405,1.254405,1.254655
2017-10-17 07:09:00,1.25448,1.25445,1.2544,1.254645
2017-10-17 07:10:00,1.254755,1.254535,1.25453,1.25476
2017-10-17 07:11:00,1.25472,1.25475,1.254675,1.25491
2017-10-17 07:12:00,1.25472,1.254715,1.25459,1.254855
2017-10-17 07:13:00,1.25479,1.254715,1.25462,1.254795
2017-10-17 07:14:00,1.254695,1.254795,1.25465,1.2548
2017-10-17 07:15:00,1.25463,1.2547,1.25457,1.25475
2017-10-17 07:16:00,1.25449,1.25463,1.254445,1.254675
2017-10-17 07:17:00,1.25451,1.25455,1.25446,1.254565
2017-10-17 07:18:00,1.25443,1.254485,1.25443,1.2546
2017-10-17 07:19:00,1.254365,1.254375,1.25431,1.254375
2017-10-17 07:20:00,1.254395,1.25431,1.2543,1.25442
2017-10-17 07:21:00,1.254395,1.2544,1.25436,1.25444
2017-10-17 07:22:00,1.25454,1.254455,1.254445,1.25462
2017-10-17 07:23:00,1.254475,1.25454,1.25447,1.25468
2017-10-17 07:24:00,1.254445,1.2545,1.254445,1.25465
2017-10-17 07:25:00,1.25437,1.254425,1.254305,1.254485
2017-10-17 07:26:00,1.254255,1.254315,1.254255,1.254385
2017-10-17 07:27:00,1.25435,1.254275,1.25427,1.25435
2017-10-17 07:28:00,1.2547,1.254405,1.254405,1.254715
2017-10-17 07:29:00,1.254395,1.2547,1.25431,1.254705
2017-10-17 07:30:00,1.254485,1.254405,1.25436,1.25452
2017-10-17 07:31:00,1.254095,1.25444,1.25409,1.254475
2017-10-17 07:32:00,1.25409,1.25404,1.254035,1.25441
2017-10-17 07:33:00,1.25404,1.254035,1.25402,1.254085
2017-10-17 07:34:00,1.254045,1.254035,1.25401,1.254135
2017-10-17 07:35:00,1.25397,1.254045,1.25394,1.25405
2017-10-17 07:36:00,1.254025,1.253965,1.253965,1.25417
2017-10-17 07:37:00,1.254065,1.254075,1.254065,1.254075
2017-10-17 07:38:00,1.254215,1.254125,1.254025,1.25436
2017-10-17 07:39:00,1.25397,1.254205,1.2538,1.254205
2017-10-17 07:40:00,1.254005,1.254025,1.253925,1.254065
2017-10-17 07:41:00,1.25387,1.253975,1.25386,1.253975
2017-10-17 07:42:00,1.25391,1.253865,1.253855,1.25399
2017-10-17 07:43:00,1.25395,1.25391,1.25385,1.25395
2017-10-17 07:44:00,1.25389,1.253955,1.25389,1.253955
2017-10-17 07:45:00,1.25362,1.25389,1.253565,1.25389
2017-10-17 07:46:00,1.253715,1.25366,1.25358,1.25381
2017-10-17 07:47:00,1.253855,1.25373,1.253705,1.25391
2017-10-17 07:48:00,1.253975,1.253895,1.25389,1.253975
2017-10-17 07:49:00,1.25411,1.254035,1.254035,1.254245
2017-10-17 07:50:00,1.2539,1.2541,1.25386,1.25414
2017-10-17 07:51:00,1.253675,1.253845,1.253675,1.253865
2017-10-17 07:52:00,1.25369,1.253675,1.25365,1.253815
2017-10-17 07:53:00,1.253595,1.25374,1.25359,1.253905
2017-10-17 07:54:00,1.25352,1.25359,1.253505,1.2536
2017-10-17 07:55:00,1.25374,1.253525,1.253415,1.253775
2017-10-17 07:56:00,1.253755,1.2538,1.25374,1.253945
2017-10-17 07:57:00,1.253755,1.253755,1.253715,1.253845
2017-10-17 07:58:00,1.253755,1.25376,1.253745,1.253825
2017-10-17 07:59:00,1.253845,1.25377,1.25377,1.25397
2017-10-17 08:00:00,1.25376,1.25387,1.25376,1.25387
2017-10-17 08:01:00,1.25402,1.253765,1.253725,1.254085
2017-10-17 08:02:00,1.2541,1.25407,1.25404,1.254185
2017-10-17 08:03:00,1.25383,1.254085,1.25382,1.254085
2017-10-17 08:04:00,1.25375,1.253885,1.25375,1.253905
2017-10-17 08:05:00,1.253745,1.2537,1.253685,1.253765
2017-10-17 08:06:00,1.25388,1.25375,1.25374,1.253955
2017-10-17 08:07:00,1.253945,1.253875,1.253865,1.25397
2017-10-17 08:08:00,1.25377,1.253985,1.253765,1.25409
2017-10-17 08:09:00,1.25383,1.253765,1.25369,1.25388
2017-10-17 08:10:00,1.253845,1.253855,1.253725,1.253905
2017-10-17 08:11:00,1.253815,1.25384,1.25375,1.25387
2017-10-17 08:12:00,1.253945,1.25381,1.25378,1.254005
2017-10-17 08:13:00,1.25391,1.25394,1.25379,1.254015
2017-10-17 08:14:00,1.25393,1.253905,1.253905,1.254265
2017-10-17 08:15:00,1.253915,1.25391,1.25389,1.25413
2017-10-17 08:16:00,1.25394,1.25392,1.25391,1.253955
2017-10-17 08:17:00,1.253735,1.25392,1.253735,1.25396
2017-10-17 08:18:00,1.25352,1.25374,1.25352,1.25374
2017-10-17 08:19:00,1.25338,1.253525,1.25338,1.253585
2017-10-17 08:20:00,1.25341,1.25343,1.253315,1.25349
2017-10-17 08:21:00,1.25346,1.25342,1.25338,1.25352
2017-10-17 08:22:00,1.25338,1.253455,1.253355,1.253485
2017-10-17 08:23:00,1.253155,1.253325,1.25313,1.253325
2017-10-17 08:24:00,1.253265,1.25315,1.25315,1.253385
2017-10-17 08:25:00,1.25343,1.25324,1.25324,1.253505
2017-10-17 08:26:00,1.253045,1.253435,1.253025,1.253435
2017-10-17 08:27:00,1.25312,1.253,1.252875,1.25312
2017-10-17 08:28:00,1.25286,1.25311,1.252795,1.25316
2017-10-17 08:29:00,1.25307,1.252885,1.252885,1.253155
2017-10-17 08:30:00,1.253055,1.25307,1.253,1.253125
2017-10-17 08:31:00,1.25311,1.25306,1.25291,1.253155
2017-10-17 08:32:00,1.25357,1.25316,1.25316,1.253805
2017-10-17 08:33:00,1.25364,1.253555,1.25346,1.253825
2017-10-17 08:34:00,1.25362,1.25361,1.2536,1.253775
2017-10-17 08:35:00,1.253525,1.253565,1.25339,1.25364
2017-10-17 08:36:00,1.253465,1.253525,1.25331,1.253525
2017-10-17 08:37:00,1.253445,1.25341,1.2532,1.253445
2017-10-17 08:38:00,1.253345,1.253385,1.253105,1.253445
2017-10-17 08:39:00,1.253585,1.253335,1.253335,1.253785
2017-10-17 08:40:00,1.25357,1.253535,1.253475,1.2536
2017-10-17 08:41:00,1.25376,1.253565,1.25354,1.25394
2017-10-17 08:42:00,1.25369,1.25376,1.253605,1.253765
2017-10-17 08:43:00,1.253675,1.2537,1.25367,1.253745
2017-10-17 08:44:00,1.254035,1.25368,1.25368,1.25404
2017-10-17 08:45:00,1.25391,1.25398,1.253895,1.253985
2017-10-17 08:46:00,1.253635,1.253855,1.253635,1.254035
2017-10-17 08:47:00,1.253855,1.25361,1.25361,1.253915
2017-10-17 08:48:00,1.254055,1.253885,1.253845,1.254055
2017-10-17 08:49:00,1.25436,1.25408,1.254015,1.25439
2017-10-17 08:50:00,1.25421,1.25433,1.2542,1.254495
2017-10-17 08:51:00,1.25399,1.254205,1.25362,1.25422
2017-10-17 08:52:00,1.25365,1.253995,1.253575,1.254
2017-10-17 08:53:00,1.253685,1.253595,1.25348,1.25371
2017-10-17 08:54:00,1.25376,1.25369,1.253675,1.25377
2017-10-17 08:55:00,1.25343,1.2537,1.253345,1.253705
2017-10-17 08:56:00,1.25373,1.253425,1.25342,1.253745
2017-10-17 08:57:00,1.253675,1.253725,1.253655,1.253835
2017-10-17 08:58:00,1.25355,1.25365,1.253545,1.25366
2017-10-17 08:59:00,1.2535,1.253545,1.25344,1.25368
2017-10-17 09:00:00,1.253825,1.25354,1.25354,1.25383
2017-10-17 09:01:00,1.25384,1.253795,1.253775,1.25398
2017-10-17 09:02:00,1.25388,1.253895,1.253755,1.253895
2017-10-17 09:03:00,1.253625,1.25388,1.25353,1.253885
2017-10-17 09:04:00,1.25381,1.25363,1.253605,1.253855
2017-10-17 09:05:00,1.25385,1.25381,1.253725,1.25389
2017-10-17 09:06:00,1.25412,1.25389,1.25389,1.25418
2017-10-17 09:07:00,1.253905,1.254105,1.25383,1.254105
2017-10-17 09:08:00,1.253885,1.25391,1.25374,1.253975
2017-10-17 09:09:00,1.25375,1.253935,1.253735,1.25398
2017-10-17 09:10:00,1.25368,1.25373,1.253655,1.25381
2017-10-17 09:11:00,1.253655,1.25368,1.25362,1.25377
2017-10-17 09:12:00,1.25356,1.25366,1.253515,1.25368
2017-10-17 09:13:00,1.25381,1.25357,1.253555,1.253905
2017-10-17 09:14:00,1.253765,1.253805,1.253735,1.253815
2017-10-17 09:15:00,1.25401,1.253765,1.253765,1.254025
2017-10-17 09:16:00,1.25393,1.254,1.25388,1.25414
2017-10-17 09:17:00,1.253845,1.253905,1.2538,1.25391
2017-10-17 09:18:00,1.253745,1.25379,1.25372,1.253865
2017-10-17 09:19:00,1.25349,1.253735,1.25349,1.25378
2017-10-17 09:20:00,1.253495,1.253485,1.25342,1.253545
2017-10-17 09:21:00,1.253445,1.253485,1.253445,1.25364
2017-10-17 09:22:00,1.253495,1.25343,1.25341,1.25352
2017-10-17 09:23:00,1.253335,1.253445,1.253335,1.253445
2017-10-17 09:24:00,1.253745,1.253325,1.253325,1.253745
2017-10-17 09:25:00,1.2539,1.253765,1.253765,1.254005
2017-10-17 09:26:00,1.25404,1.25395,1.253845,1.25404
2017-10-17 09:27:00,1.253845,1.254035,1.25382,1.25404
2017-10-17 09:28:00,1.253845,1.253865,1.25373,1.25396
2017-10-17 09:29:00,1.254005,1.25384,1.25384,1.254085
2017-10-17 09:30:00,1.253995,1.254065,1.253915,1.25407
2017-10-17 09:31:00,1.25427,1.25399,1.25394,1.254275
2017-10-17 09:32:00,1.254385,1.25428,1.254275,1.25454
2017-10-17 09:33:00,1.254345,1.25443,1.25428,1.25468
2017-10-17 09:34:00,1.254265,1.25435,1.254255,1.254415
2017-10-17 09:35:00,1.254055,1.254265,1.254055,1.25431
2017-10-17 09:36:00,1.25421,1.254085,1.25405,1.254225
2017-10-17 09:37:00,1.25436,1.25421,1.25421,1.254425
2017-10-17 09:38:00,1.25428,1.254315,1.254235,1.254425
2017-10-17 09:39:00,1.25438,1.25424,1.254185,1.25444
2017-10-17 09:40:00,1.25448,1.254375,1.254375,1.254515
2017-10-17 09:41:00,1.25457,1.25448,1.25448,1.25462
2017-10-17 09:42:00,1.25447,1.254555,1.25439,1.25459
2017-10-17 09:43:00,1.25448,1.254465,1.25441,1.254505
2017-10-17 09:44:00,1.254685,1.25449,1.254465,1.25472
2017-10-17 09:45:00,1.25473,1.25468,1.25463,1.254845
2017-10-17 09:46:00,1.254745,1.254715,1.254625,1.254775
2017-10-17 09:47:00,1.254735,1.254695,1.254585,1.254775
2017-10-17 09:48:00,1.25468,1.25469,1.25457,1.25475
2017-10-17 09:49:00,1.254745,1.254675,1.254665,1.25476
2017-10-17 09:50:00,1.25475,1.254745,1.254735,1.254825
2017-10-17 09:51:00,1.25491,1.254755,1.254735,1.254935
2017-10-17 09:52:00,1.255195,1.2549,1.254875,1.25521
2017-10-17 09:53:00,1.25483,1.2552,1.25483,1.2552
2017-10-17 09:54:00,1.2549,1.25479,1.254705,1.2549
2017-10-17 09:55:00,1.254705,1.25493,1.254705,1.25497
2017-10-17 09:56:00,1.254905,1.254755,1.254725,1.25491
2017-10-17 09:57:00,1.25508,1.25493,1.25493,1.25522
2017-10-17 09:58:00,1.255145,1.25512,1.255095,1.255145
2017-10-17 09:59:00,1.255215,1.255195,1.25511,1.255255
2017-10-17 10:00:00,1.25525,1.255185,1.25509,1.255385
2017-10-17 10:01:00,1.255325,1.25524,1.25519,1.25546
2017-10-17 10:02:00,1.255705,1.255345,1.25533,1.255705
2017-10-17 10:03:00,1.256165,1.25568,1.255605,1.25632
2017-10-17 10:04:00,1.255745,1.256155,1.255745,1.25625
2017-10-17 10:05:00,1.25567,1.255765,1.25561,1.255815
2017-10-17 10:06:00,1.25578,1.255725,1.25561,1.2558
2017-10-17 10:07:00,1.25573,1.255735,1.255635,1.255765
2017-10-17 10:08:00,1.255775,1.25576,1.25569,1.25581
2017-10-17 10:09:00,1.25611,1.25578,1.255765,1.256125
2017-10-17 10:10:00,1.25627,1.25611,1.25611,1.25633
2017-10-17 10:11:00,1.25631,1.256245,1.256195,1.256475
2017-10-17 10:12:00,1.256305,1.25626,1.256195,1.256415
2017-10-17 10:13:00,1.256135,1.256245,1.256075,1.25625
2017-10-17 10:14:00,1.255865,1.256135,1.25572,1.256135
2017-10-17 10:15:00,1.25568,1.255865,1.25568,1.25592
2017-10-17 10:16:00,1.25571,1.25572,1.25567,1.2558
2017-10-17 10:17:00,1.255545,1.25569,1.25552,1.255715
2017-10-17 10:18:00,1.25576,1.2555,1.255495,1.25577
2017-10-17 10:19:00,1.255685,1.25576,1.255575,1.256005
2017-10-17 10:20:00,1.25573,1.255625,1.255585,1.255765
2017-10-17 10:21:00,1.25609,1.255735,1.255725,1.25609
2017-10-17 10:22:00,1.25584,1.25614,1.255775,1.25621
2017-10-17 10:23:00,1.255885,1.255875,1.25582,1.25605
2017-10-17 10:24:00,1.25593,1.25588,1.25588,1.25611
2017-10-17 10:25:00,1.255855,1.255925,1.255855,1.256025
2017-10-17 10:26:00,1.256195,1.255845,1.25584,1.256205
2017-10-17 10:27:00,1.256155,1.256185,1.25609,1.2562
2017-10-17 10:28:00,1.25614,1.256185,1.25609,1.25625
2017-10-17 10:29:00,1.25597,1.25611,1.255925,1.256165
2017-10-17 10:30:00,1.255545,1.255965,1.255535,1.255995
2017-10-17 10:31:00,1.25567,1.255535,1.25551,1.255805
2017-10-17 10:32:00,1.255755,1.25568,1.255655,1.255805
2017-10-17 10:33:00,1.255745,1.25576,1.255685,1.25591
2017-10-17 10:34:00,1.255705,1.25578,1.25565,1.255895
2017-10-17 10:35:00,1.25573,1.25572,1.25566,1.25581
2017-10-17 10:36:00,1.255895,1.25573,1.255555,1.25591
2017-10-17 10:37:00,1.256015,1.255905,1.25587,1.256075
2017-10-17 10:38:00,1.25632,1.256045,1.256015,1.256375
2017-10-17 10:39:00,1.2562,1.25628,1.256005,1.25628
2017-10-17 10:40:00,1.25628,1.256255,1.256175,1.25631
2017-10-17 10:41:00,1.25634,1.25628,1.256235,1.256425
2017-10-17 10:42:00,1.2563,1.256385,1.2563,1.256625
2017-10-17 10:43:00,1.256435,1.256305,1.256235,1.256445
2017-10-17 10:44:00,1.25809,1.25644,1.256435,1.25854
2017-10-17 10:45:00,1.258495,1.258035,1.257785,1.25907
2017-10-17 10:46:00,1.25761,1.258515,1.257515,1.2586
2017-10-17 10:47:00,1.25772,1.25767,1.25744,1.25791
2017-10-17 10:48:00,1.2578,1.257735,1.25735,1.257925
2017-10-17 10:49:00,1.257455,1.257855,1.25716,1.258005
2017-10-17 10:50:00,1.257205,1.25739,1.256735,1.257395
2017-10-17 10:51:00,1.25715,1.25721,1.257065,1.2575
2017-10-17 10:52:00,1.257235,1.257145,1.256965,1.257235
2017-10-17 10:53:00,1.257325,1.25726,1.257165,1.257495
2017-10-17 10:54:00,1.256865,1.257295,1.256785,1.257335
2017-10-17 10:55:00,1.257145,1.256885,1.256885,1.257155
2017-10-17 10:56:00,1.25727,1.257095,1.25709,1.25728
2017-10-17 10:57:00,1.25733,1.257275,1.257245,1.2574
2017-10-17 10:58:00,1.257265,1.257325,1.25724,1.257495
2017-10-17 10:59:00,1.2572,1.257245,1.25705,1.257375
2017-10-17 11:00:00,1.25735,1.257255,1.257245,1.25747
2017-10-17 11:01:00,1.257355,1.257375,1.25728,1.257475
2017-10-17 11:02:00,1.25747,1.25735,1.257345,1.257645
2017-10-17 11:03:00,1.25727,1.25743,1.25726,1.25746
2017-10-17 11:04:00,1.256895,1.25723,1.256895,1.257265
2017-10-17 11:05:00,1.25712,1.256905,1.256845,1.25713
2017-10-17 11:06:00,1.25723,1.257065,1.257025,1.25726
2017-10-17 11:07:00,1.257,1.257175,1.2568,1.257195
2017-10-17 11:08:00,1.25687,1.257,1.25686,1.25703
2017-10-17 11:09:00,1.25686,1.25682,1.256785,1.256965
2017-10-17 11:10:00,1.25697,1.25688,1.256875,1.256985
2017-10-17 11:11:00,1.25718,1.256995,1.256995,1.257225
2017-10-17 11:12:00,1.257375,1.2572,1.2572,1.257465
2017-10-17 11:13:00,1.25738,1.257385,1.257285,1.2575
2017-10-17 11:14:00,1.25737,1.257425,1.257285,1.25747
2017-10-17 11:15:00,1.25733,1.257375,1.257265,1.257395
2017-10-17 11:16:00,1.25725,1.257325,1.25719,1.25736
2017-10-17 11:17:00,1.256925,1.25727,1.25692,1.25734
2017-10-17 11:18:00,1.25701,1.25693,1.256925,1.257075
2017-10-17 11:19:00,1.25715,1.257065,1.257065,1.25716
2017-10-17 11:20:00,1.257225,1.257145,1.257135,1.257225
2017-10-17 11:21:00,1.25718,1.257285,1.25718,1.257415
2017-10-17 11:22:00,1.2572,1.257185,1.257115,1.257205
2017-10-17 11:23:00,1.25697,1.257195,1.25694,1.25726
2017-10-17 11:24:00,1.25687,1.25692,1.25684,1.25702
2017-10-17 11:25:00,1.25695,1.25688,1.25687,1.25695
2017-10-17 11:26:00,1.257,1.25689,1.25687,1.25703
2017-10-17 11:27:00,1.25691,1.257005,1.25691,1.25707
2017-10-17 11:28:00,1.256535,1.25692,1.25653,1.25697
2017-10-17 11:29:00,1.256705,1.256585,1.25657,1.25675
2017-10-17 11:30:00,1.25682,1.25675,1.25668,1.256915
2017-10-17 11:31:00,1.25654,1.256805,1.25653,1.256815
2017-10-17 11:32:00,1.25644,1.256535,1.256435,1.256565
2017-10-17 11:33:00,1.256675,1.25644,1.256435,1.25676
2017-10-17 11:34:00,1.25673,1.256625,1.25661,1.25679
2017-10-17 11:35:00,1.256675,1.256745,1.25666,1.256815
2017-10-17 11:36:00,1.25668,1.256685,1.256665,1.256765
2017-10-17 11:37:00,1.25668,1.256685,1.256555,1.256735
2017-10-17 11:38:00,1.256765,1.256685,1.256645,1.256765
2017-10-17 11:39:00,1.25693,1.256745,1.25671,1.256995
2017-10-17 11:40:00,1.25679,1.256875,1.25677,1.256905
2017-10-17 11:41:00,1.257055,1.2568,1.25679,1.25707
2017-10-17 11:42:00,1.25692,1.25705,1.25692,1.25705
2017-10-17 11:43:00,1.256745,1.25692,1.25674,1.257025
2017-10-17 11:44:00,1.25667,1.256735,1.25663,1.256735
2017-10-17 11:45:00,1.256675,1.256675,1.256635,1.25668
2017-10-17 11:46:00,1.256745,1.256725,1.256725,1.256925
2017-10-17 11:47:00,1.25654,1.2568,1.25652,1.2568
2017-10-17 11:48:00,1.25668,1.256545,1.256545,1.25673
2017-10-17 11:49:00,1.256575,1.256735,1.256515,1.25674
2017-10-17 11:50:00,1.256765,1.25662,1.25662,1.256765
2017-10-17 11:51:00,1.256705,1.25679,1.2567,1.2569
2017-10-17 11:52:00,1.256715,1.25671,1.256625,1.256715
2017-10-17 11:53:00,1.25661,1.256715,1.25659,1.25676
2017-10-17 11:54:00,1.25675,1.256605,1.2566,1.25683
2017-10-17 11:55:00,1.256885,1.25675,1.25674,1.25689
2017-10-17 11:56:00,1.256735,1.256895,1.25673,1.2569
2017-10-17 11:57:00,1.256805,1.25679,1.25679,1.25686
2017-10-17 11:58:00,1.25665,1.25681,1.256645,1.256855
2017-10-17 11:59:00,1.256695,1.25666,1.256565,1.25677
2017-10-17 12:00:00,1.25682,1.25666,1.256555,1.256925
2017-10-17 12:01:00,1.256635,1.25682,1.25654,1.25682
2017-10-17 12:02:00,1.256515,1.25661,1.25649,1.25661
2017-10-17 12:03:00,1.25676,1.25656,1.25656,1.25678
2017-10-17 12:04:00,1.25681,1.25676,1.25667,1.256815
2017-10-17 12:05:00,1.25673,1.256815,1.25668,1.25683
2017-10-17 12:06:00,1.25686,1.25677,1.256725,1.25687
2017-10-17 12:07:00,1.256865,1.25686,1.25683,1.256935
2017-10-17 12:08:00,1.25684,1.256865,1.25684,1.256945
2017-10-17 12:09:00,1.25664,1.25683,1.25664,1.25684
2017-10-17 12:10:00,1.256635,1.25664,1.25661,1.25668
2017-10-17 12:11:00,1.256635,1.256635,1.256625,1.25673
2017-10-17 12:12:00,1.25665,1.25663,1.25661,1.256665
2017-10-17 12:13:00,1.25653,1.25666,1.25653,1.256685
2017-10-17 12:14:00,1.256565,1.25652,1.256475,1.25665
2017-10-17 12:15:00,1.25649,1.256555,1.256475,1.256615
2017-10-17 12:16:00,1.25649,1.25651,1.25643,1.25652
2017-10-17 12:17:00,1.25649,1.256435,1.256425,1.25653
2017-10-17 12:18:00,1.256475,1.25654,1.256425,1.256545
2017-10-17 12:19:00,1.256455,1.25653,1.25644,1.256545
2017-10-17 12:20:00,1.256515,1.25645,1.25643,1.25655
2017-10-17 12:21:00,1.256685,1.25657,1.25657,1.256745
2017-10-17 12:22:00,1.256455,1.25667,1.256455,1.256675
2017-10-17 12:23:00,1.256375,1.256455,1.256375,1.25646
2017-10-17 12:24:00,1.256345,1.25635,1.256325,1.256455
2017-10-17 12:25:00,1.256235,1.256405,1.256195,1.256405
2017-10-17 12:26:00,1.256195,1.25619,1.256095,1.2562
2017-10-17 12:27:00,1.256125,1.256215,1.256125,1.256215
2017-10-17 12:28:00,1.25632,1.25617,1.25617,1.256355
2017-10-17 12:29:00,1.25613,1.25634,1.25613,1.25634
2017-10-17 12:30:00,1.256035,1.25613,1.256035,1.25613
2017-10-17 12:31:00,1.256075,1.256085,1.255945,1.25611
2017-10-17 12:32:00,1.256185,1.25607,1.25607,1.25632
2017-10-17 12:33:00,1.25612,1.256125,1.25612,1.256125
2017-10-17 12:34:00,1.25621,1.256115,1.256115,1.25626
2017-10-17 12:35:00,1.25605,1.256155,1.25601,1.256175
2017-10-17 12:36:00,1.25584,1.25601,1.25583,1.256035
2017-10-17 12:37:00,1.2559,1.255845,1.255845,1.2559
2017-10-17 12:38:00,1.25591,1.255875,1.255725,1.25592
2017-10-17 12:39:00,1.255835,1.25591,1.255765,1.25591
2017-10-17 12:40:00,1.255815,1.255825,1.25581,1.255835
2017-10-17 12:41:00,1.25561,1.255795,1.25561,1.255795
2017-10-17 12:42:00,1.25563,1.255665,1.25551,1.25567
2017-10-17 12:43:00,1.255635,1.255585,1.25553,1.255695
2017-10-17 12:44:00,1.255545,1.25564,1.255455,1.255645
2017-10-17 12:45:00,1.255525,1.255595,1.25549,1.255595
2017-10-17 12:46:00,1.255475,1.25552,1.25547,1.25554
2017-10-17 12:47:00,1.255535,1.255495,1.25548,1.25554
2017-10-17 12:48:00,1.255495,1.25556,1.255455,1.25556
2017-10-17 12:49:00,1.255495,1.25556,1.255455,1.25556
2017-10-17 12:50:00,1.255485,1.25549,1.255455,1.25551
2017-10-17 12:51:00,1.255505,1.25554,1.255505,1.255545
2017-10-17 12:52:00,1.255525,1.255525,1.25552,1.25557
2017-10-17 12:53:00,1.25565,1.255565,1.255565,1.25567
2017-10-17 12:54:00,1.25575,1.25569,1.255655,1.255775
2017-10-17 12:55:00,1.255725,1.25575,1.25566,1.255775
2017-10-17 12:56:00,1.25566,1.25573,1.255585,1.255765
2017-10-17 12:57:00,1.25552,1.25565,1.255475,1.25567
2017-10-17 12:58:00,1.255445,1.25557,1.255445,1.255595
2017-10-17 12:59:00,1.25553,1.255495,1.25544,1.255555
2017-10-17 13:00:00,1.2556,1.255525,1.255445,1.255605
2017-10-17 13:01:00,1.255605,1.25566,1.255555,1.25566
2017-10-17 13:02:00,1.25561,1.255555,1.25553,1.25562
2017-10-17 13:03:00,1.25555,1.255615,1.25548,1.255615
2017-10-17 13:04:00,1.25528,1.25557,1.255195,1.255585
2017-10-17 13:05:00,1.255385,1.255275,1.255255,1.25542
2017-10-17 13:06:00,1.25538,1.25539,1.255365,1.255545
2017-10-17 13:07:00,1.255425,1.255385,1.255365,1.255435
2017-10-17 13:08:00,1.25533,1.255425,1.25532,1.25543
2017-10-17 13:09:00,1.255105,1.255325,1.25508,1.25534
2017-10-17 13:10:00,1.255135,1.25513,1.25507,1.255185
2017-10-17 13:11:00,1.25515,1.255145,1.25514,1.255185
2017-10-17 13:12:00,1.25515,1.255155,1.255145,1.25516
2017-10-17 13:13:00,1.25514,1.25515,1.255125,1.255165
2017-10-17 13:14:00,1.255165,1.255145,1.255145,1.2552
2017-10-17 13:15:00,1.255305,1.255145,1.25512,1.255305
2017-10-17 13:16:00,1.255145,1.255355,1.255115,1.255355
2017-10-17 13:17:00,1.25519,1.255165,1.255165,1.2552
2017-10-17 13:18:00,1.25519,1.255165,1.255165,1.2552
2017-10-17 13:19:00,1.25519,1.255165,1.255165,1.2552
2017-10-17 13:20:00,1.25524,1.25522,1.25522,1.255285
2017-10-17 13:21:00,1.255295,1.25524,1.25519,1.2553
2017-10-17 13:22:00,1.255165,1.255275,1.25516,1.25532
2017-10-17 13:23:00,1.255135,1.25516,1.25512,1.255175
2017-10-17 13:24:00,1.25516,1.25514,1.255115,1.255165
2017-10-17 13:25:00,1.255125,1.255155,1.25509,1.25516
2017-10-17 13:26:00,1.255225,1.255135,1.255095,1.255235
2017-10-17 13:27:00,1.25513,1.255215,1.25512,1.255255
2017-10-17 13:28:00,1.25522,1.25518,1.255115,1.25523
2017-10-17 13:29:00,1.255195,1.25522,1.25517,1.255285
2017-10-17 13:30:00,1.25521,1.255195,1.255145,1.25522
2017-10-17 13:31:00,1.255145,1.255215,1.25512,1.255225
2017-10-17 13:32:00,1.255095,1.25515,1.255075,1.255155
2017-10-17 13:33:00,1.255115,1.25511,1.255075,1.25514
2017-10-17 13:34:00,1.254975,1.255065,1.25497,1.25508
2017-10-17 13:35:00,1.25487,1.255025,1.25487,1.255055
2017-10-17 13:36:00,1.25463,1.254875,1.25455,1.2549
2017-10-17 13:37:00,1.254575,1.254635,1.254445,1.25464
2017-10-17 13:38:00,1.254645,1.254625,1.254495,1.254655
2017-10-17 13:39:00,1.254605,1.25465,1.25446,1.254655
2017-10-17 13:40:00,1.2547,1.254605,1.254605,1.254725
2017-10-17 13:41:00,1.25459,1.254685,1.254585,1.25469
2017-10-17 13:42:00,1.25452,1.25459,1.254465,1.254605
2017-10-17 13:43:00,1.254465,1.25452,1.25446,1.25453
2017-10-17 13:44:00,1.25458,1.254525,1.254485,1.25463
2017-10-17 13:45:00,1.25465,1.254605,1.254605,1.254665
2017-10-17 13:46:00,1.254345,1.254655,1.254345,1.25466
2017-10-17 13:47:00,1.25432,1.25435,1.254305,1.254365
2017-10-17 13:48:00,1.25429,1.254265,1.25422,1.254335
2017-10-17 13:49:00,1.25426,1.25425,1.25424,1.25438
2017-10-17 13:50:00,1.254275,1.254265,1.25422,1.254375
2017-10-17 13:51:00,1.254315,1.254335,1.254315,1.25435
2017-10-17 13:52:00,1.254405,1.25434,1.25434,1.25442
2017-10-17 13:53:00,1.254505,1.254405,1.2544,1.25451
2017-10-17 13:54:00,1.25426,1.254505,1.25422,1.254505
2017-10-17 13:55:00,1.254315,1.254315,1.25427,1.254325
2017-10-17 13:56:00,1.254255,1.254315,1.25409,1.25435
2017-10-17 13:57:00,1.2544,1.254285,1.254285,1.254445
2017-10-17 13:58:00,1.254465,1.254395,1.254385,1.25448
2017-10-17 13:59:00,1.25437,1.25448,1.25437,1.25449
2017-10-17 14:00:00,1.254405,1.254375,1.254375,1.254435
2017-10-17 14:01:00,1.254485,1.25441,1.25439,1.25452
2017-10-17 14:02:00,1.254415,1.25448,1.254295,1.25448
2017-10-17 14:03:00,1.254405,1.25442,1.254375,1.25445
2017-10-17 14:04:00,1.254515,1.25446,1.254455,1.254595
2017-10-17 14:05:00,1.25445,1.254515,1.254425,1.254525
2017-10-17 14:06:00,1.254455,1.254455,1.254425,1.254505
2017-10-17 14:07:00,1.254385,1.25446,1.25435,1.254495
2017-10-17 14:08:00,1.25443,1.25439,1.25438,1.254515
2017-10-17 14:09:00,1.254535,1.254435,1.254435,1.254535
2017-10-17 14:10:00,1.2545,1.25454,1.254435,1.254545
2017-10-17 14:11:00,1.254515,1.25451,1.254495,1.25452
2017-10-17 14:12:00,1.254235,1.25452,1.25416,1.25452
2017-10-17 14:13:00,1.254055,1.25423,1.254055,1.254235
2017-10-17 14:14:00,1.25392,1.254065,1.25386,1.254075
2017-10-17 14:15:00,1.25395,1.253925,1.25391,1.253975
2017-10-17 14:16:00,1.253645,1.25392,1.25351,1.25392
2017-10-17 14:17:00,1.25395,1.25365,1.25364,1.254015
2017-10-17 14:18:00,1.253935,1.254005,1.25393,1.254005
2017-10-17 14:19:00,1.253905,1.25398,1.253895,1.254
2017-10-17 14:20:00,1.25377,1.2539,1.25374,1.253905
2017-10-17 14:21:00,1.253925,1.25379,1.25378,1.25395
2017-10-17 14:22:00,1.253905,1.25398,1.253895,1.25398
2017-10-17 14:23:00,1.2539,1.253915,1.25385,1.25392
2017-10-17 14:24:00,1.253885,1.253905,1.253875,1.253945
2017-10-17 14:25:00,1.25401,1.253895,1.253895,1.254025
2017-10-17 14:26:00,1.254105,1.25401,1.253975,1.25411
2017-10-17 14:27:00,1.254135,1.254085,1.25406,1.25418
2017-10-17 14:28:00,1.254125,1.25414,1.254115,1.25419
2017-10-17 14:29:00,1.254095,1.25413,1.25407,1.25416
2017-10-17 14:30:00,1.254135,1.254095,1.254065,1.25414
2017-10-17 14:31:00,1.25418,1.254195,1.254175,1.2542
2017-10-17 14:32:00,1.254135,1.25422,1.25413,1.25423
2017-10-17 14:33:00,1.254225,1.25411,1.25411,1.254225
2017-10-17 14:34:00,1.25422,1.25423,1.25421,1.25428
2017-10-17 14:35:00,1.25422,1.25423,1.254195,1.25427
2017-10-17 14:36:00,1.254165,1.25421,1.254165,1.25424
2017-10-17 14:37:00,1.25424,1.254185,1.254185,1.25424
2017-10-17 14:38:00,1.254155,1.254185,1.25413,1.254185
2017-10-17 14:39:00,1.254175,1.25415,1.25411,1.254175
2017-10-17 14:40:00,1.254035,1.254155,1.254035,1.254155
2017-10-17 14:41:00,1.25401,1.25406,1.25398,1.25411
2017-10-17 14:42:00,1.25405,1.25401,1.253995,1.25405
2017-10-17 14:43:00,1.254075,1.254055,1.25402,1.25411
2017-10-17 14:44:00,1.25412,1.25408,1.25406,1.254125
2017-10-17 14:45:00,1.25412,1.25408,1.25406,1.254125
2017-10-17 14:46:00,1.25406,1.25412,1.254055,1.25412
2017-10-17 14:47:00,1.25411,1.254105,1.2541,1.254155
2017-10-17 14:48:00,1.254205,1.254135,1.254135,1.254205
2017-10-17 14:49:00,1.254165,1.254155,1.254085,1.254165
2017-10-17 14:50:00,1.25424,1.25416,1.254155,1.25424
2017-10-17 14:51:00,1.254275,1.254245,1.254225,1.25428
2017-10-17 14:52:00,1.25416,1.25428,1.25416,1.25428
2017-10-17 14:53:00,1.254125,1.254165,1.254115,1.25417
2017-10-17 14:54:00,1.25416,1.254125,1.25406,1.25417
2017-10-17 14:55:00,1.254075,1.2542,1.254065,1.2542
2017-10-17 14:56:00,1.25402,1.25402,1.254015,1.254025
2017-10-17 14:57:00,1.25404,1.253995,1.253995,1.254085
2017-10-17 14:58:00,1.253925,1.254045,1.253895,1.254045
2017-10-17 14:59:00,1.25395,1.25391,1.253865,1.25395
2017-10-17 15:00:00,1.254235,1.254005,1.254005,1.254305
2017-10-17 15:01:00,1.254285,1.25422,1.25422,1.25433
2017-10-17 15:02:00,1.25423,1.254295,1.254135,1.254305
2017-10-17 15:03:00,1.254085,1.254225,1.254035,1.254225
2017-10-17 15:04:00,1.25398,1.254085,1.25398,1.254165
2017-10-17 15:05:00,1.254,1.254025,1.254,1.25418
2017-10-17 15:06:00,1.253155,1.25405,1.252935,1.25406
2017-10-17 15:07:00,1.253185,1.25318,1.253125,1.2534
2017-10-17 15:08:00,1.25296,1.253185,1.25282,1.25332
2017-10-17 15:09:00,1.253005,1.252955,1.252825,1.25305
2017-10-17 15:10:00,1.253265,1.253005,1.252995,1.25328
2017-10-17 15:11:00,1.25347,1.25326,1.253135,1.25349
2017-10-17 15:12:00,1.252625,1.25342,1.252565,1.253425
2017-10-17 15:13:00,1.252765,1.252605,1.252585,1.25285
2017-10-17 15:14:00,1.252745,1.25276,1.25267,1.25307
2017-10-17 15:15:00,1.25222,1.25275,1.252135,1.25276
2017-10-17 15:16:00,1.252305,1.252195,1.25197,1.252345
2017-10-17 15:17:00,1.252315,1.252295,1.252195,1.252505
2017-10-17 15:18:00,1.252015,1.25226,1.25186,1.252465
2017-10-17 15:19:00,1.252075,1.252015,1.252015,1.252395
2017-10-17 15:20:00,1.252295,1.252085,1.252075,1.252295
2017-10-17 15:21:00,1.25248,1.252285,1.25227,1.252645
2017-10-17 15:22:00,1.252475,1.252455,1.2523,1.25253
2017-10-17 15:23:00,1.25259,1.25248,1.25241,1.252635
2017-10-17 15:24:00,1.252255,1.252605,1.25225,1.252615
2017-10-17 15:25:00,1.252225,1.252245,1.252045,1.252255
2017-10-17 15:26:00,1.252845,1.252215,1.252205,1.252885
2017-10-17 15:27:00,1.252945,1.252785,1.25269,1.253015
2017-10-17 15:28:00,1.253455,1.252935,1.252925,1.253485
2017-10-17 15:29:00,1.25344,1.25343,1.253415,1.253775
2017-10-17 15:30:00,1.253395,1.25346,1.253375,1.253595
2017-10-17 15:31:00,1.252955,1.25334,1.2529,1.25334
2017-10-17 15:32:00,1.25285,1.253005,1.252805,1.25307
2017-10-17 15:33:00,1.25282,1.252855,1.2528,1.25306
2017-10-17 15:34:00,1.25277,1.25282,1.252645,1.25319
2017-10-17 15:35:00,1.252855,1.25282,1.25279,1.252895
2017-10-17 15:36:00,1.252785,1.25283,1.252765,1.252835
2017-10-17 15:37:00,1.252735,1.25278,1.25273,1.25286
2017-10-17 15:38:00,1.252335,1.252725,1.252325,1.252725
2017-10-17 15:39:00,1.25229,1.25234,1.2522,1.252345
2017-10-17 15:40:00,1.25228,1.252295,1.252275,1.25244
2017-10-17 15:41:00,1.25244,1.252275,1.252275,1.252455
2017-10-17 15:42:00,1.252565,1.25244,1.252405,1.252565
2017-10-17 15:43:00,1.252635,1.25255,1.252525,1.252645
2017-10-17 15:44:00,1.25264,1.252635,1.25247,1.252645
2017-10-17 15:45:00,1.25267,1.252615,1.252615,1.252755
2017-10-17 15:46:00,1.25255,1.25268,1.25255,1.252765
2017-10-17 15:47:00,1.252755,1.25255,1.252545,1.252765
2017-10-17 15:48:00,1.25262,1.25276,1.252585,1.25277
2017-10-17 15:49:00,1.2527,1.252645,1.252635,1.252715
2017-10-17 15:50:00,1.252735,1.252695,1.25267,1.252735
2017-10-17 15:51:00,1.2528,1.25275,1.252745,1.25288
2017-10-17 15:52:00,1.2527,1.252785,1.25269,1.25279
2017-10-17 15:53:00,1.252615,1.252715,1.25261,1.252725
2017-10-17 15:54:00,1.25274,1.252625,1.25253,1.25277
2017-10-17 15:55:00,1.25278,1.252745,1.25274,1.252795
2017-10-17 15:56:00,1.252795,1.252835,1.25276,1.252855
2017-10-17 15:57:00,1.25279,1.25279,1.252775,1.2528
2017-10-17 15:58:00,1.25283,1.252785,1.252775,1.252855
2017-10-17 15:59:00,1.2528,1.252775,1.25276,1.2528
2017-10-17 16:00:00,1.2528,1.25279,1.252725,1.252805
2017-10-17 16:01:00,1.252785,1.252775,1.25275,1.25282
2017-10-17 16:02:00,1.252715,1.252785,1.25271,1.252795
2017-10-17 16:03:00,1.252705,1.25272,1.252695,1.252735
2017-10-17 16:04:00,1.252585,1.25269,1.25258,1.252705
2017-10-17 16:05:00,1.25257,1.2526,1.25256,1.252625
2017-10-17 16:06:00,1.252525,1.252545,1.25248,1.252545
2017-10-17 16:07:00,1.252655,1.252575,1.25252,1.252665
2017-10-17 16:08:00,1.25269,1.252655,1.252585,1.25269
2017-10-17 16:09:00,1.25275,1.252745,1.252675,1.252785
2017-10-17 16:10:00,1.25274,1.25276,1.25273,1.252815
2017-10-17 16:11:00,1.25256,1.25275,1.25256,1.25275
2017-10-17 16:12:00,1.252585,1.25256,1.25256,1.252645
2017-10-17 16:13:00,1.252675,1.25259,1.25257,1.252685
2017-10-17 16:14:00,1.252665,1.252655,1.252655,1.25267
2017-10-17 16:15:00,1.252695,1.25266,1.252655,1.25276
2017-10-17 16:16:00,1.25277,1.252705,1.252705,1.252795
2017-10-17 16:17:00,1.252765,1.25277,1.25276,1.25278
2017-10-17 16:18:00,1.252765,1.25277,1.25276,1.25278
2017-10-17 16:19:00,1.252705,1.252785,1.252705,1.25279
2017-10-17 16:20:00,1.25273,1.25273,1.25273,1.25273
2017-10-17 16:21:00,1.25273,1.25273,1.25273,1.25273
2017-10-17 16:22:00,1.252675,1.252675,1.252675,1.252675
2017-10-17 16:23:00,1.252625,1.252625,1.25262,1.25263
2017-10-17 16:24:00,1.252615,1.25262,1.25261,1.252635
2017-10-17 16:25:00,1.252635,1.25262,1.25261,1.252655
2017-10-17 16:26:00,1.25252,1.25263,1.25251,1.252635
2017-10-17 16:27:00,1.252555,1.252495,1.252495,1.25257
2017-10-17 16:28:00,1.25261,1.25261,1.25261,1.25261
2017-10-17 16:29:00,1.25261,1.25261,1.25261,1.25261
2017-10-17 16:30:00,1.252545,1.252585,1.25252,1.252585
2017-10-17 16:31:00,1.252605,1.25255,1.252435,1.252665
2017-10-17 16:32:00,1.25256,1.252595,1.252545,1.25268
2017-10-17 16:33:00,1.252705,1.252565,1.25254,1.25271
2017-10-17 16:34:00,1.252665,1.2527,1.252575,1.252795
2017-10-17 16:35:00,1.252695,1.252675,1.252565,1.252695
2017-10-17 16:36:00,1.252685,1.252675,1.252625,1.252695
2017-10-17 16:37:00,1.25263,1.25268,1.252515,1.25268
2017-10-17 16:38:00,1.252495,1.25264,1.25242,1.25264
2017-10-17 16:39:00,1.25265,1.252505,1.2525,1.25265
2017-10-17 16:40:00,1.252665,1.2527,1.252645,1.252705
2017-10-17 16:41:00,1.25262,1.25267,1.252615,1.25269
2017-10-17 16:42:00,1.25262,1.252625,1.252615,1.25265
2017-10-17 16:43:00,1.25263,1.25262,1.25257,1.252645
2017-10-17 16:44:00,1.252615,1.252635,1.252615,1.25264
2017-10-17 16:45:00,1.25255,1.25262,1.25255,1.252625
2017-10-17 16:46:00,1.25254,1.252555,1.25253,1.252815
2017-10-17 16:47:00,1.252305,1.25254,1.25227,1.252555
2017-10-17 16:48:00,1.252445,1.25232,1.25223,1.25247
2017-10-17 16:49:00,1.25249,1.25245,1.25245,1.252595
2017-10-17 16:50:00,1.252525,1.25247,1.252465,1.252565
2017-10-17 16:51:00,1.252515,1.25251,1.25247,1.252545
2017-10-17 16:52:00,1.25249,1.25249,1.25249,1.25249
2017-10-17 16:53:00,1.25216,1.25246,1.25208,1.25246
2017-10-17 16:54:00,1.25221,1.252145,1.25214,1.252225
2017-10-17 16:55:00,1.25242,1.25226,1.25226,1.25242
2017-10-17 16:56:00,1.2523,1.25241,1.252295,1.252445
2017-10-17 16:57:00,1.252265,1.25231,1.252265,1.252335
2017-10-17 16:58:00,1.25215,1.25227,1.25215,1.252355
2017-10-17 17:04:00,1.252235,1.252235,1.252235,1.252235
2017-10-17 17:05:00,1.252245,1.252335,1.25213,1.252445
2017-10-17 17:06:00,1.25228,1.252255,1.25225,1.252425
2017-10-17 17:07:00,1.25228,1.25228,1.25228,1.25228
2017-10-17 17:08:00,1.25223,1.25227,1.252205,1.252345
2017-10-17 17:09:00,1.252275,1.252235,1.25202,1.25236
2017-10-17 17:10:00,1.25226,1.252265,1.252235,1.2523
2017-10-17 17:11:00,1.252315,1.25226,1.252255,1.25232
2017-10-17 17:12:00,1.25223,1.25231,1.25223,1.252315
2017-10-17 17:13:00,1.25225,1.2523,1.25225,1.252315
2017-10-17 17:14:00,1.252365,1.25234,1.2523,1.252385
2017-10-17 17:15:00,1.2524,1.252375,1.252375,1.25241
2017-10-17 17:16:00,1.25232,1.25235,1.252275,1.25235
2017-10-17 17:17:00,1.25232,1.25235,1.252275,1.25235
2017-10-17 17:18:00,1.2523,1.2523,1.2523,1.2523
2017-10-17 17:19:00,1.252275,1.252275,1.252275,1.252275
2017-10-17 17:20:00,1.252275,1.252275,1.252275,1.252275
2017-10-17 17:21:00,1.252275,1.252275,1.252275,1.252275
2017-10-17 17:22:00,1.252275,1.252275,1.252275,1.252275
2017-10-17 17:23:00,1.252325,1.252345,1.25232,1.25237
2017-10-17 17:24:00,1.25234,1.252325,1.25231,1.252355
2017-10-17 17:25:00,1.252325,1.25234,1.25232,1.25234
2017-10-17 17:26:00,1.252325,1.25234,1.25232,1.25234
2017-10-17 17:27:00,1.252335,1.252335,1.25233,1.25234
2017-10-17 17:28:00,1.252305,1.25234,1.252305,1.252345
2017-10-17 17:29:00,1.252325,1.252315,1.252315,1.25233
2017-10-17 17:30:00,1.25229,1.25233,1.25229,1.252345
2017-10-17 17:31:00,1.25236,1.25231,1.25231,1.25236
2017-10-17 17:32:00,1.25236,1.25231,1.25231,1.25236
2017-10-17 17:33:00,1.25236,1.25231,1.25231,1.25236
2017-10-17 17:34:00,1.25236,1.25231,1.25231,1.25236
2017-10-17 17:35:00,1.25236,1.25231,1.25231,1.25236
2017-10-17 17:36:00,1.25236,1.25231,1.25231,1.25236
2017-10-17 17:37:00,1.25236,1.25231,1.25231,1.25236
2017-10-17 17:38:00,1.25236,1.25231,1.25231,1.25236
2017-10-17 17:39:00,1.25236,1.25231,1.25231,1.25236
2017-10-17 17:40:00,1.25236,1.25231,1.25231,1.25236
2017-10-17 17:41:00,1.25225,1.252275,1.25224,1.252275
2017-10-17 17:42:00,1.25224,1.25223,1.25223,1.252245
2017-10-17 17:43:00,1.25223,1.25223,1.25223,1.25223
2017-10-17 17:44:00,1.25223,1.252225,1.252205,1.252235
2017-10-17 17:45:00,1.25223,1.252225,1.252205,1.252235
2017-10-17 17:46:00,1.25223,1.25223,1.25223,1.25223
2017-10-17 17:47:00,1.25228,1.252225,1.252215,1.25228
2017-10-17 17:48:00,1.25228,1.252225,1.252215,1.25228
2017-10-17 17:49:00,1.25228,1.252225,1.252215,1.25228
2017-10-17 17:50:00,1.25228,1.252225,1.252215,1.25228
2017-10-17 17:51:00,1.25228,1.252225,1.252215,1.25228
2017-10-17 17:52:00,1.25228,1.252225,1.252215,1.25228
2017-10-17 17:53:00,1.25228,1.252225,1.252215,1.25228
2017-10-17 17:54:00,1.2523,1.2523,1.2523,1.2523
2017-10-17 17:55:00,1.25223,1.252225,1.25222,1.252235
2017-10-17 17:56:00,1.252215,1.252215,1.252215,1.252215
2017-10-17 17:57:00,1.252275,1.252275,1.252275,1.252275
2017-10-17 17:58:00,1.25234,1.25234,1.25234,1.25234
2017-10-17 17:59:00,1.25236,1.252355,1.25235,1.25237
2017-10-17 18:00:00,1.25231,1.25236,1.25231,1.252385
2017-10-17 18:01:00,1.25243,1.25239,1.25238,1.25246
2017-10-17 18:02:00,1.25243,1.25244,1.25241,1.25245
2017-10-17 18:03:00,1.252295,1.25243,1.252295,1.252445
2017-10-17 18:04:00,1.252305,1.252305,1.252275,1.25233
2017-10-17 18:05:00,1.2523,1.2523,1.252295,1.252305
2017-10-17 18:06:00,1.252315,1.252305,1.2523,1.252315
2017-10-17 18:07:00,1.2523,1.2523,1.25229,1.25233
2017-10-17 18:08:00,1.252295,1.2523,1.25228,1.252305
2017-10-17 18:09:00,1.2523,1.2523,1.252295,1.252305
2017-10-17 18:10:00,1.252165,1.2523,1.25216,1.252305
2017-10-17 18:11:00,1.252155,1.25216,1.25208,1.252195
2017-10-17 18:12:00,1.252205,1.25215,1.252135,1.25226
2017-10-17 18:13:00,1.252105,1.2522,1.252085,1.252225
2017-10-17 18:14:00,1.252145,1.2521,1.25207,1.252145
2017-10-17 18:15:00,1.25202,1.252095,1.25202,1.25211
2017-10-17 18:16:00,1.252075,1.251955,1.251955,1.252075
2017-10-17 18:17:00,1.25206,1.25207,1.25203,1.2521
2017-10-17 18:18:00,1.25209,1.25206,1.251995,1.252125
2017-10-17 18:19:00,1.25207,1.252065,1.25203,1.252085
2017-10-17 18:20:00,1.25193,1.252065,1.25192,1.25207
2017-10-17 18:21:00,1.25196,1.251905,1.2519,1.25201
2017-10-17 18:22:00,1.251995,1.252025,1.25198,1.25203
2017-10-17 18:23:00,1.251885,1.25199,1.251855,1.25199
2017-10-17 18:24:00,1.25189,1.251835,1.251765,1.25192
2017-10-17 18:25:00,1.25186,1.25189,1.25183,1.25192
2017-10-17 18:26:00,1.25189,1.251835,1.251835,1.251905
2017-10-17 18:27:00,1.25185,1.251895,1.25184,1.251905
2017-10-17 18:28:00,1.251885,1.25185,1.251845,1.251925
2017-10-17 18:29:00,1.25169,1.25188,1.251685,1.251885
2017-10-17 18:30:00,1.25183,1.25171,1.25171,1.25185
2017-10-17 18:31:00,1.251775,1.251765,1.25176,1.251775
2017-10-17 18:32:00,1.2517,1.251755,1.251695,1.251765
2017-10-17 18:33:00,1.25169,1.25169,1.25169,1.25169
2017-10-17 18:34:00,1.25172,1.25172,1.25172,1.25172
2017-10-17 18:35:00,1.25172,1.25172,1.25172,1.25172
2017-10-17 18:36:00,1.25175,1.25175,1.251745,1.251825
2017-10-17 18:37:00,1.251805,1.251795,1.25175,1.251835
2017-10-17 18:38:00,1.25193,1.251835,1.25181,1.251935
2017-10-17 18:39:00,1.25188,1.251925,1.25187,1.251945
2017-10-17 18:40:00,1.25187,1.2519,1.251855,1.25199
2017-10-17 18:41:00,1.25175,1.251865,1.251745,1.251875
2017-10-17 18:42:00,1.25179,1.251765,1.251745,1.25179
2017-10-17 18:43:00,1.251755,1.25172,1.25172,1.25183
2017-10-17 18:44:00,1.251705,1.251745,1.251685,1.251765
2017-10-17 18:45:00,1.251665,1.251665,1.251665,1.251665
2017-10-17 18:46:00,1.2516,1.25173,1.25159,1.25176
2017-10-17 18:47:00,1.2516,1.251605,1.251585,1.251605
2017-10-17 18:48:00,1.2516,1.2516,1.25157,1.251665
2017-10-17 18:49:00,1.25166,1.2516,1.251575,1.25167
2017-10-17 18:50:00,1.251655,1.251655,1.25162,1.251655
2017-10-17 18:51:00,1.25166,1.25166,1.25165,1.25168
2017-10-17 18:52:00,1.251665,1.251665,1.25165,1.25167
2017-10-17 18:53:00,1.251725,1.251705,1.251705,1.25178
2017-10-17 18:54:00,1.2517,1.25172,1.25169,1.25172
2017-10-17 18:55:00,1.25169,1.25172,1.25169,1.25172
2017-10-17 18:56:00,1.251575,1.25168,1.251555,1.2517
2017-10-17 18:57:00,1.251415,1.251545,1.251365,1.25161
2017-10-17 18:58:00,1.25145,1.25148,1.251425,1.25148
2017-10-17 18:59:00,1.25146,1.251455,1.25145,1.251475
2017-10-17 19:00:00,1.25155,1.25152,1.25152,1.251595
2017-10-17 19:01:00,1.25153,1.25153,1.25153,1.25153
2017-10-17 19:02:00,1.25153,1.25153,1.25153,1.25153
2017-10-17 19:03:00,1.251495,1.25155,1.251495,1.25155
2017-10-17 19:04:00,1.25145,1.251475,1.251445,1.25153
2017-10-17 19:05:00,1.251395,1.2514,1.251395,1.2514
2017-10-17 19:06:00,1.25094,1.251345,1.250935,1.251345
2017-10-17 19:07:00,1.251035,1.251,1.25095,1.251035
2017-10-17 19:08:00,1.250885,1.25102,1.250835,1.251025
2017-10-17 19:09:00,1.25041,1.25089,1.250385,1.25091
2017-10-17 19:10:00,1.25032,1.25039,1.25028,1.250495
2017-10-17 19:11:00,1.250365,1.25034,1.25034,1.250365
2017-10-17 19:12:00,1.25032,1.250385,1.250285,1.250385
2017-10-17 19:13:00,1.250425,1.250375,1.25035,1.250475
2017-10-17 19:14:00,1.250495,1.250415,1.250405,1.2505
2017-10-17 19:15:00,1.25047,1.250455,1.25042,1.250495
2017-10-17 19:16:00,1.250505,1.250445,1.250445,1.250545
2017-10-17 19:17:00,1.250475,1.250475,1.250475,1.250475
2017-10-17 19:18:00,1.250465,1.250525,1.25045,1.250595
2017-10-17 19:19:00,1.250405,1.25046,1.250405,1.25046
2017-10-17 19:20:00,1.250345,1.250345,1.250345,1.250345
2017-10-17 19:21:00,1.250265,1.25029,1.25026,1.25029
2017-10-17 19:22:00,1.25025,1.25025,1.250205,1.25028
2017-10-17 19:23:00,1.250205,1.250225,1.250205,1.250235
2017-10-17 19:24:00,1.250345,1.25023,1.25023,1.250345
2017-10-17 19:25:00,1.250345,1.25023,1.25023,1.250345
2017-10-17 19:26:00,1.250345,1.25023,1.25023,1.250345
2017-10-17 19:27:00,1.250345,1.25023,1.25023,1.250345
2017-10-17 19:28:00,1.25035,1.2504,1.250335,1.25045
2017-10-17 19:29:00,1.250345,1.250355,1.250345,1.250385
2017-10-17 19:30:00,1.25033,1.25032,1.25032,1.250375
2017-10-17 19:31:00,1.250435,1.25035,1.25035,1.25045
2017-10-17 19:32:00,1.25034,1.250445,1.25034,1.250445
2017-10-17 19:33:00,1.25043,1.25035,1.250345,1.250435
2017-10-17 19:34:00,1.250355,1.250425,1.25034,1.250445
2017-10-17 19:35:00,1.250415,1.250335,1.250335,1.25045
2017-10-17 19:36:00,1.25039,1.25042,1.25037,1.250455
2017-10-17 19:37:00,1.250355,1.25039,1.250355,1.2504
2017-10-17 19:38:00,1.250415,1.25037,1.25037,1.250415
2017-10-17 19:39:00,1.25039,1.25041,1.250385,1.25042
2017-10-17 19:40:00,1.25038,1.250395,1.250365,1.250405
2017-10-17 19:41:00,1.250355,1.250355,1.250355,1.250355
2017-10-17 19:42:00,1.250395,1.250405,1.250395,1.250425
2017-10-17 19:43:00,1.2503,1.2504,1.25029,1.25041
2017-10-17 19:44:00,1.25031,1.250285,1.25027,1.25032
2017-10-17 19:45:00,1.25033,1.25032,1.250305,1.250335
2017-10-17 19:46:00,1.250415,1.25036,1.25036,1.25042
2017-10-17 19:47:00,1.250335,1.25042,1.250335,1.250475
2017-10-17 19:48:00,1.250275,1.25031,1.25026,1.250315
2017-10-17 19:49:00,1.25019,1.25027,1.250175,1.250275
2017-10-17 19:50:00,1.250085,1.25019,1.250005,1.2502
2017-10-17 19:51:00,1.249855,1.250065,1.24967,1.25008
2017-10-17 19:52:00,1.24979,1.249855,1.249755,1.24987
2017-10-17 19:53:00,1.24996,1.24981,1.24974,1.249975
2017-10-17 19:54:00,1.24996,1.249975,1.249905,1.249985
2017-10-17 19:55:00,1.249965,1.249985,1.24988,1.249985
2017-10-17 19:56:00,1.249955,1.249945,1.249945,1.25014
2017-10-17 19:57:00,1.24998,1.24997,1.24995,1.25
2017-10-17 19:58:00,1.25002,1.249985,1.24996,1.250025
2017-10-17 19:59:00,1.24985,1.24998,1.24985,1.249985
2017-10-17 20:00:00,1.24982,1.249825,1.249735,1.24985
2017-10-17 20:01:00,1.249735,1.249875,1.24972,1.249925
2017-10-17 20:02:00,1.249625,1.249735,1.249615,1.249745
2017-10-17 20:03:00,1.249645,1.249635,1.249555,1.249645
2017-10-17 20:04:00,1.24953,1.24964,1.24952,1.24967
2017-10-17 20:05:00,1.249405,1.24948,1.249375,1.24951
2017-10-17 20:06:00,1.24919,1.249405,1.24916,1.249415
2017-10-17 20:07:00,1.248765,1.249135,1.248755,1.249195
2017-10-17 20:08:00,1.2492,1.24877,1.248745,1.249235
2017-10-17 20:09:00,1.24942,1.2492,1.24917,1.249625
2017-10-17 20:10:00,1.24948,1.24943,1.24934,1.249555
2017-10-17 20:11:00,1.249565,1.24948,1.24947,1.249635
2017-10-17 20:12:00,1.249475,1.249515,1.24944,1.24952
2017-10-17 20:13:00,1.24947,1.249525,1.24941,1.249535
2017-10-17 20:14:00,1.249585,1.249465,1.24946,1.249635
2017-10-17 20:15:00,1.249905,1.249595,1.249595,1.25002
2017-10-17 20:16:00,1.249835,1.249895,1.24974,1.249935
2017-10-17 20:17:00,1.24988,1.24986,1.24978,1.24996
2017-10-17 20:18:00,1.249755,1.249825,1.249755,1.25012
2017-10-17 20:19:00,1.24995,1.24982,1.249815,1.249955
2017-10-17 20:20:00,1.24988,1.24996,1.24983,1.249965
2017-10-17 20:21:00,1.24982,1.249875,1.249815,1.249985
2017-10-17 20:22:00,1.249745,1.24976,1.24964,1.249785
2017-10-17 20:23:00,1.24989,1.249805,1.249805,1.24999
2017-10-17 20:24:00,1.249965,1.24987,1.249865,1.249985
2017-10-17 20:25:00,1.249985,1.249945,1.249945,1.25022
2017-10-17 20:26:00,1.24993,1.249965,1.249925,1.25005
2017-10-17 20:27:00,1.249735,1.24992,1.249735,1.24998
2017-10-17 20:28:00,1.24958,1.249725,1.24953,1.249725
2017-10-17 20:29:00,1.24956,1.249575,1.24954,1.249635
2017-10-17 20:30:00,1.249345,1.249565,1.24933,1.249645
2017-10-17 20:31:00,1.249385,1.249325,1.24903,1.249405
2017-10-17 20:32:00,1.24904,1.24938,1.24891,1.249395
2017-10-17 20:33:00,1.249115,1.249035,1.248965,1.249235
2017-10-17 20:34:00,1.249175,1.24905,1.249025,1.249335
2017-10-17 20:35:00,1.24924,1.24911,1.24908,1.249345
2017-10-17 20:36:00,1.2492,1.249235,1.249005,1.249255
2017-10-17 20:37:00,1.2495,1.249225,1.249225,1.249565
2017-10-17 20:38:00,1.249515,1.249505,1.2495,1.249715
2017-10-17 20:39:00,1.249505,1.24951,1.24949,1.249555
2017-10-17 20:40:00,1.249555,1.249555,1.24951,1.249575
2017-10-17 20:41:00,1.24949,1.24957,1.24949,1.249585
2017-10-17 20:42:00,1.249585,1.24952,1.249515,1.24965
2017-10-17 20:43:00,1.249655,1.24958,1.24955,1.2497
2017-10-17 20:44:00,1.249955,1.24966,1.24966,1.250055
2017-10-17 20:45:00,1.25001,1.24997,1.2499,1.250145
2017-10-17 20:46:00,1.24992,1.249995,1.24992,1.250085
2017-10-17 20:47:00,1.24983,1.24991,1.24983,1.249965
2017-10-17 20:48:00,1.249815,1.24984,1.249775,1.249845
2017-10-17 20:49:00,1.24988,1.249865,1.24983,1.24989
2017-10-17 20:50:00,1.24987,1.249865,1.249845,1.24989
2017-10-17 20:51:00,1.24979,1.249885,1.249745,1.249885
2017-10-17 20:52:00,1.249885,1.2498,1.24979,1.25001
2017-10-17 20:53:00,1.2499,1.24989,1.249775,1.249905
2017-10-17 20:54:00,1.249845,1.24991,1.249825,1.250015
2017-10-17 20:55:00,1.25011,1.249815,1.249815,1.250225
2017-10-17 20:56:00,1.250105,1.250095,1.249885,1.250145
2017-10-17 20:57:00,1.24995,1.25011,1.24989,1.250125
2017-10-17 20:58:00,1.249755,1.24996,1.24972,1.24997
2017-10-17 20:59:00,1.249575,1.2497,1.24957,1.2497
2017-10-17 21:00:00,1.249555,1.249515,1.24943,1.24956
2017-10-17 21:01:00,1.24969,1.24956,1.249505,1.249705
2017-10-17 21:02:00,1.24972,1.249705,1.24961,1.249745
2017-10-17 21:03:00,1.24978,1.24977,1.2497,1.24979
2017-10-17 21:04:00,1.24984,1.24983,1.249825,1.249865
2017-10-17 21:05:00,1.24985,1.24984,1.24984,1.24987
2017-10-17 21:06:00,1.24993,1.24986,1.24985,1.249935
2017-10-17 21:07:00,1.2499,1.249985,1.249895,1.250065
2017-10-17 21:08:00,1.25005,1.24991,1.24991,1.250065
2017-10-17 21:09:00,1.25008,1.250045,1.25004,1.250215
2017-10-17 21:10:00,1.25006,1.25006,1.25006,1.25006
2017-10-17 21:11:00,1.25013,1.25011,1.25011,1.25013
2017-10-17 21:12:00,1.250015,1.25009,1.24996,1.25009
2017-10-17 21:13:00,1.25009,1.249995,1.24999,1.25009
2017-10-17 21:14:00,1.250115,1.250145,1.250115,1.250145
2017-10-17 21:15:00,1.250125,1.250125,1.25011,1.25013
2017-10-17 21:16:00,1.24996,1.25013,1.24992,1.25031
2017-10-17 21:17:00,1.249875,1.249965,1.249865,1.249985
2017-10-17 21:18:00,1.24988,1.24988,1.24987,1.24991
2017-10-17 21:19:00,1.250095,1.24988,1.249875,1.250095
2017-10-17 21:20:00,1.25023,1.25011,1.25011,1.25023
2017-10-17 21:21:00,1.249975,1.250175,1.249975,1.250175
2017-10-17 21:22:00,1.250135,1.250005,1.250005,1.25017
2017-10-17 21:23:00,1.2503,1.25013,1.25005,1.250305
2017-10-17 21:24:00,1.25022,1.250315,1.250215,1.250315
2017-10-17 21:25:00,1.2502,1.25023,1.2502,1.250235
2017-10-17 21:26:00,1.250245,1.250195,1.250175,1.25025
2017-10-17 21:27:00,1.25031,1.25025,1.250245,1.25031
2017-10-17 21:28:00,1.250275,1.25032,1.25027,1.25042
2017-10-17 21:29:00,1.2503,1.25029,1.250285,1.2503
2017-10-17 21:30:00,1.250165,1.250295,1.25016,1.250305
2017-10-17 21:31:00,1.250085,1.250155,1.24995,1.25019
2017-10-17 21:32:00,1.25011,1.25004,1.250035,1.250115
2017-10-17 21:33:00,1.250165,1.25013,1.25012,1.25019
2017-10-17 21:34:00,1.25015,1.250105,1.25009,1.25015
2017-10-17 21:35:00,1.250085,1.25013,1.250085,1.25013
2017-10-17 21:36:00,1.249735,1.25006,1.24969,1.25006
2017-10-17 21:37:00,1.249735,1.24973,1.24963,1.249775
2017-10-17 21:38:00,1.24963,1.24967,1.24963,1.249725
2017-10-17 21:39:00,1.24958,1.249605,1.24951,1.249625
2017-10-17 21:40:00,1.24952,1.2496,1.24952,1.249675
2017-10-17 21:41:00,1.249455,1.249525,1.249455,1.24953
2017-10-17 21:42:00,1.249515,1.249485,1.249485,1.249635
2017-10-17 21:43:00,1.249475,1.249505,1.249425,1.249515
2017-10-17 21:44:00,1.249495,1.24948,1.249465,1.249575
2017-10-17 21:45:00,1.249465,1.2495,1.249355,1.24951
2017-10-17 21:46:00,1.24937,1.249465,1.24934,1.249505
2017-10-17 21:47:00,1.24958,1.24942,1.24942,1.24958
2017-10-17 21:48:00,1.24957,1.24963,1.24952,1.24963
2017-10-17 21:49:00,1.24975,1.249625,1.249625,1.24975
2017-10-17 21:50:00,1.249715,1.24973,1.24966,1.24973
2017-10-17 21:51:00,1.249595,1.249725,1.24953,1.249735
2017-10-17 21:52:00,1.24968,1.249585,1.249565,1.24968
2017-10-17 21:53:00,1.24997,1.24968,1.24962,1.25
2017-10-17 21:54:00,1.24979,1.24998,1.24978,1.24998
2017-10-17 21:55:00,1.249815,1.2498,1.249795,1.24984
2017-10-17 21:56:00,1.249905,1.249865,1.24986,1.249905
2017-10-17 21:57:00,1.24984,1.249955,1.24984,1.24996
2017-10-17 21:58:00,1.2498,1.249835,1.24977,1.249855
2017-10-17 21:59:00,1.24981,1.249805,1.2498,1.24981
2017-10-17 22:00:00,1.249775,1.249775,1.249775,1.249775
2017-10-17 22:01:00,1.24972,1.24975,1.24972,1.249785
2017-10-17 22:02:00,1.24965,1.24972,1.249645,1.249765
2017-10-17 22:03:00,1.249655,1.24965,1.249605,1.24966
2017-10-17 22:04:00,1.24957,1.249665,1.24957,1.24967
2017-10-17 22:05:00,1.24959,1.24957,1.249565,1.249595
2017-10-17 22:06:00,1.249595,1.249585,1.24957,1.24961
2017-10-17 22:07:00,1.249535,1.249605,1.249495,1.249605
2017-10-17 22:08:00,1.249535,1.249605,1.249495,1.249605
2017-10-17 22:09:00,1.249535,1.249605,1.249495,1.249605
2017-10-17 22:10:00,1.249535,1.249605,1.249495,1.249605
2017-10-17 22:11:00,1.249595,1.249585,1.249585,1.24965
2017-10-17 22:12:00,1.2496,1.2496,1.249595,1.249605
2017-10-17 22:13:00,1.249615,1.249605,1.24959,1.24965
2017-10-17 22:14:00,1.24957,1.249615,1.24957,1.249625
2017-10-17 22:15:00,1.249505,1.24951,1.2495,1.24953
2017-10-17 22:16:00,1.249495,1.249515,1.24934,1.249515
2017-10-17 22:17:00,1.249415,1.249505,1.249325,1.249505
2017-10-17 22:18:00,1.24953,1.249425,1.24941,1.249545
2017-10-17 22:19:00,1.24962,1.24954,1.24953,1.249625
2017-10-17 22:20:00,1.249705,1.249675,1.249675,1.249735
2017-10-17 22:21:00,1.24958,1.249655,1.249535,1.249665
2017-10-17 22:22:00,1.24965,1.249575,1.249545,1.24965
2017-10-17 22:23:00,1.24959,1.24961,1.24959,1.24971
2017-10-17 22:24:00,1.24965,1.24957,1.24957,1.24965
2017-10-17 22:25:00,1.249715,1.24963,1.249625,1.249715
2017-10-17 22:26:00,1.249765,1.24971,1.24971,1.24977
2017-10-17 22:27:00,1.249865,1.24976,1.249755,1.24989
2017-10-17 22:28:00,1.249875,1.249875,1.24984,1.249905
2017-10-17 22:29:00,1.24994,1.249875,1.24987,1.24995
2017-10-17 22:30:00,1.249995,1.249945,1.24993,1.25007
2017-10-17 22:31:00,1.250045,1.25004,1.24995,1.2501
2017-10-17 22:32:00,1.25008,1.25005,1.25004,1.25008
2017-10-17 22:33:00,1.25019,1.250135,1.250135,1.25028
2017-10-17 22:34:00,1.25018,1.250185,1.25011,1.250235
2017-10-17 22:35:00,1.250225,1.250175,1.250135,1.250225
2017-10-17 22:36:00,1.250175,1.25022,1.250175,1.250245
2017-10-17 22:37:00,1.25021,1.25023,1.2502,1.250255
2017-10-17 22:38:00,1.250205,1.2502,1.250195,1.250265
2017-10-17 22:39:00,1.25022,1.25021,1.250185,1.250235
2017-10-17 22:40:00,1.250205,1.250215,1.2502,1.250235
2017-10-17 22:41:00,1.25018,1.250195,1.250165,1.2502
2017-10-17 22:42:00,1.25018,1.250195,1.250165,1.2502
2017-10-17 22:43:00,1.250085,1.250195,1.250065,1.2502
2017-10-17 22:44:00,1.250135,1.25009,1.25009,1.250135
2017-10-17 22:45:00,1.2502,1.25019,1.25018,1.2503
2017-10-17 22:46:00,1.25017,1.2502,1.25017,1.2502
2017-10-17 22:47:00,1.2502,1.250225,1.250175,1.25023
2017-10-17 22:48:00,1.2502,1.250225,1.250175,1.25023
2017-10-17 22:49:00,1.250245,1.25022,1.25022,1.250245
2017-10-17 22:50:00,1.250155,1.250195,1.250145,1.250195
2017-10-17 22:51:00,1.25013,1.250135,1.25011,1.250135
2017-10-17 22:52:00,1.25013,1.250125,1.25012,1.25013
2017-10-17 22:53:00,1.250115,1.250125,1.25011,1.250175
2017-10-17 22:54:00,1.25015,1.25012,1.250115,1.250165
2017-10-17 22:55:00,1.25016,1.250155,1.25013,1.25016
2017-10-17 22:56:00,1.25018,1.250155,1.250155,1.250185
2017-10-17 22:57:00,1.25013,1.25018,1.250115,1.25018
2017-10-17 22:58:00,1.25016,1.25013,1.25013,1.25016
2017-10-17 22:59:00,1.25021,1.25021,1.25019,1.25022
2017-10-17 23:00:00,1.250155,1.250265,1.250145,1.250315
2017-10-17 23:01:00,1.250115,1.25013,1.249965,1.25019
2017-10-17 23:02:00,1.250025,1.25011,1.25002,1.25012
2017-10-17 23:03:00,1.24992,1.25002,1.249905,1.25002
2017-10-17 23:04:00,1.249985,1.249915,1.249895,1.25
2017-10-17 23:05:00,1.25002,1.249995,1.249995,1.25003
2017-10-17 23:06:00,1.250065,1.25001,1.25001,1.25009
2017-10-17 23:07:00,1.25009,1.25007,1.250005,1.25009
2017-10-17 23:08:00,1.250205,1.250095,1.250085,1.25022
2017-10-17 23:09:00,1.250245,1.25021,1.250205,1.25043
2017-10-17 23:10:00,1.25026,1.25023,1.250205,1.25026
2017-10-17 23:11:00,1.250215,1.250205,1.250205,1.250255
2017-10-17 23:12:00,1.25023,1.25022,1.250175,1.25025
2017-10-17 23:13:00,1.25022,1.250225,1.250205,1.250245
2017-10-17 23:14:00,1.250065,1.250215,1.250045,1.25025
2017-10-17 23:15:00,1.25008,1.25006,1.250055,1.250085
2017-10-17 23:16:00,1.250085,1.250105,1.250085,1.250105
2017-10-17 23:17:00,1.25012,1.250135,1.250115,1.25017
2017-10-17 23:18:00,1.2501,1.25009,1.25004,1.25012
2017-10-17 23:19:00,1.250115,1.25011,1.250095,1.25013
2017-10-17 23:20:00,1.25011,1.25012,1.250095,1.25017
2017-10-17 23:21:00,1.25008,1.250095,1.25006,1.25011
2017-10-17 23:22:00,1.250095,1.250095,1.25008,1.250095
2017-10-17 23:23:00,1.250065,1.250085,1.25006,1.250095
2017-10-17 23:24:00,1.250115,1.25008,1.25007,1.250135
2017-10-17 23:25:00,1.250095,1.25012,1.250095,1.25014
2017-10-17 23:26:00,1.250115,1.25011,1.250085,1.250125
2017-10-17 23:27:00,1.250055,1.250115,1.250045,1.25013
2017-10-17 23:28:00,1.25003,1.250045,1.250015,1.25005
2017-10-17 23:29:00,1.25003,1.250035,1.250025,1.250075
2017-10-17 23:30:00,1.250015,1.249975,1.249955,1.250015
2017-10-17 23:31:00,1.25002,1.25002,1.24998,1.250045
2017-10-17 23:32:00,1.25004,1.24999,1.24999,1.25004
2017-10-17 23:33:00,1.250125,1.25004,1.25004,1.250145
2017-10-17 23:34:00,1.250125,1.25004,1.25004,1.250145
2017-10-17 23:35:00,1.250175,1.25019,1.250165,1.2502
2017-10-17 23:36:00,1.25014,1.250175,1.25014,1.250175
2017-10-17 23:37:00,1.25015,1.25016,1.25015,1.25016
2017-10-17 23:38:00,1.25015,1.25016,1.25015,1.25016
2017-10-17 23:39:00,1.25018,1.25018,1.25018,1.25018
2017-10-17 23:40:00,1.25012,1.25013,1.25011,1.250135
2017-10-17 23:41:00,1.25019,1.250125,1.250125,1.250195
2017-10-17 23:42:00,1.250235,1.25019,1.250175,1.25024
2017-10-17 23:43:00,1.250265,1.25023,1.25023,1.250265
2017-10-17 23:44:00,1.25028,1.250215,1.250195,1.2503
2017-10-17 23:45:00,1.25028,1.250215,1.250195,1.2503
2017-10-17 23:46:00,1.25031,1.25034,1.25031,1.25034
2017-10-17 23:47:00,1.25031,1.25034,1.25031,1.25034
2017-10-17 23:48:00,1.25031,1.25034,1.25031,1.25034
2017-10-17 23:49:00,1.25031,1.25034,1.25031,1.25034
2017-10-17 23:50:00,1.25031,1.25034,1.25031,1.25034
2017-10-17 23:51:00,1.25026,1.250255,1.250255,1.250265
2017-10-17 23:52:00,1.250275,1.250265,1.250265,1.250275
2017-10-17 23:53:00,1.250275,1.25027,1.250265,1.250275
2017-10-17 23:54:00,1.250105,1.250285,1.250095,1.250455
2017-10-17 23:55:00,1.250025,1.25011,1.25002,1.25011
2017-10-17 23:56:00,1.25013,1.250025,1.25001,1.250135
2017-10-17 23:57:00,1.250175,1.250115,1.250095,1.25018
2017-10-17 23:58:00,1.25013,1.250175,1.25012,1.25026
2017-10-17 23:59:00,1.250135,1.25012,1.250115,1.250135
2017-10-18 00:00:00,1.250205,1.25015,1.25012,1.250225
2017-10-18 00:01:00,1.25012,1.25021,1.250095,1.250245
2017-10-18 00:02:00,1.250145,1.250125,1.250105,1.250145
2017-10-18 00:03:00,1.250145,1.250125,1.250105,1.250145
2017-10-18 00:04:00,1.25012,1.25013,1.25012,1.250145
2017-10-18 00:05:00,1.250115,1.250115,1.250105,1.250195
2017-10-18 00:06:00,1.25012,1.250115,1.25011,1.250185
2017-10-18 00:07:00,1.250135,1.250125,1.25008,1.250165
2017-10-18 00:08:00,1.250185,1.25013,1.25013,1.2502
2017-10-18 00:09:00,1.250185,1.25018,1.25015,1.25019
2017-10-18 00:10:00,1.250195,1.250195,1.25018,1.2502
2017-10-18 00:11:00,1.2502,1.25019,1.250185,1.250295
2017-10-18 00:12:00,1.2502,1.25018,1.250165,1.2502
2017-10-18 00:13:00,1.250195,1.250145,1.25013,1.2502
2017-10-18 00:14:00,1.25022,1.25014,1.25013,1.250245
2017-10-18 00:15:00,1.250255,1.250215,1.250215,1.25041
2017-10-18 00:16:00,1.250255,1.250215,1.250215,1.25041
2017-10-18 00:17:00,1.25027,1.25028,1.25025,1.2503
2017-10-18 00:18:00,1.250295,1.250265,1.250265,1.250355
2017-10-18 00:19:00,1.25026,1.25029,1.25026,1.25035
2017-10-18 00:20:00,1.250265,1.25027,1.25024,1.250295
2017-10-18 00:21:00,1.25031,1.250255,1.250205,1.25032
2017-10-18 00:22:00,1.25035,1.25029,1.25029,1.25035
2017-10-18 00:23:00,1.25035,1.250335,1.250335,1.25036
2017-10-18 00:24:00,1.250355,1.25036,1.250355,1.250365
2017-10-18 00:25:00,1.250375,1.250345,1.250345,1.250375
2017-10-18 00:26:00,1.250365,1.25037,1.250365,1.25037
2017-10-18 00:27:00,1.25037,1.25037,1.250365,1.250375
2017-10-18 00:28:00,1.250365,1.250355,1.250355,1.250375
2017-10-18 00:29:00,1.250345,1.250345,1.25034,1.25036
2017-10-18 00:30:00,1.250365,1.25033,1.250285,1.250365
2017-10-18 00:31:00,1.25034,1.25036,1.25031,1.250365
2017-10-18 00:32:00,1.25045,1.250355,1.250335,1.25046
2017-10-18 00:33:00,1.25038,1.25045,1.250375,1.25046
2017-10-18 00:34:00,1.250545,1.25037,1.25037,1.250575
2017-10-18 00:35:00,1.250495,1.25056,1.25048,1.25056
2017-10-18 00:36:00,1.25047,1.2505,1.25047,1.25051
2017-10-18 00:37:00,1.250415,1.25049,1.25041,1.25049
2017-10-18 00:38:00,1.25048,1.25042,1.25041,1.25051
2017-10-18 00:39:00,1.250385,1.250495,1.25038,1.250495
2017-10-18 00:40:00,1.25038,1.25039,1.250375,1.250405
2017-10-18 00:41:00,1.25042,1.25038,1.25037,1.250445
2017-10-18 00:42:00,1.25049,1.25043,1.25043,1.25049
2017-10-18 00:43:00,1.250505,1.250495,1.25049,1.25051
2017-10-18 00:44:00,1.2505,1.25051,1.25048,1.25055
2017-10-18 00:45:00,1.25049,1.2505,1.250475,1.250505
2017-10-18 00:46:00,1.250495,1.250495,1.250485,1.250515
2017-10-18 00:47:00,1.2505,1.250505,1.250495,1.25056
2017-10-18 00:48:00,1.250525,1.250505,1.250485,1.250535
2017-10-18 00:49:00,1.2505,1.25053,1.250495,1.25053
2017-10-18 00:50:00,1.2505,1.250505,1.2505,1.250505
2017-10-18 00:51:00,1.2505,1.250495,1.25049,1.250505
2017-10-18 00:52:00,1.250515,1.25052,1.250515,1.25052
2017-10-18 00:53:00,1.25051,1.250515,1.250505,1.25059
2017-10-18 00:54:00,1.250565,1.250515,1.250505,1.25057
2017-10-18 00:55:00,1.250605,1.25057,1.25057,1.250635
2017-10-18 00:56:00,1.25062,1.250605,1.250595,1.25068
2017-10-18 00:57:00,1.250605,1.25063,1.2506,1.25067
2017-10-18 00:58:00,1.250585,1.2506,1.250575,1.250615
2017-10-18 00:59:00,1.250485,1.250585,1.250475,1.250625
2017-10-18 01:00:00,1.250415,1.250485,1.250395,1.250495
2017-10-18 01:01:00,1.250315,1.250405,1.25031,1.250425
2017-10-18 01:02:00,1.25024,1.25032,1.25024,1.250335
2017-10-18 01:03:00,1.250295,1.25027,1.25025,1.250405
2017-10-18 01:04:00,1.25026,1.2503,1.25025,1.2503
2017-10-18 01:05:00,1.25021,1.250205,1.250125,1.250235
2017-10-18 01:06:00,1.250205,1.250215,1.250175,1.250235
2017-10-18 01:07:00,1.25018,1.250255,1.250145,1.250305
2017-10-18 01:08:00,1.25015,1.25015,1.25015,1.25015
2017-10-18 01:09:00,1.25015,1.25015,1.25015,1.25015
2017-10-18 01:10:00,1.250175,1.25013,1.25006,1.250185
2017-10-18 01:11:00,1.25024,1.25023,1.25023,1.25025
2017-10-18 01:12:00,1.2505,1.25023,1.25023,1.250545
2017-10-18 01:13:00,1.250705,1.250515,1.250495,1.25074
2017-10-18 01:14:00,1.250595,1.25068,1.25058,1.250685
2017-10-18 01:15:00,1.250595,1.2506,1.250585,1.250605
2017-10-18 01:16:00,1.250615,1.25064,1.25061,1.25065
2017-10-18 01:17:00,1.250615,1.25064,1.25061,1.25065
2017-10-18 01:18:00,1.250615,1.25064,1.25061,1.25065
2017-10-18 01:19:00,1.25078,1.250645,1.250645,1.25078
2017-10-18 01:20:00,1.25073,1.25072,1.25061,1.25083
2017-10-18 01:21:00,1.250675,1.250735,1.250645,1.250735
2017-10-18 01:22:00,1.250715,1.250675,1.250645,1.25072
2017-10-18 01:23:00,1.250815,1.25071,1.250695,1.250825
2017-10-18 01:24:00,1.25081,1.250815,1.250805,1.250835
2017-10-18 01:25:00,1.250815,1.25081,1.250785,1.250825
2017-10-18 01:26:00,1.250895,1.25082,1.250815,1.250945
2017-10-18 01:27:00,1.25089,1.2509,1.250885,1.25093
2017-10-18 01:28:00,1.25074,1.25088,1.25073,1.250915
2017-10-18 01:29:00,1.250635,1.25072,1.250635,1.250725
2017-10-18 01:30:00,1.25065,1.250655,1.25065,1.250655
2017-10-18 01:31:00,1.25052,1.250645,1.25052,1.250645
2017-10-18 01:32:00,1.25069,1.250515,1.250515,1.25069
2017-10-18 01:33:00,1.2507,1.25064,1.250605,1.250705
2017-10-18 01:34:00,1.25068,1.250715,1.25068,1.250825
2017-10-18 01:35:00,1.250725,1.2507,1.250695,1.25078
2017-10-18 01:36:00,1.250745,1.25072,1.25072,1.250745
2017-10-18 01:37:00,1.25075,1.250755,1.250725,1.250795
2017-10-18 01:38:00,1.25067,1.25072,1.2506,1.25072
2017-10-18 01:39:00,1.25067,1.250665,1.250645,1.25078
2017-10-18 01:40:00,1.25079,1.250685,1.250675,1.250795
2017-10-18 01:41:00,1.250795,1.25081,1.25077,1.250885
2017-10-18 01:42:00,1.250805,1.2508,1.25077,1.250835
2017-10-18 01:43:00,1.250805,1.2508,1.25078,1.25086
2017-10-18 01:44:00,1.25089,1.25081,1.2508,1.25089
2017-10-18 01:45:00,1.25089,1.25087,1.25084,1.250895
2017-10-18 01:46:00,1.250895,1.250885,1.25088,1.25094
2017-10-18 01:47:00,1.25086,1.2509,1.25085,1.25091
2017-10-18 01:48:00,1.25087,1.250865,1.25085,1.250895
2017-10-18 01:49:00,1.250935,1.250865,1.25084,1.25097
2017-10-18 01:50:00,1.25097,1.25093,1.25093,1.25097
2017-10-18 01:51:00,1.25095,1.25095,1.250905,1.250985
2017-10-18 01:52:00,1.251085,1.2509,1.250885,1.251085
2017-10-18 01:53:00,1.251005,1.251145,1.250995,1.25126
2017-10-18 01:54:00,1.25101,1.25101,1.25099,1.251035
2017-10-18 01:55:00,1.25092,1.25106,1.250915,1.25107
2017-10-18 01:56:00,1.2509,1.25092,1.25089,1.25093
2017-10-18 01:57:00,1.250875,1.250905,1.250875,1.250915
2017-10-18 01:58:00,1.25092,1.25092,1.25092,1.25092
2017-10-18 01:59:00,1.250905,1.25092,1.2509,1.25096
2017-10-18 02:00:00,1.250745,1.25091,1.25074,1.25091
2017-10-18 02:01:00,1.250695,1.25073,1.25069,1.25073
2017-10-18 02:02:00,1.250585,1.250635,1.2505,1.250635
2017-10-18 02:03:00,1.250565,1.250615,1.250545,1.250695
2017-10-18 02:04:00,1.250495,1.25056,1.25049,1.25056
2017-10-18 02:05:00,1.25057,1.2505,1.2505,1.250575
2017-10-18 02:06:00,1.25063,1.250575,1.250555,1.250665
2017-10-18 02:07:00,1.250795,1.250655,1.250655,1.250795
2017-10-18 02:08:00,1.25103,1.250745,1.2507,1.251045
2017-10-18 02:09:00,1.25109,1.251055,1.251015,1.25117
2017-10-18 02:10:00,1.25117,1.251095,1.251075,1.25118
2017-10-18 02:11:00,1.25097,1.251115,1.25097,1.25117
2017-10-18 02:12:00,1.25118,1.250985,1.250985,1.251215
2017-10-18 02:13:00,1.25119,1.251165,1.25111,1.25121
2017-10-18 02:14:00,1.251135,1.251245,1.251135,1.25128
2017-10-18 02:15:00,1.25111,1.25113,1.25111,1.251215
2017-10-18 02:16:00,1.250905,1.251115,1.250815,1.251115
2017-10-18 02:17:00,1.25091,1.2509,1.2509,1.250925
2017-10-18 02:18:00,1.250995,1.250905,1.25086,1.251
2017-10-18 02:19:00,1.2508,1.250995,1.250765,1.25105
2017-10-18 02:20:00,1.250785,1.250815,1.25076,1.25082
2017-10-18 02:21:00,1.25064,1.250795,1.25064,1.250795
2017-10-18 02:22:00,1.250645,1.25063,1.250595,1.2507
2017-10-18 02:23:00,1.25066,1.25062,1.2506,1.25068
2017-10-18 02:24:00,1.250585,1.250665,1.250575,1.250665
2017-10-18 02:25:00,1.25056,1.25059,1.25056,1.25064
2017-10-18 02:26:00,1.25053,1.250565,1.25052,1.25058
2017-10-18 02:27:00,1.25056,1.250535,1.250535,1.250565
2017-10-18 02:28:00,1.250455,1.250505,1.250455,1.250505
2017-10-18 02:29:00,1.250435,1.250405,1.250185,1.25044
2017-10-18 02:30:00,1.250455,1.25044,1.250395,1.25055
2017-10-18 02:31:00,1.250175,1.250405,1.25012,1.25044
2017-10-18 02:32:00,1.250165,1.250175,1.250115,1.2502
2017-10-18 02:33:00,1.250295,1.25016,1.250135,1.25033
2017-10-18 02:34:00,1.25021,1.250295,1.250195,1.250315
2017-10-18 02:35:00,1.250275,1.25019,1.25019,1.250275
2017-10-18 02:36:00,1.250575,1.25033,1.250325,1.250615
2017-10-18 02:37:00,1.250585,1.25057,1.250535,1.25061
2017-10-18 02:38:00,1.2505,1.25059,1.25049,1.25059
2017-10-18 02:39:00,1.25028,1.2505,1.250275,1.25051
2017-10-18 02:40:00,1.250385,1.250285,1.25028,1.25043
2017-10-18 02:41:00,1.250375,1.250405,1.25037,1.250455
2017-10-18 02:42:00,1.25054,1.25037,1.25037,1.250605
2017-10-18 02:43:00,1.25054,1.250535,1.250535,1.2506
2017-10-18 02:44:00,1.25044,1.250545,1.25044,1.250545
2017-10-18 02:45:00,1.25053,1.250435,1.250405,1.250635
2017-10-18 02:46:00,1.250765,1.250525,1.250495,1.250855
2017-10-18 02:47:00,1.25063,1.25082,1.250625,1.2509
2017-10-18 02:48:00,1.25048,1.25058,1.25044,1.25058
2017-10-18 02:49:00,1.250675,1.250455,1.250385,1.250675
2017-10-18 02:50:00,1.25055,1.250665,1.25046,1.250665
2017-10-18 02:51:00,1.250335,1.250545,1.25028,1.250545
2017-10-18 02:52:00,1.250305,1.25039,1.250295,1.250425
2017-10-18 02:53:00,1.250225,1.250315,1.2502,1.25032
2017-10-18 02:54:00,1.25035,1.25018,1.250125,1.25035
2017-10-18 02:55:00,1.250325,1.25033,1.25029,1.2504
2017-10-18 02:56:00,1.250475,1.25033,1.25032,1.250475
2017-10-18 02:57:00,1.250455,1.25047,1.25041,1.250545
2017-10-18 02:58:00,1.250325,1.250475,1.250325,1.250475
2017-10-18 02:59:00,1.250435,1.25031,1.25031,1.25045
2017-10-18 03:00:00,1.250695,1.250435,1.250415,1.250695
2017-10-18 03:01:00,1.25055,1.25069,1.25049,1.250695
2017-10-18 03:02:00,1.25063,1.250555,1.2505,1.25065
2017-10-18 03:03:00,1.250985,1.250625,1.250555,1.250995
2017-10-18 03:04:00,1.251235,1.25098,1.2509,1.25124
2017-10-18 03:05:00,1.251245,1.25123,1.25116,1.251535
2017-10-18 03:06:00,1.251175,1.25125,1.250985,1.251285
2017-10-18 03:07:00,1.251335,1.251175,1.251115,1.25143
2017-10-18 03:08:00,1.251175,1.251315,1.251065,1.251315
2017-10-18 03:09:00,1.25102,1.251175,1.250895,1.25124
2017-10-18 03:10:00,1.250955,1.251075,1.25095,1.251095
2017-10-18 03:11:00,1.25123,1.25101,1.25099,1.25123
2017-10-18 03:12:00,1.251215,1.25121,1.251185,1.251255
2017-10-18 03:13:00,1.25129,1.25116,1.251155,1.25129
2017-10-18 03:14:00,1.25124,1.25124,1.25124,1.25124
2017-10-18 03:15:00,1.250985,1.25119,1.250975,1.251195
2017-10-18 03:16:00,1.25099,1.250985,1.250955,1.251075
2017-10-18 03:17:00,1.250825,1.250995,1.250805,1.251045
2017-10-18 03:18:00,1.250665,1.250875,1.25065,1.250895
2017-10-18 03:19:00,1.25065,1.250675,1.25052,1.250705
2017-10-18 03:20:00,1.250835,1.25067,1.250665,1.250835
2017-10-18 03:21:00,1.25074,1.250835,1.2507,1.250835
2017-10-18 03:22:00,1.250735,1.25073,1.25067,1.250755
2017-10-18 03:23:00,1.25089,1.25073,1.25073,1.250895
2017-10-18 03:24:00,1.250965,1.25089,1.250835,1.250975
2017-10-18 03:25:00,1.250925,1.250985,1.25087,1.25105
2017-10-18 03:26:00,1.250925,1.25093,1.250915,1.250945
2017-10-18 03:27:00,1.2507,1.25093,1.250675,1.25098
2017-10-18 03:28:00,1.25064,1.250695,1.25063,1.25077
2017-10-18 03:29:00,1.25063,1.250635,1.250585,1.25066
2017-10-18 03:30:00,1.25077,1.250635,1.25062,1.25077
2017-10-18 03:31:00,1.250725,1.250705,1.25062,1.25074
2017-10-18 03:32:00,1.25067,1.250725,1.25065,1.250725
2017-10-18 03:33:00,1.25077,1.250725,1.2507,1.250845
2017-10-18 03:34:00,1.25085,1.250715,1.250705,1.25092
2017-10-18 03:35:00,1.25101,1.250845,1.250845,1.25101
2017-10-18 03:36:00,1.250985,1.251005,1.25088,1.251195
2017-10-18 03:37:00,1.250835,1.251005,1.25081,1.25107
2017-10-18 03:38:00,1.25065,1.25078,1.250645,1.250825
2017-10-18 03:39:00,1.25111,1.25068,1.25068,1.25112
2017-10-18 03:40:00,1.25119,1.25112,1.251085,1.25126
2017-10-18 03:41:00,1.25103,1.25125,1.25102,1.25126
2017-10-18 03:42:00,1.250825,1.251085,1.25082,1.25114
2017-10-18 03:43:00,1.250865,1.25077,1.25074,1.25087
2017-10-18 03:44:00,1.251065,1.250865,1.2508,1.2511
2017-10-18 03:45:00,1.25101,1.251075,1.25101,1.25119
2017-10-18 03:46:00,1.2509,1.25101,1.250885,1.25102
2017-10-18 03:47:00,1.25084,1.2509,1.250825,1.250915
2017-10-18 03:48:00,1.250975,1.250895,1.250825,1.25102
2017-10-18 03:49:00,1.25103,1.25097,1.250945,1.25103
2017-10-18 03:50:00,1.25115,1.251045,1.250965,1.25115
2017-10-18 03:51:00,1.251145,1.25113,1.251105,1.251205
2017-10-18 03:52:00,1.25113,1.25114,1.251105,1.2512
2017-10-18 03:53:00,1.25121,1.251105,1.251035,1.251225
2017-10-18 03:54:00,1.25141,1.251215,1.251215,1.25141
2017-10-18 03:55:00,1.25159,1.251405,1.251335,1.251685
2017-10-18 03:56:00,1.25171,1.25162,1.25155,1.251825
2017-10-18 03:57:00,1.251905,1.25171,1.25169,1.252005
2017-10-18 03:58:00,1.251875,1.251905,1.251805,1.251995
2017-10-18 03:59:00,1.25184,1.251905,1.251835,1.25193
2017-10-18 04:00:00,1.25191,1.251785,1.25176,1.25191
2017-10-18 04:01:00,1.25193,1.251925,1.25192,1.25205
2017-10-18 04:02:00,1.25164,1.25194,1.25163,1.252065
2017-10-18 04:03:00,1.25191,1.251625,1.25155,1.251915
2017-10-18 04:04:00,1.25198,1.25189,1.25179,1.25198
2017-10-18 04:05:00,1.25183,1.251975,1.251805,1.252055
2017-10-18 04:06:00,1.25183,1.251835,1.251815,1.251905
2017-10-18 04:07:00,1.25167,1.25183,1.25167,1.251835
2017-10-18 04:08:00,1.25167,1.251665,1.25162,1.251695
2017-10-18 04:09:00,1.251535,1.25166,1.25141,1.25167
2017-10-18 04:10:00,1.251585,1.25154,1.25145,1.25162
2017-10-18 04:11:00,1.251555,1.251605,1.25149,1.251615
2017-10-18 04:12:00,1.2516,1.25156,1.251555,1.25163
2017-10-18 04:13:00,1.25157,1.25161,1.25157,1.25164
2017-10-18 04:14:00,1.25149,1.25152,1.251485,1.251565
2017-10-18 04:15:00,1.251525,1.251495,1.251485,1.251575
2017-10-18 04:16:00,1.25159,1.251535,1.251525,1.251645
2017-10-18 04:17:00,1.25158,1.251585,1.25147,1.25159
2017-10-18 04:18:00,1.25173,1.251575,1.251555,1.251765
2017-10-18 04:19:00,1.25173,1.251575,1.251555,1.251765
2017-10-18 04:20:00,1.25149,1.25167,1.251465,1.25167
2017-10-18 04:21:00,1.251435,1.25151,1.25141,1.251515
2017-10-18 04:22:00,1.25141,1.251375,1.251365,1.251525
2017-10-18 04:23:00,1.251515,1.2514,1.2514,1.25152
2017-10-18 04:24:00,1.251535,1.251495,1.251495,1.25154
2017-10-18 04:25:00,1.25154,1.25152,1.251505,1.251545
2017-10-18 04:26:00,1.25162,1.251535,1.251535,1.25164
2017-10-18 04:27:00,1.25163,1.25161,1.251605,1.25163
2017-10-18 04:28:00,1.251825,1.251625,1.25161,1.251825
2017-10-18 04:29:00,1.25201,1.25177,1.251745,1.252105
2017-10-18 04:30:00,1.251895,1.25201,1.251895,1.25201
2017-10-18 04:31:00,1.251845,1.251835,1.251775,1.251905
2017-10-18 04:32:00,1.25187,1.251855,1.251835,1.25193
2017-10-18 04:33:00,1.25184,1.25186,1.251835,1.251915
2017-10-18 04:34:00,1.25198,1.25184,1.25184,1.25198
2017-10-18 04:35:00,1.25234,1.251975,1.251975,1.25237
2017-10-18 04:36:00,1.25228,1.252365,1.252255,1.25238
2017-10-18 04:37:00,1.25234,1.25227,1.25227,1.252355
2017-10-18 04:38:00,1.252455,1.252345,1.252325,1.252465
2017-10-18 04:39:00,1.25235,1.252505,1.252325,1.252505
2017-10-18 04:40:00,1.252395,1.252345,1.252345,1.252475
2017-10-18 04:41:00,1.252435,1.2524,1.25239,1.25249
2017-10-18 04:42:00,1.2524,1.25241,1.252335,1.25245
2017-10-18 04:43:00,1.25246,1.252405,1.252375,1.25252
2017-10-18 04:44:00,1.252705,1.25243,1.252365,1.252745
2017-10-18 04:45:00,1.252775,1.252715,1.252695,1.25286
2017-10-18 04:46:00,1.252565,1.25277,1.252565,1.2528
2017-10-18 04:47:00,1.25254,1.25256,1.252395,1.25262
2017-10-18 04:48:00,1.252445,1.252545,1.252445,1.25267
2017-10-18 04:49:00,1.252475,1.25244,1.252405,1.252545
2017-10-18 04:50:00,1.25201,1.25245,1.251895,1.25249
2017-10-18 04:51:00,1.252335,1.25204,1.251965,1.252335
2017-10-18 04:52:00,1.252455,1.252385,1.25237,1.252485
2017-10-18 04:53:00,1.252385,1.252455,1.252375,1.25248
2017-10-18 04:54:00,1.25232,1.25244,1.25224,1.252475
2017-10-18 04:55:00,1.25239,1.25232,1.252315,1.25245
2017-10-18 04:56:00,1.252315,1.25245,1.252315,1.252465
2017-10-18 04:57:00,1.252055,1.2523,1.25205,1.25231
2017-10-18 04:58:00,1.25208,1.252035,1.25191,1.252155
2017-10-18 04:59:00,1.252375,1.25214,1.25214,1.252525
2017-10-18 05:00:00,1.25237,1.25238,1.25232,1.252385
2017-10-18 05:01:00,1.25224,1.25235,1.252075,1.25243
2017-10-18 05:02:00,1.252245,1.25224,1.252165,1.252345
2017-10-18 05:03:00,1.252395,1.25224,1.252185,1.25248
2017-10-18 05:04:00,1.25255,1.25239,1.252385,1.25262
2017-10-18 05:05:00,1.252585,1.252555,1.25254,1.25269
2017-10-18 05:06:00,1.252725,1.25259,1.252575,1.252795
2017-10-18 05:07:00,1.252675,1.252715,1.25262,1.25273
2017-10-18 05:08:00,1.25274,1.25267,1.25264,1.25276
2017-10-18 05:09:00,1.2525,1.252785,1.25246,1.25293
2017-10-18 05:10:00,1.252455,1.252475,1.25238,1.252505
2017-10-18 05:11:00,1.252515,1.252445,1.252425,1.25257
2017-10-18 05:12:00,1.25258,1.25257,1.252515,1.252595
2017-10-18 05:13:00,1.252695,1.25259,1.25258,1.252785
2017-10-18 05:14:00,1.252635,1.25268,1.25262,1.25268
2017-10-18 05:15:00,1.25287,1.25263,1.25262,1.25289
2017-10-18 05:16:00,1.252835,1.252845,1.25277,1.252895
2017-10-18 05:17:00,1.25289,1.25283,1.25283,1.2529
2017-10-18 05:18:00,1.25286,1.252895,1.252835,1.252905
2017-10-18 05:19:00,1.252805,1.252915,1.252785,1.25292
2017-10-18 05:20:00,1.25269,1.25281,1.252665,1.252835
2017-10-18 05:21:00,1.25282,1.252705,1.252705,1.25282
2017-10-18 05:22:00,1.25284,1.252875,1.252835,1.252875
2017-10-18 05:23:00,1.25276,1.25282,1.25271,1.25282
2017-10-18 05:24:00,1.252865,1.252785,1.252785,1.252865
2017-10-18 05:25:00,1.25273,1.25281,1.25273,1.25281
2017-10-18 05:26:00,1.252465,1.252675,1.25246,1.252675
2017-10-18 05:27:00,1.25261,1.25247,1.252465,1.25262
2017-10-18 05:28:00,1.252705,1.25261,1.252585,1.252705
2017-10-18 05:29:00,1.25274,1.25276,1.252665,1.252785
2017-10-18 05:30:00,1.25251,1.252715,1.2525,1.25272
2017-10-18 05:31:00,1.252445,1.252505,1.25239,1.25251
2017-10-18 05:32:00,1.25249,1.25245,1.25245,1.252595
2017-10-18 05:33:00,1.2524,1.25246,1.25233,1.25246
2017-10-18 05:34:00,1.252435,1.252425,1.252375,1.2525
2017-10-18 05:35:00,1.25246,1.252385,1.252375,1.252465
2017-10-18 05:36:00,1.25281,1.25248,1.25248,1.252825
2017-10-18 05:37:00,1.252745,1.252785,1.252745,1.25282
2017-10-18 05:38:00,1.252705,1.25272,1.25265,1.25272
2017-10-18 05:39:00,1.252755,1.252695,1.252685,1.252755
2017-10-18 05:40:00,1.25272,1.25275,1.25272,1.252755
2017-10-18 05:41:00,1.252755,1.25277,1.25275,1.252785
2017-10-18 05:42:00,1.25275,1.25276,1.25275,1.25276
2017-10-18 05:43:00,1.252855,1.252745,1.252745,1.25288
2017-10-18 05:44:00,1.252675,1.25285,1.25267,1.252895
2017-10-18 05:45:00,1.25271,1.252685,1.252635,1.25271
2017-10-18 05:46:00,1.25274,1.25273,1.25269,1.252765
2017-10-18 05:47:00,1.25275,1.25275,1.252685,1.25276
2017-10-18 05:48:00,1.252815,1.252755,1.252755,1.252815
2017-10-18 05:49:00,1.253005,1.252865,1.252865,1.25307
2017-10-18 05:50:00,1.2528,1.252975,1.25277,1.253
2017-10-18 05:51:00,1.25249,1.252745,1.252485,1.252795
2017-10-18 05:52:00,1.252675,1.25251,1.252435,1.252685
2017-10-18 05:53:00,1.252595,1.25267,1.252505,1.252675
2017-10-18 05:54:00,1.25253,1.252605,1.25243,1.252605
2017-10-18 05:55:00,1.252675,1.25253,1.25253,1.252715
2017-10-18 05:56:00,1.25273,1.252625,1.25261,1.252785
2017-10-18 05:57:00,1.252785,1.25268,1.252625,1.252785
2017-10-18 05:58:00,1.25286,1.252775,1.252725,1.252885
2017-10-18 05:59:00,1.25316,1.25292,1.2529,1.25321
2017-10-18 06:00:00,1.253275,1.253135,1.253035,1.253365
2017-10-18 06:01:00,1.25326,1.253275,1.253255,1.253425
2017-10-18 06:02:00,1.252825,1.253255,1.25282,1.253265
2017-10-18 06:03:00,1.253075,1.25282,1.25282,1.25322
2017-10-18 06:04:00,1.252965,1.25305,1.2528,1.25305
2017-10-18 06:05:00,1.2531,1.25297,1.25297,1.25318
2017-10-18 06:06:00,1.25308,1.253095,1.25294,1.253095
2017-10-18 06:07:00,1.25302,1.253085,1.252975,1.2531
2017-10-18 06:08:00,1.252925,1.253025,1.252915,1.253065
2017-10-18 06:09:00,1.25287,1.25293,1.252855,1.25304
2017-10-18 06:10:00,1.25248,1.252925,1.252345,1.25293
2017-10-18 06:11:00,1.252375,1.252475,1.252265,1.25249
2017-10-18 06:12:00,1.252545,1.252405,1.252385,1.25255
2017-10-18 06:13:00,1.252605,1.25254,1.252535,1.252615
2017-10-18 06:14:00,1.252635,1.252595,1.252595,1.25268
2017-10-18 06:15:00,1.25263,1.25258,1.252535,1.2527
2017-10-18 06:16:00,1.252645,1.252625,1.25259,1.252755
2017-10-18 06:17:00,1.252645,1.25259,1.25254,1.25265
2017-10-18 06:18:00,1.252385,1.25262,1.25238,1.25266
2017-10-18 06:19:00,1.252585,1.25237,1.25237,1.252585
2017-10-18 06:20:00,1.25247,1.25259,1.252365,1.252595
2017-10-18 06:21:00,1.252525,1.25247,1.252465,1.252545
2017-10-18 06:22:00,1.252015,1.25247,1.252015,1.25247
2017-10-18 06:23:00,1.252035,1.25196,1.25187,1.252095
2017-10-18 06:24:00,1.2522,1.252095,1.252095,1.25231
2017-10-18 06:25:00,1.25224,1.252145,1.25213,1.25225
2017-10-18 06:26:00,1.25221,1.252245,1.252195,1.252255
2017-10-18 06:27:00,1.252315,1.25221,1.25214,1.25232
2017-10-18 06:28:00,1.25228,1.2523,1.25223,1.252335
2017-10-18 06:29:00,1.252235,1.252295,1.25214,1.252295
2017-10-18 06:30:00,1.252205,1.252235,1.252205,1.25224
2017-10-18 06:31:00,1.252205,1.252205,1.25219,1.252255
2017-10-18 06:32:00,1.252175,1.252205,1.252175,1.25221
2017-10-18 06:33:00,1.25225,1.252205,1.252205,1.25225
2017-10-18 06:34:00,1.25222,1.2522,1.252135,1.25222
2017-10-18 06:35:00,1.25201,1.252165,1.252005,1.252175
2017-10-18 06:36:00,1.25207,1.25196,1.251895,1.25207
2017-10-18 06:37:00,1.25197,1.25201,1.25197,1.252035
2017-10-18 06:38:00,1.25223,1.251975,1.251965,1.252235
2017-10-18 06:39:00,1.252255,1.252225,1.25221,1.25233
2017-10-18 06:40:00,1.25204,1.252265,1.25204,1.252315
2017-10-18 06:41:00,1.25195,1.25202,1.25192,1.25202
2017-10-18 06:42:00,1.252005,1.25194,1.251815,1.25206
2017-10-18 06:43:00,1.25194,1.25201,1.251905,1.252015
2017-10-18 06:44:00,1.25192,1.25192,1.25185,1.25205
2017-10-18 06:45:00,1.252035,1.25192,1.25192,1.252135
2017-10-18 06:46:00,1.25222,1.252025,1.25199,1.252225
2017-10-18 06:47:00,1.2526,1.252225,1.252225,1.252645
2017-10-18 06:48:00,1.252575,1.252595,1.252515,1.25267
2017-10-18 06:49:00,1.252495,1.25257,1.25248,1.252655
2017-10-18 06:50:00,1.25237,1.252435,1.25234,1.25244
2017-10-18 06:51:00,1.252475,1.25239,1.252385,1.252475
2017-10-18 06:52:00,1.252445,1.252525,1.25242,1.25255
2017-10-18 06:53:00,1.252275,1.252435,1.25224,1.252445
2017-10-18 06:54:00,1.252305,1.252285,1.252275,1.252365
2017-10-18 06:55:00,1.252295,1.25233,1.252235,1.252335
2017-10-18 06:56:00,1.2521,1.252285,1.252055,1.25242
2017-10-18 06:57:00,1.252095,1.252095,1.25201,1.2522
2017-10-18 06:58:00,1.25171,1.252085,1.25157,1.252095
2017-10-18 06:59:00,1.251945,1.25172,1.251715,1.251985
2017-10-18 07:00:00,1.252095,1.251965,1.251965,1.252125
2017-10-18 07:01:00,1.25216,1.25208,1.252035,1.25216
2017-10-18 07:02:00,1.25199,1.252215,1.25193,1.25228
2017-10-18 07:03:00,1.25207,1.25193,1.25193,1.25207
2017-10-18 07:04:00,1.25235,1.252065,1.25206,1.2525
2017-10-18 07:05:00,1.25234,1.25235,1.252285,1.252365
2017-10-18 07:06:00,1.252105,1.252395,1.252105,1.252465
2017-10-18 07:07:00,1.25187,1.25205,1.251865,1.252115
2017-10-18 07:08:00,1.251845,1.25187,1.251735,1.251875
2017-10-18 07:09:00,1.251615,1.25183,1.25148,1.251885
2017-10-18 07:10:00,1.25147,1.251625,1.25146,1.25164
2017-10-18 07:11:00,1.25148,1.251405,1.25134,1.251525
2017-10-18 07:12:00,1.251515,1.251465,1.25143,1.251525
2017-10-18 07:13:00,1.251535,1.25151,1.25145,1.251595
2017-10-18 07:14:00,1.251495,1.25154,1.251465,1.251575
2017-10-18 07:15:00,1.25173,1.25152,1.251515,1.25178
2017-10-18 07:16:00,1.25187,1.251735,1.251735,1.251925
2017-10-18 07:17:00,1.251895,1.25187,1.251825,1.25198
2017-10-18 07:18:00,1.25185,1.2519,1.25185,1.252025
2017-10-18 07:19:00,1.25168,1.25179,1.251625,1.25179
2017-10-18 07:20:00,1.251715,1.251625,1.251625,1.25173
2017-10-18 07:21:00,1.25173,1.25172,1.25169,1.25188
2017-10-18 07:22:00,1.251875,1.251725,1.251725,1.251875
2017-10-18 07:23:00,1.251875,1.251855,1.251825,1.251915
2017-10-18 07:24:00,1.251885,1.25182,1.2518,1.25207
2017-10-18 07:25:00,1.25165,1.251885,1.251645,1.25194
2017-10-18 07:26:00,1.251465,1.251645,1.251405,1.25177
2017-10-18 07:27:00,1.2517,1.251485,1.25147,1.251705
2017-10-18 07:28:00,1.251715,1.251705,1.251705,1.25172
2017-10-18 07:29:00,1.25176,1.25172,1.251665,1.251765
2017-10-18 07:30:00,1.25183,1.25181,1.25177,1.25198
2017-10-18 07:31:00,1.251965,1.25178,1.25164,1.251965
2017-10-18 07:32:00,1.252225,1.252025,1.25202,1.252225
2017-10-18 07:33:00,1.25202,1.252235,1.25202,1.252245
2017-10-18 07:34:00,1.251845,1.251965,1.251845,1.251965
2017-10-18 07:35:00,1.25189,1.2519,1.251885,1.251975
2017-10-18 07:36:00,1.252055,1.25188,1.25187,1.25206
2017-10-18 07:37:00,1.25202,1.252045,1.251955,1.252125
2017-10-18 07:38:00,1.251945,1.25202,1.251925,1.252035
2017-10-18 07:39:00,1.25192,1.251955,1.251875,1.25203
2017-10-18 07:40:00,1.251895,1.251925,1.251775,1.251945
2017-10-18 07:41:00,1.252015,1.25189,1.25183,1.252015
2017-10-18 07:42:00,1.25205,1.251995,1.251995,1.2521
2017-10-18 07:43:00,1.252135,1.25211,1.25206,1.25218
2017-10-18 07:44:00,1.252185,1.252185,1.252115,1.25221
2017-10-18 07:45:00,1.25218,1.25216,1.25212,1.25223
2017-10-18 07:46:00,1.252605,1.252165,1.252165,1.252665
2017-10-18 07:47:00,1.25258,1.252615,1.25258,1.252755
2017-10-18 07:48:00,1.252385,1.252585,1.25238,1.252585
2017-10-18 07:49:00,1.252355,1.25238,1.252345,1.25238
2017-10-18 07:50:00,1.252085,1.252335,1.252085,1.252335
2017-10-18 07:51:00,1.252365,1.25207,1.251925,1.252455
2017-10-18 07:52:00,1.252205,1.25231,1.252095,1.25231
2017-10-18 07:53:00,1.252195,1.252255,1.25215,1.252295
2017-10-18 07:54:00,1.25238,1.252175,1.25215,1.25238
2017-10-18 07:55:00,1.25226,1.252355,1.25225,1.25237
2017-10-18 07:56:00,1.2524,1.252265,1.25219,1.252405
2017-10-18 07:57:00,1.25251,1.252405,1.25233,1.252565
2017-10-18 07:58:00,1.25273,1.25253,1.252525,1.25278
2017-10-18 07:59:00,1.25284,1.252675,1.252615,1.252845
2017-10-18 08:00:00,1.252895,1.25283,1.25283,1.25305
2017-10-18 08:01:00,1.252555,1.25291,1.25248,1.25293
2017-10-18 08:02:00,1.252625,1.25256,1.25256,1.252905
2017-10-18 08:03:00,1.25287,1.25261,1.252465,1.25287
2017-10-18 08:04:00,1.25265,1.25288,1.25257,1.252885
2017-10-18 08:05:00,1.25247,1.25263,1.25247,1.252655
2017-10-18 08:06:00,1.25241,1.25248,1.25233,1.25258
2017-10-18 08:07:00,1.25267,1.252395,1.25227,1.25267
2017-10-18 08:08:00,1.252725,1.252665,1.25254,1.252795
2017-10-18 08:09:00,1.25258,1.252725,1.25257,1.252805
2017-10-18 08:10:00,1.25286,1.25259,1.252555,1.25289
2017-10-18 08:11:00,1.252805,1.252865,1.25269,1.25301
2017-10-18 08:12:00,1.25294,1.25285,1.25285,1.253055
2017-10-18 08:13:00,1.252985,1.25296,1.25291,1.253075
2017-10-18 08:14:00,1.25282,1.252965,1.25281,1.253015
2017-10-18 08:15:00,1.25286,1.252865,1.252755,1.25297
2017-10-18 08:16:00,1.253085,1.252915,1.25277,1.253105
2017-10-18 08:17:00,1.252955,1.253035,1.252955,1.253255
2017-10-18 08:18:00,1.25284,1.252935,1.252785,1.252935
2017-10-18 08:19:00,1.252785,1.25286,1.25277,1.25297
2017-10-18 08:20:00,1.25288,1.25283,1.25283,1.253005
2017-10-18 08:21:00,1.252545,1.252825,1.252525,1.252855
2017-10-18 08:22:00,1.25262,1.25255,1.252305,1.252635
2017-10-18 08:23:00,1.252825,1.25264,1.25264,1.252925
2017-10-18 08:24:00,1.252895,1.252815,1.252815,1.253025
2017-10-18 08:25:00,1.25263,1.25287,1.25263,1.25292
2017-10-18 08:26:00,1.25256,1.252655,1.252515,1.252735
2017-10-18 08:27:00,1.2526,1.252515,1.25239,1.252605
2017-10-18 08:28:00,1.2526,1.2526,1.25249,1.252615
2017-10-18 08:29:00,1.25271,1.25265,1.252645,1.25284
2017-10-18 08:30:00,1.25269,1.252705,1.25246,1.252765
2017-10-18 08:31:00,1.25162,1.25251,1.25112,1.25256
2017-10-18 08:32:00,1.251455,1.251625,1.251335,1.251865
2017-10-18 08:33:00,1.251055,1.251465,1.251035,1.2515
2017-10-18 08:34:00,1.25083,1.251005,1.250625,1.25109
2017-10-18 08:35:00,1.25057,1.25078,1.250455,1.250825
2017-10-18 08:36:00,1.25014,1.250575,1.249565,1.250615
2017-10-18 08:37:00,1.250365,1.25016,1.24973,1.25047
2017-10-18 08:38:00,1.250555,1.250345,1.250185,1.250595
2017-10-18 08:39:00,1.250065,1.25053,1.249945,1.25053
2017-10-18 08:40:00,1.249845,1.25006,1.249795,1.250285
2017-10-18 08:41:00,1.249525,1.249825,1.24923,1.24993
2017-10-18 08:42:00,1.2498,1.249495,1.24946,1.24987
2017-10-18 08:43:00,1.24995,1.24985,1.249775,1.250165
2017-10-18 08:44:00,1.250185,1.249945,1.249935,1.250245
2017-10-18 08:45:00,1.249735,1.250135,1.24959,1.250135
2017-10-18 08:46:00,1.250065,1.24972,1.249695,1.25029
2017-10-18 08:47:00,1.24993,1.250125,1.249865,1.250305
2017-10-18 08:48:00,1.25011,1.24994,1.24985,1.25011
2017-10-18 08:49:00,1.24905,1.250055,1.24864,1.250135
2017-10-18 08:50:00,1.24986,1.24903,1.24901,1.24986
2017-10-18 08:51:00,1.24971,1.249805,1.249615,1.25012
2017-10-18 08:52:00,1.249755,1.249715,1.24966,1.25004
2017-10-18 08:53:00,1.249875,1.24977,1.24967,1.25003
2017-10-18 08:54:00,1.24967,1.24988,1.249475,1.24989
2017-10-18 08:55:00,1.24958,1.24962,1.24958,1.24972
2017-10-18 08:56:00,1.249845,1.249595,1.249595,1.24992
2017-10-18 08:57:00,1.249905,1.249875,1.2497,1.24994
2017-10-18 08:58:00,1.250025,1.249885,1.249775,1.250025
2017-10-18 08:59:00,1.249985,1.250045,1.24979,1.250125
2017-10-18 09:00:00,1.249845,1.249995,1.24977,1.250005
2017-10-18 09:01:00,1.24957,1.24985,1.24957,1.249865
2017-10-18 09:02:00,1.249875,1.24957,1.249565,1.24991
2017-10-18 09:03:00,1.249835,1.24988,1.24981,1.2501
2017-10-18 09:04:00,1.24976,1.249855,1.24968,1.24989
2017-10-18 09:05:00,1.25013,1.249785,1.249725,1.250145
2017-10-18 09:06:00,1.25001,1.250165,1.25,1.250215
2017-10-18 09:07:00,1.25028,1.250015,1.25,1.250285
2017-10-18 09:08:00,1.25033,1.25028,1.25025,1.25042
2017-10-18 09:09:00,1.25032,1.250335,1.25021,1.250405
2017-10-18 09:10:00,1.25032,1.250335,1.25021,1.250405
2017-10-18 09:11:00,1.250705,1.25037,1.25032,1.250755
2017-10-18 09:12:00,1.250685,1.25068,1.25062,1.25082
2017-10-18 09:13:00,1.2506,1.250735,1.250595,1.25074
2017-10-18 09:14:00,1.25073,1.25065,1.25063,1.250855
2017-10-18 09:15:00,1.251135,1.25073,1.250725,1.251225
2017-10-18 09:16:00,1.25103,1.251135,1.251025,1.251185
2017-10-18 09:17:00,1.251,1.251035,1.250995,1.251175
2017-10-18 09:18:00,1.25104,1.251005,1.25098,1.25108
2017-10-18 09:19:00,1.250655,1.25102,1.25051,1.25102
2017-10-18 09:20:00,1.250515,1.25068,1.25044,1.2507
2017-10-18 09:21:00,1.25081,1.25052,1.25052,1.250815
2017-10-18 09:22:00,1.250605,1.2508,1.250555,1.250835
2017-10-18 09:23:00,1.250645,1.25066,1.25051,1.250695
2017-10-18 09:24:00,1.250675,1.250645,1.250555,1.25069
2017-10-18 09:25:00,1.25084,1.25066,1.25066,1.25097
2017-10-18 09:26:00,1.250935,1.25084,1.250725,1.250935
2017-10-18 09:27:00,1.250935,1.25094,1.25085,1.25094
2017-10-18 09:28:00,1.251075,1.25099,1.25099,1.251135
2017-10-18 09:29:00,1.25134,1.251135,1.25101,1.251395
2017-10-18 09:30:00,1.251535,1.251315,1.25127,1.25154
2017-10-18 09:31:00,1.251515,1.251515,1.251325,1.25158
2017-10-18 09:32:00,1.251055,1.251505,1.25101,1.25152
2017-10-18 09:33:00,1.25073,1.25106,1.25059,1.25109
2017-10-18 09:34:00,1.250705,1.25075,1.250685,1.25082
2017-10-18 09:35:00,1.25069,1.25071,1.25058,1.25082
2017-10-18 09:36:00,1.25057,1.25075,1.250565,1.25087
2017-10-18 09:37:00,1.250665,1.250575,1.25057,1.25077
2017-10-18 09:38:00,1.25043,1.250615,1.25038,1.25065
2017-10-18 09:39:00,1.250255,1.250435,1.25024,1.2505
2017-10-18 09:40:00,1.250205,1.25025,1.250185,1.250395
2017-10-18 09:41:00,1.25018,1.2502,1.25002,1.250245
2017-10-18 09:42:00,1.2502,1.250175,1.25012,1.250325
2017-10-18 09:43:00,1.25005,1.25015,1.24991,1.25017
2017-10-18 09:44:00,1.25018,1.249985,1.249915,1.25018
2017-10-18 09:45:00,1.25043,1.250175,1.25017,1.25049
2017-10-18 09:46:00,1.250315,1.25043,1.250265,1.25047
2017-10-18 09:47:00,1.2501,1.250345,1.2501,1.25036
2017-10-18 09:48:00,1.25,1.250095,1.249875,1.25022
2017-10-18 09:49:00,1.25027,1.250055,1.25005,1.25032
2017-10-18 09:50:00,1.250125,1.25029,1.25,1.25029
2017-10-18 09:51:00,1.250085,1.25014,1.249975,1.25014
2017-10-18 09:52:00,1.250185,1.25008,1.25005,1.2502
2017-10-18 09:53:00,1.25032,1.25018,1.250065,1.25033
2017-10-18 09:54:00,1.25048,1.2503,1.2503,1.25056
2017-10-18 09:55:00,1.25046,1.25048,1.25045,1.25069
2017-10-18 09:56:00,1.250505,1.250455,1.25045,1.25059
2017-10-18 09:57:00,1.25036,1.250555,1.250355,1.25058
2017-10-18 09:58:00,1.250145,1.250365,1.250105,1.25039
2017-10-18 09:59:00,1.250425,1.2502,1.2502,1.250555
2017-10-18 10:00:00,1.250075,1.2504,1.25007,1.250445
2017-10-18 10:01:00,1.25048,1.250075,1.25005,1.25086
2017-10-18 10:02:00,1.250475,1.250455,1.250355,1.25056
2017-10-18 10:03:00,1.250465,1.25053,1.25045,1.2506
2017-10-18 10:04:00,1.25054,1.250465,1.250425,1.250565
2017-10-18 10:05:00,1.250715,1.25056,1.250535,1.250805
2017-10-18 10:06:00,1.25087,1.25072,1.250655,1.250905
2017-10-18 10:07:00,1.250765,1.250865,1.250725,1.25089
2017-10-18 10:08:00,1.25076,1.250705,1.250675,1.25082
2017-10-18 10:09:00,1.25053,1.25074,1.25046,1.25074
2017-10-18 10:10:00,1.250575,1.250535,1.250395,1.250635
2017-10-18 10:11:00,1.25081,1.250585,1.25058,1.25085
2017-10-18 10:12:00,1.2507,1.25083,1.25067,1.25083
2017-10-18 10:13:00,1.25064,1.25071,1.25063,1.25074
2017-10-18 10:14:00,1.250805,1.250645,1.25058,1.25084
2017-10-18 10:15:00,1.250675,1.25081,1.25067,1.25081
2017-10-18 10:16:00,1.25075,1.25068,1.2505,1.250815
2017-10-18 10:17:00,1.250535,1.250755,1.250535,1.25085
2017-10-18 10:18:00,1.25065,1.25059,1.25045,1.250705
2017-10-18 10:19:00,1.250545,1.250645,1.250455,1.250645
2017-10-18 10:20:00,1.250565,1.250495,1.250495,1.25068
2017-10-18 10:21:00,1.250475,1.25054,1.25035,1.250545
2017-10-18 10:22:00,1.250355,1.25046,1.250225,1.250475
2017-10-18 10:23:00,1.250155,1.250405,1.2498,1.250535
2017-10-18 10:24:00,1.25045,1.25021,1.25021,1.25048
2017-10-18 10:25:00,1.25061,1.250455,1.25042,1.25065
2017-10-18 10:26:00,1.250795,1.25063,1.2506,1.250795
2017-10-18 10:27:00,1.250835,1.250855,1.25076,1.250875
2017-10-18 10:28:00,1.250765,1.25083,1.25071,1.250835
2017-10-18 10:29:00,1.250825,1.25079,1.250785,1.25089
2017-10-18 10:30:00,1.250415,1.25082,1.25025,1.250845
2017-10-18 10:31:00,1.250365,1.25042,1.250115,1.250815
2017-10-18 10:32:00,1.249735,1.250375,1.24961,1.250385
2017-10-18 10:33:00,1.24982,1.24976,1.24976,1.25011
2017-10-18 10:34:00,1.249535,1.249825,1.24944,1.250035
2017-10-18 10:35:00,1.249525,1.24959,1.24949,1.249795
2017-10-18 10:36:00,1.24969,1.249525,1.24946,1.24969
2017-10-18 10:37:00,1.24956,1.24964,1.249505,1.249805
2017-10-18 10:38:00,1.24958,1.249615,1.249565,1.24967
2017-10-18 10:39:00,1.249595,1.2496,1.249245,1.24973
2017-10-18 10:40:00,1.24988,1.24959,1.249585,1.25004
2017-10-18 10:41:00,1.2495,1.24988,1.249495,1.25002
2017-10-18 10:42:00,1.249315,1.2495,1.249265,1.249665
2017-10-18 10:43:00,1.24935,1.24936,1.24922,1.24946
2017-10-18 10:44:00,1.24922,1.24932,1.249055,1.249415
2017-10-18 10:45:00,1.248715,1.249215,1.24866,1.24923
2017-10-18 10:46:00,1.24884,1.24872,1.248145,1.24894
2017-10-18 10:47:00,1.248575,1.248835,1.24856,1.24888
2017-10-18 10:48:00,1.24888,1.24862,1.248605,1.248985
2017-10-18 10:49:00,1.24872,1.248885,1.24853,1.24889
2017-10-18 10:50:00,1.248715,1.24868,1.248675,1.24898
2017-10-18 10:51:00,1.24864,1.24872,1.24856,1.248875
2017-10-18 10:52:00,1.24849,1.248625,1.248485,1.248625
2017-10-18 10:53:00,1.248495,1.24854,1.248395,1.248595
2017-10-18 10:54:00,1.248435,1.24849,1.248375,1.248525
2017-10-18 10:55:00,1.24848,1.248385,1.248315,1.24848
2017-10-18 10:56:00,1.248485,1.248485,1.248465,1.248495
2017-10-18 10:57:00,1.24889,1.248535,1.248535,1.249105
2017-10-18 10:58:00,1.24842,1.248895,1.24842,1.24898
2017-10-18 10:59:00,1.24761,1.24844,1.247565,1.24848
2017-10-18 11:00:00,1.24768,1.24766,1.24761,1.24797
2017-10-18 11:01:00,1.24775,1.24767,1.24743,1.24812
2017-10-18 11:02:00,1.247745,1.247695,1.247575,1.247945
2017-10-18 11:03:00,1.248005,1.247695,1.247655,1.248075
2017-10-18 11:04:00,1.24801,1.247995,1.247885,1.248475
2017-10-18 11:05:00,1.24801,1.24801,1.24788,1.24815
2017-10-18 11:06:00,1.247915,1.24806,1.247785,1.24807
2017-10-18 11:07:00,1.248225,1.24794,1.2479,1.248265
2017-10-18 11:08:00,1.248295,1.24823,1.24816,1.24841
2017-10-18 11:09:00,1.248365,1.2483,1.248085,1.248365
2017-10-18 11:10:00,1.248255,1.248395,1.24816,1.248395
2017-10-18 11:11:00,1.24844,1.248285,1.248285,1.248635
2017-10-18 11:12:00,1.24854,1.248495,1.24848,1.24866
2017-10-18 11:13:00,1.248615,1.24855,1.248495,1.24862
2017-10-18 11:14:00,1.2486,1.24861,1.24851,1.248695
2017-10-18 11:15:00,1.248825,1.248655,1.248655,1.24888
2017-10-18 11:16:00,1.249035,1.24881,1.24874,1.24906
2017-10-18 11:17:00,1.24925,1.249035,1.248995,1.24934
2017-10-18 11:18:00,1.249405,1.249255,1.24916,1.249425
2017-10-18 11:19:00,1.249195,1.2494,1.249135,1.249495
2017-10-18 11:20:00,1.24927,1.2492,1.249025,1.249275
2017-10-18 11:21:00,1.24892,1.24928,1.248875,1.249285
2017-10-18 11:22:00,1.248775,1.24892,1.248675,1.248925
2017-10-18 11:23:00,1.24875,1.24877,1.24874,1.248965
2017-10-18 11:24:00,1.24876,1.248805,1.248755,1.248805
2017-10-18 11:25:00,1.248885,1.24874,1.2487,1.24903
2017-10-18 11:26:00,1.24897,1.24888,1.248845,1.249025
2017-10-18 11:27:00,1.24883,1.24901,1.24879,1.249065
2017-10-18 11:28:00,1.2489,1.248805,1.24877,1.24892
2017-10-18 11:29:00,1.24897,1.248895,1.248895,1.24903
2017-10-18 11:30:00,1.249215,1.24896,1.24896,1.249345
2017-10-18 11:31:00,1.24951,1.24919,1.24917,1.24952
2017-10-18 11:32:00,1.24929,1.249565,1.24925,1.24963
2017-10-18 11:33:00,1.24936,1.249285,1.24925,1.249385
2017-10-18 11:34:00,1.24912,1.249345,1.24912,1.249345
2017-10-18 11:35:00,1.249305,1.24915,1.24915,1.249335
2017-10-18 11:36:00,1.24914,1.2493,1.249115,1.24941
2017-10-18 11:37:00,1.24911,1.249085,1.24901,1.249185
2017-10-18 11:38:00,1.249015,1.24911,1.248945,1.249125
2017-10-18 11:39:00,1.24931,1.248995,1.248995,1.249355
2017-10-18 11:40:00,1.249215,1.24936,1.249175,1.249365
2017-10-18 11:41:00,1.249235,1.2492,1.249195,1.24936
2017-10-18 11:42:00,1.24935,1.249295,1.249295,1.249365
2017-10-18 11:43:00,1.249105,1.249325,1.2491,1.249325
2017-10-18 11:44:00,1.24906,1.2491,1.249015,1.249105
2017-10-18 11:45:00,1.249155,1.24908,1.24908,1.249225
2017-10-18 11:46:00,1.24904,1.249155,1.249025,1.2492
2017-10-18 11:47:00,1.24895,1.249045,1.24892,1.24919
2017-10-18 11:48:00,1.24873,1.248945,1.248705,1.24902
2017-10-18 11:49:00,1.248865,1.24868,1.248585,1.248925
2017-10-18 11:50:00,1.24858,1.248855,1.248555,1.24886
2017-10-18 11:51:00,1.24841,1.24856,1.2483,1.248605
2017-10-18 11:52:00,1.248285,1.248345,1.24826,1.24847
2017-10-18 11:53:00,1.248245,1.248265,1.24801,1.248395
2017-10-18 11:54:00,1.24807,1.248245,1.248035,1.248445
2017-10-18 11:55:00,1.248305,1.248075,1.24806,1.24839
2017-10-18 11:56:00,1.248245,1.2483,1.24817,1.2484
2017-10-18 11:57:00,1.247805,1.24825,1.24765,1.24825
2017-10-18 11:58:00,1.247545,1.24778,1.247515,1.24778
2017-10-18 11:59:00,1.247515,1.24754,1.24718,1.247635
2017-10-18 12:00:00,1.2474,1.2475,1.247335,1.24762
2017-10-18 12:01:00,1.247475,1.247415,1.247325,1.247485
2017-10-18 12:02:00,1.247315,1.24752,1.247315,1.247645
2017-10-18 12:03:00,1.247325,1.24732,1.24725,1.247385
2017-10-18 12:04:00,1.24748,1.247335,1.24731,1.24761
2017-10-18 12:05:00,1.24746,1.247485,1.24737,1.247515
2017-10-18 12:06:00,1.247425,1.24747,1.247385,1.247545
2017-10-18 12:07:00,1.24748,1.24745,1.247255,1.247485
2017-10-18 12:08:00,1.247485,1.24745,1.24738,1.247515
2017-10-18 12:09:00,1.24753,1.24746,1.247405,1.24758
2017-10-18 12:10:00,1.24762,1.2476,1.24755,1.24779
2017-10-18 12:11:00,1.24754,1.24759,1.24739,1.247755
2017-10-18 12:12:00,1.247555,1.24753,1.24752,1.24769
2017-10-18 12:13:00,1.247505,1.24753,1.247485,1.247635
2017-10-18 12:14:00,1.2477,1.247495,1.247465,1.24777
2017-10-18 12:15:00,1.24773,1.24773,1.24769,1.24782
2017-10-18 12:16:00,1.24777,1.24776,1.247725,1.24782
2017-10-18 12:17:00,1.247325,1.24775,1.24731,1.24775
2017-10-18 12:18:00,1.247335,1.24733,1.24726,1.24741
2017-10-18 12:19:00,1.24717,1.247315,1.24716,1.24735
2017-10-18 12:20:00,1.247215,1.24714,1.247115,1.247215
2017-10-18 12:21:00,1.246925,1.24724,1.246645,1.24727
2017-10-18 12:22:00,1.24747,1.246925,1.246875,1.24758
2017-10-18 12:23:00,1.247535,1.247475,1.24734,1.247585
2017-10-18 12:24:00,1.247705,1.247525,1.24751,1.24777
2017-10-18 12:25:00,1.24754,1.24768,1.247465,1.24768
2017-10-18 12:26:00,1.24756,1.247545,1.247355,1.24757
2017-10-18 12:27:00,1.24748,1.2476,1.24748,1.24762
2017-10-18 12:28:00,1.247395,1.24748,1.247395,1.24749
2017-10-18 12:29:00,1.247485,1.247405,1.247235,1.24749
2017-10-18 12:30:00,1.24746,1.247485,1.24733,1.24749
2017-10-18 12:31:00,1.247255,1.247465,1.24718,1.24748
2017-10-18 12:32:00,1.24713,1.247255,1.24713,1.247285
2017-10-18 12:33:00,1.24761,1.24715,1.24715,1.24761
2017-10-18 12:34:00,1.247515,1.247635,1.24751,1.247685
2017-10-18 12:35:00,1.247395,1.247495,1.247385,1.24751
2017-10-18 12:36:00,1.2476,1.247395,1.247395,1.2476
2017-10-18 12:37:00,1.247635,1.247655,1.24762,1.2477
2017-10-18 12:38:00,1.247685,1.247615,1.2476,1.247715
2017-10-18 12:39:00,1.2476,1.24769,1.24754,1.24769
2017-10-18 12:40:00,1.247825,1.247575,1.247575,1.24796
2017-10-18 12:41:00,1.247765,1.247765,1.247665,1.24777
2017-10-18 12:42:00,1.247635,1.24777,1.247635,1.247775
2017-10-18 12:43:00,1.247625,1.24764,1.24758,1.247705
2017-10-18 12:44:00,1.2478,1.24763,1.247595,1.247805
2017-10-18 12:45:00,1.24776,1.24785,1.24776,1.248035
2017-10-18 12:46:00,1.247815,1.24774,1.247635,1.24782
2017-10-18 12:47:00,1.24798,1.24781,1.24781,1.24798
2017-10-18 12:48:00,1.247805,1.247975,1.247765,1.24798
2017-10-18 12:49:00,1.247825,1.24781,1.24779,1.24784
2017-10-18 12:50:00,1.247825,1.24783,1.247755,1.24788
2017-10-18 12:51:00,1.24773,1.247765,1.247725,1.247765
2017-10-18 12:52:00,1.247905,1.247735,1.247735,1.24791
2017-10-18 12:53:00,1.247945,1.2479,1.24784,1.24799
2017-10-18 12:54:00,1.247775,1.247895,1.247775,1.247895
2017-10-18 12:55:00,1.247715,1.24778,1.247705,1.24778
2017-10-18 12:56:00,1.247975,1.24771,1.24769,1.24798
2017-10-18 12:57:00,1.248235,1.24797,1.24796,1.248315
2017-10-18 12:58:00,1.24831,1.248225,1.24822,1.24836
2017-10-18 12:59:00,1.24846,1.248305,1.248285,1.24847
2017-10-18 13:00:00,1.24853,1.248455,1.24845,1.248575
2017-10-18 13:01:00,1.248455,1.248475,1.24838,1.248505
2017-10-18 13:02:00,1.248395,1.248445,1.248315,1.24847
2017-10-18 13:03:00,1.248325,1.248365,1.248305,1.24838
2017-10-18 13:04:00,1.248135,1.24827,1.248135,1.24828
2017-10-18 13:05:00,1.248115,1.248115,1.248115,1.248115
2017-10-18 13:06:00,1.24806,1.24809,1.24806,1.248135
2017-10-18 13:07:00,1.24809,1.248085,1.24799,1.2481
2017-10-18 13:08:00,1.248325,1.24814,1.24814,1.248345
2017-10-18 13:09:00,1.24831,1.24831,1.24822,1.248355
2017-10-18 13:10:00,1.248245,1.248305,1.248245,1.24836
2017-10-18 13:11:00,1.248055,1.248255,1.248025,1.248255
2017-10-18 13:12:00,1.24799,1.24806,1.24778,1.24806
2017-10-18 13:13:00,1.247845,1.24798,1.247775,1.248015
2017-10-18 13:14:00,1.247905,1.24782,1.24776,1.247905
2017-10-18 13:15:00,1.24777,1.247895,1.24776,1.247895
2017-10-18 13:16:00,1.24781,1.24777,1.247735,1.24786
2017-10-18 13:17:00,1.247835,1.247795,1.24775,1.24787
2017-10-18 13:18:00,1.247945,1.24785,1.247775,1.247945
2017-10-18 13:19:00,1.24794,1.247935,1.24788,1.248
2017-10-18 13:20:00,1.24781,1.247945,1.24777,1.247945
2017-10-18 13:21:00,1.247835,1.24781,1.247795,1.24786
2017-10-18 13:22:00,1.24788,1.24788,1.24787,1.24795
2017-10-18 13:23:00,1.248035,1.247885,1.24787,1.248035
2017-10-18 13:24:00,1.248005,1.248005,1.248,1.248095
2017-10-18 13:25:00,1.24802,1.248015,1.24799,1.248045
2017-10-18 13:26:00,1.248075,1.248025,1.24802,1.248075
2017-10-18 13:27:00,1.24801,1.24808,1.248005,1.24808
2017-10-18 13:28:00,1.248095,1.248015,1.247995,1.248095
2017-10-18 13:29:00,1.24808,1.2481,1.248045,1.248115
2017-10-18 13:30:00,1.248085,1.248085,1.24807,1.2481
2017-10-18 13:31:00,1.248145,1.24813,1.24813,1.24828
2017-10-18 13:32:00,1.2482,1.248145,1.24813,1.2482
2017-10-18 13:33:00,1.248325,1.248215,1.248215,1.248325
2017-10-18 13:34:00,1.24814,1.24832,1.248135,1.248325
2017-10-18 13:35:00,1.248215,1.24814,1.248135,1.24834
2017-10-18 13:36:00,1.2482,1.24821,1.2482,1.248215
2017-10-18 13:37:00,1.24821,1.248195,1.248165,1.248215
2017-10-18 13:38:00,1.24827,1.248215,1.248205,1.248275
2017-10-18 13:39:00,1.248245,1.248265,1.24822,1.248285
2017-10-18 13:40:00,1.248145,1.24825,1.24814,1.24825
2017-10-18 13:41:00,1.247585,1.248205,1.24753,1.248205
2017-10-18 13:42:00,1.247275,1.247595,1.24721,1.247685
2017-10-18 13:43:00,1.2474,1.24727,1.247245,1.24747
2017-10-18 13:44:00,1.247235,1.247405,1.247175,1.247405
2017-10-18 13:45:00,1.247285,1.24728,1.24723,1.247325
2017-10-18 13:46:00,1.24732,1.247345,1.24724,1.24736
2017-10-18 13:47:00,1.247335,1.247315,1.24729,1.247335
2017-10-18 13:48:00,1.24736,1.24736,1.24736,1.24736
2017-10-18 13:49:00,1.247445,1.247405,1.247405,1.24747
2017-10-18 13:50:00,1.247445,1.247405,1.247405,1.24747
2017-10-18 13:51:00,1.247625,1.24749,1.24749,1.24764
2017-10-18 13:52:00,1.247565,1.24763,1.24753,1.24764
2017-10-18 13:53:00,1.247565,1.24757,1.247555,1.247605
2017-10-18 13:54:00,1.24708,1.24756,1.246905,1.247615
2017-10-18 13:55:00,1.24653,1.247085,1.24651,1.247095
2017-10-18 13:56:00,1.247065,1.24654,1.246365,1.24715
2017-10-18 13:57:00,1.247255,1.247065,1.24705,1.24727
2017-10-18 13:58:00,1.24718,1.24726,1.24717,1.24729
2017-10-18 13:59:00,1.24692,1.247235,1.24692,1.24724
2017-10-18 14:00:00,1.246965,1.246905,1.24686,1.246995
2017-10-18 14:01:00,1.246805,1.24696,1.24667,1.24703
2017-10-18 14:02:00,1.246845,1.24681,1.246765,1.247025
2017-10-18 14:03:00,1.247025,1.24684,1.2468,1.247045
2017-10-18 14:04:00,1.24698,1.24703,1.246885,1.247035
2017-10-18 14:05:00,1.247165,1.24703,1.24703,1.247165
2017-10-18 14:06:00,1.24726,1.24717,1.247125,1.247325
2017-10-18 14:07:00,1.247015,1.24723,1.24698,1.24723
2017-10-18 14:08:00,1.24718,1.24701,1.24699,1.2472
2017-10-18 14:09:00,1.247165,1.24719,1.24713,1.2473
2017-10-18 14:10:00,1.24706,1.24717,1.247045,1.247185
2017-10-18 14:11:00,1.247295,1.247115,1.247105,1.247335
2017-10-18 14:12:00,1.247295,1.2473,1.247295,1.2473
2017-10-18 14:13:00,1.247405,1.247345,1.247345,1.247405
2017-10-18 14:14:00,1.24748,1.247385,1.24738,1.247535
2017-10-18 14:15:00,1.24719,1.247485,1.24717,1.247485
2017-10-18 14:16:00,1.247155,1.247195,1.247095,1.24723
2017-10-18 14:17:00,1.24713,1.24715,1.24706,1.247155
2017-10-18 14:18:00,1.247135,1.24711,1.24708,1.24714
2017-10-18 14:19:00,1.24738,1.24716,1.247155,1.24742
2017-10-18 14:20:00,1.24738,1.247395,1.2473,1.247395
2017-10-18 14:21:00,1.247505,1.247435,1.247435,1.24757
2017-10-18 14:22:00,1.2473,1.24749,1.24728,1.247495
2017-10-18 14:23:00,1.24722,1.247245,1.247215,1.247285
2017-10-18 14:24:00,1.24716,1.247165,1.247145,1.24721
2017-10-18 14:25:00,1.247285,1.247155,1.247145,1.247285
2017-10-18 14:26:00,1.247365,1.24726,1.24725,1.24742
2017-10-18 14:27:00,1.24708,1.24731,1.24706,1.24731
2017-10-18 14:28:00,1.24698,1.24706,1.246975,1.247145
2017-10-18 14:29:00,1.247005,1.24698,1.246945,1.247095
2017-10-18 14:30:00,1.246895,1.246995,1.24689,1.247065
2017-10-18 14:31:00,1.24672,1.246885,1.24672,1.246895
2017-10-18 14:32:00,1.24665,1.246725,1.24652,1.246805
2017-10-18 14:33:00,1.246845,1.246645,1.24664,1.246845
2017-10-18 14:34:00,1.246945,1.246825,1.246825,1.246965
2017-10-18 14:35:00,1.247075,1.247,1.247,1.24721
2017-10-18 14:36:00,1.247105,1.24708,1.247075,1.247105
2017-10-18 14:37:00,1.247395,1.24715,1.247135,1.2474
2017-10-18 14:38:00,1.247355,1.24739,1.247355,1.247395
2017-10-18 14:39:00,1.247345,1.24738,1.247325,1.24738
2017-10-18 14:40:00,1.24718,1.24729,1.24714,1.2473
2017-10-18 14:41:00,1.24721,1.247235,1.24718,1.24729
2017-10-18 14:42:00,1.24685,1.247205,1.246825,1.24722
2017-10-18 14:43:00,1.246695,1.24685,1.24666,1.246855
2017-10-18 14:44:00,1.24677,1.246695,1.246695,1.246815
2017-10-18 14:45:00,1.246865,1.24682,1.246775,1.246885
2017-10-18 14:46:00,1.246865,1.24684,1.246795,1.24693
2017-10-18 14:47:00,1.246835,1.24689,1.246835,1.24697
2017-10-18 14:48:00,1.246925,1.24684,1.24683,1.246925
2017-10-18 14:49:00,1.247035,1.246905,1.24688,1.247065
2017-10-18 14:50:00,1.247125,1.247085,1.247045,1.24718
2017-10-18 14:51:00,1.24705,1.247115,1.247045,1.247125
2017-10-18 14:52:00,1.24668,1.247045,1.24668,1.247055
2017-10-18 14:53:00,1.246775,1.246725,1.24669,1.24679
2017-10-18 14:54:00,1.246945,1.24676,1.246725,1.24695
2017-10-18 14:55:00,1.24687,1.246945,1.246815,1.246955
2017-10-18 14:56:00,1.24675,1.246875,1.246715,1.24688
2017-10-18 14:57:00,1.24689,1.246745,1.24674,1.2469
2017-10-18 14:58:00,1.246335,1.246835,1.24632,1.246885
2017-10-18 14:59:00,1.246505,1.24636,1.246205,1.24656
2017-10-18 15:00:00,1.24636,1.246525,1.246275,1.246625
2017-10-18 15:01:00,1.24661,1.24632,1.246235,1.246655
2017-10-18 15:02:00,1.246695,1.24666,1.24663,1.246695
2017-10-18 15:03:00,1.246885,1.246745,1.246735,1.24693
2017-10-18 15:04:00,1.246885,1.24688,1.24686,1.24691
2017-10-18 15:05:00,1.246875,1.246875,1.24681,1.2469
2017-10-18 15:06:00,1.246965,1.24688,1.246865,1.246965
2017-10-18 15:07:00,1.24712,1.2469,1.246895,1.24713
2017-10-18 15:08:00,1.247185,1.247125,1.24707,1.24719
2017-10-18 15:09:00,1.24724,1.247205,1.247165,1.247385
2017-10-18 15:10:00,1.24706,1.24722,1.24706,1.24722
2017-10-18 15:11:00,1.246995,1.247005,1.24694,1.247035
2017-10-18 15:12:00,1.24687,1.24699,1.24686,1.247095
2017-10-18 15:13:00,1.24697,1.24687,1.246855,1.246975
2017-10-18 15:14:00,1.24691,1.246955,1.246885,1.246955
2017-10-18 15:15:00,1.24695,1.2469,1.24689,1.246975
2017-10-18 15:16:00,1.24701,1.247,1.247,1.247015
2017-10-18 15:17:00,1.246925,1.24706,1.246915,1.24707
2017-10-18 15:18:00,1.246725,1.24692,1.246715,1.24702
2017-10-18 15:19:00,1.24655,1.24674,1.246535,1.246775
2017-10-18 15:20:00,1.2466,1.24654,1.24654,1.24668
2017-10-18 15:21:00,1.24659,1.246595,1.246575,1.246615
2017-10-18 15:22:00,1.24644,1.246595,1.246325,1.246595
2017-10-18 15:23:00,1.24661,1.24645,1.246435,1.246625
2017-10-18 15:24:00,1.24676,1.24666,1.24666,1.2469
2017-10-18 15:25:00,1.24678,1.246815,1.24678,1.24688
2017-10-18 15:26:00,1.24683,1.246835,1.246825,1.24685
2017-10-18 15:27:00,1.246925,1.246835,1.24683,1.246955
2017-10-18 15:28:00,1.246655,1.246925,1.24652,1.24697
2017-10-18 15:29:00,1.246825,1.24666,1.24666,1.246885
2017-10-18 15:30:00,1.24686,1.246815,1.24681,1.24692
2017-10-18 15:31:00,1.24687,1.246915,1.246855,1.24694
2017-10-18 15:32:00,1.24666,1.24688,1.246415,1.246885
2017-10-18 15:33:00,1.246535,1.246655,1.24646,1.246665
2017-10-18 15:34:00,1.24647,1.24654,1.246335,1.24655
2017-10-18 15:35:00,1.24638,1.246525,1.246375,1.246595
2017-10-18 15:36:00,1.246545,1.246435,1.24643,1.246545
2017-10-18 15:37:00,1.24652,1.24652,1.24647,1.246525
2017-10-18 15:38:00,1.246465,1.246515,1.246455,1.246515
2017-10-18 15:39:00,1.24644,1.246475,1.2464,1.246485
2017-10-18 15:40:00,1.24638,1.24641,1.24636,1.24641
2017-10-18 15:41:00,1.24632,1.246435,1.24632,1.24645
2017-10-18 15:42:00,1.246175,1.246265,1.246025,1.246275
2017-10-18 15:43:00,1.246215,1.246125,1.24604,1.24625
2017-10-18 15:44:00,1.246385,1.24622,1.246205,1.24642
2017-10-18 15:45:00,1.246305,1.246405,1.246305,1.246475
2017-10-18 15:46:00,1.24631,1.246285,1.246285,1.246395
2017-10-18 15:47:00,1.246185,1.24631,1.246155,1.246325
2017-10-18 15:48:00,1.24598,1.246185,1.24591,1.2462
2017-10-18 15:49:00,1.24598,1.24597,1.245905,1.24598
2017-10-18 15:50:00,1.24607,1.24595,1.24591,1.24609
2017-10-18 15:51:00,1.24629,1.246075,1.246075,1.24631
2017-10-18 15:52:00,1.24628,1.2463,1.246185,1.2463
2017-10-18 15:53:00,1.246305,1.246275,1.246275,1.246305
2017-10-18 15:54:00,1.246285,1.246285,1.246285,1.246285
2017-10-18 15:55:00,1.24644,1.24626,1.246235,1.24644
2017-10-18 15:56:00,1.246415,1.246385,1.246355,1.246425
2017-10-18 15:57:00,1.24638,1.246475,1.24638,1.24648
2017-10-18 15:58:00,1.246275,1.246375,1.246225,1.246425
2017-10-18 15:59:00,1.24631,1.24633,1.246305,1.246495
2017-10-18 16:00:00,1.24641,1.246365,1.24631,1.24645
2017-10-18 16:01:00,1.246085,1.24639,1.246085,1.24651
2017-10-18 16:02:00,1.24606,1.246075,1.24606,1.24618
2017-10-18 16:03:00,1.246135,1.24608,1.24608,1.246135
2017-10-18 16:04:00,1.246025,1.24608,1.245995,1.24612
2017-10-18 16:05:00,1.246055,1.24602,1.24602,1.24607
2017-10-18 16:06:00,1.24596,1.246025,1.245905,1.24603
2017-10-18 16:07:00,1.245955,1.245985,1.245915,1.24608
2017-10-18 16:08:00,1.24593,1.2459,1.24584,1.245975
2017-10-18 16:09:00,1.245895,1.24594,1.245895,1.245975
2017-10-18 16:10:00,1.245915,1.245915,1.24581,1.24596
2017-10-18 16:11:00,1.24597,1.245925,1.24587,1.246
2017-10-18 16:12:00,1.24598,1.24598,1.245975,1.245995
2017-10-18 16:13:00,1.246015,1.24598,1.24594,1.24608
2017-10-18 16:14:00,1.24608,1.24602,1.246015,1.246115
2017-10-18 16:15:00,1.24601,1.2461,1.245965,1.24611
2017-10-18 16:16:00,1.24611,1.246065,1.246045,1.24615
2017-10-18 16:17:00,1.245945,1.24612,1.2459,1.246145
2017-10-18 16:18:00,1.24594,1.24595,1.245865,1.245965
2017-10-18 16:19:00,1.24593,1.245935,1.245905,1.245945
2017-10-18 16:20:00,1.245915,1.245935,1.245915,1.245945
2017-10-18 16:21:00,1.246025,1.24594,1.24594,1.246045
2017-10-18 16:22:00,1.24601,1.24603,1.245985,1.246035
2017-10-18 16:23:00,1.24602,1.24599,1.24595,1.246055
2017-10-18 16:24:00,1.24599,1.246015,1.24592,1.246075
2017-10-18 16:25:00,1.24603,1.245985,1.24594,1.24606
2017-10-18 16:26:00,1.246075,1.24603,1.246005,1.246075
2017-10-18 16:27:00,1.24612,1.24613,1.2461,1.246165
2017-10-18 16:28:00,1.246145,1.24617,1.246145,1.24618
2017-10-18 16:29:00,1.246055,1.2462,1.246055,1.24624
2017-10-18 16:30:00,1.24603,1.24604,1.24598,1.24604
2017-10-18 16:31:00,1.24627,1.246005,1.24598,1.246295
2017-10-18 16:32:00,1.246275,1.246275,1.246265,1.2463
2017-10-18 16:33:00,1.24628,1.24629,1.24627,1.24631
2017-10-18 16:34:00,1.24621,1.246275,1.24616,1.24628
2017-10-18 16:35:00,1.24619,1.24622,1.24615,1.246225
2017-10-18 16:36:00,1.24622,1.246205,1.24618,1.24625
2017-10-18 16:37:00,1.246325,1.246275,1.24624,1.24633
2017-10-18 16:38:00,1.246355,1.246335,1.24633,1.246415
2017-10-18 16:39:00,1.24631,1.24636,1.24626,1.246365
2017-10-18 16:40:00,1.24628,1.246305,1.24628,1.24632
2017-10-18 16:41:00,1.24628,1.246305,1.24628,1.24632
2017-10-18 16:42:00,1.24626,1.24626,1.24626,1.24626
2017-10-18 16:43:00,1.24626,1.24626,1.24626,1.24626
2017-10-18 16:44:00,1.24632,1.24631,1.24629,1.246325
2017-10-18 16:45:00,1.246285,1.246325,1.24628,1.24636
2017-10-18 16:46:00,1.246235,1.246285,1.246235,1.24629
2017-10-18 16:47:00,1.24626,1.246185,1.246175,1.24626
2017-10-18 16:48:00,1.246435,1.24631,1.246295,1.246435
2017-10-18 16:49:00,1.246555,1.24643,1.24643,1.246575
2017-10-18 16:50:00,1.246535,1.24661,1.246505,1.246665
2017-10-18 16:51:00,1.246535,1.24661,1.246505,1.246665
2017-10-18 16:52:00,1.246555,1.24655,1.246545,1.246555
2017-10-18 16:53:00,1.246555,1.24655,1.246545,1.246555
2017-10-18 16:54:00,1.24667,1.24662,1.2466,1.24667
2017-10-18 16:55:00,1.24654,1.24669,1.24647,1.246695
2017-10-18 16:56:00,1.246675,1.24654,1.24648,1.2467
2017-10-18 16:57:00,1.24671,1.24662,1.24659,1.24675
2017-10-18 16:58:00,1.24675,1.246685,1.24658,1.24677
2017-10-18 17:04:00,1.24674,1.24674,1.24674,1.24674
2017-10-18 17:05:00,1.246635,1.24652,1.24636,1.24684
2017-10-18 17:06:00,1.246635,1.24652,1.24636,1.24684
2017-10-18 17:07:00,1.246605,1.246525,1.246525,1.246605
2017-10-18 17:08:00,1.246605,1.246525,1.246525,1.246605
2017-10-18 17:09:00,1.246605,1.246525,1.246525,1.246605
2017-10-18 17:10:00,1.246555,1.24658,1.246555,1.24658
2017-10-18 17:11:00,1.246555,1.24658,1.246555,1.24658
2017-10-18 17:12:00,1.246555,1.24658,1.246555,1.24658
2017-10-18 17:13:00,1.246555,1.24658,1.246555,1.24658
2017-10-18 17:14:00,1.246555,1.24658,1.246555,1.24658
2017-10-18 17:15:00,1.246555,1.24658,1.246555,1.24658
2017-10-18 17:16:00,1.246445,1.24653,1.24641,1.24653
2017-10-18 17:17:00,1.246445,1.24653,1.24641,1.24653
2017-10-18 17:18:00,1.246445,1.24653,1.24641,1.24653
2017-10-18 17:19:00,1.246445,1.24653,1.24641,1.24653
2017-10-18 17:20:00,1.246445,1.24653,1.24641,1.24653
2017-10-18 17:21:00,1.246445,1.24653,1.24641,1.24653
2017-10-18 17:22:00,1.246535,1.246525,1.246515,1.24654
2017-10-18 17:23:00,1.246535,1.246525,1.246515,1.24654
2017-10-18 17:24:00,1.246535,1.246525,1.246525,1.246535
2017-10-18 17:25:00,1.246475,1.246535,1.24647,1.24654
2017-10-18 17:26:00,1.2464,1.24647,1.24638,1.246495
2017-10-18 17:27:00,1.24649,1.24637,1.24637,1.246505
2017-10-18 17:28:00,1.2464,1.2464,1.2464,1.2464
2017-10-18 17:29:00,1.2464,1.2464,1.2464,1.2464
2017-10-18 17:30:00,1.24628,1.24636,1.24628,1.24636
2017-10-18 17:31:00,1.246055,1.246235,1.245895,1.246345
2017-10-18 17:32:00,1.246055,1.245965,1.245905,1.246125
2017-10-18 17:33:00,1.24605,1.246045,1.24604,1.24606
2017-10-18 17:34:00,1.246015,1.24606,1.24598,1.246065
2017-10-18 17:35:00,1.24597,1.2459,1.245895,1.24597
2017-10-18 17:36:00,1.246,1.245995,1.24598,1.246075
2017-10-18 17:37:00,1.246005,1.245985,1.245975,1.24602
2017-10-18 17:38:00,1.246045,1.246055,1.246035,1.2462
2017-10-18 17:39:00,1.246045,1.246055,1.246035,1.2462
2017-10-18 17:40:00,1.246045,1.246055,1.246035,1.2462
2017-10-18 17:41:00,1.246045,1.246055,1.246035,1.2462
2017-10-18 17:42:00,1.24628,1.24613,1.24609,1.246305
2017-10-18 17:43:00,1.24629,1.246285,1.246285,1.24629
2017-10-18 17:44:00,1.246285,1.246285,1.246285,1.246285
2017-10-18 17:45:00,1.246265,1.246295,1.24622,1.246365
2017-10-18 17:46:00,1.246285,1.246275,1.24627,1.246285
2017-10-18 17:47:00,1.246285,1.24629,1.24628,1.246305
2017-10-18 17:48:00,1.24629,1.24628,1.246275,1.246295
2017-10-18 17:49:00,1.246305,1.24631,1.246285,1.24636
2017-10-18 17:50:00,1.246315,1.246305,1.24629,1.24633
2017-10-18 17:51:00,1.24628,1.246305,1.246275,1.24631
2017-10-18 17:52:00,1.24627,1.246275,1.246255,1.246275
2017-10-18 17:53:00,1.24628,1.246275,1.246275,1.24628
2017-10-18 17:54:00,1.24627,1.24626,1.246255,1.24628
2017-10-18 17:55:00,1.246265,1.24627,1.24626,1.246275
2017-10-18 17:56:00,1.24621,1.246265,1.24621,1.24628
2017-10-18 17:57:00,1.24623,1.24623,1.24623,1.24623
2017-10-18 17:58:00,1.246155,1.246155,1.24615,1.24617
2017-10-18 17:59:00,1.246155,1.246155,1.24613,1.246155
2017-10-18 18:00:00,1.246165,1.246145,1.24613,1.246185
2017-10-18 18:01:00,1.24633,1.24616,1.24614,1.246415
2017-10-18 18:02:00,1.246265,1.2463,1.246255,1.24632
2017-10-18 18:03:00,1.246255,1.24628,1.24625,1.24628
2017-10-18 18:04:00,1.24627,1.24625,1.2462,1.246295
2017-10-18 18:05:00,1.246275,1.246275,1.246245,1.246285
2017-10-18 18:06:00,1.246315,1.246275,1.24621,1.246325
2017-10-18 18:07:00,1.24631,1.24632,1.246295,1.24633
2017-10-18 18:08:00,1.246305,1.246315,1.24627,1.246335
2017-10-18 18:09:00,1.24631,1.2463,1.246295,1.24633
2017-10-18 18:10:00,1.24628,1.246305,1.246275,1.246325
2017-10-18 18:11:00,1.246305,1.246285,1.24623,1.246305
2017-10-18 18:12:00,1.24637,1.246325,1.246305,1.246395
2017-10-18 18:13:00,1.24641,1.246385,1.24638,1.24643
2017-10-18 18:14:00,1.24644,1.24641,1.246375,1.24644
2017-10-18 18:15:00,1.24642,1.246465,1.24642,1.246475
2017-10-18 18:16:00,1.24645,1.24645,1.24645,1.24645
2017-10-18 18:17:00,1.24641,1.24647,1.24639,1.24647
2017-10-18 18:18:00,1.246445,1.24641,1.246405,1.246445
2017-10-18 18:19:00,1.246495,1.246425,1.246425,1.246505
2017-10-18 18:20:00,1.24645,1.246485,1.24645,1.246495
2017-10-18 18:21:00,1.24643,1.246455,1.24641,1.246455
2017-10-18 18:22:00,1.24643,1.246435,1.246425,1.24645
2017-10-18 18:23:00,1.246525,1.24644,1.24642,1.24658
2017-10-18 18:24:00,1.246515,1.24651,1.246495,1.24661
2017-10-18 18:25:00,1.246515,1.246525,1.246485,1.246555
2017-10-18 18:26:00,1.246525,1.246515,1.24649,1.246555
2017-10-18 18:27:00,1.246545,1.24652,1.246425,1.246595
2017-10-18 18:28:00,1.24649,1.24653,1.24649,1.24657
2017-10-18 18:29:00,1.24651,1.24647,1.24647,1.246535
2017-10-18 18:30:00,1.24651,1.246515,1.246495,1.246545
2017-10-18 18:31:00,1.246505,1.246505,1.24649,1.24654
2017-10-18 18:32:00,1.246525,1.246505,1.246485,1.24658
2017-10-18 18:33:00,1.246595,1.24658,1.246545,1.24661
2017-10-18 18:34:00,1.24659,1.24659,1.24658,1.246615
2017-10-18 18:35:00,1.246595,1.2466,1.24659,1.2466
2017-10-18 18:36:00,1.24643,1.246595,1.246425,1.246595
2017-10-18 18:37:00,1.246355,1.24644,1.24634,1.246455
2017-10-18 18:38:00,1.246285,1.246345,1.246255,1.24637
2017-10-18 18:39:00,1.246365,1.246285,1.24625,1.24639
2017-10-18 18:40:00,1.246425,1.246415,1.24638,1.24645
2017-10-18 18:41:00,1.246435,1.24643,1.24641,1.24646
2017-10-18 18:42:00,1.246435,1.24644,1.24641,1.246455
2017-10-18 18:43:00,1.246405,1.24642,1.24638,1.24645
2017-10-18 18:44:00,1.246395,1.24641,1.24637,1.24643
2017-10-18 18:45:00,1.2464,1.24639,1.246375,1.24643
2017-10-18 18:46:00,1.2464,1.24641,1.24637,1.246415
2017-10-18 18:47:00,1.24641,1.246395,1.24637,1.246425
2017-10-18 18:48:00,1.24641,1.2464,1.246385,1.246445
2017-10-18 18:49:00,1.24641,1.246415,1.246395,1.24643
2017-10-18 18:50:00,1.246425,1.24641,1.24639,1.246445
2017-10-18 18:51:00,1.24643,1.24642,1.2464,1.246445
2017-10-18 18:52:00,1.246415,1.24642,1.246375,1.246445
2017-10-18 18:53:00,1.24638,1.24642,1.24637,1.24644
2017-10-18 18:54:00,1.24641,1.24637,1.246355,1.24645
2017-10-18 18:55:00,1.246475,1.246405,1.24639,1.24652
2017-10-18 18:56:00,1.246485,1.246495,1.24646,1.24654
2017-10-18 18:57:00,1.246505,1.24646,1.24646,1.24653
2017-10-18 18:58:00,1.2465,1.2465,1.246485,1.24652
2017-10-18 18:59:00,1.246485,1.246515,1.246465,1.24653
2017-10-18 19:00:00,1.246515,1.24651,1.246435,1.246545
2017-10-18 19:01:00,1.24644,1.2465,1.24642,1.24652
2017-10-18 19:02:00,1.246325,1.246445,1.24632,1.246445
2017-10-18 19:03:00,1.24638,1.246335,1.246335,1.24641
2017-10-18 19:04:00,1.246375,1.24637,1.246335,1.246405
2017-10-18 19:05:00,1.246425,1.24639,1.246375,1.246445
2017-10-18 19:06:00,1.24641,1.24643,1.246375,1.24644
2017-10-18 19:07:00,1.246445,1.24641,1.246385,1.24647
2017-10-18 19:08:00,1.24643,1.246455,1.246415,1.24646
2017-10-18 19:09:00,1.24643,1.246435,1.246405,1.246445
2017-10-18 19:10:00,1.24647,1.246435,1.24638,1.246485
2017-10-18 19:11:00,1.24632,1.246475,1.24632,1.246485
2017-10-18 19:12:00,1.24632,1.246475,1.24632,1.246485
2017-10-18 19:13:00,1.246365,1.246375,1.246345,1.246395
2017-10-18 19:14:00,1.24634,1.246365,1.24634,1.246375
2017-10-18 19:15:00,1.246335,1.246335,1.24631,1.246355
2017-10-18 19:16:00,1.24638,1.246335,1.246305,1.246425
2017-10-18 19:17:00,1.24643,1.24643,1.24643,1.24643
2017-10-18 19:18:00,1.24643,1.24643,1.24643,1.24643
2017-10-18 19:19:00,1.246445,1.246485,1.24644,1.246495
2017-10-18 19:20:00,1.24638,1.246445,1.246375,1.246445
2017-10-18 19:21:00,1.246355,1.246315,1.246315,1.246355
2017-10-18 19:22:00,1.24623,1.24633,1.24619,1.24633
2017-10-18 19:23:00,1.246265,1.24624,1.246235,1.24627
2017-10-18 19:24:00,1.246265,1.24624,1.246235,1.24627
2017-10-18 19:25:00,1.246255,1.246255,1.24625,1.2463
2017-10-18 19:26:00,1.246285,1.24631,1.246255,1.24631
2017-10-18 19:27:00,1.24627,1.24628,1.246255,1.246315
2017-10-18 19:28:00,1.24621,1.24627,1.2462,1.24629
2017-10-18 19:29:00,1.24617,1.246205,1.24612,1.24624
2017-10-18 19:30:00,1.246145,1.24616,1.246135,1.24617
2017-10-18 19:31:00,1.24629,1.24616,1.24616,1.246335
2017-10-18 19:32:00,1.2462,1.246285,1.246195,1.24629
2017-10-18 19:33:00,1.2462,1.246215,1.246195,1.246215
2017-10-18 19:34:00,1.24624,1.246255,1.2462,1.24627
2017-10-18 19:35:00,1.246215,1.246225,1.246185,1.246265
2017-10-18 19:36:00,1.24628,1.24623,1.246205,1.24629
2017-10-18 19:37:00,1.246335,1.246285,1.24626,1.246395
2017-10-18 19:38:00,1.246135,1.246285,1.24613,1.246285
2017-10-18 19:39:00,1.24629,1.246125,1.24611,1.246295
2017-10-18 19:40:00,1.24638,1.24629,1.246285,1.246405
2017-10-18 19:41:00,1.24643,1.246385,1.24638,1.24655
2017-10-18 19:42:00,1.246245,1.246435,1.246235,1.24645
2017-10-18 19:43:00,1.24639,1.24631,1.24631,1.246395
2017-10-18 19:44:00,1.246405,1.2464,1.2464,1.246405
2017-10-18 19:45:00,1.246405,1.24641,1.246395,1.246415
2017-10-18 19:46:00,1.24637,1.2464,1.24637,1.24641
2017-10-18 19:47:00,1.246455,1.246435,1.24642,1.246465
2017-10-18 19:48:00,1.24644,1.24652,1.24644,1.24657
2017-10-18 19:49:00,1.24661,1.246465,1.246465,1.24661
2017-10-18 19:50:00,1.246605,1.2466,1.24659,1.24662
2017-10-18 19:51:00,1.246595,1.246575,1.24657,1.246865
2017-10-18 19:52:00,1.24663,1.246595,1.246585,1.246785
2017-10-18 19:53:00,1.24665,1.246625,1.24661,1.246715
2017-10-18 19:54:00,1.246625,1.246645,1.2466,1.24665
2017-10-18 19:55:00,1.246625,1.246645,1.2466,1.24665
2017-10-18 19:56:00,1.246725,1.246675,1.246625,1.24675
2017-10-18 19:57:00,1.246635,1.24674,1.24663,1.24674
2017-10-18 19:58:00,1.2467,1.246645,1.246635,1.246715
2017-10-18 19:59:00,1.24664,1.2467,1.246625,1.2467
2017-10-18 20:00:00,1.246655,1.246645,1.24661,1.246655
2017-10-18 20:01:00,1.24664,1.246605,1.246605,1.246695
2017-10-18 20:02:00,1.246625,1.24662,1.246595,1.24665
2017-10-18 20:03:00,1.246645,1.24664,1.246625,1.246655
2017-10-18 20:04:00,1.246635,1.24665,1.246625,1.246655
2017-10-18 20:05:00,1.24665,1.24663,1.246585,1.24665
2017-10-18 20:06:00,1.24663,1.246655,1.246605,1.246655
2017-10-18 20:07:00,1.246605,1.246625,1.246605,1.246685
2017-10-18 20:08:00,1.246565,1.24658,1.246565,1.24663
2017-10-18 20:09:00,1.246565,1.24658,1.246565,1.24663
2017-10-18 20:10:00,1.246615,1.24659,1.24659,1.246615
2017-10-18 20:11:00,1.24646,1.24656,1.24646,1.246585
2017-10-18 20:12:00,1.246395,1.246435,1.24638,1.24647
2017-10-18 20:13:00,1.24636,1.24638,1.246355,1.246415
2017-10-18 20:14:00,1.24631,1.246355,1.24631,1.246355
2017-10-18 20:15:00,1.24616,1.246255,1.246115,1.24626
2017-10-18 20:16:00,1.24609,1.24615,1.246065,1.24623
2017-10-18 20:17:00,1.24608,1.246085,1.246075,1.24615
2017-10-18 20:18:00,1.24595,1.24603,1.245935,1.24603
2017-10-18 20:19:00,1.246045,1.24595,1.24595,1.246055
2017-10-18 20:20:00,1.246205,1.24604,1.246035,1.246265
2017-10-18 20:21:00,1.246175,1.2462,1.246135,1.246225
2017-10-18 20:22:00,1.246145,1.24619,1.246125,1.24628
2017-10-18 20:23:00,1.24608,1.246085,1.246065,1.246115
2017-10-18 20:24:00,1.24618,1.246075,1.246065,1.24619
2017-10-18 20:25:00,1.246255,1.24619,1.246155,1.24626
2017-10-18 20:26:00,1.24624,1.24625,1.24622,1.246255
2017-10-18 20:27:00,1.246325,1.246295,1.246235,1.24636
2017-10-18 20:28:00,1.246275,1.246325,1.246255,1.24635
2017-10-18 20:29:00,1.246335,1.24628,1.246275,1.246405
2017-10-18 20:30:00,1.24636,1.246325,1.24627,1.246385
2017-10-18 20:31:00,1.245725,1.24636,1.245615,1.24636
2017-10-18 20:32:00,1.245555,1.24572,1.245545,1.245835
2017-10-18 20:33:00,1.24554,1.245545,1.24544,1.245615
2017-10-18 20:34:00,1.245295,1.245525,1.245205,1.245545
2017-10-18 20:35:00,1.245395,1.24529,1.245225,1.24547
2017-10-18 20:36:00,1.24557,1.245405,1.24537,1.245575
2017-10-18 20:37:00,1.24549,1.24554,1.245435,1.245635
2017-10-18 20:38:00,1.24568,1.245545,1.245545,1.245835
2017-10-18 20:39:00,1.246045,1.245665,1.245655,1.24605
2017-10-18 20:40:00,1.245835,1.246035,1.245815,1.246145
2017-10-18 20:41:00,1.24598,1.245845,1.245805,1.246045
2017-10-18 20:42:00,1.245795,1.245985,1.245735,1.246015
2017-10-18 20:43:00,1.24574,1.245745,1.24563,1.245755
2017-10-18 20:44:00,1.245775,1.24574,1.245675,1.245885
2017-10-18 20:45:00,1.245775,1.2458,1.24566,1.2458
2017-10-18 20:46:00,1.245865,1.245765,1.245695,1.245865
2017-10-18 20:47:00,1.245875,1.24587,1.24585,1.245895
2017-10-18 20:48:00,1.24593,1.24587,1.24587,1.24617
2017-10-18 20:49:00,1.245825,1.24594,1.24581,1.245965
2017-10-18 20:50:00,1.24605,1.24584,1.24583,1.24606
2017-10-18 20:51:00,1.24594,1.24605,1.245905,1.246055
2017-10-18 20:52:00,1.245965,1.245965,1.245945,1.245995
2017-10-18 20:53:00,1.246055,1.245915,1.245915,1.246055
2017-10-18 20:54:00,1.246135,1.246035,1.24596,1.246135
2017-10-18 20:55:00,1.246025,1.2462,1.24602,1.246315
2017-10-18 20:56:00,1.24576,1.246045,1.245665,1.246045
2017-10-18 20:57:00,1.245865,1.24575,1.24575,1.24587
2017-10-18 20:58:00,1.245685,1.245865,1.245685,1.24588
2017-10-18 20:59:00,1.245775,1.245725,1.245725,1.245785
2017-10-18 21:00:00,1.245855,1.24578,1.24578,1.24586
2017-10-18 21:01:00,1.2457,1.245855,1.245655,1.24586
2017-10-18 21:02:00,1.245675,1.24569,1.245675,1.245695
2017-10-18 21:03:00,1.245635,1.24568,1.245535,1.24568
2017-10-18 21:04:00,1.245595,1.245615,1.245565,1.24572
2017-10-18 21:05:00,1.24559,1.245595,1.24556,1.245635
2017-10-18 21:06:00,1.24575,1.245625,1.245625,1.24577
2017-10-18 21:07:00,1.24591,1.24578,1.24578,1.24591
2017-10-18 21:08:00,1.245875,1.24591,1.245875,1.246065
2017-10-18 21:09:00,1.245835,1.245865,1.245815,1.24587
2017-10-18 21:10:00,1.24574,1.24582,1.245735,1.24582
2017-10-18 21:11:00,1.245865,1.245725,1.245725,1.24602
2017-10-18 21:12:00,1.246005,1.245865,1.245865,1.246015
2017-10-18 21:13:00,1.24612,1.24595,1.245945,1.24612
2017-10-18 21:14:00,1.2461,1.246125,1.246095,1.24615
2017-10-18 21:15:00,1.246095,1.24607,1.245985,1.24616
2017-10-18 21:16:00,1.246115,1.2461,1.24604,1.246115
2017-10-18 21:17:00,1.246395,1.246165,1.246165,1.246435
2017-10-18 21:18:00,1.246555,1.246385,1.24634,1.2467
2017-10-18 21:19:00,1.246545,1.24657,1.246485,1.2466
2017-10-18 21:20:00,1.24653,1.24653,1.246495,1.24656
2017-10-18 21:21:00,1.24649,1.24652,1.246385,1.246535
2017-10-18 21:22:00,1.246495,1.24646,1.246455,1.246525
2017-10-18 21:23:00,1.24672,1.24648,1.24646,1.246735
2017-10-18 21:24:00,1.24651,1.24672,1.24645,1.24672
2017-10-18 21:25:00,1.24658,1.246455,1.24644,1.24659
2017-10-18 21:26:00,1.24676,1.246575,1.246565,1.2468
2017-10-18 21:27:00,1.246745,1.24671,1.246685,1.24675
2017-10-18 21:28:00,1.246925,1.246735,1.24673,1.24696
2017-10-18 21:29:00,1.246735,1.246905,1.246715,1.246905
2017-10-18 21:30:00,1.246915,1.2468,1.2468,1.246935
2017-10-18 21:31:00,1.246895,1.246885,1.246845,1.24691
2017-10-18 21:32:00,1.246945,1.246945,1.24689,1.24697
2017-10-18 21:33:00,1.246915,1.246915,1.2468,1.246945
2017-10-18 21:34:00,1.246775,1.246915,1.246775,1.246945
2017-10-18 21:35:00,1.24672,1.246825,1.24672,1.246875
2017-10-18 21:36:00,1.246695,1.246715,1.24658,1.24677
2017-10-18 21:37:00,1.24675,1.24675,1.246715,1.246765
2017-10-18 21:38:00,1.24671,1.24673,1.246695,1.246775
2017-10-18 21:39:00,1.24676,1.246655,1.246645,1.24678
2017-10-18 21:40:00,1.2467,1.24682,1.246645,1.246885
2017-10-18 21:41:00,1.24672,1.2467,1.2467,1.24674
2017-10-18 21:42:00,1.2467,1.246695,1.24667,1.246825
2017-10-18 21:43:00,1.24665,1.246765,1.246645,1.24686
2017-10-18 21:44:00,1.24677,1.246655,1.24665,1.24678
2017-10-18 21:45:00,1.24669,1.24677,1.246675,1.24677
2017-10-18 21:46:00,1.24685,1.246705,1.246705,1.246855
2017-10-18 21:47:00,1.246795,1.24686,1.246795,1.24686
2017-10-18 21:48:00,1.246715,1.246775,1.246715,1.246775
2017-10-18 21:49:00,1.24678,1.24672,1.246705,1.246785
2017-10-18 21:50:00,1.24674,1.246765,1.24659,1.24677
2017-10-18 21:51:00,1.246765,1.24676,1.246685,1.246785
2017-10-18 21:52:00,1.24672,1.24677,1.24672,1.246795
2017-10-18 21:53:00,1.246625,1.24673,1.246615,1.24675
2017-10-18 21:54:00,1.246605,1.24663,1.246605,1.24663
2017-10-18 21:55:00,1.246645,1.24662,1.24654,1.246695
2017-10-18 21:56:00,1.246575,1.246665,1.246555,1.246675
2017-10-18 21:57:00,1.246605,1.246585,1.246535,1.24665
2017-10-18 21:58:00,1.24669,1.2466,1.246575,1.24669
2017-10-18 21:59:00,1.246825,1.2467,1.2467,1.24683
2017-10-18 22:00:00,1.24674,1.246815,1.246705,1.24684
2017-10-18 22:01:00,1.246775,1.24676,1.24674,1.246915
2017-10-18 22:02:00,1.246845,1.24678,1.246775,1.24687
2017-10-18 22:03:00,1.246895,1.246835,1.246655,1.2469
2017-10-18 22:04:00,1.24699,1.246945,1.24661,1.247055
2017-10-18 22:05:00,1.246685,1.24693,1.246685,1.24701
2017-10-18 22:06:00,1.24672,1.24666,1.246585,1.24674
2017-10-18 22:07:00,1.246715,1.24673,1.24669,1.24674
2017-10-18 22:08:00,1.24685,1.246695,1.246695,1.24686
2017-10-18 22:09:00,1.247175,1.24691,1.24691,1.2473
2017-10-18 22:10:00,1.247415,1.247175,1.24717,1.24743
2017-10-18 22:11:00,1.24699,1.247425,1.24695,1.24743
2017-10-18 22:12:00,1.24715,1.246995,1.24699,1.24716
2017-10-18 22:13:00,1.247065,1.247165,1.24706,1.247235
2017-10-18 22:14:00,1.247065,1.24705,1.247025,1.24711
2017-10-18 22:15:00,1.246945,1.24707,1.246935,1.24707
2017-10-18 22:16:00,1.24687,1.246885,1.24683,1.24697
2017-10-18 22:17:00,1.24687,1.246885,1.24687,1.246975
2017-10-18 22:18:00,1.24689,1.24687,1.246865,1.24691
2017-10-18 22:19:00,1.247015,1.246885,1.24688,1.247045
2017-10-18 22:20:00,1.247145,1.247015,1.247015,1.247195
2017-10-18 22:21:00,1.247075,1.24709,1.24701,1.247155
2017-10-18 22:22:00,1.24703,1.24708,1.247015,1.24708
2017-10-18 22:23:00,1.24703,1.24703,1.246965,1.247055
2017-10-18 22:24:00,1.24696,1.247035,1.246945,1.24705
2017-10-18 22:25:00,1.246905,1.246955,1.246865,1.24696
2017-10-18 22:26:00,1.24697,1.246895,1.246885,1.24704
2017-10-18 22:27:00,1.247045,1.247025,1.247,1.247055
2017-10-18 22:28:00,1.24713,1.24706,1.246985,1.247155
2017-10-18 22:29:00,1.247185,1.24718,1.247085,1.247225
2017-10-18 22:30:00,1.24723,1.247195,1.24719,1.247265
2017-10-18 22:31:00,1.247345,1.24723,1.247225,1.24735
2017-10-18 22:32:00,1.247415,1.247325,1.247325,1.24756
2017-10-18 22:33:00,1.247205,1.247415,1.24719,1.247415
2017-10-18 22:34:00,1.24724,1.247215,1.247205,1.24728
2017-10-18 22:35:00,1.247175,1.247185,1.247115,1.24719
2017-10-18 22:36:00,1.24703,1.247175,1.246995,1.24725
2017-10-18 22:37:00,1.24704,1.247035,1.247005,1.24707
2017-10-18 22:38:00,1.24713,1.247045,1.247045,1.24713
2017-10-18 22:39:00,1.24712,1.247135,1.24711,1.24714
2017-10-18 22:40:00,1.24706,1.247125,1.24704,1.24713
2017-10-18 22:41:00,1.247095,1.247055,1.247,1.2471
2017-10-18 22:42:00,1.24693,1.24709,1.246915,1.247095
2017-10-18 22:43:00,1.246845,1.24692,1.24676,1.24693
2017-10-18 22:44:00,1.24683,1.24684,1.2468,1.246845
2017-10-18 22:45:00,1.24669,1.246825,1.24669,1.246825
2017-10-18 22:46:00,1.246795,1.246695,1.24669,1.246835
2017-10-18 22:47:00,1.246515,1.246775,1.24651,1.246775
2017-10-18 22:48:00,1.24673,1.24654,1.24654,1.246855
2017-10-18 22:49:00,1.246815,1.246725,1.2467,1.24688
2017-10-18 22:50:00,1.24673,1.24684,1.24672,1.24691
2017-10-18 22:51:00,1.246825,1.246735,1.246735,1.24686
2017-10-18 22:52:00,1.246925,1.24684,1.24681,1.24693
2017-10-18 22:53:00,1.246865,1.24693,1.246855,1.24693
2017-10-18 22:54:00,1.24691,1.246855,1.246855,1.24691
2017-10-18 22:55:00,1.24691,1.246855,1.246855,1.24691
2017-10-18 22:56:00,1.2469,1.24689,1.246825,1.2469
2017-10-18 22:57:00,1.247,1.246955,1.24695,1.247015
2017-10-18 22:58:00,1.24696,1.246995,1.24693,1.247005
2017-10-18 22:59:00,1.246965,1.246965,1.24696,1.247095
2017-10-18 23:00:00,1.24697,1.24696,1.246925,1.24702
2017-10-18 23:01:00,1.247075,1.24695,1.24693,1.247105
2017-10-18 23:02:00,1.24709,1.2471,1.24708,1.24715
2017-10-18 23:03:00,1.24723,1.24709,1.24708,1.24723
2017-10-18 23:04:00,1.24721,1.24721,1.24721,1.24721
2017-10-18 23:05:00,1.247065,1.24718,1.247065,1.24718
2017-10-18 23:06:00,1.247025,1.24704,1.246975,1.24704
2017-10-18 23:07:00,1.24698,1.24702,1.24694,1.247025
2017-10-18 23:08:00,1.24697,1.247005,1.24695,1.247005
2017-10-18 23:09:00,1.24687,1.24692,1.24685,1.24692
2017-10-18 23:10:00,1.24714,1.246865,1.246855,1.24714
2017-10-18 23:11:00,1.247025,1.247085,1.246965,1.247125
2017-10-18 23:12:00,1.24694,1.24704,1.246905,1.24704
2017-10-18 23:13:00,1.246895,1.246945,1.246895,1.246985
2017-10-18 23:14:00,1.246915,1.246915,1.246915,1.246915
2017-10-18 23:15:00,1.246915,1.246915,1.246915,1.246915
2017-10-18 23:16:00,1.246915,1.246915,1.246915,1.246915
2017-10-18 23:17:00,1.24674,1.24687,1.24672,1.24687
2017-10-18 23:18:00,1.246765,1.24676,1.246745,1.24679
2017-10-18 23:19:00,1.246775,1.24675,1.24675,1.246785
2017-10-18 23:20:00,1.24678,1.24672,1.246715,1.246795
2017-10-18 23:21:00,1.246805,1.24679,1.246785,1.24687
2017-10-18 23:22:00,1.246805,1.24679,1.246785,1.24687
2017-10-18 23:23:00,1.246835,1.246835,1.246835,1.246835
2017-10-18 23:24:00,1.246775,1.246775,1.246775,1.246775
2017-10-18 23:25:00,1.24678,1.246725,1.246725,1.246815
2017-10-18 23:26:00,1.24678,1.246725,1.246725,1.246815
2017-10-18 23:27:00,1.24678,1.246725,1.246725,1.246815
2017-10-18 23:28:00,1.24678,1.246725,1.246725,1.246815
2017-10-18 23:29:00,1.24659,1.246725,1.24659,1.246735
2017-10-18 23:30:00,1.246615,1.24664,1.24661,1.24664
2017-10-18 23:31:00,1.2466,1.24662,1.2466,1.246635
2017-10-18 23:32:00,1.246825,1.24662,1.24662,1.246855
2017-10-18 23:33:00,1.246745,1.246845,1.246735,1.24687
2017-10-18 23:34:00,1.246785,1.246745,1.24674,1.246785
2017-10-18 23:35:00,1.246795,1.2468,1.24675,1.24681
2017-10-18 23:36:00,1.246885,1.246825,1.246825,1.24689
2017-10-18 23:37:00,1.246845,1.246915,1.24683,1.24699
2017-10-18 23:38:00,1.24683,1.246835,1.24681,1.24689
2017-10-18 23:39:00,1.24697,1.246835,1.246835,1.24697
2017-10-18 23:40:00,1.24705,1.246995,1.246995,1.24705
2017-10-18 23:41:00,1.24703,1.24706,1.24703,1.24706
2017-10-18 23:42:00,1.24687,1.247045,1.24687,1.247045
2017-10-18 23:43:00,1.246835,1.246855,1.24682,1.24686
2017-10-18 23:44:00,1.246925,1.246835,1.246835,1.24698
2017-10-18 23:45:00,1.246855,1.24691,1.246855,1.246935
2017-10-18 23:46:00,1.24688,1.246875,1.246865,1.246945
2017-10-18 23:47:00,1.2469,1.24687,1.24686,1.246935
2017-10-18 23:48:00,1.24689,1.2469,1.246885,1.2469
2017-10-18 23:49:00,1.24689,1.2469,1.246865,1.246925
2017-10-18 23:50:00,1.24697,1.246895,1.246895,1.246985
2017-10-18 23:51:00,1.24697,1.246895,1.246895,1.246985
2017-10-18 23:52:00,1.24699,1.24699,1.24698,1.24699
2017-10-18 23:53:00,1.24699,1.24698,1.24698,1.247005
2017-10-18 23:54:00,1.246995,1.247,1.246995,1.247
2017-10-18 23:55:00,1.247005,1.247005,1.247005,1.247005
2017-10-18 23:56:00,1.24702,1.24701,1.247005,1.247025
2017-10-18 23:57:00,1.247015,1.24704,1.247,1.24706
2017-10-18 23:58:00,1.246895,1.24701,1.246895,1.24701
2017-10-18 23:59:00,1.246725,1.246915,1.246705,1.246915
2017-10-19 00:00:00,1.24663,1.246745,1.24663,1.24677
2017-10-19 00:01:00,1.24672,1.246625,1.24659,1.24676
2017-10-19 00:02:00,1.246805,1.246715,1.246715,1.24683
2017-10-19 00:03:00,1.24667,1.2468,1.24667,1.2468
2017-10-19 00:04:00,1.24665,1.246695,1.24665,1.246715
2017-10-19 00:05:00,1.24658,1.24659,1.24658,1.246595
2017-10-19 00:06:00,1.2465,1.246525,1.246495,1.246565
2017-10-19 00:07:00,1.246495,1.2465,1.246485,1.2465
2017-10-19 00:08:00,1.24649,1.246485,1.24648,1.24651
2017-10-19 00:09:00,1.246485,1.2465,1.246485,1.246565
2017-10-19 00:10:00,1.246715,1.246535,1.246535,1.24672
2017-10-19 00:11:00,1.24678,1.246765,1.24676,1.246785
2017-10-19 00:12:00,1.246715,1.246755,1.24671,1.246755
2017-10-19 00:13:00,1.246705,1.246715,1.246695,1.246715
2017-10-19 00:14:00,1.24663,1.246725,1.246625,1.246725
2017-10-19 00:15:00,1.24655,1.246615,1.24655,1.24662
2017-10-19 00:16:00,1.246695,1.2465,1.24649,1.246695
2017-10-19 00:17:00,1.246875,1.246745,1.246745,1.247075
2017-10-19 00:18:00,1.246785,1.246845,1.246705,1.24692
2017-10-19 00:19:00,1.246595,1.246835,1.246585,1.246875
2017-10-19 00:20:00,1.246495,1.246575,1.24649,1.24659
2017-10-19 00:21:00,1.24671,1.246495,1.246495,1.24673
2017-10-19 00:22:00,1.24671,1.246705,1.24669,1.24674
2017-10-19 00:23:00,1.24671,1.2467,1.24663,1.24671
2017-10-19 00:24:00,1.2465,1.246725,1.24642,1.24673
2017-10-19 00:25:00,1.246515,1.246515,1.24643,1.24652
2017-10-19 00:26:00,1.246485,1.2465,1.246455,1.246505
2017-10-19 00:27:00,1.246485,1.24649,1.24647,1.246555
2017-10-19 00:28:00,1.246425,1.246475,1.24642,1.24649
2017-10-19 00:29:00,1.246525,1.246425,1.246425,1.24653
2017-10-19 00:30:00,1.24658,1.24654,1.246465,1.246585
2017-10-19 00:31:00,1.24664,1.246575,1.24656,1.24677
2017-10-19 00:32:00,1.246575,1.246585,1.246565,1.24662
2017-10-19 00:33:00,1.246605,1.24657,1.246565,1.246625
2017-10-19 00:34:00,1.24654,1.2466,1.24654,1.246685
2017-10-19 00:35:00,1.24654,1.2466,1.24654,1.246685
2017-10-19 00:36:00,1.24669,1.24659,1.24659,1.246705
2017-10-19 00:37:00,1.24678,1.2467,1.246695,1.246855
2017-10-19 00:38:00,1.246665,1.246725,1.246655,1.246725
2017-10-19 00:39:00,1.246775,1.24665,1.246645,1.246775
2017-10-19 00:40:00,1.246795,1.24677,1.246765,1.246865
2017-10-19 00:41:00,1.246825,1.246795,1.246795,1.246825
2017-10-19 00:42:00,1.2468,1.2468,1.2468,1.2468
2017-10-19 00:43:00,1.2468,1.2468,1.2468,1.2468
2017-10-19 00:44:00,1.246105,1.24677,1.245945,1.24677
2017-10-19 00:45:00,1.246225,1.246115,1.24611,1.24646
2017-10-19 00:46:00,1.24641,1.24622,1.246205,1.246515
2017-10-19 00:47:00,1.246315,1.24643,1.246305,1.246445
2017-10-19 00:48:00,1.24646,1.246335,1.246325,1.246475
2017-10-19 00:49:00,1.246545,1.246455,1.246445,1.24655
2017-10-19 00:50:00,1.246415,1.24654,1.246405,1.246545
2017-10-19 00:51:00,1.24645,1.24642,1.24641,1.24655
2017-10-19 00:52:00,1.246535,1.24645,1.24645,1.24658
2017-10-19 00:53:00,1.246825,1.24655,1.24655,1.246845
2017-10-19 00:54:00,1.24689,1.246815,1.246775,1.24693
2017-10-19 00:55:00,1.246925,1.246885,1.246805,1.246925
2017-10-19 00:56:00,1.246745,1.246935,1.24673,1.246975
2017-10-19 00:57:00,1.246635,1.24674,1.246575,1.24682
2017-10-19 00:58:00,1.246645,1.24664,1.24658,1.2467
2017-10-19 00:59:00,1.246935,1.246625,1.246605,1.247005
2017-10-19 01:00:00,1.24689,1.246875,1.24685,1.24701
2017-10-19 01:01:00,1.246965,1.246895,1.246895,1.2471
2017-10-19 01:02:00,1.247025,1.24697,1.246965,1.24725
2017-10-19 01:03:00,1.24697,1.24701,1.24695,1.2471
2017-10-19 01:04:00,1.2469,1.246975,1.2469,1.247095
2017-10-19 01:05:00,1.246895,1.246905,1.246675,1.24691
2017-10-19 01:06:00,1.24694,1.246895,1.246885,1.24718
2017-10-19 01:07:00,1.246935,1.246885,1.24673,1.24702
2017-10-19 01:08:00,1.247005,1.24692,1.24683,1.247085
2017-10-19 01:09:00,1.247035,1.24701,1.246995,1.24704
2017-10-19 01:10:00,1.24705,1.247045,1.24702,1.24705
2017-10-19 01:11:00,1.24687,1.24705,1.24687,1.24708
2017-10-19 01:12:00,1.24704,1.246865,1.246865,1.247045
2017-10-19 01:13:00,1.24711,1.247095,1.24708,1.247145
2017-10-19 01:14:00,1.247115,1.247125,1.247075,1.247125
2017-10-19 01:15:00,1.24718,1.24713,1.24713,1.24718
2017-10-19 01:16:00,1.24718,1.24713,1.24713,1.24718
2017-10-19 01:17:00,1.247175,1.247175,1.24714,1.24718
2017-10-19 01:18:00,1.24733,1.24723,1.24723,1.24734
2017-10-19 01:19:00,1.247375,1.247325,1.247285,1.247385
2017-10-19 01:20:00,1.24697,1.24737,1.24697,1.24737
2017-10-19 01:21:00,1.246805,1.246965,1.246805,1.246975
2017-10-19 01:22:00,1.24691,1.2468,1.24678,1.24691
2017-10-19 01:23:00,1.246945,1.24689,1.24689,1.246955
2017-10-19 01:24:00,1.24702,1.246955,1.24694,1.24702
2017-10-19 01:25:00,1.24686,1.247005,1.24685,1.247035
2017-10-19 01:26:00,1.24681,1.24687,1.24681,1.246885
2017-10-19 01:27:00,1.2469,1.24683,1.24683,1.2469
2017-10-19 01:28:00,1.246995,1.24693,1.24693,1.246995
2017-10-19 01:29:00,1.246995,1.24693,1.24693,1.246995
2017-10-19 01:30:00,1.247015,1.247015,1.247015,1.247015
2017-10-19 01:31:00,1.24688,1.246965,1.246875,1.246975
2017-10-19 01:32:00,1.246865,1.246885,1.24684,1.24689
2017-10-19 01:33:00,1.246875,1.24685,1.246825,1.246875
2017-10-19 01:34:00,1.24711,1.246865,1.246865,1.24711
2017-10-19 01:35:00,1.24714,1.247115,1.247015,1.247155
2017-10-19 01:36:00,1.247245,1.247155,1.247125,1.247515
2017-10-19 01:37:00,1.247345,1.24726,1.24726,1.24744
2017-10-19 01:38:00,1.247335,1.2474,1.247325,1.24744
2017-10-19 01:39:00,1.24736,1.247345,1.24734,1.247395
2017-10-19 01:40:00,1.247415,1.247365,1.24735,1.247415
2017-10-19 01:41:00,1.247275,1.24741,1.24725,1.24741
2017-10-19 01:42:00,1.24728,1.247275,1.247255,1.2473
2017-10-19 01:43:00,1.247155,1.247285,1.24715,1.247285
2017-10-19 01:44:00,1.24718,1.24714,1.24713,1.24718
2017-10-19 01:45:00,1.247265,1.24721,1.247165,1.247285
2017-10-19 01:46:00,1.24723,1.24724,1.247215,1.247285
2017-10-19 01:47:00,1.24722,1.247245,1.24722,1.247245
2017-10-19 01:48:00,1.247285,1.247165,1.247155,1.247305
2017-10-19 01:49:00,1.247315,1.247285,1.24728,1.247315
2017-10-19 01:50:00,1.247265,1.247295,1.24719,1.247295
2017-10-19 01:51:00,1.247245,1.24727,1.247235,1.247275
2017-10-19 01:52:00,1.24727,1.24725,1.24723,1.24728
2017-10-19 01:53:00,1.247265,1.24727,1.24726,1.247285
2017-10-19 01:54:00,1.24721,1.247265,1.247205,1.247265
2017-10-19 01:55:00,1.24729,1.24726,1.247255,1.24729
2017-10-19 01:56:00,1.247425,1.247345,1.24734,1.24743
2017-10-19 01:57:00,1.247415,1.24743,1.247405,1.247435
2017-10-19 01:58:00,1.24752,1.24743,1.247295,1.247655
2017-10-19 01:59:00,1.24738,1.247525,1.24737,1.24757
2017-10-19 02:00:00,1.24737,1.247375,1.247255,1.247385
2017-10-19 02:01:00,1.24735,1.247315,1.247295,1.247355
2017-10-19 02:02:00,1.247435,1.24737,1.24737,1.247485
2017-10-19 02:03:00,1.247205,1.247455,1.24712,1.247495
2017-10-19 02:04:00,1.247135,1.24721,1.24709,1.24723
2017-10-19 02:05:00,1.24712,1.24713,1.247065,1.24715
2017-10-19 02:06:00,1.247175,1.247175,1.247105,1.2472
2017-10-19 02:07:00,1.24735,1.247175,1.247165,1.247355
2017-10-19 02:08:00,1.2473,1.247345,1.247255,1.24738
2017-10-19 02:09:00,1.247415,1.247355,1.24729,1.24742
2017-10-19 02:10:00,1.24736,1.24743,1.247295,1.247435
2017-10-19 02:11:00,1.24728,1.24734,1.247235,1.247385
2017-10-19 02:12:00,1.247095,1.247275,1.24709,1.24728
2017-10-19 02:13:00,1.247035,1.247075,1.24695,1.24709
2017-10-19 02:14:00,1.24679,1.24704,1.246735,1.247045
2017-10-19 02:15:00,1.2468,1.246795,1.24676,1.24686
2017-10-19 02:16:00,1.246885,1.246805,1.246775,1.24692
2017-10-19 02:17:00,1.24688,1.246895,1.24681,1.246935
2017-10-19 02:18:00,1.24704,1.24687,1.246835,1.247045
2017-10-19 02:19:00,1.24702,1.247035,1.246875,1.2471
2017-10-19 02:20:00,1.24711,1.24703,1.24703,1.247115
2017-10-19 02:21:00,1.247045,1.247105,1.246975,1.24712
2017-10-19 02:22:00,1.247455,1.24706,1.24705,1.247505
2017-10-19 02:23:00,1.247575,1.247455,1.247445,1.24769
2017-10-19 02:24:00,1.247145,1.247595,1.247145,1.24762
2017-10-19 02:25:00,1.247285,1.247145,1.24714,1.247495
2017-10-19 02:26:00,1.24746,1.247235,1.24716,1.24752
2017-10-19 02:27:00,1.247375,1.247455,1.247295,1.247455
2017-10-19 02:28:00,1.24736,1.24738,1.247335,1.247425
2017-10-19 02:29:00,1.247355,1.247355,1.247345,1.247365
2017-10-19 02:30:00,1.24733,1.24737,1.24729,1.24744
2017-10-19 02:31:00,1.24706,1.247345,1.24706,1.247355
2017-10-19 02:32:00,1.247125,1.247115,1.247075,1.247155
2017-10-19 02:33:00,1.247025,1.24713,1.246945,1.247135
2017-10-19 02:34:00,1.24683,1.247015,1.246765,1.24707
2017-10-19 02:35:00,1.246665,1.246825,1.246645,1.246825
2017-10-19 02:36:00,1.24665,1.24665,1.246615,1.24685
2017-10-19 02:37:00,1.24673,1.246655,1.246615,1.24675
2017-10-19 02:38:00,1.24665,1.24678,1.24665,1.2468
2017-10-19 02:39:00,1.24661,1.246705,1.246575,1.24672
2017-10-19 02:40:00,1.246255,1.246595,1.24623,1.246595
2017-10-19 02:41:00,1.24605,1.24625,1.24601,1.2464
2017-10-19 02:42:00,1.24606,1.245995,1.245905,1.246075
2017-10-19 02:43:00,1.246025,1.246055,1.246025,1.24614
2017-10-19 02:44:00,1.24601,1.24602,1.2459,1.24603
2017-10-19 02:45:00,1.246105,1.246015,1.245935,1.24611
2017-10-19 02:46:00,1.246165,1.2461,1.246095,1.246335
2017-10-19 02:47:00,1.2461,1.246115,1.245855,1.24612
2017-10-19 02:48:00,1.246195,1.246105,1.246005,1.246195
2017-10-19 02:49:00,1.246285,1.24619,1.246135,1.246395
2017-10-19 02:50:00,1.245935,1.2463,1.24592,1.246355
2017-10-19 02:51:00,1.24597,1.245935,1.245915,1.24608
2017-10-19 02:52:00,1.24572,1.245945,1.2456,1.245945
2017-10-19 02:53:00,1.245635,1.245715,1.245485,1.24574
2017-10-19 02:54:00,1.245795,1.24562,1.24562,1.24591
2017-10-19 02:55:00,1.245875,1.245795,1.245775,1.245955
2017-10-19 02:56:00,1.246105,1.245885,1.24588,1.246125
2017-10-19 02:57:00,1.246065,1.246095,1.245985,1.24617
2017-10-19 02:58:00,1.24589,1.24608,1.245875,1.24628
2017-10-19 02:59:00,1.24568,1.245895,1.24562,1.245965
2017-10-19 03:00:00,1.24527,1.245695,1.245145,1.24578
2017-10-19 03:01:00,1.245525,1.2453,1.245275,1.24561
2017-10-19 03:02:00,1.24537,1.24553,1.245315,1.24554
2017-10-19 03:03:00,1.245575,1.24542,1.245385,1.245575
2017-10-19 03:04:00,1.245765,1.2456,1.2456,1.245865
2017-10-19 03:05:00,1.24593,1.245785,1.245695,1.246055
2017-10-19 03:06:00,1.24591,1.24595,1.24591,1.246095
2017-10-19 03:07:00,1.245835,1.24591,1.24579,1.24593
2017-10-19 03:08:00,1.245915,1.24584,1.245835,1.246
2017-10-19 03:09:00,1.24589,1.245905,1.245825,1.245925
2017-10-19 03:10:00,1.24617,1.245885,1.24588,1.2462
2017-10-19 03:11:00,1.24616,1.24611,1.246045,1.24619
2017-10-19 03:12:00,1.246065,1.246135,1.24599,1.246135
2017-10-19 03:13:00,1.246015,1.24606,1.245965,1.246225
2017-10-19 03:14:00,1.24614,1.24602,1.246005,1.24615
2017-10-19 03:15:00,1.24623,1.246145,1.24611,1.246235
2017-10-19 03:16:00,1.246175,1.24623,1.246175,1.24631
2017-10-19 03:17:00,1.24621,1.246175,1.246065,1.246245
2017-10-19 03:18:00,1.246565,1.246205,1.246185,1.24657
2017-10-19 03:19:00,1.2465,1.246565,1.246485,1.24663
2017-10-19 03:20:00,1.24723,1.24651,1.246395,1.247485
2017-10-19 03:21:00,1.24731,1.247225,1.247105,1.247335
2017-10-19 03:22:00,1.246695,1.247305,1.246685,1.24732
2017-10-19 03:23:00,1.24654,1.2467,1.24651,1.24673
2017-10-19 03:24:00,1.24688,1.24659,1.24659,1.24691
2017-10-19 03:25:00,1.24679,1.246875,1.24665,1.24688
2017-10-19 03:26:00,1.24684,1.2468,1.24679,1.246875
2017-10-19 03:27:00,1.24682,1.24685,1.24681,1.24696
2017-10-19 03:28:00,1.246615,1.246805,1.246585,1.246825
2017-10-19 03:29:00,1.246475,1.24656,1.24643,1.24664
2017-10-19 03:30:00,1.246415,1.246415,1.24639,1.24645
2017-10-19 03:31:00,1.246555,1.246465,1.246425,1.246585
2017-10-19 03:32:00,1.246635,1.24656,1.246535,1.246655
2017-10-19 03:33:00,1.24666,1.24664,1.246545,1.24671
2017-10-19 03:34:00,1.246655,1.24671,1.24665,1.24672
2017-10-19 03:35:00,1.246345,1.246665,1.246345,1.24667
2017-10-19 03:36:00,1.246365,1.24636,1.2463,1.246385
2017-10-19 03:37:00,1.24651,1.246365,1.246365,1.24651
2017-10-19 03:38:00,1.24648,1.246565,1.246435,1.246625
2017-10-19 03:39:00,1.24632,1.246485,1.24632,1.246545
2017-10-19 03:40:00,1.24618,1.24632,1.246155,1.24632
2017-10-19 03:41:00,1.246155,1.246205,1.24609,1.246205
2017-10-19 03:42:00,1.24624,1.24615,1.24614,1.246385
2017-10-19 03:43:00,1.246195,1.246225,1.24611,1.246295
2017-10-19 03:44:00,1.24616,1.24618,1.246055,1.246245
2017-10-19 03:45:00,1.24593,1.24617,1.245875,1.24618
2017-10-19 03:46:00,1.245855,1.24588,1.245795,1.24595
2017-10-19 03:47:00,1.24587,1.245805,1.24579,1.24594
2017-10-19 03:48:00,1.24562,1.245875,1.2456,1.24595
2017-10-19 03:49:00,1.2457,1.24561,1.245525,1.24581
2017-10-19 03:50:00,1.245655,1.245675,1.245635,1.24572
2017-10-19 03:51:00,1.24571,1.24565,1.24565,1.24574
2017-10-19 03:52:00,1.24564,1.245715,1.245615,1.245715
2017-10-19 03:53:00,1.245745,1.24564,1.245585,1.24584
2017-10-19 03:54:00,1.24589,1.245765,1.245765,1.245965
2017-10-19 03:55:00,1.245975,1.24591,1.2459,1.24598
2017-10-19 03:56:00,1.245975,1.24597,1.24596,1.246125
2017-10-19 03:57:00,1.245835,1.245955,1.2458,1.245955
2017-10-19 03:58:00,1.245835,1.245815,1.245775,1.24593
2017-10-19 03:59:00,1.245805,1.24581,1.245745,1.24583
2017-10-19 04:00:00,1.245695,1.245785,1.245565,1.245845
2017-10-19 04:01:00,1.24568,1.245645,1.24543,1.245715
2017-10-19 04:02:00,1.245975,1.245625,1.24562,1.245975
2017-10-19 04:03:00,1.24692,1.24595,1.24591,1.246945
2017-10-19 04:04:00,1.247105,1.246925,1.246805,1.24722
2017-10-19 04:05:00,1.24695,1.24711,1.24687,1.24717
2017-10-19 04:06:00,1.24688,1.246945,1.24684,1.24701
2017-10-19 04:07:00,1.24719,1.24687,1.24686,1.247395
2017-10-19 04:08:00,1.247165,1.247205,1.247005,1.247205
2017-10-19 04:09:00,1.247255,1.24717,1.24714,1.247345
2017-10-19 04:10:00,1.24748,1.24726,1.24726,1.247685
2017-10-19 04:11:00,1.247615,1.247475,1.2473,1.247615
2017-10-19 04:12:00,1.24744,1.247565,1.247375,1.24758
2017-10-19 04:13:00,1.247205,1.24744,1.247205,1.24752
2017-10-19 04:14:00,1.247195,1.24715,1.24711,1.24725
2017-10-19 04:15:00,1.24743,1.24722,1.24722,1.24743
2017-10-19 04:16:00,1.24779,1.247455,1.24742,1.24791
2017-10-19 04:17:00,1.24797,1.247775,1.247775,1.248025
2017-10-19 04:18:00,1.248035,1.247965,1.2479,1.24825
2017-10-19 04:19:00,1.24807,1.248085,1.248005,1.24843
2017-10-19 04:20:00,1.24785,1.24806,1.24783,1.248095
2017-10-19 04:21:00,1.24799,1.247905,1.24789,1.24805
2017-10-19 04:22:00,1.247985,1.247995,1.247895,1.24803
2017-10-19 04:23:00,1.247905,1.24797,1.247875,1.248025
2017-10-19 04:24:00,1.248015,1.247905,1.2479,1.248045
2017-10-19 04:25:00,1.248175,1.248005,1.248005,1.248225
2017-10-19 04:26:00,1.2482,1.24816,1.24815,1.24823
2017-10-19 04:27:00,1.248225,1.248195,1.248155,1.248235
2017-10-19 04:28:00,1.248225,1.24822,1.248165,1.24825
2017-10-19 04:29:00,1.248425,1.24817,1.248095,1.24843
2017-10-19 04:30:00,1.248565,1.248435,1.248405,1.248625
2017-10-19 04:31:00,1.248405,1.24857,1.248365,1.248705
2017-10-19 04:32:00,1.248335,1.248385,1.248335,1.24841
2017-10-19 04:33:00,1.248355,1.248315,1.248245,1.24845
2017-10-19 04:34:00,1.247955,1.24835,1.247945,1.24836
2017-10-19 04:35:00,1.247825,1.24795,1.2478,1.247965
2017-10-19 04:36:00,1.24792,1.247815,1.247805,1.247965
2017-10-19 04:37:00,1.24786,1.247915,1.24781,1.24797
2017-10-19 04:38:00,1.247905,1.24785,1.24782,1.24795
2017-10-19 04:39:00,1.24766,1.247915,1.247655,1.247925
2017-10-19 04:40:00,1.24766,1.2476,1.24744,1.24766
2017-10-19 04:41:00,1.247665,1.247605,1.247445,1.24773
2017-10-19 04:42:00,1.247855,1.24767,1.247585,1.24793
2017-10-19 04:43:00,1.24771,1.247835,1.24771,1.24785
2017-10-19 04:44:00,1.247445,1.247655,1.247345,1.247655
2017-10-19 04:45:00,1.247345,1.24745,1.24723,1.24745
2017-10-19 04:46:00,1.24723,1.247325,1.24722,1.247385
2017-10-19 04:47:00,1.247245,1.247215,1.247085,1.247245
2017-10-19 04:48:00,1.247105,1.24726,1.24698,1.24736
2017-10-19 04:49:00,1.247025,1.24709,1.24697,1.247165
2017-10-19 04:50:00,1.246955,1.24708,1.24685,1.24709
2017-10-19 04:51:00,1.24676,1.24695,1.246755,1.247015
2017-10-19 04:52:00,1.246825,1.24678,1.24673,1.246835
2017-10-19 04:53:00,1.246745,1.24684,1.24669,1.246855
2017-10-19 04:54:00,1.246415,1.2468,1.246415,1.246825
2017-10-19 04:55:00,1.24658,1.246405,1.24637,1.246675
2017-10-19 04:56:00,1.246485,1.246595,1.246485,1.246595
2017-10-19 04:57:00,1.246255,1.24647,1.24622,1.246475
2017-10-19 04:58:00,1.24622,1.24625,1.24617,1.24626
2017-10-19 04:59:00,1.246265,1.246225,1.24612,1.246315
2017-10-19 05:00:00,1.24629,1.24627,1.24616,1.246405
2017-10-19 05:01:00,1.24645,1.24627,1.24618,1.246565
2017-10-19 05:02:00,1.246415,1.2465,1.246415,1.2465
2017-10-19 05:03:00,1.246475,1.24642,1.246295,1.246475
2017-10-19 05:04:00,1.246405,1.24649,1.24639,1.246505
2017-10-19 05:05:00,1.246485,1.24643,1.246385,1.24649
2017-10-19 05:06:00,1.246625,1.24649,1.24645,1.24679
2017-10-19 05:07:00,1.246605,1.246625,1.2465,1.246625
2017-10-19 05:08:00,1.24673,1.24662,1.24662,1.24677
2017-10-19 05:09:00,1.24673,1.24678,1.2466,1.24679
2017-10-19 05:10:00,1.24666,1.246755,1.24658,1.246775
2017-10-19 05:11:00,1.24667,1.24666,1.24666,1.24669
2017-10-19 05:12:00,1.246725,1.246675,1.246675,1.246775
2017-10-19 05:13:00,1.246765,1.24673,1.24672,1.24681
2017-10-19 05:14:00,1.246465,1.24678,1.246465,1.246795
2017-10-19 05:15:00,1.24654,1.24641,1.24636,1.246545
2017-10-19 05:16:00,1.246545,1.24652,1.246515,1.246625
2017-10-19 05:17:00,1.24652,1.246545,1.2465,1.24655
2017-10-19 05:18:00,1.24662,1.24651,1.24651,1.24664
2017-10-19 05:19:00,1.246735,1.246625,1.24662,1.246735
2017-10-19 05:20:00,1.246735,1.246735,1.246725,1.246835
2017-10-19 05:21:00,1.24658,1.246725,1.246565,1.246735
2017-10-19 05:22:00,1.246405,1.246565,1.246405,1.24659
2017-10-19 05:23:00,1.246335,1.246415,1.246295,1.246415
2017-10-19 05:24:00,1.24637,1.24631,1.24626,1.246375
2017-10-19 05:25:00,1.24636,1.24638,1.24635,1.24653
2017-10-19 05:26:00,1.246535,1.246355,1.246355,1.246545
2017-10-19 05:27:00,1.24656,1.24653,1.24652,1.24657
2017-10-19 05:28:00,1.24646,1.24651,1.24644,1.24651
2017-10-19 05:29:00,1.246535,1.246445,1.246445,1.24654
2017-10-19 05:30:00,1.24686,1.24654,1.246535,1.246875
2017-10-19 05:31:00,1.24683,1.246865,1.246805,1.246865
2017-10-19 05:32:00,1.24683,1.24683,1.246815,1.24684
2017-10-19 05:33:00,1.24686,1.246835,1.2468,1.24688
2017-10-19 05:34:00,1.246705,1.246865,1.2467,1.246875
2017-10-19 05:35:00,1.246785,1.24671,1.246695,1.246805
2017-10-19 05:36:00,1.246795,1.24677,1.24673,1.246805
2017-10-19 05:37:00,1.246725,1.24679,1.246725,1.246795
2017-10-19 05:38:00,1.246795,1.24678,1.24675,1.246815
2017-10-19 05:39:00,1.24663,1.24678,1.24663,1.24679
2017-10-19 05:40:00,1.24643,1.246635,1.24642,1.246635
2017-10-19 05:41:00,1.24642,1.246425,1.24634,1.24643
2017-10-19 05:42:00,1.24646,1.24643,1.2464,1.24648
2017-10-19 05:43:00,1.24654,1.24651,1.246505,1.246595
2017-10-19 05:44:00,1.246505,1.24656,1.246505,1.24656
2017-10-19 05:45:00,1.24673,1.246525,1.246515,1.24673
2017-10-19 05:46:00,1.246715,1.246725,1.246715,1.246765
2017-10-19 05:47:00,1.246755,1.24677,1.24672,1.24679
2017-10-19 05:48:00,1.246665,1.246755,1.246655,1.246765
2017-10-19 05:49:00,1.24672,1.24665,1.24665,1.246735
2017-10-19 05:50:00,1.246455,1.246695,1.246455,1.246695
2017-10-19 05:51:00,1.246575,1.246405,1.246395,1.246575
2017-10-19 05:52:00,1.2466,1.246595,1.246595,1.246665
2017-10-19 05:53:00,1.246495,1.246595,1.246485,1.246595
2017-10-19 05:54:00,1.246455,1.24649,1.24644,1.246515
2017-10-19 05:55:00,1.246335,1.246465,1.246335,1.246475
2017-10-19 05:56:00,1.24638,1.246325,1.246325,1.24638
2017-10-19 05:57:00,1.246305,1.24637,1.2463,1.2464
2017-10-19 05:58:00,1.246275,1.246305,1.246245,1.246375
2017-10-19 05:59:00,1.246115,1.24627,1.246115,1.246275
2017-10-19 06:00:00,1.246175,1.24611,1.24601,1.246175
2017-10-19 06:01:00,1.24636,1.246165,1.24616,1.246365
2017-10-19 06:02:00,1.24646,1.246385,1.24636,1.24647
2017-10-19 06:03:00,1.246565,1.246455,1.24645,1.246575
2017-10-19 06:04:00,1.24677,1.246585,1.24658,1.24679
2017-10-19 06:05:00,1.246745,1.246775,1.24673,1.246795
2017-10-19 06:06:00,1.246565,1.246705,1.246505,1.246725
2017-10-19 06:07:00,1.246685,1.24657,1.24657,1.2467
2017-10-19 06:08:00,1.24641,1.24667,1.246405,1.24672
2017-10-19 06:09:00,1.246485,1.246405,1.246395,1.24656
2017-10-19 06:10:00,1.246475,1.246485,1.246465,1.246585
2017-10-19 06:11:00,1.246455,1.24648,1.246405,1.24649
2017-10-19 06:12:00,1.246345,1.246515,1.246345,1.24653
2017-10-19 06:13:00,1.24638,1.246345,1.24626,1.24641
2017-10-19 06:14:00,1.246545,1.24632,1.24631,1.246545
2017-10-19 06:15:00,1.2464,1.24656,1.24638,1.246575
2017-10-19 06:16:00,1.24662,1.246395,1.246385,1.24662
2017-10-19 06:17:00,1.246515,1.246625,1.246485,1.24663
2017-10-19 06:18:00,1.246855,1.24653,1.246505,1.246855
2017-10-19 06:19:00,1.24679,1.246875,1.24675,1.246875
2017-10-19 06:20:00,1.246655,1.24678,1.24656,1.24678
2017-10-19 06:21:00,1.24658,1.246675,1.24658,1.246675
2017-10-19 06:22:00,1.24628,1.246575,1.24628,1.24658
2017-10-19 06:23:00,1.245855,1.246265,1.245795,1.246405
2017-10-19 06:24:00,1.24623,1.24588,1.24564,1.24638
2017-10-19 06:25:00,1.24621,1.246165,1.24607,1.24628
2017-10-19 06:26:00,1.24578,1.246205,1.245625,1.246205
2017-10-19 06:27:00,1.246245,1.245785,1.245505,1.24625
2017-10-19 06:28:00,1.24611,1.246255,1.24611,1.246345
2017-10-19 06:29:00,1.2461,1.246095,1.245945,1.24611
2017-10-19 06:30:00,1.246085,1.24607,1.246015,1.246195
2017-10-19 06:31:00,1.245795,1.24607,1.24573,1.24608
2017-10-19 06:32:00,1.245755,1.24582,1.245755,1.24592
2017-10-19 06:33:00,1.245595,1.2457,1.245545,1.24571
2017-10-19 06:34:00,1.245525,1.245645,1.24549,1.24571
2017-10-19 06:35:00,1.245555,1.245505,1.24547,1.245555
2017-10-19 06:36:00,1.245575,1.245575,1.245535,1.245625
2017-10-19 06:37:00,1.24538,1.24557,1.24531,1.24558
2017-10-19 06:38:00,1.245385,1.245435,1.245335,1.245485
2017-10-19 06:39:00,1.245355,1.24541,1.24533,1.24547
2017-10-19 06:40:00,1.24552,1.24535,1.245345,1.245575
2017-10-19 06:41:00,1.245445,1.245465,1.24542,1.245485
2017-10-19 06:42:00,1.24553,1.245395,1.24538,1.245535
2017-10-19 06:43:00,1.24558,1.245535,1.245525,1.24559
2017-10-19 06:44:00,1.245795,1.24557,1.245565,1.245795
2017-10-19 06:45:00,1.24575,1.2458,1.24574,1.245805
2017-10-19 06:46:00,1.245925,1.245805,1.24578,1.24593
2017-10-19 06:47:00,1.245515,1.245895,1.245515,1.2459
2017-10-19 06:48:00,1.245475,1.24552,1.24542,1.24554
2017-10-19 06:49:00,1.245135,1.245445,1.24513,1.24547
2017-10-19 06:50:00,1.245255,1.245155,1.245155,1.24527
2017-10-19 06:51:00,1.24521,1.2452,1.24508,1.24522
2017-10-19 06:52:00,1.2455,1.24528,1.24528,1.2455
2017-10-19 06:53:00,1.24534,1.245445,1.245225,1.245445
2017-10-19 06:54:00,1.24579,1.245335,1.24533,1.24579
2017-10-19 06:55:00,1.245675,1.24579,1.24561,1.24584
2017-10-19 06:56:00,1.24535,1.245685,1.245335,1.245705
2017-10-19 06:57:00,1.24552,1.245355,1.24534,1.245615
2017-10-19 06:58:00,1.245625,1.245515,1.245315,1.245635
2017-10-19 06:59:00,1.245645,1.24562,1.24552,1.245655
2017-10-19 07:00:00,1.2458,1.24564,1.245635,1.245845
2017-10-19 07:01:00,1.24563,1.24583,1.245625,1.24586
2017-10-19 07:02:00,1.24603,1.245635,1.245635,1.24603
2017-10-19 07:03:00,1.246115,1.24601,1.245945,1.246115
2017-10-19 07:04:00,1.24613,1.24614,1.24607,1.24625
2017-10-19 07:05:00,1.24631,1.24612,1.24612,1.24634
2017-10-19 07:06:00,1.246065,1.24637,1.246,1.24642
2017-10-19 07:07:00,1.24609,1.24608,1.24598,1.24611
2017-10-19 07:08:00,1.24634,1.246095,1.24609,1.246375
2017-10-19 07:09:00,1.246395,1.246355,1.246305,1.24646
2017-10-19 07:10:00,1.246395,1.246425,1.24637,1.246445
2017-10-19 07:11:00,1.2462,1.246375,1.246195,1.24646
2017-10-19 07:12:00,1.246385,1.246205,1.246205,1.246385
2017-10-19 07:13:00,1.24621,1.24638,1.246205,1.24642
2017-10-19 07:14:00,1.24626,1.246205,1.2462,1.24634
2017-10-19 07:15:00,1.24626,1.246265,1.246165,1.24628
2017-10-19 07:16:00,1.246275,1.24626,1.24624,1.24639
2017-10-19 07:17:00,1.24636,1.246305,1.24626,1.2464
2017-10-19 07:18:00,1.246415,1.246355,1.24633,1.246475
2017-10-19 07:19:00,1.24639,1.24642,1.246385,1.246425
2017-10-19 07:20:00,1.24665,1.24641,1.24641,1.246655
2017-10-19 07:21:00,1.24667,1.24663,1.246535,1.24668
2017-10-19 07:22:00,1.246615,1.24668,1.246605,1.24675
2017-10-19 07:23:00,1.246655,1.246625,1.24659,1.246715
2017-10-19 07:24:00,1.246785,1.246685,1.24668,1.24681
2017-10-19 07:25:00,1.24682,1.24677,1.246765,1.24696
2017-10-19 07:26:00,1.24696,1.24684,1.24682,1.24697
2017-10-19 07:27:00,1.246865,1.246965,1.2468,1.24697
2017-10-19 07:28:00,1.24686,1.24686,1.2468,1.24694
2017-10-19 07:29:00,1.246945,1.246865,1.24681,1.24697
2017-10-19 07:30:00,1.246815,1.247,1.246765,1.247005
2017-10-19 07:31:00,1.24644,1.24681,1.246405,1.24681
2017-10-19 07:32:00,1.247135,1.246445,1.246445,1.247165
2017-10-19 07:33:00,1.24698,1.24714,1.24692,1.24715
2017-10-19 07:34:00,1.246765,1.24698,1.246705,1.247125
2017-10-19 07:35:00,1.24691,1.246815,1.2468,1.247055
2017-10-19 07:36:00,1.246735,1.24692,1.246725,1.246925
2017-10-19 07:37:00,1.246915,1.24673,1.24667,1.24694
2017-10-19 07:38:00,1.24694,1.246915,1.24685,1.24701
2017-10-19 07:39:00,1.246875,1.246915,1.24686,1.24693
2017-10-19 07:40:00,1.2469,1.24693,1.24687,1.24694
2017-10-19 07:41:00,1.24702,1.246925,1.246925,1.247215
2017-10-19 07:42:00,1.246975,1.24704,1.246955,1.24704
2017-10-19 07:43:00,1.24702,1.246975,1.24695,1.24702
2017-10-19 07:44:00,1.247085,1.24707,1.24706,1.24709
2017-10-19 07:45:00,1.246985,1.24706,1.246975,1.247125
2017-10-19 07:46:00,1.24706,1.246995,1.246975,1.24716
2017-10-19 07:47:00,1.24704,1.247065,1.246985,1.24708
2017-10-19 07:48:00,1.24704,1.24704,1.24703,1.247055
2017-10-19 07:49:00,1.24672,1.247095,1.246705,1.24715
2017-10-19 07:50:00,1.24671,1.246735,1.24653,1.246855
2017-10-19 07:51:00,1.246615,1.246735,1.24655,1.246745
2017-10-19 07:52:00,1.246525,1.24656,1.24651,1.24662
2017-10-19 07:53:00,1.246605,1.246475,1.24647,1.246615
2017-10-19 07:54:00,1.246235,1.246595,1.24611,1.246615
2017-10-19 07:55:00,1.24625,1.246255,1.24611,1.24642
2017-10-19 07:56:00,1.24626,1.2463,1.246095,1.24641
2017-10-19 07:57:00,1.24653,1.24625,1.246245,1.24653
2017-10-19 07:58:00,1.246555,1.24655,1.24642,1.246645
2017-10-19 07:59:00,1.246545,1.246575,1.24654,1.246595
2017-10-19 08:00:00,1.246295,1.246545,1.246285,1.24655
2017-10-19 08:01:00,1.24593,1.246285,1.24593,1.24641
2017-10-19 08:02:00,1.246045,1.24598,1.245865,1.246285
2017-10-19 08:03:00,1.245725,1.246075,1.245605,1.24615
2017-10-19 08:04:00,1.24569,1.24573,1.24564,1.24579
2017-10-19 08:05:00,1.24579,1.24564,1.2456,1.245835
2017-10-19 08:06:00,1.245735,1.245765,1.245675,1.24583
2017-10-19 08:07:00,1.24576,1.24574,1.24572,1.24581
2017-10-19 08:08:00,1.246055,1.245765,1.245765,1.246125
2017-10-19 08:09:00,1.246145,1.24605,1.246015,1.24619
2017-10-19 08:10:00,1.24626,1.24612,1.24608,1.24631
2017-10-19 08:11:00,1.24598,1.24626,1.24598,1.246315
2017-10-19 08:12:00,1.246015,1.245965,1.2459,1.246025
2017-10-19 08:13:00,1.24612,1.24602,1.24601,1.246135
2017-10-19 08:14:00,1.24609,1.246125,1.245955,1.246135
2017-10-19 08:15:00,1.246075,1.246085,1.245985,1.246205
2017-10-19 08:16:00,1.246195,1.246045,1.246035,1.24629
2017-10-19 08:17:00,1.246435,1.246205,1.24618,1.246455
2017-10-19 08:18:00,1.24642,1.246485,1.24638,1.24651
2017-10-19 08:19:00,1.246625,1.2464,1.246385,1.246665
2017-10-19 08:20:00,1.24674,1.24661,1.24661,1.246835
2017-10-19 08:21:00,1.246955,1.24676,1.246645,1.246975
2017-10-19 08:22:00,1.24704,1.24701,1.246905,1.24714
2017-10-19 08:23:00,1.247005,1.246985,1.246925,1.24711
2017-10-19 08:24:00,1.24713,1.246955,1.246745,1.247245
2017-10-19 08:25:00,1.246985,1.247125,1.24697,1.247175
2017-10-19 08:26:00,1.24713,1.24698,1.246885,1.247155
2017-10-19 08:27:00,1.247045,1.247125,1.24697,1.247145
2017-10-19 08:28:00,1.246935,1.24705,1.246825,1.24705
2017-10-19 08:29:00,1.246895,1.246955,1.246885,1.24702
2017-10-19 08:30:00,1.24712,1.24687,1.24666,1.24734
2017-10-19 08:31:00,1.246945,1.24736,1.246765,1.24755
2017-10-19 08:32:00,1.246885,1.24692,1.246675,1.24717
2017-10-19 08:33:00,1.247005,1.24687,1.24686,1.24704
2017-10-19 08:34:00,1.247375,1.247,1.246875,1.24743
2017-10-19 08:35:00,1.2475,1.247375,1.247265,1.24755
2017-10-19 08:36:00,1.247825,1.24752,1.24752,1.247825
2017-10-19 08:37:00,1.24775,1.247835,1.24772,1.247955
2017-10-19 08:38:00,1.24807,1.24779,1.24779,1.24817
2017-10-19 08:39:00,1.248215,1.248085,1.24799,1.248265
2017-10-19 08:40:00,1.24803,1.24816,1.24774,1.2482
2017-10-19 08:41:00,1.247745,1.24804,1.24773,1.248115
2017-10-19 08:42:00,1.2479,1.247715,1.247645,1.247995
2017-10-19 08:43:00,1.247755,1.247905,1.24751,1.247905
2017-10-19 08:44:00,1.24802,1.24778,1.247515,1.24811
2017-10-19 08:45:00,1.24807,1.248015,1.24796,1.248085
2017-10-19 08:46:00,1.248255,1.24813,1.24813,1.2484
2017-10-19 08:47:00,1.24821,1.24823,1.248145,1.248315
2017-10-19 08:48:00,1.248175,1.248195,1.24811,1.248355
2017-10-19 08:49:00,1.24802,1.24818,1.24797,1.24825
2017-10-19 08:50:00,1.24782,1.248045,1.24778,1.248165
2017-10-19 08:51:00,1.247985,1.24783,1.247825,1.24812
2017-10-19 08:52:00,1.247645,1.24798,1.24758,1.24798
2017-10-19 08:53:00,1.247635,1.247665,1.247425,1.247805
2017-10-19 08:54:00,1.247345,1.24769,1.247315,1.247755
2017-10-19 08:55:00,1.247665,1.247345,1.247335,1.247705
2017-10-19 08:56:00,1.24775,1.24766,1.24764,1.247815
2017-10-19 08:57:00,1.247825,1.24772,1.2477,1.247835
2017-10-19 08:58:00,1.248035,1.24783,1.24783,1.248085
2017-10-19 08:59:00,1.24812,1.248045,1.24777,1.24812
2017-10-19 09:00:00,1.248095,1.248125,1.248095,1.24828
2017-10-19 09:01:00,1.24816,1.2481,1.248095,1.248325
2017-10-19 09:02:00,1.24813,1.248155,1.248035,1.24826
2017-10-19 09:03:00,1.248195,1.248145,1.248125,1.24829
2017-10-19 09:04:00,1.24799,1.24819,1.247915,1.2483
2017-10-19 09:05:00,1.247895,1.24802,1.247685,1.24806
2017-10-19 09:06:00,1.24815,1.24789,1.24789,1.248205
2017-10-19 09:07:00,1.248335,1.248155,1.248085,1.248345
2017-10-19 09:08:00,1.248195,1.248385,1.248165,1.24839
2017-10-19 09:09:00,1.24834,1.24821,1.248185,1.248355
2017-10-19 09:10:00,1.24836,1.24831,1.24822,1.248365
2017-10-19 09:11:00,1.24828,1.24836,1.248275,1.24837
2017-10-19 09:12:00,1.24797,1.248285,1.247925,1.24848
2017-10-19 09:13:00,1.247745,1.247915,1.247715,1.24792
2017-10-19 09:14:00,1.24775,1.24773,1.247725,1.24794
2017-10-19 09:15:00,1.24782,1.247765,1.247755,1.24788
2017-10-19 09:16:00,1.247815,1.247765,1.24765,1.247815
2017-10-19 09:17:00,1.248015,1.24781,1.24778,1.248065
2017-10-19 09:18:00,1.24777,1.247965,1.24771,1.24797
2017-10-19 09:19:00,1.247885,1.247765,1.247765,1.24792
2017-10-19 09:20:00,1.248225,1.24794,1.24794,1.2483
2017-10-19 09:21:00,1.24847,1.24822,1.248215,1.248505
2017-10-19 09:22:00,1.248425,1.24853,1.248405,1.24856
2017-10-19 09:23:00,1.24832,1.248435,1.24829,1.24849
2017-10-19 09:24:00,1.24818,1.248325,1.248155,1.248325
2017-10-19 09:25:00,1.24819,1.24813,1.24812,1.248205
2017-10-19 09:26:00,1.24817,1.24815,1.248095,1.24819
2017-10-19 09:27:00,1.24795,1.248115,1.247915,1.248115
2017-10-19 09:28:00,1.24774,1.247955,1.247735,1.24796
2017-10-19 09:29:00,1.24787,1.247725,1.2477,1.24787
2017-10-19 09:30:00,1.24803,1.24786,1.247835,1.24805
2017-10-19 09:31:00,1.248365,1.24802,1.24802,1.248375
2017-10-19 09:32:00,1.24828,1.24834,1.24823,1.24843
2017-10-19 09:33:00,1.248065,1.248285,1.247995,1.248435
2017-10-19 09:34:00,1.24822,1.248085,1.24798,1.24822
2017-10-19 09:35:00,1.247975,1.248225,1.247855,1.248305
2017-10-19 09:36:00,1.247715,1.247965,1.2477,1.247965
2017-10-19 09:37:00,1.24781,1.24772,1.24763,1.247815
2017-10-19 09:38:00,1.24771,1.24786,1.247665,1.2479
2017-10-19 09:39:00,1.247815,1.24772,1.247655,1.24793
2017-10-19 09:40:00,1.24781,1.2478,1.247785,1.247995
2017-10-19 09:41:00,1.248045,1.24775,1.24774,1.24806
2017-10-19 09:42:00,1.24815,1.24806,1.24798,1.248175
2017-10-19 09:43:00,1.248015,1.248205,1.247965,1.248205
2017-10-19 09:44:00,1.247965,1.248015,1.247865,1.24813
2017-10-19 09:45:00,1.248125,1.24797,1.24795,1.24818
2017-10-19 09:46:00,1.248425,1.248145,1.24814,1.248425
2017-10-19 09:47:00,1.248215,1.248485,1.248155,1.248515
2017-10-19 09:48:00,1.248315,1.24821,1.24818,1.24841
2017-10-19 09:49:00,1.248305,1.24829,1.248195,1.248355
2017-10-19 09:50:00,1.24829,1.248315,1.24823,1.248435
2017-10-19 09:51:00,1.248245,1.24831,1.248135,1.248355
2017-10-19 09:52:00,1.248195,1.24824,1.24812,1.248245
2017-10-19 09:53:00,1.248175,1.248135,1.248095,1.24827
2017-10-19 09:54:00,1.24829,1.24812,1.24806,1.248305
2017-10-19 09:55:00,1.24795,1.24834,1.247885,1.24835
2017-10-19 09:56:00,1.24796,1.247945,1.247905,1.24808
2017-10-19 09:57:00,1.24793,1.24791,1.247835,1.24799
2017-10-19 09:58:00,1.247825,1.247875,1.247825,1.24806
2017-10-19 09:59:00,1.247815,1.24783,1.247725,1.24785
2017-10-19 10:00:00,1.247685,1.24783,1.24762,1.24787
2017-10-19 10:01:00,1.247485,1.247695,1.24746,1.24785
2017-10-19 10:02:00,1.247355,1.247485,1.24731,1.24763
2017-10-19 10:03:00,1.24732,1.24735,1.24708,1.247415
2017-10-19 10:04:00,1.24736,1.247375,1.24734,1.247485
2017-10-19 10:05:00,1.247515,1.247365,1.247365,1.24762
2017-10-19 10:06:00,1.247805,1.24752,1.24751,1.247805
2017-10-19 10:07:00,1.247495,1.247855,1.247475,1.24787
2017-10-19 10:08:00,1.24751,1.24744,1.247315,1.247515
2017-10-19 10:09:00,1.24775,1.247525,1.247515,1.24778
2017-10-19 10:10:00,1.248,1.24777,1.247685,1.248065
2017-10-19 10:11:00,1.248135,1.248055,1.24797,1.248165
2017-10-19 10:12:00,1.24778,1.248145,1.24768,1.248195
2017-10-19 10:13:00,1.247585,1.247775,1.24753,1.247775
2017-10-19 10:14:00,1.24755,1.247575,1.24744,1.24765
2017-10-19 10:15:00,1.247695,1.247495,1.247425,1.247715
2017-10-19 10:16:00,1.247805,1.24767,1.247565,1.24781
2017-10-19 10:17:00,1.247985,1.24783,1.2478,1.24801
2017-10-19 10:18:00,1.248285,1.24799,1.24799,1.2483
2017-10-19 10:19:00,1.248135,1.24829,1.248085,1.2483
2017-10-19 10:20:00,1.24806,1.248155,1.248055,1.2483
2017-10-19 10:21:00,1.248125,1.248085,1.24806,1.248155
2017-10-19 10:22:00,1.248145,1.248125,1.24808,1.24819
2017-10-19 10:23:00,1.248175,1.24814,1.2481,1.24822
2017-10-19 10:24:00,1.248185,1.24817,1.24814,1.248235
2017-10-19 10:25:00,1.248425,1.248185,1.24812,1.248425
2017-10-19 10:26:00,1.248205,1.24837,1.248155,1.24838
2017-10-19 10:27:00,1.24806,1.24821,1.24806,1.248215
2017-10-19 10:28:00,1.24805,1.24812,1.24802,1.248205
2017-10-19 10:29:00,1.248275,1.248035,1.248025,1.248325
2017-10-19 10:30:00,1.248325,1.248255,1.24819,1.248475
2017-10-19 10:31:00,1.248255,1.24833,1.248145,1.24833
2017-10-19 10:32:00,1.24825,1.248265,1.248245,1.24841
2017-10-19 10:33:00,1.248475,1.248245,1.248225,1.24854
2017-10-19 10:34:00,1.247735,1.248475,1.24773,1.2486
2017-10-19 10:35:00,1.247475,1.247735,1.24745,1.2478
2017-10-19 10:36:00,1.247595,1.24748,1.247475,1.24776
2017-10-19 10:37:00,1.247505,1.247615,1.247425,1.247695
2017-10-19 10:38:00,1.24748,1.24745,1.247315,1.24752
2017-10-19 10:39:00,1.24767,1.24746,1.247455,1.247675
2017-10-19 10:40:00,1.24759,1.247615,1.247555,1.247655
2017-10-19 10:41:00,1.24778,1.247535,1.247425,1.24781
2017-10-19 10:42:00,1.247995,1.247785,1.247725,1.24806
2017-10-19 10:43:00,1.247955,1.248,1.24794,1.24812
2017-10-19 10:44:00,1.247825,1.24795,1.24781,1.24802
2017-10-19 10:45:00,1.247645,1.24784,1.247385,1.24786
2017-10-19 10:46:00,1.247335,1.2477,1.24726,1.24771
2017-10-19 10:47:00,1.24747,1.247345,1.24719,1.24749
2017-10-19 10:48:00,1.247235,1.24746,1.247235,1.247465
2017-10-19 10:49:00,1.247095,1.24721,1.24694,1.247245
2017-10-19 10:50:00,1.247045,1.24715,1.24679,1.247255
2017-10-19 10:51:00,1.24687,1.247035,1.2467,1.24705
2017-10-19 10:52:00,1.2471,1.246895,1.246805,1.247115
2017-10-19 10:53:00,1.2469,1.247095,1.24689,1.2472
2017-10-19 10:54:00,1.24664,1.246905,1.24664,1.24691
2017-10-19 10:55:00,1.24672,1.246585,1.246445,1.246725
2017-10-19 10:56:00,1.24639,1.246715,1.246205,1.246715
2017-10-19 10:57:00,1.246325,1.24642,1.24631,1.246435
2017-10-19 10:58:00,1.246235,1.24637,1.24601,1.24638
2017-10-19 10:59:00,1.246165,1.246255,1.24608,1.24628
2017-10-19 11:00:00,1.24613,1.24611,1.246055,1.246315
2017-10-19 11:01:00,1.24622,1.24613,1.24585,1.246225
2017-10-19 11:02:00,1.246005,1.24618,1.24593,1.2462
2017-10-19 11:03:00,1.246395,1.246,1.24574,1.246445
2017-10-19 11:04:00,1.246465,1.246345,1.24626,1.246485
2017-10-19 11:05:00,1.246715,1.24646,1.24636,1.24678
2017-10-19 11:06:00,1.24674,1.24671,1.246645,1.24679
2017-10-19 11:07:00,1.24672,1.246735,1.24669,1.246895
2017-10-19 11:08:00,1.246845,1.246725,1.246685,1.24693
2017-10-19 11:09:00,1.246725,1.24682,1.24671,1.246855
2017-10-19 11:10:00,1.24683,1.24671,1.24671,1.246985
2017-10-19 11:11:00,1.24694,1.24682,1.2468,1.24702
2017-10-19 11:12:00,1.24696,1.246935,1.24692,1.247035
2017-10-19 11:13:00,1.246935,1.246955,1.2469,1.247155
2017-10-19 11:14:00,1.24662,1.246925,1.246565,1.24693
2017-10-19 11:15:00,1.24673,1.246595,1.24648,1.246745
2017-10-19 11:16:00,1.246695,1.24672,1.24669,1.246865
2017-10-19 11:17:00,1.246555,1.246685,1.246385,1.246705
2017-10-19 11:18:00,1.24672,1.24655,1.246535,1.24677
2017-10-19 11:19:00,1.246715,1.2467,1.24667,1.24677
2017-10-19 11:20:00,1.246905,1.24671,1.246695,1.246905
2017-10-19 11:21:00,1.24676,1.2469,1.24671,1.24691
2017-10-19 11:22:00,1.246865,1.24671,1.24671,1.24692
2017-10-19 11:23:00,1.247005,1.246925,1.246755,1.247015
2017-10-19 11:24:00,1.247155,1.247065,1.247065,1.24717
2017-10-19 11:25:00,1.24709,1.24715,1.24691,1.24716
2017-10-19 11:26:00,1.247025,1.247095,1.246995,1.2471
2017-10-19 11:27:00,1.24715,1.247035,1.247025,1.24717
2017-10-19 11:28:00,1.24677,1.24715,1.24677,1.247155
2017-10-19 11:29:00,1.24697,1.24676,1.246755,1.24705
2017-10-19 11:30:00,1.247065,1.24692,1.246915,1.247075
2017-10-19 11:31:00,1.2472,1.247015,1.24693,1.2472
2017-10-19 11:32:00,1.247305,1.247195,1.247085,1.24742
2017-10-19 11:33:00,1.24708,1.247315,1.24701,1.247315
2017-10-19 11:34:00,1.247305,1.247055,1.24701,1.24733
2017-10-19 11:35:00,1.247245,1.24726,1.247155,1.247295
2017-10-19 11:36:00,1.24719,1.247235,1.247095,1.24724
2017-10-19 11:37:00,1.247075,1.2472,1.24706,1.24721
2017-10-19 11:38:00,1.246895,1.24706,1.246845,1.24706
2017-10-19 11:39:00,1.246905,1.246895,1.24689,1.24693
2017-10-19 11:40:00,1.246955,1.24691,1.246895,1.246975
2017-10-19 11:41:00,1.24669,1.24696,1.246675,1.246965
2017-10-19 11:42:00,1.246815,1.24668,1.246675,1.24682
2017-10-19 11:43:00,1.246765,1.24681,1.2467,1.24682
2017-10-19 11:44:00,1.24697,1.246815,1.246815,1.24697
2017-10-19 11:45:00,1.246985,1.246965,1.24694,1.247045
2017-10-19 11:46:00,1.247025,1.246985,1.246975,1.247245
2017-10-19 11:47:00,1.247215,1.24705,1.24704,1.247235
2017-10-19 11:48:00,1.24726,1.247205,1.24716,1.2473
2017-10-19 11:49:00,1.24719,1.247235,1.247095,1.247235
2017-10-19 11:50:00,1.247165,1.247245,1.247145,1.24725
2017-10-19 11:51:00,1.24703,1.247165,1.24703,1.247165
2017-10-19 11:52:00,1.24712,1.24699,1.24692,1.24713
2017-10-19 11:53:00,1.246905,1.247115,1.246875,1.247115
2017-10-19 11:54:00,1.246905,1.24691,1.2468,1.246955
2017-10-19 11:55:00,1.246825,1.2469,1.246825,1.246975
2017-10-19 11:56:00,1.24745,1.246875,1.246875,1.24747
2017-10-19 11:57:00,1.247785,1.24749,1.24749,1.247915
2017-10-19 11:58:00,1.24781,1.247825,1.247735,1.248145
2017-10-19 11:59:00,1.24821,1.247805,1.247795,1.24833
2017-10-19 12:00:00,1.2488,1.24824,1.24815,1.249015
2017-10-19 12:01:00,1.24861,1.248825,1.248205,1.24885
2017-10-19 12:02:00,1.248495,1.248615,1.248375,1.248685
2017-10-19 12:03:00,1.24836,1.248525,1.24836,1.248615
2017-10-19 12:04:00,1.24838,1.24841,1.248325,1.248585
2017-10-19 12:05:00,1.24826,1.24833,1.24821,1.248485
2017-10-19 12:06:00,1.248045,1.24827,1.248005,1.24827
2017-10-19 12:07:00,1.248065,1.24806,1.248005,1.24814
2017-10-19 12:08:00,1.248265,1.24806,1.24802,1.24832
2017-10-19 12:09:00,1.248265,1.248265,1.248245,1.24829
2017-10-19 12:10:00,1.24843,1.24824,1.24808,1.24847
2017-10-19 12:11:00,1.248425,1.248415,1.248335,1.248475
2017-10-19 12:12:00,1.248465,1.24842,1.24841,1.248695
2017-10-19 12:13:00,1.24838,1.248435,1.24838,1.248455
2017-10-19 12:14:00,1.248105,1.248355,1.248095,1.24836
2017-10-19 12:15:00,1.248285,1.24811,1.24809,1.248335
2017-10-19 12:16:00,1.24827,1.24827,1.24825,1.248395
2017-10-19 12:17:00,1.247855,1.24823,1.24775,1.24823
2017-10-19 12:18:00,1.247925,1.247835,1.247835,1.24802
2017-10-19 12:19:00,1.247915,1.24787,1.24781,1.247945
2017-10-19 12:20:00,1.24794,1.24791,1.24786,1.24802
2017-10-19 12:21:00,1.24808,1.24793,1.24792,1.248135
2017-10-19 12:22:00,1.24797,1.2481,1.24795,1.24811
2017-10-19 12:23:00,1.247755,1.247915,1.247755,1.247915
2017-10-19 12:24:00,1.247615,1.24778,1.247615,1.2478
2017-10-19 12:25:00,1.24758,1.24761,1.24752,1.247665
2017-10-19 12:26:00,1.24745,1.247575,1.24743,1.24759
2017-10-19 12:27:00,1.24772,1.247455,1.247455,1.247765
2017-10-19 12:28:00,1.24788,1.247715,1.247705,1.24794
2017-10-19 12:29:00,1.24795,1.24788,1.24783,1.248065
2017-10-19 12:30:00,1.24786,1.247945,1.247845,1.247965
2017-10-19 12:31:00,1.247665,1.24785,1.247665,1.24791
2017-10-19 12:32:00,1.24759,1.247635,1.24757,1.24764
2017-10-19 12:33:00,1.24779,1.247595,1.247595,1.24779
2017-10-19 12:34:00,1.247525,1.247785,1.24747,1.247785
2017-10-19 12:35:00,1.247575,1.24753,1.24753,1.247615
2017-10-19 12:36:00,1.24772,1.2476,1.2476,1.24772
2017-10-19 12:37:00,1.24775,1.247745,1.247635,1.24778
2017-10-19 12:38:00,1.247675,1.24775,1.247615,1.247755
2017-10-19 12:39:00,1.2476,1.24764,1.24758,1.24764
2017-10-19 12:40:00,1.247755,1.24766,1.247655,1.24777
2017-10-19 12:41:00,1.247645,1.247725,1.2476,1.247725
2017-10-19 12:42:00,1.24766,1.247635,1.24763,1.24776
2017-10-19 12:43:00,1.247605,1.247675,1.247605,1.247745
2017-10-19 12:44:00,1.24745,1.247585,1.24745,1.24759
2017-10-19 12:45:00,1.247535,1.2475,1.2475,1.24756
2017-10-19 12:46:00,1.2474,1.247545,1.2474,1.247595
2017-10-19 12:47:00,1.24746,1.247425,1.247425,1.247525
2017-10-19 12:48:00,1.24733,1.247465,1.24733,1.247545
2017-10-19 12:49:00,1.24743,1.24738,1.24738,1.24745
2017-10-19 12:50:00,1.247515,1.24745,1.247375,1.24755
2017-10-19 12:51:00,1.247435,1.24752,1.24743,1.24752
2017-10-19 12:52:00,1.247485,1.24749,1.24748,1.24754
2017-10-19 12:53:00,1.247575,1.247455,1.247445,1.247585
2017-10-19 12:54:00,1.24763,1.247545,1.247485,1.24763
2017-10-19 12:55:00,1.247495,1.247635,1.247495,1.24766
2017-10-19 12:56:00,1.247465,1.24748,1.247455,1.247555
2017-10-19 12:57:00,1.24751,1.24746,1.247455,1.24754
2017-10-19 12:58:00,1.247325,1.24749,1.24732,1.24751
2017-10-19 12:59:00,1.247215,1.24728,1.24715,1.24729
2017-10-19 13:00:00,1.24724,1.247215,1.247165,1.24732
2017-10-19 13:01:00,1.247185,1.24722,1.24709,1.24724
2017-10-19 13:02:00,1.24718,1.247135,1.24713,1.24718
2017-10-19 13:03:00,1.247275,1.24716,1.24716,1.247285
2017-10-19 13:04:00,1.247525,1.247325,1.24731,1.24754
2017-10-19 13:05:00,1.24762,1.247525,1.24739,1.24762
2017-10-19 13:06:00,1.247615,1.2476,1.24757,1.247655
2017-10-19 13:07:00,1.247525,1.247625,1.247525,1.247635
2017-10-19 13:08:00,1.24745,1.247505,1.24738,1.247505
2017-10-19 13:09:00,1.24754,1.247455,1.24741,1.247545
2017-10-19 13:10:00,1.247635,1.247535,1.2475,1.24764
2017-10-19 13:11:00,1.247615,1.24762,1.2476,1.24763
2017-10-19 13:12:00,1.24761,1.24759,1.24748,1.247615
2017-10-19 13:13:00,1.2476,1.24766,1.247595,1.247665
2017-10-19 13:14:00,1.247645,1.2476,1.24757,1.24765
2017-10-19 13:15:00,1.247665,1.24762,1.24762,1.247665
2017-10-19 13:16:00,1.24779,1.247685,1.247685,1.24779
2017-10-19 13:17:00,1.24786,1.247795,1.247795,1.24791
2017-10-19 13:18:00,1.24775,1.247865,1.2477,1.247895
2017-10-19 13:19:00,1.24768,1.24775,1.24768,1.247765
2017-10-19 13:20:00,1.247885,1.24768,1.247675,1.247885
2017-10-19 13:21:00,1.24794,1.24791,1.24791,1.24799
2017-10-19 13:22:00,1.24794,1.247945,1.247885,1.24795
2017-10-19 13:23:00,1.24787,1.247945,1.24786,1.247985
2017-10-19 13:24:00,1.24786,1.24786,1.24779,1.247865
2017-10-19 13:25:00,1.247925,1.247915,1.24791,1.24797
2017-10-19 13:26:00,1.247815,1.247925,1.247745,1.24794
2017-10-19 13:27:00,1.24795,1.247805,1.2478,1.247965
2017-10-19 13:28:00,1.24791,1.24794,1.24788,1.24794
2017-10-19 13:29:00,1.24776,1.24789,1.24776,1.24791
2017-10-19 13:30:00,1.247765,1.247765,1.247735,1.24777
2017-10-19 13:31:00,1.24786,1.24779,1.24779,1.24788
2017-10-19 13:32:00,1.24785,1.247855,1.247805,1.24786
2017-10-19 13:33:00,1.247895,1.247895,1.247895,1.247895
2017-10-19 13:34:00,1.248225,1.24795,1.24795,1.248225
2017-10-19 13:35:00,1.24812,1.24822,1.248095,1.24823
2017-10-19 13:36:00,1.24803,1.24807,1.247945,1.24807
2017-10-19 13:37:00,1.248065,1.248035,1.24803,1.248105
2017-10-19 13:38:00,1.24794,1.24807,1.24794,1.24813
2017-10-19 13:39:00,1.247895,1.247945,1.247875,1.24795
2017-10-19 13:40:00,1.247945,1.24789,1.247885,1.24799
2017-10-19 13:41:00,1.247975,1.247975,1.247975,1.247975
2017-10-19 13:42:00,1.248115,1.247945,1.247925,1.248115
2017-10-19 13:43:00,1.24801,1.24812,1.24799,1.24812
2017-10-19 13:44:00,1.247875,1.24799,1.247875,1.24799
2017-10-19 13:45:00,1.247855,1.247855,1.24785,1.247915
2017-10-19 13:46:00,1.24792,1.24786,1.24786,1.24793
2017-10-19 13:47:00,1.247895,1.247915,1.247895,1.247915
2017-10-19 13:48:00,1.24793,1.24791,1.247895,1.247935
2017-10-19 13:49:00,1.248095,1.24796,1.24796,1.24813
2017-10-19 13:50:00,1.24806,1.24811,1.24805,1.24812
2017-10-19 13:51:00,1.248085,1.24806,1.24806,1.248115
2017-10-19 13:52:00,1.24803,1.248035,1.24801,1.24805
2017-10-19 13:53:00,1.248115,1.24805,1.24805,1.248115
2017-10-19 13:54:00,1.24818,1.248165,1.24816,1.24818
2017-10-19 13:55:00,1.2481,1.248155,1.24809,1.248155
2017-10-19 13:56:00,1.248155,1.24812,1.24812,1.248165
2017-10-19 13:57:00,1.248225,1.248165,1.248165,1.24823
2017-10-19 13:58:00,1.248265,1.24822,1.24817,1.248285
2017-10-19 13:59:00,1.248195,1.24828,1.248155,1.24831
2017-10-19 14:00:00,1.248215,1.24813,1.24812,1.248215
2017-10-19 14:01:00,1.248125,1.248165,1.248085,1.248175
2017-10-19 14:02:00,1.2481,1.248105,1.248055,1.24812
2017-10-19 14:03:00,1.24794,1.24805,1.247925,1.24805
2017-10-19 14:04:00,1.247945,1.2479,1.247885,1.247955
2017-10-19 14:05:00,1.24801,1.24794,1.247935,1.248025
2017-10-19 14:06:00,1.24801,1.248015,1.248005,1.248025
2017-10-19 14:07:00,1.2482,1.248015,1.248015,1.2482
2017-10-19 14:08:00,1.248265,1.2482,1.2482,1.248265
2017-10-19 14:09:00,1.248315,1.248285,1.248225,1.24832
2017-10-19 14:10:00,1.248345,1.248315,1.24828,1.248345
2017-10-19 14:11:00,1.24832,1.24829,1.24828,1.248375
2017-10-19 14:12:00,1.248245,1.24827,1.248235,1.24828
2017-10-19 14:13:00,1.24821,1.248185,1.248175,1.24823
2017-10-19 14:14:00,1.24823,1.248215,1.248215,1.24826
2017-10-19 14:15:00,1.248155,1.24821,1.248155,1.248215
2017-10-19 14:16:00,1.24816,1.24815,1.248105,1.248165
2017-10-19 14:17:00,1.24829,1.248185,1.24818,1.248295
2017-10-19 14:18:00,1.248585,1.248285,1.24827,1.248585
2017-10-19 14:19:00,1.24875,1.24858,1.24858,1.248825
2017-10-19 14:20:00,1.24873,1.24874,1.24867,1.24882
2017-10-19 14:21:00,1.24871,1.248735,1.248675,1.24874
2017-10-19 14:22:00,1.248865,1.248715,1.2487,1.24887
2017-10-19 14:23:00,1.24868,1.248855,1.248645,1.24886
2017-10-19 14:24:00,1.248705,1.248685,1.248655,1.248715
2017-10-19 14:25:00,1.24872,1.24872,1.248715,1.24873
2017-10-19 14:26:00,1.248735,1.248705,1.248655,1.24874
2017-10-19 14:27:00,1.24878,1.248755,1.248735,1.248905
2017-10-19 14:28:00,1.248855,1.24879,1.248735,1.248855
2017-10-19 14:29:00,1.24883,1.24885,1.248765,1.248895
2017-10-19 14:30:00,1.248725,1.24885,1.248665,1.24885
2017-10-19 14:31:00,1.24877,1.24872,1.248715,1.248855
2017-10-19 14:32:00,1.24869,1.24875,1.24867,1.24875
2017-10-19 14:33:00,1.24872,1.248695,1.248695,1.248725
2017-10-19 14:34:00,1.24875,1.24875,1.24875,1.24875
2017-10-19 14:35:00,1.24875,1.24875,1.24875,1.24875
2017-10-19 14:36:00,1.248615,1.248695,1.24857,1.248695
2017-10-19 14:37:00,1.24866,1.248625,1.24862,1.24872
2017-10-19 14:38:00,1.248555,1.248655,1.24855,1.24866
2017-10-19 14:39:00,1.248595,1.24856,1.24856,1.24865
2017-10-19 14:40:00,1.248505,1.248595,1.248505,1.248595
2017-10-19 14:41:00,1.24865,1.2485,1.248495,1.248655
2017-10-19 14:42:00,1.248705,1.248645,1.24864,1.248715
2017-10-19 14:43:00,1.248765,1.24875,1.248745,1.24877
2017-10-19 14:44:00,1.248825,1.24877,1.24876,1.24884
2017-10-19 14:45:00,1.24874,1.248835,1.24874,1.24884
2017-10-19 14:46:00,1.24874,1.248835,1.24874,1.24884
2017-10-19 14:47:00,1.24874,1.248835,1.24874,1.24884
2017-10-19 14:48:00,1.248705,1.248685,1.248655,1.24878
2017-10-19 14:49:00,1.2487,1.2487,1.24868,1.24871
2017-10-19 14:50:00,1.248695,1.248695,1.24865,1.24871
2017-10-19 14:51:00,1.2487,1.2487,1.2487,1.2487
2017-10-19 14:52:00,1.24875,1.248695,1.24869,1.24876
2017-10-19 14:53:00,1.24873,1.248745,1.24873,1.248835
2017-10-19 14:54:00,1.248875,1.24871,1.248665,1.24891
2017-10-19 14:55:00,1.248865,1.24889,1.24886,1.248915
2017-10-19 14:56:00,1.24887,1.24887,1.248865,1.248875
2017-10-19 14:57:00,1.24887,1.24887,1.248865,1.248875
2017-10-19 14:58:00,1.24887,1.24887,1.248865,1.248875
2017-10-19 14:59:00,1.24887,1.248845,1.248845,1.24891
2017-10-19 15:00:00,1.24888,1.248895,1.2488,1.2489
2017-10-19 15:01:00,1.249005,1.24891,1.248815,1.24908
2017-10-19 15:02:00,1.24893,1.248995,1.248845,1.248995
2017-10-19 15:03:00,1.248965,1.24888,1.24884,1.249005
2017-10-19 15:04:00,1.249025,1.248975,1.248975,1.249025
2017-10-19 15:05:00,1.24907,1.24907,1.24906,1.24909
2017-10-19 15:06:00,1.24913,1.249065,1.24906,1.249135
2017-10-19 15:07:00,1.24913,1.249155,1.24909,1.249175
2017-10-19 15:08:00,1.249065,1.249105,1.249065,1.249105
2017-10-19 15:09:00,1.24904,1.249115,1.248995,1.249125
2017-10-19 15:10:00,1.24902,1.249035,1.24902,1.24905
2017-10-19 15:11:00,1.24902,1.249035,1.24902,1.24905
2017-10-19 15:12:00,1.24911,1.249025,1.249015,1.24912
2017-10-19 15:13:00,1.24913,1.24916,1.24913,1.24916
2017-10-19 15:14:00,1.24912,1.24914,1.249095,1.24914
2017-10-19 15:15:00,1.2491,1.24907,1.24906,1.249125
2017-10-19 15:16:00,1.249185,1.24907,1.24902,1.24921
2017-10-19 15:17:00,1.24915,1.24916,1.24915,1.249205
2017-10-19 15:18:00,1.249165,1.24918,1.24914,1.24919
2017-10-19 15:19:00,1.249135,1.249165,1.24912,1.24917
2017-10-19 15:20:00,1.24915,1.24914,1.24912,1.24917
2017-10-19 15:21:00,1.2492,1.24914,1.249135,1.2492
2017-10-19 15:22:00,1.24922,1.24915,1.24913,1.249245
2017-10-19 15:23:00,1.24933,1.24922,1.249205,1.24938
2017-10-19 15:24:00,1.249265,1.249285,1.24926,1.249335
2017-10-19 15:25:00,1.24926,1.24925,1.24923,1.249265
2017-10-19 15:26:00,1.249255,1.24924,1.24923,1.24926
2017-10-19 15:27:00,1.24924,1.2492,1.24917,1.24927
2017-10-19 15:28:00,1.24927,1.249235,1.24923,1.24928
2017-10-19 15:29:00,1.24927,1.249235,1.24923,1.24928
2017-10-19 15:30:00,1.24927,1.249235,1.24923,1.24928
2017-10-19 15:31:00,1.249295,1.24926,1.24922,1.249295
2017-10-19 15:32:00,1.249245,1.249285,1.249245,1.24929
2017-10-19 15:33:00,1.24927,1.24924,1.24921,1.24927
2017-10-19 15:34:00,1.24927,1.24924,1.24921,1.24927
2017-10-19 15:35:00,1.24927,1.24924,1.24921,1.24927
2017-10-19 15:36:00,1.24929,1.24922,1.24921,1.24932
2017-10-19 15:37:00,1.24923,1.249235,1.249225,1.249235
2017-10-19 15:38:00,1.249315,1.24925,1.24925,1.249385
2017-10-19 15:39:00,1.24929,1.249295,1.24927,1.249295
2017-10-19 15:40:00,1.249325,1.249265,1.249225,1.249325
2017-10-19 15:41:00,1.249265,1.24928,1.249235,1.24933
2017-10-19 15:42:00,1.249265,1.249265,1.24926,1.24927
2017-10-19 15:43:00,1.24929,1.249255,1.249245,1.24929
2017-10-19 15:44:00,1.24929,1.249255,1.249245,1.24929
2017-10-19 15:45:00,1.249265,1.249315,1.24926,1.249315
2017-10-19 15:46:00,1.2493,1.249255,1.24925,1.2493
2017-10-19 15:47:00,1.2493,1.249255,1.24925,1.2493
2017-10-19 15:48:00,1.24932,1.24932,1.249285,1.249345
2017-10-19 15:49:00,1.249345,1.24931,1.249285,1.24935
2017-10-19 15:50:00,1.249365,1.24933,1.24933,1.249365
2017-10-19 15:51:00,1.249405,1.249345,1.249345,1.249475
2017-10-19 15:52:00,1.24945,1.24945,1.249425,1.249455
2017-10-19 15:53:00,1.249415,1.249445,1.249415,1.249445
2017-10-19 15:54:00,1.249435,1.249435,1.24943,1.249445
2017-10-19 15:55:00,1.249435,1.249425,1.249375,1.249455
2017-10-19 15:56:00,1.248995,1.24945,1.24888,1.24945
2017-10-19 15:57:00,1.2485,1.24902,1.248455,1.24902
2017-10-19 15:58:00,1.2482,1.248495,1.24782,1.248535
2017-10-19 15:59:00,1.24821,1.2482,1.248105,1.2484
2017-10-19 16:00:00,1.24814,1.248185,1.248025,1.248265
2017-10-19 16:01:00,1.24844,1.24812,1.24812,1.248505
2017-10-19 16:02:00,1.24812,1.24843,1.248115,1.24845
2017-10-19 16:03:00,1.24811,1.248105,1.247885,1.24823
2017-10-19 16:04:00,1.24796,1.248105,1.24796,1.24811
2017-10-19 16:05:00,1.24807,1.24796,1.247815,1.248145
2017-10-19 16:06:00,1.248105,1.248075,1.248075,1.248215
2017-10-19 16:07:00,1.248065,1.24812,1.24801,1.24816
2017-10-19 16:08:00,1.248025,1.248045,1.24799,1.248055
2017-10-19 16:09:00,1.248015,1.24802,1.24797,1.248035
2017-10-19 16:10:00,1.248085,1.24804,1.247905,1.248115
2017-10-19 16:11:00,1.247885,1.24807,1.24785,1.24811
2017-10-19 16:12:00,1.24766,1.247885,1.247655,1.24789
2017-10-19 16:13:00,1.247695,1.24769,1.24762,1.24774
2017-10-19 16:14:00,1.247715,1.2477,1.2477,1.24772
2017-10-19 16:15:00,1.24767,1.24772,1.24757,1.24773
2017-10-19 16:16:00,1.24776,1.247665,1.24763,1.24788
2017-10-19 16:17:00,1.247755,1.24778,1.247755,1.24781
2017-10-19 16:18:00,1.247275,1.247705,1.247195,1.247705
2017-10-19 16:19:00,1.24685,1.247265,1.24677,1.247275
2017-10-19 16:20:00,1.24687,1.246795,1.246765,1.246905
2017-10-19 16:21:00,1.24702,1.246865,1.24686,1.24703
2017-10-19 16:22:00,1.247205,1.246995,1.246925,1.247225
2017-10-19 16:23:00,1.24733,1.24719,1.247185,1.24734
2017-10-19 16:24:00,1.247535,1.247325,1.247295,1.247645
2017-10-19 16:25:00,1.24745,1.24754,1.247395,1.2476
2017-10-19 16:26:00,1.24756,1.24747,1.24747,1.247565
2017-10-19 16:27:00,1.24771,1.247545,1.24753,1.247715
2017-10-19 16:28:00,1.247675,1.247705,1.24758,1.24771
2017-10-19 16:29:00,1.24779,1.247655,1.24754,1.247805
2017-10-19 16:30:00,1.24788,1.247815,1.247665,1.247975
2017-10-19 16:31:00,1.247765,1.247885,1.24768,1.247915
2017-10-19 16:32:00,1.2477,1.2477,1.247685,1.247775
2017-10-19 16:33:00,1.247695,1.247705,1.24769,1.247745
2017-10-19 16:34:00,1.24809,1.24771,1.24771,1.24825
2017-10-19 16:35:00,1.247995,1.248065,1.247985,1.248115
2017-10-19 16:36:00,1.24802,1.247995,1.24787,1.24804
2017-10-19 16:37:00,1.247995,1.248025,1.247995,1.248085
2017-10-19 16:38:00,1.248285,1.247985,1.247975,1.248345
2017-10-19 16:39:00,1.248235,1.248285,1.248215,1.24839
2017-10-19 16:40:00,1.24826,1.24822,1.248195,1.24829
2017-10-19 16:41:00,1.24827,1.248275,1.248195,1.248315
2017-10-19 16:42:00,1.248255,1.248265,1.248195,1.24832
2017-10-19 16:43:00,1.2482,1.24825,1.24812,1.24827
2017-10-19 16:44:00,1.24823,1.248195,1.248135,1.24824
2017-10-19 16:45:00,1.248445,1.24821,1.248175,1.248475
2017-10-19 16:46:00,1.248395,1.24847,1.24837,1.248525
2017-10-19 16:47:00,1.248495,1.2484,1.248375,1.24852
2017-10-19 16:48:00,1.248415,1.248565,1.24841,1.248585
2017-10-19 16:49:00,1.248365,1.248415,1.248335,1.248455
2017-10-19 16:50:00,1.248295,1.2483,1.248175,1.24836
2017-10-19 16:51:00,1.248325,1.248305,1.24824,1.248405
2017-10-19 16:52:00,1.248345,1.24834,1.248255,1.248505
2017-10-19 16:53:00,1.24837,1.24833,1.24822,1.24842
2017-10-19 16:54:00,1.24846,1.248365,1.248345,1.248505
2017-10-19 16:55:00,1.248445,1.248475,1.24789,1.248515
2017-10-19 16:56:00,1.24861,1.248515,1.24842,1.24863
2017-10-19 16:57:00,1.248645,1.248615,1.2486,1.248695
2017-10-19 16:58:00,1.24865,1.248645,1.2486,1.248675
2017-10-19 17:04:00,1.24868,1.24858,1.248535,1.24869
2017-10-19 17:05:00,1.24863,1.24863,1.24863,1.24863
2017-10-19 17:06:00,1.24863,1.24863,1.24863,1.24863
2017-10-19 17:07:00,1.24863,1.24863,1.24863,1.24863
2017-10-19 17:08:00,1.2487,1.2487,1.24869,1.248715
2017-10-19 17:09:00,1.24872,1.248695,1.24867,1.248745
2017-10-19 17:10:00,1.2487,1.2487,1.24862,1.24872
2017-10-19 17:11:00,1.248685,1.2487,1.248685,1.24871
2017-10-19 17:12:00,1.24852,1.248685,1.2485,1.248685
2017-10-19 17:13:00,1.24852,1.24852,1.248505,1.248525
2017-10-19 17:14:00,1.24863,1.24851,1.2485,1.24863
2017-10-19 17:15:00,1.24857,1.248545,1.2485,1.248595
2017-10-19 17:16:00,1.24859,1.24865,1.248445,1.24868
2017-10-19 17:17:00,1.24859,1.24865,1.248445,1.24868
2017-10-19 17:18:00,1.24849,1.24849,1.248455,1.248505
2017-10-19 17:19:00,1.248475,1.24851,1.24847,1.24852
2017-10-19 17:20:00,1.24855,1.248485,1.248485,1.24855
2017-10-19 17:21:00,1.24855,1.248485,1.248485,1.24855
2017-10-19 17:22:00,1.24855,1.248485,1.248485,1.24855
2017-10-19 17:23:00,1.24855,1.248485,1.248485,1.24855
2017-10-19 17:24:00,1.24855,1.248485,1.248485,1.24855
2017-10-19 17:25:00,1.24855,1.248485,1.248485,1.24855
2017-10-19 17:26:00,1.24857,1.24857,1.24857,1.24857
2017-10-19 17:27:00,1.24859,1.24849,1.248475,1.24862
2017-10-19 17:28:00,1.248385,1.248595,1.24774,1.248645
2017-10-19 17:29:00,1.248385,1.248595,1.24774,1.248645
2017-10-19 17:30:00,1.248385,1.248595,1.24774,1.248645
2017-10-19 17:31:00,1.248825,1.248425,1.248425,1.248855
2017-10-19 17:32:00,1.24882,1.24892,1.24882,1.24896
2017-10-19 17:33:00,1.24864,1.248725,1.24864,1.248775
2017-10-19 17:34:00,1.24878,1.248615,1.24859,1.248785
2017-10-19 17:35:00,1.24851,1.24878,1.248455,1.248845
2017-10-19 17:36:00,1.248545,1.24852,1.2485,1.248555
2017-10-19 17:37:00,1.24855,1.24855,1.24855,1.24855
2017-10-19 17:38:00,1.24854,1.248565,1.24852,1.2486
2017-10-19 17:39:00,1.248605,1.248535,1.24853,1.248605
2017-10-19 17:40:00,1.248605,1.248535,1.24853,1.248605
2017-10-19 17:41:00,1.248605,1.248535,1.24853,1.248605
2017-10-19 17:42:00,1.248605,1.248535,1.24853,1.248605
2017-10-19 17:43:00,1.248605,1.248535,1.24853,1.248605
2017-10-19 17:44:00,1.248605,1.248535,1.24853,1.248605
2017-10-19 17:45:00,1.248625,1.248625,1.248625,1.248625
2017-10-19 17:46:00,1.248625,1.248625,1.248625,1.248625
2017-10-19 17:47:00,1.248625,1.248625,1.248625,1.248625
2017-10-19 17:48:00,1.248625,1.248625,1.248625,1.248625
2017-10-19 17:49:00,1.248625,1.248625,1.248625,1.248625
2017-10-19 17:50:00,1.248625,1.248625,1.248625,1.248625
2017-10-19 17:51:00,1.24865,1.24865,1.24865,1.24865
2017-10-19 17:52:00,1.24867,1.24867,1.24867,1.24867
2017-10-19 17:53:00,1.24864,1.248595,1.248575,1.24864
2017-10-19 17:54:00,1.24864,1.248595,1.248575,1.24864
2017-10-19 17:55:00,1.24864,1.248595,1.248575,1.24864
2017-10-19 17:56:00,1.248575,1.24858,1.24853,1.24868
2017-10-19 17:57:00,1.248655,1.248655,1.248565,1.248745
2017-10-19 17:58:00,1.24863,1.24865,1.248605,1.248665
2017-10-19 17:59:00,1.248625,1.248635,1.24861,1.24864
2017-10-19 18:00:00,1.24867,1.24862,1.248615,1.24867
2017-10-19 18:01:00,1.24862,1.24875,1.248615,1.24877
2017-10-19 18:02:00,1.24851,1.24862,1.248505,1.248625
2017-10-19 18:03:00,1.248625,1.248505,1.24847,1.24868
2017-10-19 18:04:00,1.248585,1.248625,1.24857,1.248635
2017-10-19 18:05:00,1.24859,1.248575,1.24849,1.2486
2017-10-19 18:06:00,1.24861,1.24859,1.248575,1.24866
2017-10-19 18:07:00,1.248605,1.248615,1.248585,1.24864
2017-10-19 18:08:00,1.24859,1.248615,1.248575,1.248625
2017-10-19 18:09:00,1.24856,1.24859,1.24856,1.248595
2017-10-19 18:10:00,1.248515,1.248505,1.2485,1.248515
2017-10-19 18:11:00,1.248545,1.248545,1.248545,1.248545
2017-10-19 18:12:00,1.24844,1.248525,1.24844,1.248525
2017-10-19 18:13:00,1.24827,1.24842,1.24827,1.24842
2017-10-19 18:14:00,1.248345,1.248295,1.248295,1.248345
2017-10-19 18:15:00,1.2483,1.248365,1.248265,1.248365
2017-10-19 18:16:00,1.24823,1.24831,1.2482,1.24832
2017-10-19 18:17:00,1.2483,1.248235,1.24823,1.2483
2017-10-19 18:18:00,1.248275,1.2483,1.24826,1.2483
2017-10-19 18:19:00,1.248335,1.24827,1.24826,1.248335
2017-10-19 18:20:00,1.248345,1.24834,1.24834,1.248345
2017-10-19 18:21:00,1.248325,1.24834,1.248315,1.248365
2017-10-19 18:22:00,1.24833,1.24832,1.24829,1.248345
2017-10-19 18:23:00,1.248335,1.248335,1.248315,1.24835
2017-10-19 18:24:00,1.248375,1.24833,1.248325,1.248375
2017-10-19 18:25:00,1.24833,1.24835,1.24833,1.24835
2017-10-19 18:26:00,1.24833,1.24835,1.24833,1.24835
2017-10-19 18:27:00,1.248305,1.2483,1.24822,1.248305
2017-10-19 18:28:00,1.2483,1.24831,1.248295,1.24831
2017-10-19 18:29:00,1.248295,1.248305,1.248285,1.24831
2017-10-19 18:30:00,1.24832,1.24829,1.24828,1.248345
2017-10-19 18:31:00,1.24831,1.24831,1.2483,1.24837
2017-10-19 18:32:00,1.24831,1.24831,1.2483,1.24837
2017-10-19 18:33:00,1.2484,1.24837,1.24837,1.24841
2017-10-19 18:34:00,1.248425,1.248405,1.2484,1.248445
2017-10-19 18:35:00,1.248415,1.248415,1.248405,1.24846
2017-10-19 18:36:00,1.24842,1.24843,1.24841,1.248455
2017-10-19 18:37:00,1.2483,1.248435,1.248295,1.248465
2017-10-19 18:38:00,1.2484,1.24832,1.24831,1.2484
2017-10-19 18:39:00,1.2484,1.24832,1.24831,1.2484
2017-10-19 18:40:00,1.2484,1.24832,1.24831,1.2484
2017-10-19 18:41:00,1.2484,1.24832,1.24831,1.2484
2017-10-19 18:42:00,1.248395,1.248375,1.248325,1.2484
2017-10-19 18:43:00,1.248265,1.24841,1.248265,1.24842
2017-10-19 18:44:00,1.248285,1.248285,1.248285,1.248285
2017-10-19 18:45:00,1.248375,1.248315,1.248315,1.248435
2017-10-19 18:46:00,1.248385,1.24838,1.24837,1.248405
2017-10-19 18:47:00,1.248355,1.2484,1.248325,1.248405
2017-10-19 18:48:00,1.24834,1.24835,1.248315,1.24835
2017-10-19 18:49:00,1.2484,1.248335,1.24833,1.2484
2017-10-19 18:50:00,1.2484,1.248405,1.24838,1.248415
2017-10-19 18:51:00,1.248405,1.24841,1.248395,1.248415
2017-10-19 18:52:00,1.248445,1.248445,1.248445,1.248445
2017-10-19 18:53:00,1.248375,1.248415,1.248375,1.248415
2017-10-19 18:54:00,1.248375,1.248415,1.248375,1.248415
2017-10-19 18:55:00,1.248425,1.248425,1.248415,1.24844
2017-10-19 18:56:00,1.24841,1.248425,1.24839,1.248435
2017-10-19 18:57:00,1.248415,1.248415,1.248415,1.248415
2017-10-19 18:58:00,1.24839,1.248395,1.24836,1.248395
2017-10-19 18:59:00,1.24833,1.248385,1.24833,1.248385
2017-10-19 19:00:00,1.248275,1.24827,1.24823,1.248285
2017-10-19 19:01:00,1.24836,1.2483,1.248285,1.24836
2017-10-19 19:02:00,1.24843,1.248355,1.24833,1.24843
2017-10-19 19:03:00,1.248465,1.24841,1.24841,1.248475
2017-10-19 19:04:00,1.248465,1.24846,1.248455,1.248485
2017-10-19 19:05:00,1.248515,1.24847,1.24847,1.248515
2017-10-19 19:06:00,1.248485,1.248515,1.248475,1.24852
2017-10-19 19:07:00,1.248475,1.248495,1.248455,1.2485
2017-10-19 19:08:00,1.2484,1.248425,1.24838,1.248425
2017-10-19 19:09:00,1.248385,1.24838,1.24837,1.248385
2017-10-19 19:10:00,1.248395,1.24839,1.248385,1.2484
2017-10-19 19:11:00,1.248425,1.248425,1.248425,1.248425
2017-10-19 19:12:00,1.248425,1.248425,1.248425,1.248425
2017-10-19 19:13:00,1.248425,1.248425,1.248425,1.248425
2017-10-19 19:14:00,1.248465,1.248405,1.248405,1.24848
2017-10-19 19:15:00,1.24846,1.248475,1.248455,1.24848
2017-10-19 19:16:00,1.248455,1.24846,1.24845,1.248465
2017-10-19 19:17:00,1.248405,1.24845,1.2484,1.248465
2017-10-19 19:18:00,1.248405,1.2484,1.2484,1.248415
2017-10-19 19:19:00,1.24839,1.2484,1.248375,1.24841
2017-10-19 19:20:00,1.24832,1.24839,1.24832,1.248395
2017-10-19 19:21:00,1.248325,1.248325,1.248315,1.24835
2017-10-19 19:22:00,1.2483,1.248325,1.24828,1.24833
2017-10-19 19:23:00,1.24817,1.24826,1.248155,1.24826
2017-10-19 19:24:00,1.24813,1.248165,1.248125,1.248175
2017-10-19 19:25:00,1.24805,1.248135,1.248045,1.24816
2017-10-19 19:26:00,1.24806,1.24805,1.248045,1.248165
2017-10-19 19:27:00,1.247965,1.248055,1.247965,1.24807
2017-10-19 19:28:00,1.247995,1.24795,1.247945,1.247995
2017-10-19 19:29:00,1.247995,1.24798,1.24797,1.248005
2017-10-19 19:30:00,1.248145,1.248,1.24799,1.248165
2017-10-19 19:31:00,1.24822,1.24816,1.24815,1.248235
2017-10-19 19:32:00,1.248245,1.248225,1.248205,1.248255
2017-10-19 19:33:00,1.24834,1.248255,1.248245,1.24834
2017-10-19 19:34:00,1.248315,1.248315,1.248315,1.248315
2017-10-19 19:35:00,1.24839,1.248375,1.24836,1.248395
2017-10-19 19:36:00,1.248255,1.24838,1.248255,1.24838
2017-10-19 19:37:00,1.248255,1.248255,1.248215,1.24827
2017-10-19 19:38:00,1.24835,1.248255,1.248255,1.24836
2017-10-19 19:39:00,1.24832,1.248345,1.248285,1.248365
2017-10-19 19:40:00,1.24843,1.248325,1.248265,1.24843
2017-10-19 19:41:00,1.24839,1.248435,1.24834,1.24846
2017-10-19 19:42:00,1.248415,1.248405,1.248405,1.24842
2017-10-19 19:43:00,1.24841,1.24841,1.248395,1.24844
2017-10-19 19:44:00,1.248505,1.24847,1.24845,1.248505
2017-10-19 19:45:00,1.248505,1.24851,1.248495,1.248545
2017-10-19 19:46:00,1.24843,1.24851,1.248425,1.24852
2017-10-19 19:47:00,1.24841,1.24843,1.24841,1.248445
2017-10-19 19:48:00,1.24842,1.24842,1.248405,1.24844
2017-10-19 19:49:00,1.2484,1.248415,1.24839,1.24842
2017-10-19 19:50:00,1.248355,1.248375,1.248305,1.24838
2017-10-19 19:51:00,1.248375,1.248355,1.248315,1.24838
2017-10-19 19:52:00,1.248345,1.24839,1.248295,1.2484
2017-10-19 19:53:00,1.248285,1.24833,1.24825,1.24834
2017-10-19 19:54:00,1.248305,1.24827,1.24824,1.248315
2017-10-19 19:55:00,1.248275,1.24828,1.24827,1.24829
2017-10-19 19:56:00,1.24828,1.24829,1.24827,1.24829
2017-10-19 19:57:00,1.248275,1.248285,1.24827,1.24833
2017-10-19 19:58:00,1.248195,1.248285,1.24818,1.24832
2017-10-19 19:59:00,1.24811,1.248195,1.2481,1.248195
2017-10-19 20:00:00,1.248045,1.248105,1.24803,1.24812
2017-10-19 20:01:00,1.2478,1.24805,1.247795,1.248085
2017-10-19 20:02:00,1.2478,1.24779,1.24772,1.247835
2017-10-19 20:03:00,1.2478,1.247785,1.24777,1.24787
2017-10-19 20:04:00,1.247955,1.247825,1.247815,1.24802
2017-10-19 20:05:00,1.24795,1.247945,1.24793,1.248
2017-10-19 20:06:00,1.24802,1.247935,1.24793,1.24805
2017-10-19 20:07:00,1.24794,1.24799,1.24793,1.248055
2017-10-19 20:08:00,1.24787,1.247945,1.24786,1.248025
2017-10-19 20:09:00,1.24798,1.247895,1.24785,1.24798
2017-10-19 20:10:00,1.247995,1.247985,1.247975,1.248005
2017-10-19 20:11:00,1.24789,1.247985,1.247775,1.247985
2017-10-19 20:12:00,1.247675,1.247825,1.24765,1.247825
2017-10-19 20:13:00,1.247705,1.24767,1.247665,1.247705
2017-10-19 20:14:00,1.247745,1.24771,1.247705,1.247745
2017-10-19 20:15:00,1.24796,1.24775,1.24775,1.24796
2017-10-19 20:16:00,1.24793,1.247955,1.247925,1.24801
2017-10-19 20:17:00,1.248125,1.247955,1.247955,1.24818
2017-10-19 20:18:00,1.248115,1.248075,1.248055,1.248125
2017-10-19 20:19:00,1.2481,1.248125,1.24809,1.248125
2017-10-19 20:20:00,1.248095,1.2481,1.24809,1.248115
2017-10-19 20:21:00,1.248115,1.2481,1.24809,1.248145
2017-10-19 20:22:00,1.248125,1.24812,1.248105,1.248125
2017-10-19 20:23:00,1.24809,1.248145,1.24809,1.248145
2017-10-19 20:24:00,1.24809,1.248145,1.24809,1.248145
2017-10-19 20:25:00,1.24815,1.24814,1.248135,1.24818
2017-10-19 20:26:00,1.248165,1.248205,1.248165,1.248335
2017-10-19 20:27:00,1.24808,1.248105,1.248075,1.248105
2017-10-19 20:28:00,1.24808,1.248075,1.24807,1.248085
2017-10-19 20:29:00,1.24813,1.248075,1.24807,1.24813
2017-10-19 20:30:00,1.24827,1.24812,1.24812,1.24827
2017-10-19 20:31:00,1.24828,1.24826,1.24826,1.248285
2017-10-19 20:32:00,1.2483,1.24828,1.248275,1.2483
2017-10-19 20:33:00,1.248185,1.24825,1.24818,1.248255
2017-10-19 20:34:00,1.24842,1.248175,1.24815,1.248435
2017-10-19 20:35:00,1.248535,1.24842,1.248385,1.24855
2017-10-19 20:36:00,1.248415,1.248505,1.24836,1.24851
2017-10-19 20:37:00,1.24852,1.248425,1.24842,1.248525
2017-10-19 20:38:00,1.24852,1.248505,1.248465,1.248535
2017-10-19 20:39:00,1.248575,1.248515,1.248495,1.2486
2017-10-19 20:40:00,1.248575,1.248515,1.248495,1.2486
2017-10-19 20:41:00,1.24849,1.2486,1.24845,1.248605
2017-10-19 20:42:00,1.24842,1.248485,1.248405,1.24849
2017-10-19 20:43:00,1.24859,1.248425,1.24842,1.248605
2017-10-19 20:44:00,1.248685,1.248595,1.248585,1.248685
2017-10-19 20:45:00,1.248785,1.2487,1.24869,1.248805
2017-10-19 20:46:00,1.24874,1.248775,1.248685,1.24878
2017-10-19 20:47:00,1.24879,1.248735,1.248735,1.24879
2017-10-19 20:48:00,1.24879,1.248735,1.248735,1.24879
2017-10-19 20:49:00,1.24887,1.248855,1.24883,1.24887
2017-10-19 20:50:00,1.248865,1.248875,1.24876,1.248885
2017-10-19 20:51:00,1.24883,1.248875,1.24883,1.248895
2017-10-19 20:52:00,1.24885,1.24882,1.248775,1.24887
2017-10-19 20:53:00,1.248835,1.24886,1.24882,1.24888
2017-10-19 20:54:00,1.24882,1.24883,1.24882,1.24884
2017-10-19 20:55:00,1.24897,1.248845,1.248815,1.24901
2017-10-19 20:56:00,1.248925,1.248985,1.24891,1.249
2017-10-19 20:57:00,1.24899,1.248925,1.248925,1.249035
2017-10-19 20:58:00,1.24887,1.248995,1.24887,1.249045
2017-10-19 20:59:00,1.248795,1.24882,1.248795,1.24884
2017-10-19 21:00:00,1.248675,1.24877,1.248675,1.24877
2017-10-19 21:01:00,1.24852,1.248655,1.248515,1.248685
2017-10-19 21:02:00,1.24846,1.248515,1.2484,1.248515
2017-10-19 21:03:00,1.24828,1.24841,1.248085,1.24841
2017-10-19 21:04:00,1.24831,1.24826,1.24822,1.24832
2017-10-19 21:05:00,1.24829,1.2483,1.248285,1.248305
2017-10-19 21:06:00,1.24827,1.2483,1.24825,1.248335
2017-10-19 21:07:00,1.248245,1.248215,1.248195,1.24826
2017-10-19 21:08:00,1.24823,1.24825,1.248205,1.248335
2017-10-19 21:09:00,1.24834,1.248235,1.248205,1.248345
2017-10-19 21:10:00,1.24843,1.24834,1.248315,1.24846
2017-10-19 21:11:00,1.248395,1.248435,1.24837,1.248445
2017-10-19 21:12:00,1.248515,1.248415,1.248415,1.248515
2017-10-19 21:13:00,1.248485,1.24847,1.24842,1.248505
2017-10-19 21:14:00,1.248495,1.248485,1.24834,1.248495
2017-10-19 21:15:00,1.248565,1.24848,1.24845,1.248655
2017-10-19 21:16:00,1.24856,1.24857,1.24846,1.24857
2017-10-19 21:17:00,1.248635,1.24856,1.248555,1.24874
2017-10-19 21:18:00,1.248495,1.248605,1.24848,1.248605
2017-10-19 21:19:00,1.24843,1.248495,1.24843,1.2485
2017-10-19 21:20:00,1.2485,1.24848,1.24848,1.2485
2017-10-19 21:21:00,1.24854,1.24855,1.248535,1.248555
2017-10-19 21:22:00,1.24845,1.248525,1.248445,1.24853
2017-10-19 21:23:00,1.248475,1.24847,1.248465,1.2485
2017-10-19 21:24:00,1.248475,1.24848,1.248465,1.24849
2017-10-19 21:25:00,1.248455,1.24848,1.24845,1.24854
2017-10-19 21:26:00,1.24851,1.248505,1.248505,1.248545
2017-10-19 21:27:00,1.24853,1.24852,1.2485,1.24855
2017-10-19 21:28:00,1.248475,1.248525,1.24843,1.248525
2017-10-19 21:29:00,1.248465,1.248495,1.248455,1.24852
2017-10-19 21:30:00,1.248445,1.248465,1.248445,1.24847
2017-10-19 21:31:00,1.248465,1.24845,1.24844,1.248535
2017-10-19 21:32:00,1.24848,1.24847,1.248445,1.248485
2017-10-19 21:33:00,1.248585,1.248475,1.248455,1.248605
2017-10-19 21:34:00,1.249,1.24864,1.24864,1.2491
2017-10-19 21:35:00,1.249325,1.248995,1.24895,1.249365
2017-10-19 21:36:00,1.249405,1.24934,1.249255,1.24949
2017-10-19 21:37:00,1.249595,1.24941,1.2494,1.2496
2017-10-19 21:38:00,1.249675,1.249595,1.249595,1.249815
2017-10-19 21:39:00,1.24954,1.249675,1.249515,1.249785
2017-10-19 21:40:00,1.249575,1.249545,1.249395,1.249595
2017-10-19 21:41:00,1.24984,1.2496,1.24953,1.249855
2017-10-19 21:42:00,1.24981,1.24984,1.24973,1.24987
2017-10-19 21:43:00,1.249835,1.249795,1.249695,1.249855
2017-10-19 21:44:00,1.24976,1.249835,1.24976,1.24991
2017-10-19 21:45:00,1.24994,1.249775,1.24975,1.24995
2017-10-19 21:46:00,1.249855,1.249935,1.24985,1.250165
2017-10-19 21:47:00,1.249945,1.249895,1.24985,1.250045
2017-10-19 21:48:00,1.25004,1.24995,1.249935,1.250115
2017-10-19 21:49:00,1.250155,1.250045,1.249865,1.250165
2017-10-19 21:50:00,1.250135,1.250125,1.25003,1.250165
2017-10-19 21:51:00,1.249905,1.25013,1.249905,1.25019
2017-10-19 21:52:00,1.25004,1.2499,1.24984,1.250055
2017-10-19 21:53:00,1.249935,1.25005,1.249935,1.250075
2017-10-19 21:54:00,1.250025,1.249945,1.249945,1.25016
2017-10-19 21:55:00,1.250195,1.250025,1.250005,1.2502
2017-10-19 21:56:00,1.25025,1.2502,1.250115,1.250265
2017-10-19 21:57:00,1.250265,1.250255,1.250175,1.250285
2017-10-19 21:58:00,1.250175,1.250265,1.250155,1.2503
2017-10-19 21:59:00,1.25052,1.250175,1.250145,1.25056
2017-10-19 22:00:00,1.25078,1.250535,1.25051,1.250785
2017-10-19 22:01:00,1.250955,1.250755,1.25073,1.251045
2017-10-19 22:02:00,1.25084,1.25095,1.25084,1.251195
2017-10-19 22:03:00,1.250695,1.250845,1.25068,1.250885
2017-10-19 22:04:00,1.25079,1.2507,1.250685,1.2509
2017-10-19 22:05:00,1.251005,1.25084,1.25077,1.251165
2017-10-19 22:06:00,1.251265,1.25106,1.25102,1.2513
2017-10-19 22:07:00,1.25096,1.25132,1.25096,1.251405
2017-10-19 22:08:00,1.25094,1.25095,1.25084,1.251045
2017-10-19 22:09:00,1.250895,1.25094,1.25084,1.25098
2017-10-19 22:10:00,1.25089,1.250905,1.250835,1.250945
2017-10-19 22:11:00,1.25093,1.250885,1.250815,1.25101
2017-10-19 22:12:00,1.250745,1.25092,1.250745,1.250975
2017-10-19 22:13:00,1.25076,1.25068,1.250625,1.250765
2017-10-19 22:14:00,1.25056,1.25071,1.250525,1.250725
2017-10-19 22:15:00,1.250745,1.250565,1.250515,1.250745
2017-10-19 22:16:00,1.25071,1.2508,1.25067,1.250875
2017-10-19 22:17:00,1.25063,1.250725,1.25059,1.250725
2017-10-19 22:18:00,1.250895,1.25067,1.25067,1.250915
2017-10-19 22:19:00,1.250765,1.2509,1.25064,1.2509
2017-10-19 22:20:00,1.250585,1.250775,1.250585,1.25079
2017-10-19 22:21:00,1.250675,1.250575,1.250575,1.250745
2017-10-19 22:22:00,1.250635,1.25067,1.25061,1.25067
2017-10-19 22:23:00,1.25069,1.25058,1.25058,1.250715
2017-10-19 22:24:00,1.250585,1.250675,1.250465,1.250725
2017-10-19 22:25:00,1.250375,1.250585,1.25035,1.250585
2017-10-19 22:26:00,1.250525,1.250385,1.250345,1.25054
2017-10-19 22:27:00,1.250525,1.250525,1.25049,1.25058
2017-10-19 22:28:00,1.25046,1.250475,1.250375,1.25048
2017-10-19 22:29:00,1.250675,1.250475,1.25043,1.250685
2017-10-19 22:30:00,1.250605,1.25067,1.250595,1.250675
2017-10-19 22:31:00,1.250725,1.250605,1.2506,1.250755
2017-10-19 22:32:00,1.250775,1.25073,1.25069,1.25082
2017-10-19 22:33:00,1.25073,1.250765,1.25064,1.250785
2017-10-19 22:34:00,1.250735,1.250725,1.25061,1.250735
2017-10-19 22:35:00,1.25092,1.25074,1.25072,1.250925
2017-10-19 22:36:00,1.25095,1.250925,1.25092,1.25104
2017-10-19 22:37:00,1.25111,1.25095,1.25095,1.25119
2017-10-19 22:38:00,1.25139,1.251115,1.25111,1.251395
2017-10-19 22:39:00,1.25145,1.251445,1.25134,1.251465
2017-10-19 22:40:00,1.251425,1.25151,1.251425,1.25173
2017-10-19 22:41:00,1.25144,1.251415,1.251375,1.25155
2017-10-19 22:42:00,1.25129,1.251445,1.25127,1.25146
2017-10-19 22:43:00,1.251225,1.25131,1.251225,1.251325
2017-10-19 22:44:00,1.2516,1.25123,1.25123,1.2516
2017-10-19 22:45:00,1.25169,1.251575,1.251575,1.251795
2017-10-19 22:46:00,1.25166,1.25168,1.251595,1.25175
2017-10-19 22:47:00,1.2517,1.25165,1.251635,1.25177
2017-10-19 22:48:00,1.25179,1.25169,1.25166,1.25179
2017-10-19 22:49:00,1.25152,1.25176,1.25149,1.25176
2017-10-19 22:50:00,1.251585,1.25152,1.251485,1.25163
2017-10-19 22:51:00,1.251905,1.251585,1.25158,1.25191
2017-10-19 22:52:00,1.25184,1.25189,1.25182,1.251895
2017-10-19 22:53:00,1.251755,1.251845,1.25174,1.251865
2017-10-19 22:54:00,1.25158,1.25175,1.25157,1.25177
2017-10-19 22:55:00,1.251575,1.25158,1.25155,1.251655
2017-10-19 22:56:00,1.251505,1.251545,1.25147,1.251545
2017-10-19 22:57:00,1.251595,1.251555,1.251525,1.251595
2017-10-19 22:58:00,1.251785,1.251615,1.251615,1.251805
2017-10-19 22:59:00,1.25186,1.251785,1.25165,1.251875
2017-10-19 23:00:00,1.25173,1.25187,1.25173,1.251885
2017-10-19 23:01:00,1.251755,1.251715,1.25167,1.251795
2017-10-19 23:02:00,1.25171,1.25175,1.251685,1.251825
2017-10-19 23:03:00,1.251855,1.25169,1.251665,1.25187
2017-10-19 23:04:00,1.251865,1.25186,1.251815,1.251895
2017-10-19 23:05:00,1.251585,1.251855,1.251575,1.251855
2017-10-19 23:06:00,1.251585,1.251585,1.25157,1.25164
2017-10-19 23:07:00,1.251635,1.25157,1.251555,1.251655
2017-10-19 23:08:00,1.251605,1.251645,1.251595,1.25165
2017-10-19 23:09:00,1.25152,1.251595,1.25148,1.251605
2017-10-19 23:10:00,1.251575,1.251535,1.251515,1.2516
2017-10-19 23:11:00,1.25169,1.25159,1.25159,1.251755
2017-10-19 23:12:00,1.25159,1.25171,1.25159,1.25171
2017-10-19 23:13:00,1.251575,1.251585,1.25157,1.251595
2017-10-19 23:14:00,1.251575,1.251575,1.25146,1.251585
2017-10-19 23:15:00,1.25146,1.25156,1.251455,1.251575
2017-10-19 23:16:00,1.25147,1.25146,1.25144,1.251485
2017-10-19 23:17:00,1.25149,1.25145,1.251445,1.25149
2017-10-19 23:18:00,1.25158,1.251545,1.251525,1.25162
2017-10-19 23:19:00,1.25164,1.25158,1.251435,1.25165
2017-10-19 23:20:00,1.251615,1.251625,1.25159,1.251665
2017-10-19 23:21:00,1.25187,1.25164,1.251625,1.25187
2017-10-19 23:22:00,1.251505,1.251815,1.25149,1.251815
2017-10-19 23:23:00,1.25151,1.25151,1.25147,1.25153
2017-10-19 23:24:00,1.25154,1.25151,1.251455,1.251555
2017-10-19 23:25:00,1.251555,1.251535,1.251515,1.251605
2017-10-19 23:26:00,1.25145,1.251495,1.251445,1.251525
2017-10-19 23:27:00,1.251365,1.25145,1.251365,1.25153
2017-10-19 23:28:00,1.251355,1.25137,1.251325,1.25139
2017-10-19 23:29:00,1.251485,1.251415,1.25141,1.251535
2017-10-19 23:30:00,1.251385,1.251435,1.251365,1.25145
2017-10-19 23:31:00,1.25138,1.2514,1.25137,1.251425
2017-10-19 23:32:00,1.251375,1.251375,1.251375,1.251375
2017-10-19 23:33:00,1.25146,1.251395,1.251395,1.25149
2017-10-19 23:34:00,1.25157,1.251485,1.251485,1.25161
2017-10-19 23:35:00,1.25155,1.251565,1.25154,1.25157
2017-10-19 23:36:00,1.251485,1.25155,1.251485,1.25157
2017-10-19 23:37:00,1.251485,1.25155,1.251485,1.25157
2017-10-19 23:38:00,1.25147,1.25143,1.251415,1.25148
2017-10-19 23:39:00,1.251455,1.251455,1.251455,1.251455
2017-10-19 23:40:00,1.251455,1.25145,1.251435,1.25147
2017-10-19 23:41:00,1.251455,1.251465,1.251435,1.251465
2017-10-19 23:42:00,1.25139,1.25145,1.25139,1.251465
2017-10-19 23:43:00,1.25132,1.251325,1.25132,1.251325
2017-10-19 23:44:00,1.251275,1.251265,1.251255,1.251275
2017-10-19 23:45:00,1.25137,1.251305,1.251305,1.251385
2017-10-19 23:46:00,1.251375,1.251375,1.251355,1.251375
2017-10-19 23:47:00,1.251395,1.251355,1.251355,1.251415
2017-10-19 23:48:00,1.251375,1.251345,1.25134,1.25138
2017-10-19 23:49:00,1.251275,1.25136,1.25123,1.25136
2017-10-19 23:50:00,1.25111,1.251255,1.251055,1.251255
2017-10-19 23:51:00,1.25115,1.25112,1.25101,1.251165
2017-10-19 23:52:00,1.25111,1.25117,1.25111,1.25117
2017-10-19 23:53:00,1.25107,1.251135,1.25107,1.251145
2017-10-19 23:54:00,1.251065,1.251065,1.251065,1.251065
2017-10-19 23:55:00,1.25114,1.251065,1.25106,1.25117
2017-10-19 23:56:00,1.251105,1.25116,1.25107,1.25117
2017-10-19 23:57:00,1.25118,1.2511,1.251095,1.251205
2017-10-19 23:58:00,1.251235,1.251235,1.251195,1.251275
2017-10-19 23:59:00,1.25123,1.251205,1.251205,1.251245
2017-10-20 00:00:00,1.251185,1.251235,1.25117,1.25124
2017-10-20 00:01:00,1.25104,1.25119,1.25104,1.25121
2017-10-20 00:02:00,1.25103,1.251055,1.25103,1.251055
2017-10-20 00:03:00,1.25102,1.25105,1.251,1.25105
2017-10-20 00:04:00,1.250975,1.250965,1.25096,1.25099
2017-10-20 00:05:00,1.250965,1.25098,1.250915,1.25098
2017-10-20 00:06:00,1.25098,1.250975,1.25097,1.250985
2017-10-20 00:07:00,1.250935,1.250925,1.25092,1.250945
2017-10-20 00:08:00,1.25083,1.25094,1.250825,1.25094
2017-10-20 00:09:00,1.250815,1.250825,1.25078,1.25091
2017-10-20 00:10:00,1.25097,1.250825,1.250795,1.25098
2017-10-20 00:11:00,1.250955,1.250965,1.25095,1.25097
2017-10-20 00:12:00,1.250985,1.250985,1.250985,1.250985
2017-10-20 00:13:00,1.25103,1.25096,1.25096,1.25105
2017-10-20 00:14:00,1.25101,1.251035,1.25101,1.251035
2017-10-20 00:15:00,1.25108,1.251035,1.251035,1.25113
2017-10-20 00:16:00,1.25118,1.251085,1.25108,1.251185
2017-10-20 00:17:00,1.25116,1.251165,1.251155,1.25118
2017-10-20 00:18:00,1.25121,1.251165,1.25114,1.25122
2017-10-20 00:19:00,1.25124,1.251215,1.251205,1.25124
2017-10-20 00:20:00,1.25127,1.251235,1.251235,1.25127
2017-10-20 00:21:00,1.251365,1.25132,1.25131,1.251385
2017-10-20 00:22:00,1.251335,1.25137,1.25133,1.25138
2017-10-20 00:23:00,1.251355,1.251355,1.25135,1.251385
2017-10-20 00:24:00,1.251355,1.251355,1.25135,1.251385
2017-10-20 00:25:00,1.25138,1.25138,1.251355,1.251455
2017-10-20 00:26:00,1.251375,1.251375,1.251375,1.251375
2017-10-20 00:27:00,1.251065,1.25138,1.251055,1.25138
2017-10-20 00:28:00,1.251055,1.251015,1.250905,1.251055
2017-10-20 00:29:00,1.25091,1.251035,1.25089,1.25105
2017-10-20 00:30:00,1.250985,1.250915,1.250905,1.25099
2017-10-20 00:31:00,1.25114,1.251,1.251,1.251145
2017-10-20 00:32:00,1.251145,1.251135,1.25113,1.251145
2017-10-20 00:33:00,1.251075,1.251145,1.25103,1.251165
2017-10-20 00:34:00,1.251005,1.251065,1.251,1.251065
2017-10-20 00:35:00,1.251015,1.250955,1.25088,1.251015
2017-10-20 00:36:00,1.250985,1.250985,1.250985,1.250985
2017-10-20 00:37:00,1.251,1.25096,1.25094,1.251
2017-10-20 00:38:00,1.25088,1.25105,1.25088,1.25105
2017-10-20 00:39:00,1.250825,1.25086,1.250795,1.25088
2017-10-20 00:40:00,1.25096,1.250815,1.250815,1.251015
2017-10-20 00:41:00,1.25096,1.25101,1.250955,1.251145
2017-10-20 00:42:00,1.251085,1.25102,1.25102,1.25109
2017-10-20 00:43:00,1.25112,1.25114,1.25111,1.251145
2017-10-20 00:44:00,1.250995,1.251125,1.250985,1.251125
2017-10-20 00:45:00,1.25099,1.250985,1.250975,1.251025
2017-10-20 00:46:00,1.25095,1.250955,1.25086,1.25097
2017-10-20 00:47:00,1.25097,1.25093,1.250925,1.25098
2017-10-20 00:48:00,1.25096,1.250965,1.250935,1.250995
2017-10-20 00:49:00,1.250875,1.250955,1.250825,1.250955
2017-10-20 00:50:00,1.250865,1.250885,1.250855,1.25089
2017-10-20 00:51:00,1.25085,1.25087,1.250845,1.25091
2017-10-20 00:52:00,1.250885,1.250825,1.250825,1.250885
2017-10-20 00:53:00,1.25119,1.250915,1.25091,1.25119
2017-10-20 00:54:00,1.251235,1.251205,1.251085,1.25124
2017-10-20 00:55:00,1.251195,1.251225,1.251125,1.251225
2017-10-20 00:56:00,1.251165,1.2512,1.251165,1.2512
2017-10-20 00:57:00,1.25116,1.25114,1.25114,1.251205
2017-10-20 00:58:00,1.25109,1.25118,1.25109,1.25118
2017-10-20 00:59:00,1.251205,1.251095,1.251095,1.25121
2017-10-20 01:00:00,1.25131,1.251205,1.251195,1.251315
2017-10-20 01:01:00,1.25138,1.251315,1.25131,1.251385
2017-10-20 01:02:00,1.25147,1.251385,1.251375,1.251525
2017-10-20 01:03:00,1.251475,1.25147,1.251405,1.251485
2017-10-20 01:04:00,1.251525,1.25147,1.25146,1.25155
2017-10-20 01:05:00,1.251535,1.251535,1.25153,1.25154
2017-10-20 01:06:00,1.25148,1.251535,1.25147,1.251535
2017-10-20 01:07:00,1.251495,1.251495,1.251485,1.25152
2017-10-20 01:08:00,1.2516,1.25145,1.25145,1.25165
2017-10-20 01:09:00,1.25167,1.251595,1.251595,1.25169
2017-10-20 01:10:00,1.25173,1.25173,1.251725,1.25174
2017-10-20 01:11:00,1.25171,1.251725,1.251655,1.251745
2017-10-20 01:12:00,1.251685,1.251715,1.251625,1.251725
2017-10-20 01:13:00,1.25177,1.25169,1.25167,1.251775
2017-10-20 01:14:00,1.251655,1.25177,1.251655,1.251785
2017-10-20 01:15:00,1.251585,1.251675,1.251555,1.251675
2017-10-20 01:16:00,1.25175,1.2516,1.2516,1.25176
2017-10-20 01:17:00,1.25184,1.251805,1.251795,1.251955
2017-10-20 01:18:00,1.251875,1.25186,1.251775,1.25188
2017-10-20 01:19:00,1.251765,1.25187,1.25176,1.251875
2017-10-20 01:20:00,1.251715,1.2517,1.25163,1.25172
2017-10-20 01:21:00,1.251705,1.25171,1.251625,1.251735
2017-10-20 01:22:00,1.25166,1.2517,1.25166,1.251705
2017-10-20 01:23:00,1.25178,1.251715,1.251715,1.251795
2017-10-20 01:24:00,1.25187,1.25178,1.25175,1.251875
2017-10-20 01:25:00,1.2518,1.251865,1.251785,1.251865
2017-10-20 01:26:00,1.251865,1.2518,1.2518,1.251875
2017-10-20 01:27:00,1.251875,1.251865,1.251825,1.251915
2017-10-20 01:28:00,1.251915,1.2519,1.251865,1.251915
2017-10-20 01:29:00,1.251775,1.251885,1.251775,1.251885
2017-10-20 01:30:00,1.251805,1.251825,1.251805,1.25187
2017-10-20 01:31:00,1.25183,1.25179,1.25172,1.25185
2017-10-20 01:32:00,1.251755,1.251795,1.25173,1.251815
2017-10-20 01:33:00,1.25179,1.251765,1.25176,1.25179
2017-10-20 01:34:00,1.25181,1.251785,1.25173,1.25181
2017-10-20 01:35:00,1.25186,1.25186,1.25185,1.251995
2017-10-20 01:36:00,1.25198,1.25186,1.25186,1.25198
2017-10-20 01:37:00,1.25186,1.251975,1.25186,1.251975
2017-10-20 01:38:00,1.251975,1.25187,1.251865,1.251995
2017-10-20 01:39:00,1.251575,1.25199,1.251555,1.25199
2017-10-20 01:40:00,1.25159,1.25158,1.25155,1.251615
2017-10-20 01:41:00,1.251605,1.251585,1.25155,1.251615
2017-10-20 01:42:00,1.25169,1.251615,1.2516,1.25169
2017-10-20 01:43:00,1.25167,1.25171,1.25166,1.251735
2017-10-20 01:44:00,1.25146,1.25161,1.251455,1.251615
2017-10-20 01:45:00,1.2516,1.25147,1.25143,1.251615
2017-10-20 01:46:00,1.25157,1.2516,1.25157,1.25161
2017-10-20 01:47:00,1.251585,1.25156,1.25152,1.25161
2017-10-20 01:48:00,1.251815,1.251575,1.251575,1.25193
2017-10-20 01:49:00,1.251935,1.251805,1.251805,1.25194
2017-10-20 01:50:00,1.251795,1.25193,1.25162,1.251935
2017-10-20 01:51:00,1.25155,1.251745,1.25155,1.25175
2017-10-20 01:52:00,1.251495,1.25154,1.25149,1.25158
2017-10-20 01:53:00,1.25151,1.2515,1.2515,1.251605
2017-10-20 01:54:00,1.2515,1.25146,1.251385,1.25151
2017-10-20 01:55:00,1.251495,1.251495,1.251495,1.251505
2017-10-20 01:56:00,1.25155,1.2515,1.25142,1.251555
2017-10-20 01:57:00,1.251555,1.251555,1.25155,1.251565
2017-10-20 01:58:00,1.251585,1.251545,1.251535,1.251585
2017-10-20 01:59:00,1.25159,1.25158,1.251575,1.251605
2017-10-20 02:00:00,1.25162,1.25158,1.251565,1.251625
2017-10-20 02:01:00,1.25152,1.251615,1.25148,1.251635
2017-10-20 02:02:00,1.25153,1.251515,1.251395,1.251535
2017-10-20 02:03:00,1.25149,1.251555,1.25141,1.251595
2017-10-20 02:04:00,1.25148,1.25148,1.251475,1.251485
2017-10-20 02:05:00,1.2514,1.251475,1.2514,1.251475
2017-10-20 02:06:00,1.25143,1.25139,1.25139,1.25145
2017-10-20 02:07:00,1.25167,1.25145,1.25145,1.251685
2017-10-20 02:08:00,1.251915,1.25165,1.251635,1.251925
2017-10-20 02:09:00,1.251935,1.251895,1.251815,1.25196
2017-10-20 02:10:00,1.25196,1.25192,1.251845,1.25196
2017-10-20 02:11:00,1.25182,1.251965,1.25181,1.251995
2017-10-20 02:12:00,1.251855,1.25183,1.251815,1.251895
2017-10-20 02:13:00,1.25177,1.251855,1.25175,1.25186
2017-10-20 02:14:00,1.251915,1.25177,1.25176,1.252
2017-10-20 02:15:00,1.25182,1.251915,1.251805,1.25193
2017-10-20 02:16:00,1.25182,1.251915,1.251805,1.25193
2017-10-20 02:17:00,1.25181,1.25177,1.25172,1.25181
2017-10-20 02:18:00,1.251645,1.251785,1.251625,1.251805
2017-10-20 02:19:00,1.25149,1.251695,1.25149,1.251765
2017-10-20 02:20:00,1.2514,1.2515,1.251375,1.25153
2017-10-20 02:21:00,1.251575,1.2514,1.251395,1.25163
2017-10-20 02:22:00,1.251465,1.25151,1.25146,1.251525
2017-10-20 02:23:00,1.251185,1.251415,1.25118,1.251415
2017-10-20 02:24:00,1.251235,1.251185,1.25118,1.251275
2017-10-20 02:25:00,1.251275,1.251285,1.25117,1.251315
2017-10-20 02:26:00,1.25127,1.25127,1.251195,1.25144
2017-10-20 02:27:00,1.251265,1.25128,1.25123,1.25134
2017-10-20 02:28:00,1.2512,1.25127,1.2512,1.25127
2017-10-20 02:29:00,1.251135,1.25119,1.251015,1.251225
2017-10-20 02:30:00,1.2508,1.251145,1.25079,1.25116
2017-10-20 02:31:00,1.250955,1.250795,1.25079,1.251
2017-10-20 02:32:00,1.25107,1.250985,1.25097,1.251105
2017-10-20 02:33:00,1.251145,1.251065,1.25096,1.25116
2017-10-20 02:34:00,1.25121,1.251135,1.25112,1.25131
2017-10-20 02:35:00,1.2513,1.251185,1.25115,1.251315
2017-10-20 02:36:00,1.251305,1.2513,1.251265,1.251335
2017-10-20 02:37:00,1.251105,1.2513,1.251065,1.251305
2017-10-20 02:38:00,1.25103,1.251095,1.25103,1.25114
2017-10-20 02:39:00,1.25091,1.25098,1.250855,1.250985
2017-10-20 02:40:00,1.250895,1.250905,1.25088,1.250905
2017-10-20 02:41:00,1.2509,1.25089,1.250885,1.250945
2017-10-20 02:42:00,1.250995,1.250905,1.25085,1.251
2017-10-20 02:43:00,1.25079,1.250985,1.250755,1.250995
2017-10-20 02:44:00,1.250905,1.250795,1.250755,1.250905
2017-10-20 02:45:00,1.250865,1.2509,1.250825,1.2509
2017-10-20 02:46:00,1.25082,1.250885,1.250785,1.25096
2017-10-20 02:47:00,1.250815,1.250815,1.25067,1.250835
2017-10-20 02:48:00,1.250975,1.25083,1.25083,1.25098
2017-10-20 02:49:00,1.25073,1.25098,1.25073,1.25098
2017-10-20 02:50:00,1.25077,1.25074,1.250705,1.250865
2017-10-20 02:51:00,1.250765,1.25077,1.25074,1.25091
2017-10-20 02:52:00,1.250815,1.250805,1.2508,1.25092
2017-10-20 02:53:00,1.250775,1.250815,1.25073,1.250875
2017-10-20 02:54:00,1.25067,1.25075,1.25064,1.250785
2017-10-20 02:55:00,1.250595,1.25069,1.25059,1.250775
2017-10-20 02:56:00,1.250585,1.250595,1.25057,1.25063
2017-10-20 02:57:00,1.250515,1.25053,1.25044,1.250635
2017-10-20 02:58:00,1.250685,1.25054,1.25054,1.250765
2017-10-20 02:59:00,1.250415,1.25063,1.250265,1.25063
2017-10-20 03:00:00,1.25021,1.250405,1.25017,1.250425
2017-10-20 03:01:00,1.25016,1.250215,1.249955,1.25027
2017-10-20 03:02:00,1.25036,1.250145,1.250145,1.25042
2017-10-20 03:03:00,1.25034,1.250415,1.250225,1.250495
2017-10-20 03:04:00,1.250075,1.25035,1.250075,1.25036
2017-10-20 03:05:00,1.249965,1.25013,1.249955,1.250135
2017-10-20 03:06:00,1.249955,1.24997,1.24982,1.24999
2017-10-20 03:07:00,1.24988,1.250005,1.249825,1.25009
2017-10-20 03:08:00,1.249995,1.249875,1.249845,1.25005
2017-10-20 03:09:00,1.250075,1.25002,1.25002,1.25012
2017-10-20 03:10:00,1.24998,1.25002,1.249905,1.250115
2017-10-20 03:11:00,1.250115,1.249965,1.249935,1.25013
2017-10-20 03:12:00,1.250245,1.25011,1.25009,1.250255
2017-10-20 03:13:00,1.25037,1.250305,1.250305,1.250435
2017-10-20 03:14:00,1.25018,1.250365,1.25018,1.25042
2017-10-20 03:15:00,1.25046,1.25023,1.25023,1.250505
2017-10-20 03:16:00,1.250675,1.250475,1.250425,1.250695
2017-10-20 03:17:00,1.250635,1.25073,1.25063,1.25075
2017-10-20 03:18:00,1.25052,1.25066,1.25049,1.25066
2017-10-20 03:19:00,1.25075,1.250525,1.25052,1.250755
2017-10-20 03:20:00,1.250935,1.250695,1.25069,1.250945
2017-10-20 03:21:00,1.25076,1.250945,1.25076,1.25099
2017-10-20 03:22:00,1.250895,1.250745,1.25074,1.25095
2017-10-20 03:23:00,1.250765,1.25089,1.25068,1.25089
2017-10-20 03:24:00,1.251215,1.25077,1.250745,1.25123
2017-10-20 03:25:00,1.25125,1.251155,1.251085,1.25136
2017-10-20 03:26:00,1.251045,1.251195,1.250955,1.251195
2017-10-20 03:27:00,1.251015,1.25104,1.25095,1.25108
2017-10-20 03:28:00,1.250905,1.25096,1.2509,1.25096
2017-10-20 03:29:00,1.250945,1.250905,1.25085,1.25098
2017-10-20 03:30:00,1.25096,1.25094,1.250915,1.250985
2017-10-20 03:31:00,1.250985,1.25094,1.25093,1.251045
2017-10-20 03:32:00,1.25096,1.250995,1.25096,1.25104
2017-10-20 03:33:00,1.25087,1.250975,1.2508,1.250975
2017-10-20 03:34:00,1.2509,1.25085,1.250785,1.25091
2017-10-20 03:35:00,1.25123,1.250905,1.250905,1.25124
2017-10-20 03:36:00,1.251325,1.251245,1.251185,1.251415
2017-10-20 03:37:00,1.25111,1.25128,1.25108,1.25128
2017-10-20 03:38:00,1.25085,1.251095,1.25085,1.2511
2017-10-20 03:39:00,1.25085,1.251095,1.25085,1.2511
2017-10-20 03:40:00,1.250795,1.250845,1.250655,1.250885
2017-10-20 03:41:00,1.250825,1.25085,1.250815,1.250935
2017-10-20 03:42:00,1.25081,1.25081,1.250785,1.250895
2017-10-20 03:43:00,1.25078,1.250815,1.25072,1.250815
2017-10-20 03:44:00,1.250645,1.25077,1.250645,1.25081
2017-10-20 03:45:00,1.250695,1.250635,1.250615,1.25074
2017-10-20 03:46:00,1.25068,1.25068,1.25065,1.250745
2017-10-20 03:47:00,1.250635,1.250685,1.25059,1.250745
2017-10-20 03:48:00,1.250665,1.25064,1.250585,1.250735
2017-10-20 03:49:00,1.250585,1.250615,1.250565,1.25068
2017-10-20 03:50:00,1.25065,1.25058,1.25058,1.250725
2017-10-20 03:51:00,1.250605,1.250645,1.25059,1.250725
2017-10-20 03:52:00,1.250565,1.25059,1.250515,1.250655
2017-10-20 03:53:00,1.25065,1.250585,1.250585,1.25073
2017-10-20 03:54:00,1.25062,1.25067,1.25061,1.25089
2017-10-20 03:55:00,1.250615,1.25063,1.25056,1.250635
2017-10-20 03:56:00,1.25058,1.2506,1.250515,1.25064
2017-10-20 03:57:00,1.25081,1.250585,1.25058,1.25082
2017-10-20 03:58:00,1.25066,1.25076,1.25061,1.2508
2017-10-20 03:59:00,1.25067,1.250665,1.25058,1.25067
2017-10-20 04:00:00,1.250665,1.250665,1.25052,1.250665
2017-10-20 04:01:00,1.250775,1.25067,1.25062,1.250795
2017-10-20 04:02:00,1.2508,1.25077,1.250735,1.25081
2017-10-20 04:03:00,1.250895,1.25085,1.250825,1.250965
2017-10-20 04:04:00,1.25094,1.25089,1.25089,1.25094
2017-10-20 04:05:00,1.25127,1.250995,1.250995,1.251305
2017-10-20 04:06:00,1.251215,1.251265,1.251205,1.2513
2017-10-20 04:07:00,1.25148,1.251275,1.25127,1.251485
2017-10-20 04:08:00,1.25144,1.251475,1.251395,1.251585
2017-10-20 04:09:00,1.251435,1.25139,1.25139,1.251515
2017-10-20 04:10:00,1.25143,1.251435,1.25136,1.2515
2017-10-20 04:11:00,1.25144,1.251435,1.251395,1.251525
2017-10-20 04:12:00,1.25127,1.251455,1.251265,1.25147
2017-10-20 04:13:00,1.25128,1.25128,1.251165,1.2513
2017-10-20 04:14:00,1.25131,1.251285,1.25126,1.2514
2017-10-20 04:15:00,1.25153,1.251335,1.2513,1.251535
2017-10-20 04:16:00,1.251585,1.251535,1.25145,1.25159
2017-10-20 04:17:00,1.251575,1.25159,1.251485,1.251605
2017-10-20 04:18:00,1.25163,1.251585,1.25157,1.25168
2017-10-20 04:19:00,1.251545,1.251635,1.251545,1.251705
2017-10-20 04:20:00,1.251555,1.251525,1.251435,1.251595
2017-10-20 04:21:00,1.251585,1.251615,1.25151,1.25165
2017-10-20 04:22:00,1.251715,1.25159,1.25159,1.251715
2017-10-20 04:23:00,1.25173,1.25172,1.25165,1.25173
2017-10-20 04:24:00,1.25173,1.251725,1.25168,1.251735
2017-10-20 04:25:00,1.25176,1.25174,1.25165,1.251765
2017-10-20 04:26:00,1.251715,1.251765,1.25167,1.2519
2017-10-20 04:27:00,1.25181,1.25172,1.25172,1.251815
2017-10-20 04:28:00,1.25182,1.25186,1.2518,1.2519
2017-10-20 04:29:00,1.251715,1.25184,1.251695,1.25184
2017-10-20 04:30:00,1.25167,1.25172,1.251595,1.25172
2017-10-20 04:31:00,1.251605,1.251665,1.25159,1.251725
2017-10-20 04:32:00,1.251495,1.251595,1.251495,1.251645
2017-10-20 04:33:00,1.251355,1.25147,1.25129,1.25147
2017-10-20 04:34:00,1.251285,1.25137,1.25125,1.25137
2017-10-20 04:35:00,1.251395,1.25128,1.251205,1.25141
2017-10-20 04:36:00,1.251375,1.251375,1.251245,1.251385
2017-10-20 04:37:00,1.251325,1.251355,1.251225,1.251375
2017-10-20 04:38:00,1.251215,1.25132,1.2512,1.25133
2017-10-20 04:39:00,1.25121,1.25123,1.25112,1.251285
2017-10-20 04:40:00,1.25112,1.25123,1.25108,1.251235
2017-10-20 04:41:00,1.25132,1.25114,1.251135,1.251395
2017-10-20 04:42:00,1.25144,1.251325,1.25132,1.25144
2017-10-20 04:43:00,1.25152,1.251445,1.251425,1.251715
2017-10-20 04:44:00,1.2516,1.251525,1.251495,1.251605
2017-10-20 04:45:00,1.25168,1.251605,1.251605,1.251785
2017-10-20 04:46:00,1.25186,1.251675,1.251665,1.25188
2017-10-20 04:47:00,1.25141,1.251835,1.25141,1.251835
2017-10-20 04:48:00,1.251335,1.251385,1.251315,1.25146
2017-10-20 04:49:00,1.250975,1.25133,1.250975,1.25133
2017-10-20 04:50:00,1.250965,1.25097,1.250885,1.251115
2017-10-20 04:51:00,1.25106,1.25096,1.25096,1.25108
2017-10-20 04:52:00,1.25103,1.251115,1.251025,1.251115
2017-10-20 04:53:00,1.250915,1.25101,1.2508,1.25105
2017-10-20 04:54:00,1.251065,1.250965,1.250965,1.251085
2017-10-20 04:55:00,1.25118,1.251065,1.251055,1.251205
2017-10-20 04:56:00,1.25119,1.25124,1.25114,1.2513
2017-10-20 04:57:00,1.25113,1.251195,1.251125,1.251255
2017-10-20 04:58:00,1.251185,1.25112,1.25104,1.25132
2017-10-20 04:59:00,1.251135,1.251195,1.251055,1.251195
2017-10-20 05:00:00,1.25128,1.25115,1.25115,1.251385
2017-10-20 05:01:00,1.25151,1.25129,1.25128,1.251515
2017-10-20 05:02:00,1.2516,1.251515,1.2515,1.251605
2017-10-20 05:03:00,1.25158,1.251605,1.25154,1.251665
2017-10-20 05:04:00,1.25145,1.25156,1.251435,1.25156
2017-10-20 05:05:00,1.251415,1.25143,1.251345,1.25158
2017-10-20 05:06:00,1.25141,1.25142,1.251375,1.25149
2017-10-20 05:07:00,1.251345,1.251415,1.25129,1.251435
2017-10-20 05:08:00,1.25135,1.25135,1.25128,1.25135
2017-10-20 05:09:00,1.25127,1.251345,1.25126,1.251415
2017-10-20 05:10:00,1.25135,1.25129,1.25129,1.25141
2017-10-20 05:11:00,1.25133,1.251345,1.25132,1.25141
2017-10-20 05:12:00,1.251285,1.251385,1.251275,1.251425
2017-10-20 05:13:00,1.251435,1.25128,1.25126,1.251435
2017-10-20 05:14:00,1.25158,1.25142,1.25142,1.25159
2017-10-20 05:15:00,1.25158,1.25159,1.251495,1.25163
2017-10-20 05:16:00,1.251435,1.251565,1.251425,1.251575
2017-10-20 05:17:00,1.251375,1.251455,1.251355,1.25149
2017-10-20 05:18:00,1.251605,1.25137,1.251365,1.25165
2017-10-20 05:19:00,1.251685,1.251665,1.25166,1.251755
2017-10-20 05:20:00,1.251645,1.25163,1.251585,1.251685
2017-10-20 05:21:00,1.25165,1.25165,1.25157,1.251735
2017-10-20 05:22:00,1.251545,1.251655,1.251495,1.251685
2017-10-20 05:23:00,1.25156,1.25155,1.251545,1.25159
2017-10-20 05:24:00,1.2516,1.251565,1.251565,1.251625
2017-10-20 05:25:00,1.2514,1.251605,1.251385,1.251605
2017-10-20 05:26:00,1.251185,1.251345,1.251185,1.251415
2017-10-20 05:27:00,1.25119,1.25118,1.251175,1.251275
2017-10-20 05:28:00,1.251255,1.251185,1.25118,1.25126
2017-10-20 05:29:00,1.2511,1.251205,1.25101,1.251265
2017-10-20 05:30:00,1.251125,1.25111,1.2511,1.25119
2017-10-20 05:31:00,1.25104,1.25115,1.25097,1.2512
2017-10-20 05:32:00,1.251115,1.250985,1.25089,1.251145
2017-10-20 05:33:00,1.251135,1.251135,1.25109,1.251155
2017-10-20 05:34:00,1.251015,1.251125,1.250995,1.25114
2017-10-20 05:35:00,1.25104,1.25101,1.25101,1.25111
2017-10-20 05:36:00,1.25088,1.251045,1.250795,1.251045
2017-10-20 05:37:00,1.250775,1.25089,1.250695,1.25089
2017-10-20 05:38:00,1.250855,1.25076,1.25076,1.25089
2017-10-20 05:39:00,1.250925,1.25083,1.25083,1.250925
2017-10-20 05:40:00,1.25091,1.250875,1.250865,1.25092
2017-10-20 05:41:00,1.250975,1.25094,1.25094,1.25099
2017-10-20 05:42:00,1.250975,1.250975,1.25097,1.25098
2017-10-20 05:43:00,1.250995,1.25097,1.250965,1.25104
2017-10-20 05:44:00,1.251025,1.25101,1.25096,1.251055
2017-10-20 05:45:00,1.250805,1.25102,1.25078,1.251035
2017-10-20 05:46:00,1.250885,1.25081,1.2508,1.25089
2017-10-20 05:47:00,1.250825,1.250885,1.250815,1.250885
2017-10-20 05:48:00,1.250885,1.250815,1.250815,1.250935
2017-10-20 05:49:00,1.250785,1.25083,1.250785,1.250885
2017-10-20 05:50:00,1.250775,1.25079,1.250765,1.25079
2017-10-20 05:51:00,1.25071,1.25077,1.25065,1.25077
2017-10-20 05:52:00,1.2507,1.25071,1.25065,1.25072
2017-10-20 05:53:00,1.25063,1.25069,1.25059,1.250715
2017-10-20 05:54:00,1.250715,1.250625,1.25061,1.250725
2017-10-20 05:55:00,1.25066,1.2507,1.25066,1.25078
2017-10-20 05:56:00,1.250655,1.250645,1.250645,1.250655
2017-10-20 05:57:00,1.250595,1.250635,1.250595,1.250695
2017-10-20 05:58:00,1.25066,1.25062,1.250545,1.250685
2017-10-20 05:59:00,1.250785,1.250595,1.25058,1.250795
2017-10-20 06:00:00,1.2507,1.250765,1.250695,1.25086
2017-10-20 06:01:00,1.250665,1.250695,1.250625,1.250865
2017-10-20 06:02:00,1.25067,1.25066,1.250365,1.25072
2017-10-20 06:03:00,1.250495,1.25069,1.250485,1.250725
2017-10-20 06:04:00,1.25041,1.250495,1.250405,1.250575
2017-10-20 06:05:00,1.25048,1.25041,1.250345,1.250485
2017-10-20 06:06:00,1.25042,1.25046,1.25034,1.250465
2017-10-20 06:07:00,1.2504,1.250425,1.250395,1.25049
2017-10-20 06:08:00,1.2504,1.250395,1.25031,1.250405
2017-10-20 06:09:00,1.25024,1.250415,1.250235,1.25042
2017-10-20 06:10:00,1.25001,1.250235,1.249995,1.25024
2017-10-20 06:11:00,1.249755,1.24996,1.249755,1.249965
2017-10-20 06:12:00,1.249665,1.249775,1.249665,1.24982
2017-10-20 06:13:00,1.2495,1.24961,1.2495,1.249625
2017-10-20 06:14:00,1.249465,1.249475,1.249425,1.249555
2017-10-20 06:15:00,1.249575,1.24952,1.249435,1.249575
2017-10-20 06:16:00,1.24969,1.249605,1.249605,1.24971
2017-10-20 06:17:00,1.249535,1.249685,1.24947,1.249755
2017-10-20 06:18:00,1.249375,1.24948,1.24936,1.24948
2017-10-20 06:19:00,1.24923,1.249405,1.24917,1.249535
2017-10-20 06:20:00,1.24956,1.24924,1.24922,1.249635
2017-10-20 06:21:00,1.249295,1.249565,1.249285,1.249595
2017-10-20 06:22:00,1.24922,1.24929,1.24912,1.24929
2017-10-20 06:23:00,1.24964,1.249165,1.249165,1.24964
2017-10-20 06:24:00,1.24967,1.24969,1.2496,1.249785
2017-10-20 06:25:00,1.249665,1.24969,1.249535,1.24969
2017-10-20 06:26:00,1.24972,1.24972,1.249635,1.249775
2017-10-20 06:27:00,1.249625,1.24971,1.24961,1.249765
2017-10-20 06:28:00,1.24973,1.24963,1.249625,1.249765
2017-10-20 06:29:00,1.2494,1.24971,1.249395,1.24971
2017-10-20 06:30:00,1.249375,1.24942,1.24935,1.249495
2017-10-20 06:31:00,1.24923,1.249375,1.24916,1.24941
2017-10-20 06:32:00,1.24946,1.249235,1.249225,1.24946
2017-10-20 06:33:00,1.249465,1.24946,1.24943,1.24954
2017-10-20 06:34:00,1.24962,1.249495,1.24949,1.24977
2017-10-20 06:35:00,1.249665,1.24961,1.2496,1.24967
2017-10-20 06:36:00,1.249695,1.249715,1.249695,1.249715
2017-10-20 06:37:00,1.249785,1.2497,1.2497,1.24983
2017-10-20 06:38:00,1.24988,1.24984,1.249815,1.24991
2017-10-20 06:39:00,1.24982,1.2499,1.249785,1.2499
2017-10-20 06:40:00,1.24969,1.24984,1.249645,1.24984
2017-10-20 06:41:00,1.24969,1.24964,1.249635,1.24972
2017-10-20 06:42:00,1.24941,1.24968,1.2494,1.24971
2017-10-20 06:43:00,1.249555,1.249395,1.249395,1.24957
2017-10-20 06:44:00,1.2495,1.249545,1.2495,1.249565
2017-10-20 06:45:00,1.249425,1.24952,1.249425,1.24952
2017-10-20 06:46:00,1.249335,1.249405,1.249335,1.249405
2017-10-20 06:47:00,1.249325,1.24931,1.249245,1.2494
2017-10-20 06:48:00,1.249285,1.24932,1.24924,1.24932
2017-10-20 06:49:00,1.24919,1.24929,1.24915,1.24929
2017-10-20 06:50:00,1.24911,1.249185,1.24909,1.24921
2017-10-20 06:51:00,1.249215,1.24916,1.24906,1.249215
2017-10-20 06:52:00,1.249285,1.24919,1.24914,1.249375
2017-10-20 06:53:00,1.24928,1.249285,1.24921,1.24935
2017-10-20 06:54:00,1.24938,1.24934,1.249335,1.249405
2017-10-20 06:55:00,1.249115,1.24935,1.24904,1.249355
2017-10-20 06:56:00,1.2492,1.24913,1.249125,1.2492
2017-10-20 06:57:00,1.24916,1.249195,1.249135,1.249235
2017-10-20 06:58:00,1.249055,1.249125,1.248985,1.249205
2017-10-20 06:59:00,1.24891,1.249045,1.24891,1.2491
2017-10-20 07:00:00,1.24895,1.248905,1.2487,1.248985
2017-10-20 07:01:00,1.249175,1.24895,1.24895,1.249185
2017-10-20 07:02:00,1.249155,1.24916,1.249115,1.24931
2017-10-20 07:03:00,1.24921,1.249105,1.24902,1.24921
2017-10-20 07:04:00,1.248945,1.249185,1.248905,1.249185
2017-10-20 07:05:00,1.249115,1.248965,1.24894,1.249115
2017-10-20 07:06:00,1.249185,1.24912,1.2491,1.24923
2017-10-20 07:07:00,1.24915,1.24918,1.24909,1.2492
2017-10-20 07:08:00,1.249185,1.249205,1.24916,1.24924
2017-10-20 07:09:00,1.249135,1.2492,1.249135,1.249235
2017-10-20 07:10:00,1.249085,1.24908,1.24903,1.24912
2017-10-20 07:11:00,1.248935,1.249085,1.2488,1.24909
2017-10-20 07:12:00,1.24906,1.24893,1.248925,1.24908
2017-10-20 07:13:00,1.249095,1.249065,1.249055,1.249105
2017-10-20 07:14:00,1.249185,1.2491,1.2491,1.24923
2017-10-20 07:15:00,1.24908,1.24917,1.248995,1.249185
2017-10-20 07:16:00,1.248865,1.24908,1.24884,1.249095
2017-10-20 07:17:00,1.24871,1.24884,1.24871,1.248905
2017-10-20 07:18:00,1.24864,1.248715,1.24848,1.24876
2017-10-20 07:19:00,1.24858,1.24862,1.24855,1.24862
2017-10-20 07:20:00,1.24871,1.24863,1.24863,1.248775
2017-10-20 07:21:00,1.24907,1.248715,1.248715,1.24907
2017-10-20 07:22:00,1.24893,1.249075,1.248905,1.24909
2017-10-20 07:23:00,1.248865,1.248955,1.24881,1.24901
2017-10-20 07:24:00,1.2489,1.248915,1.24885,1.248965
2017-10-20 07:25:00,1.24886,1.248885,1.24882,1.248905
2017-10-20 07:26:00,1.24856,1.248855,1.248545,1.248855
2017-10-20 07:27:00,1.24851,1.248515,1.248485,1.248595
2017-10-20 07:28:00,1.2486,1.248455,1.248455,1.248605
2017-10-20 07:29:00,1.24876,1.2486,1.248595,1.248805
2017-10-20 07:30:00,1.248725,1.24877,1.248645,1.248925
2017-10-20 07:31:00,1.24883,1.24872,1.248635,1.24884
2017-10-20 07:32:00,1.24883,1.24872,1.248635,1.24884
2017-10-20 07:33:00,1.248795,1.2488,1.24876,1.24883
2017-10-20 07:34:00,1.2489,1.248795,1.24874,1.248945
2017-10-20 07:35:00,1.248775,1.24894,1.24877,1.248955
2017-10-20 07:36:00,1.248525,1.24878,1.248455,1.248785
2017-10-20 07:37:00,1.24858,1.248525,1.24851,1.24859
2017-10-20 07:38:00,1.24856,1.2486,1.248555,1.24863
2017-10-20 07:39:00,1.24842,1.24855,1.248415,1.24856
2017-10-20 07:40:00,1.248585,1.248405,1.248395,1.248645
2017-10-20 07:41:00,1.248415,1.24859,1.248415,1.248605
2017-10-20 07:42:00,1.24814,1.248365,1.248065,1.2484
2017-10-20 07:43:00,1.248355,1.248145,1.24814,1.248385
2017-10-20 07:44:00,1.248485,1.24841,1.248325,1.2486
2017-10-20 07:45:00,1.24843,1.248455,1.248415,1.24854
2017-10-20 07:46:00,1.24843,1.2484,1.24833,1.24843
2017-10-20 07:47:00,1.24845,1.248425,1.24823,1.24845
2017-10-20 07:48:00,1.248495,1.248445,1.248245,1.24853
2017-10-20 07:49:00,1.24848,1.248485,1.24846,1.24853
2017-10-20 07:50:00,1.248565,1.248485,1.24846,1.248575
2017-10-20 07:51:00,1.248405,1.24856,1.24836,1.248595
2017-10-20 07:52:00,1.248525,1.2484,1.2484,1.24853
2017-10-20 07:53:00,1.248515,1.248525,1.248485,1.248535
2017-10-20 07:54:00,1.248565,1.248515,1.248455,1.24857
2017-10-20 07:55:00,1.24853,1.24855,1.24852,1.248555
2017-10-20 07:56:00,1.2485,1.248535,1.2485,1.248535
2017-10-20 07:57:00,1.248775,1.248525,1.248525,1.248785
2017-10-20 07:58:00,1.24897,1.24877,1.24877,1.24899
2017-10-20 07:59:00,1.24913,1.248995,1.248995,1.249175
2017-10-20 08:00:00,1.24911,1.249075,1.24902,1.249115
2017-10-20 08:01:00,1.249265,1.24912,1.24912,1.24936
2017-10-20 08:02:00,1.24924,1.24927,1.24921,1.24947
2017-10-20 08:03:00,1.249055,1.249185,1.24905,1.24934
2017-10-20 08:04:00,1.249155,1.24905,1.24901,1.249225
2017-10-20 08:05:00,1.24935,1.249135,1.249135,1.249395
2017-10-20 08:06:00,1.249465,1.24936,1.24932,1.24947
2017-10-20 08:07:00,1.249475,1.249455,1.2493,1.249555
2017-10-20 08:08:00,1.24934,1.24946,1.24934,1.249465
2017-10-20 08:09:00,1.249065,1.24932,1.249045,1.24938
2017-10-20 08:10:00,1.24908,1.249075,1.248965,1.249115
2017-10-20 08:11:00,1.249145,1.249065,1.249055,1.249215
2017-10-20 08:12:00,1.249135,1.249135,1.249105,1.249235
2017-10-20 08:13:00,1.24929,1.24919,1.24915,1.249375
2017-10-20 08:14:00,1.249305,1.24935,1.24914,1.24945
2017-10-20 08:15:00,1.249335,1.249315,1.24924,1.249455
2017-10-20 08:16:00,1.24931,1.24928,1.2492,1.249425
2017-10-20 08:17:00,1.249545,1.249325,1.249325,1.249615
2017-10-20 08:18:00,1.24936,1.24954,1.24929,1.249565
2017-10-20 08:19:00,1.249495,1.24942,1.24942,1.249575
2017-10-20 08:20:00,1.249375,1.24949,1.249305,1.24955
2017-10-20 08:21:00,1.249305,1.24937,1.24926,1.249535
2017-10-20 08:22:00,1.249195,1.249305,1.249055,1.249305
2017-10-20 08:23:00,1.249435,1.24925,1.249215,1.249455
2017-10-20 08:24:00,1.249525,1.24942,1.249415,1.24963
2017-10-20 08:25:00,1.249365,1.24954,1.24919,1.249545
2017-10-20 08:26:00,1.249475,1.249315,1.249275,1.24952
2017-10-20 08:27:00,1.249345,1.24943,1.249345,1.24946
2017-10-20 08:28:00,1.24938,1.249365,1.24936,1.24944
2017-10-20 08:29:00,1.249335,1.2494,1.249295,1.249435
2017-10-20 08:30:00,1.24818,1.249335,1.24776,1.249625
2017-10-20 08:31:00,1.254575,1.248445,1.248165,1.25736
2017-10-20 08:32:00,1.255445,1.254635,1.253985,1.255595
2017-10-20 08:33:00,1.25612,1.255495,1.25538,1.256245
2017-10-20 08:34:00,1.25559,1.256145,1.25528,1.25678
2017-10-20 08:35:00,1.256065,1.255645,1.25555,1.256075
2017-10-20 08:36:00,1.25581,1.256045,1.25566,1.256245
2017-10-20 08:37:00,1.256035,1.255805,1.255595,1.256325
2017-10-20 08:38:00,1.25559,1.256005,1.255395,1.25611
2017-10-20 08:39:00,1.255765,1.255655,1.25558,1.25591
2017-10-20 08:40:00,1.2554,1.255705,1.25526,1.255835
2017-10-20 08:41:00,1.255535,1.255455,1.255325,1.255755
2017-10-20 08:42:00,1.25599,1.25553,1.25553,1.25599
2017-10-20 08:43:00,1.255845,1.25599,1.255595,1.256045
2017-10-20 08:44:00,1.255905,1.255815,1.255725,1.255955
2017-10-20 08:45:00,1.25586,1.255875,1.25582,1.256005
2017-10-20 08:46:00,1.25574,1.255855,1.25536,1.255855
2017-10-20 08:47:00,1.255855,1.25575,1.25566,1.255855
2017-10-20 08:48:00,1.255805,1.255835,1.255745,1.255925
2017-10-20 08:49:00,1.25587,1.255805,1.25575,1.25597
2017-10-20 08:50:00,1.25575,1.25588,1.25569,1.25595
2017-10-20 08:51:00,1.255875,1.255745,1.25574,1.25596
2017-10-20 08:52:00,1.255975,1.255885,1.25559,1.255975
2017-10-20 08:53:00,1.256255,1.25603,1.25597,1.25647
2017-10-20 08:54:00,1.256575,1.25626,1.256225,1.256605
2017-10-20 08:55:00,1.25642,1.25657,1.25642,1.256765
2017-10-20 08:56:00,1.25672,1.2564,1.2562,1.256735
2017-10-20 08:57:00,1.25645,1.25671,1.25643,1.256905
2017-10-20 08:58:00,1.256525,1.256475,1.25626,1.256625
2017-10-20 08:59:00,1.256715,1.25652,1.2564,1.256725
2017-10-20 09:00:00,1.25707,1.256715,1.256585,1.2571
2017-10-20 09:01:00,1.257225,1.25713,1.257075,1.257555
2017-10-20 09:02:00,1.25719,1.25721,1.256975,1.25721
2017-10-20 09:03:00,1.257305,1.25721,1.25706,1.257455
2017-10-20 09:04:00,1.25724,1.257255,1.257145,1.257355
2017-10-20 09:05:00,1.25743,1.25719,1.257115,1.25768
2017-10-20 09:06:00,1.257555,1.25748,1.257405,1.257645
2017-10-20 09:07:00,1.25742,1.257605,1.25733,1.25765
2017-10-20 09:08:00,1.25767,1.25742,1.257405,1.25784
2017-10-20 09:09:00,1.258185,1.25763,1.257605,1.25822
2017-10-20 09:10:00,1.25786,1.258185,1.257665,1.258185
2017-10-20 09:11:00,1.25771,1.257865,1.257695,1.25799
2017-10-20 09:12:00,1.258015,1.257715,1.257715,1.258015
2017-10-20 09:13:00,1.25788,1.25796,1.257785,1.257985
2017-10-20 09:14:00,1.257885,1.257875,1.25786,1.257975
2017-10-20 09:15:00,1.25795,1.257935,1.257895,1.2582
2017-10-20 09:16:00,1.257745,1.257955,1.257485,1.257955
2017-10-20 09:17:00,1.257575,1.25772,1.25755,1.25774
2017-10-20 09:18:00,1.257725,1.257575,1.25756,1.257735
2017-10-20 09:19:00,1.257875,1.25774,1.25773,1.257935
2017-10-20 09:20:00,1.25774,1.25782,1.25767,1.25798
2017-10-20 09:21:00,1.257845,1.257735,1.25766,1.2579
2017-10-20 09:22:00,1.258405,1.257845,1.25778,1.258415
2017-10-20 09:23:00,1.258405,1.25842,1.25832,1.25864
2017-10-20 09:24:00,1.258345,1.2584,1.258285,1.2587
2017-10-20 09:25:00,1.258255,1.258335,1.258025,1.258345
2017-10-20 09:26:00,1.25838,1.25825,1.258145,1.25838
2017-10-20 09:27:00,1.25854,1.25839,1.258265,1.25854
2017-10-20 09:28:00,1.25865,1.25849,1.25838,1.25869
2017-10-20 09:29:00,1.25872,1.25862,1.25852,1.258825
2017-10-20 09:30:00,1.25864,1.258665,1.25858,1.25871
2017-10-20 09:31:00,1.258475,1.258585,1.25827,1.25859
2017-10-20 09:32:00,1.2588,1.258525,1.25849,1.258855
2017-10-20 09:33:00,1.258795,1.25885,1.25863,1.25895
2017-10-20 09:34:00,1.258615,1.25878,1.258615,1.25897
2017-10-20 09:35:00,1.258605,1.258585,1.25851,1.25868
2017-10-20 09:36:00,1.25862,1.25863,1.25853,1.25871
2017-10-20 09:37:00,1.258765,1.25863,1.258605,1.25889
2017-10-20 09:38:00,1.258725,1.258735,1.258635,1.25882
2017-10-20 09:39:00,1.258815,1.25871,1.25871,1.258895
2017-10-20 09:40:00,1.25876,1.25876,1.25864,1.258865
2017-10-20 09:41:00,1.259025,1.25871,1.258705,1.259085
2017-10-20 09:42:00,1.259155,1.25902,1.25901,1.25925
2017-10-20 09:43:00,1.259165,1.25913,1.259055,1.259305
2017-10-20 09:44:00,1.25911,1.259105,1.258995,1.259155
2017-10-20 09:45:00,1.25903,1.25911,1.259015,1.259265
2017-10-20 09:46:00,1.25903,1.25909,1.259,1.25911
2017-10-20 09:47:00,1.25899,1.25902,1.258875,1.25909
2017-10-20 09:48:00,1.259055,1.258995,1.258965,1.25907
2017-10-20 09:49:00,1.259115,1.259015,1.258995,1.259145
2017-10-20 09:50:00,1.25928,1.25912,1.25912,1.259325
2017-10-20 09:51:00,1.259255,1.25927,1.25919,1.259345
2017-10-20 09:52:00,1.259165,1.259305,1.25906,1.25931
2017-10-20 09:53:00,1.25923,1.25911,1.25896,1.25923
2017-10-20 09:54:00,1.259415,1.25919,1.259125,1.259485
2017-10-20 09:55:00,1.25939,1.259395,1.25933,1.25941
2017-10-20 09:56:00,1.259545,1.25938,1.25935,1.25958
2017-10-20 09:57:00,1.25932,1.259485,1.259265,1.25949
2017-10-20 09:58:00,1.259695,1.259315,1.25928,1.259695
2017-10-20 09:59:00,1.259715,1.25968,1.25957,1.259795
2017-10-20 10:00:00,1.26003,1.259765,1.259695,1.26041
2017-10-20 10:01:00,1.260135,1.260015,1.259435,1.260345
2017-10-20 10:02:00,1.260295,1.260135,1.259905,1.260385
2017-10-20 10:03:00,1.26015,1.260265,1.25973,1.26027
2017-10-20 10:04:00,1.260555,1.260145,1.25996,1.26073
2017-10-20 10:05:00,1.260755,1.26057,1.260385,1.26085
2017-10-20 10:06:00,1.26042,1.26077,1.26042,1.26095
2017-10-20 10:07:00,1.260345,1.260475,1.26,1.260525
2017-10-20 10:08:00,1.260435,1.26037,1.260315,1.260715
2017-10-20 10:09:00,1.260615,1.26043,1.260305,1.260625
2017-10-20 10:10:00,1.26061,1.260565,1.26033,1.26062
2017-10-20 10:11:00,1.260745,1.260605,1.2605,1.260815
2017-10-20 10:12:00,1.260795,1.26069,1.2606,1.26086
2017-10-20 10:13:00,1.260785,1.260835,1.26057,1.26092
2017-10-20 10:14:00,1.26067,1.260735,1.26059,1.26097
2017-10-20 10:15:00,1.260455,1.26071,1.26045,1.260845
2017-10-20 10:16:00,1.26042,1.26045,1.260355,1.260665
2017-10-20 10:17:00,1.26041,1.260405,1.260205,1.26065
2017-10-20 10:18:00,1.260355,1.260435,1.260025,1.26052
2017-10-20 10:19:00,1.260375,1.26036,1.260195,1.260465
2017-10-20 10:20:00,1.260285,1.26043,1.26024,1.260475
2017-10-20 10:21:00,1.260295,1.260275,1.26012,1.26032
2017-10-20 10:22:00,1.26005,1.26031,1.26003,1.26033
2017-10-20 10:23:00,1.26024,1.26005,1.25999,1.260275
2017-10-20 10:24:00,1.260235,1.260185,1.26001,1.260275
2017-10-20 10:25:00,1.260145,1.26024,1.260125,1.260325
2017-10-20 10:26:00,1.26031,1.260095,1.259965,1.26031
2017-10-20 10:27:00,1.26022,1.26033,1.260065,1.260335
2017-10-20 10:28:00,1.25984,1.26024,1.259665,1.26024
2017-10-20 10:29:00,1.25985,1.25979,1.25962,1.25985
2017-10-20 10:30:00,1.25937,1.259855,1.259325,1.259985
2017-10-20 10:31:00,1.2597,1.259375,1.25933,1.259825
2017-10-20 10:32:00,1.25958,1.259645,1.259505,1.25976
2017-10-20 10:33:00,1.259645,1.25952,1.259405,1.259745
2017-10-20 10:34:00,1.25963,1.259635,1.25954,1.25979
2017-10-20 10:35:00,1.25948,1.259635,1.25935,1.259635
2017-10-20 10:36:00,1.259525,1.25948,1.25941,1.25958
2017-10-20 10:37:00,1.25968,1.259545,1.259405,1.259755
2017-10-20 10:38:00,1.25974,1.259675,1.259665,1.25999
2017-10-20 10:39:00,1.25986,1.259735,1.259735,1.260015
2017-10-20 10:40:00,1.259735,1.25986,1.259485,1.25986
2017-10-20 10:41:00,1.25954,1.25972,1.259515,1.259735
2017-10-20 10:42:00,1.259485,1.259525,1.25946,1.259575
2017-10-20 10:43:00,1.259415,1.25954,1.259355,1.25967
2017-10-20 10:44:00,1.25946,1.25943,1.259275,1.259585
2017-10-20 10:45:00,1.259335,1.259405,1.259055,1.25952
2017-10-20 10:46:00,1.25953,1.25931,1.259265,1.259575
2017-10-20 10:47:00,1.258965,1.259535,1.258905,1.259555
2017-10-20 10:48:00,1.25912,1.25902,1.258915,1.25923
2017-10-20 10:49:00,1.259215,1.259065,1.259035,1.259295
2017-10-20 10:50:00,1.259265,1.25922,1.258955,1.259285
2017-10-20 10:51:00,1.25926,1.25926,1.259185,1.25946
2017-10-20 10:52:00,1.25946,1.259275,1.259165,1.259465
2017-10-20 10:53:00,1.259435,1.259455,1.259355,1.25949
2017-10-20 10:54:00,1.259135,1.25943,1.258965,1.25943
2017-10-20 10:55:00,1.2593,1.25914,1.259115,1.25944
2017-10-20 10:56:00,1.25949,1.2593,1.259285,1.25954
2017-10-20 10:57:00,1.25957,1.2595,1.25946,1.259585
2017-10-20 10:58:00,1.26011,1.259565,1.259465,1.26013
2017-10-20 10:59:00,1.26041,1.260105,1.259955,1.26041
2017-10-20 11:00:00,1.26052,1.260385,1.260325,1.26077
2017-10-20 11:01:00,1.260435,1.260525,1.26021,1.260525
2017-10-20 11:02:00,1.260375,1.26048,1.260285,1.260605
2017-10-20 11:03:00,1.260445,1.26039,1.260335,1.260535
2017-10-20 11:04:00,1.26021,1.260415,1.2602,1.26045
2017-10-20 11:05:00,1.260385,1.26023,1.26023,1.26044
2017-10-20 11:06:00,1.260735,1.26038,1.26034,1.260735
2017-10-20 11:07:00,1.260685,1.26073,1.260585,1.26074
2017-10-20 11:08:00,1.26055,1.26068,1.26052,1.260805
2017-10-20 11:09:00,1.260695,1.260565,1.260565,1.26075
2017-10-20 11:10:00,1.260705,1.260675,1.26067,1.26082
2017-10-20 11:11:00,1.260605,1.26069,1.260595,1.26073
2017-10-20 11:12:00,1.260715,1.2606,1.2606,1.260805
2017-10-20 11:13:00,1.26067,1.26067,1.26062,1.2607
2017-10-20 11:14:00,1.26063,1.26061,1.260525,1.260755
2017-10-20 11:15:00,1.260585,1.260635,1.26057,1.26067
2017-10-20 11:16:00,1.260685,1.26059,1.26058,1.260715
2017-10-20 11:17:00,1.260645,1.260695,1.26058,1.26076
2017-10-20 11:18:00,1.260685,1.260645,1.260585,1.26069
2017-10-20 11:19:00,1.26067,1.26068,1.2606,1.26078
2017-10-20 11:20:00,1.26083,1.26071,1.26071,1.261045
2017-10-20 11:21:00,1.260755,1.260835,1.260725,1.260835
2017-10-20 11:22:00,1.260785,1.26076,1.260715,1.260805
2017-10-20 11:23:00,1.260825,1.26073,1.260685,1.260825
2017-10-20 11:24:00,1.26082,1.260825,1.260755,1.26084
2017-10-20 11:25:00,1.260785,1.26084,1.260755,1.26084
2017-10-20 11:26:00,1.26084,1.26078,1.260765,1.260865
2017-10-20 11:27:00,1.260865,1.26082,1.260765,1.260915
2017-10-20 11:28:00,1.26068,1.26081,1.26064,1.260825
2017-10-20 11:29:00,1.260705,1.26069,1.26061,1.26074
2017-10-20 11:30:00,1.260675,1.26066,1.260585,1.260745
2017-10-20 11:31:00,1.260575,1.26066,1.26057,1.26071
2017-10-20 11:32:00,1.26063,1.260605,1.260555,1.26063
2017-10-20 11:33:00,1.26065,1.26058,1.26057,1.26065
2017-10-20 11:34:00,1.26087,1.260595,1.260585,1.26089
2017-10-20 11:35:00,1.26112,1.26093,1.26093,1.261125
2017-10-20 11:36:00,1.26164,1.261125,1.261085,1.26172
2017-10-20 11:37:00,1.26163,1.261585,1.261535,1.261705
2017-10-20 11:38:00,1.26172,1.26163,1.261595,1.26175
2017-10-20 11:39:00,1.26162,1.26174,1.26145,1.26174
2017-10-20 11:40:00,1.261645,1.26168,1.261635,1.26185
2017-10-20 11:41:00,1.26159,1.26159,1.26152,1.26179
2017-10-20 11:42:00,1.26173,1.26159,1.26159,1.261735
2017-10-20 11:43:00,1.26175,1.26172,1.26168,1.26175
2017-10-20 11:44:00,1.261575,1.2617,1.26143,1.2617
2017-10-20 11:45:00,1.26183,1.261525,1.261525,1.261885
2017-10-20 11:46:00,1.261755,1.261835,1.26167,1.26192
2017-10-20 11:47:00,1.2617,1.261755,1.26167,1.26187
2017-10-20 11:48:00,1.261675,1.261675,1.261625,1.261795
2017-10-20 11:49:00,1.26181,1.261655,1.26164,1.261815
2017-10-20 11:50:00,1.26174,1.261805,1.261645,1.261805
2017-10-20 11:51:00,1.261685,1.261735,1.26163,1.26179
2017-10-20 11:52:00,1.261845,1.26169,1.26169,1.261845
2017-10-20 11:53:00,1.2618,1.261835,1.26177,1.262035
2017-10-20 11:54:00,1.26196,1.26179,1.26179,1.26198
2017-10-20 11:55:00,1.26186,1.26197,1.261855,1.26197
2017-10-20 11:56:00,1.262095,1.26184,1.26184,1.262115
2017-10-20 11:57:00,1.262125,1.262145,1.261995,1.262255
2017-10-20 11:58:00,1.262315,1.26213,1.26206,1.26233
2017-10-20 11:59:00,1.262085,1.262345,1.261985,1.262455
2017-10-20 12:00:00,1.2619,1.26206,1.2619,1.26216
2017-10-20 12:01:00,1.261805,1.261875,1.261775,1.261985
2017-10-20 12:02:00,1.26172,1.26175,1.261635,1.261815
2017-10-20 12:03:00,1.261815,1.261715,1.261715,1.261825
2017-10-20 12:04:00,1.26201,1.261815,1.261795,1.26202
2017-10-20 12:05:00,1.261965,1.262005,1.2619,1.262195
2017-10-20 12:06:00,1.26218,1.261985,1.261985,1.26229
2017-10-20 12:07:00,1.262135,1.262185,1.262135,1.262225
2017-10-20 12:08:00,1.261995,1.262085,1.261915,1.262085
2017-10-20 12:09:00,1.261985,1.262,1.2619,1.26205
2017-10-20 12:10:00,1.2617,1.26199,1.261685,1.262145
2017-10-20 12:11:00,1.261655,1.261705,1.26085,1.26173
2017-10-20 12:12:00,1.26141,1.261655,1.26137,1.26187
2017-10-20 12:13:00,1.261145,1.26141,1.261145,1.261505
2017-10-20 12:14:00,1.26102,1.26112,1.260915,1.26113
2017-10-20 12:15:00,1.261235,1.261035,1.26103,1.26124
2017-10-20 12:16:00,1.2612,1.261235,1.2609,1.261235
2017-10-20 12:17:00,1.26157,1.261225,1.26118,1.261655
2017-10-20 12:18:00,1.26155,1.26157,1.26151,1.261695
2017-10-20 12:19:00,1.261425,1.26153,1.26134,1.26153
2017-10-20 12:20:00,1.26164,1.26145,1.261395,1.261755
2017-10-20 12:21:00,1.261245,1.26163,1.26124,1.26164
2017-10-20 12:22:00,1.26106,1.26119,1.26106,1.261235
2017-10-20 12:23:00,1.26139,1.26105,1.26105,1.261435
2017-10-20 12:24:00,1.261255,1.26134,1.261205,1.261355
2017-10-20 12:25:00,1.261125,1.26125,1.2611,1.26132
2017-10-20 12:26:00,1.26148,1.2611,1.2611,1.261645
2017-10-20 12:27:00,1.26172,1.26151,1.2615,1.261795
2017-10-20 12:28:00,1.26194,1.261715,1.26163,1.26202
2017-10-20 12:29:00,1.2618,1.26189,1.26172,1.26192
2017-10-20 12:30:00,1.26172,1.26181,1.26172,1.26182
2017-10-20 12:31:00,1.261525,1.26174,1.261495,1.26174
2017-10-20 12:32:00,1.26155,1.261515,1.261495,1.261645
2017-10-20 12:33:00,1.26157,1.26158,1.26152,1.26159
2017-10-20 12:34:00,1.26156,1.26158,1.26151,1.26162
2017-10-20 12:35:00,1.26151,1.261565,1.261485,1.26162
2017-10-20 12:36:00,1.261425,1.2615,1.26141,1.26158
2017-10-20 12:37:00,1.2615,1.26143,1.261425,1.26157
2017-10-20 12:38:00,1.261465,1.261505,1.26144,1.261515
2017-10-20 12:39:00,1.26145,1.26147,1.261415,1.26148
2017-10-20 12:40:00,1.26148,1.261445,1.261405,1.26163
2017-10-20 12:41:00,1.26154,1.2615,1.261375,1.26154
2017-10-20 12:42:00,1.26159,1.261595,1.26158,1.26165
2017-10-20 12:43:00,1.261455,1.261585,1.261455,1.261585
2017-10-20 12:44:00,1.261355,1.2614,1.261305,1.26143
2017-10-20 12:45:00,1.2613,1.26136,1.261255,1.261365
2017-10-20 12:46:00,1.261345,1.261245,1.26124,1.261385
2017-10-20 12:47:00,1.261335,1.26129,1.261185,1.261335
2017-10-20 12:48:00,1.261345,1.261335,1.261335,1.261425
2017-10-20 12:49:00,1.261305,1.261335,1.26126,1.261335
2017-10-20 12:50:00,1.26134,1.26132,1.26127,1.26138
2017-10-20 12:51:00,1.26144,1.261345,1.261345,1.26144
2017-10-20 12:52:00,1.26142,1.261425,1.261285,1.26143
2017-10-20 12:53:00,1.26139,1.26141,1.26131,1.261415
2017-10-20 12:54:00,1.261335,1.261385,1.261335,1.261425
2017-10-20 12:55:00,1.26148,1.261325,1.261315,1.261495
2017-10-20 12:56:00,1.26144,1.26149,1.261435,1.26151
2017-10-20 12:57:00,1.26124,1.261435,1.26124,1.261435
2017-10-20 12:58:00,1.2611,1.261225,1.261065,1.261255
2017-10-20 12:59:00,1.26096,1.261045,1.260925,1.261045
2017-10-20 13:00:00,1.261055,1.260965,1.260955,1.261065
2017-10-20 13:01:00,1.26098,1.26106,1.26093,1.26106
2017-10-20 13:02:00,1.261165,1.261,1.260995,1.261225
2017-10-20 13:03:00,1.26119,1.26116,1.261145,1.261245
2017-10-20 13:04:00,1.2611,1.26117,1.260995,1.2612
2017-10-20 13:05:00,1.26112,1.261105,1.26102,1.26112
2017-10-20 13:06:00,1.26111,1.2611,1.26102,1.261135
2017-10-20 13:07:00,1.26115,1.26106,1.261,1.26115
2017-10-20 13:08:00,1.261,1.26114,1.260975,1.261165
2017-10-20 13:09:00,1.261125,1.260995,1.260975,1.261145
2017-10-20 13:10:00,1.26125,1.261155,1.261155,1.261255
2017-10-20 13:11:00,1.261255,1.261255,1.261245,1.261305
2017-10-20 13:12:00,1.261245,1.26125,1.261225,1.261305
2017-10-20 13:13:00,1.261415,1.261245,1.261245,1.261465
2017-10-20 13:14:00,1.261385,1.261355,1.26135,1.2614
2017-10-20 13:15:00,1.261515,1.26139,1.26139,1.261535
2017-10-20 13:16:00,1.26155,1.26152,1.26151,1.261575
2017-10-20 13:17:00,1.26164,1.26153,1.26153,1.26164
2017-10-20 13:18:00,1.26159,1.26163,1.261555,1.26163
2017-10-20 13:19:00,1.261695,1.261585,1.26158,1.261695
2017-10-20 13:20:00,1.26165,1.26169,1.26165,1.26173
2017-10-20 13:21:00,1.261705,1.26163,1.26163,1.261705
2017-10-20 13:22:00,1.261595,1.2617,1.26157,1.2617
2017-10-20 13:23:00,1.26176,1.261565,1.261545,1.261785
2017-10-20 13:24:00,1.26183,1.261765,1.261765,1.26191
2017-10-20 13:25:00,1.261795,1.261805,1.26177,1.261885
2017-10-20 13:26:00,1.26182,1.26174,1.26173,1.261825
2017-10-20 13:27:00,1.26171,1.26187,1.261705,1.2619
2017-10-20 13:28:00,1.261715,1.261655,1.261575,1.261715
2017-10-20 13:29:00,1.261705,1.26174,1.26169,1.26174
2017-10-20 13:30:00,1.26169,1.26171,1.26166,1.26177
2017-10-20 13:31:00,1.26165,1.26164,1.261515,1.261655
2017-10-20 13:32:00,1.26161,1.261645,1.26159,1.261865
2017-10-20 13:33:00,1.261515,1.261605,1.26151,1.261615
2017-10-20 13:34:00,1.2615,1.261525,1.26147,1.26154
2017-10-20 13:35:00,1.2613,1.26144,1.2613,1.26144
2017-10-20 13:36:00,1.261265,1.261305,1.26124,1.26132
2017-10-20 13:37:00,1.26135,1.261275,1.261155,1.26135
2017-10-20 13:38:00,1.261295,1.261325,1.26128,1.26138
2017-10-20 13:39:00,1.26119,1.261275,1.261175,1.261285
2017-10-20 13:40:00,1.261215,1.26117,1.261145,1.26127
2017-10-20 13:41:00,1.261165,1.26124,1.26115,1.26124
2017-10-20 13:42:00,1.26108,1.261115,1.261075,1.26115
2017-10-20 13:43:00,1.26104,1.261085,1.26104,1.261115
2017-10-20 13:44:00,1.26109,1.26109,1.26107,1.26119
2017-10-20 13:45:00,1.26101,1.261085,1.260955,1.26112
2017-10-20 13:46:00,1.261065,1.261005,1.260995,1.26109
2017-10-20 13:47:00,1.26101,1.261065,1.26092,1.2611
2017-10-20 13:48:00,1.26101,1.26101,1.261,1.261025
2017-10-20 13:49:00,1.261065,1.261015,1.26092,1.261065
2017-10-20 13:50:00,1.26127,1.261005,1.26098,1.26133
2017-10-20 13:51:00,1.261305,1.261295,1.26129,1.26138
2017-10-20 13:52:00,1.261305,1.261325,1.261285,1.261345
2017-10-20 13:53:00,1.261255,1.26133,1.261255,1.26133
2017-10-20 13:54:00,1.26119,1.261195,1.26116,1.261205
2017-10-20 13:55:00,1.26126,1.2612,1.26119,1.261325
2017-10-20 13:56:00,1.2613,1.26131,1.2613,1.26137
2017-10-20 13:57:00,1.261395,1.26135,1.26135,1.261425
2017-10-20 13:58:00,1.26133,1.261365,1.261305,1.261365
2017-10-20 13:59:00,1.261395,1.26132,1.26132,1.261395
2017-10-20 14:00:00,1.2616,1.26139,1.26139,1.261645
2017-10-20 14:01:00,1.2614,1.26162,1.26136,1.26162
2017-10-20 14:02:00,1.26133,1.26139,1.26131,1.261445
2017-10-20 14:03:00,1.26135,1.26132,1.26132,1.2614
2017-10-20 14:04:00,1.261445,1.261345,1.261345,1.26145
2017-10-20 14:05:00,1.261305,1.261445,1.261205,1.261445
2017-10-20 14:06:00,1.26162,1.26131,1.2613,1.26162
2017-10-20 14:07:00,1.26158,1.261615,1.261545,1.26178
2017-10-20 14:08:00,1.26165,1.261575,1.26137,1.261655
2017-10-20 14:09:00,1.261675,1.26165,1.261575,1.261715
2017-10-20 14:10:00,1.26174,1.261675,1.26162,1.26174
2017-10-20 14:11:00,1.26174,1.261735,1.26166,1.261755
2017-10-20 14:12:00,1.261315,1.26174,1.26107,1.26174
2017-10-20 14:13:00,1.26135,1.261305,1.261265,1.261425
2017-10-20 14:14:00,1.26151,1.261345,1.261315,1.26151
2017-10-20 14:15:00,1.261575,1.261495,1.261495,1.261605
2017-10-20 14:16:00,1.261795,1.26158,1.261485,1.26181
2017-10-20 14:17:00,1.261795,1.26179,1.261695,1.2619
2017-10-20 14:18:00,1.26178,1.26174,1.261625,1.26179
2017-10-20 14:19:00,1.261965,1.261785,1.26168,1.26203
2017-10-20 14:20:00,1.262045,1.26196,1.261915,1.26212
2017-10-20 14:21:00,1.262095,1.262035,1.262,1.2622
2017-10-20 14:22:00,1.26208,1.262115,1.261965,1.262115
2017-10-20 14:23:00,1.262115,1.2621,1.26196,1.26214
2017-10-20 14:24:00,1.26197,1.26211,1.261955,1.26223
2017-10-20 14:25:00,1.261875,1.26197,1.261855,1.262025
2017-10-20 14:26:00,1.262065,1.261895,1.261835,1.262095
2017-10-20 14:27:00,1.26191,1.26205,1.261745,1.262055
2017-10-20 14:28:00,1.261825,1.261925,1.26182,1.261935
2017-10-20 14:29:00,1.26161,1.26182,1.261505,1.26182
2017-10-20 14:30:00,1.261715,1.261605,1.261605,1.261715
2017-10-20 14:31:00,1.26164,1.26172,1.261615,1.26172
2017-10-20 14:32:00,1.26165,1.261665,1.26156,1.26169
2017-10-20 14:33:00,1.261785,1.261645,1.26163,1.261785
2017-10-20 14:34:00,1.261765,1.26181,1.26176,1.261835
2017-10-20 14:35:00,1.261845,1.261745,1.26171,1.261845
2017-10-20 14:36:00,1.261785,1.261825,1.261725,1.261825
2017-10-20 14:37:00,1.26183,1.2618,1.26178,1.26184
2017-10-20 14:38:00,1.26172,1.261825,1.26171,1.261825
2017-10-20 14:39:00,1.261785,1.261715,1.26171,1.261825
2017-10-20 14:40:00,1.26172,1.261785,1.26164,1.261795
2017-10-20 14:41:00,1.261785,1.261715,1.26167,1.261845
2017-10-20 14:42:00,1.261815,1.26179,1.261785,1.26188
2017-10-20 14:43:00,1.26185,1.26182,1.2618,1.26193
2017-10-20 14:44:00,1.26189,1.261825,1.261785,1.26189
2017-10-20 14:45:00,1.261855,1.26189,1.2618,1.26189
2017-10-20 14:46:00,1.26196,1.26186,1.261805,1.26199
2017-10-20 14:47:00,1.2619,1.261975,1.261895,1.26202
2017-10-20 14:48:00,1.26192,1.261845,1.261835,1.26195
2017-10-20 14:49:00,1.26188,1.261945,1.26184,1.261945
2017-10-20 14:50:00,1.261805,1.261875,1.261785,1.26197
2017-10-20 14:51:00,1.26199,1.261805,1.261805,1.261995
2017-10-20 14:52:00,1.262015,1.26194,1.26187,1.26203
2017-10-20 14:53:00,1.26211,1.26203,1.262025,1.262115
2017-10-20 14:54:00,1.26221,1.262105,1.262095,1.26221
2017-10-20 14:55:00,1.262275,1.26221,1.26216,1.26234
2017-10-20 14:56:00,1.262305,1.26228,1.26226,1.26252
2017-10-20 14:57:00,1.262395,1.262345,1.262345,1.26245
2017-10-20 14:58:00,1.26239,1.26242,1.262145,1.26242
2017-10-20 14:59:00,1.26245,1.262395,1.26235,1.26249
2017-10-20 15:00:00,1.26274,1.262455,1.262405,1.262865
2017-10-20 15:01:00,1.262715,1.26279,1.26261,1.26284
2017-10-20 15:02:00,1.262665,1.262705,1.26251,1.262715
2017-10-20 15:03:00,1.262765,1.26264,1.26251,1.26277
2017-10-20 15:04:00,1.262685,1.26275,1.26268,1.26281
2017-10-20 15:05:00,1.26265,1.26263,1.262565,1.26266
2017-10-20 15:06:00,1.262685,1.262645,1.26259,1.26269
2017-10-20 15:07:00,1.26257,1.26267,1.26252,1.26268
2017-10-20 15:08:00,1.262525,1.262575,1.262505,1.262705
2017-10-20 15:09:00,1.26269,1.262585,1.26258,1.26269
2017-10-20 15:10:00,1.26297,1.262745,1.26267,1.26297
2017-10-20 15:11:00,1.262895,1.262945,1.26282,1.26296
2017-10-20 15:12:00,1.26275,1.2629,1.26275,1.2629
2017-10-20 15:13:00,1.262945,1.262755,1.262725,1.26304
2017-10-20 15:14:00,1.2629,1.262975,1.26289,1.263035
2017-10-20 15:15:00,1.26277,1.2629,1.262745,1.26293
2017-10-20 15:16:00,1.26275,1.262775,1.26275,1.26283
2017-10-20 15:17:00,1.262745,1.26273,1.2627,1.262795
2017-10-20 15:18:00,1.26291,1.26274,1.262735,1.26291
2017-10-20 15:19:00,1.262955,1.262905,1.262905,1.26296
2017-10-20 15:20:00,1.2628,1.26294,1.26273,1.26294
2017-10-20 15:21:00,1.262815,1.262795,1.26278,1.262845
2017-10-20 15:22:00,1.262815,1.262815,1.26281,1.26282
2017-10-20 15:23:00,1.26281,1.262805,1.262785,1.262825
2017-10-20 15:24:00,1.262805,1.26281,1.26279,1.262815
2017-10-20 15:25:00,1.262775,1.26279,1.262775,1.26287
2017-10-20 15:26:00,1.2628,1.262795,1.26276,1.26282
2017-10-20 15:27:00,1.26287,1.262805,1.262775,1.26293
2017-10-20 15:28:00,1.26282,1.26285,1.262775,1.262925
2017-10-20 15:29:00,1.262765,1.262825,1.262755,1.26283
2017-10-20 15:30:00,1.26274,1.262755,1.262715,1.262765
2017-10-20 15:31:00,1.26274,1.26272,1.26272,1.262755
2017-10-20 15:32:00,1.26272,1.262755,1.262675,1.262755
2017-10-20 15:33:00,1.262745,1.262725,1.2627,1.262915
2017-10-20 15:34:00,1.262655,1.262805,1.262645,1.26281
2017-10-20 15:35:00,1.262795,1.26271,1.26271,1.2628
2017-10-20 15:36:00,1.26282,1.262785,1.262745,1.262825
2017-10-20 15:37:00,1.26282,1.262825,1.262755,1.262825
2017-10-20 15:38:00,1.26275,1.26282,1.262735,1.26285
2017-10-20 15:39:00,1.26278,1.26275,1.26274,1.26278
2017-10-20 15:40:00,1.26284,1.26284,1.26284,1.26284
2017-10-20 15:41:00,1.26285,1.262895,1.26285,1.262955
2017-10-20 15:42:00,1.26277,1.26279,1.262745,1.262805
2017-10-20 15:43:00,1.26259,1.262715,1.262585,1.26272
2017-10-20 15:44:00,1.262525,1.26259,1.262515,1.26261
2017-10-20 15:45:00,1.262455,1.26247,1.262455,1.26247
2017-10-20 15:46:00,1.262495,1.26248,1.26248,1.262655
2017-10-20 15:47:00,1.26249,1.26249,1.26248,1.262495
2017-10-20 15:48:00,1.262485,1.262495,1.26248,1.26251
2017-10-20 15:49:00,1.262425,1.26246,1.26241,1.26249
2017-10-20 15:50:00,1.262525,1.26242,1.262385,1.262525
2017-10-20 15:51:00,1.262475,1.26255,1.262455,1.26255
2017-10-20 15:52:00,1.26273,1.262495,1.262495,1.26274
2017-10-20 15:53:00,1.26264,1.26274,1.262635,1.262745
2017-10-20 15:54:00,1.26239,1.262645,1.262295,1.26265
2017-10-20 15:55:00,1.262225,1.262385,1.2621,1.262405
2017-10-20 15:56:00,1.262075,1.26222,1.2619,1.26225
2017-10-20 15:57:00,1.262215,1.26208,1.26208,1.262295
2017-10-20 15:58:00,1.26202,1.26219,1.26202,1.26225
2017-10-20 15:59:00,1.26222,1.262015,1.262015,1.26226
2017-10-20 16:00:00,1.26219,1.262225,1.262115,1.262265
2017-10-20 16:01:00,1.26232,1.262135,1.26211,1.26232
2017-10-20 16:02:00,1.262305,1.26231,1.262255,1.26233
2017-10-20 16:03:00,1.26212,1.262315,1.26212,1.262325
2017-10-20 16:04:00,1.261855,1.262125,1.261845,1.26214
2017-10-20 16:05:00,1.261975,1.26185,1.26185,1.262005
2017-10-20 16:06:00,1.261785,1.26197,1.261775,1.261995
2017-10-20 16:07:00,1.26184,1.261785,1.261775,1.261875
2017-10-20 16:08:00,1.261845,1.261835,1.26182,1.261845
2017-10-20 16:09:00,1.261705,1.26186,1.26169,1.261885
2017-10-20 16:10:00,1.261705,1.261725,1.261565,1.26175
2017-10-20 16:11:00,1.26176,1.26172,1.261675,1.261765
2017-10-20 16:12:00,1.261545,1.261755,1.2615,1.261765
2017-10-20 16:13:00,1.261565,1.261505,1.261325,1.26157
2017-10-20 16:14:00,1.26157,1.261555,1.261555,1.26175
2017-10-20 16:15:00,1.26163,1.261575,1.26152,1.261635
2017-10-20 16:16:00,1.261545,1.261625,1.26153,1.26164
2017-10-20 16:17:00,1.26178,1.26154,1.261535,1.26181
2017-10-20 16:18:00,1.261885,1.26179,1.261765,1.26202
2017-10-20 16:19:00,1.262015,1.26189,1.26187,1.26209
2017-10-20 16:20:00,1.262015,1.26199,1.261895,1.26215
2017-10-20 16:21:00,1.26197,1.262015,1.26192,1.26203
2017-10-20 16:22:00,1.26201,1.261965,1.261945,1.262045
2017-10-20 16:23:00,1.26217,1.262005,1.262005,1.262175
2017-10-20 16:24:00,1.2622,1.26217,1.26205,1.26233
2017-10-20 16:25:00,1.262305,1.262195,1.26217,1.262305
2017-10-20 16:26:00,1.26244,1.26236,1.26236,1.26251
2017-10-20 16:27:00,1.26244,1.26236,1.26236,1.26251
2017-10-20 16:28:00,1.2625,1.262495,1.262495,1.26257
2017-10-20 16:29:00,1.262275,1.26247,1.26227,1.262475
2017-10-20 16:30:00,1.26221,1.26228,1.26221,1.26229
2017-10-20 16:31:00,1.26213,1.26216,1.26213,1.262175
2017-10-20 16:32:00,1.26218,1.26211,1.262055,1.26222
2017-10-20 16:33:00,1.262365,1.26218,1.262175,1.262365
2017-10-20 16:34:00,1.262385,1.262385,1.262245,1.26239
2017-10-20 16:35:00,1.262365,1.262335,1.262325,1.26238
2017-10-20 16:36:00,1.2625,1.26236,1.26235,1.26253
2017-10-20 16:37:00,1.26249,1.262495,1.26245,1.262525
2017-10-20 16:38:00,1.262725,1.26248,1.262465,1.262725
2017-10-20 16:39:00,1.262885,1.262735,1.262735,1.2629
2017-10-20 16:40:00,1.263035,1.2629,1.26289,1.263065
2017-10-20 16:41:00,1.262965,1.26303,1.262955,1.26304
2017-10-20 16:42:00,1.26292,1.26296,1.26292,1.26297
2017-10-20 16:43:00,1.26284,1.262855,1.262835,1.262865
2017-10-20 16:44:00,1.262795,1.262845,1.26279,1.26289
2017-10-20 16:45:00,1.2626,1.26273,1.262545,1.262745
2017-10-20 16:46:00,1.262535,1.262535,1.262535,1.262535
2017-10-20 16:47:00,1.26255,1.26246,1.262425,1.26262
2017-10-20 16:48:00,1.262495,1.26249,1.26249,1.262495
2017-10-20 16:49:00,1.26253,1.2625,1.262485,1.26253
2017-10-20 16:50:00,1.262565,1.26258,1.26254,1.26266
2017-10-20 16:51:00,1.26249,1.262495,1.26245,1.26254
2017-10-20 16:52:00,1.262635,1.26248,1.262435,1.2627
2017-10-20 16:53:00,1.262565,1.262655,1.26253,1.262715
2017-10-20 16:54:00,1.26271,1.262635,1.262585,1.26275
2017-10-20 16:55:00,1.26257,1.262695,1.262565,1.262725
2017-10-20 16:56:00,1.26271,1.26258,1.26249,1.262735
2017-10-20 16:57:00,1.26261,1.262595,1.26259,1.26268
2017-10-20 16:58:00,1.262555,1.262605,1.262515,1.26272
2017-10-22 17:04:00,1.262115,1.262115,1.262115,1.262115
2017-10-22 17:05:00,1.26235,1.26235,1.26235,1.26235
2017-10-22 17:06:00,1.262325,1.262395,1.26207,1.262395
2017-10-22 17:07:00,1.262325,1.262395,1.26207,1.262395
2017-10-22 17:08:00,1.262325,1.262395,1.26207,1.262395
2017-10-22 17:09:00,1.262285,1.262285,1.262285,1.262285
2017-10-22 17:10:00,1.2623,1.26249,1.2623,1.262495
2017-10-22 17:11:00,1.26234,1.26234,1.26234,1.26234
2017-10-22 17:12:00,1.26234,1.26234,1.26234,1.26234
2017-10-22 17:13:00,1.26234,1.26234,1.26234,1.26234
2017-10-22 17:14:00,1.26234,1.26234,1.26234,1.26234
2017-10-22 17:15:00,1.26234,1.26234,1.26234,1.26234
2017-10-22 17:16:00,1.26234,1.26234,1.26234,1.26234
2017-10-22 17:17:00,1.26234,1.26234,1.26234,1.26234
2017-10-22 17:18:00,1.26234,1.26234,1.26234,1.26234
2017-10-22 17:19:00,1.26234,1.26234,1.26234,1.26234
2017-10-22 17:20:00,1.26234,1.26234,1.26234,1.26234
2017-10-22 17:21:00,1.26234,1.26234,1.26234,1.26234
2017-10-22 17:22:00,1.26234,1.26234,1.26234,1.26234
2017-10-22 17:23:00,1.262385,1.262385,1.262385,1.262385
2017-10-22 17:24:00,1.26243,1.26243,1.26243,1.26243
2017-10-22 17:25:00,1.26243,1.26243,1.26243,1.26243
2017-10-22 17:26:00,1.26243,1.26243,1.26243,1.26243
2017-10-22 17:27:00,1.26243,1.26243,1.26243,1.26243
2017-10-22 17:28:00,1.26243,1.26243,1.26243,1.26243
2017-10-22 17:29:00,1.26243,1.26243,1.26243,1.26243
2017-10-22 17:30:00,1.26243,1.26243,1.26243,1.26243
2017-10-22 17:31:00,1.26243,1.26243,1.26243,1.26243
2017-10-22 17:32:00,1.262635,1.26261,1.26261,1.262635
2017-10-22 17:33:00,1.262655,1.262635,1.26245,1.26266
2017-10-22 17:34:00,1.26259,1.26264,1.26257,1.26268
2017-10-22 17:35:00,1.262645,1.262595,1.262595,1.262655
2017-10-22 17:36:00,1.26263,1.262655,1.262585,1.26273
2017-10-22 17:37:00,1.26263,1.262655,1.262585,1.26273
2017-10-22 17:38:00,1.26263,1.262655,1.262585,1.26273
2017-10-22 17:39:00,1.26263,1.262655,1.262585,1.26273
2017-10-22 17:40:00,1.26263,1.262655,1.262585,1.26273
2017-10-22 17:41:00,1.26263,1.262655,1.262585,1.26273
2017-10-22 17:42:00,1.26263,1.262655,1.262585,1.26273
2017-10-22 17:43:00,1.26263,1.262655,1.262585,1.26273
2017-10-22 17:44:00,1.26263,1.262655,1.262585,1.26273
2017-10-22 17:45:00,1.26263,1.262655,1.262585,1.26273
2017-10-22 17:46:00,1.26255,1.26256,1.262545,1.262565
2017-10-22 17:47:00,1.26255,1.26256,1.262545,1.262565
2017-10-22 17:48:00,1.26262,1.26262,1.26262,1.26262
2017-10-22 17:49:00,1.262515,1.262515,1.262515,1.262515
2017-10-22 17:50:00,1.262595,1.262515,1.262515,1.262595
2017-10-22 17:51:00,1.262595,1.262515,1.262515,1.262595
2017-10-22 17:52:00,1.26257,1.26257,1.26244,1.2626
2017-10-22 17:53:00,1.262585,1.262585,1.262575,1.262595
2017-10-22 17:54:00,1.262565,1.26258,1.262565,1.26258
2017-10-22 17:55:00,1.262575,1.262575,1.26257,1.26258
2017-10-22 17:56:00,1.262575,1.262575,1.26257,1.26258
2017-10-22 17:57:00,1.262655,1.262585,1.262575,1.262695
2017-10-22 17:58:00,1.262755,1.262695,1.262615,1.262845
2017-10-22 17:59:00,1.26259,1.26261,1.26254,1.26264
2017-10-22 18:00:00,1.26272,1.262595,1.262585,1.26275
2017-10-22 18:01:00,1.26274,1.26276,1.262665,1.262885
2017-10-22 18:02:00,1.262955,1.262745,1.26272,1.263075
2017-10-22 18:03:00,1.26313,1.26308,1.263005,1.263145
2017-10-22 18:04:00,1.26324,1.26324,1.263215,1.263285
2017-10-22 18:05:00,1.263455,1.263235,1.2632,1.263455
2017-10-22 18:06:00,1.263575,1.263445,1.263285,1.263645
2017-10-22 18:07:00,1.263515,1.26359,1.26348,1.26362
2017-10-22 18:08:00,1.26347,1.263515,1.263425,1.263595
2017-10-22 18:09:00,1.263505,1.263545,1.263405,1.26361
2017-10-22 18:10:00,1.263415,1.26351,1.263355,1.26351
2017-10-22 18:11:00,1.26326,1.26333,1.26321,1.26334
2017-10-22 18:12:00,1.263255,1.263265,1.263235,1.26335
2017-10-22 18:13:00,1.263225,1.263265,1.263225,1.26327
2017-10-22 18:14:00,1.263255,1.26322,1.263115,1.263335
2017-10-22 18:15:00,1.26327,1.26326,1.26326,1.26328
2017-10-22 18:16:00,1.26328,1.263265,1.26319,1.263305
2017-10-22 18:17:00,1.2631,1.263255,1.2631,1.263255
2017-10-22 18:18:00,1.263325,1.26318,1.26317,1.263355
2017-10-22 18:19:00,1.2633,1.26332,1.26329,1.26339
2017-10-22 18:20:00,1.26329,1.263295,1.26327,1.263305
2017-10-22 18:21:00,1.263365,1.263285,1.26327,1.26338
2017-10-22 18:22:00,1.263365,1.263285,1.26327,1.26338
2017-10-22 18:23:00,1.2634,1.263375,1.26337,1.26342
2017-10-22 18:24:00,1.26344,1.263395,1.26338,1.26344
2017-10-22 18:25:00,1.26341,1.26344,1.263315,1.26345
2017-10-22 18:26:00,1.26344,1.26335,1.263335,1.263485
2017-10-22 18:27:00,1.263435,1.263435,1.263415,1.26345
2017-10-22 18:28:00,1.26346,1.263445,1.263425,1.263465
2017-10-22 18:29:00,1.263505,1.263465,1.26346,1.263535
2017-10-22 18:30:00,1.26357,1.263545,1.263485,1.26365
2017-10-22 18:31:00,1.263535,1.26355,1.263525,1.263625
2017-10-22 18:32:00,1.26339,1.26353,1.26339,1.263535
2017-10-22 18:33:00,1.263355,1.263315,1.26331,1.263355
2017-10-22 18:34:00,1.26335,1.263355,1.26334,1.26336
2017-10-22 18:35:00,1.263345,1.26335,1.26334,1.26335
2017-10-22 18:36:00,1.26344,1.26335,1.263335,1.26344
2017-10-22 18:37:00,1.26343,1.263445,1.263415,1.263455
2017-10-22 18:38:00,1.263205,1.263415,1.263195,1.263425
2017-10-22 18:39:00,1.263285,1.26319,1.263185,1.2633
2017-10-22 18:40:00,1.26326,1.26328,1.263255,1.263355
2017-10-22 18:41:00,1.26343,1.26327,1.26325,1.26344
2017-10-22 18:42:00,1.26342,1.263425,1.263415,1.26344
2017-10-22 18:43:00,1.26342,1.263425,1.263395,1.26344
2017-10-22 18:44:00,1.26336,1.263415,1.26334,1.263435
2017-10-22 18:45:00,1.26337,1.263355,1.263345,1.263385
2017-10-22 18:46:00,1.2633,1.263365,1.263275,1.263395
2017-10-22 18:47:00,1.26331,1.2633,1.263275,1.26338
2017-10-22 18:48:00,1.263345,1.26331,1.2633,1.263385
2017-10-22 18:49:00,1.26335,1.26335,1.263325,1.2634
2017-10-22 18:50:00,1.263325,1.263345,1.26327,1.263355
2017-10-22 18:51:00,1.263325,1.263305,1.26328,1.263345
2017-10-22 18:52:00,1.263285,1.26333,1.26325,1.26337
2017-10-22 18:53:00,1.26324,1.263295,1.26324,1.2633
2017-10-22 18:54:00,1.263285,1.263265,1.263265,1.263285
2017-10-22 18:55:00,1.263245,1.263235,1.26319,1.263275
2017-10-22 18:56:00,1.2632,1.26326,1.263185,1.26327
2017-10-22 18:57:00,1.263205,1.263195,1.263185,1.26327
2017-10-22 18:58:00,1.26312,1.2632,1.263115,1.2632
2017-10-22 18:59:00,1.26323,1.263115,1.263115,1.26323
2017-10-22 19:00:00,1.26328,1.263295,1.26328,1.2633
2017-10-22 19:01:00,1.263205,1.26324,1.263165,1.26326
2017-10-22 19:02:00,1.26318,1.2632,1.26315,1.26321
2017-10-22 19:03:00,1.263105,1.263185,1.263095,1.263185
2017-10-22 19:04:00,1.263155,1.263115,1.2631,1.263155
2017-10-22 19:05:00,1.263155,1.263115,1.2631,1.263155
2017-10-22 19:06:00,1.263155,1.263115,1.2631,1.263155
2017-10-22 19:07:00,1.263155,1.263115,1.2631,1.263155
2017-10-22 19:08:00,1.263155,1.263115,1.2631,1.263155
2017-10-22 19:09:00,1.262995,1.263125,1.2629,1.263125
2017-10-22 19:10:00,1.26312,1.26306,1.26306,1.26314
2017-10-22 19:11:00,1.26313,1.26312,1.263115,1.26315
2017-10-22 19:12:00,1.263215,1.263125,1.26312,1.263245
2017-10-22 19:13:00,1.26321,1.26323,1.263205,1.263255
2017-10-22 19:14:00,1.263215,1.26326,1.2632,1.26328
2017-10-22 19:15:00,1.26321,1.263165,1.263165,1.263235
2017-10-22 19:16:00,1.26313,1.26322,1.262995,1.26323
2017-10-22 19:17:00,1.263115,1.26309,1.263055,1.26312
2017-10-22 19:18:00,1.263285,1.263115,1.26311,1.26329
2017-10-22 19:19:00,1.263205,1.263215,1.263195,1.263215
2017-10-22 19:20:00,1.263325,1.263215,1.263215,1.263345
2017-10-22 19:21:00,1.263355,1.263325,1.263305,1.26336
2017-10-22 19:22:00,1.26339,1.26339,1.26339,1.26339
2017-10-22 19:23:00,1.26339,1.26339,1.26339,1.26339
2017-10-22 19:24:00,1.26339,1.26339,1.26339,1.26339
2017-10-22 19:25:00,1.263445,1.26345,1.263435,1.263475
2017-10-22 19:26:00,1.263315,1.26345,1.263315,1.263455
2017-10-22 19:27:00,1.263315,1.26345,1.263315,1.263455
2017-10-22 19:28:00,1.26335,1.263295,1.26327,1.26335
2017-10-22 19:29:00,1.263335,1.26333,1.26333,1.26334
2017-10-22 19:30:00,1.263255,1.26334,1.26324,1.263345
2017-10-22 19:31:00,1.263265,1.263265,1.263245,1.26327
2017-10-22 19:32:00,1.26326,1.263265,1.26325,1.26327
2017-10-22 19:33:00,1.26335,1.263265,1.26326,1.26335
2017-10-22 19:34:00,1.263335,1.263345,1.263265,1.26338
2017-10-22 19:35:00,1.263375,1.263345,1.26334,1.263375
2017-10-22 19:36:00,1.263535,1.263395,1.263395,1.263535
2017-10-22 19:37:00,1.26356,1.26356,1.26356,1.26356
2017-10-22 19:38:00,1.26356,1.26356,1.26356,1.26356
2017-10-22 19:39:00,1.263525,1.26358,1.26352,1.26361
2017-10-22 19:40:00,1.26366,1.26353,1.263525,1.263665
2017-10-22 19:41:00,1.26356,1.263675,1.26356,1.26368
2017-10-22 19:42:00,1.26369,1.26361,1.2636,1.263705
2017-10-22 19:43:00,1.26371,1.26369,1.26368,1.263835
2017-10-22 19:44:00,1.26365,1.263715,1.26363,1.263715
2017-10-22 19:45:00,1.263595,1.263645,1.263575,1.263665
2017-10-22 19:46:00,1.263575,1.26359,1.26356,1.263595
2017-10-22 19:47:00,1.263645,1.26358,1.263575,1.2637
2017-10-22 19:48:00,1.263715,1.263665,1.263665,1.263715
2017-10-22 19:49:00,1.26367,1.263735,1.263605,1.263735
2017-10-22 19:50:00,1.263765,1.263685,1.26366,1.26379
2017-10-22 19:51:00,1.26385,1.26382,1.26382,1.263875
2017-10-22 19:52:00,1.26383,1.263835,1.26379,1.26388
2017-10-22 19:53:00,1.263825,1.2638,1.2638,1.26383
2017-10-22 19:54:00,1.26382,1.26383,1.263785,1.26384
2017-10-22 19:55:00,1.26372,1.263775,1.263645,1.263775
2017-10-22 19:56:00,1.2638,1.263725,1.263715,1.263845
2017-10-22 19:57:00,1.263795,1.263825,1.26378,1.26383
2017-10-22 19:58:00,1.26369,1.26381,1.263675,1.26381
2017-10-22 19:59:00,1.263725,1.26368,1.263675,1.263765
2017-10-22 20:00:00,1.26381,1.263725,1.263675,1.26385
2017-10-22 20:01:00,1.26379,1.263815,1.263655,1.263875
2017-10-22 20:02:00,1.263805,1.26378,1.263765,1.26385
2017-10-22 20:03:00,1.263795,1.26382,1.263725,1.26384
2017-10-22 20:04:00,1.263815,1.263805,1.2638,1.26393
2017-10-22 20:05:00,1.263945,1.263825,1.263825,1.26398
2017-10-22 20:06:00,1.263815,1.26394,1.263755,1.263965
2017-10-22 20:07:00,1.263845,1.263795,1.263775,1.263895
2017-10-22 20:08:00,1.263895,1.26385,1.2638,1.263915
2017-10-22 20:09:00,1.26391,1.2639,1.263875,1.263925
2017-10-22 20:10:00,1.263945,1.263915,1.26383,1.263955
2017-10-22 20:11:00,1.26398,1.263965,1.26393,1.26398
2017-10-22 20:12:00,1.26403,1.26393,1.26388,1.264055
2017-10-22 20:13:00,1.263995,1.26402,1.263975,1.264025
2017-10-22 20:14:00,1.26395,1.263945,1.263885,1.263955
2017-10-22 20:15:00,1.263895,1.263965,1.26387,1.263965
2017-10-22 20:16:00,1.264,1.26391,1.26391,1.26401
2017-10-22 20:17:00,1.264095,1.26399,1.263985,1.264115
2017-10-22 20:18:00,1.26392,1.264055,1.2639,1.264055
2017-10-22 20:19:00,1.263945,1.263905,1.263875,1.263945
2017-10-22 20:20:00,1.264005,1.264,1.264,1.264065
2017-10-22 20:21:00,1.264065,1.26403,1.26397,1.264095
2017-10-22 20:22:00,1.26399,1.264015,1.26399,1.264015
2017-10-22 20:23:00,1.263895,1.263975,1.263895,1.264025
2017-10-22 20:24:00,1.26387,1.263965,1.26383,1.26406
2017-10-22 20:25:00,1.26393,1.263855,1.263775,1.26397
2017-10-22 20:26:00,1.26396,1.26394,1.26393,1.264035
2017-10-22 20:27:00,1.263915,1.26398,1.263915,1.26398
2017-10-22 20:28:00,1.263975,1.26391,1.263905,1.264035
2017-10-22 20:29:00,1.264015,1.263955,1.263955,1.264035
2017-10-22 20:30:00,1.26399,1.263965,1.26396,1.263995
2017-10-22 20:31:00,1.264015,1.263975,1.263945,1.26403
2017-10-22 20:32:00,1.26393,1.26401,1.26393,1.26401
2017-10-22 20:33:00,1.26393,1.263925,1.263895,1.26398
2017-10-22 20:34:00,1.263925,1.263925,1.263925,1.263935
2017-10-22 20:35:00,1.26388,1.263875,1.263865,1.263885
2017-10-22 20:36:00,1.26382,1.263825,1.2638,1.263835
2017-10-22 20:37:00,1.263835,1.26382,1.26381,1.26384
2017-10-22 20:38:00,1.263775,1.26378,1.263665,1.263795
2017-10-22 20:39:00,1.26387,1.26378,1.26377,1.263875
2017-10-22 20:40:00,1.263825,1.26386,1.26381,1.26386
2017-10-22 20:41:00,1.263845,1.263805,1.26374,1.263855
2017-10-22 20:42:00,1.26384,1.26385,1.263835,1.263855
2017-10-22 20:43:00,1.26374,1.263845,1.263735,1.26385
2017-10-22 20:44:00,1.263815,1.263715,1.263715,1.263815
2017-10-22 20:45:00,1.26379,1.263765,1.263765,1.26379
2017-10-22 20:46:00,1.26386,1.26379,1.26377,1.26386
2017-10-22 20:47:00,1.263885,1.26389,1.263885,1.26394
2017-10-22 20:48:00,1.263945,1.263945,1.26393,1.263955
2017-10-22 20:49:00,1.26384,1.26392,1.263815,1.263925
2017-10-22 20:50:00,1.263785,1.263835,1.263785,1.26386
2017-10-22 20:51:00,1.263705,1.26375,1.26367,1.26375
2017-10-22 20:52:00,1.26358,1.263755,1.263565,1.263755
2017-10-22 20:53:00,1.26351,1.26356,1.263505,1.263585
2017-10-22 20:54:00,1.263525,1.263525,1.263505,1.26354
2017-10-22 20:55:00,1.263475,1.263475,1.26344,1.263525
2017-10-22 20:56:00,1.263505,1.263505,1.263495,1.26358
2017-10-22 20:57:00,1.26359,1.263505,1.26348,1.263615
2017-10-22 20:58:00,1.26358,1.263595,1.26346,1.26361
2017-10-22 20:59:00,1.263535,1.2636,1.26353,1.2636
2017-10-22 21:00:00,1.26357,1.263545,1.263505,1.26357
2017-10-22 21:01:00,1.26372,1.263595,1.263595,1.263755
2017-10-22 21:02:00,1.263855,1.263775,1.26376,1.263855
2017-10-22 21:03:00,1.26389,1.263875,1.26387,1.263955
2017-10-22 21:04:00,1.263915,1.263915,1.263915,1.263915
2017-10-22 21:05:00,1.26388,1.26386,1.263855,1.26394
2017-10-22 21:06:00,1.26376,1.263875,1.26376,1.26388
2017-10-22 21:07:00,1.263655,1.26378,1.263635,1.263785
2017-10-22 21:08:00,1.26364,1.263645,1.26356,1.26378
2017-10-22 21:09:00,1.2637,1.263645,1.26361,1.263725
2017-10-22 21:10:00,1.263695,1.263705,1.26367,1.263725
2017-10-22 21:11:00,1.26353,1.263685,1.263515,1.263685
2017-10-22 21:12:00,1.26345,1.26349,1.263445,1.263555
2017-10-22 21:13:00,1.26347,1.26346,1.263445,1.26349
2017-10-22 21:14:00,1.263475,1.263465,1.26346,1.26348
2017-10-22 21:15:00,1.26331,1.263425,1.263245,1.26346
2017-10-22 21:16:00,1.263325,1.263325,1.26324,1.263375
2017-10-22 21:17:00,1.26334,1.263305,1.2633,1.26334
2017-10-22 21:18:00,1.263395,1.263315,1.263265,1.263395
2017-10-22 21:19:00,1.26341,1.26339,1.263375,1.263465
2017-10-22 21:20:00,1.26351,1.263405,1.263375,1.263555
2017-10-22 21:21:00,1.26352,1.26351,1.263475,1.263575
2017-10-22 21:22:00,1.26347,1.26346,1.263455,1.26348
2017-10-22 21:23:00,1.26351,1.263475,1.26347,1.26356
2017-10-22 21:24:00,1.2635,1.26352,1.26349,1.263615
2017-10-22 21:25:00,1.263565,1.26351,1.263475,1.263565
2017-10-22 21:26:00,1.263575,1.263585,1.26355,1.263585
2017-10-22 21:27:00,1.263575,1.26358,1.26355,1.26359
2017-10-22 21:28:00,1.263615,1.26358,1.263555,1.263615
2017-10-22 21:29:00,1.263495,1.263595,1.263495,1.263595
2017-10-22 21:30:00,1.26343,1.26347,1.263425,1.26352
2017-10-22 21:31:00,1.26353,1.26343,1.26343,1.26365
2017-10-22 21:32:00,1.263595,1.26358,1.26358,1.263605
2017-10-22 21:33:00,1.263535,1.26359,1.263535,1.26361
2017-10-22 21:34:00,1.26352,1.263545,1.26352,1.26358
2017-10-22 21:35:00,1.26344,1.263465,1.263385,1.263465
2017-10-22 21:36:00,1.26337,1.26344,1.26336,1.263445
2017-10-22 21:37:00,1.263355,1.263385,1.263355,1.263385
2017-10-22 21:38:00,1.263305,1.263345,1.263285,1.26335
2017-10-22 21:39:00,1.263275,1.263305,1.263255,1.263375
2017-10-22 21:40:00,1.26329,1.26328,1.263225,1.26331
2017-10-22 21:41:00,1.26325,1.26331,1.263225,1.26331
2017-10-22 21:42:00,1.263255,1.26326,1.263255,1.26327
2017-10-22 21:43:00,1.26316,1.26324,1.26316,1.263255
2017-10-22 21:44:00,1.26307,1.263105,1.263055,1.263105
2017-10-22 21:45:00,1.26304,1.26309,1.26303,1.26309
2017-10-22 21:46:00,1.26302,1.263045,1.263,1.263075
2017-10-22 21:47:00,1.26302,1.263,1.263,1.26305
2017-10-22 21:48:00,1.26304,1.263075,1.26304,1.2631
2017-10-22 21:49:00,1.263295,1.263095,1.263095,1.2633
2017-10-22 21:50:00,1.263375,1.263345,1.26334,1.263455
2017-10-22 21:51:00,1.2634,1.26338,1.26337,1.263415
2017-10-22 21:52:00,1.26328,1.263395,1.26328,1.263415
2017-10-22 21:53:00,1.26323,1.26326,1.263225,1.26331
2017-10-22 21:54:00,1.263225,1.26324,1.263215,1.263245
2017-10-22 21:55:00,1.26305,1.263165,1.263035,1.263165
2017-10-22 21:56:00,1.26311,1.262995,1.262975,1.26315
2017-10-22 21:57:00,1.263025,1.26312,1.263,1.26315
2017-10-22 21:58:00,1.263,1.26297,1.262955,1.26302
2017-10-22 21:59:00,1.263015,1.263005,1.262995,1.26303
2017-10-22 22:00:00,1.263055,1.263025,1.263,1.263105
2017-10-22 22:01:00,1.26282,1.26306,1.26278,1.263065
2017-10-22 22:02:00,1.262905,1.26281,1.26281,1.262915
2017-10-22 22:03:00,1.26279,1.262895,1.262715,1.262895
2017-10-22 22:04:00,1.262605,1.262735,1.262525,1.2628
2017-10-22 22:05:00,1.262715,1.26262,1.262615,1.262735
2017-10-22 22:06:00,1.26265,1.2627,1.26264,1.262705
2017-10-22 22:07:00,1.262615,1.262645,1.26261,1.26266
2017-10-22 22:08:00,1.262665,1.262555,1.26253,1.26267
2017-10-22 22:09:00,1.262745,1.262725,1.262725,1.26276
2017-10-22 22:10:00,1.262655,1.26275,1.26265,1.262755
2017-10-22 22:11:00,1.262745,1.262665,1.262665,1.26276
2017-10-22 22:12:00,1.2627,1.262745,1.2627,1.26278
2017-10-22 22:13:00,1.26267,1.262695,1.26267,1.262695
2017-10-22 22:14:00,1.26266,1.262675,1.26265,1.262675
2017-10-22 22:15:00,1.262675,1.262665,1.262655,1.26269
2017-10-22 22:16:00,1.262725,1.26267,1.26267,1.26276
2017-10-22 22:17:00,1.262725,1.262715,1.262715,1.262735
2017-10-22 22:18:00,1.26272,1.26272,1.262625,1.262725
2017-10-22 22:19:00,1.2627,1.26269,1.262675,1.26271
2017-10-22 22:20:00,1.26262,1.26265,1.262615,1.2627
2017-10-22 22:21:00,1.26263,1.262625,1.262535,1.26264
2017-10-22 22:22:00,1.26265,1.26261,1.26261,1.26267
2017-10-22 22:23:00,1.26253,1.26265,1.26244,1.262655
2017-10-22 22:24:00,1.26242,1.262515,1.262415,1.262515
2017-10-22 22:25:00,1.262395,1.262415,1.26237,1.262435
2017-10-22 22:26:00,1.26255,1.262425,1.26238,1.26255
2017-10-22 22:27:00,1.262505,1.262545,1.262475,1.26261
2017-10-22 22:28:00,1.262505,1.26252,1.262505,1.26252
2017-10-22 22:29:00,1.26253,1.26252,1.26251,1.26255
2017-10-22 22:30:00,1.262485,1.262505,1.262485,1.262505
2017-10-22 22:31:00,1.26261,1.262535,1.262535,1.26261
2017-10-22 22:32:00,1.26252,1.262605,1.26249,1.262605
2017-10-22 22:33:00,1.262695,1.2625,1.2625,1.26271
2017-10-22 22:34:00,1.262675,1.26269,1.26267,1.2627
2017-10-22 22:35:00,1.26268,1.26268,1.26267,1.262685
2017-10-22 22:36:00,1.26266,1.26269,1.26266,1.262705
2017-10-22 22:37:00,1.26266,1.26269,1.26266,1.262705
2017-10-22 22:38:00,1.26262,1.26268,1.26262,1.2627
2017-10-22 22:39:00,1.26266,1.26261,1.26261,1.26266
2017-10-22 22:40:00,1.26261,1.26263,1.26261,1.26263
2017-10-22 22:41:00,1.262655,1.26266,1.26263,1.26266
2017-10-22 22:42:00,1.262645,1.26266,1.262645,1.26267
2017-10-22 22:43:00,1.26265,1.26264,1.262585,1.26265
2017-10-22 22:44:00,1.262645,1.262655,1.26264,1.26266
2017-10-22 22:45:00,1.262655,1.262655,1.26265,1.262665
2017-10-22 22:46:00,1.262645,1.26265,1.262635,1.262655
2017-10-22 22:47:00,1.262645,1.26265,1.262635,1.262655
2017-10-22 22:48:00,1.26265,1.26265,1.262645,1.262655
2017-10-22 22:49:00,1.262655,1.26262,1.262595,1.262655
2017-10-22 22:50:00,1.262645,1.262635,1.26259,1.262645
2017-10-22 22:51:00,1.26265,1.262655,1.26265,1.262655
2017-10-22 22:52:00,1.26265,1.262655,1.26265,1.262655
2017-10-22 22:53:00,1.26263,1.262655,1.26261,1.262655
2017-10-22 22:54:00,1.262645,1.262655,1.262645,1.262725
2017-10-22 22:55:00,1.26267,1.262635,1.262625,1.26267
2017-10-22 22:56:00,1.26265,1.26265,1.26265,1.26265
2017-10-22 22:57:00,1.26265,1.26266,1.26265,1.262665
2017-10-22 22:58:00,1.262685,1.262655,1.262655,1.262685
2017-10-22 22:59:00,1.26287,1.26271,1.26271,1.262875
2017-10-22 23:00:00,1.262795,1.262875,1.262795,1.26288
2017-10-22 23:01:00,1.26271,1.26279,1.262685,1.262795
2017-10-22 23:02:00,1.262695,1.26271,1.26269,1.262715
2017-10-22 23:03:00,1.26277,1.26271,1.26269,1.26279
2017-10-22 23:04:00,1.2628,1.262775,1.26277,1.2628
2017-10-22 23:05:00,1.262755,1.262815,1.262755,1.262815
2017-10-22 23:06:00,1.262755,1.262815,1.262755,1.262815
2017-10-22 23:07:00,1.262755,1.262815,1.262755,1.262815
2017-10-22 23:08:00,1.262705,1.262725,1.262705,1.262725
2017-10-22 23:09:00,1.262795,1.26276,1.26276,1.2628
2017-10-22 23:10:00,1.262885,1.262795,1.26279,1.263015
2017-10-22 23:11:00,1.26289,1.262885,1.26282,1.26296
2017-10-22 23:12:00,1.26292,1.262945,1.26292,1.26295
2017-10-22 23:13:00,1.262905,1.262925,1.262905,1.26294
2017-10-22 23:14:00,1.262865,1.262925,1.26286,1.26293
2017-10-22 23:15:00,1.262865,1.262925,1.26286,1.26293
2017-10-22 23:16:00,1.262865,1.262925,1.26286,1.26293
2017-10-22 23:17:00,1.262825,1.262845,1.262825,1.262845
2017-10-22 23:18:00,1.262845,1.262845,1.262845,1.262845
2017-10-22 23:19:00,1.26277,1.26278,1.26275,1.26278
2017-10-22 23:20:00,1.26276,1.26277,1.262755,1.262775
2017-10-22 23:21:00,1.26276,1.26277,1.262755,1.262775
2017-10-22 23:22:00,1.262725,1.26274,1.262695,1.26278
2017-10-22 23:23:00,1.26267,1.262705,1.262655,1.262705
2017-10-22 23:24:00,1.262865,1.262675,1.262675,1.262865
2017-10-22 23:25:00,1.262745,1.262815,1.262745,1.262815
2017-10-22 23:26:00,1.262745,1.262815,1.262745,1.262815
2017-10-22 23:27:00,1.262675,1.262685,1.26267,1.262685
2017-10-22 23:28:00,1.262625,1.262625,1.262625,1.262625
2017-10-22 23:29:00,1.262675,1.26262,1.262615,1.262675
2017-10-22 23:30:00,1.262675,1.26262,1.262615,1.262675
2017-10-22 23:31:00,1.262675,1.26262,1.262615,1.262675
2017-10-22 23:32:00,1.262675,1.26262,1.262615,1.262675
2017-10-22 23:33:00,1.262615,1.262655,1.262615,1.262655
2017-10-22 23:34:00,1.262565,1.26259,1.262565,1.26259
2017-10-22 23:35:00,1.262565,1.26259,1.262565,1.26259
2017-10-22 23:36:00,1.26251,1.262545,1.262465,1.262545
2017-10-22 23:37:00,1.262505,1.26251,1.26249,1.26252
2017-10-22 23:38:00,1.26249,1.262515,1.262485,1.262515
2017-10-22 23:39:00,1.26247,1.262485,1.26246,1.262485
2017-10-22 23:40:00,1.26238,1.26245,1.26238,1.26245
2017-10-22 23:41:00,1.262335,1.2624,1.262335,1.2624
2017-10-22 23:42:00,1.26227,1.26233,1.262265,1.26235
2017-10-22 23:43:00,1.26224,1.26226,1.262235,1.262265
2017-10-22 23:44:00,1.262175,1.26227,1.262175,1.26227
2017-10-22 23:45:00,1.262165,1.26216,1.26216,1.262175
2017-10-22 23:46:00,1.262155,1.26216,1.262145,1.262165
2017-10-22 23:47:00,1.26217,1.262165,1.262165,1.262195
2017-10-22 23:48:00,1.26218,1.262175,1.26217,1.2622
2017-10-22 23:49:00,1.26218,1.262175,1.26217,1.2622
2017-10-22 23:50:00,1.26218,1.262175,1.26217,1.2622
2017-10-22 23:51:00,1.26211,1.262125,1.26199,1.26216
2017-10-22 23:52:00,1.262125,1.262125,1.262115,1.26213
2017-10-22 23:53:00,1.262115,1.26212,1.262105,1.26212
2017-10-22 23:54:00,1.26211,1.26212,1.262105,1.262125
2017-10-22 23:55:00,1.26206,1.262105,1.262035,1.262125
2017-10-22 23:56:00,1.262105,1.26207,1.26206,1.262105
2017-10-22 23:57:00,1.26211,1.262135,1.26211,1.262135
2017-10-22 23:58:00,1.26211,1.262135,1.26211,1.262135
2017-10-22 23:59:00,1.262115,1.26216,1.262115,1.26217
2017-10-23 00:00:00,1.262185,1.26209,1.26209,1.26219
2017-10-23 00:01:00,1.26224,1.262245,1.26224,1.262255
2017-10-23 00:02:00,1.26224,1.262245,1.26224,1.262255
2017-10-23 00:03:00,1.26221,1.26221,1.26221,1.26221
2017-10-23 00:04:00,1.26226,1.26226,1.26226,1.26226
2017-10-23 00:05:00,1.26232,1.26231,1.262285,1.26232
2017-10-23 00:06:00,1.262145,1.26229,1.26212,1.262295
2017-10-23 00:07:00,1.26214,1.26216,1.262135,1.26216
2017-10-23 00:08:00,1.262155,1.262145,1.262145,1.262165
2017-10-23 00:09:00,1.26224,1.26221,1.26221,1.262245
2017-10-23 00:10:00,1.262155,1.2622,1.26214,1.2622
2017-10-23 00:11:00,1.26217,1.26218,1.26217,1.26218
2017-10-23 00:12:00,1.26218,1.262165,1.262165,1.262185
2017-10-23 00:13:00,1.262265,1.262185,1.262185,1.262265
2017-10-23 00:14:00,1.26232,1.26232,1.26232,1.26232
2017-10-23 00:15:00,1.26232,1.262315,1.26229,1.26232
2017-10-23 00:16:00,1.262345,1.262315,1.262305,1.26235
2017-10-23 00:17:00,1.262335,1.262335,1.26232,1.26234
2017-10-23 00:18:00,1.262295,1.262325,1.262295,1.262335
2017-10-23 00:19:00,1.262295,1.262325,1.262295,1.262335
2017-10-23 00:20:00,1.262295,1.262325,1.262295,1.262335
2017-10-23 00:21:00,1.262245,1.262275,1.26218,1.262275
2017-10-23 00:22:00,1.26227,1.262235,1.262225,1.26227
2017-10-23 00:23:00,1.26222,1.26222,1.26221,1.26222
2017-10-23 00:24:00,1.262205,1.26222,1.2622,1.26223
2017-10-23 00:25:00,1.26205,1.26214,1.262035,1.262155
2017-10-23 00:26:00,1.262045,1.26203,1.26197,1.262065
2017-10-23 00:27:00,1.262015,1.262025,1.262015,1.26204
2017-10-23 00:28:00,1.262015,1.262015,1.26201,1.262025
2017-10-23 00:29:00,1.262005,1.262,1.26199,1.262015
2017-10-23 00:30:00,1.26207,1.262,1.261995,1.262075
2017-10-23 00:31:00,1.262035,1.26207,1.26203,1.262085
2017-10-23 00:32:00,1.26205,1.26203,1.262,1.26205
2017-10-23 00:33:00,1.262015,1.26207,1.262005,1.26207
2017-10-23 00:34:00,1.26205,1.26201,1.26201,1.26205
2017-10-23 00:35:00,1.262095,1.26209,1.262085,1.2621
2017-10-23 00:36:00,1.26211,1.262065,1.262055,1.262125
2017-10-23 00:37:00,1.262115,1.26212,1.262105,1.262125
2017-10-23 00:38:00,1.26213,1.262125,1.26212,1.262135
2017-10-23 00:39:00,1.26213,1.262125,1.26212,1.262135
2017-10-23 00:40:00,1.262195,1.26215,1.26215,1.262195
2017-10-23 00:41:00,1.262215,1.26221,1.26221,1.262215
2017-10-23 00:42:00,1.262215,1.26221,1.26221,1.262215
2017-10-23 00:43:00,1.262215,1.26221,1.26221,1.262215
2017-10-23 00:44:00,1.26228,1.262235,1.262235,1.26228
2017-10-23 00:45:00,1.26228,1.262235,1.262235,1.26228
2017-10-23 00:46:00,1.26231,1.26231,1.26231,1.26231
2017-10-23 00:47:00,1.2623,1.262255,1.26225,1.2623
2017-10-23 00:48:00,1.26231,1.26227,1.262195,1.262315
2017-10-23 00:49:00,1.26225,1.26231,1.262165,1.26231
2017-10-23 00:50:00,1.26225,1.26231,1.262165,1.26231
2017-10-23 00:51:00,1.262205,1.2623,1.262205,1.2623
2017-10-23 00:52:00,1.262175,1.2622,1.26215,1.26222
2017-10-23 00:53:00,1.26215,1.262185,1.262145,1.26219
2017-10-23 00:54:00,1.26216,1.26215,1.26215,1.262165
2017-10-23 00:55:00,1.262185,1.262185,1.262185,1.262185
2017-10-23 00:56:00,1.262185,1.262185,1.262185,1.262185
2017-10-23 00:57:00,1.26217,1.26218,1.26215,1.262235
2017-10-23 00:58:00,1.26216,1.26216,1.26215,1.262165
2017-10-23 00:59:00,1.262155,1.26217,1.26215,1.26217
2017-10-23 01:00:00,1.262155,1.26215,1.262145,1.262155
2017-10-23 01:01:00,1.26219,1.262145,1.262115,1.262245
2017-10-23 01:02:00,1.261995,1.262185,1.261985,1.262185
2017-10-23 01:03:00,1.261925,1.26198,1.261915,1.26198
2017-10-23 01:04:00,1.261945,1.261915,1.261915,1.261945
2017-10-23 01:05:00,1.261945,1.26194,1.26194,1.262015
2017-10-23 01:06:00,1.26194,1.26194,1.261935,1.26194
2017-10-23 01:07:00,1.26192,1.26194,1.261915,1.26194
2017-10-23 01:08:00,1.261975,1.26194,1.26193,1.26198
2017-10-23 01:09:00,1.261975,1.26195,1.26193,1.262
2017-10-23 01:10:00,1.262015,1.26198,1.261965,1.26202
2017-10-23 01:11:00,1.261935,1.26199,1.261935,1.26199
2017-10-23 01:12:00,1.261945,1.26194,1.261935,1.26195
2017-10-23 01:13:00,1.261925,1.261925,1.261925,1.261925
2017-10-23 01:14:00,1.261935,1.261935,1.26192,1.26194
2017-10-23 01:15:00,1.26195,1.261935,1.261935,1.26195
2017-10-23 01:16:00,1.26203,1.261935,1.26193,1.26203
2017-10-23 01:17:00,1.262065,1.26203,1.262025,1.262065
2017-10-23 01:18:00,1.26211,1.26213,1.262105,1.26214
2017-10-23 01:19:00,1.262145,1.2621,1.2621,1.262145
2017-10-23 01:20:00,1.262165,1.26216,1.26213,1.26217
2017-10-23 01:21:00,1.26214,1.262165,1.26214,1.26218
2017-10-23 01:22:00,1.262095,1.26208,1.262025,1.262095
2017-10-23 01:23:00,1.262015,1.26209,1.262015,1.262095
2017-10-23 01:24:00,1.262015,1.262035,1.262005,1.26205
2017-10-23 01:25:00,1.26204,1.26201,1.262005,1.26204
2017-10-23 01:26:00,1.262015,1.262025,1.2619,1.26204
2017-10-23 01:27:00,1.262065,1.26202,1.26202,1.262165
2017-10-23 01:28:00,1.26202,1.262055,1.262015,1.262055
2017-10-23 01:29:00,1.26203,1.26202,1.262015,1.262035
2017-10-23 01:30:00,1.261995,1.26203,1.261985,1.262035
2017-10-23 01:31:00,1.26207,1.26201,1.26198,1.26207
2017-10-23 01:32:00,1.26209,1.26207,1.26207,1.26215
2017-10-23 01:33:00,1.262125,1.262105,1.262105,1.262125
2017-10-23 01:34:00,1.26195,1.26213,1.261925,1.26213
2017-10-23 01:35:00,1.26194,1.26195,1.26194,1.261955
2017-10-23 01:36:00,1.261965,1.261925,1.261925,1.261985
2017-10-23 01:37:00,1.262,1.262015,1.26199,1.262025
2017-10-23 01:38:00,1.262065,1.26202,1.262015,1.262075
2017-10-23 01:39:00,1.26207,1.26207,1.262065,1.26209
2017-10-23 01:40:00,1.262015,1.26206,1.262,1.26206
2017-10-23 01:41:00,1.26201,1.26201,1.262005,1.262015
2017-10-23 01:42:00,1.262035,1.262015,1.262015,1.262045
2017-10-23 01:43:00,1.261985,1.262015,1.261975,1.26202
2017-10-23 01:44:00,1.26199,1.26199,1.26199,1.26199
2017-10-23 01:45:00,1.26208,1.26204,1.26204,1.26208
2017-10-23 01:46:00,1.262115,1.26206,1.262055,1.262115
2017-10-23 01:47:00,1.26215,1.26211,1.2621,1.26215
2017-10-23 01:48:00,1.26212,1.262145,1.26211,1.26216
2017-10-23 01:49:00,1.262125,1.26213,1.26212,1.26213
2017-10-23 01:50:00,1.262195,1.26214,1.26214,1.262265
2017-10-23 01:51:00,1.262195,1.26214,1.26214,1.262265
2017-10-23 01:52:00,1.262075,1.2622,1.262075,1.2622
2017-10-23 01:53:00,1.262115,1.262125,1.262115,1.262145
2017-10-23 01:54:00,1.26216,1.26217,1.26216,1.26218
2017-10-23 01:55:00,1.261915,1.262175,1.261875,1.262175
2017-10-23 01:56:00,1.261855,1.261915,1.261845,1.26192
2017-10-23 01:57:00,1.261925,1.261865,1.261865,1.26196
2017-10-23 01:58:00,1.261955,1.26192,1.261915,1.26199
2017-10-23 01:59:00,1.26198,1.261965,1.261945,1.26202
2017-10-23 02:00:00,1.261915,1.26192,1.26186,1.261945
2017-10-23 02:01:00,1.261725,1.26191,1.261595,1.261935
2017-10-23 02:02:00,1.26148,1.26174,1.261435,1.26174
2017-10-23 02:03:00,1.261525,1.26151,1.26149,1.26155
2017-10-23 02:04:00,1.261435,1.261525,1.261375,1.261525
2017-10-23 02:05:00,1.261485,1.26143,1.261395,1.261485
2017-10-23 02:06:00,1.261485,1.26143,1.261395,1.261485
2017-10-23 02:07:00,1.261465,1.261465,1.261465,1.261465
2017-10-23 02:08:00,1.261445,1.26144,1.261415,1.26147
2017-10-23 02:09:00,1.26141,1.261455,1.2614,1.26147
2017-10-23 02:10:00,1.26141,1.261455,1.2614,1.26147
2017-10-23 02:11:00,1.26149,1.26147,1.26143,1.261495
2017-10-23 02:12:00,1.261435,1.261495,1.261435,1.26151
2017-10-23 02:13:00,1.26144,1.261485,1.261435,1.2615
2017-10-23 02:14:00,1.261515,1.26149,1.261455,1.26152
2017-10-23 02:15:00,1.261675,1.26158,1.26157,1.26172
2017-10-23 02:16:00,1.261675,1.26168,1.26163,1.26169
2017-10-23 02:17:00,1.261675,1.26168,1.261675,1.26168
2017-10-23 02:18:00,1.261605,1.261665,1.2616,1.261695
2017-10-23 02:19:00,1.261605,1.261605,1.261595,1.261625
2017-10-23 02:20:00,1.26165,1.261615,1.261595,1.26171
2017-10-23 02:21:00,1.26159,1.261655,1.26159,1.261695
2017-10-23 02:22:00,1.261755,1.26161,1.26161,1.261755
2017-10-23 02:23:00,1.261645,1.2617,1.261645,1.2617
2017-10-23 02:24:00,1.261565,1.261595,1.261525,1.261595
2017-10-23 02:25:00,1.261555,1.26157,1.261545,1.261615
2017-10-23 02:26:00,1.26163,1.26156,1.26156,1.261655
2017-10-23 02:27:00,1.261685,1.26164,1.261615,1.26171
2017-10-23 02:28:00,1.2617,1.2617,1.2617,1.26172
2017-10-23 02:29:00,1.261725,1.26171,1.261695,1.261725
2017-10-23 02:30:00,1.261685,1.26171,1.261685,1.261715
2017-10-23 02:31:00,1.26204,1.26174,1.261675,1.262045
2017-10-23 02:32:00,1.262135,1.262025,1.262025,1.262135
2017-10-23 02:33:00,1.26251,1.26219,1.26218,1.26252
2017-10-23 02:34:00,1.262485,1.26244,1.26239,1.26249
2017-10-23 02:35:00,1.262395,1.262495,1.262395,1.262495
2017-10-23 02:36:00,1.26238,1.26241,1.26236,1.26243
2017-10-23 02:37:00,1.26238,1.26241,1.26236,1.26243
2017-10-23 02:38:00,1.262355,1.262395,1.262305,1.262395
2017-10-23 02:39:00,1.262405,1.26234,1.262285,1.262455
2017-10-23 02:40:00,1.262525,1.262405,1.262405,1.262525
2017-10-23 02:41:00,1.262505,1.26258,1.26249,1.26258
2017-10-23 02:42:00,1.26238,1.262555,1.26238,1.262555
2017-10-23 02:43:00,1.26257,1.26243,1.26243,1.26257
2017-10-23 02:44:00,1.26246,1.262565,1.262425,1.262565
2017-10-23 02:45:00,1.26252,1.262465,1.262455,1.262525
2017-10-23 02:46:00,1.26252,1.262525,1.262455,1.26253
2017-10-23 02:47:00,1.26269,1.26255,1.26255,1.26269
2017-10-23 02:48:00,1.262635,1.262745,1.262625,1.26275
2017-10-23 02:49:00,1.262865,1.26263,1.262625,1.263045
2017-10-23 02:50:00,1.2628,1.26284,1.2628,1.262875
2017-10-23 02:51:00,1.26282,1.26281,1.262765,1.26284
2017-10-23 02:52:00,1.26283,1.26282,1.2628,1.262855
2017-10-23 02:53:00,1.26298,1.262825,1.262815,1.262985
2017-10-23 02:54:00,1.262955,1.26299,1.26293,1.262995
2017-10-23 02:55:00,1.263005,1.26296,1.26294,1.263005
2017-10-23 02:56:00,1.26307,1.26306,1.263035,1.263125
2017-10-23 02:57:00,1.26304,1.263065,1.262955,1.26307
2017-10-23 02:58:00,1.26299,1.263045,1.262945,1.26306
2017-10-23 02:59:00,1.2629,1.262985,1.2629,1.262995
2017-10-23 03:00:00,1.262995,1.26292,1.262915,1.263015
2017-10-23 03:01:00,1.26304,1.26298,1.26293,1.263215
2017-10-23 03:02:00,1.262945,1.26303,1.262915,1.26306
2017-10-23 03:03:00,1.263085,1.26294,1.262925,1.26309
2017-10-23 03:04:00,1.26325,1.263115,1.263115,1.263385
2017-10-23 03:05:00,1.263275,1.263275,1.263275,1.263275
2017-10-23 03:06:00,1.26338,1.263225,1.26321,1.263445
2017-10-23 03:07:00,1.26358,1.263435,1.26341,1.2636
2017-10-23 03:08:00,1.26354,1.26364,1.26354,1.2637
2017-10-23 03:09:00,1.26358,1.263485,1.263435,1.26359
2017-10-23 03:10:00,1.263465,1.263585,1.263395,1.263595
2017-10-23 03:11:00,1.26333,1.26346,1.26333,1.263465
2017-10-23 03:12:00,1.26352,1.263315,1.263315,1.26362
2017-10-23 03:13:00,1.263545,1.263515,1.263495,1.2636
2017-10-23 03:14:00,1.26331,1.26353,1.26331,1.263545
2017-10-23 03:15:00,1.263235,1.263305,1.26323,1.263305
2017-10-23 03:16:00,1.26318,1.263225,1.26315,1.263225
2017-10-23 03:17:00,1.26315,1.26318,1.26315,1.263225
2017-10-23 03:18:00,1.263075,1.2631,1.263055,1.26315
2017-10-23 03:19:00,1.263315,1.263085,1.263075,1.26334
2017-10-23 03:20:00,1.263375,1.26331,1.263275,1.2634
2017-10-23 03:21:00,1.26317,1.26337,1.26317,1.26337
2017-10-23 03:22:00,1.26307,1.26318,1.26307,1.26318
2017-10-23 03:23:00,1.26319,1.263085,1.26306,1.2633
2017-10-23 03:24:00,1.263135,1.26318,1.26312,1.26321
2017-10-23 03:25:00,1.2631,1.26313,1.26308,1.26313
2017-10-23 03:26:00,1.26305,1.263045,1.263045,1.26305
2017-10-23 03:27:00,1.26301,1.26304,1.263,1.26307
2017-10-23 03:28:00,1.263045,1.26302,1.263005,1.26306
2017-10-23 03:29:00,1.263045,1.26302,1.263005,1.26306
2017-10-23 03:30:00,1.26294,1.262995,1.26292,1.263005
2017-10-23 03:31:00,1.263,1.262945,1.262935,1.263
2017-10-23 03:32:00,1.26316,1.263005,1.263005,1.26316
2017-10-23 03:33:00,1.26327,1.26316,1.26316,1.26327
2017-10-23 03:34:00,1.263325,1.26332,1.263305,1.26333
2017-10-23 03:35:00,1.26323,1.26332,1.26322,1.26333
2017-10-23 03:36:00,1.26333,1.263225,1.2632,1.26336
2017-10-23 03:37:00,1.26332,1.263355,1.2633,1.263355
2017-10-23 03:38:00,1.263435,1.263315,1.26331,1.263495
2017-10-23 03:39:00,1.26347,1.263425,1.263425,1.263495
2017-10-23 03:40:00,1.263435,1.26347,1.26338,1.263485
2017-10-23 03:41:00,1.263075,1.26345,1.26307,1.26345
2017-10-23 03:42:00,1.26291,1.26308,1.26287,1.2631
2017-10-23 03:43:00,1.2628,1.262965,1.2628,1.262975
2017-10-23 03:44:00,1.262805,1.262795,1.262725,1.262925
2017-10-23 03:45:00,1.262635,1.26283,1.26263,1.26283
2017-10-23 03:46:00,1.26254,1.26263,1.26249,1.26263
2017-10-23 03:47:00,1.262455,1.26252,1.26233,1.26252
2017-10-23 03:48:00,1.262435,1.26248,1.262425,1.26257
2017-10-23 03:49:00,1.26231,1.262435,1.26231,1.26248
2017-10-23 03:50:00,1.262555,1.262315,1.262315,1.262565
2017-10-23 03:51:00,1.26285,1.26255,1.262545,1.262885
2017-10-23 03:52:00,1.262765,1.262855,1.26276,1.262875
2017-10-23 03:53:00,1.26275,1.26277,1.26275,1.26279
2017-10-23 03:54:00,1.2627,1.2627,1.26268,1.262745
2017-10-23 03:55:00,1.262735,1.26265,1.26263,1.262735
2017-10-23 03:56:00,1.262865,1.26275,1.262735,1.262885
2017-10-23 03:57:00,1.262745,1.26287,1.26274,1.262875
2017-10-23 03:58:00,1.262765,1.262755,1.26273,1.262815
2017-10-23 03:59:00,1.262795,1.262755,1.26273,1.262795
2017-10-23 04:00:00,1.26282,1.2628,1.26272,1.262875
2017-10-23 04:01:00,1.262885,1.262825,1.262785,1.262995
2017-10-23 04:02:00,1.26272,1.26289,1.2627,1.262905
2017-10-23 04:03:00,1.26266,1.262705,1.26258,1.262705
2017-10-23 04:04:00,1.26274,1.262665,1.262645,1.26275
2017-10-23 04:05:00,1.26274,1.26274,1.262705,1.262745
2017-10-23 04:06:00,1.262655,1.26274,1.26263,1.262745
2017-10-23 04:07:00,1.262645,1.262655,1.262615,1.26267
2017-10-23 04:08:00,1.262675,1.262645,1.262645,1.262745
2017-10-23 04:09:00,1.26268,1.262675,1.2626,1.26269
2017-10-23 04:10:00,1.26265,1.26268,1.26265,1.262715
2017-10-23 04:11:00,1.262685,1.262635,1.262635,1.262685
2017-10-23 04:12:00,1.26272,1.26263,1.26261,1.26272
2017-10-23 04:13:00,1.262875,1.26273,1.26271,1.262875
2017-10-23 04:14:00,1.26284,1.26289,1.26284,1.262915
2017-10-23 04:15:00,1.26289,1.26282,1.2628,1.262925
2017-10-23 04:16:00,1.26296,1.262895,1.262895,1.263075
2017-10-23 04:17:00,1.262955,1.262965,1.262935,1.26302
2017-10-23 04:18:00,1.26304,1.26296,1.262955,1.26306
2017-10-23 04:19:00,1.263015,1.26302,1.262945,1.26304
2017-10-23 04:20:00,1.263395,1.26307,1.263065,1.2635
2017-10-23 04:21:00,1.26326,1.263395,1.26323,1.263395
2017-10-23 04:22:00,1.263375,1.263265,1.26322,1.263385
2017-10-23 04:23:00,1.263295,1.26338,1.26327,1.263405
2017-10-23 04:24:00,1.26332,1.26331,1.26329,1.26347
2017-10-23 04:25:00,1.263395,1.263385,1.26332,1.263405
2017-10-23 04:26:00,1.26357,1.2634,1.263395,1.26363
2017-10-23 04:27:00,1.26368,1.263575,1.26355,1.26371
2017-10-23 04:28:00,1.263705,1.263685,1.263665,1.263825
2017-10-23 04:29:00,1.263585,1.263705,1.26354,1.26371
2017-10-23 04:30:00,1.263575,1.26358,1.263505,1.263585
2017-10-23 04:31:00,1.263465,1.26357,1.263445,1.26361
2017-10-23 04:32:00,1.26347,1.263465,1.263455,1.263495
2017-10-23 04:33:00,1.263465,1.26346,1.263435,1.26351
2017-10-23 04:34:00,1.26351,1.26347,1.263455,1.26356
2017-10-23 04:35:00,1.26349,1.26356,1.26349,1.263655
2017-10-23 04:36:00,1.263415,1.263515,1.263395,1.263535
2017-10-23 04:37:00,1.263425,1.26342,1.26342,1.263425
2017-10-23 04:38:00,1.263505,1.26342,1.263415,1.263505
2017-10-23 04:39:00,1.263565,1.26349,1.263445,1.263565
2017-10-23 04:40:00,1.263445,1.26356,1.263445,1.263585
2017-10-23 04:41:00,1.263425,1.263465,1.263415,1.26355
2017-10-23 04:42:00,1.2634,1.263415,1.26333,1.26347
2017-10-23 04:43:00,1.263515,1.263405,1.26338,1.26357
2017-10-23 04:44:00,1.26354,1.26352,1.26351,1.26356
2017-10-23 04:45:00,1.26352,1.263515,1.26344,1.26353
2017-10-23 04:46:00,1.26348,1.26353,1.263445,1.263545
2017-10-23 04:47:00,1.26344,1.263505,1.26344,1.263525
2017-10-23 04:48:00,1.263475,1.263465,1.263395,1.263495
2017-10-23 04:49:00,1.26351,1.263495,1.263495,1.26351
2017-10-23 04:50:00,1.2635,1.263515,1.263495,1.263515
2017-10-23 04:51:00,1.263565,1.26351,1.26348,1.263635
2017-10-23 04:52:00,1.26355,1.26355,1.263495,1.26362
2017-10-23 04:53:00,1.26351,1.2635,1.263375,1.263515
2017-10-23 04:54:00,1.263495,1.263515,1.263485,1.263565
2017-10-23 04:55:00,1.263625,1.26349,1.26349,1.263715
2017-10-23 04:56:00,1.26373,1.263635,1.26361,1.26374
2017-10-23 04:57:00,1.263755,1.26372,1.263705,1.26377
2017-10-23 04:58:00,1.263735,1.26374,1.26372,1.263765
2017-10-23 04:59:00,1.263675,1.263745,1.263665,1.26381
2017-10-23 05:00:00,1.26375,1.26368,1.26367,1.2638
2017-10-23 05:01:00,1.26367,1.26375,1.263665,1.26379
2017-10-23 05:02:00,1.26364,1.26364,1.26361,1.263665
2017-10-23 05:03:00,1.263625,1.263645,1.26362,1.26365
2017-10-23 05:04:00,1.26357,1.263625,1.26357,1.263635
2017-10-23 05:05:00,1.263595,1.26357,1.263565,1.26363
2017-10-23 05:06:00,1.26358,1.26361,1.26355,1.263615
2017-10-23 05:07:00,1.26358,1.263575,1.26357,1.263595
2017-10-23 05:08:00,1.26362,1.263575,1.26357,1.26362
2017-10-23 05:09:00,1.26352,1.263615,1.26352,1.263615
2017-10-23 05:10:00,1.263405,1.26355,1.263365,1.26355
2017-10-23 05:11:00,1.263325,1.263415,1.26331,1.263415
2017-10-23 05:12:00,1.26315,1.26333,1.26315,1.26338
2017-10-23 05:13:00,1.263005,1.26316,1.262925,1.26316
2017-10-23 05:14:00,1.26303,1.26303,1.262985,1.26321
2017-10-23 05:15:00,1.26284,1.263025,1.262835,1.263025
2017-10-23 05:16:00,1.263015,1.262845,1.262845,1.26303
2017-10-23 05:17:00,1.2629,1.26304,1.26286,1.263115
2017-10-23 05:18:00,1.26288,1.262895,1.26287,1.262945
2017-10-23 05:19:00,1.26285,1.26285,1.262775,1.26285
2017-10-23 05:20:00,1.262945,1.262905,1.262905,1.263015
2017-10-23 05:21:00,1.262995,1.262955,1.262935,1.263055
2017-10-23 05:22:00,1.262945,1.26305,1.262935,1.263055
2017-10-23 05:23:00,1.26279,1.262935,1.26279,1.262985
2017-10-23 05:24:00,1.26272,1.26277,1.26271,1.262815
2017-10-23 05:25:00,1.26287,1.26272,1.26268,1.262885
2017-10-23 05:26:00,1.262865,1.262865,1.262775,1.262955
2017-10-23 05:27:00,1.262905,1.26286,1.262855,1.262945
2017-10-23 05:28:00,1.263115,1.262955,1.262915,1.26313
2017-10-23 05:29:00,1.26318,1.26312,1.263115,1.26318
2017-10-23 05:30:00,1.26312,1.263155,1.26303,1.26318
2017-10-23 05:31:00,1.26311,1.263115,1.26305,1.26313
2017-10-23 05:32:00,1.26319,1.263095,1.263095,1.26323
2017-10-23 05:33:00,1.26318,1.263185,1.263135,1.263195
2017-10-23 05:34:00,1.26326,1.263235,1.263195,1.26327
2017-10-23 05:35:00,1.26313,1.263275,1.263125,1.26328
2017-10-23 05:36:00,1.2631,1.263145,1.2631,1.263145
2017-10-23 05:37:00,1.262995,1.263105,1.262995,1.26311
2017-10-23 05:38:00,1.26307,1.26299,1.26299,1.263125
2017-10-23 05:39:00,1.26307,1.263065,1.26306,1.263175
2017-10-23 05:40:00,1.26297,1.263015,1.2629,1.263015
2017-10-23 05:41:00,1.263085,1.26296,1.262955,1.263085
2017-10-23 05:42:00,1.263135,1.26314,1.263095,1.26316
2017-10-23 05:43:00,1.263225,1.26319,1.263175,1.26325
2017-10-23 05:44:00,1.263015,1.2632,1.26301,1.263215
2017-10-23 05:45:00,1.262975,1.263,1.26295,1.26304
2017-10-23 05:46:00,1.26304,1.262965,1.262965,1.26305
2017-10-23 05:47:00,1.26303,1.26302,1.26287,1.2631
2017-10-23 05:48:00,1.263075,1.26304,1.263035,1.263125
2017-10-23 05:49:00,1.26297,1.26305,1.26296,1.263095
2017-10-23 05:50:00,1.263035,1.26298,1.262945,1.26306
2017-10-23 05:51:00,1.26299,1.26304,1.26292,1.263045
2017-10-23 05:52:00,1.262985,1.26298,1.262945,1.26302
2017-10-23 05:53:00,1.262985,1.26298,1.262965,1.262985
2017-10-23 05:54:00,1.263165,1.26298,1.26298,1.263175
2017-10-23 05:55:00,1.2631,1.26315,1.263095,1.263215
2017-10-23 05:56:00,1.2631,1.26309,1.263025,1.263145
2017-10-23 05:57:00,1.26322,1.263085,1.26308,1.26322
2017-10-23 05:58:00,1.26334,1.26321,1.263205,1.263365
2017-10-23 05:59:00,1.263205,1.263345,1.263205,1.26346
2017-10-23 06:00:00,1.26352,1.26322,1.26321,1.26352
2017-10-23 06:01:00,1.2636,1.263575,1.2635,1.263765
2017-10-23 06:02:00,1.263575,1.263595,1.263505,1.263595
2017-10-23 06:03:00,1.26342,1.263585,1.26342,1.263585
2017-10-23 06:04:00,1.26343,1.263365,1.2633,1.26351
2017-10-23 06:05:00,1.26339,1.26342,1.26336,1.26349
2017-10-23 06:06:00,1.26349,1.263445,1.263435,1.263495
2017-10-23 06:07:00,1.26351,1.26351,1.263455,1.26354
2017-10-23 06:08:00,1.263435,1.263505,1.26343,1.263525
2017-10-23 06:09:00,1.263115,1.26345,1.26311,1.26345
2017-10-23 06:10:00,1.263085,1.26313,1.26303,1.26316
2017-10-23 06:11:00,1.26305,1.26308,1.263035,1.263135
2017-10-23 06:12:00,1.263065,1.263055,1.26304,1.26312
2017-10-23 06:13:00,1.262885,1.263015,1.262745,1.263015
2017-10-23 06:14:00,1.26283,1.26288,1.262825,1.26291
2017-10-23 06:15:00,1.263045,1.262855,1.262855,1.263065
2017-10-23 06:16:00,1.263225,1.263065,1.263065,1.26327
2017-10-23 06:17:00,1.263225,1.26321,1.26318,1.263235
2017-10-23 06:18:00,1.263405,1.26328,1.26328,1.263415
2017-10-23 06:19:00,1.26323,1.263405,1.263225,1.263415
2017-10-23 06:20:00,1.263235,1.26322,1.26318,1.26327
2017-10-23 06:21:00,1.263245,1.26323,1.263215,1.263275
2017-10-23 06:22:00,1.26339,1.26324,1.26324,1.263415
2017-10-23 06:23:00,1.263385,1.26338,1.26336,1.263385
2017-10-23 06:24:00,1.263355,1.2634,1.263325,1.263405
2017-10-23 06:25:00,1.263355,1.2634,1.263325,1.263405
2017-10-23 06:26:00,1.26332,1.2633,1.26325,1.26332
2017-10-23 06:27:00,1.263385,1.263315,1.2633,1.263385
2017-10-23 06:28:00,1.26359,1.263385,1.263385,1.26359
2017-10-23 06:29:00,1.263645,1.26358,1.26358,1.26372
2017-10-23 06:30:00,1.263565,1.263615,1.26349,1.263615
2017-10-23 06:31:00,1.263655,1.26358,1.263545,1.26366
2017-10-23 06:32:00,1.263655,1.263655,1.26362,1.263665
2017-10-23 06:33:00,1.263585,1.26366,1.263545,1.263695
2017-10-23 06:34:00,1.26363,1.263605,1.263595,1.263715
2017-10-23 06:35:00,1.263515,1.263635,1.26351,1.263665
2017-10-23 06:36:00,1.26355,1.26351,1.26349,1.263575
2017-10-23 06:37:00,1.263615,1.263555,1.26354,1.26368
2017-10-23 06:38:00,1.26367,1.26361,1.26355,1.263715
2017-10-23 06:39:00,1.263665,1.263665,1.26366,1.26367
2017-10-23 06:40:00,1.263785,1.263665,1.263665,1.263785
2017-10-23 06:41:00,1.26372,1.2638,1.263695,1.2638
2017-10-23 06:42:00,1.263705,1.26372,1.2637,1.26379
2017-10-23 06:43:00,1.2637,1.263695,1.263685,1.263725
2017-10-23 06:44:00,1.26372,1.26372,1.263685,1.263795
2017-10-23 06:45:00,1.26371,1.263705,1.263675,1.263805
2017-10-23 06:46:00,1.263535,1.26371,1.263535,1.26372
2017-10-23 06:47:00,1.26332,1.263525,1.263275,1.26353
2017-10-23 06:48:00,1.26324,1.263345,1.26324,1.263375
2017-10-23 06:49:00,1.26325,1.26327,1.26312,1.26329
2017-10-23 06:50:00,1.26355,1.263245,1.263245,1.263585
2017-10-23 06:51:00,1.263605,1.26355,1.26355,1.26364
2017-10-23 06:52:00,1.263545,1.263615,1.26354,1.263615
2017-10-23 06:53:00,1.263545,1.26354,1.26354,1.263575
2017-10-23 06:54:00,1.26338,1.263555,1.26338,1.26357
2017-10-23 06:55:00,1.263545,1.263395,1.263305,1.263595
2017-10-23 06:56:00,1.26348,1.26354,1.263425,1.26354
2017-10-23 06:57:00,1.26338,1.263475,1.26332,1.263565
2017-10-23 06:58:00,1.263345,1.263365,1.26332,1.263415
2017-10-23 06:59:00,1.263325,1.26334,1.26332,1.26334
2017-10-23 07:00:00,1.2634,1.263325,1.263315,1.2634
2017-10-23 07:01:00,1.263345,1.263395,1.263335,1.26341
2017-10-23 07:02:00,1.263295,1.26334,1.263285,1.26339
2017-10-23 07:03:00,1.26333,1.263285,1.26328,1.26334
2017-10-23 07:04:00,1.26333,1.26333,1.263195,1.263335
2017-10-23 07:05:00,1.26316,1.263275,1.26316,1.263275
2017-10-23 07:06:00,1.2633,1.26316,1.26315,1.2633
2017-10-23 07:07:00,1.26331,1.26331,1.263305,1.26334
2017-10-23 07:08:00,1.2634,1.263315,1.263315,1.263435
2017-10-23 07:09:00,1.263315,1.2634,1.263255,1.263405
2017-10-23 07:10:00,1.26333,1.263315,1.2633,1.263355
2017-10-23 07:11:00,1.26331,1.26334,1.263305,1.263465
2017-10-23 07:12:00,1.26341,1.263365,1.263245,1.26341
2017-10-23 07:13:00,1.26307,1.263415,1.263065,1.26343
2017-10-23 07:14:00,1.26304,1.263085,1.26302,1.263135
2017-10-23 07:15:00,1.26302,1.263055,1.262925,1.263055
2017-10-23 07:16:00,1.262985,1.26301,1.26293,1.26301
2017-10-23 07:17:00,1.263045,1.262965,1.26296,1.263055
2017-10-23 07:18:00,1.26321,1.26304,1.262975,1.26321
2017-10-23 07:19:00,1.263265,1.26323,1.26321,1.263355
2017-10-23 07:20:00,1.2632,1.26327,1.263185,1.26328
2017-10-23 07:21:00,1.26311,1.263205,1.2631,1.26321
2017-10-23 07:22:00,1.26311,1.263205,1.2631,1.26321
2017-10-23 07:23:00,1.263075,1.263085,1.26299,1.2631
2017-10-23 07:24:00,1.263125,1.26307,1.26307,1.263215
2017-10-23 07:25:00,1.26323,1.26314,1.26313,1.26326
2017-10-23 07:26:00,1.2633,1.263215,1.263145,1.26331
2017-10-23 07:27:00,1.26318,1.263305,1.26313,1.26338
2017-10-23 07:28:00,1.26313,1.263135,1.263085,1.26314
2017-10-23 07:29:00,1.26315,1.263125,1.263085,1.26318
2017-10-23 07:30:00,1.263205,1.26313,1.2631,1.263205
2017-10-23 07:31:00,1.26341,1.26326,1.26321,1.263415
2017-10-23 07:32:00,1.263425,1.263395,1.263375,1.263465
2017-10-23 07:33:00,1.26336,1.26342,1.263315,1.26342
2017-10-23 07:34:00,1.263085,1.263355,1.26308,1.263355
2017-10-23 07:35:00,1.263225,1.26307,1.262985,1.263225
2017-10-23 07:36:00,1.26309,1.263215,1.263075,1.263215
2017-10-23 07:37:00,1.26311,1.263095,1.263095,1.263205
2017-10-23 07:38:00,1.26313,1.26312,1.263075,1.263145
2017-10-23 07:39:00,1.263075,1.263135,1.263065,1.263145
2017-10-23 07:40:00,1.2633,1.26309,1.263025,1.26331
2017-10-23 07:41:00,1.263135,1.263305,1.263135,1.263315
2017-10-23 07:42:00,1.262965,1.26314,1.26293,1.26314
2017-10-23 07:43:00,1.26263,1.262945,1.26259,1.262945
2017-10-23 07:44:00,1.2627,1.262625,1.26261,1.26274
2017-10-23 07:45:00,1.26277,1.26269,1.26268,1.26284
2017-10-23 07:46:00,1.262795,1.262765,1.26276,1.262925
2017-10-23 07:47:00,1.26282,1.2628,1.26279,1.262825
2017-10-23 07:48:00,1.26294,1.26277,1.262765,1.26299
2017-10-23 07:49:00,1.263035,1.262935,1.26291,1.263035
2017-10-23 07:50:00,1.26299,1.26303,1.26297,1.26305
2017-10-23 07:51:00,1.262635,1.26297,1.262615,1.26298
2017-10-23 07:52:00,1.262185,1.26264,1.26218,1.26273
2017-10-23 07:53:00,1.26265,1.262195,1.26218,1.26266
2017-10-23 07:54:00,1.262915,1.26264,1.262555,1.262925
2017-10-23 07:55:00,1.262965,1.262935,1.26292,1.26322
2017-10-23 07:56:00,1.26319,1.26294,1.262915,1.26321
2017-10-23 07:57:00,1.26323,1.263185,1.26316,1.263315
2017-10-23 07:58:00,1.263285,1.263235,1.263205,1.263295
2017-10-23 07:59:00,1.26321,1.26328,1.26319,1.26329
2017-10-23 08:00:00,1.263235,1.263265,1.263205,1.26329
2017-10-23 08:01:00,1.263335,1.263235,1.263235,1.26349
2017-10-23 08:02:00,1.263515,1.26333,1.263295,1.263675
2017-10-23 08:03:00,1.26365,1.26353,1.26345,1.26375
2017-10-23 08:04:00,1.26365,1.26365,1.263575,1.26367
2017-10-23 08:05:00,1.2636,1.263655,1.2636,1.263685
2017-10-23 08:06:00,1.263555,1.263545,1.26335,1.26357
2017-10-23 08:07:00,1.26378,1.263545,1.263545,1.263815
2017-10-23 08:08:00,1.263815,1.263775,1.263715,1.26402
2017-10-23 08:09:00,1.2639,1.26381,1.26381,1.26391
2017-10-23 08:10:00,1.26386,1.263875,1.26365,1.263955
2017-10-23 08:11:00,1.26384,1.26386,1.263765,1.263925
2017-10-23 08:12:00,1.26388,1.263845,1.26384,1.26401
2017-10-23 08:13:00,1.26394,1.263895,1.263845,1.263965
2017-10-23 08:14:00,1.263895,1.263915,1.26382,1.26397
2017-10-23 08:15:00,1.26387,1.2639,1.263765,1.26392
2017-10-23 08:16:00,1.26391,1.263875,1.26387,1.26396
2017-10-23 08:17:00,1.26407,1.26392,1.26388,1.264145
2017-10-23 08:18:00,1.26405,1.264095,1.26401,1.26417
2017-10-23 08:19:00,1.264185,1.26406,1.264045,1.26426
2017-10-23 08:20:00,1.264295,1.264175,1.264175,1.264345
2017-10-23 08:21:00,1.264395,1.264295,1.264245,1.264455
2017-10-23 08:22:00,1.264395,1.26445,1.26435,1.26455
2017-10-23 08:23:00,1.264455,1.26437,1.264305,1.264455
2017-10-23 08:24:00,1.2645,1.2644,1.264385,1.264575
2017-10-23 08:25:00,1.26449,1.264485,1.264395,1.264545
2017-10-23 08:26:00,1.264575,1.264495,1.26441,1.26459
2017-10-23 08:27:00,1.264475,1.26457,1.26443,1.264575
2017-10-23 08:28:00,1.26447,1.26447,1.26445,1.264535
2017-10-23 08:29:00,1.264525,1.264465,1.264375,1.26453
2017-10-23 08:30:00,1.264415,1.26451,1.26434,1.26451
2017-10-23 08:31:00,1.264445,1.26449,1.26436,1.264595
2017-10-23 08:32:00,1.26444,1.26445,1.264375,1.26449
2017-10-23 08:33:00,1.264505,1.264385,1.264365,1.264505
2017-10-23 08:34:00,1.264415,1.2645,1.264385,1.26451
2017-10-23 08:35:00,1.264325,1.264415,1.26426,1.26449
2017-10-23 08:36:00,1.264255,1.26432,1.264185,1.264415
2017-10-23 08:37:00,1.2643,1.26426,1.264015,1.2643
2017-10-23 08:38:00,1.2644,1.26425,1.2642,1.26446
2017-10-23 08:39:00,1.264565,1.2644,1.26435,1.26457
2017-10-23 08:40:00,1.26483,1.26461,1.26461,1.26486
2017-10-23 08:41:00,1.264745,1.264835,1.26469,1.264845
2017-10-23 08:42:00,1.264565,1.26474,1.264515,1.26475
2017-10-23 08:43:00,1.264575,1.26454,1.264425,1.26458
2017-10-23 08:44:00,1.264425,1.264575,1.26442,1.26462
2017-10-23 08:45:00,1.26434,1.26445,1.264255,1.26446
2017-10-23 08:46:00,1.264195,1.26431,1.264005,1.26431
2017-10-23 08:47:00,1.26423,1.264135,1.264035,1.264265
2017-10-23 08:48:00,1.264175,1.264215,1.264085,1.26422
2017-10-23 08:49:00,1.263795,1.26417,1.26369,1.26419
2017-10-23 08:50:00,1.263775,1.263775,1.26376,1.263855
2017-10-23 08:51:00,1.263845,1.26377,1.263645,1.26385
2017-10-23 08:52:00,1.26382,1.263865,1.26378,1.264025
2017-10-23 08:53:00,1.26394,1.2638,1.2638,1.264005
2017-10-23 08:54:00,1.264115,1.263935,1.26388,1.264115
2017-10-23 08:55:00,1.264045,1.26412,1.26403,1.264185
2017-10-23 08:56:00,1.264165,1.264095,1.26405,1.26424
2017-10-23 08:57:00,1.264255,1.264195,1.264025,1.26433
2017-10-23 08:58:00,1.2642,1.26426,1.2642,1.26447
2017-10-23 08:59:00,1.264245,1.26419,1.264185,1.26448
2017-10-23 09:00:00,1.264185,1.264225,1.264145,1.26425
2017-10-23 09:01:00,1.26397,1.26419,1.2639,1.26426
2017-10-23 09:02:00,1.26391,1.26395,1.26377,1.26401
2017-10-23 09:03:00,1.26397,1.263905,1.263905,1.264115
2017-10-23 09:04:00,1.26419,1.263915,1.263905,1.264255
2017-10-23 09:05:00,1.264435,1.264195,1.264195,1.26449
2017-10-23 09:06:00,1.264435,1.26444,1.264335,1.26453
2017-10-23 09:07:00,1.264425,1.26444,1.264295,1.264505
2017-10-23 09:08:00,1.264135,1.264435,1.26413,1.264445
2017-10-23 09:09:00,1.26401,1.264135,1.263875,1.264135
2017-10-23 09:10:00,1.26399,1.264015,1.263885,1.26405
2017-10-23 09:11:00,1.263995,1.263985,1.26389,1.26404
2017-10-23 09:12:00,1.26402,1.263995,1.263945,1.26414
2017-10-23 09:13:00,1.26388,1.264015,1.263875,1.26402
2017-10-23 09:14:00,1.2639,1.26389,1.26385,1.264
2017-10-23 09:15:00,1.264,1.263895,1.26388,1.264015
2017-10-23 09:16:00,1.26378,1.263995,1.263775,1.264
2017-10-23 09:17:00,1.26383,1.263785,1.263705,1.263935
2017-10-23 09:18:00,1.263825,1.263825,1.263735,1.263905
2017-10-23 09:19:00,1.263725,1.263815,1.263725,1.263875
2017-10-23 09:20:00,1.2639,1.263715,1.26367,1.264005
2017-10-23 09:21:00,1.263875,1.26389,1.26374,1.263945
2017-10-23 09:22:00,1.263885,1.26388,1.263855,1.2639
2017-10-23 09:23:00,1.264015,1.26388,1.263805,1.264055
2017-10-23 09:24:00,1.264085,1.26401,1.263975,1.264145
2017-10-23 09:25:00,1.26441,1.26403,1.26401,1.26441
2017-10-23 09:26:00,1.264435,1.264425,1.26432,1.264435
2017-10-23 09:27:00,1.26442,1.264435,1.26436,1.26451
2017-10-23 09:28:00,1.26437,1.264425,1.264315,1.264425
2017-10-23 09:29:00,1.264335,1.264365,1.264255,1.264475
2017-10-23 09:30:00,1.26417,1.26434,1.26397,1.264355
2017-10-23 09:31:00,1.264315,1.264175,1.264145,1.26438
2017-10-23 09:32:00,1.26435,1.26433,1.26421,1.2645
2017-10-23 09:33:00,1.264285,1.264345,1.26418,1.264375
2017-10-23 09:34:00,1.26418,1.26427,1.26416,1.26428
2017-10-23 09:35:00,1.26412,1.264175,1.2641,1.2643
2017-10-23 09:36:00,1.264085,1.26413,1.26401,1.26422
2017-10-23 09:37:00,1.26402,1.264035,1.26394,1.2641
2017-10-23 09:38:00,1.264085,1.264015,1.264015,1.26417
2017-10-23 09:39:00,1.264035,1.264065,1.264035,1.26415
2017-10-23 09:40:00,1.26408,1.26404,1.263985,1.264225
2017-10-23 09:41:00,1.264105,1.26409,1.264045,1.264105
2017-10-23 09:42:00,1.263995,1.264115,1.263975,1.26414
2017-10-23 09:43:00,1.26384,1.263945,1.2638,1.263985
2017-10-23 09:44:00,1.263825,1.26383,1.26372,1.26384
2017-10-23 09:45:00,1.26393,1.2638,1.26379,1.26399
2017-10-23 09:46:00,1.26381,1.26394,1.26381,1.26394
2017-10-23 09:47:00,1.263955,1.26379,1.263685,1.26406
2017-10-23 09:48:00,1.26387,1.26395,1.26373,1.26395
2017-10-23 09:49:00,1.263985,1.26388,1.263815,1.264015
2017-10-23 09:50:00,1.26409,1.26403,1.26403,1.264125
2017-10-23 09:51:00,1.26402,1.264065,1.263995,1.26411
2017-10-23 09:52:00,1.264145,1.264015,1.26396,1.264145
2017-10-23 09:53:00,1.264235,1.26417,1.26417,1.26427
2017-10-23 09:54:00,1.264275,1.264175,1.26416,1.26432
2017-10-23 09:55:00,1.264265,1.264275,1.26423,1.26431
2017-10-23 09:56:00,1.26427,1.26429,1.264265,1.264345
2017-10-23 09:57:00,1.26417,1.26424,1.26407,1.26424
2017-10-23 09:58:00,1.264275,1.264195,1.264125,1.264285
2017-10-23 09:59:00,1.26439,1.264265,1.26426,1.264395
2017-10-23 10:00:00,1.264365,1.264395,1.26431,1.26446
2017-10-23 10:01:00,1.26434,1.264315,1.26423,1.264395
2017-10-23 10:02:00,1.264175,1.26434,1.26417,1.26435
2017-10-23 10:03:00,1.264145,1.26417,1.26414,1.264195
2017-10-23 10:04:00,1.264065,1.26414,1.264035,1.26414
2017-10-23 10:05:00,1.264155,1.264085,1.264055,1.26419
2017-10-23 10:06:00,1.26399,1.26416,1.263955,1.2642
2017-10-23 10:07:00,1.264155,1.263985,1.263935,1.264195
2017-10-23 10:08:00,1.26403,1.264105,1.263905,1.264115
2017-10-23 10:09:00,1.26384,1.26403,1.26375,1.26404
2017-10-23 10:10:00,1.26402,1.263835,1.263835,1.26404
2017-10-23 10:11:00,1.263905,1.26397,1.26381,1.2641
2017-10-23 10:12:00,1.26376,1.263845,1.263755,1.263845
2017-10-23 10:13:00,1.263895,1.26374,1.26368,1.263935
2017-10-23 10:14:00,1.26395,1.263895,1.26381,1.26397
2017-10-23 10:15:00,1.26395,1.264005,1.26385,1.26403
2017-10-23 10:16:00,1.26411,1.263965,1.26396,1.264125
2017-10-23 10:17:00,1.264025,1.264115,1.26388,1.264115
2017-10-23 10:18:00,1.263915,1.26397,1.26387,1.264105
2017-10-23 10:19:00,1.2638,1.26391,1.263775,1.26391
2017-10-23 10:20:00,1.263765,1.26379,1.26372,1.263835
2017-10-23 10:21:00,1.263805,1.263735,1.263715,1.263875
2017-10-23 10:22:00,1.26374,1.263805,1.263695,1.26383
2017-10-23 10:23:00,1.263675,1.26367,1.26362,1.2637
2017-10-23 10:24:00,1.263715,1.263685,1.26364,1.263725
2017-10-23 10:25:00,1.26371,1.26377,1.2637,1.263785
2017-10-23 10:26:00,1.26377,1.263765,1.263755,1.263785
2017-10-23 10:27:00,1.263775,1.26377,1.26376,1.26379
2017-10-23 10:28:00,1.26409,1.263835,1.263805,1.2641
2017-10-23 10:29:00,1.26379,1.264095,1.263785,1.264105
2017-10-23 10:30:00,1.26377,1.26385,1.26367,1.26385
2017-10-23 10:31:00,1.26389,1.26379,1.26377,1.263945
2017-10-23 10:32:00,1.263815,1.26389,1.2638,1.26393
2017-10-23 10:33:00,1.26384,1.26381,1.263755,1.263885
2017-10-23 10:34:00,1.263935,1.26383,1.26383,1.26399
2017-10-23 10:35:00,1.263965,1.263985,1.26395,1.26411
2017-10-23 10:36:00,1.26406,1.263965,1.26396,1.26411
2017-10-23 10:37:00,1.264265,1.26406,1.26403,1.26427
2017-10-23 10:38:00,1.264165,1.264315,1.26412,1.26438
2017-10-23 10:39:00,1.264,1.26411,1.264,1.26411
2017-10-23 10:40:00,1.264025,1.26403,1.26389,1.264055
2017-10-23 10:41:00,1.263985,1.26403,1.263905,1.264095
2017-10-23 10:42:00,1.263995,1.26404,1.263995,1.26409
2017-10-23 10:43:00,1.264115,1.264015,1.26393,1.26412
2017-10-23 10:44:00,1.263945,1.26413,1.26394,1.264135
2017-10-23 10:45:00,1.263965,1.26396,1.26388,1.264
2017-10-23 10:46:00,1.264095,1.263975,1.26397,1.264135
2017-10-23 10:47:00,1.26418,1.2641,1.264085,1.264195
2017-10-23 10:48:00,1.264225,1.264225,1.264135,1.26434
2017-10-23 10:49:00,1.264205,1.264215,1.2642,1.264385
2017-10-23 10:50:00,1.264325,1.264205,1.26416,1.264365
2017-10-23 10:51:00,1.2642,1.26431,1.26413,1.26437
2017-10-23 10:52:00,1.26426,1.264145,1.26412,1.26432
2017-10-23 10:53:00,1.264315,1.26428,1.26413,1.264325
2017-10-23 10:54:00,1.26449,1.26432,1.26422,1.264495
2017-10-23 10:55:00,1.264465,1.264485,1.264405,1.264515
2017-10-23 10:56:00,1.264495,1.26447,1.2644,1.264525
2017-10-23 10:57:00,1.264435,1.264495,1.26441,1.264605
2017-10-23 10:58:00,1.264535,1.26444,1.264415,1.264545
2017-10-23 10:59:00,1.264615,1.26454,1.26445,1.26464
2017-10-23 11:00:00,1.26454,1.26462,1.26448,1.264685
2017-10-23 11:01:00,1.26445,1.264555,1.26435,1.26458
2017-10-23 11:02:00,1.264415,1.26445,1.26438,1.264585
2017-10-23 11:03:00,1.264495,1.26442,1.264385,1.2645
2017-10-23 11:04:00,1.26441,1.264525,1.26441,1.264525
2017-10-23 11:05:00,1.264235,1.2644,1.26413,1.264405
2017-10-23 11:06:00,1.264235,1.26424,1.26421,1.26434
2017-10-23 11:07:00,1.26433,1.26422,1.26422,1.264345
2017-10-23 11:08:00,1.26434,1.264335,1.264305,1.26443
2017-10-23 11:09:00,1.26452,1.264335,1.264295,1.26452
2017-10-23 11:10:00,1.264505,1.264525,1.264475,1.2646
2017-10-23 11:11:00,1.264715,1.26449,1.26449,1.26472
2017-10-23 11:12:00,1.26466,1.264685,1.264605,1.264685
2017-10-23 11:13:00,1.26476,1.26472,1.26468,1.26481
2017-10-23 11:14:00,1.264785,1.26476,1.26462,1.264785
2017-10-23 11:15:00,1.265305,1.26481,1.26475,1.26546
2017-10-23 11:16:00,1.26507,1.2653,1.264925,1.265325
2017-10-23 11:17:00,1.265155,1.265085,1.265055,1.265255
2017-10-23 11:18:00,1.265025,1.265125,1.26497,1.265125
2017-10-23 11:19:00,1.265215,1.264975,1.26495,1.265215
2017-10-23 11:20:00,1.265265,1.26527,1.26513,1.26539
2017-10-23 11:21:00,1.265485,1.265265,1.265265,1.26561
2017-10-23 11:22:00,1.26589,1.26548,1.26548,1.26589
2017-10-23 11:23:00,1.265825,1.2659,1.265655,1.265955
2017-10-23 11:24:00,1.265695,1.265815,1.265675,1.26587
2017-10-23 11:25:00,1.26557,1.265675,1.265535,1.265675
2017-10-23 11:26:00,1.265435,1.26555,1.265425,1.26555
2017-10-23 11:27:00,1.265515,1.26543,1.26542,1.26559
2017-10-23 11:28:00,1.265415,1.265515,1.265345,1.265525
2017-10-23 11:29:00,1.265435,1.2654,1.265345,1.265555
2017-10-23 11:30:00,1.26558,1.26544,1.26538,1.26567
2017-10-23 11:31:00,1.26559,1.265565,1.26549,1.265715
2017-10-23 11:32:00,1.265675,1.265585,1.265575,1.26571
2017-10-23 11:33:00,1.265895,1.26569,1.26565,1.26591
2017-10-23 11:34:00,1.265745,1.265905,1.26573,1.26591
2017-10-23 11:35:00,1.265735,1.265715,1.26558,1.26581
2017-10-23 11:36:00,1.26571,1.265725,1.26571,1.26579
2017-10-23 11:37:00,1.265785,1.26576,1.265755,1.265805
2017-10-23 11:38:00,1.265975,1.26583,1.26583,1.265995
2017-10-23 11:39:00,1.265725,1.265945,1.265715,1.26601
2017-10-23 11:40:00,1.26582,1.26572,1.26571,1.265865
2017-10-23 11:41:00,1.265715,1.265805,1.265665,1.26583
2017-10-23 11:42:00,1.265545,1.2657,1.26552,1.26575
2017-10-23 11:43:00,1.265505,1.26552,1.265495,1.26568
2017-10-23 11:44:00,1.26539,1.26549,1.26537,1.265515
2017-10-23 11:45:00,1.26539,1.26539,1.26538,1.265415
2017-10-23 11:46:00,1.265345,1.265395,1.265345,1.26541
2017-10-23 11:47:00,1.265355,1.26534,1.265335,1.265355
2017-10-23 11:48:00,1.265355,1.265335,1.265285,1.265355
2017-10-23 11:49:00,1.265445,1.26538,1.265375,1.265455
2017-10-23 11:50:00,1.26537,1.265395,1.26537,1.265445
2017-10-23 11:51:00,1.265305,1.26539,1.2653,1.26539
2017-10-23 11:52:00,1.265095,1.265265,1.26489,1.265265
2017-10-23 11:53:00,1.264995,1.265075,1.26499,1.265075
2017-10-23 11:54:00,1.265035,1.26499,1.26497,1.265135
2017-10-23 11:55:00,1.26493,1.26497,1.2649,1.26499
2017-10-23 11:56:00,1.264855,1.26492,1.264775,1.26492
2017-10-23 11:57:00,1.26437,1.26485,1.26436,1.26496
2017-10-23 11:58:00,1.26438,1.26439,1.26425,1.26446
2017-10-23 11:59:00,1.26443,1.264385,1.26435,1.2646
2017-10-23 12:00:00,1.26451,1.26443,1.26436,1.26467
2017-10-23 12:01:00,1.26473,1.26451,1.26441,1.26475
2017-10-23 12:02:00,1.26478,1.26473,1.26467,1.26483
2017-10-23 12:03:00,1.265,1.26483,1.26478,1.265005
2017-10-23 12:04:00,1.265235,1.265,1.2649,1.26526
2017-10-23 12:05:00,1.26513,1.26526,1.265105,1.26526
2017-10-23 12:06:00,1.26528,1.265135,1.265065,1.265305
2017-10-23 12:07:00,1.265285,1.265285,1.265215,1.265315
2017-10-23 12:08:00,1.26523,1.26529,1.26521,1.26545
2017-10-23 12:09:00,1.265075,1.26522,1.265055,1.265225
2017-10-23 12:10:00,1.264905,1.26508,1.264885,1.26509
2017-10-23 12:11:00,1.264965,1.264935,1.264825,1.265005
2017-10-23 12:12:00,1.26496,1.264965,1.26492,1.26498
2017-10-23 12:13:00,1.264935,1.264965,1.26491,1.264965
2017-10-23 12:14:00,1.26484,1.264955,1.26479,1.26505
2017-10-23 12:15:00,1.26477,1.26484,1.26473,1.26484
2017-10-23 12:16:00,1.264745,1.264775,1.264705,1.264785
2017-10-23 12:17:00,1.26464,1.264705,1.264615,1.264715
2017-10-23 12:18:00,1.264825,1.264645,1.264585,1.264945
2017-10-23 12:19:00,1.26485,1.26487,1.26485,1.264925
2017-10-23 12:20:00,1.26482,1.26482,1.26482,1.26482
2017-10-23 12:21:00,1.265005,1.26485,1.26485,1.26506
2017-10-23 12:22:00,1.265065,1.265,1.265,1.265075
2017-10-23 12:23:00,1.26519,1.26508,1.265075,1.265215
2017-10-23 12:24:00,1.265055,1.265205,1.26504,1.265205
2017-10-23 12:25:00,1.2649,1.26506,1.2649,1.265125
2017-10-23 12:26:00,1.26465,1.264905,1.26462,1.264915
2017-10-23 12:27:00,1.26463,1.264675,1.26463,1.264745
2017-10-23 12:28:00,1.264765,1.264605,1.264605,1.264835
2017-10-23 12:29:00,1.26473,1.264765,1.26459,1.26478
2017-10-23 12:30:00,1.26488,1.26474,1.26469,1.26494
2017-10-23 12:31:00,1.264675,1.26489,1.26467,1.264895
2017-10-23 12:32:00,1.26477,1.264665,1.26465,1.26488
2017-10-23 12:33:00,1.264725,1.264765,1.264725,1.264785
2017-10-23 12:34:00,1.26463,1.26468,1.26463,1.26468
2017-10-23 12:35:00,1.264435,1.264575,1.264435,1.264605
2017-10-23 12:36:00,1.264325,1.26445,1.26432,1.26449
2017-10-23 12:37:00,1.26435,1.26435,1.26431,1.2644
2017-10-23 12:38:00,1.264605,1.2644,1.2644,1.26461
2017-10-23 12:39:00,1.264545,1.26461,1.264545,1.264625
2017-10-23 12:40:00,1.26454,1.26456,1.264485,1.26457
2017-10-23 12:41:00,1.26409,1.264545,1.264025,1.26455
2017-10-23 12:42:00,1.263945,1.26413,1.263945,1.26418
2017-10-23 12:43:00,1.264225,1.263925,1.263925,1.26424
2017-10-23 12:44:00,1.264355,1.26428,1.264225,1.26436
2017-10-23 12:45:00,1.26439,1.26441,1.26437,1.264425
2017-10-23 12:46:00,1.264455,1.26445,1.264435,1.264485
2017-10-23 12:47:00,1.264385,1.264455,1.264375,1.264455
2017-10-23 12:48:00,1.264355,1.264385,1.264345,1.264425
2017-10-23 12:49:00,1.264385,1.264375,1.26436,1.264445
2017-10-23 12:50:00,1.264475,1.26439,1.264295,1.2645
2017-10-23 12:51:00,1.26457,1.26446,1.264445,1.264625
2017-10-23 12:52:00,1.264515,1.264565,1.264485,1.264585
2017-10-23 12:53:00,1.26447,1.26452,1.26446,1.26454
2017-10-23 12:54:00,1.26452,1.264475,1.2644,1.26455
2017-10-23 12:55:00,1.26449,1.264515,1.264465,1.264515
2017-10-23 12:56:00,1.264485,1.264495,1.26445,1.264505
2017-10-23 12:57:00,1.264515,1.264485,1.26447,1.26458
2017-10-23 12:58:00,1.264455,1.264565,1.264425,1.26457
2017-10-23 12:59:00,1.2643,1.264455,1.2643,1.264585
2017-10-23 13:00:00,1.264265,1.264305,1.26423,1.264355
2017-10-23 13:01:00,1.264305,1.26429,1.264265,1.26438
2017-10-23 13:02:00,1.264185,1.26425,1.264185,1.264255
2017-10-23 13:03:00,1.264395,1.2642,1.26419,1.26444
2017-10-23 13:04:00,1.2646,1.264445,1.264445,1.264615
2017-10-23 13:05:00,1.26459,1.264595,1.26458,1.26465
2017-10-23 13:06:00,1.264585,1.26454,1.26453,1.264585
2017-10-23 13:07:00,1.264605,1.26458,1.26458,1.264605
2017-10-23 13:08:00,1.26469,1.26455,1.26448,1.26469
2017-10-23 13:09:00,1.26491,1.26472,1.26472,1.26491
2017-10-23 13:10:00,1.264835,1.264915,1.264745,1.265005
2017-10-23 13:11:00,1.264835,1.264855,1.26483,1.264875
2017-10-23 13:12:00,1.264915,1.26483,1.264735,1.264955
2017-10-23 13:13:00,1.26496,1.26492,1.264915,1.264975
2017-10-23 13:14:00,1.26495,1.264945,1.264925,1.265
2017-10-23 13:15:00,1.26496,1.26494,1.264935,1.265035
2017-10-23 13:16:00,1.264765,1.264975,1.26474,1.264975
2017-10-23 13:17:00,1.26488,1.26478,1.26478,1.264885
2017-10-23 13:18:00,1.264965,1.264875,1.264875,1.264965
2017-10-23 13:19:00,1.264995,1.264965,1.26496,1.264995
2017-10-23 13:20:00,1.264955,1.26497,1.264925,1.264995
2017-10-23 13:21:00,1.26485,1.264945,1.26485,1.264955
2017-10-23 13:22:00,1.26483,1.26484,1.264765,1.26485
2017-10-23 13:23:00,1.26492,1.264885,1.26482,1.26492
2017-10-23 13:24:00,1.26496,1.26494,1.26488,1.264965
2017-10-23 13:25:00,1.265005,1.265005,1.26498,1.265025
2017-10-23 13:26:00,1.264975,1.264995,1.26495,1.26505
2017-10-23 13:27:00,1.26488,1.264985,1.26488,1.26499
2017-10-23 13:28:00,1.264985,1.264875,1.264875,1.265045
2017-10-23 13:29:00,1.26529,1.26499,1.26499,1.265295
2017-10-23 13:30:00,1.26531,1.265295,1.26526,1.26537
2017-10-23 13:31:00,1.265035,1.265305,1.26503,1.265305
2017-10-23 13:32:00,1.265075,1.26503,1.26502,1.265095
2017-10-23 13:33:00,1.26511,1.265125,1.2651,1.26517
2017-10-23 13:34:00,1.265085,1.26507,1.265035,1.2651
2017-10-23 13:35:00,1.26511,1.26508,1.26508,1.265155
2017-10-23 13:36:00,1.26506,1.26509,1.265055,1.26511
2017-10-23 13:37:00,1.2651,1.26504,1.265035,1.265105
2017-10-23 13:38:00,1.265095,1.265095,1.265045,1.26517
2017-10-23 13:39:00,1.265155,1.2651,1.26506,1.26519
2017-10-23 13:40:00,1.26517,1.26521,1.265165,1.265225
2017-10-23 13:41:00,1.265165,1.265185,1.265165,1.265185
2017-10-23 13:42:00,1.265065,1.26518,1.26505,1.26518
2017-10-23 13:43:00,1.265085,1.265085,1.265045,1.26517
2017-10-23 13:44:00,1.265115,1.265065,1.265065,1.26513
2017-10-23 13:45:00,1.26508,1.265105,1.265075,1.26511
2017-10-23 13:46:00,1.265065,1.265085,1.26506,1.26516
2017-10-23 13:47:00,1.265035,1.26505,1.26503,1.26505
2017-10-23 13:48:00,1.26513,1.265015,1.265015,1.26514
2017-10-23 13:49:00,1.26508,1.26512,1.26508,1.265125
2017-10-23 13:50:00,1.26507,1.265025,1.265005,1.26507
2017-10-23 13:51:00,1.26507,1.265025,1.265005,1.26507
2017-10-23 13:52:00,1.26512,1.265095,1.265095,1.26512
2017-10-23 13:53:00,1.265135,1.26514,1.26511,1.26521
2017-10-23 13:54:00,1.265035,1.26508,1.265025,1.26511
2017-10-23 13:55:00,1.26506,1.26503,1.265025,1.26509
2017-10-23 13:56:00,1.26481,1.26504,1.2648,1.26504
2017-10-23 13:57:00,1.26491,1.264865,1.264835,1.26491
2017-10-23 13:58:00,1.26504,1.264855,1.26485,1.265095
2017-10-23 13:59:00,1.26504,1.264855,1.26485,1.265095
2017-10-23 14:00:00,1.26522,1.265035,1.265035,1.26522
2017-10-23 14:01:00,1.26513,1.265245,1.26512,1.265245
2017-10-23 14:02:00,1.265075,1.26508,1.265075,1.26508
2017-10-23 14:03:00,1.26505,1.265085,1.26504,1.265085
2017-10-23 14:04:00,1.265015,1.265045,1.265015,1.265075
2017-10-23 14:05:00,1.265045,1.265045,1.265045,1.265045
2017-10-23 14:06:00,1.265075,1.265105,1.265065,1.265135
2017-10-23 14:07:00,1.26508,1.26508,1.26508,1.26508
2017-10-23 14:08:00,1.26509,1.265135,1.26509,1.265185
2017-10-23 14:09:00,1.264935,1.265095,1.264935,1.265115
2017-10-23 14:10:00,1.264925,1.264955,1.26492,1.26498
2017-10-23 14:11:00,1.265075,1.26493,1.26492,1.265105
2017-10-23 14:12:00,1.26501,1.26508,1.264995,1.26508
2017-10-23 14:13:00,1.265215,1.264955,1.26493,1.265225
2017-10-23 14:14:00,1.26558,1.265215,1.26521,1.265585
2017-10-23 14:15:00,1.265435,1.265585,1.265415,1.265585
2017-10-23 14:16:00,1.26528,1.26544,1.26527,1.26549
2017-10-23 14:17:00,1.265055,1.26526,1.26503,1.26529
2017-10-23 14:18:00,1.265115,1.26506,1.265,1.265115
2017-10-23 14:19:00,1.265105,1.2651,1.265085,1.26511
2017-10-23 14:20:00,1.26509,1.265055,1.26499,1.2651
2017-10-23 14:21:00,1.26495,1.265085,1.264945,1.265145
2017-10-23 14:22:00,1.265095,1.264975,1.264965,1.265135
2017-10-23 14:23:00,1.26509,1.26504,1.26495,1.265095
2017-10-23 14:24:00,1.265015,1.26508,1.265015,1.265095
2017-10-23 14:25:00,1.264915,1.26496,1.26486,1.26496
2017-10-23 14:26:00,1.26481,1.264915,1.26481,1.26492
2017-10-23 14:27:00,1.264885,1.2648,1.264775,1.264885
2017-10-23 14:28:00,1.264905,1.264835,1.264805,1.264915
2017-10-23 14:29:00,1.26481,1.264875,1.264805,1.26491
2017-10-23 14:30:00,1.264785,1.264805,1.264785,1.26486
2017-10-23 14:31:00,1.26473,1.26478,1.264725,1.26479
2017-10-23 14:32:00,1.26467,1.264675,1.264625,1.26468
2017-10-23 14:33:00,1.26465,1.264675,1.26456,1.264675
2017-10-23 14:34:00,1.26459,1.26466,1.264545,1.26466
2017-10-23 14:35:00,1.26455,1.26458,1.26455,1.26466
2017-10-23 14:36:00,1.26457,1.26458,1.26454,1.264605
2017-10-23 14:37:00,1.264555,1.26462,1.26454,1.264625
2017-10-23 14:38:00,1.264655,1.26457,1.26455,1.26466
2017-10-23 14:39:00,1.2646,1.264655,1.26459,1.264655
2017-10-23 14:40:00,1.26465,1.264595,1.264595,1.264655
2017-10-23 14:41:00,1.264585,1.26467,1.264585,1.264675
2017-10-23 14:42:00,1.2646,1.264555,1.2645,1.264615
2017-10-23 14:43:00,1.26466,1.2646,1.26457,1.264695
2017-10-23 14:44:00,1.264575,1.26466,1.26457,1.264665
2017-10-23 14:45:00,1.26428,1.26452,1.264275,1.264525
2017-10-23 14:46:00,1.264335,1.26429,1.26427,1.26437
2017-10-23 14:47:00,1.2643,1.26434,1.2643,1.26434
2017-10-23 14:48:00,1.26428,1.264325,1.26427,1.264365
2017-10-23 14:49:00,1.2643,1.264295,1.264285,1.26433
2017-10-23 14:50:00,1.264215,1.26425,1.264205,1.26426
2017-10-23 14:51:00,1.26423,1.26421,1.26421,1.26423
2017-10-23 14:52:00,1.26423,1.26422,1.264215,1.264285
2017-10-23 14:53:00,1.26427,1.26425,1.26425,1.26431
2017-10-23 14:54:00,1.264255,1.264265,1.264115,1.264275
2017-10-23 14:55:00,1.26409,1.26423,1.264065,1.26423
2017-10-23 14:56:00,1.263955,1.264105,1.26392,1.264105
2017-10-23 14:57:00,1.264095,1.26395,1.26394,1.264185
2017-10-23 14:58:00,1.26409,1.26411,1.26409,1.26411
2017-10-23 14:59:00,1.263945,1.264145,1.263945,1.264165
2017-10-23 15:00:00,1.26413,1.26397,1.263965,1.26418
2017-10-23 15:01:00,1.26397,1.26413,1.263965,1.26417
2017-10-23 15:02:00,1.2641,1.26399,1.26399,1.264155
2017-10-23 15:03:00,1.263975,1.264105,1.263975,1.264105
2017-10-23 15:04:00,1.26415,1.264025,1.26402,1.264185
2017-10-23 15:05:00,1.26415,1.264155,1.26415,1.26416
2017-10-23 15:06:00,1.264135,1.26417,1.26411,1.264235
2017-10-23 15:07:00,1.264165,1.264165,1.264165,1.264165
2017-10-23 15:08:00,1.264495,1.264225,1.264225,1.264495
2017-10-23 15:09:00,1.26446,1.264495,1.264455,1.264505
2017-10-23 15:10:00,1.26436,1.26447,1.26433,1.26448
2017-10-23 15:11:00,1.26435,1.26433,1.26421,1.26435
2017-10-23 15:12:00,1.26449,1.264355,1.264345,1.264495
2017-10-23 15:13:00,1.26455,1.264545,1.26452,1.264605
2017-10-23 15:14:00,1.26459,1.264565,1.264525,1.2646
2017-10-23 15:15:00,1.2645,1.264595,1.26445,1.264605
2017-10-23 15:16:00,1.2644,1.26448,1.264355,1.264495
2017-10-23 15:17:00,1.26438,1.264345,1.26432,1.264445
2017-10-23 15:18:00,1.26446,1.26439,1.264355,1.26451
2017-10-23 15:19:00,1.26438,1.264455,1.26438,1.264455
2017-10-23 15:20:00,1.264435,1.264385,1.264365,1.264445
2017-10-23 15:21:00,1.264305,1.26444,1.264295,1.26444
2017-10-23 15:22:00,1.264305,1.26444,1.264295,1.26444
2017-10-23 15:23:00,1.26429,1.26426,1.264245,1.26429
2017-10-23 15:24:00,1.264285,1.264285,1.264275,1.2643
2017-10-23 15:25:00,1.264225,1.26428,1.2642,1.264285
2017-10-23 15:26:00,1.264175,1.26422,1.264145,1.264225
2017-10-23 15:27:00,1.2642,1.26417,1.264165,1.264205
2017-10-23 15:28:00,1.26419,1.264195,1.26418,1.264205
2017-10-23 15:29:00,1.26428,1.264205,1.264195,1.264295
2017-10-23 15:30:00,1.26417,1.264275,1.26412,1.264275
2017-10-23 15:31:00,1.26415,1.26415,1.26415,1.26415
2017-10-23 15:32:00,1.26415,1.26415,1.26415,1.26415
2017-10-23 15:33:00,1.264095,1.264125,1.263985,1.264165
2017-10-23 15:34:00,1.26398,1.264055,1.26398,1.264055
2017-10-23 15:35:00,1.264005,1.264005,1.264005,1.264005
2017-10-23 15:36:00,1.2641,1.26395,1.26395,1.264135
2017-10-23 15:37:00,1.264095,1.2641,1.26408,1.26413
2017-10-23 15:38:00,1.264155,1.264105,1.264085,1.264225
2017-10-23 15:39:00,1.264215,1.26414,1.26413,1.264215
2017-10-23 15:40:00,1.26425,1.264195,1.264195,1.26428
2017-10-23 15:41:00,1.2642,1.264235,1.2642,1.26429
2017-10-23 15:42:00,1.26429,1.2642,1.264195,1.264305
2017-10-23 15:43:00,1.264285,1.264285,1.264265,1.264295
2017-10-23 15:44:00,1.26421,1.26428,1.264205,1.264305
2017-10-23 15:45:00,1.26438,1.264225,1.264225,1.264415
2017-10-23 15:46:00,1.264305,1.264375,1.264305,1.264375
2017-10-23 15:47:00,1.264425,1.264355,1.264355,1.264435
2017-10-23 15:48:00,1.26442,1.264435,1.26442,1.264435
2017-10-23 15:49:00,1.26451,1.264435,1.264425,1.26451
2017-10-23 15:50:00,1.26433,1.26449,1.26433,1.264565
2017-10-23 15:51:00,1.26455,1.264325,1.264325,1.264555
2017-10-23 15:52:00,1.26453,1.26455,1.26453,1.2646
2017-10-23 15:53:00,1.264655,1.264545,1.26454,1.26466
2017-10-23 15:54:00,1.264405,1.2646,1.264395,1.2646
2017-10-23 15:55:00,1.264525,1.26441,1.2644,1.264595
2017-10-23 15:56:00,1.26457,1.26447,1.264465,1.26465
2017-10-23 15:57:00,1.264465,1.264575,1.264385,1.264575
2017-10-23 15:58:00,1.26446,1.264455,1.264325,1.264475
2017-10-23 15:59:00,1.26447,1.26444,1.26434,1.26448
2017-10-23 16:00:00,1.264525,1.264485,1.26441,1.264525
2017-10-23 16:01:00,1.26444,1.26452,1.26444,1.26452
2017-10-23 16:02:00,1.264415,1.264435,1.264305,1.26444
2017-10-23 16:03:00,1.26455,1.26447,1.264465,1.264685
2017-10-23 16:04:00,1.26456,1.26453,1.26452,1.264585
2017-10-23 16:05:00,1.2646,1.26456,1.264555,1.2646
2017-10-23 16:06:00,1.264625,1.264605,1.26457,1.264645
2017-10-23 16:07:00,1.26468,1.26468,1.26468,1.26468
2017-10-23 16:08:00,1.264865,1.26474,1.26474,1.264905
2017-10-23 16:09:00,1.26482,1.264845,1.264765,1.264915
2017-10-23 16:10:00,1.264925,1.26485,1.26485,1.26503
2017-10-23 16:11:00,1.264885,1.264975,1.264885,1.264995
2017-10-23 16:12:00,1.264895,1.264885,1.264845,1.26493
2017-10-23 16:13:00,1.264835,1.264845,1.264815,1.26486
2017-10-23 16:14:00,1.264935,1.264835,1.26482,1.264935
2017-10-23 16:15:00,1.264975,1.26493,1.264915,1.264975
2017-10-23 16:16:00,1.26502,1.26497,1.26496,1.265025
2017-10-23 16:17:00,1.26509,1.265015,1.26498,1.2651
2017-10-23 16:18:00,1.265115,1.265095,1.265085,1.265195
2017-10-23 16:19:00,1.265115,1.265095,1.265085,1.265195
2017-10-23 16:20:00,1.265035,1.26509,1.26503,1.26509
2017-10-23 16:21:00,1.265075,1.26503,1.265025,1.26509
2017-10-23 16:22:00,1.265345,1.26509,1.26508,1.265355
2017-10-23 16:23:00,1.265345,1.265345,1.265345,1.265345
2017-10-23 16:24:00,1.265285,1.26529,1.265175,1.265295
2017-10-23 16:25:00,1.265275,1.265275,1.26527,1.265295
2017-10-23 16:26:00,1.26524,1.265255,1.26519,1.265255
2017-10-23 16:27:00,1.26517,1.26522,1.265165,1.26522
2017-10-23 16:28:00,1.26507,1.26517,1.26506,1.265175
2017-10-23 16:29:00,1.265025,1.265065,1.265025,1.265115
2017-10-23 16:30:00,1.26502,1.265005,1.265005,1.26503
2017-10-23 16:31:00,1.265025,1.265025,1.264995,1.26509
2017-10-23 16:32:00,1.26499,1.26502,1.26497,1.265025
2017-10-23 16:33:00,1.264995,1.264985,1.26498,1.265
2017-10-23 16:34:00,1.26503,1.265035,1.265005,1.265125
2017-10-23 16:35:00,1.264965,1.26499,1.264965,1.26502
2017-10-23 16:36:00,1.26497,1.26495,1.264935,1.26503
2017-10-23 16:37:00,1.265,1.264975,1.26497,1.26501
2017-10-23 16:38:00,1.264915,1.265,1.26491,1.265005
2017-10-23 16:39:00,1.26488,1.26491,1.26488,1.26511
2017-10-23 16:40:00,1.26483,1.26487,1.264805,1.2649
2017-10-23 16:41:00,1.26488,1.26485,1.26485,1.26491
2017-10-23 16:42:00,1.264875,1.26489,1.26485,1.26489
2017-10-23 16:43:00,1.264785,1.264825,1.26474,1.264825
2017-10-23 16:44:00,1.264805,1.264795,1.26479,1.264805
2017-10-23 16:45:00,1.264845,1.264805,1.264805,1.264845
2017-10-23 16:46:00,1.26492,1.26487,1.26487,1.26492
2017-10-23 16:47:00,1.2649,1.26486,1.26485,1.2649
2017-10-23 16:48:00,1.264955,1.264875,1.26485,1.264965
2017-10-23 16:49:00,1.264735,1.264895,1.264735,1.264895
2017-10-23 16:50:00,1.26488,1.26474,1.264735,1.26489
2017-10-23 16:51:00,1.264905,1.264885,1.26485,1.26491
2017-10-23 16:52:00,1.26493,1.26496,1.26492,1.26497
2017-10-23 16:53:00,1.264985,1.264985,1.26491,1.265
2017-10-23 16:54:00,1.265025,1.26498,1.26498,1.26505
2017-10-23 16:55:00,1.264835,1.265005,1.2648,1.265015
2017-10-23 16:56:00,1.26481,1.264825,1.26474,1.264835
2017-10-23 16:57:00,1.264785,1.264785,1.26474,1.264815
2017-10-23 16:58:00,1.26478,1.264795,1.26475,1.2648
2017-10-23 17:04:00,1.264535,1.26453,1.26453,1.264535
2017-10-23 17:05:00,1.264535,1.26453,1.26453,1.264535
2017-10-23 17:06:00,1.264605,1.26455,1.264525,1.264605
2017-10-23 17:07:00,1.26475,1.264635,1.264565,1.26475
2017-10-23 17:08:00,1.26475,1.264635,1.264565,1.26475
2017-10-23 17:09:00,1.26475,1.264635,1.264565,1.26475
2017-10-23 17:10:00,1.264785,1.264785,1.264785,1.264785
2017-10-23 17:11:00,1.264785,1.264785,1.264785,1.264785
2017-10-23 17:12:00,1.264785,1.264785,1.264785,1.264785
2017-10-23 17:13:00,1.264705,1.264815,1.264705,1.264815
2017-10-23 17:14:00,1.264685,1.264685,1.264685,1.264685
2017-10-23 17:15:00,1.26469,1.26468,1.26467,1.264695
2017-10-23 17:16:00,1.264685,1.264695,1.264685,1.2647
2017-10-23 17:17:00,1.26471,1.26468,1.26467,1.26473
2017-10-23 17:18:00,1.264715,1.26471,1.264705,1.26472
2017-10-23 17:19:00,1.26472,1.26471,1.26471,1.26472
2017-10-23 17:20:00,1.264725,1.264725,1.264725,1.264725
2017-10-23 17:21:00,1.26477,1.26473,1.264725,1.26478
2017-10-23 17:22:00,1.26478,1.264775,1.264775,1.26478
2017-10-23 17:23:00,1.26479,1.26479,1.26479,1.26479
2017-10-23 17:24:00,1.26478,1.26478,1.26478,1.26478
2017-10-23 17:25:00,1.26478,1.26478,1.26478,1.26478
2017-10-23 17:26:00,1.26478,1.26478,1.26478,1.26478
2017-10-23 17:27:00,1.2648,1.264805,1.264795,1.26481
2017-10-23 17:28:00,1.264785,1.26479,1.26478,1.264795
2017-10-23 17:29:00,1.264785,1.264785,1.26474,1.264865
2017-10-23 17:30:00,1.264855,1.264855,1.264855,1.264855
2017-10-23 17:31:00,1.264855,1.264855,1.264855,1.264855
2017-10-23 17:32:00,1.26476,1.264885,1.264755,1.264915
2017-10-23 17:33:00,1.26484,1.26479,1.26477,1.26486
2017-10-23 17:34:00,1.264855,1.264855,1.264855,1.264855
2017-10-23 17:35:00,1.26483,1.26484,1.264815,1.26484
2017-10-23 17:36:00,1.264845,1.264835,1.264835,1.26485
2017-10-23 17:37:00,1.26487,1.26484,1.2648,1.26487
2017-10-23 17:38:00,1.264815,1.26484,1.264815,1.26484
2017-10-23 17:39:00,1.26485,1.2649,1.26485,1.26498
2017-10-23 17:40:00,1.26485,1.2649,1.26485,1.26498
2017-10-23 17:41:00,1.26485,1.2649,1.26485,1.26498
2017-10-23 17:42:00,1.26485,1.2649,1.26485,1.26498
2017-10-23 17:43:00,1.26485,1.2649,1.26485,1.26498
2017-10-23 17:44:00,1.26485,1.2649,1.26485,1.26498
2017-10-23 17:45:00,1.26485,1.2649,1.26485,1.26498
2017-10-23 17:46:00,1.26485,1.2649,1.26485,1.26498
2017-10-23 17:47:00,1.26468,1.26478,1.26467,1.26478
2017-10-23 17:48:00,1.264645,1.264675,1.264645,1.264675
2017-10-23 17:49:00,1.264665,1.26464,1.264635,1.264665
2017-10-23 17:50:00,1.26466,1.264665,1.26465,1.264675
2017-10-23 17:51:00,1.26466,1.26466,1.264655,1.264675
2017-10-23 17:52:00,1.26465,1.26467,1.26465,1.26467
2017-10-23 17:53:00,1.264655,1.264655,1.264655,1.264655
2017-10-23 17:54:00,1.26466,1.264655,1.26465,1.264665
2017-10-23 17:55:00,1.264655,1.26465,1.264645,1.26466
2017-10-23 17:56:00,1.264655,1.264655,1.26464,1.26467
2017-10-23 17:57:00,1.264655,1.264655,1.26465,1.26466
2017-10-23 17:58:00,1.26469,1.26469,1.26469,1.26469
2017-10-23 17:59:00,1.26464,1.264665,1.264635,1.26467
2017-10-23 18:00:00,1.264795,1.264715,1.264715,1.264805
2017-10-23 18:01:00,1.264595,1.26479,1.26452,1.26479
2017-10-23 18:02:00,1.26466,1.26459,1.26459,1.26468
2017-10-23 18:03:00,1.264645,1.264665,1.264625,1.264675
2017-10-23 18:04:00,1.26471,1.264635,1.26463,1.264715
2017-10-23 18:05:00,1.264725,1.264715,1.2647,1.264735
2017-10-23 18:06:00,1.26473,1.264725,1.264715,1.264735
2017-10-23 18:07:00,1.26468,1.26468,1.26468,1.26468
2017-10-23 18:08:00,1.26468,1.26468,1.26468,1.26468
2017-10-23 18:09:00,1.2647,1.2647,1.2647,1.2647
2017-10-23 18:10:00,1.26466,1.26472,1.26465,1.26472
2017-10-23 18:11:00,1.264595,1.26464,1.264585,1.26465
2017-10-23 18:12:00,1.26459,1.2646,1.264585,1.2646
2017-10-23 18:13:00,1.26458,1.26459,1.26458,1.26459
2017-10-23 18:14:00,1.26466,1.264585,1.264585,1.264665
2017-10-23 18:15:00,1.264615,1.26466,1.264605,1.26468
2017-10-23 18:16:00,1.264605,1.26461,1.264595,1.264625
2017-10-23 18:17:00,1.26461,1.2646,1.264595,1.264615
2017-10-23 18:18:00,1.2646,1.2646,1.264595,1.264605
2017-10-23 18:19:00,1.26464,1.26461,1.264485,1.26464
2017-10-23 18:20:00,1.26464,1.26461,1.264485,1.26464
2017-10-23 18:21:00,1.26464,1.26461,1.264485,1.26464
2017-10-23 18:22:00,1.264595,1.26462,1.264595,1.26462
2017-10-23 18:23:00,1.264595,1.26462,1.264595,1.26462
2017-10-23 18:24:00,1.264595,1.26462,1.264595,1.26462
2017-10-23 18:25:00,1.264465,1.264535,1.26443,1.26454
2017-10-23 18:26:00,1.264465,1.264535,1.26443,1.26454
2017-10-23 18:27:00,1.264465,1.264445,1.264425,1.264465
2017-10-23 18:28:00,1.2644,1.26446,1.2644,1.26446
2017-10-23 18:29:00,1.264415,1.264405,1.264405,1.26444
2017-10-23 18:30:00,1.264345,1.264395,1.264325,1.264405
2017-10-23 18:31:00,1.264495,1.264355,1.26434,1.26451
2017-10-23 18:32:00,1.2645,1.2645,1.2645,1.2645
2017-10-23 18:33:00,1.26453,1.264495,1.264485,1.26455
2017-10-23 18:34:00,1.264545,1.26454,1.26453,1.26459
2017-10-23 18:35:00,1.26454,1.264535,1.26452,1.264555
2017-10-23 18:36:00,1.26455,1.26454,1.264475,1.26455
2017-10-23 18:37:00,1.26455,1.26454,1.264475,1.26455
2017-10-23 18:38:00,1.264615,1.26461,1.264605,1.26463
2017-10-23 18:39:00,1.26461,1.2646,1.264595,1.264615
2017-10-23 18:40:00,1.264615,1.264615,1.264615,1.264615
2017-10-23 18:41:00,1.264555,1.26462,1.264555,1.26463
2017-10-23 18:42:00,1.264555,1.26462,1.264555,1.26463
2017-10-23 18:43:00,1.264555,1.26462,1.264555,1.26463
2017-10-23 18:44:00,1.264555,1.26462,1.264555,1.26463
2017-10-23 18:45:00,1.264555,1.26462,1.264555,1.26463
2017-10-23 18:46:00,1.264555,1.26462,1.264555,1.26463
2017-10-23 18:47:00,1.264555,1.26462,1.264555,1.26463
2017-10-23 18:48:00,1.264555,1.26462,1.264555,1.26463
2017-10-23 18:49:00,1.264555,1.26462,1.264555,1.26463
2017-10-23 18:50:00,1.264555,1.26462,1.264555,1.26463
2017-10-23 18:51:00,1.26458,1.26458,1.26458,1.26458
2017-10-23 18:52:00,1.2645,1.26452,1.2645,1.26452
2017-10-23 18:53:00,1.264495,1.26449,1.26448,1.264515
2017-10-23 18:54:00,1.26437,1.264435,1.26436,1.264435
2017-10-23 18:55:00,1.26438,1.26438,1.264365,1.264395
2017-10-23 18:56:00,1.264415,1.26438,1.26436,1.264415
2017-10-23 18:57:00,1.264485,1.26448,1.264475,1.264485
2017-10-23 18:58:00,1.26449,1.26448,1.264475,1.264495
2017-10-23 18:59:00,1.264515,1.264485,1.26448,1.264525
2017-10-23 19:00:00,1.264495,1.264505,1.26449,1.264525
2017-10-23 19:01:00,1.26446,1.264505,1.26446,1.26452
2017-10-23 19:02:00,1.2644,1.264395,1.26436,1.264405
2017-10-23 19:03:00,1.264385,1.264395,1.26438,1.264405
2017-10-23 19:04:00,1.26436,1.264395,1.264355,1.2644
2017-10-23 19:05:00,1.264395,1.26436,1.26435,1.264395
2017-10-23 19:06:00,1.264395,1.26436,1.26435,1.264395
2017-10-23 19:07:00,1.264395,1.26436,1.26435,1.264395
2017-10-23 19:08:00,1.264395,1.264395,1.264395,1.264395
2017-10-23 19:09:00,1.264395,1.264395,1.264395,1.264395
2017-10-23 19:10:00,1.264375,1.26437,1.264325,1.264405
2017-10-23 19:11:00,1.264395,1.264345,1.264345,1.264395
2017-10-23 19:12:00,1.264365,1.264415,1.264365,1.264415
2017-10-23 19:13:00,1.26437,1.26437,1.26437,1.26437
2017-10-23 19:14:00,1.26434,1.264365,1.264325,1.264375
2017-10-23 19:15:00,1.26429,1.264355,1.264285,1.26438
2017-10-23 19:16:00,1.264225,1.264285,1.26422,1.26429
2017-10-23 19:17:00,1.264165,1.26429,1.264165,1.264365
2017-10-23 19:18:00,1.264105,1.26419,1.264105,1.26419
2017-10-23 19:19:00,1.26399,1.26409,1.26394,1.26409
2017-10-23 19:20:00,1.26383,1.26397,1.26383,1.26397
2017-10-23 19:21:00,1.263855,1.26389,1.263855,1.263965
2017-10-23 19:22:00,1.26382,1.263805,1.2638,1.26382
2017-10-23 19:23:00,1.263795,1.263825,1.263775,1.26383
2017-10-23 19:24:00,1.26384,1.2638,1.263785,1.26384
2017-10-23 19:25:00,1.26384,1.2638,1.263785,1.26384
2017-10-23 19:26:00,1.263895,1.26391,1.263895,1.26399
2017-10-23 19:27:00,1.263935,1.26387,1.26387,1.263935
2017-10-23 19:28:00,1.26382,1.263935,1.263815,1.263985
2017-10-23 19:29:00,1.263815,1.263825,1.263815,1.263885
2017-10-23 19:30:00,1.26386,1.26381,1.26381,1.263885
2017-10-23 19:31:00,1.26388,1.263855,1.263855,1.263895
2017-10-23 19:32:00,1.26388,1.263875,1.263865,1.26391
2017-10-23 19:33:00,1.264075,1.263875,1.26387,1.264085
2017-10-23 19:34:00,1.26407,1.264075,1.26406,1.26408
2017-10-23 19:35:00,1.26406,1.264075,1.264035,1.264075
2017-10-23 19:36:00,1.2641,1.26406,1.26405,1.2641
2017-10-23 19:37:00,1.263985,1.26408,1.263985,1.26408
2017-10-23 19:38:00,1.26394,1.263965,1.26394,1.263965
2017-10-23 19:39:00,1.26394,1.263965,1.26394,1.263965
2017-10-23 19:40:00,1.26398,1.26396,1.26396,1.26398
2017-10-23 19:41:00,1.26403,1.264005,1.264005,1.264075
2017-10-23 19:42:00,1.264055,1.264035,1.264035,1.26407
2017-10-23 19:43:00,1.264,1.26405,1.263965,1.26406
2017-10-23 19:44:00,1.264175,1.26406,1.264055,1.26418
2017-10-23 19:45:00,1.264125,1.26418,1.26412,1.26419
2017-10-23 19:46:00,1.26423,1.264135,1.264115,1.26423
2017-10-23 19:47:00,1.26421,1.264235,1.26421,1.26427
2017-10-23 19:48:00,1.264035,1.264185,1.264025,1.264185
2017-10-23 19:49:00,1.26402,1.264075,1.26393,1.264075
2017-10-23 19:50:00,1.26402,1.26406,1.26402,1.26407
2017-10-23 19:51:00,1.26402,1.26406,1.26402,1.26407
2017-10-23 19:52:00,1.26402,1.26406,1.26402,1.26407
2017-10-23 19:53:00,1.26402,1.26406,1.26402,1.26407
2017-10-23 19:54:00,1.26412,1.26407,1.264065,1.26412
2017-10-23 19:55:00,1.2641,1.2641,1.264095,1.264105
2017-10-23 19:56:00,1.264085,1.264105,1.264085,1.264125
2017-10-23 19:57:00,1.264085,1.264105,1.264085,1.264125
2017-10-23 19:58:00,1.264085,1.264105,1.264085,1.264125
2017-10-23 19:59:00,1.264085,1.264105,1.264085,1.264125
2017-10-23 20:00:00,1.264035,1.264035,1.264035,1.264035
2017-10-23 20:01:00,1.26394,1.26404,1.263935,1.26409
2017-10-23 20:02:00,1.26397,1.26395,1.263945,1.263985
2017-10-23 20:03:00,1.26396,1.263965,1.26396,1.26398
2017-10-23 20:04:00,1.263895,1.263975,1.26389,1.263985
2017-10-23 20:05:00,1.26376,1.263895,1.263755,1.263915
2017-10-23 20:06:00,1.263775,1.26377,1.26377,1.263785
2017-10-23 20:07:00,1.26377,1.263795,1.26377,1.263855
2017-10-23 20:08:00,1.26385,1.26379,1.263755,1.26388
2017-10-23 20:09:00,1.263745,1.263855,1.26374,1.26391
2017-10-23 20:10:00,1.26374,1.26374,1.263735,1.26387
2017-10-23 20:11:00,1.26377,1.26377,1.26377,1.26377
2017-10-23 20:12:00,1.2638,1.263835,1.263785,1.263865
2017-10-23 20:13:00,1.263775,1.263805,1.263775,1.263825
2017-10-23 20:14:00,1.263815,1.263825,1.263765,1.26388
2017-10-23 20:15:00,1.26371,1.263815,1.26366,1.26382
2017-10-23 20:16:00,1.263745,1.263705,1.26364,1.263795
2017-10-23 20:17:00,1.263675,1.263685,1.263605,1.263695
2017-10-23 20:18:00,1.263585,1.263675,1.263565,1.26372
2017-10-23 20:19:00,1.26357,1.26358,1.263495,1.263585
2017-10-23 20:20:00,1.26357,1.263565,1.263565,1.26357
2017-10-23 20:21:00,1.26355,1.26352,1.263445,1.263555
2017-10-23 20:22:00,1.26357,1.26355,1.26349,1.26361
2017-10-23 20:23:00,1.26358,1.263575,1.2635,1.263615
2017-10-23 20:24:00,1.26358,1.263575,1.2635,1.263615
2017-10-23 20:25:00,1.26354,1.26356,1.26354,1.26356
2017-10-23 20:26:00,1.263625,1.26358,1.26358,1.263655
2017-10-23 20:27:00,1.263475,1.263575,1.263455,1.26358
2017-10-23 20:28:00,1.26347,1.26347,1.263465,1.263495
2017-10-23 20:29:00,1.263535,1.26349,1.263385,1.26354
2017-10-23 20:30:00,1.263495,1.263535,1.263485,1.263585
2017-10-23 20:31:00,1.2634,1.263505,1.263385,1.263505
2017-10-23 20:32:00,1.26336,1.26346,1.26336,1.26349
2017-10-23 20:33:00,1.26335,1.26333,1.263165,1.263385
2017-10-23 20:34:00,1.26348,1.26333,1.26333,1.263535
2017-10-23 20:35:00,1.263515,1.26346,1.26346,1.26352
2017-10-23 20:36:00,1.263575,1.26351,1.263495,1.263605
2017-10-23 20:37:00,1.263475,1.263575,1.263425,1.263585
2017-10-23 20:38:00,1.263475,1.263575,1.263425,1.263585
2017-10-23 20:39:00,1.26349,1.26353,1.26349,1.263535
2017-10-23 20:40:00,1.263385,1.26344,1.263375,1.263445
2017-10-23 20:41:00,1.2634,1.263375,1.26336,1.263465
2017-10-23 20:42:00,1.26341,1.26338,1.263375,1.26343
2017-10-23 20:43:00,1.26341,1.26341,1.26338,1.26343
2017-10-23 20:44:00,1.263395,1.26341,1.26339,1.263415
2017-10-23 20:45:00,1.26344,1.26338,1.26337,1.26344
2017-10-23 20:46:00,1.2634,1.26342,1.26335,1.26342
2017-10-23 20:47:00,1.263315,1.263405,1.26328,1.263405
2017-10-23 20:48:00,1.263165,1.26326,1.263115,1.26335
2017-10-23 20:49:00,1.26305,1.26314,1.26305,1.263155
2017-10-23 20:50:00,1.263015,1.262995,1.262925,1.26307
2017-10-23 20:51:00,1.263015,1.26303,1.262955,1.2631
2017-10-23 20:52:00,1.263075,1.263025,1.263025,1.26312
2017-10-23 20:53:00,1.26314,1.26302,1.26302,1.263145
2017-10-23 20:54:00,1.26316,1.263135,1.263125,1.26316
2017-10-23 20:55:00,1.26321,1.26319,1.263165,1.263225
2017-10-23 20:56:00,1.263285,1.26323,1.263165,1.263285
2017-10-23 20:57:00,1.26322,1.263235,1.26318,1.26324
2017-10-23 20:58:00,1.2632,1.26323,1.2632,1.26324
2017-10-23 20:59:00,1.26318,1.26322,1.26318,1.26322
2017-10-23 21:00:00,1.2631,1.263175,1.2631,1.263175
2017-10-23 21:01:00,1.262995,1.263105,1.26297,1.26319
2017-10-23 21:02:00,1.263045,1.26299,1.2629,1.263045
2017-10-23 21:03:00,1.26307,1.263055,1.26301,1.26307
2017-10-23 21:04:00,1.26309,1.26307,1.263065,1.263095
2017-10-23 21:05:00,1.263165,1.263085,1.26302,1.263185
2017-10-23 21:06:00,1.263155,1.263155,1.26315,1.26316
2017-10-23 21:07:00,1.26326,1.26321,1.263195,1.26329
2017-10-23 21:08:00,1.263235,1.263235,1.26319,1.263265
2017-10-23 21:09:00,1.26331,1.26323,1.263215,1.263315
2017-10-23 21:10:00,1.26319,1.26331,1.263145,1.263315
2017-10-23 21:11:00,1.263295,1.263215,1.263215,1.263295
2017-10-23 21:12:00,1.263145,1.2633,1.26313,1.2633
2017-10-23 21:13:00,1.26291,1.263145,1.2629,1.263155
2017-10-23 21:14:00,1.262975,1.26292,1.262915,1.263055
2017-10-23 21:15:00,1.26286,1.262915,1.26283,1.262925
2017-10-23 21:16:00,1.262875,1.26285,1.262835,1.262905
2017-10-23 21:17:00,1.262935,1.262905,1.262905,1.263035
2017-10-23 21:18:00,1.26294,1.262965,1.26294,1.262965
2017-10-23 21:19:00,1.26276,1.262915,1.26276,1.26295
2017-10-23 21:20:00,1.26283,1.262785,1.262785,1.262885
2017-10-23 21:21:00,1.26283,1.262815,1.262815,1.26284
2017-10-23 21:22:00,1.2629,1.262835,1.262835,1.262905
2017-10-23 21:23:00,1.26289,1.26289,1.262875,1.262895
2017-10-23 21:24:00,1.262895,1.26289,1.262885,1.262905
2017-10-23 21:25:00,1.262915,1.26289,1.26287,1.26292
2017-10-23 21:26:00,1.26288,1.26291,1.26284,1.262915
2017-10-23 21:27:00,1.262895,1.262895,1.26288,1.262905
2017-10-23 21:28:00,1.262995,1.26292,1.26292,1.262995
2017-10-23 21:29:00,1.262995,1.26292,1.26292,1.262995
2017-10-23 21:30:00,1.262965,1.262975,1.26293,1.263015
2017-10-23 21:31:00,1.26298,1.262985,1.26293,1.263035
2017-10-23 21:32:00,1.262975,1.262985,1.262935,1.263015
2017-10-23 21:33:00,1.26297,1.26299,1.26291,1.263
2017-10-23 21:34:00,1.262975,1.262965,1.26295,1.262975
2017-10-23 21:35:00,1.263005,1.262985,1.262965,1.26303
2017-10-23 21:36:00,1.263095,1.262995,1.2629,1.2631
2017-10-23 21:37:00,1.263195,1.26309,1.26309,1.26324
2017-10-23 21:38:00,1.26309,1.26314,1.263065,1.26314
2017-10-23 21:39:00,1.263145,1.263095,1.26309,1.263225
2017-10-23 21:40:00,1.263195,1.26315,1.263145,1.263195
2017-10-23 21:41:00,1.263195,1.26315,1.263145,1.263195
2017-10-23 21:42:00,1.26306,1.26317,1.26306,1.26317
2017-10-23 21:43:00,1.26306,1.26317,1.26306,1.26317
2017-10-23 21:44:00,1.2631,1.26311,1.2631,1.263145
2017-10-23 21:45:00,1.263195,1.263125,1.263125,1.263195
2017-10-23 21:46:00,1.26314,1.263145,1.263125,1.263165
2017-10-23 21:47:00,1.263175,1.26314,1.263135,1.2632
2017-10-23 21:48:00,1.263185,1.26317,1.263155,1.26321
2017-10-23 21:49:00,1.26317,1.26319,1.263155,1.2632
2017-10-23 21:50:00,1.26319,1.26318,1.26318,1.263195
2017-10-23 21:51:00,1.263165,1.263185,1.263165,1.263185
2017-10-23 21:52:00,1.26319,1.263165,1.263155,1.2632
2017-10-23 21:53:00,1.263175,1.263175,1.263155,1.26328
2017-10-23 21:54:00,1.263165,1.26317,1.26316,1.26318
2017-10-23 21:55:00,1.263065,1.26316,1.263065,1.26317
2017-10-23 21:56:00,1.26295,1.263005,1.26294,1.26301
2017-10-23 21:57:00,1.262865,1.262955,1.26284,1.26296
2017-10-23 21:58:00,1.262745,1.262815,1.262555,1.262815
2017-10-23 21:59:00,1.26266,1.26275,1.26262,1.262755
2017-10-23 22:00:00,1.262645,1.26269,1.26263,1.26269
2017-10-23 22:01:00,1.26268,1.26265,1.262615,1.26269
2017-10-23 22:02:00,1.262765,1.262665,1.262665,1.26282
2017-10-23 22:03:00,1.26282,1.26275,1.262745,1.26282
2017-10-23 22:04:00,1.26273,1.262815,1.262725,1.26282
2017-10-23 22:05:00,1.262355,1.262675,1.2622,1.262695
2017-10-23 22:06:00,1.26261,1.26241,1.26241,1.262615
2017-10-23 22:07:00,1.262615,1.262615,1.262545,1.262665
2017-10-23 22:08:00,1.262535,1.262615,1.262515,1.26263
2017-10-23 22:09:00,1.262645,1.262525,1.2625,1.26265
2017-10-23 22:10:00,1.26276,1.262645,1.262615,1.262805
2017-10-23 22:11:00,1.262705,1.26271,1.262685,1.262715
2017-10-23 22:12:00,1.262775,1.262725,1.26269,1.26279
2017-10-23 22:13:00,1.262855,1.262725,1.26271,1.26288
2017-10-23 22:14:00,1.2628,1.26284,1.26277,1.262845
2017-10-23 22:15:00,1.262795,1.26282,1.26277,1.26282
2017-10-23 22:16:00,1.26289,1.26279,1.262785,1.2629
2017-10-23 22:17:00,1.26296,1.26292,1.262895,1.262965
2017-10-23 22:18:00,1.262945,1.262965,1.262945,1.26305
2017-10-23 22:19:00,1.262985,1.262955,1.262925,1.262995
2017-10-23 22:20:00,1.26303,1.262995,1.262985,1.26303
2017-10-23 22:21:00,1.262975,1.26301,1.262965,1.263065
2017-10-23 22:22:00,1.26293,1.262975,1.262835,1.262975
2017-10-23 22:23:00,1.26288,1.26293,1.262765,1.26296
2017-10-23 22:24:00,1.26298,1.26286,1.26286,1.26298
2017-10-23 22:25:00,1.262985,1.26298,1.26296,1.263
2017-10-23 22:26:00,1.2629,1.26299,1.262895,1.262995
2017-10-23 22:27:00,1.262945,1.26291,1.262845,1.262955
2017-10-23 22:28:00,1.263165,1.26295,1.262945,1.26318
2017-10-23 22:29:00,1.263235,1.263175,1.263135,1.263295
2017-10-23 22:30:00,1.263,1.26322,1.263,1.26324
2017-10-23 22:31:00,1.2629,1.26294,1.2629,1.26298
2017-10-23 22:32:00,1.26288,1.26288,1.26288,1.26288
2017-10-23 22:33:00,1.26288,1.26288,1.26288,1.26288
2017-10-23 22:34:00,1.262875,1.26293,1.262875,1.26293
2017-10-23 22:35:00,1.26284,1.2629,1.26284,1.2629
2017-10-23 22:36:00,1.26287,1.26287,1.26287,1.26287
2017-10-23 22:37:00,1.262825,1.262815,1.262755,1.262825
2017-10-23 22:38:00,1.262735,1.262845,1.262675,1.262845
2017-10-23 22:39:00,1.262735,1.262845,1.262675,1.262845
2017-10-23 22:40:00,1.262735,1.26268,1.26266,1.262755
2017-10-23 22:41:00,1.26278,1.262735,1.26272,1.262795
2017-10-23 22:42:00,1.262765,1.26276,1.262755,1.26278
2017-10-23 22:43:00,1.26276,1.262755,1.26275,1.26278
2017-10-23 22:44:00,1.262875,1.26276,1.26275,1.262905
2017-10-23 22:45:00,1.26282,1.26287,1.26282,1.26288
2017-10-23 22:46:00,1.26283,1.262835,1.26283,1.262835
2017-10-23 22:47:00,1.26284,1.262845,1.26284,1.262845
2017-10-23 22:48:00,1.262875,1.262845,1.262845,1.262875
2017-10-23 22:49:00,1.26276,1.262875,1.262755,1.26291
2017-10-23 22:50:00,1.26268,1.262755,1.262655,1.262755
2017-10-23 22:51:00,1.26269,1.26266,1.262655,1.262695
2017-10-23 22:52:00,1.26269,1.262695,1.262685,1.2627
2017-10-23 22:53:00,1.26277,1.26269,1.262675,1.26277
2017-10-23 22:54:00,1.26276,1.262765,1.262755,1.262765
2017-10-23 22:55:00,1.26276,1.262765,1.262755,1.262765
2017-10-23 22:56:00,1.262815,1.262775,1.26277,1.262815
2017-10-23 22:57:00,1.262825,1.26279,1.262765,1.262835
2017-10-23 22:58:00,1.26278,1.262815,1.262775,1.262845
2017-10-23 22:59:00,1.26279,1.262795,1.26274,1.262815
2017-10-23 23:00:00,1.263015,1.26284,1.26284,1.26303
2017-10-23 23:01:00,1.262995,1.26301,1.26295,1.26302
2017-10-23 23:02:00,1.26296,1.26299,1.26296,1.26309
2017-10-23 23:03:00,1.26285,1.26296,1.26284,1.262965
2017-10-23 23:04:00,1.26285,1.26296,1.26284,1.262965
2017-10-23 23:05:00,1.262715,1.262865,1.262715,1.262865
2017-10-23 23:06:00,1.26259,1.262715,1.26258,1.26273
2017-10-23 23:07:00,1.26258,1.262575,1.26257,1.262605
2017-10-23 23:08:00,1.262495,1.262555,1.262485,1.262555
2017-10-23 23:09:00,1.262415,1.262515,1.26241,1.262515
2017-10-23 23:10:00,1.262295,1.262395,1.26229,1.26241
2017-10-23 23:11:00,1.262295,1.262395,1.26229,1.26241
2017-10-23 23:12:00,1.262255,1.262275,1.262245,1.262365
2017-10-23 23:13:00,1.26234,1.262245,1.262245,1.262345
2017-10-23 23:14:00,1.262325,1.262335,1.26231,1.26236
2017-10-23 23:15:00,1.2624,1.262285,1.262285,1.2624
2017-10-23 23:16:00,1.262425,1.262425,1.262425,1.262425
2017-10-23 23:17:00,1.26236,1.26237,1.262305,1.262375
2017-10-23 23:18:00,1.2626,1.262355,1.26235,1.2626
2017-10-23 23:19:00,1.26271,1.262595,1.262565,1.262725
2017-10-23 23:20:00,1.262745,1.26277,1.26268,1.262855
2017-10-23 23:21:00,1.262795,1.26281,1.26275,1.262845
2017-10-23 23:22:00,1.26277,1.26279,1.262745,1.2628
2017-10-23 23:23:00,1.26283,1.26275,1.262745,1.26283
2017-10-23 23:24:00,1.262755,1.26283,1.26275,1.262835
2017-10-23 23:25:00,1.26275,1.262755,1.262745,1.26278
2017-10-23 23:26:00,1.262725,1.26275,1.2627,1.262755
2017-10-23 23:27:00,1.2627,1.262745,1.262695,1.26276
2017-10-23 23:28:00,1.26266,1.26264,1.262635,1.262665
2017-10-23 23:29:00,1.262665,1.26266,1.262655,1.262675
2017-10-23 23:30:00,1.26267,1.26266,1.262655,1.262685
2017-10-23 23:31:00,1.262645,1.262665,1.262625,1.262665
2017-10-23 23:32:00,1.262445,1.26264,1.26244,1.26269
2017-10-23 23:33:00,1.262465,1.26246,1.262445,1.26248
2017-10-23 23:34:00,1.26248,1.262465,1.262465,1.262485
2017-10-23 23:35:00,1.26242,1.262465,1.26234,1.262485
2017-10-23 23:36:00,1.262335,1.2624,1.262305,1.2624
2017-10-23 23:37:00,1.26231,1.26233,1.262295,1.26235
2017-10-23 23:38:00,1.262295,1.262315,1.262175,1.262315
2017-10-23 23:39:00,1.262385,1.262295,1.26229,1.262385
2017-10-23 23:40:00,1.26238,1.26238,1.262365,1.2624
2017-10-23 23:41:00,1.262305,1.262365,1.26228,1.262385
2017-10-23 23:42:00,1.26238,1.26232,1.26232,1.262415
2017-10-23 23:43:00,1.262365,1.262375,1.262335,1.26238
2017-10-23 23:44:00,1.26253,1.26237,1.262355,1.26257
2017-10-23 23:45:00,1.262535,1.262535,1.26253,1.26256
2017-10-23 23:46:00,1.26254,1.262525,1.26252,1.26255
2017-10-23 23:47:00,1.26261,1.26259,1.26259,1.262645
2017-10-23 23:48:00,1.262515,1.26262,1.262505,1.262625
2017-10-23 23:49:00,1.26251,1.26251,1.26251,1.26251
2017-10-23 23:50:00,1.26251,1.26251,1.26251,1.26251
2017-10-23 23:51:00,1.26251,1.262515,1.2625,1.262525
2017-10-23 23:52:00,1.26251,1.26252,1.262465,1.262525
2017-10-23 23:53:00,1.26251,1.26252,1.26251,1.262525
2017-10-23 23:54:00,1.2625,1.262515,1.2625,1.26255
2017-10-23 23:55:00,1.262455,1.26244,1.26243,1.262455
2017-10-23 23:56:00,1.26263,1.26251,1.26251,1.262655
2017-10-23 23:57:00,1.26269,1.262615,1.262615,1.26269
2017-10-23 23:58:00,1.26269,1.262615,1.262615,1.26269
2017-10-23 23:59:00,1.26264,1.26264,1.26264,1.26264
2017-10-24 00:00:00,1.26267,1.26264,1.262635,1.26267
2017-10-24 00:01:00,1.26267,1.26264,1.262635,1.26267
2017-10-24 00:02:00,1.26268,1.262645,1.2626,1.26268
2017-10-24 00:03:00,1.262705,1.26269,1.26267,1.26271
2017-10-24 00:04:00,1.26271,1.262675,1.262675,1.262755
2017-10-24 00:05:00,1.262765,1.26272,1.26271,1.262765
2017-10-24 00:06:00,1.262755,1.262765,1.26275,1.262765
2017-10-24 00:07:00,1.26284,1.26275,1.26275,1.262865
2017-10-24 00:08:00,1.2628,1.26283,1.2628,1.26283
2017-10-24 00:09:00,1.26289,1.262815,1.262815,1.26289
2017-10-24 00:10:00,1.262875,1.262915,1.262855,1.262915
2017-10-24 00:11:00,1.262965,1.2629,1.2629,1.262985
2017-10-24 00:12:00,1.262935,1.26297,1.262925,1.262985
2017-10-24 00:13:00,1.262835,1.26292,1.26283,1.26292
2017-10-24 00:14:00,1.262835,1.26283,1.26283,1.262855
2017-10-24 00:15:00,1.26282,1.26285,1.26282,1.262875
2017-10-24 00:16:00,1.2628,1.262765,1.26275,1.262805
2017-10-24 00:17:00,1.262795,1.2628,1.26279,1.26281
2017-10-24 00:18:00,1.26284,1.2628,1.2628,1.26285
2017-10-24 00:19:00,1.26284,1.2628,1.2628,1.26285
2017-10-24 00:20:00,1.262805,1.262825,1.262785,1.26288
2017-10-24 00:21:00,1.262795,1.262805,1.262785,1.26281
2017-10-24 00:22:00,1.26281,1.262795,1.262795,1.26281
2017-10-24 00:23:00,1.26277,1.2628,1.26277,1.2628
2017-10-24 00:24:00,1.26278,1.262755,1.262755,1.2628
2017-10-24 00:25:00,1.26278,1.262755,1.262755,1.2628
2017-10-24 00:26:00,1.26278,1.262755,1.262755,1.2628
2017-10-24 00:27:00,1.26278,1.262755,1.262755,1.2628
2017-10-24 00:28:00,1.262715,1.262725,1.2627,1.262725
2017-10-24 00:29:00,1.262735,1.26274,1.262735,1.26275
2017-10-24 00:30:00,1.26278,1.26274,1.262725,1.26278
2017-10-24 00:31:00,1.262755,1.262755,1.262755,1.262755
2017-10-24 00:32:00,1.26276,1.262805,1.262755,1.262805
2017-10-24 00:33:00,1.26277,1.26277,1.26276,1.26277
2017-10-24 00:34:00,1.262705,1.26275,1.262695,1.26276
2017-10-24 00:35:00,1.26261,1.26272,1.26261,1.262725
2017-10-24 00:36:00,1.26263,1.26266,1.262615,1.262675
2017-10-24 00:37:00,1.26263,1.26266,1.262615,1.262675
2017-10-24 00:38:00,1.262605,1.262655,1.2626,1.26268
2017-10-24 00:39:00,1.262605,1.262595,1.262595,1.262615
2017-10-24 00:40:00,1.26274,1.26263,1.26263,1.26274
2017-10-24 00:41:00,1.262725,1.26275,1.262725,1.26275
2017-10-24 00:42:00,1.262725,1.26272,1.26272,1.262735
2017-10-24 00:43:00,1.26264,1.262725,1.262635,1.262725
2017-10-24 00:44:00,1.26262,1.262655,1.262605,1.262675
2017-10-24 00:45:00,1.26273,1.262625,1.26262,1.26273
2017-10-24 00:46:00,1.26273,1.262625,1.26262,1.26273
2017-10-24 00:47:00,1.262705,1.262705,1.262705,1.262705
2017-10-24 00:48:00,1.262735,1.262755,1.262735,1.262845
2017-10-24 00:49:00,1.262805,1.26274,1.262675,1.262805
2017-10-24 00:50:00,1.26275,1.2628,1.26275,1.262805
2017-10-24 00:51:00,1.26275,1.26274,1.26274,1.262765
2017-10-24 00:52:00,1.262755,1.262755,1.26275,1.26278
2017-10-24 00:53:00,1.262745,1.26276,1.262745,1.262765
2017-10-24 00:54:00,1.26276,1.262745,1.26274,1.26276
2017-10-24 00:55:00,1.262755,1.262755,1.262735,1.26276
2017-10-24 00:56:00,1.262755,1.26276,1.26275,1.26279
2017-10-24 00:57:00,1.26278,1.262765,1.26275,1.26279
2017-10-24 00:58:00,1.26272,1.262785,1.26269,1.26282
2017-10-24 00:59:00,1.262725,1.262705,1.262675,1.262765
2017-10-24 01:00:00,1.262805,1.26273,1.26273,1.26281
2017-10-24 01:01:00,1.262755,1.2628,1.26275,1.262805
2017-10-24 01:02:00,1.26279,1.26277,1.26277,1.262855
2017-10-24 01:03:00,1.262775,1.262795,1.262765,1.262805
2017-10-24 01:04:00,1.26274,1.26278,1.26274,1.26278
2017-10-24 01:05:00,1.26272,1.26276,1.26272,1.262785
2017-10-24 01:06:00,1.26269,1.262705,1.262685,1.262715
2017-10-24 01:07:00,1.26269,1.26269,1.262685,1.262695
2017-10-24 01:08:00,1.26269,1.262685,1.262685,1.262695
2017-10-24 01:09:00,1.2627,1.262685,1.262685,1.2627
2017-10-24 01:10:00,1.2627,1.262705,1.262695,1.26274
2017-10-24 01:11:00,1.262725,1.262705,1.26268,1.26273
2017-10-24 01:12:00,1.26275,1.26278,1.26275,1.262785
2017-10-24 01:13:00,1.262725,1.26269,1.26267,1.26273
2017-10-24 01:14:00,1.262715,1.26273,1.262715,1.262735
2017-10-24 01:15:00,1.26274,1.262715,1.2627,1.26274
2017-10-24 01:16:00,1.26271,1.26273,1.26271,1.26273
2017-10-24 01:17:00,1.26277,1.262705,1.262695,1.26279
2017-10-24 01:18:00,1.2628,1.262775,1.26273,1.2628
2017-10-24 01:19:00,1.26275,1.2628,1.262745,1.2628
2017-10-24 01:20:00,1.26275,1.262755,1.26275,1.262765
2017-10-24 01:21:00,1.26275,1.262755,1.26275,1.262765
2017-10-24 01:22:00,1.262805,1.262745,1.262745,1.26284
2017-10-24 01:23:00,1.26279,1.26282,1.262785,1.262835
2017-10-24 01:24:00,1.262805,1.262795,1.26279,1.262885
2017-10-24 01:25:00,1.262815,1.26281,1.2628,1.26288
2017-10-24 01:26:00,1.26286,1.26281,1.262785,1.26286
2017-10-24 01:27:00,1.26285,1.262865,1.262835,1.262865
2017-10-24 01:28:00,1.262905,1.262905,1.262905,1.262905
2017-10-24 01:29:00,1.262895,1.26289,1.26288,1.2629
2017-10-24 01:30:00,1.26284,1.262895,1.262835,1.26302
2017-10-24 01:31:00,1.262855,1.26285,1.26284,1.262915
2017-10-24 01:32:00,1.262955,1.26286,1.262855,1.26297
2017-10-24 01:33:00,1.263,1.263005,1.262995,1.263025
2017-10-24 01:34:00,1.262985,1.26299,1.262985,1.262995
2017-10-24 01:35:00,1.262985,1.262985,1.26298,1.263
2017-10-24 01:36:00,1.262955,1.262985,1.262955,1.26299
2017-10-24 01:37:00,1.262965,1.262975,1.26296,1.263025
2017-10-24 01:38:00,1.262895,1.262935,1.262895,1.262935
2017-10-24 01:39:00,1.26301,1.26295,1.26295,1.263045
2017-10-24 01:40:00,1.26309,1.262995,1.262995,1.26313
2017-10-24 01:41:00,1.26314,1.263085,1.263025,1.26316
2017-10-24 01:42:00,1.263115,1.263155,1.26311,1.26323
2017-10-24 01:43:00,1.26306,1.26312,1.263055,1.263135
2017-10-24 01:44:00,1.263125,1.26307,1.263065,1.26321
2017-10-24 01:45:00,1.26325,1.263175,1.263155,1.26325
2017-10-24 01:46:00,1.263215,1.26326,1.263165,1.26326
2017-10-24 01:47:00,1.263195,1.26323,1.26317,1.26323
2017-10-24 01:48:00,1.263205,1.26325,1.263205,1.26326
2017-10-24 01:49:00,1.26317,1.263155,1.263135,1.263205
2017-10-24 01:50:00,1.26317,1.263175,1.26314,1.263185
2017-10-24 01:51:00,1.26317,1.263175,1.26314,1.263185
2017-10-24 01:52:00,1.26318,1.263175,1.26317,1.26319
2017-10-24 01:53:00,1.26319,1.26312,1.26312,1.26319
2017-10-24 01:54:00,1.263225,1.26318,1.26318,1.263225
2017-10-24 01:55:00,1.263325,1.26328,1.26328,1.26334
2017-10-24 01:56:00,1.26339,1.26333,1.2633,1.26344
2017-10-24 01:57:00,1.263355,1.263335,1.263335,1.263355
2017-10-24 01:58:00,1.26337,1.26335,1.263335,1.26337
2017-10-24 01:59:00,1.263405,1.263425,1.2634,1.263425
2017-10-24 02:00:00,1.263435,1.263415,1.2634,1.263465
2017-10-24 02:01:00,1.26328,1.26346,1.263265,1.26346
2017-10-24 02:02:00,1.26344,1.26329,1.26329,1.26344
2017-10-24 02:03:00,1.26347,1.26339,1.26339,1.263485
2017-10-24 02:04:00,1.26352,1.263455,1.263435,1.26354
2017-10-24 02:05:00,1.26352,1.263515,1.263505,1.26359
2017-10-24 02:06:00,1.263515,1.263515,1.26348,1.263585
2017-10-24 02:07:00,1.263675,1.263565,1.26356,1.26378
2017-10-24 02:08:00,1.263875,1.26368,1.26364,1.263925
2017-10-24 02:09:00,1.26398,1.263815,1.2638,1.26403
2017-10-24 02:10:00,1.26398,1.26398,1.26397,1.26399
2017-10-24 02:11:00,1.263915,1.264,1.26391,1.264
2017-10-24 02:12:00,1.26381,1.263915,1.26381,1.26402
2017-10-24 02:13:00,1.26379,1.263815,1.26379,1.263895
2017-10-24 02:14:00,1.26382,1.263845,1.26381,1.26385
2017-10-24 02:15:00,1.26372,1.26381,1.263695,1.26382
2017-10-24 02:16:00,1.26369,1.263715,1.263655,1.263715
2017-10-24 02:17:00,1.263665,1.26369,1.263635,1.2637
2017-10-24 02:18:00,1.263775,1.263655,1.263655,1.263775
2017-10-24 02:19:00,1.26392,1.263785,1.263785,1.26392
2017-10-24 02:20:00,1.26404,1.263915,1.263915,1.264115
2017-10-24 02:21:00,1.2641,1.264045,1.264035,1.26412
2017-10-24 02:22:00,1.26408,1.26412,1.26408,1.26412
2017-10-24 02:23:00,1.264075,1.264025,1.264025,1.264105
2017-10-24 02:24:00,1.264105,1.26405,1.264025,1.26417
2017-10-24 02:25:00,1.26408,1.26408,1.26408,1.26408
2017-10-24 02:26:00,1.263945,1.264025,1.26393,1.264035
2017-10-24 02:27:00,1.26394,1.26393,1.26392,1.263995
2017-10-24 02:28:00,1.263765,1.26394,1.26372,1.263945
2017-10-24 02:29:00,1.263935,1.26377,1.26377,1.26404
2017-10-24 02:30:00,1.264135,1.26394,1.263935,1.26415
2017-10-24 02:31:00,1.26407,1.26412,1.26407,1.264135
2017-10-24 02:32:00,1.264245,1.264075,1.264075,1.26436
2017-10-24 02:33:00,1.26448,1.26424,1.26422,1.26454
2017-10-24 02:34:00,1.26447,1.264425,1.264415,1.26449
2017-10-24 02:35:00,1.2646,1.264485,1.26443,1.2646
2017-10-24 02:36:00,1.26452,1.264575,1.26452,1.26465
2017-10-24 02:37:00,1.264555,1.2645,1.264405,1.26458
2017-10-24 02:38:00,1.26469,1.26456,1.264555,1.264705
2017-10-24 02:39:00,1.264555,1.26463,1.264545,1.26465
2017-10-24 02:40:00,1.264435,1.264585,1.264405,1.264585
2017-10-24 02:41:00,1.264485,1.264435,1.264325,1.264485
2017-10-24 02:42:00,1.264465,1.26449,1.26441,1.26453
2017-10-24 02:43:00,1.26447,1.26448,1.264415,1.264495
2017-10-24 02:44:00,1.264415,1.264415,1.26438,1.26443
2017-10-24 02:45:00,1.26438,1.264395,1.26437,1.264455
2017-10-24 02:46:00,1.264395,1.26439,1.26438,1.26446
2017-10-24 02:47:00,1.264295,1.2644,1.26429,1.2644
2017-10-24 02:48:00,1.26433,1.264305,1.264305,1.2645
2017-10-24 02:49:00,1.26461,1.26439,1.26439,1.264615
2017-10-24 02:50:00,1.264525,1.264615,1.264505,1.264615
2017-10-24 02:51:00,1.264395,1.26453,1.26438,1.264535
2017-10-24 02:52:00,1.26462,1.264445,1.264445,1.264635
2017-10-24 02:53:00,1.26477,1.264675,1.264675,1.264775
2017-10-24 02:54:00,1.26488,1.26482,1.26479,1.264895
2017-10-24 02:55:00,1.264925,1.264885,1.264805,1.26496
2017-10-24 02:56:00,1.265175,1.264975,1.26497,1.265205
2017-10-24 02:57:00,1.265155,1.265185,1.26507,1.2652
2017-10-24 02:58:00,1.26523,1.2652,1.26517,1.265285
2017-10-24 02:59:00,1.26506,1.26525,1.26505,1.26527
2017-10-24 03:00:00,1.26504,1.265065,1.26498,1.26515
2017-10-24 03:01:00,1.26501,1.265045,1.264975,1.265135
2017-10-24 03:02:00,1.26529,1.265025,1.265,1.265465
2017-10-24 03:03:00,1.265345,1.265285,1.26511,1.26545
2017-10-24 03:04:00,1.265485,1.265355,1.26533,1.265505
2017-10-24 03:05:00,1.26548,1.26548,1.26543,1.26556
2017-10-24 03:06:00,1.265655,1.26547,1.265395,1.265745
2017-10-24 03:07:00,1.26543,1.26566,1.265415,1.265725
2017-10-24 03:08:00,1.26564,1.26548,1.26548,1.26565
2017-10-24 03:09:00,1.265425,1.265635,1.265425,1.265655
2017-10-24 03:10:00,1.265375,1.265445,1.265375,1.2655
2017-10-24 03:11:00,1.265385,1.265355,1.265205,1.26541
2017-10-24 03:12:00,1.26542,1.26538,1.265305,1.265485
2017-10-24 03:13:00,1.265405,1.26542,1.265325,1.26544
2017-10-24 03:14:00,1.26522,1.265415,1.26519,1.265505
2017-10-24 03:15:00,1.265575,1.26516,1.26507,1.265575
2017-10-24 03:16:00,1.26556,1.26555,1.265465,1.26566
2017-10-24 03:17:00,1.26561,1.26562,1.265605,1.265645
2017-10-24 03:18:00,1.265645,1.265665,1.26564,1.26571
2017-10-24 03:19:00,1.26533,1.265625,1.26533,1.265625
2017-10-24 03:20:00,1.265545,1.265335,1.26533,1.26557
2017-10-24 03:21:00,1.26554,1.26549,1.265485,1.265565
2017-10-24 03:22:00,1.265575,1.26549,1.26548,1.265605
2017-10-24 03:23:00,1.265445,1.26557,1.265425,1.26557
2017-10-24 03:24:00,1.26548,1.265465,1.26546,1.265555
2017-10-24 03:25:00,1.265605,1.26554,1.265475,1.26561
2017-10-24 03:26:00,1.265605,1.2656,1.265535,1.265665
2017-10-24 03:27:00,1.265715,1.2656,1.26552,1.26572
2017-10-24 03:28:00,1.265635,1.265725,1.265625,1.265725
2017-10-24 03:29:00,1.265535,1.26565,1.265525,1.26565
2017-10-24 03:30:00,1.26543,1.26552,1.26538,1.26552
2017-10-24 03:31:00,1.265535,1.265415,1.265415,1.26559
2017-10-24 03:32:00,1.26551,1.265535,1.265505,1.26559
2017-10-24 03:33:00,1.265515,1.265505,1.2655,1.26566
2017-10-24 03:34:00,1.26546,1.265465,1.265395,1.265485
2017-10-24 03:35:00,1.26557,1.26546,1.26546,1.26564
2017-10-24 03:36:00,1.26552,1.26557,1.2655,1.265615
2017-10-24 03:37:00,1.26545,1.26552,1.265445,1.2656
2017-10-24 03:38:00,1.265465,1.26547,1.26537,1.26551
2017-10-24 03:39:00,1.265385,1.265525,1.265385,1.26562
2017-10-24 03:40:00,1.265545,1.26538,1.26534,1.265545
2017-10-24 03:41:00,1.26561,1.26555,1.26551,1.26563
2017-10-24 03:42:00,1.26563,1.26562,1.26558,1.265645
2017-10-24 03:43:00,1.26551,1.265575,1.265485,1.26558
2017-10-24 03:44:00,1.265555,1.265515,1.265415,1.265555
2017-10-24 03:45:00,1.26569,1.265565,1.265565,1.265695
2017-10-24 03:46:00,1.26564,1.265675,1.26564,1.26569
2017-10-24 03:47:00,1.265675,1.26569,1.26564,1.265715
2017-10-24 03:48:00,1.265675,1.26567,1.265635,1.265685
2017-10-24 03:49:00,1.26571,1.26568,1.26566,1.26571
2017-10-24 03:50:00,1.265985,1.265705,1.265615,1.26605
2017-10-24 03:51:00,1.26601,1.26598,1.26589,1.266065
2017-10-24 03:52:00,1.265985,1.266005,1.265795,1.266095
2017-10-24 03:53:00,1.265985,1.26599,1.26589,1.266005
2017-10-24 03:54:00,1.26584,1.26599,1.26584,1.266055
2017-10-24 03:55:00,1.265835,1.265895,1.265755,1.26597
2017-10-24 03:56:00,1.26591,1.26584,1.26584,1.26604
2017-10-24 03:57:00,1.265865,1.265905,1.265765,1.26594
2017-10-24 03:58:00,1.265965,1.26584,1.265815,1.26608
2017-10-24 03:59:00,1.266025,1.265985,1.265985,1.266085
2017-10-24 04:00:00,1.26622,1.26604,1.26604,1.266295
2017-10-24 04:01:00,1.26605,1.26621,1.266045,1.26622
2017-10-24 04:02:00,1.266115,1.266075,1.266075,1.266115
2017-10-24 04:03:00,1.26592,1.266145,1.265915,1.266165
2017-10-24 04:04:00,1.266195,1.265915,1.26585,1.266255
2017-10-24 04:05:00,1.266425,1.26621,1.266155,1.266435
2017-10-24 04:06:00,1.266525,1.26642,1.266305,1.266555
2017-10-24 04:07:00,1.26604,1.266505,1.266025,1.266505
2017-10-24 04:08:00,1.26601,1.266045,1.266005,1.266155
2017-10-24 04:09:00,1.26598,1.266005,1.26596,1.266035
2017-10-24 04:10:00,1.26599,1.265975,1.265905,1.266005
2017-10-24 04:11:00,1.266055,1.265985,1.265985,1.266085
2017-10-24 04:12:00,1.26621,1.266035,1.266015,1.266215
2017-10-24 04:13:00,1.266575,1.26626,1.266255,1.266635
2017-10-24 04:14:00,1.266515,1.26657,1.26642,1.2667
2017-10-24 04:15:00,1.266395,1.266575,1.266305,1.26658
2017-10-24 04:16:00,1.266515,1.26641,1.26638,1.266515
2017-10-24 04:17:00,1.266415,1.266465,1.2664,1.26648
2017-10-24 04:18:00,1.26623,1.266365,1.266205,1.266365
2017-10-24 04:19:00,1.26609,1.26624,1.266065,1.266245
2017-10-24 04:20:00,1.26614,1.266035,1.265955,1.266255
2017-10-24 04:21:00,1.26616,1.266135,1.266135,1.266365
2017-10-24 04:22:00,1.266265,1.2662,1.2662,1.26633
2017-10-24 04:23:00,1.26612,1.26627,1.26605,1.26627
2017-10-24 04:24:00,1.265985,1.26613,1.26594,1.266175
2017-10-24 04:25:00,1.26605,1.26598,1.265965,1.266135
2017-10-24 04:26:00,1.26602,1.266045,1.26599,1.266065
2017-10-24 04:27:00,1.26609,1.266075,1.266055,1.266135
2017-10-24 04:28:00,1.26607,1.266145,1.265985,1.26622
2017-10-24 04:29:00,1.265955,1.26608,1.26595,1.26614
2017-10-24 04:30:00,1.265915,1.265915,1.265845,1.26595
2017-10-24 04:31:00,1.26582,1.2659,1.265775,1.26591
2017-10-24 04:32:00,1.26572,1.265815,1.265685,1.265835
2017-10-24 04:33:00,1.265875,1.26573,1.2657,1.265875
2017-10-24 04:34:00,1.26581,1.26588,1.265805,1.26595
2017-10-24 04:35:00,1.26566,1.265805,1.265655,1.265805
2017-10-24 04:36:00,1.26567,1.26567,1.265645,1.26573
2017-10-24 04:37:00,1.265655,1.26566,1.265655,1.2657
2017-10-24 04:38:00,1.265605,1.265685,1.265585,1.265685
2017-10-24 04:39:00,1.26577,1.265595,1.26552,1.26577
2017-10-24 04:40:00,1.265715,1.265755,1.26571,1.26581
2017-10-24 04:41:00,1.265755,1.265745,1.26566,1.26578
2017-10-24 04:42:00,1.265775,1.26574,1.265725,1.2658
2017-10-24 04:43:00,1.26574,1.2658,1.26572,1.26585
2017-10-24 04:44:00,1.26558,1.26573,1.26558,1.265735
2017-10-24 04:45:00,1.26553,1.265585,1.265495,1.265635
2017-10-24 04:46:00,1.265495,1.265545,1.265485,1.265545
2017-10-24 04:47:00,1.265415,1.265475,1.265415,1.2655
2017-10-24 04:48:00,1.265505,1.265415,1.26533,1.265585
2017-10-24 04:49:00,1.265525,1.26549,1.26549,1.26559
2017-10-24 04:50:00,1.26565,1.265515,1.265515,1.26568
2017-10-24 04:51:00,1.265685,1.26567,1.265665,1.26576
2017-10-24 04:52:00,1.26562,1.265695,1.265615,1.265695
2017-10-24 04:53:00,1.26562,1.265615,1.26561,1.26562
2017-10-24 04:54:00,1.265665,1.26565,1.26565,1.26574
2017-10-24 04:55:00,1.265655,1.265655,1.265605,1.265775
2017-10-24 04:56:00,1.265775,1.265715,1.26569,1.26578
2017-10-24 04:57:00,1.26597,1.265775,1.265775,1.26598
2017-10-24 04:58:00,1.265965,1.265975,1.26594,1.266065
2017-10-24 04:59:00,1.26598,1.26598,1.26596,1.266
2017-10-24 05:00:00,1.26597,1.265955,1.265925,1.26599
2017-10-24 05:01:00,1.266155,1.265915,1.26591,1.26621
2017-10-24 05:02:00,1.26617,1.26616,1.266135,1.26622
2017-10-24 05:03:00,1.26619,1.266165,1.266125,1.266255
2017-10-24 05:04:00,1.26621,1.266235,1.26621,1.26631
2017-10-24 05:05:00,1.266195,1.266215,1.266185,1.26626
2017-10-24 05:06:00,1.266195,1.2662,1.266185,1.266315
2017-10-24 05:07:00,1.26637,1.2662,1.2662,1.266425
2017-10-24 05:08:00,1.266405,1.26636,1.26635,1.26643
2017-10-24 05:09:00,1.26643,1.266455,1.2664,1.26652
2017-10-24 05:10:00,1.266435,1.266405,1.266345,1.266445
2017-10-24 05:11:00,1.266625,1.266435,1.26642,1.266655
2017-10-24 05:12:00,1.266565,1.26662,1.266545,1.266905
2017-10-24 05:13:00,1.266655,1.266565,1.26655,1.266715
2017-10-24 05:14:00,1.2665,1.266685,1.266475,1.266685
2017-10-24 05:15:00,1.266675,1.266495,1.266475,1.26669
2017-10-24 05:16:00,1.26678,1.26665,1.26657,1.266815
2017-10-24 05:17:00,1.266815,1.266755,1.266755,1.26691
2017-10-24 05:18:00,1.26658,1.26683,1.26656,1.26684
2017-10-24 05:19:00,1.26651,1.26652,1.26646,1.266545
2017-10-24 05:20:00,1.266775,1.266565,1.266565,1.266785
2017-10-24 05:21:00,1.266725,1.26675,1.266665,1.26675
2017-10-24 05:22:00,1.266685,1.26672,1.26664,1.266735
2017-10-24 05:23:00,1.266745,1.26667,1.266665,1.26676
2017-10-24 05:24:00,1.266475,1.26669,1.266465,1.26669
2017-10-24 05:25:00,1.26648,1.266475,1.266435,1.26652
2017-10-24 05:26:00,1.26631,1.266475,1.2663,1.26652
2017-10-24 05:27:00,1.26639,1.266315,1.266305,1.2664
2017-10-24 05:28:00,1.26638,1.266335,1.266305,1.26639
2017-10-24 05:29:00,1.266565,1.26637,1.26637,1.266585
2017-10-24 05:30:00,1.266725,1.266565,1.266545,1.266755
2017-10-24 05:31:00,1.26666,1.266725,1.26664,1.26673
2017-10-24 05:32:00,1.266665,1.266665,1.26664,1.266695
2017-10-24 05:33:00,1.26652,1.26666,1.26651,1.266665
2017-10-24 05:34:00,1.26643,1.26646,1.266345,1.26646
2017-10-24 05:35:00,1.26621,1.266415,1.26617,1.266445
2017-10-24 05:36:00,1.266135,1.266215,1.26613,1.26628
2017-10-24 05:37:00,1.265995,1.266145,1.265995,1.26616
2017-10-24 05:38:00,1.26602,1.266,1.265995,1.26625
2017-10-24 05:39:00,1.266115,1.266015,1.265985,1.26613
2017-10-24 05:40:00,1.26608,1.26606,1.26595,1.26614
2017-10-24 05:41:00,1.26634,1.266105,1.266105,1.266345
2017-10-24 05:42:00,1.266385,1.26632,1.266305,1.266385
2017-10-24 05:43:00,1.26649,1.26639,1.266385,1.26649
2017-10-24 05:44:00,1.266485,1.266485,1.266425,1.2665
2017-10-24 05:45:00,1.266535,1.26648,1.266355,1.26654
2017-10-24 05:46:00,1.266385,1.266505,1.26635,1.266505
2017-10-24 05:47:00,1.266475,1.26638,1.266375,1.266475
2017-10-24 05:48:00,1.266375,1.266465,1.26633,1.26647
2017-10-24 05:49:00,1.26609,1.266375,1.266075,1.26638
2017-10-24 05:50:00,1.26628,1.26609,1.26609,1.26629
2017-10-24 05:51:00,1.26637,1.2663,1.266275,1.266405
2017-10-24 05:52:00,1.26643,1.266395,1.266395,1.26652
2017-10-24 05:53:00,1.266405,1.26638,1.26638,1.266455
2017-10-24 05:54:00,1.266395,1.2664,1.266375,1.266415
2017-10-24 05:55:00,1.266405,1.2664,1.26635,1.266415
2017-10-24 05:56:00,1.26639,1.2664,1.266365,1.266415
2017-10-24 05:57:00,1.26638,1.26639,1.26631,1.266465
2017-10-24 05:58:00,1.266345,1.266385,1.26628,1.266425
2017-10-24 05:59:00,1.266355,1.26634,1.266205,1.266385
2017-10-24 06:00:00,1.266175,1.26641,1.26616,1.266515
2017-10-24 06:01:00,1.26624,1.26616,1.266145,1.266255
2017-10-24 06:02:00,1.26602,1.26623,1.26594,1.26625
2017-10-24 06:03:00,1.26648,1.266035,1.26602,1.266485
2017-10-24 06:04:00,1.26634,1.26647,1.26634,1.26647
2017-10-24 06:05:00,1.26641,1.26636,1.26636,1.26641
2017-10-24 06:06:00,1.26612,1.26636,1.266085,1.26636
2017-10-24 06:07:00,1.26614,1.26613,1.266095,1.266155
2017-10-24 06:08:00,1.26602,1.266135,1.26601,1.266235
2017-10-24 06:09:00,1.265955,1.266045,1.26595,1.266115
2017-10-24 06:10:00,1.2662,1.26596,1.26585,1.26622
2017-10-24 06:11:00,1.26598,1.266155,1.265935,1.266175
2017-10-24 06:12:00,1.26594,1.265985,1.265885,1.26608
2017-10-24 06:13:00,1.265885,1.26589,1.265865,1.26591
2017-10-24 06:14:00,1.26595,1.26588,1.265815,1.26604
2017-10-24 06:15:00,1.265845,1.265955,1.26582,1.265955
2017-10-24 06:16:00,1.26599,1.265875,1.265835,1.26604
2017-10-24 06:17:00,1.26602,1.265985,1.2659,1.26602
2017-10-24 06:18:00,1.26589,1.266015,1.265885,1.26605
2017-10-24 06:19:00,1.26597,1.265905,1.26586,1.26608
2017-10-24 06:20:00,1.265905,1.26598,1.265905,1.266
2017-10-24 06:21:00,1.26583,1.26589,1.26583,1.265905
2017-10-24 06:22:00,1.26586,1.26583,1.26583,1.26586
2017-10-24 06:23:00,1.26584,1.26584,1.26584,1.26584
2017-10-24 06:24:00,1.265965,1.26589,1.265865,1.265965
2017-10-24 06:25:00,1.26604,1.265975,1.26592,1.266095
2017-10-24 06:26:00,1.26608,1.265985,1.26594,1.266095
2017-10-24 06:27:00,1.26615,1.266075,1.26607,1.26615
2017-10-24 06:28:00,1.266465,1.266145,1.26614,1.26647
2017-10-24 06:29:00,1.266405,1.26646,1.26638,1.26647
2017-10-24 06:30:00,1.266415,1.266415,1.266305,1.266445
2017-10-24 06:31:00,1.266195,1.266415,1.266115,1.26648
2017-10-24 06:32:00,1.266065,1.26621,1.26606,1.26621
2017-10-24 06:33:00,1.266225,1.26612,1.26612,1.266285
2017-10-24 06:34:00,1.26639,1.26628,1.266275,1.266435
2017-10-24 06:35:00,1.26637,1.2664,1.2663,1.26646
2017-10-24 06:36:00,1.26646,1.26638,1.26635,1.266465
2017-10-24 06:37:00,1.266435,1.26646,1.266435,1.266475
2017-10-24 06:38:00,1.266515,1.26646,1.266365,1.266535
2017-10-24 06:39:00,1.266625,1.266505,1.266475,1.266635
2017-10-24 06:40:00,1.266485,1.26661,1.26648,1.26661
2017-10-24 06:41:00,1.26651,1.2665,1.26645,1.26652
2017-10-24 06:42:00,1.266415,1.266515,1.266415,1.266515
2017-10-24 06:43:00,1.26623,1.266385,1.26622,1.26639
2017-10-24 06:44:00,1.26612,1.266225,1.2661,1.26625
2017-10-24 06:45:00,1.26611,1.266115,1.266075,1.26614
2017-10-24 06:46:00,1.266125,1.266095,1.26602,1.26621
2017-10-24 06:47:00,1.26603,1.266125,1.265955,1.266135
2017-10-24 06:48:00,1.26603,1.266125,1.265955,1.266135
2017-10-24 06:49:00,1.266065,1.266005,1.265955,1.266065
2017-10-24 06:50:00,1.266055,1.26605,1.266015,1.26608
2017-10-24 06:51:00,1.265985,1.266065,1.265985,1.26607
2017-10-24 06:52:00,1.266045,1.266015,1.266015,1.266135
2017-10-24 06:53:00,1.266265,1.266035,1.266035,1.26627
2017-10-24 06:54:00,1.26627,1.26628,1.26623,1.26631
2017-10-24 06:55:00,1.266385,1.26629,1.266225,1.26641
2017-10-24 06:56:00,1.266135,1.26638,1.266105,1.26638
2017-10-24 06:57:00,1.266185,1.266145,1.266115,1.266195
2017-10-24 06:58:00,1.26612,1.266185,1.266085,1.266205
2017-10-24 06:59:00,1.266215,1.266115,1.26608,1.26624
2017-10-24 07:00:00,1.26609,1.26621,1.266055,1.266235
2017-10-24 07:01:00,1.266075,1.26607,1.26593,1.26612
2017-10-24 07:02:00,1.26602,1.26606,1.266005,1.266065
2017-10-24 07:03:00,1.265905,1.266025,1.265905,1.26604
2017-10-24 07:04:00,1.265845,1.26589,1.26577,1.26591
2017-10-24 07:05:00,1.265875,1.26584,1.26584,1.266055
2017-10-24 07:06:00,1.265755,1.265875,1.265755,1.26588
2017-10-24 07:07:00,1.265885,1.2658,1.26577,1.26589
2017-10-24 07:08:00,1.265665,1.26588,1.265645,1.26588
2017-10-24 07:09:00,1.265535,1.265655,1.2655,1.26567
2017-10-24 07:10:00,1.26555,1.265555,1.265495,1.265575
2017-10-24 07:11:00,1.26559,1.265605,1.265575,1.26561
2017-10-24 07:12:00,1.26534,1.265575,1.2653,1.26558
2017-10-24 07:13:00,1.26517,1.265335,1.265165,1.26539
2017-10-24 07:14:00,1.265235,1.26518,1.26517,1.26525
2017-10-24 07:15:00,1.26511,1.26519,1.265095,1.265225
2017-10-24 07:16:00,1.265135,1.265115,1.26511,1.26523
2017-10-24 07:17:00,1.264995,1.26516,1.26499,1.265305
2017-10-24 07:18:00,1.2651,1.26499,1.26499,1.26514
2017-10-24 07:19:00,1.265005,1.26514,1.264925,1.26514
2017-10-24 07:20:00,1.264955,1.265005,1.264945,1.26503
2017-10-24 07:21:00,1.26498,1.26495,1.26489,1.265015
2017-10-24 07:22:00,1.26495,1.265,1.26494,1.265
2017-10-24 07:23:00,1.26489,1.264945,1.264865,1.26495
2017-10-24 07:24:00,1.26476,1.26485,1.26475,1.264855
2017-10-24 07:25:00,1.26465,1.26475,1.264585,1.2648
2017-10-24 07:26:00,1.264875,1.2647,1.264695,1.264875
2017-10-24 07:27:00,1.264945,1.264895,1.264895,1.264965
2017-10-24 07:28:00,1.264945,1.264995,1.2649,1.265
2017-10-24 07:29:00,1.265175,1.264985,1.264985,1.2652
2017-10-24 07:30:00,1.26523,1.26516,1.26515,1.26526
2017-10-24 07:31:00,1.265285,1.265215,1.26514,1.265285
2017-10-24 07:32:00,1.26539,1.265305,1.265235,1.26539
2017-10-24 07:33:00,1.2654,1.265395,1.265335,1.26541
2017-10-24 07:34:00,1.26519,1.265395,1.2651,1.2654
2017-10-24 07:35:00,1.26516,1.26517,1.265155,1.26521
2017-10-24 07:36:00,1.26513,1.265215,1.26512,1.26528
2017-10-24 07:37:00,1.26504,1.26511,1.265,1.26511
2017-10-24 07:38:00,1.2651,1.265035,1.265035,1.26511
2017-10-24 07:39:00,1.26513,1.265105,1.2651,1.26513
2017-10-24 07:40:00,1.26529,1.265125,1.26512,1.26529
2017-10-24 07:41:00,1.26522,1.265275,1.26522,1.265275
2017-10-24 07:42:00,1.265195,1.265275,1.265195,1.26535
2017-10-24 07:43:00,1.265365,1.265195,1.265185,1.26539
2017-10-24 07:44:00,1.265395,1.26537,1.265335,1.2654
2017-10-24 07:45:00,1.26551,1.26539,1.26539,1.26554
2017-10-24 07:46:00,1.265645,1.265525,1.265495,1.26568
2017-10-24 07:47:00,1.265585,1.26565,1.265425,1.2657
2017-10-24 07:48:00,1.265705,1.265585,1.265585,1.265715
2017-10-24 07:49:00,1.26547,1.265725,1.26547,1.265725
2017-10-24 07:50:00,1.265325,1.26542,1.26529,1.26542
2017-10-24 07:51:00,1.26556,1.26532,1.265245,1.26556
2017-10-24 07:52:00,1.26527,1.265565,1.265205,1.265575
2017-10-24 07:53:00,1.265265,1.265285,1.26515,1.265335
2017-10-24 07:54:00,1.26523,1.26528,1.26518,1.26531
2017-10-24 07:55:00,1.26528,1.265225,1.26515,1.26532
2017-10-24 07:56:00,1.26524,1.265285,1.26518,1.265305
2017-10-24 07:57:00,1.26516,1.265255,1.265095,1.265255
2017-10-24 07:58:00,1.265245,1.265175,1.265145,1.26533
2017-10-24 07:59:00,1.26534,1.26525,1.265205,1.265445
2017-10-24 08:00:00,1.265225,1.265335,1.265085,1.265395
2017-10-24 08:01:00,1.26536,1.26522,1.265065,1.26536
2017-10-24 08:02:00,1.265335,1.26536,1.2652,1.26545
2017-10-24 08:03:00,1.26528,1.26528,1.265225,1.26535
2017-10-24 08:04:00,1.265425,1.265295,1.26524,1.265475
2017-10-24 08:05:00,1.265345,1.26542,1.265185,1.26553
2017-10-24 08:06:00,1.265295,1.265395,1.265265,1.265395
2017-10-24 08:07:00,1.265255,1.265315,1.26525,1.265345
2017-10-24 08:08:00,1.26542,1.26525,1.265235,1.26547
2017-10-24 08:09:00,1.265245,1.265475,1.26517,1.26552
2017-10-24 08:10:00,1.265345,1.26525,1.26515,1.26541
2017-10-24 08:11:00,1.26536,1.265395,1.26536,1.26558
2017-10-24 08:12:00,1.265285,1.26534,1.265265,1.265405
2017-10-24 08:13:00,1.265475,1.265235,1.26521,1.265485
2017-10-24 08:14:00,1.26521,1.26547,1.26521,1.26548
2017-10-24 08:15:00,1.264765,1.265215,1.264715,1.265265
2017-10-24 08:16:00,1.264525,1.264785,1.264455,1.26485
2017-10-24 08:17:00,1.26453,1.264505,1.264505,1.264765
2017-10-24 08:18:00,1.26457,1.26453,1.26453,1.26465
2017-10-24 08:19:00,1.26447,1.264565,1.264455,1.26469
2017-10-24 08:20:00,1.26459,1.2645,1.26427,1.264625
2017-10-24 08:21:00,1.2647,1.264585,1.26448,1.2647
2017-10-24 08:22:00,1.26445,1.26472,1.26442,1.264845
2017-10-24 08:23:00,1.264375,1.264445,1.26436,1.26448
2017-10-24 08:24:00,1.264435,1.264435,1.26436,1.264485
2017-10-24 08:25:00,1.26451,1.264375,1.26427,1.26452
2017-10-24 08:26:00,1.264455,1.264515,1.26439,1.26461
2017-10-24 08:27:00,1.26467,1.26446,1.26446,1.26467
2017-10-24 08:28:00,1.26477,1.264735,1.264685,1.264845
2017-10-24 08:29:00,1.26469,1.26477,1.264655,1.264775
2017-10-24 08:30:00,1.26487,1.264695,1.264695,1.26489
2017-10-24 08:31:00,1.26455,1.264875,1.264465,1.264875
2017-10-24 08:32:00,1.264345,1.264545,1.264335,1.264625
2017-10-24 08:33:00,1.264365,1.264325,1.26432,1.26452
2017-10-24 08:34:00,1.264305,1.26438,1.26425,1.26444
2017-10-24 08:35:00,1.26415,1.26429,1.264055,1.264425
2017-10-24 08:36:00,1.264105,1.26409,1.264005,1.26423
2017-10-24 08:37:00,1.264075,1.264095,1.26401,1.26411
2017-10-24 08:38:00,1.26404,1.26407,1.26395,1.26414
2017-10-24 08:39:00,1.26413,1.26399,1.263985,1.264195
2017-10-24 08:40:00,1.264315,1.264135,1.264055,1.26439
2017-10-24 08:41:00,1.26401,1.26431,1.264005,1.26431
2017-10-24 08:42:00,1.26412,1.26395,1.263925,1.264145
2017-10-24 08:43:00,1.26405,1.264125,1.264015,1.264145
2017-10-24 08:44:00,1.264045,1.264,1.263965,1.2642
2017-10-24 08:45:00,1.263915,1.26405,1.26389,1.264205
2017-10-24 08:46:00,1.2641,1.263965,1.263965,1.264175
2017-10-24 08:47:00,1.26422,1.2641,1.264095,1.26426
2017-10-24 08:48:00,1.26423,1.264215,1.26412,1.264315
2017-10-24 08:49:00,1.26441,1.26421,1.264205,1.264585
2017-10-24 08:50:00,1.264605,1.26443,1.26443,1.26461
2017-10-24 08:51:00,1.264675,1.26461,1.264545,1.264675
2017-10-24 08:52:00,1.264715,1.26467,1.264615,1.264735
2017-10-24 08:53:00,1.26445,1.2647,1.264445,1.264705
2017-10-24 08:54:00,1.264455,1.264455,1.26439,1.26453
2017-10-24 08:55:00,1.264415,1.2644,1.26437,1.264425
2017-10-24 08:56:00,1.264705,1.264445,1.264445,1.264715
2017-10-24 08:57:00,1.264765,1.264705,1.264695,1.26477
2017-10-24 08:58:00,1.265065,1.26482,1.264785,1.26509
2017-10-24 08:59:00,1.265065,1.26512,1.265005,1.26512
2017-10-24 09:00:00,1.26509,1.265085,1.265065,1.26514
2017-10-24 09:01:00,1.264955,1.265035,1.26473,1.26505
2017-10-24 09:02:00,1.26509,1.26495,1.26493,1.26517
2017-10-24 09:03:00,1.264995,1.265065,1.26499,1.26507
2017-10-24 09:04:00,1.26482,1.265,1.264815,1.26504
2017-10-24 09:05:00,1.264925,1.264815,1.264705,1.26501
2017-10-24 09:06:00,1.264835,1.26492,1.264835,1.264965
2017-10-24 09:07:00,1.26508,1.26482,1.26482,1.265085
2017-10-24 09:08:00,1.265065,1.265075,1.264955,1.26509
2017-10-24 09:09:00,1.264985,1.26507,1.264985,1.26507
2017-10-24 09:10:00,1.26501,1.264975,1.26493,1.265105
2017-10-24 09:11:00,1.26499,1.265005,1.26493,1.265015
2017-10-24 09:12:00,1.26501,1.264995,1.26499,1.265075
2017-10-24 09:13:00,1.26529,1.265005,1.265,1.2653
2017-10-24 09:14:00,1.265265,1.265345,1.265255,1.265395
2017-10-24 09:15:00,1.26526,1.26527,1.265245,1.265325
2017-10-24 09:16:00,1.26502,1.265265,1.264995,1.26528
2017-10-24 09:17:00,1.265045,1.265035,1.264885,1.26511
2017-10-24 09:18:00,1.26462,1.265035,1.26462,1.26519
2017-10-24 09:19:00,1.26446,1.264635,1.264445,1.26474
2017-10-24 09:20:00,1.264415,1.264405,1.26431,1.26443
2017-10-24 09:21:00,1.26446,1.26444,1.264375,1.264535
2017-10-24 09:22:00,1.264435,1.264465,1.26437,1.264545
2017-10-24 09:23:00,1.26446,1.26446,1.264375,1.26449
2017-10-24 09:24:00,1.264395,1.26446,1.26438,1.26466
2017-10-24 09:25:00,1.264325,1.264415,1.2643,1.26452
2017-10-24 09:26:00,1.264365,1.264335,1.264335,1.26451
2017-10-24 09:27:00,1.26454,1.26434,1.264305,1.26455
2017-10-24 09:28:00,1.264795,1.264515,1.264515,1.264835
2017-10-24 09:29:00,1.2647,1.264775,1.264695,1.264795
2017-10-24 09:30:00,1.264905,1.2647,1.264695,1.264955
2017-10-24 09:31:00,1.26476,1.26491,1.264715,1.26491
2017-10-24 09:32:00,1.26487,1.264765,1.264585,1.26487
2017-10-24 09:33:00,1.2649,1.264865,1.26486,1.26498
2017-10-24 09:34:00,1.26529,1.26492,1.2648,1.26534
2017-10-24 09:35:00,1.265165,1.265295,1.264975,1.2653
2017-10-24 09:36:00,1.2651,1.265115,1.265075,1.265365
2017-10-24 09:37:00,1.265235,1.265105,1.26508,1.26524
2017-10-24 09:38:00,1.26503,1.265185,1.265005,1.26524
2017-10-24 09:39:00,1.265055,1.265035,1.264995,1.26514
2017-10-24 09:40:00,1.2653,1.26508,1.26507,1.2653
2017-10-24 09:41:00,1.26533,1.265285,1.26517,1.265355
2017-10-24 09:42:00,1.265525,1.265325,1.26531,1.265575
2017-10-24 09:43:00,1.26549,1.265575,1.26549,1.265695
2017-10-24 09:44:00,1.26527,1.26546,1.26524,1.265465
2017-10-24 09:45:00,1.26497,1.265265,1.264945,1.26531
2017-10-24 09:46:00,1.265265,1.26496,1.26495,1.265575
2017-10-24 09:47:00,1.265065,1.26528,1.26494,1.26528
2017-10-24 09:48:00,1.26502,1.26509,1.26496,1.26514
2017-10-24 09:49:00,1.264945,1.264965,1.26484,1.26502
2017-10-24 09:50:00,1.2649,1.264945,1.26477,1.26501
2017-10-24 09:51:00,1.26482,1.264905,1.26482,1.26496
2017-10-24 09:52:00,1.26487,1.264765,1.264715,1.26494
2017-10-24 09:53:00,1.26502,1.264855,1.2648,1.26506
2017-10-24 09:54:00,1.26499,1.26507,1.26499,1.265145
2017-10-24 09:55:00,1.265065,1.26497,1.264935,1.265225
2017-10-24 09:56:00,1.2648,1.26508,1.264795,1.26508
2017-10-24 09:57:00,1.26502,1.26479,1.26479,1.265045
2017-10-24 09:58:00,1.264835,1.265025,1.26476,1.265085
2017-10-24 09:59:00,1.2648,1.264835,1.26477,1.265065
2017-10-24 10:00:00,1.264845,1.26479,1.26478,1.26501
2017-10-24 10:01:00,1.26471,1.26484,1.2645,1.264845
2017-10-24 10:02:00,1.264985,1.264725,1.264725,1.26504
2017-10-24 10:03:00,1.26533,1.265015,1.265015,1.26533
2017-10-24 10:04:00,1.265265,1.26528,1.265155,1.265305
2017-10-24 10:05:00,1.26533,1.26527,1.265225,1.26539
2017-10-24 10:06:00,1.26529,1.26534,1.2652,1.265355
2017-10-24 10:07:00,1.26496,1.265265,1.264885,1.26527
2017-10-24 10:08:00,1.26508,1.2649,1.264865,1.265085
2017-10-24 10:09:00,1.26503,1.26505,1.26492,1.26507
2017-10-24 10:10:00,1.265095,1.26505,1.265025,1.265145
2017-10-24 10:11:00,1.265315,1.265045,1.265035,1.265395
2017-10-24 10:12:00,1.265375,1.26526,1.265135,1.265385
2017-10-24 10:13:00,1.26526,1.26538,1.26522,1.265385
2017-10-24 10:14:00,1.26518,1.265265,1.265095,1.26538
2017-10-24 10:15:00,1.26531,1.265185,1.26518,1.265495
2017-10-24 10:16:00,1.26515,1.265285,1.265085,1.265295
2017-10-24 10:17:00,1.264775,1.265155,1.264715,1.265155
2017-10-24 10:18:00,1.265155,1.26478,1.264775,1.265155
2017-10-24 10:19:00,1.265335,1.265135,1.265085,1.265395
2017-10-24 10:20:00,1.265205,1.26534,1.2652,1.265405
2017-10-24 10:21:00,1.26518,1.265215,1.26507,1.265215
2017-10-24 10:22:00,1.26508,1.26522,1.26508,1.26523
2017-10-24 10:23:00,1.26551,1.265135,1.265135,1.265535
2017-10-24 10:24:00,1.26522,1.26551,1.26516,1.26558
2017-10-24 10:25:00,1.264995,1.26519,1.2649,1.26519
2017-10-24 10:26:00,1.264945,1.265005,1.26489,1.26514
2017-10-24 10:27:00,1.26501,1.264955,1.26494,1.265125
2017-10-24 10:28:00,1.265255,1.265005,1.265,1.265295
2017-10-24 10:29:00,1.265245,1.265255,1.265045,1.265295
2017-10-24 10:30:00,1.26518,1.265305,1.265165,1.2654
2017-10-24 10:31:00,1.26532,1.26523,1.26523,1.265405
2017-10-24 10:32:00,1.26545,1.265325,1.26515,1.26547
2017-10-24 10:33:00,1.26548,1.265435,1.265385,1.265515
2017-10-24 10:34:00,1.26558,1.26546,1.26539,1.265615
2017-10-24 10:35:00,1.26562,1.265585,1.265575,1.26565
2017-10-24 10:36:00,1.265475,1.265605,1.265475,1.265615
2017-10-24 10:37:00,1.265315,1.265495,1.265315,1.265495
2017-10-24 10:38:00,1.265445,1.265295,1.265295,1.2655
2017-10-24 10:39:00,1.26575,1.26544,1.26544,1.26582
2017-10-24 10:40:00,1.26564,1.265805,1.265605,1.265885
2017-10-24 10:41:00,1.26553,1.265615,1.265445,1.26567
2017-10-24 10:42:00,1.265505,1.26554,1.265505,1.26571
2017-10-24 10:43:00,1.265545,1.26552,1.26549,1.265625
2017-10-24 10:44:00,1.265615,1.26555,1.26555,1.26574
2017-10-24 10:45:00,1.26588,1.265625,1.26555,1.26597
2017-10-24 10:46:00,1.26576,1.265885,1.265735,1.265885
2017-10-24 10:47:00,1.26588,1.265775,1.265755,1.26588
2017-10-24 10:48:00,1.26594,1.265905,1.26576,1.265975
2017-10-24 10:49:00,1.265965,1.265945,1.26588,1.265975
2017-10-24 10:50:00,1.26615,1.26596,1.265905,1.26623
2017-10-24 10:51:00,1.26649,1.266155,1.266095,1.26661
2017-10-24 10:52:00,1.266535,1.266435,1.26643,1.26658
2017-10-24 10:53:00,1.26635,1.266485,1.266335,1.266515
2017-10-24 10:54:00,1.26724,1.266345,1.26634,1.26732
2017-10-24 10:55:00,1.267285,1.267245,1.26721,1.267695
2017-10-24 10:56:00,1.26726,1.267315,1.266955,1.26736
2017-10-24 10:57:00,1.267185,1.267235,1.267175,1.267395
2017-10-24 10:58:00,1.26732,1.267175,1.26707,1.267615
2017-10-24 10:59:00,1.26717,1.26729,1.26705,1.267405
2017-10-24 11:00:00,1.267145,1.267165,1.267125,1.267285
2017-10-24 11:01:00,1.267065,1.26715,1.26694,1.26725
2017-10-24 11:02:00,1.267215,1.26709,1.266995,1.26725
2017-10-24 11:03:00,1.2671,1.26721,1.266875,1.267295
2017-10-24 11:04:00,1.266935,1.267095,1.266905,1.26715
2017-10-24 11:05:00,1.267025,1.266925,1.26685,1.26703
2017-10-24 11:06:00,1.266795,1.26701,1.26674,1.267015
2017-10-24 11:07:00,1.26665,1.26675,1.26661,1.26684
2017-10-24 11:08:00,1.266865,1.26665,1.26664,1.26713
2017-10-24 11:09:00,1.26692,1.266925,1.266805,1.267025
2017-10-24 11:10:00,1.26705,1.266915,1.266915,1.267065
2017-10-24 11:11:00,1.266875,1.267045,1.266835,1.26708
2017-10-24 11:12:00,1.266775,1.26688,1.266765,1.26689
2017-10-24 11:13:00,1.26683,1.26678,1.266775,1.266845
2017-10-24 11:14:00,1.26675,1.266865,1.266725,1.266915
2017-10-24 11:15:00,1.266755,1.26676,1.26673,1.26682
2017-10-24 11:16:00,1.26674,1.26676,1.26668,1.2668
2017-10-24 11:17:00,1.26673,1.266745,1.266715,1.26684
2017-10-24 11:18:00,1.266825,1.26672,1.26668,1.26686
2017-10-24 11:19:00,1.26668,1.26682,1.266655,1.26682
2017-10-24 11:20:00,1.26669,1.266675,1.26667,1.26681
2017-10-24 11:21:00,1.266495,1.26669,1.266495,1.266695
2017-10-24 11:22:00,1.2666,1.266505,1.266505,1.266745
2017-10-24 11:23:00,1.266795,1.26659,1.26652,1.266795
2017-10-24 11:24:00,1.26671,1.26682,1.26668,1.26687
2017-10-24 11:25:00,1.266665,1.266665,1.266595,1.26673
2017-10-24 11:26:00,1.26672,1.266675,1.26662,1.266765
2017-10-24 11:27:00,1.266525,1.266665,1.26646,1.266665
2017-10-24 11:28:00,1.266495,1.26652,1.26639,1.266525
2017-10-24 11:29:00,1.26654,1.26649,1.26644,1.26657
2017-10-24 11:30:00,1.266475,1.26659,1.26645,1.266675
2017-10-24 11:31:00,1.266445,1.266445,1.26633,1.266635
2017-10-24 11:32:00,1.266695,1.26644,1.26643,1.266695
2017-10-24 11:33:00,1.266675,1.266635,1.266635,1.26673
2017-10-24 11:34:00,1.26663,1.26667,1.266515,1.26667
2017-10-24 11:35:00,1.266425,1.266655,1.266415,1.266675
2017-10-24 11:36:00,1.26643,1.266425,1.2664,1.26645
2017-10-24 11:37:00,1.265995,1.26637,1.265955,1.26637
2017-10-24 11:38:00,1.265825,1.266,1.265825,1.26601
2017-10-24 11:39:00,1.265975,1.265845,1.265725,1.265985
2017-10-24 11:40:00,1.266085,1.26597,1.26595,1.26614
2017-10-24 11:41:00,1.266155,1.26609,1.26608,1.266175
2017-10-24 11:42:00,1.266205,1.266155,1.266095,1.26623
2017-10-24 11:43:00,1.266055,1.2662,1.266055,1.26622
2017-10-24 11:44:00,1.266245,1.266105,1.266085,1.266275
2017-10-24 11:45:00,1.266285,1.26626,1.26604,1.266285
2017-10-24 11:46:00,1.266315,1.266225,1.2662,1.26636
2017-10-24 11:47:00,1.26629,1.266265,1.266155,1.266375
2017-10-24 11:48:00,1.26645,1.266285,1.266235,1.266485
2017-10-24 11:49:00,1.26646,1.266505,1.266405,1.266595
2017-10-24 11:50:00,1.26648,1.266405,1.266265,1.26664
2017-10-24 11:51:00,1.26636,1.26643,1.266285,1.266435
2017-10-24 11:52:00,1.266445,1.266385,1.26627,1.266445
2017-10-24 11:53:00,1.266465,1.26644,1.26641,1.26652
2017-10-24 11:54:00,1.26619,1.266455,1.26609,1.266485
2017-10-24 11:55:00,1.2663,1.26619,1.26606,1.26632
2017-10-24 11:56:00,1.26612,1.26624,1.26612,1.2664
2017-10-24 11:57:00,1.26588,1.26612,1.265685,1.26613
2017-10-24 11:58:00,1.26615,1.265875,1.265865,1.266155
2017-10-24 11:59:00,1.265795,1.26611,1.265755,1.26611
2017-10-24 12:00:00,1.266045,1.26574,1.265615,1.26605
2017-10-24 12:01:00,1.26604,1.266045,1.265915,1.26616
2017-10-24 12:02:00,1.26603,1.26603,1.26601,1.26614
2017-10-24 12:03:00,1.265855,1.266035,1.265855,1.26607
2017-10-24 12:04:00,1.26578,1.26586,1.26578,1.26591
2017-10-24 12:05:00,1.265925,1.26577,1.26576,1.265925
2017-10-24 12:06:00,1.265865,1.26592,1.26584,1.265925
2017-10-24 12:07:00,1.266065,1.265865,1.265855,1.266065
2017-10-24 12:08:00,1.266225,1.266095,1.26607,1.266375
2017-10-24 12:09:00,1.266155,1.26622,1.26606,1.266225
2017-10-24 12:10:00,1.266125,1.266205,1.2661,1.2663
2017-10-24 12:11:00,1.26623,1.266105,1.266085,1.2663
2017-10-24 12:12:00,1.266415,1.266285,1.266285,1.26646
2017-10-24 12:13:00,1.266465,1.26642,1.26642,1.26663
2017-10-24 12:14:00,1.2668,1.266525,1.266525,1.26681
2017-10-24 12:15:00,1.266845,1.2668,1.266625,1.26694
2017-10-24 12:16:00,1.26683,1.266825,1.26682,1.26687
2017-10-24 12:17:00,1.26686,1.26682,1.266735,1.26688
2017-10-24 12:18:00,1.266735,1.266915,1.266665,1.26697
2017-10-24 12:19:00,1.26674,1.26668,1.26661,1.26676
2017-10-24 12:20:00,1.2667,1.26676,1.266665,1.26676
2017-10-24 12:21:00,1.266805,1.26668,1.26663,1.266805
2017-10-24 12:22:00,1.266775,1.2668,1.266705,1.26681
2017-10-24 12:23:00,1.2672,1.266795,1.266795,1.26727
2017-10-24 12:24:00,1.26716,1.267185,1.26705,1.26725
2017-10-24 12:25:00,1.267105,1.267155,1.26707,1.26738
2017-10-24 12:26:00,1.267115,1.2671,1.267015,1.26713
2017-10-24 12:27:00,1.267255,1.26712,1.267115,1.26726
2017-10-24 12:28:00,1.267415,1.26725,1.267235,1.267525
2017-10-24 12:29:00,1.26741,1.267405,1.267225,1.26748
2017-10-24 12:30:00,1.267095,1.267405,1.26706,1.26742
2017-10-24 12:31:00,1.26716,1.267095,1.267085,1.2672
2017-10-24 12:32:00,1.267155,1.26717,1.26711,1.26718
2017-10-24 12:33:00,1.26699,1.26713,1.266985,1.26713
2017-10-24 12:34:00,1.266855,1.26693,1.266825,1.26693
2017-10-24 12:35:00,1.266895,1.266855,1.26684,1.2669
2017-10-24 12:36:00,1.26697,1.266875,1.266875,1.26698
2017-10-24 12:37:00,1.266915,1.26699,1.266915,1.26699
2017-10-24 12:38:00,1.266845,1.266895,1.26673,1.266895
2017-10-24 12:39:00,1.26701,1.266855,1.266855,1.267205
2017-10-24 12:40:00,1.26705,1.267,1.266965,1.26705
2017-10-24 12:41:00,1.266935,1.267055,1.2669,1.267055
2017-10-24 12:42:00,1.266985,1.266935,1.26692,1.26703
2017-10-24 12:43:00,1.266985,1.26704,1.26698,1.26707
2017-10-24 12:44:00,1.26695,1.266995,1.266945,1.266995
2017-10-24 12:45:00,1.267015,1.26695,1.266945,1.26702
2017-10-24 12:46:00,1.267235,1.267065,1.267065,1.267325
2017-10-24 12:47:00,1.2672,1.267245,1.26715,1.267245
2017-10-24 12:48:00,1.26728,1.26721,1.267135,1.26728
2017-10-24 12:49:00,1.26727,1.26725,1.267175,1.26728
2017-10-24 12:50:00,1.267275,1.267275,1.267105,1.26733
2017-10-24 12:51:00,1.26735,1.267225,1.267195,1.26737
2017-10-24 12:52:00,1.26734,1.2674,1.267305,1.26741
2017-10-24 12:53:00,1.267325,1.267355,1.267275,1.26739
2017-10-24 12:54:00,1.267375,1.26734,1.267335,1.26739
2017-10-24 12:55:00,1.26738,1.267355,1.26734,1.26738
2017-10-24 12:56:00,1.267415,1.267385,1.267325,1.26742
2017-10-24 12:57:00,1.26745,1.267405,1.267405,1.267485
2017-10-24 12:58:00,1.267575,1.26744,1.267365,1.267595
2017-10-24 12:59:00,1.268125,1.267575,1.2675,1.268225
2017-10-24 13:00:00,1.26782,1.268115,1.2677,1.268115
2017-10-24 13:01:00,1.267945,1.26782,1.267775,1.267945
2017-10-24 13:02:00,1.267915,1.267965,1.267835,1.26797
2017-10-24 13:03:00,1.267905,1.26792,1.26781,1.267975
2017-10-24 13:04:00,1.267905,1.267905,1.2679,1.267975
2017-10-24 13:05:00,1.267865,1.267935,1.267855,1.26796
2017-10-24 13:06:00,1.2681,1.267845,1.26781,1.268105
2017-10-24 13:07:00,1.26826,1.268095,1.26808,1.2683
2017-10-24 13:08:00,1.268415,1.268205,1.268205,1.268475
2017-10-24 13:09:00,1.2685,1.26842,1.26838,1.2686
2017-10-24 13:10:00,1.268705,1.268495,1.268475,1.26878
2017-10-24 13:11:00,1.268635,1.268665,1.268525,1.268665
2017-10-24 13:12:00,1.26891,1.268695,1.268695,1.269
2017-10-24 13:13:00,1.268725,1.2689,1.268535,1.2689
2017-10-24 13:14:00,1.26859,1.26874,1.268515,1.26874
2017-10-24 13:15:00,1.268585,1.268585,1.268545,1.26863
2017-10-24 13:16:00,1.26839,1.26858,1.26839,1.26863
2017-10-24 13:17:00,1.26842,1.268385,1.26823,1.26848
2017-10-24 13:18:00,1.2683,1.26844,1.2683,1.26847
2017-10-24 13:19:00,1.26852,1.26829,1.268285,1.268625
2017-10-24 13:20:00,1.268535,1.268505,1.2685,1.268545
2017-10-24 13:21:00,1.268405,1.26848,1.26838,1.26853
2017-10-24 13:22:00,1.268595,1.268395,1.26839,1.26862
2017-10-24 13:23:00,1.26856,1.26857,1.2685,1.268645
2017-10-24 13:24:00,1.268355,1.268565,1.268355,1.268565
2017-10-24 13:25:00,1.268405,1.26837,1.26831,1.26842
2017-10-24 13:26:00,1.268235,1.2684,1.26822,1.268405
2017-10-24 13:27:00,1.26821,1.26829,1.268205,1.26831
2017-10-24 13:28:00,1.268185,1.268195,1.26812,1.2682
2017-10-24 13:29:00,1.268315,1.268205,1.2682,1.268325
2017-10-24 13:30:00,1.26831,1.268255,1.268175,1.26835
2017-10-24 13:31:00,1.268535,1.268305,1.26829,1.268575
2017-10-24 13:32:00,1.268535,1.26855,1.26845,1.268585
2017-10-24 13:33:00,1.2685,1.26855,1.2685,1.268565
2017-10-24 13:34:00,1.268525,1.268525,1.268525,1.268525
2017-10-24 13:35:00,1.26841,1.268565,1.268405,1.268625
2017-10-24 13:36:00,1.26847,1.268425,1.26839,1.268495
2017-10-24 13:37:00,1.26855,1.26847,1.26846,1.26855
2017-10-24 13:38:00,1.26846,1.26852,1.268445,1.26852
2017-10-24 13:39:00,1.268415,1.26846,1.268405,1.26847
2017-10-24 13:40:00,1.26817,1.268405,1.26814,1.268415
2017-10-24 13:41:00,1.268385,1.268175,1.268165,1.268395
2017-10-24 13:42:00,1.26829,1.268385,1.268245,1.268425
2017-10-24 13:43:00,1.26842,1.268285,1.26821,1.26843
2017-10-24 13:44:00,1.26835,1.268365,1.26824,1.268435
2017-10-24 13:45:00,1.268425,1.268335,1.2683,1.26845
2017-10-24 13:46:00,1.268455,1.268415,1.26832,1.268475
2017-10-24 13:47:00,1.26865,1.26845,1.26844,1.26866
2017-10-24 13:48:00,1.26863,1.268675,1.26862,1.268695
2017-10-24 13:49:00,1.268885,1.268635,1.268635,1.268885
2017-10-24 13:50:00,1.26889,1.26886,1.268785,1.26891
2017-10-24 13:51:00,1.268875,1.268875,1.26883,1.26892
2017-10-24 13:52:00,1.2688,1.26888,1.26876,1.268945
2017-10-24 13:53:00,1.268765,1.268825,1.268685,1.268825
2017-10-24 13:54:00,1.268785,1.268715,1.268685,1.268815
2017-10-24 13:55:00,1.268865,1.26878,1.26876,1.26887
2017-10-24 13:56:00,1.26882,1.26887,1.268815,1.26889
2017-10-24 13:57:00,1.268795,1.268815,1.268785,1.268835
2017-10-24 13:58:00,1.268845,1.26879,1.26875,1.26886
2017-10-24 13:59:00,1.268865,1.26884,1.26882,1.26887
2017-10-24 14:00:00,1.268945,1.268915,1.2689,1.268975
2017-10-24 14:01:00,1.26902,1.268965,1.268915,1.26902
2017-10-24 14:02:00,1.2691,1.269075,1.269065,1.26925
2017-10-24 14:03:00,1.269095,1.269045,1.269035,1.269095
2017-10-24 14:04:00,1.2691,1.269075,1.269055,1.26914
2017-10-24 14:05:00,1.26912,1.269045,1.26903,1.26914
2017-10-24 14:06:00,1.269175,1.26912,1.269115,1.269175
2017-10-24 14:07:00,1.2691,1.269145,1.269095,1.269155
2017-10-24 14:08:00,1.269005,1.269045,1.26899,1.26907
2017-10-24 14:09:00,1.26896,1.269045,1.268945,1.269045
2017-10-24 14:10:00,1.268955,1.268955,1.268945,1.269005
2017-10-24 14:11:00,1.268805,1.268905,1.268795,1.268905
2017-10-24 14:12:00,1.268555,1.26876,1.268525,1.26876
2017-10-24 14:13:00,1.268625,1.26855,1.268545,1.268625
2017-10-24 14:14:00,1.26859,1.268635,1.268585,1.268655
2017-10-24 14:15:00,1.26842,1.268525,1.268385,1.268525
2017-10-24 14:16:00,1.268605,1.268475,1.26842,1.268605
2017-10-24 14:17:00,1.26856,1.268615,1.268505,1.268635
2017-10-24 14:18:00,1.2686,1.268505,1.2685,1.2686
2017-10-24 14:19:00,1.268475,1.26864,1.26847,1.268665
2017-10-24 14:20:00,1.268515,1.26847,1.26847,1.268515
2017-10-24 14:21:00,1.268615,1.26852,1.26852,1.26867
2017-10-24 14:22:00,1.2684,1.268565,1.268395,1.268565
2017-10-24 14:23:00,1.268435,1.268405,1.26833,1.268435
2017-10-24 14:24:00,1.268525,1.26849,1.26849,1.268685
2017-10-24 14:25:00,1.26842,1.26855,1.268415,1.268625
2017-10-24 14:26:00,1.26837,1.268365,1.26834,1.268475
2017-10-24 14:27:00,1.26849,1.26835,1.26835,1.26858
2017-10-24 14:28:00,1.268535,1.2685,1.2685,1.26863
2017-10-24 14:29:00,1.26841,1.26854,1.26841,1.26854
2017-10-24 14:30:00,1.268395,1.26843,1.26832,1.26844
2017-10-24 14:31:00,1.268445,1.268415,1.26832,1.268455
2017-10-24 14:32:00,1.268465,1.26845,1.26843,1.26848
2017-10-24 14:33:00,1.26857,1.26847,1.26847,1.268585
2017-10-24 14:34:00,1.26848,1.268575,1.26846,1.268595
2017-10-24 14:35:00,1.26838,1.26851,1.268375,1.26858
2017-10-24 14:36:00,1.268285,1.26838,1.268275,1.268425
2017-10-24 14:37:00,1.268255,1.268235,1.268215,1.268335
2017-10-24 14:38:00,1.26831,1.26825,1.26816,1.268345
2017-10-24 14:39:00,1.268335,1.26832,1.268295,1.26834
2017-10-24 14:40:00,1.268455,1.26839,1.26839,1.26846
2017-10-24 14:41:00,1.268535,1.268505,1.2685,1.26857
2017-10-24 14:42:00,1.268615,1.26854,1.26853,1.268615
2017-10-24 14:43:00,1.268625,1.26866,1.268615,1.26867
2017-10-24 14:44:00,1.26862,1.268605,1.268575,1.268625
2017-10-24 14:45:00,1.26861,1.268635,1.268585,1.26866
2017-10-24 14:46:00,1.26824,1.268555,1.2682,1.26856
2017-10-24 14:47:00,1.26818,1.268235,1.268145,1.268325
2017-10-24 14:48:00,1.26818,1.268175,1.26814,1.26824
2017-10-24 14:49:00,1.26783,1.26816,1.26774,1.268215
2017-10-24 14:50:00,1.267825,1.26782,1.26773,1.26791
2017-10-24 14:51:00,1.26777,1.26783,1.267765,1.26792
2017-10-24 14:52:00,1.267735,1.26771,1.267515,1.267735
2017-10-24 14:53:00,1.26773,1.26773,1.2677,1.267795
2017-10-24 14:54:00,1.267355,1.267675,1.267225,1.26768
2017-10-24 14:55:00,1.267385,1.267405,1.2673,1.267445
2017-10-24 14:56:00,1.267445,1.267385,1.267305,1.26745
2017-10-24 14:57:00,1.26739,1.267435,1.267275,1.267535
2017-10-24 14:58:00,1.26766,1.267445,1.267445,1.26781
2017-10-24 14:59:00,1.267735,1.2677,1.26767,1.267765
2017-10-24 15:00:00,1.267695,1.26774,1.26731,1.26775
2017-10-24 15:01:00,1.26778,1.26771,1.267575,1.267935
2017-10-24 15:02:00,1.267755,1.267785,1.267655,1.267785
2017-10-24 15:03:00,1.26729,1.2677,1.267255,1.2677
2017-10-24 15:04:00,1.267305,1.267305,1.267205,1.26737
2017-10-24 15:05:00,1.267635,1.2673,1.26728,1.26764
2017-10-24 15:06:00,1.269115,1.26764,1.26757,1.26931
2017-10-24 15:07:00,1.26859,1.26905,1.26806,1.26908
2017-10-24 15:08:00,1.268155,1.26858,1.26763,1.268585
2017-10-24 15:09:00,1.26791,1.26816,1.2678,1.26816
2017-10-24 15:10:00,1.26793,1.26792,1.26734,1.267935
2017-10-24 15:11:00,1.26788,1.267935,1.26773,1.267975
2017-10-24 15:12:00,1.26779,1.267885,1.267785,1.26799
2017-10-24 15:13:00,1.26768,1.267785,1.267445,1.267785
2017-10-24 15:14:00,1.26788,1.26765,1.267625,1.268055
2017-10-24 15:15:00,1.26807,1.267875,1.267875,1.268155
2017-10-24 15:16:00,1.26823,1.26808,1.267915,1.268265
2017-10-24 15:17:00,1.267795,1.26818,1.26757,1.268185
2017-10-24 15:18:00,1.26766,1.267805,1.267655,1.26783
2017-10-24 15:19:00,1.26751,1.267665,1.267465,1.26767
2017-10-24 15:20:00,1.267645,1.267505,1.267345,1.267815
2017-10-24 15:21:00,1.267585,1.26764,1.267545,1.26777
2017-10-24 15:22:00,1.26748,1.26758,1.267435,1.26773
2017-10-24 15:23:00,1.267965,1.26749,1.26747,1.267965
2017-10-24 15:24:00,1.267905,1.267975,1.267895,1.268185
2017-10-24 15:25:00,1.268105,1.26792,1.26788,1.268145
2017-10-24 15:26:00,1.268065,1.26805,1.26801,1.268215
2017-10-24 15:27:00,1.26802,1.26804,1.267965,1.26811
2017-10-24 15:28:00,1.26832,1.26803,1.268025,1.268365
2017-10-24 15:29:00,1.26809,1.268315,1.268075,1.26832
2017-10-24 15:30:00,1.26815,1.26808,1.267995,1.26817
2017-10-24 15:31:00,1.26791,1.268155,1.267855,1.268165
2017-10-24 15:32:00,1.26798,1.267905,1.267825,1.26799
2017-10-24 15:33:00,1.267995,1.267995,1.267895,1.268005
2017-10-24 15:34:00,1.268245,1.26801,1.268005,1.268285
2017-10-24 15:35:00,1.268105,1.26825,1.268035,1.268325
2017-10-24 15:36:00,1.26797,1.268115,1.267965,1.268115
2017-10-24 15:37:00,1.268125,1.267985,1.26798,1.26827
2017-10-24 15:38:00,1.267965,1.268125,1.267935,1.26814
2017-10-24 15:39:00,1.268085,1.26797,1.267945,1.268115
2017-10-24 15:40:00,1.268215,1.268095,1.268065,1.268215
2017-10-24 15:41:00,1.26829,1.26827,1.26823,1.268375
2017-10-24 15:42:00,1.268235,1.268315,1.268185,1.268315
2017-10-24 15:43:00,1.26831,1.268225,1.2681,1.26836
2017-10-24 15:44:00,1.26834,1.268315,1.26827,1.268505
2017-10-24 15:45:00,1.268245,1.26833,1.268125,1.26854
2017-10-24 15:46:00,1.26823,1.26826,1.26806,1.268335
2017-10-24 15:47:00,1.268025,1.26822,1.26802,1.26837
2017-10-24 15:48:00,1.268145,1.26804,1.26794,1.268185
2017-10-24 15:49:00,1.267955,1.26814,1.267945,1.268165
2017-10-24 15:50:00,1.26796,1.26795,1.267845,1.268005
2017-10-24 15:51:00,1.268025,1.26797,1.26795,1.26811
2017-10-24 15:52:00,1.267985,1.267995,1.267915,1.268065
2017-10-24 15:53:00,1.268115,1.267975,1.267975,1.268195
2017-10-24 15:54:00,1.26814,1.268165,1.26805,1.268235
2017-10-24 15:55:00,1.268325,1.268145,1.268145,1.26846
2017-10-24 15:56:00,1.2682,1.26834,1.268195,1.26834
2017-10-24 15:57:00,1.268085,1.26818,1.267985,1.26822
2017-10-24 15:58:00,1.26816,1.268115,1.268065,1.268195
2017-10-24 15:59:00,1.268215,1.26818,1.26816,1.268285
2017-10-24 16:00:00,1.26834,1.268205,1.2682,1.26841
2017-10-24 16:01:00,1.26812,1.26837,1.268005,1.268475
2017-10-24 16:02:00,1.26811,1.268145,1.26778,1.268235
2017-10-24 16:03:00,1.268105,1.26814,1.26805,1.26816
2017-10-24 16:04:00,1.268095,1.268095,1.26808,1.26811
2017-10-24 16:05:00,1.26789,1.26804,1.26787,1.26804
2017-10-24 16:06:00,1.268,1.26789,1.267885,1.268005
2017-10-24 16:07:00,1.268,1.267995,1.267975,1.268055
2017-10-24 16:08:00,1.267965,1.268,1.267935,1.268005
2017-10-24 16:09:00,1.267905,1.267975,1.267905,1.267985
2017-10-24 16:10:00,1.267865,1.26791,1.26783,1.26791
2017-10-24 16:11:00,1.267805,1.26785,1.267805,1.267905
2017-10-24 16:12:00,1.267775,1.26783,1.26774,1.26785
2017-10-24 16:13:00,1.267825,1.26778,1.26761,1.267845
2017-10-24 16:14:00,1.26779,1.26782,1.267705,1.267915
2017-10-24 16:15:00,1.2678,1.267785,1.267775,1.267935
2017-10-24 16:16:00,1.2678,1.26779,1.26773,1.26787
2017-10-24 16:17:00,1.267845,1.26785,1.26783,1.26787
2017-10-24 16:18:00,1.267975,1.26784,1.26784,1.267985
2017-10-24 16:19:00,1.26789,1.267965,1.26785,1.267995
2017-10-24 16:20:00,1.26773,1.2679,1.267665,1.26791
2017-10-24 16:21:00,1.267785,1.267785,1.267775,1.267785
2017-10-24 16:22:00,1.26765,1.267785,1.267585,1.26787
2017-10-24 16:23:00,1.26761,1.26765,1.2676,1.2677
2017-10-24 16:24:00,1.267615,1.26762,1.26761,1.267625
2017-10-24 16:25:00,1.26747,1.26762,1.26747,1.267665
2017-10-24 16:26:00,1.26761,1.26749,1.267455,1.26761
2017-10-24 16:27:00,1.26747,1.26761,1.267385,1.267645
2017-10-24 16:28:00,1.267465,1.26748,1.267415,1.26753
2017-10-24 16:29:00,1.26746,1.267465,1.267445,1.26749
2017-10-24 16:30:00,1.26739,1.26747,1.267385,1.267475
2017-10-24 16:31:00,1.26744,1.26739,1.26739,1.26754
2017-10-24 16:32:00,1.26749,1.267445,1.26741,1.26757
2017-10-24 16:33:00,1.267365,1.267495,1.267345,1.267535
2017-10-24 16:34:00,1.26717,1.267375,1.26713,1.267385
2017-10-24 16:35:00,1.267285,1.267185,1.267185,1.26729
2017-10-24 16:36:00,1.267295,1.26728,1.26727,1.267295
2017-10-24 16:37:00,1.26731,1.26731,1.26727,1.267335
2017-10-24 16:38:00,1.26731,1.267335,1.267285,1.267365
2017-10-24 16:39:00,1.26739,1.26731,1.26731,1.2674
2017-10-24 16:40:00,1.26736,1.267385,1.267305,1.267385
2017-10-24 16:41:00,1.267355,1.267365,1.267325,1.26738
2017-10-24 16:42:00,1.26731,1.26736,1.26731,1.26736
2017-10-24 16:43:00,1.26729,1.26733,1.26729,1.267355
2017-10-24 16:44:00,1.26711,1.267285,1.267095,1.26731
2017-10-24 16:45:00,1.26718,1.267105,1.267025,1.26718
2017-10-24 16:46:00,1.267185,1.26711,1.2671,1.267185
2017-10-24 16:47:00,1.267185,1.26718,1.267095,1.267205
2017-10-24 16:48:00,1.267205,1.267185,1.267175,1.267295
2017-10-24 16:49:00,1.26728,1.267215,1.26721,1.2673
2017-10-24 16:50:00,1.26738,1.267285,1.26728,1.26738
2017-10-24 16:51:00,1.267455,1.267445,1.26737,1.26747
2017-10-24 16:52:00,1.267435,1.267445,1.267425,1.26752
2017-10-24 16:53:00,1.26753,1.26744,1.267425,1.26757
2017-10-24 16:54:00,1.26744,1.26754,1.26744,1.26754
2017-10-24 16:55:00,1.2676,1.267385,1.267385,1.26761
2017-10-24 16:56:00,1.267425,1.267595,1.2674,1.267615
2017-10-24 16:57:00,1.267465,1.26745,1.26745,1.26748
2017-10-24 16:58:00,1.26753,1.26745,1.267445,1.26755
2017-10-24 17:04:00,1.267485,1.26745,1.26745,1.267485
2017-10-24 17:05:00,1.267485,1.26745,1.26745,1.267485
2017-10-24 17:06:00,1.267525,1.267525,1.267525,1.267525
2017-10-24 17:07:00,1.267525,1.267525,1.267525,1.267525
2017-10-24 17:08:00,1.267525,1.267525,1.267525,1.267525
2017-10-24 17:09:00,1.267485,1.267485,1.267485,1.267485
2017-10-24 17:10:00,1.267485,1.267485,1.267485,1.267485
2017-10-24 17:11:00,1.26741,1.26753,1.26733,1.267625
2017-10-24 17:12:00,1.26757,1.26741,1.26739,1.26774
2017-10-24 17:13:00,1.267535,1.26757,1.267485,1.26768
2017-10-24 17:14:00,1.26751,1.267535,1.26747,1.267595
2017-10-24 17:15:00,1.26757,1.267515,1.267485,1.267725
2017-10-24 17:16:00,1.267635,1.267575,1.267565,1.267635
2017-10-24 17:17:00,1.26755,1.26755,1.26755,1.26755
2017-10-24 17:18:00,1.26755,1.267545,1.267475,1.267595
2017-10-24 17:19:00,1.267525,1.267535,1.26752,1.267605
2017-10-24 17:20:00,1.267575,1.267535,1.267505,1.26758
2017-10-24 17:21:00,1.26763,1.26757,1.26756,1.26763
2017-10-24 17:22:00,1.26763,1.26757,1.26756,1.26763
2017-10-24 17:23:00,1.26763,1.26757,1.26756,1.26763
2017-10-24 17:24:00,1.26763,1.26757,1.26756,1.26763
2017-10-24 17:25:00,1.26763,1.26757,1.26756,1.26763
2017-10-24 17:26:00,1.26763,1.26757,1.26756,1.26763
2017-10-24 17:27:00,1.26763,1.26757,1.26756,1.26763
2017-10-24 17:28:00,1.267675,1.267605,1.26752,1.267705
2017-10-24 17:29:00,1.267625,1.26768,1.267625,1.267705
2017-10-24 17:30:00,1.267625,1.26768,1.267625,1.267705
2017-10-24 17:31:00,1.267655,1.26771,1.26764,1.267725
2017-10-24 17:32:00,1.267655,1.26771,1.26764,1.267725
2017-10-24 17:33:00,1.267755,1.267725,1.26772,1.26776
2017-10-24 17:34:00,1.26771,1.267765,1.26771,1.26777
2017-10-24 17:35:00,1.26764,1.26764,1.26764,1.26764
2017-10-24 17:36:00,1.26764,1.26764,1.26764,1.26764
2017-10-24 17:37:00,1.267635,1.26763,1.267625,1.26765
2017-10-24 17:38:00,1.267865,1.26771,1.267705,1.26807
2017-10-24 17:39:00,1.267895,1.26787,1.26786,1.2679
2017-10-24 17:40:00,1.267895,1.26788,1.26788,1.26791
2017-10-24 17:41:00,1.26782,1.26787,1.26776,1.267875
2017-10-24 17:42:00,1.267915,1.267905,1.267895,1.26792
2017-10-24 17:43:00,1.26799,1.26792,1.267915,1.268
2017-10-24 17:44:00,1.26802,1.268005,1.267995,1.26804
2017-10-24 17:45:00,1.267945,1.26802,1.267945,1.268035
2017-10-24 17:46:00,1.267945,1.26802,1.267945,1.268035
2017-10-24 17:47:00,1.267955,1.26797,1.26793,1.268075
2017-10-24 17:48:00,1.26795,1.26795,1.26794,1.267965
2017-10-24 17:49:00,1.26769,1.26796,1.267585,1.267965
2017-10-24 17:50:00,1.26769,1.26796,1.267585,1.267965
2017-10-24 17:51:00,1.26769,1.26796,1.267585,1.267965
2017-10-24 17:52:00,1.26771,1.26771,1.26771,1.26771
2017-10-24 17:53:00,1.267755,1.267635,1.26763,1.267755
2017-10-24 17:54:00,1.26763,1.267755,1.267605,1.267765
2017-10-24 17:55:00,1.26759,1.267625,1.267525,1.267705
2017-10-24 17:56:00,1.26767,1.26766,1.267655,1.267675
2017-10-24 17:57:00,1.267615,1.26767,1.267615,1.267675
2017-10-24 17:58:00,1.267615,1.26767,1.267615,1.267675
2017-10-24 17:59:00,1.26771,1.26764,1.26764,1.26771
2017-10-24 18:00:00,1.267755,1.267735,1.26772,1.267805
2017-10-24 18:01:00,1.267735,1.267805,1.26759,1.267815
2017-10-24 18:02:00,1.26773,1.267735,1.267705,1.26774
2017-10-24 18:03:00,1.267715,1.267725,1.2677,1.267745
2017-10-24 18:04:00,1.2677,1.267725,1.2677,1.26773
2017-10-24 18:05:00,1.26773,1.2677,1.2677,1.26774
2017-10-24 18:06:00,1.267715,1.267725,1.267705,1.267735
2017-10-24 18:07:00,1.26764,1.26771,1.26764,1.26772
2017-10-24 18:08:00,1.267605,1.26764,1.2676,1.26764
2017-10-24 18:09:00,1.2676,1.267615,1.26759,1.267615
2017-10-24 18:10:00,1.267385,1.267575,1.267375,1.26758
2017-10-24 18:11:00,1.26745,1.26739,1.26739,1.267545
2017-10-24 18:12:00,1.267395,1.267455,1.267385,1.267465
2017-10-24 18:13:00,1.26738,1.267385,1.26733,1.26741
2017-10-24 18:14:00,1.26734,1.267385,1.26734,1.2674
2017-10-24 18:15:00,1.26736,1.26736,1.26736,1.26736
2017-10-24 18:16:00,1.2674,1.26734,1.26734,1.26741
2017-10-24 18:17:00,1.26723,1.2674,1.267225,1.2674
2017-10-24 18:18:00,1.26732,1.26725,1.26723,1.267325
2017-10-24 18:19:00,1.26733,1.267345,1.2673,1.26736
2017-10-24 18:20:00,1.26735,1.26733,1.267325,1.267395
2017-10-24 18:21:00,1.26733,1.26734,1.26733,1.26735
2017-10-24 18:22:00,1.267305,1.26733,1.267305,1.26733
2017-10-24 18:23:00,1.26727,1.267315,1.26727,1.267375
2017-10-24 18:24:00,1.26703,1.26727,1.26702,1.26728
2017-10-24 18:25:00,1.26709,1.267045,1.267045,1.267095
2017-10-24 18:26:00,1.267015,1.267085,1.266985,1.26717
2017-10-24 18:27:00,1.266945,1.26701,1.26694,1.26705
2017-10-24 18:28:00,1.266975,1.26695,1.26695,1.266995
2017-10-24 18:29:00,1.267005,1.26696,1.266955,1.267005
2017-10-24 18:30:00,1.267145,1.26707,1.26707,1.267145
2017-10-24 18:31:00,1.26711,1.26714,1.26711,1.26719
2017-10-24 18:32:00,1.26718,1.267115,1.26711,1.26718
2017-10-24 18:33:00,1.267185,1.2672,1.267185,1.267205
2017-10-24 18:34:00,1.267165,1.26719,1.267155,1.26719
2017-10-24 18:35:00,1.26718,1.267165,1.267165,1.267185
2017-10-24 18:36:00,1.26712,1.267195,1.267105,1.267245
2017-10-24 18:37:00,1.26706,1.267125,1.267055,1.26713
2017-10-24 18:38:00,1.26697,1.26706,1.266965,1.26707
2017-10-24 18:39:00,1.26703,1.266975,1.26697,1.26703
2017-10-24 18:40:00,1.26715,1.26699,1.266985,1.26715
2017-10-24 18:41:00,1.26719,1.267085,1.26707,1.267195
2017-10-24 18:42:00,1.26717,1.267195,1.26717,1.267195
2017-10-24 18:43:00,1.267225,1.26717,1.267165,1.267245
2017-10-24 18:44:00,1.267195,1.26723,1.26714,1.26727
2017-10-24 18:45:00,1.267155,1.26719,1.267155,1.26721
2017-10-24 18:46:00,1.267155,1.26719,1.267155,1.26721
2017-10-24 18:47:00,1.2671,1.26709,1.26709,1.26711
2017-10-24 18:48:00,1.267115,1.2671,1.2671,1.267125
2017-10-24 18:49:00,1.26715,1.26711,1.26711,1.26715
2017-10-24 18:50:00,1.26715,1.26711,1.26711,1.26715
2017-10-24 18:51:00,1.2671,1.26713,1.2671,1.2672
2017-10-24 18:52:00,1.267085,1.267075,1.267075,1.267085
2017-10-24 18:53:00,1.26711,1.26708,1.26707,1.26711
2017-10-24 18:54:00,1.267045,1.267085,1.267035,1.2671
2017-10-24 18:55:00,1.26703,1.26707,1.266995,1.26707
2017-10-24 18:56:00,1.267035,1.267035,1.267025,1.267045
2017-10-24 18:57:00,1.26705,1.26704,1.267015,1.267055
2017-10-24 18:58:00,1.26702,1.267045,1.26696,1.267055
2017-10-24 18:59:00,1.267105,1.267025,1.26702,1.267125
2017-10-24 19:00:00,1.267125,1.2671,1.26709,1.267215
2017-10-24 19:01:00,1.267145,1.26713,1.267115,1.26715
2017-10-24 19:02:00,1.267105,1.26711,1.26707,1.267135
2017-10-24 19:03:00,1.267105,1.267105,1.267075,1.26712
2017-10-24 19:04:00,1.26712,1.267105,1.26709,1.267125
2017-10-24 19:05:00,1.267155,1.267155,1.267155,1.267155
2017-10-24 19:06:00,1.26717,1.26722,1.267165,1.26724
2017-10-24 19:07:00,1.26717,1.26722,1.267165,1.26724
2017-10-24 19:08:00,1.26719,1.26718,1.26718,1.267195
2017-10-24 19:09:00,1.26718,1.267195,1.267165,1.267205
2017-10-24 19:10:00,1.267185,1.26718,1.267175,1.26719
2017-10-24 19:11:00,1.267185,1.26718,1.26718,1.267185
2017-10-24 19:12:00,1.26713,1.267185,1.26713,1.267225
2017-10-24 19:13:00,1.26716,1.267135,1.267135,1.267165
2017-10-24 19:14:00,1.267175,1.267165,1.267165,1.267205
2017-10-24 19:15:00,1.267125,1.26718,1.267125,1.26718
2017-10-24 19:16:00,1.267185,1.267105,1.267105,1.267235
2017-10-24 19:17:00,1.267185,1.267105,1.267105,1.267235
2017-10-24 19:18:00,1.26725,1.267235,1.267235,1.26733
2017-10-24 19:19:00,1.267295,1.26731,1.26729,1.267335
2017-10-24 19:20:00,1.267275,1.267285,1.26727,1.267305
2017-10-24 19:21:00,1.2673,1.267285,1.26727,1.267305
2017-10-24 19:22:00,1.267295,1.267295,1.26729,1.26731
2017-10-24 19:23:00,1.267315,1.267305,1.26729,1.26732
2017-10-24 19:24:00,1.267315,1.26731,1.267305,1.267335
2017-10-24 19:25:00,1.267295,1.267285,1.267205,1.267295
2017-10-24 19:26:00,1.267355,1.26732,1.267315,1.267395
2017-10-24 19:27:00,1.267535,1.26736,1.26734,1.267535
2017-10-24 19:28:00,1.267535,1.26736,1.26734,1.267535
2017-10-24 19:29:00,1.267355,1.26751,1.267355,1.26751
2017-10-24 19:30:00,1.2674,1.26733,1.2673,1.267405
2017-10-24 19:31:00,1.26729,1.267395,1.267255,1.267405
2017-10-24 19:32:00,1.26729,1.267395,1.267255,1.267405
2017-10-24 19:33:00,1.267225,1.26731,1.267215,1.26736
2017-10-24 19:34:00,1.267245,1.26724,1.26723,1.267255
2017-10-24 19:35:00,1.26728,1.26724,1.26724,1.26728
2017-10-24 19:36:00,1.26728,1.26724,1.26724,1.26728
2017-10-24 19:37:00,1.267335,1.26733,1.267325,1.26734
2017-10-24 19:38:00,1.267335,1.26733,1.267325,1.26734
2017-10-24 19:39:00,1.267385,1.26739,1.26738,1.2674
2017-10-24 19:40:00,1.267375,1.267385,1.26736,1.26739
2017-10-24 19:41:00,1.26731,1.26737,1.267305,1.267375
2017-10-24 19:42:00,1.26728,1.26728,1.26728,1.26728
2017-10-24 19:43:00,1.26728,1.26728,1.26728,1.26728
2017-10-24 19:44:00,1.26728,1.26728,1.26728,1.26728
2017-10-24 19:45:00,1.2673,1.2673,1.2673,1.2673
2017-10-24 19:46:00,1.26718,1.26725,1.26715,1.26726
2017-10-24 19:47:00,1.26718,1.26719,1.26717,1.26719
2017-10-24 19:48:00,1.267205,1.267175,1.267175,1.267205
2017-10-24 19:49:00,1.26723,1.2672,1.267185,1.26723
2017-10-24 19:50:00,1.26718,1.267285,1.267175,1.267305
2017-10-24 19:51:00,1.2671,1.26719,1.26709,1.267215
2017-10-24 19:52:00,1.26717,1.2671,1.2671,1.26719
2017-10-24 19:53:00,1.267165,1.267165,1.26716,1.26717
2017-10-24 19:54:00,1.26715,1.26718,1.26715,1.267185
2017-10-24 19:55:00,1.26715,1.26718,1.26715,1.267185
2017-10-24 19:56:00,1.26717,1.26717,1.26717,1.26717
2017-10-24 19:57:00,1.26712,1.26712,1.26712,1.26712
2017-10-24 19:58:00,1.267245,1.26713,1.267125,1.26728
2017-10-24 19:59:00,1.267225,1.26723,1.267185,1.26724
2017-10-24 20:00:00,1.267165,1.26723,1.267155,1.26723
2017-10-24 20:01:00,1.267235,1.26717,1.267165,1.26725
2017-10-24 20:02:00,1.26726,1.26723,1.2672,1.26727
2017-10-24 20:03:00,1.267285,1.267275,1.26722,1.26729
2017-10-24 20:04:00,1.267115,1.26728,1.267115,1.2673
2017-10-24 20:05:00,1.267035,1.26712,1.26703,1.26714
2017-10-24 20:06:00,1.267115,1.267065,1.267065,1.26721
2017-10-24 20:07:00,1.267145,1.267095,1.267045,1.267165
2017-10-24 20:08:00,1.267165,1.2672,1.2671,1.267205
2017-10-24 20:09:00,1.26707,1.26716,1.26705,1.267175
2017-10-24 20:10:00,1.267105,1.267105,1.26708,1.26721
2017-10-24 20:11:00,1.266925,1.26712,1.26692,1.267125
2017-10-24 20:12:00,1.267005,1.266905,1.266905,1.267035
2017-10-24 20:13:00,1.26712,1.267005,1.26699,1.26712
2017-10-24 20:14:00,1.267285,1.267135,1.267125,1.2673
2017-10-24 20:15:00,1.2673,1.267285,1.267225,1.267395
2017-10-24 20:16:00,1.26706,1.26725,1.26702,1.2673
2017-10-24 20:17:00,1.267025,1.267065,1.267015,1.26707
2017-10-24 20:18:00,1.26707,1.26708,1.26707,1.26708
2017-10-24 20:19:00,1.26711,1.26712,1.267085,1.267145
2017-10-24 20:20:00,1.267215,1.26708,1.26708,1.26724
2017-10-24 20:21:00,1.267215,1.26722,1.267095,1.267235
2017-10-24 20:22:00,1.267175,1.26721,1.26711,1.26721
2017-10-24 20:23:00,1.267135,1.267175,1.267115,1.267185
2017-10-24 20:24:00,1.26714,1.26716,1.26714,1.26716
2017-10-24 20:25:00,1.267145,1.26719,1.267135,1.267205
2017-10-24 20:26:00,1.266965,1.267145,1.26696,1.267145
2017-10-24 20:27:00,1.267125,1.26697,1.26697,1.26715
2017-10-24 20:28:00,1.26714,1.267105,1.2671,1.26716
2017-10-24 20:29:00,1.26714,1.26715,1.26714,1.26715
2017-10-24 20:30:00,1.2672,1.26719,1.26715,1.267225
2017-10-24 20:31:00,1.267715,1.267205,1.267205,1.26782
2017-10-24 20:32:00,1.26798,1.267765,1.26766,1.26798
2017-10-24 20:33:00,1.26779,1.26792,1.26775,1.26793
2017-10-24 20:34:00,1.267895,1.267805,1.267715,1.267955
2017-10-24 20:35:00,1.26801,1.267905,1.267895,1.268095
2017-10-24 20:36:00,1.26761,1.26795,1.2676,1.268155
2017-10-24 20:37:00,1.267405,1.267615,1.26731,1.267645
2017-10-24 20:38:00,1.26739,1.267415,1.267235,1.267415
2017-10-24 20:39:00,1.2676,1.26739,1.26739,1.26771
2017-10-24 20:40:00,1.267505,1.267585,1.267255,1.267585
2017-10-24 20:41:00,1.267565,1.26751,1.267485,1.267565
2017-10-24 20:42:00,1.26773,1.26762,1.26762,1.267745
2017-10-24 20:43:00,1.267815,1.26774,1.26767,1.26783
2017-10-24 20:44:00,1.26789,1.26782,1.26781,1.267895
2017-10-24 20:45:00,1.267825,1.267885,1.267805,1.267895
2017-10-24 20:46:00,1.26785,1.267795,1.267795,1.267855
2017-10-24 20:47:00,1.26786,1.26786,1.26782,1.267865
2017-10-24 20:48:00,1.26794,1.26785,1.26784,1.267975
2017-10-24 20:49:00,1.268025,1.267945,1.267935,1.268065
2017-10-24 20:50:00,1.26782,1.268015,1.26781,1.268025
2017-10-24 20:51:00,1.267805,1.267815,1.26779,1.26782
2017-10-24 20:52:00,1.2679,1.2678,1.267705,1.26795
2017-10-24 20:53:00,1.267875,1.2679,1.26783,1.26796
2017-10-24 20:54:00,1.268185,1.26788,1.26788,1.26824
2017-10-24 20:55:00,1.268175,1.26818,1.267995,1.26822
2017-10-24 20:56:00,1.26831,1.268165,1.268045,1.26837
2017-10-24 20:57:00,1.26812,1.26832,1.26811,1.268375
2017-10-24 20:58:00,1.268265,1.268125,1.26811,1.26832
2017-10-24 20:59:00,1.268125,1.26826,1.268115,1.268305
2017-10-24 21:00:00,1.268045,1.268135,1.268035,1.26824
2017-10-24 21:01:00,1.26803,1.26804,1.267945,1.26807
2017-10-24 21:02:00,1.268105,1.26801,1.268005,1.26812
2017-10-24 21:03:00,1.268165,1.26811,1.268085,1.2683
2017-10-24 21:04:00,1.268425,1.26817,1.26817,1.268445
2017-10-24 21:05:00,1.26832,1.26848,1.26832,1.2685
2017-10-24 21:06:00,1.268205,1.268315,1.268205,1.268315
2017-10-24 21:07:00,1.26792,1.268205,1.26792,1.268215
2017-10-24 21:08:00,1.26806,1.267975,1.267925,1.268115
2017-10-24 21:09:00,1.268115,1.268055,1.268055,1.26813
2017-10-24 21:10:00,1.268125,1.26812,1.26806,1.268125
2017-10-24 21:11:00,1.268265,1.268125,1.268105,1.268275
2017-10-24 21:12:00,1.26812,1.268265,1.268115,1.268275
2017-10-24 21:13:00,1.268185,1.26814,1.26811,1.26819
2017-10-24 21:14:00,1.26809,1.26819,1.268085,1.2682
2017-10-24 21:15:00,1.268205,1.268095,1.268095,1.268205
2017-10-24 21:16:00,1.26813,1.268205,1.268105,1.268205
2017-10-24 21:17:00,1.26842,1.268115,1.268115,1.26842
2017-10-24 21:18:00,1.268405,1.268395,1.26837,1.26843
2017-10-24 21:19:00,1.268295,1.2684,1.268285,1.268445
2017-10-24 21:20:00,1.268335,1.268305,1.268305,1.268395
2017-10-24 21:21:00,1.26811,1.268315,1.26809,1.268315
2017-10-24 21:22:00,1.268105,1.268115,1.268095,1.268125
2017-10-24 21:23:00,1.26803,1.26811,1.26802,1.26811
2017-10-24 21:24:00,1.26819,1.26804,1.26804,1.26819
2017-10-24 21:25:00,1.26809,1.26814,1.26807,1.268155
2017-10-24 21:26:00,1.26798,1.26809,1.267935,1.2681
2017-10-24 21:27:00,1.267905,1.267975,1.267855,1.26798
2017-10-24 21:28:00,1.2679,1.26791,1.26786,1.26791
2017-10-24 21:29:00,1.268005,1.26795,1.267945,1.2681
2017-10-24 21:30:00,1.26789,1.267975,1.267885,1.267975
2017-10-24 21:31:00,1.267915,1.267895,1.2678,1.26792
2017-10-24 21:32:00,1.26802,1.267935,1.267935,1.268025
2017-10-24 21:33:00,1.26812,1.26802,1.26802,1.268125
2017-10-24 21:34:00,1.268035,1.26811,1.26803,1.26811
2017-10-24 21:35:00,1.26796,1.26798,1.267915,1.26798
2017-10-24 21:36:00,1.26802,1.26797,1.26797,1.268105
2017-10-24 21:37:00,1.267955,1.26803,1.26794,1.26803
2017-10-24 21:38:00,1.267965,1.267955,1.267945,1.267965
2017-10-24 21:39:00,1.26807,1.267965,1.267965,1.26814
2017-10-24 21:40:00,1.268175,1.268125,1.26812,1.268195
2017-10-24 21:41:00,1.268105,1.26817,1.268105,1.26817
2017-10-24 21:42:00,1.268175,1.26808,1.26808,1.2682
2017-10-24 21:43:00,1.268075,1.26818,1.26807,1.268185
2017-10-24 21:44:00,1.267965,1.268055,1.26796,1.26806
2017-10-24 21:45:00,1.268025,1.267975,1.267965,1.268055
2017-10-24 21:46:00,1.26802,1.268005,1.267915,1.26802
2017-10-24 21:47:00,1.268005,1.26803,1.267925,1.26803
2017-10-24 21:48:00,1.267985,1.26802,1.267965,1.268025
2017-10-24 21:49:00,1.267935,1.26797,1.267935,1.268015
2017-10-24 21:50:00,1.26802,1.267925,1.267925,1.26802
2017-10-24 21:51:00,1.26795,1.26802,1.26795,1.268055
2017-10-24 21:52:00,1.268135,1.267955,1.267955,1.268155
2017-10-24 21:53:00,1.26814,1.268155,1.268115,1.268165
2017-10-24 21:54:00,1.26819,1.26819,1.268175,1.2682
2017-10-24 21:55:00,1.268255,1.26819,1.26819,1.268255
2017-10-24 21:56:00,1.268345,1.26831,1.268245,1.26836
2017-10-24 21:57:00,1.26829,1.268295,1.268285,1.268295
2017-10-24 21:58:00,1.26825,1.268285,1.268175,1.268295
2017-10-24 21:59:00,1.2682,1.2682,1.26819,1.26821
2017-10-24 22:00:00,1.26832,1.26821,1.26821,1.26832
2017-10-24 22:01:00,1.268295,1.26827,1.26821,1.268295
2017-10-24 22:02:00,1.268175,1.26827,1.268175,1.26827
2017-10-24 22:03:00,1.268185,1.268225,1.268165,1.268225
2017-10-24 22:04:00,1.268285,1.2682,1.2682,1.268325
2017-10-24 22:05:00,1.268275,1.268295,1.26827,1.268295
2017-10-24 22:06:00,1.26838,1.26828,1.268275,1.268425
2017-10-24 22:07:00,1.268425,1.26839,1.26838,1.268455
2017-10-24 22:08:00,1.26847,1.26843,1.268365,1.268475
2017-10-24 22:09:00,1.268435,1.26847,1.268435,1.268485
2017-10-24 22:10:00,1.26845,1.268495,1.26845,1.268505
2017-10-24 22:11:00,1.26845,1.268495,1.26845,1.268505
2017-10-24 22:12:00,1.268425,1.26848,1.26842,1.2685
2017-10-24 22:13:00,1.26843,1.26843,1.26842,1.26844
2017-10-24 22:14:00,1.26842,1.268435,1.268385,1.268475
2017-10-24 22:15:00,1.268425,1.268425,1.26841,1.26843
2017-10-24 22:16:00,1.26838,1.26845,1.268365,1.268455
2017-10-24 22:17:00,1.268415,1.26838,1.26837,1.268425
2017-10-24 22:18:00,1.26835,1.268365,1.268345,1.26837
2017-10-24 22:19:00,1.26827,1.268345,1.268255,1.26835
2017-10-24 22:20:00,1.26816,1.268215,1.268155,1.26822
2017-10-24 22:21:00,1.26822,1.26818,1.268155,1.268225
2017-10-24 22:22:00,1.268175,1.268165,1.268135,1.268195
2017-10-24 22:23:00,1.26814,1.268175,1.268095,1.268185
2017-10-24 22:24:00,1.26809,1.26811,1.26809,1.26811
2017-10-24 22:25:00,1.268125,1.268115,1.26811,1.26818
2017-10-24 22:26:00,1.26813,1.268135,1.26812,1.26815
2017-10-24 22:27:00,1.268105,1.268125,1.268105,1.26813
2017-10-24 22:28:00,1.268095,1.26811,1.26809,1.268115
2017-10-24 22:29:00,1.26803,1.26804,1.26802,1.268065
2017-10-24 22:30:00,1.268095,1.26803,1.26799,1.268095
2017-10-24 22:31:00,1.26794,1.26809,1.267925,1.26809
2017-10-24 22:32:00,1.267925,1.26794,1.267925,1.26795
2017-10-24 22:33:00,1.26787,1.267945,1.26787,1.267945
2017-10-24 22:34:00,1.267885,1.267815,1.267795,1.26789
2017-10-24 22:35:00,1.267895,1.26788,1.26788,1.267895
2017-10-24 22:36:00,1.26801,1.267895,1.267845,1.26801
2017-10-24 22:37:00,1.268015,1.268015,1.267905,1.26802
2017-10-24 22:38:00,1.26802,1.26802,1.268015,1.26811
2017-10-24 22:39:00,1.268005,1.268025,1.268,1.268055
2017-10-24 22:40:00,1.268005,1.268005,1.268005,1.268035
2017-10-24 22:41:00,1.26799,1.267985,1.267965,1.26802
2017-10-24 22:42:00,1.267935,1.26797,1.267925,1.26797
2017-10-24 22:43:00,1.26789,1.26793,1.267865,1.267945
2017-10-24 22:44:00,1.267965,1.26788,1.26788,1.267965
2017-10-24 22:45:00,1.26795,1.267905,1.26784,1.26795
2017-10-24 22:46:00,1.26804,1.26796,1.267955,1.26809
2017-10-24 22:47:00,1.268045,1.26803,1.268,1.26807
2017-10-24 22:48:00,1.268045,1.26804,1.268025,1.268045
2017-10-24 22:49:00,1.26806,1.26806,1.26806,1.26806
2017-10-24 22:50:00,1.26804,1.268075,1.268035,1.268075
2017-10-24 22:51:00,1.26802,1.268055,1.26802,1.268055
2017-10-24 22:52:00,1.267945,1.26799,1.26794,1.26799
2017-10-24 22:53:00,1.26785,1.267895,1.26782,1.267895
2017-10-24 22:54:00,1.26783,1.267875,1.26783,1.267875
2017-10-24 22:55:00,1.267885,1.26788,1.26788,1.267945
2017-10-24 22:56:00,1.267925,1.2679,1.267895,1.267925
2017-10-24 22:57:00,1.26784,1.26794,1.267835,1.267945
2017-10-24 22:58:00,1.267925,1.267825,1.267825,1.26793
2017-10-24 22:59:00,1.267945,1.267915,1.267915,1.267955
2017-10-24 23:00:00,1.26802,1.267955,1.267955,1.26802
2017-10-24 23:01:00,1.267975,1.26803,1.26797,1.26803
2017-10-24 23:02:00,1.267975,1.267985,1.26797,1.267995
2017-10-24 23:03:00,1.26796,1.267965,1.26795,1.267975
2017-10-24 23:04:00,1.268085,1.267965,1.267965,1.26809
2017-10-24 23:05:00,1.26809,1.26807,1.268055,1.26809
2017-10-24 23:06:00,1.268085,1.268085,1.26808,1.268085
2017-10-24 23:07:00,1.268085,1.26809,1.268085,1.26809
2017-10-24 23:08:00,1.268085,1.26808,1.26807,1.268095
2017-10-24 23:09:00,1.26808,1.26808,1.268075,1.26809
2017-10-24 23:10:00,1.268095,1.26807,1.268065,1.2681
2017-10-24 23:11:00,1.26811,1.26809,1.268085,1.268115
2017-10-24 23:12:00,1.26806,1.26806,1.26806,1.26806
2017-10-24 23:13:00,1.2681,1.268075,1.268075,1.26812
2017-10-24 23:14:00,1.26806,1.268095,1.268055,1.268095
2017-10-24 23:15:00,1.26806,1.268095,1.268055,1.268095
2017-10-24 23:16:00,1.26806,1.268095,1.268055,1.268095
2017-10-24 23:17:00,1.26811,1.26806,1.26806,1.26811
2017-10-24 23:18:00,1.268105,1.268115,1.2681,1.26812
2017-10-24 23:19:00,1.268115,1.268105,1.268095,1.268115
2017-10-24 23:20:00,1.268085,1.26811,1.268075,1.26811
2017-10-24 23:21:00,1.268095,1.26809,1.26808,1.26811
2017-10-24 23:22:00,1.268095,1.26811,1.26808,1.26812
2017-10-24 23:23:00,1.2681,1.268095,1.26808,1.26812
2017-10-24 23:24:00,1.268095,1.26811,1.268085,1.26812
2017-10-24 23:25:00,1.268105,1.268085,1.268085,1.268115
2017-10-24 23:26:00,1.268095,1.268105,1.26809,1.26811
2017-10-24 23:27:00,1.26809,1.2681,1.26809,1.26811
2017-10-24 23:28:00,1.26809,1.2681,1.26809,1.26811
2017-10-24 23:29:00,1.26814,1.268085,1.26807,1.26814
2017-10-24 23:30:00,1.268215,1.268195,1.268195,1.268215
2017-10-24 23:31:00,1.26833,1.26826,1.26826,1.26838
2017-10-24 23:32:00,1.26832,1.268335,1.268315,1.26835
2017-10-24 23:33:00,1.26836,1.268375,1.26832,1.2684
2017-10-24 23:34:00,1.26835,1.26841,1.26835,1.268425
2017-10-24 23:35:00,1.268285,1.268345,1.268265,1.26835
2017-10-24 23:36:00,1.268345,1.26829,1.268275,1.268345
2017-10-24 23:37:00,1.268395,1.268345,1.26832,1.268425
2017-10-24 23:38:00,1.26841,1.268405,1.268375,1.268475
2017-10-24 23:39:00,1.26842,1.268395,1.26836,1.26843
2017-10-24 23:40:00,1.26845,1.26845,1.26845,1.26845
2017-10-24 23:41:00,1.2684,1.268505,1.2684,1.268505
2017-10-24 23:42:00,1.26845,1.268375,1.268375,1.26845
2017-10-24 23:43:00,1.26847,1.26843,1.268415,1.26847
2017-10-24 23:44:00,1.268455,1.26846,1.268355,1.268465
2017-10-24 23:45:00,1.26847,1.26846,1.26845,1.268475
2017-10-24 23:46:00,1.268465,1.268445,1.26842,1.26848
2017-10-24 23:47:00,1.268475,1.268465,1.268455,1.268485
2017-10-24 23:48:00,1.26849,1.26848,1.26847,1.26851
2017-10-24 23:49:00,1.268475,1.268495,1.26845,1.268495
2017-10-24 23:50:00,1.26847,1.26846,1.268425,1.26848
2017-10-24 23:51:00,1.26849,1.268475,1.268475,1.26849
2017-10-24 23:52:00,1.268475,1.268495,1.268455,1.268495
2017-10-24 23:53:00,1.268475,1.26846,1.26845,1.268485
2017-10-24 23:54:00,1.268475,1.268475,1.268475,1.268475
2017-10-24 23:55:00,1.26844,1.268455,1.26844,1.26846
2017-10-24 23:56:00,1.26844,1.268455,1.26844,1.26846
2017-10-24 23:57:00,1.26847,1.26842,1.26842,1.26848
2017-10-24 23:58:00,1.268465,1.268475,1.26845,1.268475
2017-10-24 23:59:00,1.26859,1.26846,1.26846,1.268595
2017-10-25 00:00:00,1.26865,1.268575,1.268545,1.268725
2017-10-25 00:01:00,1.268725,1.26866,1.26856,1.26876
2017-10-25 00:02:00,1.26869,1.268735,1.268685,1.26876
2017-10-25 00:03:00,1.26862,1.26869,1.26862,1.268695
2017-10-25 00:04:00,1.26862,1.268625,1.26859,1.268625
2017-10-25 00:05:00,1.26858,1.26864,1.26858,1.26864
2017-10-25 00:06:00,1.26862,1.26862,1.26862,1.26862
2017-10-25 00:07:00,1.26864,1.26864,1.26864,1.26864
2017-10-25 00:08:00,1.26861,1.26866,1.268605,1.26866
2017-10-25 00:09:00,1.26858,1.26861,1.268565,1.26862
2017-10-25 00:10:00,1.268525,1.26853,1.268525,1.26853
2017-10-25 00:11:00,1.26852,1.26846,1.26841,1.268525
2017-10-25 00:12:00,1.26852,1.26846,1.26841,1.268525
2017-10-25 00:13:00,1.26831,1.268515,1.26831,1.26852
2017-10-25 00:14:00,1.26835,1.26829,1.26829,1.26836
2017-10-25 00:15:00,1.26827,1.26835,1.26827,1.26835
2017-10-25 00:16:00,1.268315,1.26828,1.26828,1.26835
2017-10-25 00:17:00,1.26835,1.26832,1.26832,1.26835
2017-10-25 00:18:00,1.26835,1.268355,1.268345,1.26836
2017-10-25 00:19:00,1.268275,1.26834,1.268215,1.26834
2017-10-25 00:20:00,1.268295,1.268255,1.268255,1.268305
2017-10-25 00:21:00,1.26828,1.26829,1.268275,1.268295
2017-10-25 00:22:00,1.268295,1.268285,1.268285,1.268305
2017-10-25 00:23:00,1.26836,1.268305,1.2683,1.268365
2017-10-25 00:24:00,1.268395,1.26836,1.26836,1.268395
2017-10-25 00:25:00,1.26852,1.268445,1.268425,1.26852
2017-10-25 00:26:00,1.26846,1.268515,1.26846,1.26852
2017-10-25 00:27:00,1.268525,1.26847,1.26844,1.268525
2017-10-25 00:28:00,1.268495,1.268525,1.26849,1.268525
2017-10-25 00:29:00,1.26844,1.26851,1.26839,1.26851
2017-10-25 00:30:00,1.26844,1.26851,1.26839,1.26851
2017-10-25 00:31:00,1.26841,1.26839,1.268365,1.26842
2017-10-25 00:32:00,1.268445,1.2684,1.2684,1.26846
2017-10-25 00:33:00,1.268495,1.26843,1.26834,1.268495
2017-10-25 00:34:00,1.268545,1.268475,1.268475,1.268545
2017-10-25 00:35:00,1.26853,1.26853,1.26853,1.26853
2017-10-25 00:36:00,1.2685,1.268545,1.2685,1.26856
2017-10-25 00:37:00,1.268475,1.268495,1.26847,1.268515
2017-10-25 00:38:00,1.26847,1.26847,1.26847,1.26847
2017-10-25 00:39:00,1.26842,1.268475,1.268415,1.268475
2017-10-25 00:40:00,1.26842,1.26842,1.26842,1.26842
2017-10-25 00:41:00,1.268425,1.268435,1.26842,1.268435
2017-10-25 00:42:00,1.268515,1.26848,1.26848,1.268515
2017-10-25 00:43:00,1.268545,1.26848,1.26848,1.268545
2017-10-25 00:44:00,1.2684,1.26857,1.26838,1.26857
2017-10-25 00:45:00,1.26844,1.268385,1.268385,1.268455
2017-10-25 00:46:00,1.268595,1.268465,1.268465,1.2686
2017-10-25 00:47:00,1.268585,1.26859,1.268525,1.268605
2017-10-25 00:48:00,1.268625,1.26859,1.26856,1.26871
2017-10-25 00:49:00,1.26868,1.26868,1.268675,1.268685
2017-10-25 00:50:00,1.268685,1.268685,1.268685,1.268685
2017-10-25 00:51:00,1.26868,1.26868,1.26868,1.26868
2017-10-25 00:52:00,1.26867,1.26867,1.26867,1.26867
2017-10-25 00:53:00,1.268595,1.268655,1.268595,1.268655
2017-10-25 00:54:00,1.268485,1.268565,1.268485,1.268565
2017-10-25 00:55:00,1.26855,1.26848,1.268475,1.26855
2017-10-25 00:56:00,1.26843,1.268495,1.26842,1.268495
2017-10-25 00:57:00,1.26839,1.26844,1.268385,1.268445
2017-10-25 00:58:00,1.26841,1.26839,1.26835,1.268415
2017-10-25 00:59:00,1.26837,1.268395,1.268355,1.268395
2017-10-25 01:00:00,1.268365,1.268375,1.268355,1.268395
2017-10-25 01:01:00,1.268365,1.26836,1.26835,1.268415
2017-10-25 01:02:00,1.268425,1.26838,1.26838,1.268435
2017-10-25 01:03:00,1.26843,1.268435,1.268405,1.26845
2017-10-25 01:04:00,1.26842,1.26843,1.26842,1.268435
2017-10-25 01:05:00,1.26832,1.26842,1.26829,1.26842
2017-10-25 01:06:00,1.268385,1.268315,1.26824,1.268405
2017-10-25 01:07:00,1.268295,1.26838,1.268295,1.26838
2017-10-25 01:08:00,1.268255,1.26829,1.26824,1.26829
2017-10-25 01:09:00,1.268255,1.26829,1.26824,1.26829
2017-10-25 01:10:00,1.26823,1.26823,1.268225,1.268325
2017-10-25 01:11:00,1.268165,1.26822,1.268165,1.268265
2017-10-25 01:12:00,1.268185,1.26819,1.26818,1.268275
2017-10-25 01:13:00,1.2683,1.26818,1.26818,1.268305
2017-10-25 01:14:00,1.2682,1.268305,1.26818,1.26831
2017-10-25 01:15:00,1.268195,1.268205,1.268185,1.26821
2017-10-25 01:16:00,1.2682,1.268195,1.268185,1.268205
2017-10-25 01:17:00,1.268195,1.26814,1.26813,1.26822
2017-10-25 01:18:00,1.26819,1.26821,1.26817,1.26821
2017-10-25 01:19:00,1.268225,1.268195,1.268175,1.268245
2017-10-25 01:20:00,1.268175,1.26822,1.26816,1.26823
2017-10-25 01:21:00,1.268175,1.26817,1.26815,1.268175
2017-10-25 01:22:00,1.268265,1.268165,1.26816,1.26827
2017-10-25 01:23:00,1.268265,1.26827,1.26826,1.26829
2017-10-25 01:24:00,1.268305,1.268255,1.26825,1.268325
2017-10-25 01:25:00,1.268285,1.268295,1.26828,1.268315
2017-10-25 01:26:00,1.268385,1.268325,1.268325,1.268435
2017-10-25 01:27:00,1.268405,1.268435,1.268395,1.26847
2017-10-25 01:28:00,1.26833,1.26841,1.26831,1.26847
2017-10-25 01:29:00,1.26833,1.268325,1.268315,1.268355
2017-10-25 01:30:00,1.26827,1.268325,1.26823,1.268325
2017-10-25 01:31:00,1.268435,1.268325,1.268325,1.268435
2017-10-25 01:32:00,1.268415,1.26842,1.268405,1.268445
2017-10-25 01:33:00,1.268435,1.26841,1.26841,1.26844
2017-10-25 01:34:00,1.268365,1.26849,1.26835,1.268505
2017-10-25 01:35:00,1.268355,1.268365,1.268345,1.268395
2017-10-25 01:36:00,1.268295,1.26835,1.268285,1.26835
2017-10-25 01:37:00,1.26829,1.2683,1.268285,1.26835
2017-10-25 01:38:00,1.26827,1.2683,1.268255,1.268355
2017-10-25 01:39:00,1.26821,1.26827,1.26821,1.26827
2017-10-25 01:40:00,1.268275,1.268215,1.268215,1.268275
2017-10-25 01:41:00,1.26811,1.268245,1.26809,1.268245
2017-10-25 01:42:00,1.268165,1.268115,1.26811,1.268205
2017-10-25 01:43:00,1.26821,1.268195,1.268195,1.26821
2017-10-25 01:44:00,1.268175,1.26815,1.268115,1.26819
2017-10-25 01:45:00,1.26801,1.26817,1.268,1.268175
2017-10-25 01:46:00,1.26792,1.26801,1.26792,1.268045
2017-10-25 01:47:00,1.26796,1.267975,1.267895,1.268005
2017-10-25 01:48:00,1.26792,1.26798,1.2679,1.26798
2017-10-25 01:49:00,1.2678,1.267925,1.2678,1.267925
2017-10-25 01:50:00,1.26785,1.267795,1.26778,1.26787
2017-10-25 01:51:00,1.267785,1.267835,1.26777,1.267845
2017-10-25 01:52:00,1.267835,1.26778,1.26778,1.26785
2017-10-25 01:53:00,1.267825,1.267835,1.267825,1.267845
2017-10-25 01:54:00,1.267765,1.26776,1.267695,1.267775
2017-10-25 01:55:00,1.267805,1.26779,1.267775,1.26782
2017-10-25 01:56:00,1.267775,1.267805,1.26774,1.26785
2017-10-25 01:57:00,1.267765,1.267755,1.267715,1.267765
2017-10-25 01:58:00,1.26769,1.26778,1.267685,1.267785
2017-10-25 01:59:00,1.267745,1.267695,1.26769,1.267745
2017-10-25 02:00:00,1.26781,1.2678,1.267795,1.267905
2017-10-25 02:01:00,1.267985,1.267815,1.267805,1.268025
2017-10-25 02:02:00,1.268255,1.26799,1.267985,1.268255
2017-10-25 02:03:00,1.26813,1.268195,1.26812,1.268195
2017-10-25 02:04:00,1.26803,1.268125,1.268025,1.26813
2017-10-25 02:05:00,1.26796,1.26802,1.267955,1.26802
2017-10-25 02:06:00,1.26799,1.26797,1.26783,1.26799
2017-10-25 02:07:00,1.267895,1.267975,1.26789,1.268055
2017-10-25 02:08:00,1.26781,1.267845,1.267755,1.26787
2017-10-25 02:09:00,1.26792,1.267805,1.26774,1.267955
2017-10-25 02:10:00,1.267915,1.267915,1.267895,1.26792
2017-10-25 02:11:00,1.268005,1.26791,1.2679,1.268025
2017-10-25 02:12:00,1.268105,1.267995,1.267995,1.268125
2017-10-25 02:13:00,1.268125,1.268045,1.26797,1.268125
2017-10-25 02:14:00,1.26812,1.26813,1.268115,1.268135
2017-10-25 02:15:00,1.26815,1.268115,1.268055,1.268175
2017-10-25 02:16:00,1.26806,1.268155,1.268045,1.268185
2017-10-25 02:17:00,1.26798,1.268065,1.26792,1.268075
2017-10-25 02:18:00,1.26801,1.26793,1.267885,1.26802
2017-10-25 02:19:00,1.26786,1.267955,1.2678,1.267985
2017-10-25 02:20:00,1.267705,1.267885,1.26768,1.267885
2017-10-25 02:21:00,1.267695,1.2677,1.26768,1.267715
2017-10-25 02:22:00,1.26774,1.26769,1.267665,1.267745
2017-10-25 02:23:00,1.2678,1.267745,1.267725,1.26781
2017-10-25 02:24:00,1.267695,1.26781,1.26767,1.26781
2017-10-25 02:25:00,1.267655,1.26768,1.26765,1.267685
2017-10-25 02:26:00,1.267905,1.267665,1.267665,1.267935
2017-10-25 02:27:00,1.26802,1.26796,1.267905,1.268025
2017-10-25 02:28:00,1.267735,1.26807,1.267735,1.26808
2017-10-25 02:29:00,1.26778,1.26772,1.267705,1.267805
2017-10-25 02:30:00,1.26768,1.26778,1.26766,1.267785
2017-10-25 02:31:00,1.267695,1.267675,1.267665,1.267785
2017-10-25 02:32:00,1.267695,1.26772,1.267675,1.26784
2017-10-25 02:33:00,1.267555,1.26764,1.267505,1.267645
2017-10-25 02:34:00,1.267735,1.26755,1.267535,1.267735
2017-10-25 02:35:00,1.26781,1.267725,1.26772,1.267825
2017-10-25 02:36:00,1.26777,1.2678,1.267745,1.267805
2017-10-25 02:37:00,1.26768,1.267765,1.26768,1.267775
2017-10-25 02:38:00,1.267695,1.26768,1.26761,1.267715
2017-10-25 02:39:00,1.267675,1.26764,1.26759,1.267675
2017-10-25 02:40:00,1.267665,1.2677,1.267605,1.2677
2017-10-25 02:41:00,1.267775,1.26772,1.26771,1.26781
2017-10-25 02:42:00,1.26786,1.267775,1.267775,1.267875
2017-10-25 02:43:00,1.26784,1.26786,1.267835,1.267895
2017-10-25 02:44:00,1.26806,1.26785,1.26785,1.268105
2017-10-25 02:45:00,1.26803,1.26812,1.26803,1.268155
2017-10-25 02:46:00,1.268135,1.26801,1.26794,1.268195
2017-10-25 02:47:00,1.268155,1.268115,1.26804,1.26818
2017-10-25 02:48:00,1.26798,1.26814,1.267965,1.26815
2017-10-25 02:49:00,1.268075,1.26799,1.267905,1.268085
2017-10-25 02:50:00,1.26819,1.26806,1.26806,1.26828
2017-10-25 02:51:00,1.26818,1.268185,1.26816,1.26834
2017-10-25 02:52:00,1.268265,1.268235,1.268235,1.268365
2017-10-25 02:53:00,1.26836,1.268275,1.26821,1.268415
2017-10-25 02:54:00,1.268375,1.26841,1.268375,1.268435
2017-10-25 02:55:00,1.26832,1.26839,1.268275,1.2684
2017-10-25 02:56:00,1.268125,1.26827,1.268125,1.26827
2017-10-25 02:57:00,1.26823,1.268125,1.268075,1.26824
2017-10-25 02:58:00,1.26833,1.268225,1.2682,1.26834
2017-10-25 02:59:00,1.26819,1.26828,1.2681,1.268335
2017-10-25 03:00:00,1.26829,1.268175,1.268175,1.26831
2017-10-25 03:01:00,1.2682,1.268275,1.268095,1.26828
2017-10-25 03:02:00,1.268265,1.268195,1.26816,1.26842
2017-10-25 03:03:00,1.268455,1.268265,1.268235,1.26851
2017-10-25 03:04:00,1.268315,1.26845,1.268315,1.268485
2017-10-25 03:05:00,1.268305,1.26832,1.26826,1.268415
2017-10-25 03:06:00,1.268365,1.268305,1.268285,1.26837
2017-10-25 03:07:00,1.26843,1.26838,1.26831,1.26843
2017-10-25 03:08:00,1.268435,1.26843,1.26838,1.268445
2017-10-25 03:09:00,1.26843,1.26845,1.268405,1.26846
2017-10-25 03:10:00,1.268455,1.26848,1.26835,1.268485
2017-10-25 03:11:00,1.268355,1.268455,1.26835,1.26851
2017-10-25 03:12:00,1.26822,1.268345,1.268215,1.268355
2017-10-25 03:13:00,1.26819,1.268215,1.268185,1.268225
2017-10-25 03:14:00,1.26831,1.268245,1.268245,1.268315
2017-10-25 03:15:00,1.26832,1.268315,1.26829,1.268325
2017-10-25 03:16:00,1.268255,1.268315,1.268225,1.268315
2017-10-25 03:17:00,1.26821,1.26826,1.268205,1.2683
2017-10-25 03:18:00,1.268095,1.26821,1.268095,1.268215
2017-10-25 03:19:00,1.2681,1.26808,1.26808,1.268275
2017-10-25 03:20:00,1.268095,1.268095,1.268015,1.2681
2017-10-25 03:21:00,1.26819,1.26809,1.26807,1.26819
2017-10-25 03:22:00,1.268215,1.268205,1.268165,1.26823
2017-10-25 03:23:00,1.2682,1.268205,1.268165,1.26821
2017-10-25 03:24:00,1.268145,1.268175,1.26813,1.268185
2017-10-25 03:25:00,1.268035,1.268125,1.26803,1.26819
2017-10-25 03:26:00,1.268025,1.26803,1.26802,1.268095
2017-10-25 03:27:00,1.268015,1.26803,1.26794,1.268035
2017-10-25 03:28:00,1.26799,1.267965,1.26794,1.26799
2017-10-25 03:29:00,1.26802,1.267935,1.26793,1.26803
2017-10-25 03:30:00,1.268025,1.26802,1.26798,1.26806
2017-10-25 03:31:00,1.268035,1.26804,1.268005,1.268045
2017-10-25 03:32:00,1.268165,1.26803,1.26803,1.268185
2017-10-25 03:33:00,1.26819,1.26818,1.268165,1.2682
2017-10-25 03:34:00,1.26804,1.26814,1.26804,1.26815
2017-10-25 03:35:00,1.26801,1.26806,1.267975,1.26813
2017-10-25 03:36:00,1.268035,1.268005,1.268,1.268045
2017-10-25 03:37:00,1.26792,1.26798,1.26792,1.267985
2017-10-25 03:38:00,1.26785,1.267865,1.267795,1.267875
2017-10-25 03:39:00,1.26796,1.267855,1.26785,1.267965
2017-10-25 03:40:00,1.267905,1.26796,1.2679,1.267975
2017-10-25 03:41:00,1.26801,1.26792,1.26791,1.26801
2017-10-25 03:42:00,1.26803,1.26802,1.26798,1.268045
2017-10-25 03:43:00,1.268035,1.268045,1.26803,1.268125
2017-10-25 03:44:00,1.268015,1.26798,1.26798,1.26812
2017-10-25 03:45:00,1.268015,1.26801,1.267995,1.26807
2017-10-25 03:46:00,1.268095,1.26802,1.26801,1.2681
2017-10-25 03:47:00,1.268105,1.26804,1.26803,1.26811
2017-10-25 03:48:00,1.268205,1.2681,1.268095,1.268255
2017-10-25 03:49:00,1.26813,1.268205,1.26808,1.268265
2017-10-25 03:50:00,1.2681,1.268135,1.268065,1.26814
2017-10-25 03:51:00,1.268185,1.26811,1.268105,1.26827
2017-10-25 03:52:00,1.268115,1.26818,1.268045,1.26832
2017-10-25 03:53:00,1.26829,1.268125,1.26812,1.26829
2017-10-25 03:54:00,1.268315,1.268305,1.268245,1.26833
2017-10-25 03:55:00,1.26845,1.268315,1.26831,1.26845
2017-10-25 03:56:00,1.2683,1.268475,1.26829,1.26852
2017-10-25 03:57:00,1.26831,1.2683,1.26828,1.26834
2017-10-25 03:58:00,1.26829,1.2683,1.268245,1.268305
2017-10-25 03:59:00,1.268305,1.2683,1.26829,1.268305
2017-10-25 04:00:00,1.26832,1.2683,1.26824,1.268325
2017-10-25 04:01:00,1.26835,1.26832,1.268305,1.268485
2017-10-25 04:02:00,1.268335,1.268295,1.268275,1.2684
2017-10-25 04:03:00,1.268385,1.26833,1.268315,1.2684
2017-10-25 04:04:00,1.2684,1.26841,1.26839,1.26852
2017-10-25 04:05:00,1.26835,1.268415,1.26831,1.268475
2017-10-25 04:06:00,1.268315,1.268285,1.26828,1.2684
2017-10-25 04:07:00,1.26819,1.2683,1.268145,1.268325
2017-10-25 04:08:00,1.268075,1.268195,1.268075,1.26821
2017-10-25 04:09:00,1.268315,1.268085,1.26808,1.26832
2017-10-25 04:10:00,1.26811,1.26826,1.268095,1.26826
2017-10-25 04:11:00,1.268005,1.26807,1.267995,1.26811
2017-10-25 04:12:00,1.268165,1.268005,1.268005,1.26824
2017-10-25 04:13:00,1.268095,1.268165,1.268085,1.268175
2017-10-25 04:14:00,1.268145,1.268065,1.26804,1.268165
2017-10-25 04:15:00,1.26813,1.268135,1.26812,1.268205
2017-10-25 04:16:00,1.268175,1.268125,1.268115,1.26827
2017-10-25 04:17:00,1.268215,1.26818,1.268165,1.268255
2017-10-25 04:18:00,1.26838,1.268225,1.26822,1.268385
2017-10-25 04:19:00,1.268245,1.26838,1.26824,1.268385
2017-10-25 04:20:00,1.26821,1.26825,1.268205,1.26827
2017-10-25 04:21:00,1.26849,1.268155,1.268155,1.2685
2017-10-25 04:22:00,1.26836,1.26843,1.26836,1.26843
2017-10-25 04:23:00,1.268395,1.26838,1.26838,1.26853
2017-10-25 04:24:00,1.268365,1.268375,1.26831,1.26845
2017-10-25 04:25:00,1.26858,1.26837,1.26837,1.268585
2017-10-25 04:26:00,1.26837,1.26859,1.2683,1.26859
2017-10-25 04:27:00,1.2682,1.268375,1.268195,1.26851
2017-10-25 04:28:00,1.268185,1.268195,1.268185,1.268205
2017-10-25 04:29:00,1.26816,1.268185,1.26812,1.268215
2017-10-25 04:30:00,1.268255,1.268215,1.26817,1.26828
2017-10-25 04:31:00,1.268085,1.26826,1.26806,1.268295
2017-10-25 04:32:00,1.26825,1.268095,1.268055,1.268275
2017-10-25 04:33:00,1.268375,1.26825,1.26819,1.268375
2017-10-25 04:34:00,1.26848,1.26838,1.268365,1.26848
2017-10-25 04:35:00,1.268415,1.268455,1.268395,1.268495
2017-10-25 04:36:00,1.268435,1.26847,1.26841,1.26853
2017-10-25 04:37:00,1.26853,1.26849,1.26848,1.268605
2017-10-25 04:38:00,1.268645,1.26859,1.268565,1.268655
2017-10-25 04:39:00,1.26839,1.26865,1.26836,1.26868
2017-10-25 04:40:00,1.26846,1.268395,1.26836,1.26846
2017-10-25 04:41:00,1.268375,1.26848,1.268365,1.26848
2017-10-25 04:42:00,1.26833,1.268375,1.268225,1.268375
2017-10-25 04:43:00,1.26826,1.26836,1.26826,1.26836
2017-10-25 04:44:00,1.268265,1.268255,1.268245,1.26833
2017-10-25 04:45:00,1.26836,1.26828,1.26828,1.268385
2017-10-25 04:46:00,1.268365,1.268345,1.268305,1.26838
2017-10-25 04:47:00,1.268225,1.268385,1.268215,1.26839
2017-10-25 04:48:00,1.268145,1.26823,1.26812,1.26827
2017-10-25 04:49:00,1.268085,1.26815,1.26806,1.26815
2017-10-25 04:50:00,1.267905,1.268045,1.267905,1.26805
2017-10-25 04:51:00,1.268115,1.267895,1.267885,1.26814
2017-10-25 04:52:00,1.26818,1.26806,1.268035,1.268225
2017-10-25 04:53:00,1.268235,1.268125,1.26812,1.268305
2017-10-25 04:54:00,1.268405,1.26826,1.268255,1.268415
2017-10-25 04:55:00,1.2687,1.2684,1.26839,1.2687
2017-10-25 04:56:00,1.268795,1.268695,1.26855,1.26885
2017-10-25 04:57:00,1.26861,1.2688,1.26861,1.26896
2017-10-25 04:58:00,1.268655,1.26861,1.26854,1.2687
2017-10-25 04:59:00,1.268775,1.26871,1.268665,1.26885
2017-10-25 05:00:00,1.26863,1.26879,1.26863,1.268815
2017-10-25 05:01:00,1.2687,1.268625,1.268605,1.26872
2017-10-25 05:02:00,1.26873,1.26869,1.268675,1.26875
2017-10-25 05:03:00,1.26868,1.268715,1.268635,1.2688
2017-10-25 05:04:00,1.268755,1.26871,1.26871,1.268955
2017-10-25 05:05:00,1.26892,1.26876,1.268755,1.26892
2017-10-25 05:06:00,1.268875,1.268925,1.26885,1.268935
2017-10-25 05:07:00,1.268775,1.268885,1.26873,1.26891
2017-10-25 05:08:00,1.268505,1.268755,1.268505,1.26877
2017-10-25 05:09:00,1.26869,1.268445,1.26839,1.2687
2017-10-25 05:10:00,1.268765,1.268695,1.26868,1.268795
2017-10-25 05:11:00,1.2689,1.268755,1.268755,1.268945
2017-10-25 05:12:00,1.26896,1.26895,1.268945,1.26909
2017-10-25 05:13:00,1.26875,1.268935,1.268745,1.268935
2017-10-25 05:14:00,1.26893,1.268755,1.26875,1.26893
2017-10-25 05:15:00,1.269055,1.268955,1.268945,1.26907
2017-10-25 05:16:00,1.26908,1.26905,1.26902,1.26908
2017-10-25 05:17:00,1.269075,1.269135,1.26896,1.26915
2017-10-25 05:18:00,1.26913,1.26907,1.26904,1.26913
2017-10-25 05:19:00,1.269245,1.269135,1.2691,1.269255
2017-10-25 05:20:00,1.269275,1.26925,1.26917,1.269375
2017-10-25 05:21:00,1.269285,1.26928,1.269175,1.269315
2017-10-25 05:22:00,1.269465,1.269275,1.269195,1.26949
2017-10-25 05:23:00,1.26931,1.26946,1.26931,1.269465
2017-10-25 05:24:00,1.26939,1.269285,1.269285,1.26941
2017-10-25 05:25:00,1.269435,1.269385,1.26917,1.269455
2017-10-25 05:26:00,1.269455,1.26943,1.269305,1.26966
2017-10-25 05:27:00,1.26966,1.269515,1.269415,1.26971
2017-10-25 05:28:00,1.26984,1.26971,1.26967,1.269905
2017-10-25 05:29:00,1.269795,1.26986,1.269735,1.26986
2017-10-25 05:30:00,1.269665,1.269785,1.26966,1.269795
2017-10-25 05:31:00,1.269685,1.26964,1.2696,1.26969
2017-10-25 05:32:00,1.26968,1.26969,1.26967,1.269745
2017-10-25 05:33:00,1.269645,1.269675,1.26959,1.26969
2017-10-25 05:34:00,1.26966,1.269625,1.26954,1.26969
2017-10-25 05:35:00,1.269645,1.26961,1.26956,1.26968
2017-10-25 05:36:00,1.26967,1.26964,1.269635,1.269725
2017-10-25 05:37:00,1.26962,1.269665,1.26962,1.26967
2017-10-25 05:38:00,1.269465,1.269565,1.269465,1.269565
2017-10-25 05:39:00,1.269425,1.269465,1.2694,1.269465
2017-10-25 05:40:00,1.2695,1.269375,1.269375,1.269575
2017-10-25 05:41:00,1.269685,1.269505,1.26946,1.269705
2017-10-25 05:42:00,1.2695,1.26967,1.2695,1.269685
2017-10-25 05:43:00,1.269605,1.269475,1.269475,1.269655
2017-10-25 05:44:00,1.269615,1.26961,1.269555,1.26962
2017-10-25 05:45:00,1.269575,1.26962,1.26952,1.26962
2017-10-25 05:46:00,1.26969,1.26959,1.26958,1.269695
2017-10-25 05:47:00,1.269695,1.26968,1.26965,1.269715
2017-10-25 05:48:00,1.26968,1.26968,1.26966,1.269695
2017-10-25 05:49:00,1.269865,1.269675,1.269665,1.26988
2017-10-25 05:50:00,1.269845,1.269855,1.269845,1.26986
2017-10-25 05:51:00,1.269785,1.269825,1.269755,1.269825
2017-10-25 05:52:00,1.26961,1.26979,1.26961,1.269795
2017-10-25 05:53:00,1.2697,1.269605,1.269605,1.269705
2017-10-25 05:54:00,1.269665,1.269705,1.269665,1.269825
2017-10-25 05:55:00,1.269565,1.26965,1.269545,1.269685
2017-10-25 05:56:00,1.269565,1.269555,1.26953,1.26961
2017-10-25 05:57:00,1.26947,1.269515,1.269465,1.269525
2017-10-25 05:58:00,1.26946,1.269445,1.269395,1.269525
2017-10-25 05:59:00,1.26946,1.269465,1.269435,1.269555
2017-10-25 06:00:00,1.26955,1.269465,1.269455,1.26957
2017-10-25 06:01:00,1.269305,1.26953,1.269305,1.26953
2017-10-25 06:02:00,1.26929,1.26931,1.26927,1.26931
2017-10-25 06:03:00,1.26934,1.269305,1.269305,1.26938
2017-10-25 06:04:00,1.26937,1.269335,1.269325,1.26939
2017-10-25 06:05:00,1.269335,1.26931,1.26929,1.26937
2017-10-25 06:06:00,1.26936,1.269385,1.269355,1.269395
2017-10-25 06:07:00,1.269335,1.269375,1.269335,1.2694
2017-10-25 06:08:00,1.269115,1.26935,1.269115,1.269355
2017-10-25 06:09:00,1.269025,1.26906,1.26901,1.269085
2017-10-25 06:10:00,1.269135,1.26903,1.26903,1.26914
2017-10-25 06:11:00,1.26919,1.269185,1.269135,1.26919
2017-10-25 06:12:00,1.269145,1.26918,1.26908,1.269195
2017-10-25 06:13:00,1.269025,1.26914,1.269025,1.269155
2017-10-25 06:14:00,1.268975,1.26898,1.268975,1.269045
2017-10-25 06:15:00,1.26885,1.268925,1.26885,1.268925
2017-10-25 06:16:00,1.268825,1.2689,1.268825,1.268905
2017-10-25 06:17:00,1.26873,1.268775,1.26867,1.26879
2017-10-25 06:18:00,1.26885,1.26874,1.26874,1.26885
2017-10-25 06:19:00,1.268825,1.26883,1.26876,1.26883
2017-10-25 06:20:00,1.26881,1.268775,1.268775,1.26883
2017-10-25 06:21:00,1.268805,1.268805,1.268775,1.26887
2017-10-25 06:22:00,1.268965,1.26881,1.268805,1.268965
2017-10-25 06:23:00,1.268865,1.26897,1.268865,1.26897
2017-10-25 06:24:00,1.268875,1.26889,1.26887,1.26897
2017-10-25 06:25:00,1.26894,1.268855,1.268855,1.268995
2017-10-25 06:26:00,1.26918,1.269,1.269,1.26921
2017-10-25 06:27:00,1.269275,1.26916,1.269155,1.269295
2017-10-25 06:28:00,1.26927,1.269245,1.269185,1.26932
2017-10-25 06:29:00,1.269225,1.26928,1.26917,1.269285
2017-10-25 06:30:00,1.269235,1.26922,1.2692,1.269235
2017-10-25 06:31:00,1.26919,1.269215,1.26919,1.26927
2017-10-25 06:32:00,1.269,1.2692,1.26899,1.2692
2017-10-25 06:33:00,1.268825,1.26895,1.268825,1.26895
2017-10-25 06:34:00,1.26894,1.268775,1.26873,1.268965
2017-10-25 06:35:00,1.26885,1.26894,1.268775,1.268945
2017-10-25 06:36:00,1.268925,1.2688,1.268775,1.26893
2017-10-25 06:37:00,1.268875,1.268905,1.26887,1.26897
2017-10-25 06:38:00,1.268805,1.26887,1.26877,1.26895
2017-10-25 06:39:00,1.269135,1.268825,1.268815,1.269145
2017-10-25 06:40:00,1.269125,1.26914,1.26902,1.269225
2017-10-25 06:41:00,1.269065,1.26911,1.26901,1.269165
2017-10-25 06:42:00,1.26912,1.26908,1.269015,1.26913
2017-10-25 06:43:00,1.268925,1.26914,1.268925,1.26914
2017-10-25 06:44:00,1.268855,1.26893,1.268785,1.26894
2017-10-25 06:45:00,1.268815,1.2688,1.268775,1.26887
2017-10-25 06:46:00,1.268905,1.26881,1.26881,1.268905
2017-10-25 06:47:00,1.268655,1.26888,1.26865,1.26888
2017-10-25 06:48:00,1.26854,1.26865,1.26854,1.26871
2017-10-25 06:49:00,1.268475,1.268485,1.26846,1.26855
2017-10-25 06:50:00,1.2685,1.268485,1.268475,1.2686
2017-10-25 06:51:00,1.26863,1.26848,1.26846,1.26864
2017-10-25 06:52:00,1.268575,1.26864,1.268515,1.268645
2017-10-25 06:53:00,1.268605,1.2686,1.26849,1.26861
2017-10-25 06:54:00,1.268615,1.268555,1.268545,1.26862
2017-10-25 06:55:00,1.268735,1.268605,1.268585,1.26875
2017-10-25 06:56:00,1.2704,1.26875,1.26875,1.270565
2017-10-25 06:57:00,1.270925,1.270425,1.27042,1.271035
2017-10-25 06:58:00,1.271905,1.270955,1.27077,1.272015
2017-10-25 06:59:00,1.27219,1.271935,1.27118,1.27225
2017-10-25 07:00:00,1.271635,1.272175,1.271625,1.272295
2017-10-25 07:01:00,1.27138,1.2717,1.27131,1.27171
2017-10-25 07:02:00,1.271045,1.271375,1.270705,1.271385
2017-10-25 07:03:00,1.271325,1.271065,1.27106,1.271345
2017-10-25 07:04:00,1.271385,1.27133,1.27129,1.271605
2017-10-25 07:05:00,1.270885,1.271385,1.270755,1.271445
2017-10-25 07:06:00,1.27063,1.2709,1.27049,1.270945
2017-10-25 07:07:00,1.270415,1.270625,1.2704,1.270625
2017-10-25 07:08:00,1.270315,1.270405,1.27031,1.270555
2017-10-25 07:09:00,1.270595,1.27032,1.27031,1.2706
2017-10-25 07:10:00,1.270595,1.27058,1.270505,1.27063
2017-10-25 07:11:00,1.27066,1.270585,1.270585,1.27069
2017-10-25 07:12:00,1.27056,1.27071,1.270445,1.27071
2017-10-25 07:13:00,1.270585,1.270585,1.270545,1.27068
2017-10-25 07:14:00,1.270595,1.270595,1.270535,1.27073
2017-10-25 07:15:00,1.270655,1.27059,1.270585,1.27073
2017-10-25 07:16:00,1.270615,1.270685,1.270605,1.270685
2017-10-25 07:17:00,1.27052,1.27061,1.2705,1.270615
2017-10-25 07:18:00,1.27053,1.270515,1.270505,1.27059
2017-10-25 07:19:00,1.270885,1.27053,1.27053,1.27091
2017-10-25 07:20:00,1.271065,1.2709,1.27089,1.271085
2017-10-25 07:21:00,1.271,1.271065,1.27093,1.271325
2017-10-25 07:22:00,1.27096,1.270985,1.270865,1.27104
2017-10-25 07:23:00,1.270735,1.270965,1.270735,1.27098
2017-10-25 07:24:00,1.270635,1.27074,1.270635,1.270765
2017-10-25 07:25:00,1.27057,1.270655,1.27057,1.270695
2017-10-25 07:26:00,1.270495,1.27051,1.27043,1.270605
2017-10-25 07:27:00,1.270505,1.270475,1.27038,1.270515
2017-10-25 07:28:00,1.270415,1.270495,1.27029,1.270495
2017-10-25 07:29:00,1.27039,1.270395,1.270325,1.270495
2017-10-25 07:30:00,1.27039,1.270395,1.270355,1.270425
2017-10-25 07:31:00,1.27021,1.270415,1.27018,1.27042
2017-10-25 07:32:00,1.2703,1.27022,1.27022,1.27034
2017-10-25 07:33:00,1.2703,1.270275,1.270215,1.27032
2017-10-25 07:34:00,1.270135,1.2703,1.269915,1.270375
2017-10-25 07:35:00,1.27008,1.270135,1.26984,1.270135
2017-10-25 07:36:00,1.26992,1.27003,1.26992,1.27004
2017-10-25 07:37:00,1.26975,1.269915,1.26975,1.26996
2017-10-25 07:38:00,1.269775,1.26976,1.269515,1.269775
2017-10-25 07:39:00,1.26972,1.2698,1.26969,1.26983
2017-10-25 07:40:00,1.269505,1.26967,1.269415,1.269675
2017-10-25 07:41:00,1.26966,1.269535,1.26948,1.26968
2017-10-25 07:42:00,1.27001,1.26965,1.26965,1.270075
2017-10-25 07:43:00,1.27021,1.27,1.27,1.270355
2017-10-25 07:44:00,1.2701,1.270155,1.26996,1.27016
2017-10-25 07:45:00,1.270075,1.270045,1.269995,1.270095
2017-10-25 07:46:00,1.27012,1.27008,1.27008,1.270255
2017-10-25 07:47:00,1.270015,1.270095,1.269855,1.270195
2017-10-25 07:48:00,1.26973,1.27001,1.269695,1.27001
2017-10-25 07:49:00,1.269765,1.26971,1.269495,1.269765
2017-10-25 07:50:00,1.269605,1.26982,1.26955,1.269835
2017-10-25 07:51:00,1.269905,1.26966,1.26966,1.26993
2017-10-25 07:52:00,1.269825,1.269895,1.26969,1.26992
2017-10-25 07:53:00,1.269645,1.26982,1.26957,1.26984
2017-10-25 07:54:00,1.269285,1.26965,1.26925,1.26967
2017-10-25 07:55:00,1.269545,1.26929,1.26929,1.269565
2017-10-25 07:56:00,1.269335,1.269555,1.26923,1.269555
2017-10-25 07:57:00,1.269305,1.269325,1.269295,1.26937
2017-10-25 07:58:00,1.269405,1.2693,1.269215,1.26941
2017-10-25 07:59:00,1.269585,1.26941,1.269395,1.269585
2017-10-25 08:00:00,1.269295,1.269555,1.26924,1.269645
2017-10-25 08:01:00,1.26962,1.2693,1.26922,1.269635
2017-10-25 08:02:00,1.269705,1.26963,1.26953,1.26971
2017-10-25 08:03:00,1.269855,1.269705,1.269705,1.269865
2017-10-25 08:04:00,1.269955,1.26986,1.269855,1.269955
2017-10-25 08:05:00,1.269975,1.269965,1.26983,1.269975
2017-10-25 08:06:00,1.26984,1.269925,1.269835,1.26997
2017-10-25 08:07:00,1.269585,1.26987,1.269545,1.269905
2017-10-25 08:08:00,1.269775,1.269605,1.269605,1.269795
2017-10-25 08:09:00,1.269605,1.26978,1.269605,1.26981
2017-10-25 08:10:00,1.26964,1.26961,1.26959,1.26968
2017-10-25 08:11:00,1.269865,1.26969,1.269635,1.26988
2017-10-25 08:12:00,1.269855,1.269925,1.269855,1.269975
2017-10-25 08:13:00,1.26972,1.26986,1.269625,1.269875
2017-10-25 08:14:00,1.26965,1.26973,1.26965,1.26981
2017-10-25 08:15:00,1.26977,1.2697,1.269635,1.269805
2017-10-25 08:16:00,1.269795,1.269755,1.269655,1.269795
2017-10-25 08:17:00,1.269605,1.26979,1.26951,1.26979
2017-10-25 08:18:00,1.2696,1.269605,1.269525,1.269665
2017-10-25 08:19:00,1.269395,1.269605,1.269395,1.269675
2017-10-25 08:20:00,1.26951,1.26939,1.26929,1.269565
2017-10-25 08:21:00,1.26939,1.269455,1.269365,1.26957
2017-10-25 08:22:00,1.26938,1.26939,1.269365,1.269545
2017-10-25 08:23:00,1.269675,1.2694,1.2694,1.26978
2017-10-25 08:24:00,1.26966,1.269725,1.269615,1.26976
2017-10-25 08:25:00,1.26978,1.26966,1.269615,1.26981
2017-10-25 08:26:00,1.26972,1.269835,1.269675,1.269915
2017-10-25 08:27:00,1.26976,1.269715,1.269685,1.2698
2017-10-25 08:28:00,1.2698,1.269735,1.26968,1.269815
2017-10-25 08:29:00,1.269825,1.2698,1.2698,1.26996
2017-10-25 08:30:00,1.269885,1.2698,1.26964,1.269945
2017-10-25 08:31:00,1.27009,1.269905,1.269755,1.270365
2017-10-25 08:32:00,1.269985,1.27009,1.26994,1.270295
2017-10-25 08:33:00,1.270265,1.269995,1.26978,1.27033
2017-10-25 08:34:00,1.27062,1.270275,1.270205,1.27066
2017-10-25 08:35:00,1.27081,1.27062,1.270485,1.27081
2017-10-25 08:36:00,1.270705,1.27079,1.270625,1.2708
2017-10-25 08:37:00,1.270945,1.2707,1.27066,1.271005
2017-10-25 08:38:00,1.27067,1.27095,1.270625,1.270955
2017-10-25 08:39:00,1.270405,1.270725,1.270365,1.270725
2017-10-25 08:40:00,1.27058,1.270405,1.270335,1.270585
2017-10-25 08:41:00,1.270355,1.270575,1.27031,1.270585
2017-10-25 08:42:00,1.27047,1.27036,1.270245,1.27048
2017-10-25 08:43:00,1.270325,1.270525,1.270325,1.270815
2017-10-25 08:44:00,1.270195,1.27032,1.27016,1.270395
2017-10-25 08:45:00,1.270225,1.270225,1.269995,1.27032
2017-10-25 08:46:00,1.27019,1.270175,1.27011,1.27041
2017-10-25 08:47:00,1.27019,1.270195,1.27005,1.270215
2017-10-25 08:48:00,1.270035,1.270245,1.26996,1.2703
2017-10-25 08:49:00,1.2697,1.27004,1.269445,1.270105
2017-10-25 08:50:00,1.269385,1.26972,1.269355,1.269765
2017-10-25 08:51:00,1.269505,1.269375,1.269375,1.26954
2017-10-25 08:52:00,1.269205,1.269485,1.269135,1.26961
2017-10-25 08:53:00,1.268985,1.269225,1.26874,1.269265
2017-10-25 08:54:00,1.269175,1.26896,1.26896,1.26918
2017-10-25 08:55:00,1.269155,1.269115,1.26905,1.269175
2017-10-25 08:56:00,1.269245,1.26916,1.269155,1.26932
2017-10-25 08:57:00,1.268865,1.26925,1.268865,1.26926
2017-10-25 08:58:00,1.268825,1.268865,1.26878,1.268915
2017-10-25 08:59:00,1.268915,1.26883,1.268825,1.268975
2017-10-25 09:00:00,1.26921,1.26892,1.268915,1.26923
2017-10-25 09:01:00,1.26869,1.269205,1.26842,1.26921
2017-10-25 09:02:00,1.26855,1.268695,1.268545,1.268785
2017-10-25 09:03:00,1.26833,1.268555,1.268175,1.268585
2017-10-25 09:04:00,1.268355,1.26835,1.26829,1.268535
2017-10-25 09:05:00,1.26832,1.26832,1.268295,1.268465
2017-10-25 09:06:00,1.268495,1.268325,1.26807,1.268515
2017-10-25 09:07:00,1.268535,1.26849,1.268425,1.26861
2017-10-25 09:08:00,1.26832,1.268535,1.2683,1.26854
2017-10-25 09:09:00,1.268165,1.268315,1.26815,1.268365
2017-10-25 09:10:00,1.267815,1.268155,1.26773,1.26816
2017-10-25 09:11:00,1.26811,1.26781,1.26781,1.268335
2017-10-25 09:12:00,1.26807,1.26809,1.268065,1.26839
2017-10-25 09:13:00,1.267935,1.268075,1.267675,1.26817
2017-10-25 09:14:00,1.267795,1.267955,1.267605,1.268005
2017-10-25 09:15:00,1.26764,1.267845,1.267575,1.267965
2017-10-25 09:16:00,1.26786,1.267645,1.267505,1.267895
2017-10-25 09:17:00,1.267795,1.26786,1.267795,1.26794
2017-10-25 09:18:00,1.268015,1.267785,1.26778,1.268045
2017-10-25 09:19:00,1.26788,1.26807,1.26788,1.26808
2017-10-25 09:20:00,1.267575,1.267885,1.267495,1.26791
2017-10-25 09:21:00,1.267725,1.26758,1.26747,1.267795
2017-10-25 09:22:00,1.267505,1.267775,1.26748,1.267865
2017-10-25 09:23:00,1.26744,1.26745,1.26735,1.2676
2017-10-25 09:24:00,1.267845,1.267445,1.267445,1.26788
2017-10-25 09:25:00,1.268145,1.267865,1.267845,1.268145
2017-10-25 09:26:00,1.26817,1.26816,1.267975,1.2683
2017-10-25 09:27:00,1.267925,1.268175,1.267925,1.26818
2017-10-25 09:28:00,1.26807,1.267975,1.26795,1.268155
2017-10-25 09:29:00,1.26822,1.268125,1.268095,1.268265
2017-10-25 09:30:00,1.267765,1.268225,1.26771,1.26824
2017-10-25 09:31:00,1.268035,1.267765,1.26776,1.26808
2017-10-25 09:32:00,1.26794,1.26802,1.26792,1.268155
2017-10-25 09:33:00,1.267845,1.26788,1.2678,1.267995
2017-10-25 09:34:00,1.26762,1.267785,1.267415,1.2678
2017-10-25 09:35:00,1.26777,1.26761,1.26746,1.26784
2017-10-25 09:36:00,1.267755,1.26779,1.267595,1.268
2017-10-25 09:37:00,1.267615,1.26771,1.26752,1.26779
2017-10-25 09:38:00,1.267515,1.267605,1.26748,1.26775
2017-10-25 09:39:00,1.26766,1.267495,1.26747,1.26775
2017-10-25 09:40:00,1.268,1.267665,1.26759,1.268025
2017-10-25 09:41:00,1.26766,1.267995,1.267645,1.268045
2017-10-25 09:42:00,1.267545,1.267655,1.267525,1.26771
2017-10-25 09:43:00,1.267345,1.26755,1.26734,1.267585
2017-10-25 09:44:00,1.267185,1.26735,1.267175,1.26735
2017-10-25 09:45:00,1.267025,1.267195,1.26692,1.267225
2017-10-25 09:46:00,1.267495,1.267025,1.26678,1.26754
2017-10-25 09:47:00,1.267555,1.2675,1.26734,1.26767
2017-10-25 09:48:00,1.266955,1.267495,1.266955,1.26752
2017-10-25 09:49:00,1.26648,1.266965,1.26629,1.267005
2017-10-25 09:50:00,1.266595,1.26649,1.266355,1.266715
2017-10-25 09:51:00,1.266335,1.266595,1.266285,1.26663
2017-10-25 09:52:00,1.266245,1.266275,1.26605,1.266365
2017-10-25 09:53:00,1.26631,1.26625,1.265835,1.26633
2017-10-25 09:54:00,1.26666,1.2663,1.26613,1.26666
2017-10-25 09:55:00,1.26689,1.266685,1.26654,1.266915
2017-10-25 09:56:00,1.26726,1.26687,1.266865,1.267415
2017-10-25 09:57:00,1.26717,1.267205,1.26673,1.26725
2017-10-25 09:58:00,1.26761,1.26716,1.267055,1.267715
2017-10-25 09:59:00,1.2681,1.267605,1.2676,1.268465
2017-10-25 10:00:00,1.26539,1.268095,1.26539,1.268305
2017-10-25 10:01:00,1.27311,1.26579,1.26386,1.274675
2017-10-25 10:02:00,1.27429,1.2731,1.27307,1.2747
2017-10-25 10:03:00,1.27638,1.274285,1.27422,1.276555
2017-10-25 10:04:00,1.27595,1.27636,1.27588,1.2772
2017-10-25 10:05:00,1.275865,1.276015,1.275345,1.27607
2017-10-25 10:06:00,1.2753,1.275885,1.27527,1.27619
2017-10-25 10:07:00,1.276145,1.275325,1.2753,1.276185
2017-10-25 10:08:00,1.27627,1.27613,1.27595,1.276425
2017-10-25 10:09:00,1.276605,1.276325,1.276145,1.27673
2017-10-25 10:10:00,1.276715,1.27666,1.27654,1.27702
2017-10-25 10:11:00,1.27702,1.276735,1.276735,1.2776
2017-10-25 10:12:00,1.276905,1.277025,1.27687,1.27721
2017-10-25 10:13:00,1.276305,1.276845,1.276155,1.276845
2017-10-25 10:14:00,1.27631,1.27628,1.27618,1.276375
2017-10-25 10:15:00,1.27627,1.276335,1.27601,1.276635
2017-10-25 10:16:00,1.276435,1.276265,1.276265,1.27667
2017-10-25 10:17:00,1.275295,1.27641,1.275235,1.276415
2017-10-25 10:18:00,1.275575,1.27529,1.274505,1.275575
2017-10-25 10:19:00,1.27595,1.27563,1.2756,1.27619
2017-10-25 10:20:00,1.276225,1.276,1.275775,1.276225
2017-10-25 10:21:00,1.27648,1.27625,1.276175,1.27653
2017-10-25 10:22:00,1.276485,1.27653,1.27628,1.276785
2017-10-25 10:23:00,1.276425,1.27643,1.27635,1.27664
2017-10-25 10:24:00,1.276565,1.276435,1.276365,1.276625
2017-10-25 10:25:00,1.27647,1.27657,1.27641,1.27659
2017-10-25 10:26:00,1.276,1.276415,1.275995,1.27654
2017-10-25 10:27:00,1.276165,1.276025,1.27589,1.276245
2017-10-25 10:28:00,1.276495,1.27622,1.27619,1.276515
2017-10-25 10:29:00,1.276835,1.27649,1.276455,1.27693
2017-10-25 10:30:00,1.27654,1.27684,1.276445,1.276965
2017-10-25 10:31:00,1.27589,1.276535,1.27576,1.276635
2017-10-25 10:32:00,1.275635,1.27584,1.27551,1.27599
2017-10-25 10:33:00,1.275605,1.27563,1.27539,1.27564
2017-10-25 10:34:00,1.2755,1.27561,1.275395,1.275775
2017-10-25 10:35:00,1.27617,1.275495,1.275465,1.27618
2017-10-25 10:36:00,1.276445,1.276145,1.27614,1.276525
2017-10-25 10:37:00,1.27662,1.27645,1.276395,1.27691
2017-10-25 10:38:00,1.276585,1.276615,1.27658,1.27675
2017-10-25 10:39:00,1.27659,1.27659,1.27634,1.2766
2017-10-25 10:40:00,1.276695,1.276595,1.27653,1.276775
2017-10-25 10:41:00,1.27744,1.27669,1.276685,1.27747
2017-10-25 10:42:00,1.27802,1.27749,1.27716,1.27827
2017-10-25 10:43:00,1.27756,1.277995,1.277405,1.277995
2017-10-25 10:44:00,1.277355,1.277555,1.277275,1.27761
2017-10-25 10:45:00,1.27844,1.27738,1.27738,1.27848
2017-10-25 10:46:00,1.278745,1.27841,1.27806,1.27887
2017-10-25 10:47:00,1.27872,1.278805,1.278215,1.27881
2017-10-25 10:48:00,1.27885,1.278695,1.2783,1.27885
2017-10-25 10:49:00,1.278765,1.27887,1.278545,1.27888
2017-10-25 10:50:00,1.278805,1.278775,1.27857,1.27885
2017-10-25 10:51:00,1.278275,1.278805,1.278135,1.27881
2017-10-25 10:52:00,1.27826,1.27826,1.278015,1.27834
2017-10-25 10:53:00,1.278835,1.27829,1.27829,1.278955
2017-10-25 10:54:00,1.27882,1.27882,1.27865,1.27884
2017-10-25 10:55:00,1.27883,1.2788,1.278685,1.279
2017-10-25 10:56:00,1.27879,1.278815,1.278685,1.27888
2017-10-25 10:57:00,1.27897,1.278805,1.27848,1.2791
2017-10-25 10:58:00,1.278815,1.278985,1.27826,1.278985
2017-10-25 10:59:00,1.278955,1.278815,1.27858,1.27909
2017-10-25 11:00:00,1.278715,1.278965,1.278445,1.278965
2017-10-25 11:01:00,1.278745,1.27871,1.27829,1.278775
2017-10-25 11:02:00,1.278485,1.27875,1.278385,1.27875
2017-10-25 11:03:00,1.27863,1.27849,1.278435,1.2787
2017-10-25 11:04:00,1.27863,1.27869,1.27847,1.27877
2017-10-25 11:05:00,1.27884,1.27868,1.278615,1.2789
2017-10-25 11:06:00,1.27906,1.27887,1.27887,1.2791
2017-10-25 11:07:00,1.2791,1.27908,1.278695,1.279125
2017-10-25 11:08:00,1.2792,1.279125,1.279125,1.27929
2017-10-25 11:09:00,1.279245,1.27921,1.27895,1.279265
2017-10-25 11:10:00,1.279325,1.279235,1.279205,1.279505
2017-10-25 11:11:00,1.27937,1.27931,1.27931,1.27943
2017-10-25 11:12:00,1.27933,1.2794,1.2793,1.279465
2017-10-25 11:13:00,1.27945,1.279355,1.279355,1.27951
2017-10-25 11:14:00,1.27966,1.279395,1.279315,1.27966
2017-10-25 11:15:00,1.279065,1.27963,1.27901,1.279715
2017-10-25 11:16:00,1.278435,1.278995,1.27834,1.279155
2017-10-25 11:17:00,1.278545,1.278435,1.277785,1.27869
2017-10-25 11:18:00,1.278525,1.27853,1.278215,1.27862
2017-10-25 11:19:00,1.279165,1.27853,1.27853,1.279235
2017-10-25 11:20:00,1.279835,1.27917,1.27917,1.28032
2017-10-25 11:21:00,1.28003,1.27986,1.279765,1.280075
2017-10-25 11:22:00,1.279715,1.280055,1.27967,1.280365
2017-10-25 11:23:00,1.27946,1.27972,1.27946,1.27995
2017-10-25 11:24:00,1.279815,1.279455,1.279395,1.279815
2017-10-25 11:25:00,1.279735,1.27984,1.2796,1.27989
2017-10-25 11:26:00,1.279735,1.27974,1.27969,1.27988
2017-10-25 11:27:00,1.27953,1.279685,1.279285,1.279685
2017-10-25 11:28:00,1.278935,1.279545,1.278825,1.27955
2017-10-25 11:29:00,1.278665,1.27893,1.278655,1.27904
2017-10-25 11:30:00,1.278665,1.278645,1.27855,1.278905
2017-10-25 11:31:00,1.27835,1.278675,1.278255,1.27869
2017-10-25 11:32:00,1.278505,1.278355,1.278035,1.278505
2017-10-25 11:33:00,1.27883,1.27851,1.27851,1.278895
2017-10-25 11:34:00,1.27938,1.278825,1.278825,1.27984
2017-10-25 11:35:00,1.27896,1.279405,1.2789,1.279415
2017-10-25 11:36:00,1.278765,1.278965,1.278745,1.27901
2017-10-25 11:37:00,1.279295,1.278765,1.278765,1.279415
2017-10-25 11:38:00,1.27889,1.279285,1.27878,1.27929
2017-10-25 11:39:00,1.278865,1.278895,1.27882,1.27911
2017-10-25 11:40:00,1.279055,1.27887,1.278835,1.279135
2017-10-25 11:41:00,1.279055,1.27906,1.279015,1.279185
2017-10-25 11:42:00,1.279435,1.27906,1.27905,1.27946
2017-10-25 11:43:00,1.279585,1.27944,1.279185,1.279665
2017-10-25 11:44:00,1.27966,1.2796,1.279475,1.279735
2017-10-25 11:45:00,1.2795,1.27963,1.279325,1.27963
2017-10-25 11:46:00,1.27938,1.2795,1.27934,1.2796
2017-10-25 11:47:00,1.279395,1.279365,1.27926,1.2795
2017-10-25 11:48:00,1.27926,1.279385,1.27921,1.279395
2017-10-25 11:49:00,1.279375,1.27931,1.279175,1.27942
2017-10-25 11:50:00,1.27921,1.27937,1.27918,1.27937
2017-10-25 11:51:00,1.27951,1.279235,1.279235,1.27964
2017-10-25 11:52:00,1.27972,1.27952,1.27938,1.27977
2017-10-25 11:53:00,1.27979,1.279745,1.27969,1.279865
2017-10-25 11:54:00,1.28001,1.27978,1.27977,1.280025
2017-10-25 11:55:00,1.279835,1.280015,1.279765,1.28004
2017-10-25 11:56:00,1.279995,1.279825,1.27982,1.280095
2017-10-25 11:57:00,1.279945,1.27999,1.279925,1.280005
2017-10-25 11:58:00,1.27993,1.27994,1.27993,1.280335
2017-10-25 11:59:00,1.279815,1.279925,1.279725,1.279925
2017-10-25 12:00:00,1.28,1.27981,1.2797,1.280095
2017-10-25 12:01:00,1.280015,1.279995,1.279945,1.280145
2017-10-25 12:02:00,1.280205,1.280025,1.28001,1.280265
2017-10-25 12:03:00,1.280375,1.28019,1.280175,1.280375
2017-10-25 12:04:00,1.27948,1.280315,1.279425,1.28054
2017-10-25 12:05:00,1.28021,1.27949,1.27948,1.280265
2017-10-25 12:06:00,1.280255,1.28019,1.280185,1.28068
2017-10-25 12:07:00,1.280235,1.28031,1.27984,1.280335
2017-10-25 12:08:00,1.2802,1.280225,1.28005,1.28036
2017-10-25 12:09:00,1.281225,1.280195,1.28019,1.281315
2017-10-25 12:10:00,1.28072,1.28122,1.28052,1.281225
2017-10-25 12:11:00,1.280715,1.280715,1.28063,1.28095
2017-10-25 12:12:00,1.28064,1.28077,1.2805,1.280795
2017-10-25 12:13:00,1.28079,1.28066,1.280485,1.28079
2017-10-25 12:14:00,1.28068,1.28074,1.280515,1.28075
2017-10-25 12:15:00,1.280625,1.280625,1.280605,1.28075
2017-10-25 12:16:00,1.280515,1.28061,1.280445,1.28068
2017-10-25 12:17:00,1.28082,1.28049,1.28049,1.28084
2017-10-25 12:18:00,1.281235,1.280875,1.280855,1.281325
2017-10-25 12:19:00,1.28133,1.281245,1.28119,1.281515
2017-10-25 12:20:00,1.281195,1.281325,1.28108,1.281395
2017-10-25 12:21:00,1.28128,1.281245,1.28116,1.28139
2017-10-25 12:22:00,1.28144,1.281225,1.28118,1.281465
2017-10-25 12:23:00,1.281405,1.28144,1.281145,1.28144
2017-10-25 12:24:00,1.28135,1.28138,1.28124,1.2814
2017-10-25 12:25:00,1.281525,1.28138,1.28137,1.281655
2017-10-25 12:26:00,1.28156,1.281535,1.28151,1.281645
2017-10-25 12:27:00,1.28157,1.28154,1.2815,1.28169
2017-10-25 12:28:00,1.281275,1.281565,1.281255,1.2817
2017-10-25 12:29:00,1.28134,1.28127,1.28127,1.28141
2017-10-25 12:30:00,1.281045,1.281315,1.28097,1.281325
2017-10-25 12:31:00,1.280815,1.28106,1.280775,1.28124
2017-10-25 12:32:00,1.28076,1.280825,1.28076,1.281005
2017-10-25 12:33:00,1.280865,1.28074,1.280675,1.280895
2017-10-25 12:34:00,1.280545,1.280845,1.28048,1.28086
2017-10-25 12:35:00,1.280665,1.280595,1.28057,1.28072
2017-10-25 12:36:00,1.280675,1.280715,1.28065,1.280915
2017-10-25 12:37:00,1.28052,1.280695,1.280435,1.280695
2017-10-25 12:38:00,1.28067,1.280505,1.28046,1.28072
2017-10-25 12:39:00,1.280735,1.280695,1.280695,1.280965
2017-10-25 12:40:00,1.280645,1.28073,1.28058,1.28078
2017-10-25 12:41:00,1.28003,1.28063,1.28001,1.280635
2017-10-25 12:42:00,1.28008,1.28006,1.279825,1.28013
2017-10-25 12:43:00,1.280075,1.280105,1.27999,1.280135
2017-10-25 12:44:00,1.28007,1.28008,1.279955,1.280095
2017-10-25 12:45:00,1.28009,1.280015,1.279935,1.28012
2017-10-25 12:46:00,1.280485,1.280095,1.28003,1.280485
2017-10-25 12:47:00,1.280705,1.280545,1.28045,1.28073
2017-10-25 12:48:00,1.280865,1.28072,1.28063,1.28091
2017-10-25 12:49:00,1.280815,1.280845,1.280705,1.280845
2017-10-25 12:50:00,1.28084,1.28081,1.28071,1.28085
2017-10-25 12:51:00,1.280765,1.28079,1.28067,1.28079
2017-10-25 12:52:00,1.28098,1.28079,1.28077,1.280985
2017-10-25 12:53:00,1.28103,1.280985,1.28098,1.281145
2017-10-25 12:54:00,1.281045,1.28102,1.28102,1.281075
2017-10-25 12:55:00,1.28099,1.28102,1.28098,1.281075
2017-10-25 12:56:00,1.280915,1.280985,1.280895,1.281
2017-10-25 12:57:00,1.28052,1.28093,1.28052,1.28097
2017-10-25 12:58:00,1.280185,1.2805,1.28013,1.28056
2017-10-25 12:59:00,1.28016,1.280175,1.28011,1.28023
2017-10-25 13:00:00,1.28029,1.280165,1.28014,1.280355
2017-10-25 13:01:00,1.280425,1.28031,1.280185,1.28049
2017-10-25 13:02:00,1.28048,1.28047,1.28043,1.280605
2017-10-25 13:03:00,1.280555,1.280535,1.280465,1.280645
2017-10-25 13:04:00,1.28062,1.280555,1.280505,1.28062
2017-10-25 13:05:00,1.28068,1.28065,1.28058,1.28068
2017-10-25 13:06:00,1.280755,1.280625,1.280615,1.280755
2017-10-25 13:07:00,1.280355,1.280775,1.28033,1.280775
2017-10-25 13:08:00,1.280075,1.28033,1.279965,1.28033
2017-10-25 13:09:00,1.27971,1.28008,1.279635,1.280135
2017-10-25 13:10:00,1.28002,1.2797,1.2797,1.28015
2017-10-25 13:11:00,1.280245,1.28007,1.279975,1.28031
2017-10-25 13:12:00,1.280165,1.280225,1.28002,1.280255
2017-10-25 13:13:00,1.280285,1.28017,1.280165,1.28035
2017-10-25 13:14:00,1.28039,1.28028,1.28026,1.28041
2017-10-25 13:15:00,1.280355,1.280445,1.28033,1.280475
2017-10-25 13:16:00,1.280315,1.28035,1.28031,1.280355
2017-10-25 13:17:00,1.280445,1.28032,1.2802,1.28055
2017-10-25 13:18:00,1.28055,1.280485,1.28048,1.28055
2017-10-25 13:19:00,1.280485,1.280515,1.2804,1.280515
2017-10-25 13:20:00,1.28049,1.28048,1.28042,1.28053
2017-10-25 13:21:00,1.28051,1.280495,1.28048,1.280585
2017-10-25 13:22:00,1.28066,1.280505,1.280375,1.28073
2017-10-25 13:23:00,1.28069,1.28065,1.28065,1.28082
2017-10-25 13:24:00,1.28052,1.28074,1.280495,1.280745
2017-10-25 13:25:00,1.28052,1.28074,1.280495,1.280745
2017-10-25 13:26:00,1.280265,1.280465,1.280255,1.28047
2017-10-25 13:27:00,1.280325,1.28027,1.280235,1.280325
2017-10-25 13:28:00,1.280495,1.28032,1.28031,1.28056
2017-10-25 13:29:00,1.280305,1.280495,1.280305,1.280735
2017-10-25 13:30:00,1.280235,1.28031,1.28023,1.280505
2017-10-25 13:31:00,1.28029,1.28023,1.280215,1.28034
2017-10-25 13:32:00,1.28029,1.28028,1.280235,1.28031
2017-10-25 13:33:00,1.280245,1.280235,1.280195,1.280275
2017-10-25 13:34:00,1.28049,1.280265,1.28026,1.280505
2017-10-25 13:35:00,1.28062,1.28049,1.28048,1.28063
2017-10-25 13:36:00,1.28096,1.280635,1.28063,1.280975
2017-10-25 13:37:00,1.28099,1.28096,1.280925,1.281
2017-10-25 13:38:00,1.28117,1.280985,1.280985,1.281265
2017-10-25 13:39:00,1.281095,1.281175,1.281085,1.281175
2017-10-25 13:40:00,1.28107,1.28104,1.28097,1.28111
2017-10-25 13:41:00,1.28107,1.281085,1.281055,1.28117
2017-10-25 13:42:00,1.281105,1.281065,1.281015,1.28115
2017-10-25 13:43:00,1.2813,1.28112,1.28112,1.28133
2017-10-25 13:44:00,1.281175,1.281245,1.28105,1.281245
2017-10-25 13:45:00,1.28111,1.281115,1.28107,1.281115
2017-10-25 13:46:00,1.28111,1.281175,1.28111,1.281285
2017-10-25 13:47:00,1.28116,1.28108,1.28097,1.28116
2017-10-25 13:48:00,1.28113,1.28121,1.28104,1.28127
2017-10-25 13:49:00,1.28128,1.281125,1.281115,1.281285
2017-10-25 13:50:00,1.281055,1.281285,1.28105,1.281415
2017-10-25 13:51:00,1.28102,1.281055,1.28098,1.28113
2017-10-25 13:52:00,1.28108,1.281045,1.280955,1.28108
2017-10-25 13:53:00,1.281005,1.281065,1.281005,1.2811
2017-10-25 13:54:00,1.281055,1.28095,1.28089,1.28106
2017-10-25 13:55:00,1.28117,1.281065,1.28106,1.281215
2017-10-25 13:56:00,1.281325,1.281185,1.28118,1.281335
2017-10-25 13:57:00,1.2811,1.281325,1.2811,1.281325
2017-10-25 13:58:00,1.28109,1.281105,1.28103,1.281125
2017-10-25 13:59:00,1.281045,1.281035,1.28103,1.28115
2017-10-25 14:00:00,1.28085,1.28106,1.280825,1.28112
2017-10-25 14:01:00,1.28062,1.280855,1.280575,1.280885
2017-10-25 14:02:00,1.2806,1.28062,1.28049,1.28064
2017-10-25 14:03:00,1.280565,1.28062,1.28052,1.28062
2017-10-25 14:04:00,1.28056,1.280575,1.280545,1.280635
2017-10-25 14:05:00,1.280435,1.2806,1.280435,1.280605
2017-10-25 14:06:00,1.28019,1.280405,1.279905,1.280405
2017-10-25 14:07:00,1.28039,1.280185,1.280185,1.2804
2017-10-25 14:08:00,1.280475,1.28034,1.280325,1.280655
2017-10-25 14:09:00,1.280635,1.280495,1.280455,1.280635
2017-10-25 14:10:00,1.280645,1.280625,1.280495,1.28078
2017-10-25 14:11:00,1.28073,1.280635,1.280595,1.28075
2017-10-25 14:12:00,1.28082,1.28073,1.280685,1.28086
2017-10-25 14:13:00,1.280885,1.28087,1.280735,1.28089
2017-10-25 14:14:00,1.280925,1.28094,1.28082,1.281005
2017-10-25 14:15:00,1.281075,1.28093,1.280825,1.281085
2017-10-25 14:16:00,1.280775,1.28106,1.28076,1.28106
2017-10-25 14:17:00,1.28089,1.28072,1.280715,1.2809
2017-10-25 14:18:00,1.280955,1.28095,1.2809,1.28096
2017-10-25 14:19:00,1.280935,1.280905,1.280865,1.28094
2017-10-25 14:20:00,1.280975,1.28093,1.280915,1.280975
2017-10-25 14:21:00,1.280985,1.280925,1.280905,1.281015
2017-10-25 14:22:00,1.280955,1.28093,1.280895,1.28096
2017-10-25 14:23:00,1.28083,1.280935,1.28072,1.280955
2017-10-25 14:24:00,1.281,1.28077,1.280765,1.281045
2017-10-25 14:25:00,1.28086,1.281005,1.280855,1.281015
2017-10-25 14:26:00,1.280915,1.280915,1.280895,1.280975
2017-10-25 14:27:00,1.2809,1.280935,1.28074,1.280935
2017-10-25 14:28:00,1.28078,1.280845,1.280725,1.28092
2017-10-25 14:29:00,1.2808,1.280835,1.2808,1.280945
2017-10-25 14:30:00,1.28073,1.28078,1.28073,1.280825
2017-10-25 14:31:00,1.280735,1.28071,1.280655,1.28078
2017-10-25 14:32:00,1.280715,1.28074,1.2807,1.280785
2017-10-25 14:33:00,1.280715,1.28077,1.280685,1.280775
2017-10-25 14:34:00,1.28057,1.28066,1.28057,1.28066
2017-10-25 14:35:00,1.280545,1.280575,1.280505,1.280575
2017-10-25 14:36:00,1.280655,1.28056,1.28056,1.28066
2017-10-25 14:37:00,1.2807,1.28066,1.28063,1.28071
2017-10-25 14:38:00,1.28058,1.280695,1.280565,1.280745
2017-10-25 14:39:00,1.280625,1.28058,1.280565,1.28068
2017-10-25 14:40:00,1.280555,1.280635,1.28053,1.28064
2017-10-25 14:41:00,1.28063,1.28056,1.280555,1.28064
2017-10-25 14:42:00,1.280645,1.280625,1.28055,1.280655
2017-10-25 14:43:00,1.28079,1.28067,1.28066,1.280795
2017-10-25 14:44:00,1.28074,1.28079,1.280725,1.280885
2017-10-25 14:45:00,1.28065,1.280745,1.28065,1.280755
2017-10-25 14:46:00,1.28072,1.2806,1.280565,1.280765
2017-10-25 14:47:00,1.28084,1.280725,1.280725,1.280845
2017-10-25 14:48:00,1.280805,1.280835,1.2808,1.28089
2017-10-25 14:49:00,1.28095,1.280815,1.28081,1.280965
2017-10-25 14:50:00,1.28096,1.28089,1.28087,1.280965
2017-10-25 14:51:00,1.281,1.280955,1.280885,1.281
2017-10-25 14:52:00,1.280955,1.28106,1.28089,1.28106
2017-10-25 14:53:00,1.281265,1.28095,1.28095,1.281355
2017-10-25 14:54:00,1.28116,1.28121,1.281155,1.28121
2017-10-25 14:55:00,1.28108,1.28115,1.281035,1.281175
2017-10-25 14:56:00,1.28135,1.281075,1.28106,1.28135
2017-10-25 14:57:00,1.28117,1.281325,1.28117,1.281325
2017-10-25 14:58:00,1.2812,1.281145,1.28109,1.2812
2017-10-25 14:59:00,1.28143,1.28116,1.28116,1.28146
2017-10-25 15:00:00,1.2812,1.281435,1.281125,1.28144
2017-10-25 15:01:00,1.28083,1.281195,1.280785,1.28128
2017-10-25 15:02:00,1.280495,1.2808,1.28043,1.2808
2017-10-25 15:03:00,1.28039,1.280485,1.28017,1.28053
2017-10-25 15:04:00,1.2804,1.28037,1.28035,1.280465
2017-10-25 15:05:00,1.28043,1.280375,1.28032,1.28053
2017-10-25 15:06:00,1.28038,1.280435,1.28033,1.280455
2017-10-25 15:07:00,1.28042,1.2804,1.280365,1.28046
2017-10-25 15:08:00,1.28053,1.28044,1.28044,1.280585
2017-10-25 15:09:00,1.28071,1.280515,1.280515,1.28071
2017-10-25 15:10:00,1.280665,1.28076,1.28064,1.28076
2017-10-25 15:11:00,1.28061,1.28066,1.28055,1.28066
2017-10-25 15:12:00,1.280685,1.2806,1.28054,1.280685
2017-10-25 15:13:00,1.280725,1.280735,1.280675,1.280775
2017-10-25 15:14:00,1.280615,1.280725,1.280585,1.280735
2017-10-25 15:15:00,1.28057,1.280665,1.28057,1.28067
2017-10-25 15:16:00,1.280565,1.28058,1.28056,1.280635
2017-10-25 15:17:00,1.28048,1.280575,1.28039,1.280575
2017-10-25 15:18:00,1.28053,1.280475,1.280465,1.280555
2017-10-25 15:19:00,1.280465,1.28052,1.28046,1.280525
2017-10-25 15:20:00,1.2804,1.28047,1.280395,1.28053
2017-10-25 15:21:00,1.28041,1.28043,1.280385,1.280445
2017-10-25 15:22:00,1.280455,1.28041,1.2804,1.280455
2017-10-25 15:23:00,1.280455,1.28041,1.2804,1.280455
2017-10-25 15:24:00,1.28045,1.28043,1.280355,1.28045
2017-10-25 15:25:00,1.28045,1.28043,1.280355,1.28045
2017-10-25 15:26:00,1.28041,1.28041,1.28028,1.280415
2017-10-25 15:27:00,1.28032,1.28041,1.280275,1.28041
2017-10-25 15:28:00,1.28045,1.28032,1.28032,1.2805
2017-10-25 15:29:00,1.28053,1.280435,1.28043,1.28053
2017-10-25 15:30:00,1.28059,1.2805,1.280435,1.28059
2017-10-25 15:31:00,1.28072,1.28062,1.28062,1.28072
2017-10-25 15:32:00,1.28062,1.28075,1.280615,1.280755
2017-10-25 15:33:00,1.28039,1.280565,1.2801,1.280565
2017-10-25 15:34:00,1.28034,1.2804,1.280335,1.28043
2017-10-25 15:35:00,1.28027,1.280345,1.28018,1.280355
2017-10-25 15:36:00,1.28037,1.2803,1.28022,1.28037
2017-10-25 15:37:00,1.28048,1.28039,1.28039,1.2805
2017-10-25 15:38:00,1.28044,1.280485,1.28039,1.280485
2017-10-25 15:39:00,1.28045,1.280455,1.28038,1.280525
2017-10-25 15:40:00,1.280415,1.28041,1.2804,1.280425
2017-10-25 15:41:00,1.2804,1.280445,1.2804,1.28048
2017-10-25 15:42:00,1.280445,1.28041,1.280375,1.280495
2017-10-25 15:43:00,1.28044,1.280495,1.280425,1.280495
2017-10-25 15:44:00,1.280235,1.280445,1.280235,1.28045
2017-10-25 15:45:00,1.280215,1.280225,1.280185,1.2803
2017-10-25 15:46:00,1.28022,1.280225,1.280205,1.280235
2017-10-25 15:47:00,1.280205,1.28023,1.2802,1.280255
2017-10-25 15:48:00,1.280225,1.280205,1.28019,1.280245
2017-10-25 15:49:00,1.28005,1.280225,1.27997,1.28023
2017-10-25 15:50:00,1.280005,1.280075,1.28,1.280075
2017-10-25 15:51:00,1.280155,1.28002,1.28002,1.280175
2017-10-25 15:52:00,1.28018,1.280165,1.280155,1.280285
2017-10-25 15:53:00,1.28001,1.280235,1.28001,1.280245
2017-10-25 15:54:00,1.279885,1.28001,1.279835,1.28004
2017-10-25 15:55:00,1.27984,1.279885,1.279805,1.279885
2017-10-25 15:56:00,1.279915,1.279825,1.279795,1.279915
2017-10-25 15:57:00,1.27988,1.279885,1.279865,1.279965
2017-10-25 15:58:00,1.279925,1.27986,1.279845,1.27993
2017-10-25 15:59:00,1.28008,1.2799,1.279835,1.28008
2017-10-25 16:00:00,1.280125,1.280085,1.27999,1.28015
2017-10-25 16:01:00,1.280045,1.280145,1.28004,1.280145
2017-10-25 16:02:00,1.279945,1.280015,1.279855,1.280015
2017-10-25 16:03:00,1.279965,1.27995,1.27995,1.28011
2017-10-25 16:04:00,1.28008,1.279975,1.279965,1.2801
2017-10-25 16:05:00,1.2801,1.28007,1.280035,1.280155
2017-10-25 16:06:00,1.28008,1.28011,1.28005,1.280145
2017-10-25 16:07:00,1.28006,1.280085,1.27998,1.280095
2017-10-25 16:08:00,1.28005,1.28007,1.280045,1.28008
2017-10-25 16:09:00,1.28005,1.28006,1.28003,1.280135
2017-10-25 16:10:00,1.280075,1.280075,1.280075,1.280075
2017-10-25 16:11:00,1.279935,1.280025,1.27993,1.280045
2017-10-25 16:12:00,1.280025,1.27994,1.279935,1.280035
2017-10-25 16:13:00,1.28005,1.28005,1.28001,1.280075
2017-10-25 16:14:00,1.280055,1.280055,1.28004,1.28007
2017-10-25 16:15:00,1.28004,1.28005,1.280005,1.28005
2017-10-25 16:16:00,1.280085,1.280025,1.28002,1.280165
2017-10-25 16:17:00,1.279965,1.280065,1.27992,1.28007
2017-10-25 16:18:00,1.28,1.27997,1.279965,1.28
2017-10-25 16:19:00,1.279965,1.27999,1.27993,1.279995
2017-10-25 16:20:00,1.2798,1.279895,1.2798,1.279895
2017-10-25 16:21:00,1.27978,1.27978,1.27975,1.27982
2017-10-25 16:22:00,1.279835,1.279795,1.279785,1.279885
2017-10-25 16:23:00,1.27983,1.27985,1.279815,1.279965
2017-10-25 16:24:00,1.279855,1.27983,1.279815,1.279885
2017-10-25 16:25:00,1.27985,1.27987,1.27985,1.2799
2017-10-25 16:26:00,1.279945,1.279855,1.279855,1.279985
2017-10-25 16:27:00,1.27986,1.279945,1.27985,1.28002
2017-10-25 16:28:00,1.279885,1.27986,1.27986,1.279905
2017-10-25 16:29:00,1.27987,1.279885,1.279805,1.279905
2017-10-25 16:30:00,1.27978,1.279865,1.27965,1.27987
2017-10-25 16:31:00,1.27971,1.27973,1.27959,1.279785
2017-10-25 16:32:00,1.2797,1.279715,1.279645,1.2798
2017-10-25 16:33:00,1.27968,1.279685,1.279645,1.279705
2017-10-25 16:34:00,1.27956,1.27966,1.279495,1.2797
2017-10-25 16:35:00,1.27949,1.27955,1.27949,1.27957
2017-10-25 16:36:00,1.27954,1.279545,1.279535,1.279675
2017-10-25 16:37:00,1.279435,1.27954,1.279405,1.27967
2017-10-25 16:38:00,1.27958,1.279475,1.279475,1.27958
2017-10-25 16:39:00,1.27954,1.27952,1.27949,1.27956
2017-10-25 16:40:00,1.279485,1.279535,1.279475,1.279555
2017-10-25 16:41:00,1.279425,1.279485,1.27942,1.27955
2017-10-25 16:42:00,1.27931,1.27942,1.27923,1.279435
2017-10-25 16:43:00,1.279295,1.27926,1.27926,1.279295
2017-10-25 16:44:00,1.279265,1.279345,1.279265,1.279375
2017-10-25 16:45:00,1.279285,1.279265,1.27926,1.27938
2017-10-25 16:46:00,1.27931,1.279285,1.27927,1.27942
2017-10-25 16:47:00,1.27938,1.279295,1.27929,1.27938
2017-10-25 16:48:00,1.27934,1.27935,1.27932,1.279355
2017-10-25 16:49:00,1.2792,1.279315,1.279165,1.279315
2017-10-25 16:50:00,1.27914,1.27918,1.27913,1.279265
2017-10-25 16:51:00,1.2793,1.279135,1.279125,1.279305
2017-10-25 16:52:00,1.27915,1.27928,1.279145,1.27936
2017-10-25 16:53:00,1.27916,1.27915,1.27912,1.27916
2017-10-25 16:54:00,1.27926,1.27919,1.27917,1.279275
2017-10-25 16:55:00,1.27955,1.27922,1.279145,1.279565
2017-10-25 16:56:00,1.27953,1.279545,1.279515,1.279575
2017-10-25 16:57:00,1.27961,1.279545,1.279505,1.279635
2017-10-25 16:58:00,1.27971,1.27961,1.27959,1.27973
2017-10-25 17:04:00,1.279385,1.279215,1.27898,1.279495
2017-10-25 17:05:00,1.279275,1.27934,1.27893,1.279625
2017-10-25 17:06:00,1.279375,1.27936,1.27928,1.279485
2017-10-25 17:07:00,1.279635,1.27947,1.27926,1.279635
2017-10-25 17:08:00,1.279695,1.27964,1.27955,1.27975
2017-10-25 17:09:00,1.27954,1.279695,1.27954,1.27971
2017-10-25 17:10:00,1.27954,1.279695,1.27954,1.27971
2017-10-25 17:11:00,1.27952,1.27964,1.27952,1.27967
2017-10-25 17:12:00,1.27964,1.279605,1.279605,1.279685
2017-10-25 17:13:00,1.27966,1.27966,1.27964,1.279725
2017-10-25 17:14:00,1.27969,1.279665,1.27959,1.27979
2017-10-25 17:15:00,1.27968,1.27967,1.279655,1.2797
2017-10-25 17:16:00,1.2795,1.279675,1.279485,1.27968
2017-10-25 17:17:00,1.279585,1.27948,1.279475,1.279585
2017-10-25 17:18:00,1.279585,1.27948,1.279475,1.279585
2017-10-25 17:19:00,1.279565,1.27948,1.279475,1.279565
2017-10-25 17:20:00,1.279565,1.27948,1.279475,1.279565
2017-10-25 17:21:00,1.27959,1.27959,1.27959,1.27959
2017-10-25 17:22:00,1.27962,1.27962,1.27962,1.27962
2017-10-25 17:23:00,1.279555,1.279645,1.279555,1.279645
2017-10-25 17:24:00,1.279525,1.27955,1.279515,1.27955
2017-10-25 17:25:00,1.279465,1.279495,1.27945,1.2795
2017-10-25 17:26:00,1.279425,1.27947,1.27933,1.279545
2017-10-25 17:27:00,1.27934,1.27943,1.27934,1.27943
2017-10-25 17:28:00,1.27937,1.27931,1.27928,1.27937
2017-10-25 17:29:00,1.27937,1.27942,1.279365,1.27942
2017-10-25 17:30:00,1.279305,1.279365,1.279305,1.279365
2017-10-25 17:31:00,1.279305,1.279365,1.279305,1.279365
2017-10-25 17:32:00,1.27917,1.27933,1.279125,1.27933
2017-10-25 17:33:00,1.27914,1.279175,1.279135,1.279185
2017-10-25 17:34:00,1.279205,1.279135,1.27913,1.279205
2017-10-25 17:35:00,1.27918,1.27918,1.27918,1.27918
2017-10-25 17:36:00,1.279165,1.279155,1.279145,1.27923
2017-10-25 17:37:00,1.279165,1.279155,1.279145,1.27923
2017-10-25 17:38:00,1.279165,1.279155,1.279145,1.27923
2017-10-25 17:39:00,1.279165,1.279155,1.279145,1.27923
2017-10-25 17:40:00,1.279165,1.279155,1.279145,1.27923
2017-10-25 17:41:00,1.279165,1.279155,1.279145,1.27923
2017-10-25 17:42:00,1.279165,1.279155,1.279145,1.27923
2017-10-25 17:43:00,1.279165,1.279155,1.279145,1.27923
2017-10-25 17:44:00,1.279165,1.279155,1.279145,1.27923
2017-10-25 17:45:00,1.279165,1.279155,1.279145,1.27923
2017-10-25 17:46:00,1.27912,1.27909,1.27909,1.27912
2017-10-25 17:47:00,1.279095,1.279165,1.279095,1.279165
2017-10-25 17:48:00,1.279195,1.27917,1.27917,1.27921
2017-10-25 17:49:00,1.27913,1.279205,1.27913,1.279215
2017-10-25 17:50:00,1.27913,1.279205,1.27913,1.279215
2017-10-25 17:51:00,1.27913,1.279205,1.27913,1.279215
2017-10-25 17:52:00,1.27913,1.279205,1.27913,1.279215
2017-10-25 17:53:00,1.27913,1.279205,1.27913,1.279215
2017-10-25 17:54:00,1.27913,1.279205,1.27913,1.279215
2017-10-25 17:55:00,1.279085,1.27906,1.27903,1.279085
2017-10-25 17:56:00,1.27906,1.27906,1.27906,1.27906
2017-10-25 17:57:00,1.27906,1.27906,1.27906,1.27906
2017-10-25 17:58:00,1.2787,1.279145,1.27858,1.279185
2017-10-25 17:59:00,1.27866,1.278695,1.27864,1.278745
2017-10-25 18:00:00,1.27874,1.278655,1.27862,1.27884
2017-10-25 18:01:00,1.279045,1.27877,1.278705,1.279105
2017-10-25 18:02:00,1.27912,1.27905,1.278995,1.279155
2017-10-25 18:03:00,1.279215,1.279115,1.27908,1.27922
2017-10-25 18:04:00,1.27914,1.27921,1.27908,1.279225
2017-10-25 18:05:00,1.279115,1.279145,1.27908,1.279175
2017-10-25 18:06:00,1.27901,1.279115,1.278995,1.27912
2017-10-25 18:07:00,1.279145,1.279025,1.279005,1.27915
2017-10-25 18:08:00,1.279335,1.27915,1.27914,1.27934
2017-10-25 18:09:00,1.279235,1.279325,1.27919,1.27938
2017-10-25 18:10:00,1.27922,1.27922,1.27919,1.279275
2017-10-25 18:11:00,1.27926,1.27922,1.279215,1.27939
2017-10-25 18:12:00,1.279255,1.279235,1.27918,1.2793
2017-10-25 18:13:00,1.27929,1.279215,1.279215,1.27929
2017-10-25 18:14:00,1.279425,1.279315,1.279315,1.279465
2017-10-25 18:15:00,1.27935,1.2794,1.27935,1.2794
2017-10-25 18:16:00,1.27938,1.27941,1.27938,1.27941
2017-10-25 18:17:00,1.27933,1.27933,1.27933,1.27933
2017-10-25 18:18:00,1.27935,1.27935,1.27935,1.27935
2017-10-25 18:19:00,1.27935,1.27935,1.27935,1.27935
2017-10-25 18:20:00,1.27933,1.27933,1.27933,1.27933
2017-10-25 18:21:00,1.27945,1.279395,1.279385,1.279455
2017-10-25 18:22:00,1.27937,1.27944,1.279345,1.279445
2017-10-25 18:23:00,1.27923,1.27931,1.27923,1.27931
2017-10-25 18:24:00,1.2793,1.279235,1.27923,1.27932
2017-10-25 18:25:00,1.27935,1.27932,1.27932,1.27935
2017-10-25 18:26:00,1.279415,1.2794,1.2794,1.27943
2017-10-25 18:27:00,1.279425,1.279415,1.279405,1.27943
2017-10-25 18:28:00,1.27936,1.27944,1.279355,1.27945
2017-10-25 18:29:00,1.27922,1.27934,1.279215,1.27934
2017-10-25 18:30:00,1.27922,1.27934,1.279215,1.27934
2017-10-25 18:31:00,1.27924,1.27924,1.27924,1.27925
2017-10-25 18:32:00,1.279255,1.27919,1.27919,1.279255
2017-10-25 18:33:00,1.279205,1.27928,1.279105,1.27928
2017-10-25 18:34:00,1.27925,1.27925,1.27925,1.27925
2017-10-25 18:35:00,1.279155,1.279225,1.279155,1.279225
2017-10-25 18:36:00,1.279335,1.27922,1.27922,1.279335
2017-10-25 18:37:00,1.279265,1.27933,1.279265,1.279335
2017-10-25 18:38:00,1.279335,1.27929,1.27928,1.279335
2017-10-25 18:39:00,1.27926,1.279275,1.279255,1.27928
2017-10-25 18:40:00,1.279355,1.27927,1.27925,1.279395
2017-10-25 18:41:00,1.27923,1.27936,1.27922,1.279405
2017-10-25 18:42:00,1.27922,1.279235,1.27921,1.27926
2017-10-25 18:43:00,1.279185,1.279205,1.279165,1.279225
2017-10-25 18:44:00,1.279365,1.279215,1.279215,1.279385
2017-10-25 18:45:00,1.279385,1.279375,1.279355,1.2794
2017-10-25 18:46:00,1.2794,1.27938,1.27934,1.279405
2017-10-25 18:47:00,1.27939,1.27938,1.279355,1.27945
2017-10-25 18:48:00,1.27937,1.279445,1.27937,1.279545
2017-10-25 18:49:00,1.279525,1.27936,1.27932,1.2796
2017-10-25 18:50:00,1.27951,1.27952,1.279505,1.27952
2017-10-25 18:51:00,1.27956,1.27948,1.27948,1.279575
2017-10-25 18:52:00,1.27971,1.279565,1.27953,1.27975
2017-10-25 18:53:00,1.27974,1.279765,1.2797,1.279785
2017-10-25 18:54:00,1.27973,1.279765,1.27972,1.279815
2017-10-25 18:55:00,1.27983,1.27972,1.279705,1.27983
2017-10-25 18:56:00,1.279865,1.279835,1.27979,1.279955
2017-10-25 18:57:00,1.28002,1.279915,1.279905,1.28011
2017-10-25 18:58:00,1.28006,1.280015,1.27999,1.280075
2017-10-25 18:59:00,1.280195,1.28009,1.28009,1.280295
2017-10-25 19:00:00,1.28026,1.28019,1.280175,1.28027
2017-10-25 19:01:00,1.280215,1.28026,1.28009,1.28026
2017-10-25 19:02:00,1.28034,1.28028,1.28028,1.28034
2017-10-25 19:03:00,1.280165,1.280335,1.28016,1.28034
2017-10-25 19:04:00,1.280155,1.28016,1.28013,1.28016
2017-10-25 19:05:00,1.280215,1.28022,1.28021,1.28024
2017-10-25 19:06:00,1.28,1.280195,1.27999,1.2802
2017-10-25 19:07:00,1.27996,1.279935,1.279895,1.27997
2017-10-25 19:08:00,1.279955,1.279965,1.27995,1.279965
2017-10-25 19:09:00,1.28,1.27996,1.279955,1.28
2017-10-25 19:10:00,1.28,1.27996,1.279955,1.28
2017-10-25 19:11:00,1.28006,1.279975,1.27993,1.28007
2017-10-25 19:12:00,1.28007,1.280075,1.28005,1.280085
2017-10-25 19:13:00,1.28002,1.280065,1.279965,1.28007
2017-10-25 19:14:00,1.28002,1.280065,1.279965,1.28007
2017-10-25 19:15:00,1.27999,1.28004,1.27999,1.28004
2017-10-25 19:16:00,1.280065,1.27999,1.279985,1.280085
2017-10-25 19:17:00,1.280565,1.28012,1.28012,1.280575
2017-10-25 19:18:00,1.28047,1.28055,1.28044,1.28059
2017-10-25 19:19:00,1.280705,1.280475,1.280455,1.280735
2017-10-25 19:20:00,1.280735,1.280705,1.280525,1.280995
2017-10-25 19:21:00,1.28065,1.28073,1.28062,1.280735
2017-10-25 19:22:00,1.280545,1.280585,1.28054,1.28063
2017-10-25 19:23:00,1.28083,1.28054,1.28054,1.280865
2017-10-25 19:24:00,1.280765,1.280815,1.280755,1.28086
2017-10-25 19:25:00,1.280825,1.280765,1.280765,1.28084
2017-10-25 19:26:00,1.280825,1.280815,1.280785,1.280915
2017-10-25 19:27:00,1.28084,1.280765,1.28074,1.28084
2017-10-25 19:28:00,1.28105,1.280845,1.28084,1.281125
2017-10-25 19:29:00,1.280875,1.280985,1.280865,1.28099
2017-10-25 19:30:00,1.280765,1.28086,1.280735,1.280885
2017-10-25 19:31:00,1.28045,1.280695,1.280435,1.280715
2017-10-25 19:32:00,1.28046,1.28046,1.280445,1.280525
2017-10-25 19:33:00,1.28047,1.28044,1.28044,1.28059
2017-10-25 19:34:00,1.28048,1.28048,1.28046,1.2805
2017-10-25 19:35:00,1.280485,1.280485,1.280485,1.280485
2017-10-25 19:36:00,1.280315,1.28047,1.280305,1.280475
2017-10-25 19:37:00,1.280325,1.280315,1.2803,1.280345
2017-10-25 19:38:00,1.28031,1.28032,1.2803,1.280335
2017-10-25 19:39:00,1.28016,1.28031,1.280135,1.28031
2017-10-25 19:40:00,1.28012,1.28022,1.28012,1.28023
2017-10-25 19:41:00,1.28006,1.280065,1.28004,1.280075
2017-10-25 19:42:00,1.280055,1.280055,1.280015,1.28007
2017-10-25 19:43:00,1.27994,1.280055,1.2799,1.280055
2017-10-25 19:44:00,1.279815,1.27995,1.279805,1.279965
2017-10-25 19:45:00,1.27971,1.279805,1.279695,1.279855
2017-10-25 19:46:00,1.27993,1.27971,1.279695,1.279945
2017-10-25 19:47:00,1.280015,1.27993,1.27989,1.28002
2017-10-25 19:48:00,1.28003,1.28002,1.28001,1.28003
2017-10-25 19:49:00,1.28003,1.280035,1.280015,1.280035
2017-10-25 19:50:00,1.28004,1.28003,1.280025,1.280045
2017-10-25 19:51:00,1.28,1.280025,1.28,1.280045
2017-10-25 19:52:00,1.279935,1.27994,1.279895,1.279945
2017-10-25 19:53:00,1.279805,1.279935,1.279805,1.279935
2017-10-25 19:54:00,1.27976,1.2798,1.27976,1.279835
2017-10-25 19:55:00,1.279725,1.27979,1.2797,1.279815
2017-10-25 19:56:00,1.2798,1.279725,1.279715,1.2798
2017-10-25 19:57:00,1.279725,1.2798,1.279715,1.279805
2017-10-25 19:58:00,1.27955,1.279725,1.27951,1.279745
2017-10-25 19:59:00,1.279615,1.279565,1.27949,1.27963
2017-10-25 20:00:00,1.279735,1.279675,1.279655,1.279755
2017-10-25 20:01:00,1.279475,1.279735,1.279475,1.279755
2017-10-25 20:02:00,1.279735,1.27948,1.279475,1.27976
2017-10-25 20:03:00,1.279845,1.279755,1.279755,1.279855
2017-10-25 20:04:00,1.27979,1.279825,1.27975,1.27983
2017-10-25 20:05:00,1.280055,1.2798,1.2798,1.280055
2017-10-25 20:06:00,1.280055,1.280055,1.28004,1.280105
2017-10-25 20:07:00,1.280205,1.280035,1.28003,1.280215
2017-10-25 20:08:00,1.280235,1.28021,1.280205,1.280355
2017-10-25 20:09:00,1.28019,1.28022,1.28014,1.280245
2017-10-25 20:10:00,1.280125,1.280195,1.28011,1.2802
2017-10-25 20:11:00,1.2801,1.280135,1.2801,1.28014
2017-10-25 20:12:00,1.28015,1.280125,1.280125,1.28015
2017-10-25 20:13:00,1.28015,1.280125,1.280125,1.28015
2017-10-25 20:14:00,1.280075,1.28008,1.279955,1.28012
2017-10-25 20:15:00,1.28016,1.280075,1.28,1.280165
2017-10-25 20:16:00,1.27985,1.280155,1.27982,1.28016
2017-10-25 20:17:00,1.27977,1.27985,1.27974,1.27985
2017-10-25 20:18:00,1.279795,1.279765,1.279755,1.279805
2017-10-25 20:19:00,1.279795,1.279805,1.279775,1.279825
2017-10-25 20:20:00,1.27978,1.2798,1.27972,1.279885
2017-10-25 20:21:00,1.279765,1.279775,1.279735,1.279785
2017-10-25 20:22:00,1.279815,1.27976,1.27974,1.27982
2017-10-25 20:23:00,1.279975,1.279875,1.27986,1.279975
2017-10-25 20:24:00,1.27994,1.27998,1.279875,1.28006
2017-10-25 20:25:00,1.279965,1.279935,1.27993,1.280025
2017-10-25 20:26:00,1.279945,1.27999,1.279875,1.28005
2017-10-25 20:27:00,1.279925,1.279925,1.27991,1.279965
2017-10-25 20:28:00,1.27991,1.279935,1.27988,1.279945
2017-10-25 20:29:00,1.27973,1.27991,1.279725,1.279915
2017-10-25 20:30:00,1.279665,1.279735,1.279565,1.279735
2017-10-25 20:31:00,1.279655,1.279665,1.279635,1.27969
2017-10-25 20:32:00,1.279615,1.279655,1.27961,1.279685
2017-10-25 20:33:00,1.27967,1.2796,1.2796,1.2797
2017-10-25 20:34:00,1.27967,1.279665,1.279645,1.27968
2017-10-25 20:35:00,1.27978,1.279675,1.27967,1.279785
2017-10-25 20:36:00,1.27984,1.279775,1.279745,1.27984
2017-10-25 20:37:00,1.27984,1.279785,1.279765,1.279845
2017-10-25 20:38:00,1.27984,1.27984,1.279755,1.279845
2017-10-25 20:39:00,1.279775,1.279845,1.279765,1.27987
2017-10-25 20:40:00,1.279725,1.27977,1.279725,1.27977
2017-10-25 20:41:00,1.27976,1.27973,1.279725,1.27976
2017-10-25 20:42:00,1.27973,1.27975,1.27973,1.279755
2017-10-25 20:43:00,1.27974,1.279735,1.279725,1.27975
2017-10-25 20:44:00,1.27973,1.279745,1.27973,1.27975
2017-10-25 20:45:00,1.279685,1.279745,1.27967,1.279765
2017-10-25 20:46:00,1.279755,1.27968,1.27967,1.279755
2017-10-25 20:47:00,1.27968,1.27975,1.27968,1.279755
2017-10-25 20:48:00,1.27963,1.279625,1.27952,1.279685
2017-10-25 20:49:00,1.279615,1.27963,1.279605,1.279635
2017-10-25 20:50:00,1.279465,1.279625,1.27944,1.279625
2017-10-25 20:51:00,1.27952,1.27947,1.27947,1.27952
2017-10-25 20:52:00,1.27939,1.27949,1.27926,1.27949
2017-10-25 20:53:00,1.279345,1.27939,1.279345,1.279395
2017-10-25 20:54:00,1.27942,1.279355,1.279355,1.279425
2017-10-25 20:55:00,1.27962,1.27941,1.279195,1.27962
2017-10-25 20:56:00,1.27965,1.2796,1.279475,1.27965
2017-10-25 20:57:00,1.27967,1.279645,1.27961,1.279675
2017-10-25 20:58:00,1.279655,1.279665,1.27963,1.279665
2017-10-25 20:59:00,1.279515,1.27965,1.27951,1.27966
2017-10-25 21:00:00,1.279475,1.279535,1.27947,1.27955
2017-10-25 21:01:00,1.27959,1.27948,1.279465,1.27959
2017-10-25 21:02:00,1.279475,1.27959,1.27942,1.279655
2017-10-25 21:03:00,1.27941,1.27948,1.27941,1.27959
2017-10-25 21:04:00,1.27945,1.279415,1.279365,1.279455
2017-10-25 21:05:00,1.279515,1.279455,1.279455,1.27953
2017-10-25 21:06:00,1.279505,1.27951,1.27949,1.279555
2017-10-25 21:07:00,1.279575,1.2795,1.279495,1.279575
2017-10-25 21:08:00,1.27961,1.279625,1.27961,1.279625
2017-10-25 21:09:00,1.27973,1.279625,1.279605,1.27974
2017-10-25 21:10:00,1.279785,1.27973,1.279725,1.279815
2017-10-25 21:11:00,1.279735,1.27979,1.279705,1.2798
2017-10-25 21:12:00,1.279665,1.279745,1.27966,1.279745
2017-10-25 21:13:00,1.279685,1.279655,1.279655,1.279695
2017-10-25 21:14:00,1.27966,1.2797,1.27966,1.279715
2017-10-25 21:15:00,1.27957,1.279685,1.279525,1.27975
2017-10-25 21:16:00,1.279515,1.279575,1.279515,1.279625
2017-10-25 21:17:00,1.27952,1.27953,1.279475,1.27954
2017-10-25 21:18:00,1.27952,1.279495,1.27947,1.27952
2017-10-25 21:19:00,1.27952,1.27953,1.279515,1.27953
2017-10-25 21:20:00,1.27948,1.27948,1.27948,1.2795
2017-10-25 21:21:00,1.27933,1.27946,1.27931,1.27946
2017-10-25 21:22:00,1.279265,1.279335,1.279255,1.279365
2017-10-25 21:23:00,1.279275,1.27927,1.27926,1.279295
2017-10-25 21:24:00,1.279285,1.279215,1.279205,1.279285
2017-10-25 21:25:00,1.279235,1.27926,1.279185,1.27926
2017-10-25 21:26:00,1.27907,1.27923,1.278985,1.27923
2017-10-25 21:27:00,1.27902,1.279065,1.27893,1.27919
2017-10-25 21:28:00,1.279125,1.27902,1.27901,1.27931
2017-10-25 21:29:00,1.279,1.27912,1.27899,1.279125
2017-10-25 21:30:00,1.27894,1.279055,1.27893,1.27906
2017-10-25 21:31:00,1.279025,1.278935,1.27893,1.279095
2017-10-25 21:32:00,1.27914,1.279075,1.279065,1.27929
2017-10-25 21:33:00,1.27915,1.27915,1.279145,1.279165
2017-10-25 21:34:00,1.279205,1.27915,1.27915,1.279205
2017-10-25 21:35:00,1.279245,1.279265,1.279245,1.279275
2017-10-25 21:36:00,1.279135,1.27922,1.27907,1.279225
2017-10-25 21:37:00,1.27913,1.279085,1.27908,1.279165
2017-10-25 21:38:00,1.27908,1.279105,1.27901,1.279105
2017-10-25 21:39:00,1.27904,1.279065,1.279005,1.279075
2017-10-25 21:40:00,1.278975,1.27906,1.278975,1.27906
2017-10-25 21:41:00,1.27891,1.278955,1.278775,1.27904
2017-10-25 21:42:00,1.27872,1.278895,1.278675,1.278905
2017-10-25 21:43:00,1.27879,1.27875,1.278675,1.278795
2017-10-25 21:44:00,1.27879,1.278785,1.278755,1.278825
2017-10-25 21:45:00,1.27885,1.278795,1.278785,1.27887
2017-10-25 21:46:00,1.27884,1.278825,1.278825,1.27884
2017-10-25 21:47:00,1.278715,1.278815,1.278695,1.278815
2017-10-25 21:48:00,1.278745,1.278715,1.278715,1.27877
2017-10-25 21:49:00,1.278735,1.27874,1.278725,1.278745
2017-10-25 21:50:00,1.27883,1.278735,1.278725,1.27885
2017-10-25 21:51:00,1.27883,1.278825,1.278805,1.278845
2017-10-25 21:52:00,1.278795,1.27882,1.278795,1.278835
2017-10-25 21:53:00,1.27887,1.27882,1.278765,1.27894
2017-10-25 21:54:00,1.27891,1.27889,1.27886,1.27891
2017-10-25 21:55:00,1.27879,1.278965,1.27879,1.278965
2017-10-25 21:56:00,1.278955,1.27881,1.27881,1.278955
2017-10-25 21:57:00,1.27895,1.27895,1.278925,1.278965
2017-10-25 21:58:00,1.278955,1.278965,1.278945,1.279055
2017-10-25 21:59:00,1.27897,1.27897,1.278955,1.278975
2017-10-25 22:00:00,1.278975,1.27897,1.278945,1.278975
2017-10-25 22:01:00,1.27887,1.278975,1.27887,1.279
2017-10-25 22:02:00,1.27883,1.27889,1.278825,1.27889
2017-10-25 22:03:00,1.27881,1.27883,1.278725,1.278835
2017-10-25 22:04:00,1.278855,1.27879,1.27879,1.278855
2017-10-25 22:05:00,1.278885,1.278835,1.278835,1.27889
2017-10-25 22:06:00,1.279005,1.27889,1.27889,1.279005
2017-10-25 22:07:00,1.278835,1.27899,1.27883,1.278995
2017-10-25 22:08:00,1.278765,1.278825,1.278765,1.27883
2017-10-25 22:09:00,1.278725,1.278785,1.278715,1.278785
2017-10-25 22:10:00,1.278735,1.278725,1.27869,1.27875
2017-10-25 22:11:00,1.278775,1.27874,1.278735,1.278785
2017-10-25 22:12:00,1.278835,1.278815,1.278815,1.278835
2017-10-25 22:13:00,1.278815,1.278855,1.2788,1.278855
2017-10-25 22:14:00,1.278815,1.278815,1.278805,1.278835
2017-10-25 22:15:00,1.27888,1.2788,1.2788,1.27888
2017-10-25 22:16:00,1.27892,1.27893,1.27889,1.27897
2017-10-25 22:17:00,1.27884,1.278895,1.27884,1.278895
2017-10-25 22:18:00,1.27884,1.278895,1.27884,1.278895
2017-10-25 22:19:00,1.27883,1.278785,1.278785,1.27883
2017-10-25 22:20:00,1.27879,1.27881,1.27879,1.27881
2017-10-25 22:21:00,1.27879,1.27881,1.27879,1.27881
2017-10-25 22:22:00,1.278655,1.27874,1.278645,1.27874
2017-10-25 22:23:00,1.27861,1.278605,1.278595,1.278655
2017-10-25 22:24:00,1.278635,1.27861,1.278565,1.27866
2017-10-25 22:25:00,1.27867,1.27863,1.278625,1.278715
2017-10-25 22:26:00,1.27869,1.27865,1.27865,1.2787
2017-10-25 22:27:00,1.27874,1.278695,1.278685,1.278755
2017-10-25 22:28:00,1.27872,1.278745,1.27872,1.27876
2017-10-25 22:29:00,1.27876,1.27874,1.27874,1.27881
2017-10-25 22:30:00,1.278755,1.278755,1.278735,1.27879
2017-10-25 22:31:00,1.27878,1.27875,1.278745,1.27879
2017-10-25 22:32:00,1.27879,1.27879,1.278785,1.2788
2017-10-25 22:33:00,1.27889,1.27879,1.27878,1.2789
2017-10-25 22:34:00,1.278895,1.27888,1.278875,1.2789
2017-10-25 22:35:00,1.27891,1.2789,1.278895,1.278925
2017-10-25 22:36:00,1.278915,1.278925,1.27891,1.27894
2017-10-25 22:37:00,1.278925,1.27891,1.278905,1.278935
2017-10-25 22:38:00,1.27896,1.27892,1.278905,1.27896
2017-10-25 22:39:00,1.27899,1.279015,1.27899,1.27903
2017-10-25 22:40:00,1.27899,1.279015,1.27899,1.27903
2017-10-25 22:41:00,1.278985,1.278985,1.278985,1.278985
2017-10-25 22:42:00,1.278925,1.27897,1.278925,1.278975
2017-10-25 22:43:00,1.278975,1.278955,1.278955,1.278975
2017-10-25 22:44:00,1.278925,1.278925,1.278925,1.278925
2017-10-25 22:45:00,1.2788,1.27887,1.278765,1.27887
2017-10-25 22:46:00,1.27877,1.27882,1.27876,1.27886
2017-10-25 22:47:00,1.27877,1.278755,1.278755,1.27877
2017-10-25 22:48:00,1.27876,1.27878,1.278745,1.27878
2017-10-25 22:49:00,1.27879,1.278755,1.278755,1.278865
2017-10-25 22:50:00,1.278805,1.27884,1.278795,1.27885
2017-10-25 22:51:00,1.2788,1.27881,1.278755,1.278815
2017-10-25 22:52:00,1.27901,1.278815,1.278805,1.279025
2017-10-25 22:53:00,1.27913,1.279015,1.27901,1.279155
2017-10-25 22:54:00,1.27912,1.27913,1.279105,1.27914
2017-10-25 22:55:00,1.279145,1.27909,1.27908,1.27917
2017-10-25 22:56:00,1.279195,1.279135,1.27913,1.27924
2017-10-25 22:57:00,1.279245,1.279245,1.27924,1.279245
2017-10-25 22:58:00,1.27923,1.279245,1.27922,1.279255
2017-10-25 22:59:00,1.27914,1.279235,1.27908,1.27929
2017-10-25 23:00:00,1.27915,1.27915,1.279125,1.27924
2017-10-25 23:01:00,1.2792,1.27913,1.27913,1.279225
2017-10-25 23:02:00,1.2792,1.27913,1.27913,1.279225
2017-10-25 23:03:00,1.27912,1.279215,1.27912,1.27922
2017-10-25 23:04:00,1.2791,1.279135,1.2791,1.279135
2017-10-25 23:05:00,1.279235,1.2791,1.27909,1.27924
2017-10-25 23:06:00,1.279315,1.279205,1.279205,1.279315
2017-10-25 23:07:00,1.279305,1.279335,1.279305,1.279375
2017-10-25 23:08:00,1.279315,1.279315,1.279315,1.279315
2017-10-25 23:09:00,1.279165,1.27931,1.279165,1.279315
2017-10-25 23:10:00,1.27904,1.279155,1.278995,1.279155
2017-10-25 23:11:00,1.279065,1.27906,1.278965,1.279115
2017-10-25 23:12:00,1.27909,1.279015,1.279,1.27911
2017-10-25 23:13:00,1.278895,1.27904,1.278895,1.27907
2017-10-25 23:14:00,1.278825,1.2789,1.27873,1.2789
2017-10-25 23:15:00,1.27884,1.278825,1.27882,1.278865
2017-10-25 23:16:00,1.278835,1.278835,1.278825,1.278845
2017-10-25 23:17:00,1.27883,1.278835,1.278825,1.278845
2017-10-25 23:18:00,1.2788,1.27883,1.2788,1.278835
2017-10-25 23:19:00,1.27877,1.27878,1.278765,1.278785
2017-10-25 23:20:00,1.278815,1.278775,1.278765,1.278815
2017-10-25 23:21:00,1.27875,1.27877,1.27867,1.27877
2017-10-25 23:22:00,1.278735,1.278745,1.278725,1.27875
2017-10-25 23:23:00,1.27866,1.27868,1.278655,1.278685
2017-10-25 23:24:00,1.27869,1.27868,1.278665,1.27872
2017-10-25 23:25:00,1.27881,1.278745,1.278745,1.278815
2017-10-25 23:26:00,1.27881,1.27881,1.27881,1.27881
2017-10-25 23:27:00,1.27881,1.278815,1.278805,1.27882
2017-10-25 23:28:00,1.278785,1.278795,1.27878,1.2788
2017-10-25 23:29:00,1.27879,1.278785,1.278765,1.278815
2017-10-25 23:30:00,1.27879,1.278795,1.27878,1.2788
2017-10-25 23:31:00,1.27877,1.278785,1.27877,1.27881
2017-10-25 23:32:00,1.27868,1.278715,1.278675,1.278715
2017-10-25 23:33:00,1.278685,1.278685,1.278685,1.278715
2017-10-25 23:34:00,1.27859,1.278655,1.27859,1.278655
2017-10-25 23:35:00,1.278665,1.27864,1.27864,1.278665
2017-10-25 23:36:00,1.27871,1.27867,1.278665,1.278725
2017-10-25 23:37:00,1.27871,1.27867,1.278665,1.278725
2017-10-25 23:38:00,1.27872,1.278725,1.278705,1.27873
2017-10-25 23:39:00,1.278715,1.278715,1.278715,1.278715
2017-10-25 23:40:00,1.278715,1.278705,1.278705,1.27873
2017-10-25 23:41:00,1.27864,1.278725,1.278625,1.278735
2017-10-25 23:42:00,1.278575,1.27865,1.278555,1.278665
2017-10-25 23:43:00,1.278585,1.278575,1.27857,1.2786
2017-10-25 23:44:00,1.27859,1.27858,1.27858,1.27868
2017-10-25 23:45:00,1.27861,1.278565,1.278565,1.27863
2017-10-25 23:46:00,1.278635,1.27862,1.278615,1.278655
2017-10-25 23:47:00,1.27876,1.27865,1.278645,1.278795
2017-10-25 23:48:00,1.278785,1.278755,1.27872,1.2788
2017-10-25 23:49:00,1.278855,1.27879,1.27878,1.2789
2017-10-25 23:50:00,1.278865,1.278855,1.27884,1.278895
2017-10-25 23:51:00,1.27883,1.278885,1.278795,1.278885
2017-10-25 23:52:00,1.27881,1.278825,1.27879,1.27883
2017-10-25 23:53:00,1.278815,1.27883,1.27881,1.27885
2017-10-25 23:54:00,1.278835,1.27887,1.278835,1.278935
2017-10-25 23:55:00,1.27887,1.278885,1.27886,1.27889
2017-10-25 23:56:00,1.278885,1.278865,1.278865,1.278885
2017-10-25 23:57:00,1.27887,1.27889,1.27887,1.278905
2017-10-25 23:58:00,1.278815,1.278815,1.278815,1.278815
2017-10-25 23:59:00,1.278815,1.278815,1.278815,1.278815
2017-10-26 00:00:00,1.27884,1.27884,1.27884,1.27884
2017-10-26 00:01:00,1.278945,1.278815,1.278785,1.278945
2017-10-26 00:02:00,1.278945,1.278815,1.278785,1.278945
2017-10-26 00:03:00,1.27898,1.279,1.278975,1.279
2017-10-26 00:04:00,1.279005,1.27897,1.27896,1.279005
2017-10-26 00:05:00,1.279015,1.278995,1.278995,1.27902
2017-10-26 00:06:00,1.27904,1.27902,1.279015,1.279045
2017-10-26 00:07:00,1.279025,1.279035,1.279025,1.279035
2017-10-26 00:08:00,1.27904,1.27903,1.27903,1.27904
2017-10-26 00:09:00,1.279035,1.27904,1.27902,1.279055
2017-10-26 00:10:00,1.279015,1.27902,1.278945,1.27902
2017-10-26 00:11:00,1.27905,1.27902,1.278985,1.279055
2017-10-26 00:12:00,1.278855,1.27902,1.27885,1.27902
2017-10-26 00:13:00,1.27876,1.278855,1.278755,1.278895
2017-10-26 00:14:00,1.278745,1.278765,1.278745,1.278765
2017-10-26 00:15:00,1.278765,1.27876,1.27873,1.278765
2017-10-26 00:16:00,1.278835,1.278775,1.278775,1.278875
2017-10-26 00:17:00,1.278755,1.27883,1.278755,1.278835
2017-10-26 00:18:00,1.27878,1.27875,1.27875,1.278805
2017-10-26 00:19:00,1.2788,1.278805,1.2788,1.278805
2017-10-26 00:20:00,1.27875,1.27874,1.278715,1.278755
2017-10-26 00:21:00,1.27877,1.27877,1.27877,1.27877
2017-10-26 00:22:00,1.27877,1.278755,1.278755,1.278775
2017-10-26 00:23:00,1.278865,1.2788,1.278795,1.27889
2017-10-26 00:24:00,1.278945,1.27887,1.27887,1.278945
2017-10-26 00:25:00,1.278945,1.27887,1.27887,1.278945
2017-10-26 00:26:00,1.278945,1.27887,1.27887,1.278945
2017-10-26 00:27:00,1.27887,1.27889,1.27886,1.27889
2017-10-26 00:28:00,1.278955,1.27889,1.278885,1.278955
2017-10-26 00:29:00,1.279025,1.27897,1.27894,1.279025
2017-10-26 00:30:00,1.27906,1.27903,1.279025,1.27906
2017-10-26 00:31:00,1.279045,1.279045,1.27903,1.279045
2017-10-26 00:32:00,1.279,1.27906,1.279,1.27906
2017-10-26 00:33:00,1.27901,1.278995,1.278995,1.27901
2017-10-26 00:34:00,1.27901,1.279005,1.279005,1.27901
2017-10-26 00:35:00,1.27907,1.279015,1.279,1.27907
2017-10-26 00:36:00,1.278975,1.279065,1.27897,1.27907
2017-10-26 00:37:00,1.27902,1.278975,1.278975,1.27903
2017-10-26 00:38:00,1.27902,1.279015,1.278995,1.27902
2017-10-26 00:39:00,1.27898,1.279015,1.278975,1.279015
2017-10-26 00:40:00,1.27898,1.279015,1.278975,1.279015
2017-10-26 00:41:00,1.27898,1.279015,1.278975,1.279015
2017-10-26 00:42:00,1.27898,1.279015,1.278975,1.279015
2017-10-26 00:43:00,1.278965,1.278995,1.278945,1.27902
2017-10-26 00:44:00,1.278975,1.27897,1.27896,1.27898
2017-10-26 00:45:00,1.278975,1.27897,1.278965,1.278985
2017-10-26 00:46:00,1.27888,1.27895,1.27888,1.27895
2017-10-26 00:47:00,1.27883,1.2789,1.27883,1.2789
2017-10-26 00:48:00,1.278855,1.278825,1.27882,1.278855
2017-10-26 00:49:00,1.278975,1.27891,1.27891,1.279105
2017-10-26 00:50:00,1.279005,1.279025,1.278995,1.279045
2017-10-26 00:51:00,1.279035,1.27902,1.27902,1.279035
2017-10-26 00:52:00,1.27904,1.27904,1.279035,1.279045
2017-10-26 00:53:00,1.27904,1.279035,1.27903,1.27904
2017-10-26 00:54:00,1.279045,1.279045,1.279035,1.27905
2017-10-26 00:55:00,1.27906,1.27905,1.27904,1.279065
2017-10-26 00:56:00,1.27906,1.27905,1.27904,1.279065
2017-10-26 00:57:00,1.27906,1.27905,1.27904,1.279065
2017-10-26 00:58:00,1.27911,1.27911,1.27911,1.27911
2017-10-26 00:59:00,1.27911,1.27911,1.27911,1.27911
2017-10-26 01:00:00,1.279095,1.27909,1.27908,1.279095
2017-10-26 01:01:00,1.27896,1.279085,1.278955,1.27909
2017-10-26 01:02:00,1.27908,1.279025,1.27902,1.279085
2017-10-26 01:03:00,1.279095,1.2791,1.27908,1.279105
2017-10-26 01:04:00,1.27908,1.27909,1.27906,1.279105
2017-10-26 01:05:00,1.27908,1.27909,1.27906,1.279105
2017-10-26 01:06:00,1.279015,1.27903,1.279015,1.279035
2017-10-26 01:07:00,1.279015,1.27902,1.279015,1.27902
2017-10-26 01:08:00,1.27913,1.27902,1.279015,1.27913
2017-10-26 01:09:00,1.279115,1.279105,1.27906,1.27914
2017-10-26 01:10:00,1.27913,1.279095,1.279095,1.27915
2017-10-26 01:11:00,1.2791,1.279075,1.27903,1.2791
2017-10-26 01:12:00,1.279125,1.279085,1.279085,1.279125
2017-10-26 01:13:00,1.2789,1.2791,1.27883,1.27911
2017-10-26 01:14:00,1.278945,1.27896,1.27894,1.278965
2017-10-26 01:15:00,1.27892,1.27896,1.27892,1.27897
2017-10-26 01:16:00,1.27897,1.278925,1.278925,1.278985
2017-10-26 01:17:00,1.278995,1.27898,1.27897,1.279055
2017-10-26 01:18:00,1.27891,1.279,1.278815,1.27902
2017-10-26 01:19:00,1.278755,1.278895,1.278755,1.278905
2017-10-26 01:20:00,1.27883,1.278805,1.2788,1.278835
2017-10-26 01:21:00,1.27885,1.27883,1.278825,1.2789
2017-10-26 01:22:00,1.27868,1.278845,1.278675,1.278845
2017-10-26 01:23:00,1.27859,1.278685,1.27844,1.27869
2017-10-26 01:24:00,1.27849,1.27858,1.27848,1.27858
2017-10-26 01:25:00,1.27859,1.278495,1.27836,1.27859
2017-10-26 01:26:00,1.27859,1.278575,1.278505,1.278695
2017-10-26 01:27:00,1.278655,1.278535,1.278525,1.27871
2017-10-26 01:28:00,1.278755,1.27865,1.278625,1.27878
2017-10-26 01:29:00,1.278625,1.27875,1.2786,1.278765
2017-10-26 01:30:00,1.27864,1.278625,1.278625,1.27865
2017-10-26 01:31:00,1.27837,1.278585,1.27836,1.278585
2017-10-26 01:32:00,1.278495,1.2784,1.278395,1.27853
2017-10-26 01:33:00,1.278485,1.27844,1.278435,1.27849
2017-10-26 01:34:00,1.278445,1.27848,1.278445,1.278505
2017-10-26 01:35:00,1.278435,1.27843,1.27839,1.27844
2017-10-26 01:36:00,1.278295,1.278415,1.27828,1.27852
2017-10-26 01:37:00,1.278365,1.27831,1.27831,1.278365
2017-10-26 01:38:00,1.278475,1.278365,1.27835,1.27848
2017-10-26 01:39:00,1.278595,1.27848,1.27848,1.278755
2017-10-26 01:40:00,1.278605,1.278655,1.278565,1.278705
2017-10-26 01:41:00,1.278615,1.27862,1.278615,1.27862
2017-10-26 01:42:00,1.27847,1.27862,1.278445,1.27862
2017-10-26 01:43:00,1.2785,1.278465,1.27846,1.27851
2017-10-26 01:44:00,1.278775,1.27851,1.278505,1.278795
2017-10-26 01:45:00,1.278905,1.278805,1.278805,1.27893
2017-10-26 01:46:00,1.278845,1.2789,1.27883,1.278905
2017-10-26 01:47:00,1.27885,1.27885,1.27884,1.278855
2017-10-26 01:48:00,1.27881,1.278855,1.27879,1.2789
2017-10-26 01:49:00,1.278815,1.27883,1.27877,1.27883
2017-10-26 01:50:00,1.278615,1.278785,1.27861,1.278785
2017-10-26 01:51:00,1.27878,1.27863,1.278595,1.27878
2017-10-26 01:52:00,1.278825,1.278785,1.278745,1.278835
2017-10-26 01:53:00,1.278895,1.27883,1.27883,1.2789
2017-10-26 01:54:00,1.27887,1.27895,1.27887,1.278965
2017-10-26 01:55:00,1.27895,1.278875,1.278855,1.27895
2017-10-26 01:56:00,1.27897,1.27897,1.27897,1.27897
2017-10-26 01:57:00,1.278945,1.27895,1.278905,1.278975
2017-10-26 01:58:00,1.278925,1.27894,1.278915,1.278955
2017-10-26 01:59:00,1.279,1.27898,1.27898,1.279
2017-10-26 02:00:00,1.279025,1.27901,1.279005,1.27905
2017-10-26 02:01:00,1.27909,1.279,1.27891,1.2791
2017-10-26 02:02:00,1.27912,1.279085,1.279085,1.27912
2017-10-26 02:03:00,1.279195,1.279125,1.279075,1.279195
2017-10-26 02:04:00,1.27919,1.279175,1.279175,1.2792
2017-10-26 02:05:00,1.279025,1.27914,1.278995,1.27914
2017-10-26 02:06:00,1.278825,1.278965,1.27882,1.27897
2017-10-26 02:07:00,1.27897,1.278825,1.278825,1.27897
2017-10-26 02:08:00,1.278865,1.27898,1.278865,1.279025
2017-10-26 02:09:00,1.279035,1.27885,1.278825,1.27915
2017-10-26 02:10:00,1.279345,1.27903,1.27903,1.279345
2017-10-26 02:11:00,1.27931,1.279375,1.279265,1.279375
2017-10-26 02:12:00,1.27935,1.279315,1.279265,1.27949
2017-10-26 02:13:00,1.279465,1.27934,1.279325,1.279465
2017-10-26 02:14:00,1.27938,1.27947,1.27925,1.279485
2017-10-26 02:15:00,1.279435,1.279385,1.27936,1.279495
2017-10-26 02:16:00,1.27919,1.27944,1.279165,1.279445
2017-10-26 02:17:00,1.279255,1.27917,1.279065,1.279275
2017-10-26 02:18:00,1.2793,1.27924,1.279225,1.279415
2017-10-26 02:19:00,1.27943,1.279295,1.279295,1.27944
2017-10-26 02:20:00,1.27948,1.279425,1.27936,1.279485
2017-10-26 02:21:00,1.279375,1.27948,1.27937,1.27948
2017-10-26 02:22:00,1.27951,1.279375,1.27936,1.27951
2017-10-26 02:23:00,1.27955,1.2795,1.279485,1.279555
2017-10-26 02:24:00,1.27963,1.27957,1.27954,1.27963
2017-10-26 02:25:00,1.279635,1.279655,1.279635,1.279655
2017-10-26 02:26:00,1.279695,1.279685,1.279625,1.27978
2017-10-26 02:27:00,1.279665,1.279695,1.279665,1.279695
2017-10-26 02:28:00,1.27968,1.279715,1.279665,1.27975
2017-10-26 02:29:00,1.27965,1.27968,1.27965,1.279755
2017-10-26 02:30:00,1.27971,1.279655,1.27964,1.27971
2017-10-26 02:31:00,1.279415,1.27966,1.279405,1.27967
2017-10-26 02:32:00,1.279275,1.27943,1.27925,1.279455
2017-10-26 02:33:00,1.27932,1.27927,1.279245,1.279415
2017-10-26 02:34:00,1.27952,1.279325,1.27932,1.27953
2017-10-26 02:35:00,1.27954,1.279525,1.279485,1.279625
2017-10-26 02:36:00,1.27945,1.279565,1.27945,1.279565
2017-10-26 02:37:00,1.279325,1.27939,1.279325,1.27939
2017-10-26 02:38:00,1.27941,1.27933,1.279325,1.27942
2017-10-26 02:39:00,1.27934,1.27941,1.27933,1.27944
2017-10-26 02:40:00,1.2793,1.279335,1.279275,1.279345
2017-10-26 02:41:00,1.279285,1.27925,1.27924,1.2793
2017-10-26 02:42:00,1.279225,1.279335,1.279225,1.2794
2017-10-26 02:43:00,1.279205,1.27921,1.279205,1.279255
2017-10-26 02:44:00,1.279225,1.279225,1.279205,1.27924
2017-10-26 02:45:00,1.279345,1.27922,1.279205,1.27952
2017-10-26 02:46:00,1.279275,1.279335,1.279175,1.27943
2017-10-26 02:47:00,1.279615,1.27929,1.27929,1.27963
2017-10-26 02:48:00,1.27974,1.27962,1.27959,1.27975
2017-10-26 02:49:00,1.27988,1.27974,1.27974,1.27991
2017-10-26 02:50:00,1.27986,1.279935,1.27985,1.279945
2017-10-26 02:51:00,1.27981,1.279835,1.27971,1.27984
2017-10-26 02:52:00,1.27981,1.279805,1.279755,1.27982
2017-10-26 02:53:00,1.279955,1.279805,1.279805,1.28002
2017-10-26 02:54:00,1.279645,1.2799,1.279645,1.279905
2017-10-26 02:55:00,1.279635,1.27965,1.279595,1.279665
2017-10-26 02:56:00,1.279625,1.27958,1.27958,1.279625
2017-10-26 02:57:00,1.279505,1.27957,1.279495,1.27957
2017-10-26 02:58:00,1.27951,1.279495,1.279485,1.27954
2017-10-26 02:59:00,1.279325,1.2795,1.27932,1.27951
2017-10-26 03:00:00,1.27971,1.27932,1.27932,1.27972
2017-10-26 03:01:00,1.27991,1.279765,1.27975,1.28002
2017-10-26 03:02:00,1.280015,1.279925,1.279845,1.280035
2017-10-26 03:03:00,1.28035,1.28007,1.28007,1.280405
2017-10-26 03:04:00,1.28014,1.28032,1.280115,1.280345
2017-10-26 03:05:00,1.280335,1.28012,1.28009,1.280395
2017-10-26 03:06:00,1.28044,1.280315,1.2803,1.28046
2017-10-26 03:07:00,1.280395,1.280415,1.28028,1.280415
2017-10-26 03:08:00,1.2799,1.280385,1.2799,1.28039
2017-10-26 03:09:00,1.28012,1.27988,1.2798,1.280165
2017-10-26 03:10:00,1.280275,1.28013,1.28013,1.280275
2017-10-26 03:11:00,1.28029,1.280255,1.280175,1.280305
2017-10-26 03:12:00,1.280685,1.28034,1.28034,1.28073
2017-10-26 03:13:00,1.280485,1.280685,1.28048,1.28076
2017-10-26 03:14:00,1.28045,1.280435,1.28039,1.28051
2017-10-26 03:15:00,1.280615,1.2804,1.2804,1.280615
2017-10-26 03:16:00,1.280485,1.280595,1.280475,1.280595
2017-10-26 03:17:00,1.28034,1.28048,1.280225,1.28048
2017-10-26 03:18:00,1.28047,1.28033,1.28033,1.280495
2017-10-26 03:19:00,1.280505,1.28049,1.280475,1.28059
2017-10-26 03:20:00,1.28056,1.2805,1.280495,1.28058
2017-10-26 03:21:00,1.28031,1.28057,1.280295,1.280575
2017-10-26 03:22:00,1.280325,1.280305,1.280305,1.280325
2017-10-26 03:23:00,1.280305,1.28031,1.28028,1.28033
2017-10-26 03:24:00,1.280425,1.28031,1.28031,1.28048
2017-10-26 03:25:00,1.28041,1.280415,1.28039,1.28046
2017-10-26 03:26:00,1.280375,1.280355,1.280355,1.280385
2017-10-26 03:27:00,1.28067,1.280375,1.280345,1.28076
2017-10-26 03:28:00,1.280675,1.28066,1.280575,1.28075
2017-10-26 03:29:00,1.280565,1.28067,1.280565,1.2807
2017-10-26 03:30:00,1.28067,1.280555,1.280555,1.280725
2017-10-26 03:31:00,1.280865,1.28066,1.28066,1.280985
2017-10-26 03:32:00,1.280925,1.28086,1.28086,1.28105
2017-10-26 03:33:00,1.280985,1.280925,1.2809,1.28101
2017-10-26 03:34:00,1.280835,1.280985,1.280835,1.280995
2017-10-26 03:35:00,1.280735,1.280825,1.280695,1.28084
2017-10-26 03:36:00,1.28066,1.280715,1.28065,1.28073
2017-10-26 03:37:00,1.28062,1.280655,1.28062,1.280665
2017-10-26 03:38:00,1.280355,1.280565,1.28035,1.28057
2017-10-26 03:39:00,1.28041,1.280345,1.280315,1.28042
2017-10-26 03:40:00,1.28055,1.280415,1.28041,1.28055
2017-10-26 03:41:00,1.280595,1.280495,1.280435,1.2806
2017-10-26 03:42:00,1.280685,1.2806,1.280595,1.28074
2017-10-26 03:43:00,1.28058,1.280675,1.28058,1.28068
2017-10-26 03:44:00,1.280455,1.28056,1.28043,1.28056
2017-10-26 03:45:00,1.280375,1.2804,1.2803,1.28041
2017-10-26 03:46:00,1.28035,1.28039,1.28029,1.280405
2017-10-26 03:47:00,1.28021,1.28039,1.28021,1.280405
2017-10-26 03:48:00,1.28014,1.280205,1.2801,1.28021
2017-10-26 03:49:00,1.280075,1.280135,1.280005,1.28019
2017-10-26 03:50:00,1.28005,1.28002,1.27998,1.28007
2017-10-26 03:51:00,1.28068,1.280035,1.279945,1.28068
2017-10-26 03:52:00,1.280495,1.280675,1.280485,1.28086
2017-10-26 03:53:00,1.280905,1.28051,1.28051,1.280905
2017-10-26 03:54:00,1.28094,1.28092,1.28084,1.28099
2017-10-26 03:55:00,1.280705,1.280955,1.280555,1.28096
2017-10-26 03:56:00,1.2806,1.28072,1.28046,1.280745
2017-10-26 03:57:00,1.28059,1.280605,1.28053,1.280605
2017-10-26 03:58:00,1.28077,1.280595,1.280545,1.280795
2017-10-26 03:59:00,1.28053,1.28077,1.28053,1.280775
2017-10-26 04:00:00,1.280885,1.280545,1.280485,1.28096
2017-10-26 04:01:00,1.28075,1.28088,1.280735,1.280945
2017-10-26 04:02:00,1.280765,1.28074,1.280725,1.280885
2017-10-26 04:03:00,1.2806,1.280745,1.28053,1.280745
2017-10-26 04:04:00,1.28082,1.280655,1.280655,1.280825
2017-10-26 04:05:00,1.280645,1.280825,1.280625,1.28089
2017-10-26 04:06:00,1.280625,1.28065,1.280495,1.28068
2017-10-26 04:07:00,1.28026,1.28062,1.28026,1.28062
2017-10-26 04:08:00,1.28082,1.280255,1.280255,1.280875
2017-10-26 04:09:00,1.28072,1.28082,1.28071,1.280835
2017-10-26 04:10:00,1.280355,1.28071,1.28025,1.28072
2017-10-26 04:11:00,1.28036,1.280365,1.28033,1.28054
2017-10-26 04:12:00,1.28033,1.280355,1.28032,1.280365
2017-10-26 04:13:00,1.280325,1.280325,1.28025,1.280335
2017-10-26 04:14:00,1.280435,1.28033,1.28032,1.280445
2017-10-26 04:15:00,1.28038,1.280375,1.280265,1.280465
2017-10-26 04:16:00,1.28034,1.28044,1.28029,1.280465
2017-10-26 04:17:00,1.280315,1.28036,1.280285,1.28036
2017-10-26 04:18:00,1.28016,1.280305,1.280135,1.28031
2017-10-26 04:19:00,1.280165,1.28014,1.28014,1.280255
2017-10-26 04:20:00,1.28032,1.28022,1.28019,1.280325
2017-10-26 04:21:00,1.28024,1.28029,1.28017,1.28029
2017-10-26 04:22:00,1.280175,1.28022,1.280165,1.280245
2017-10-26 04:23:00,1.2799,1.280115,1.279895,1.280155
2017-10-26 04:24:00,1.28003,1.279905,1.27988,1.28003
2017-10-26 04:25:00,1.280315,1.280025,1.280015,1.28033
2017-10-26 04:26:00,1.280255,1.28031,1.28025,1.280355
2017-10-26 04:27:00,1.280335,1.28026,1.280255,1.28035
2017-10-26 04:28:00,1.28026,1.280315,1.28026,1.280505
2017-10-26 04:29:00,1.28034,1.280245,1.280245,1.280345
2017-10-26 04:30:00,1.28033,1.28033,1.2803,1.28048
2017-10-26 04:31:00,1.28034,1.28032,1.2803,1.280395
2017-10-26 04:32:00,1.280315,1.280335,1.280245,1.28044
2017-10-26 04:33:00,1.280185,1.28031,1.28015,1.28034
2017-10-26 04:34:00,1.279585,1.28018,1.279495,1.28019
2017-10-26 04:35:00,1.279805,1.279575,1.279565,1.279955
2017-10-26 04:36:00,1.279835,1.27982,1.279815,1.27991
2017-10-26 04:37:00,1.28015,1.27983,1.27983,1.28015
2017-10-26 04:38:00,1.280295,1.280165,1.28007,1.280295
2017-10-26 04:39:00,1.28032,1.280365,1.28026,1.28043
2017-10-26 04:40:00,1.28025,1.280315,1.28024,1.28048
2017-10-26 04:41:00,1.280155,1.28025,1.279935,1.28025
2017-10-26 04:42:00,1.28002,1.280105,1.279925,1.28011
2017-10-26 04:43:00,1.279915,1.28002,1.279715,1.28004
2017-10-26 04:44:00,1.27993,1.279925,1.279885,1.28
2017-10-26 04:45:00,1.279915,1.279925,1.27987,1.28007
2017-10-26 04:46:00,1.279875,1.27992,1.27982,1.279995
2017-10-26 04:47:00,1.279645,1.279865,1.279635,1.27994
2017-10-26 04:48:00,1.279635,1.279645,1.27946,1.27968
2017-10-26 04:49:00,1.27969,1.27965,1.279565,1.279695
2017-10-26 04:50:00,1.279795,1.27971,1.27965,1.279805
2017-10-26 04:51:00,1.27971,1.2798,1.279705,1.27981
2017-10-26 04:52:00,1.279745,1.279765,1.27968,1.2798
2017-10-26 04:53:00,1.27973,1.279755,1.27968,1.27986
2017-10-26 04:54:00,1.27959,1.27973,1.2795,1.27973
2017-10-26 04:55:00,1.279955,1.279585,1.279575,1.279955
2017-10-26 04:56:00,1.279975,1.280015,1.279965,1.28002
2017-10-26 04:57:00,1.279935,1.27999,1.27992,1.279995
2017-10-26 04:58:00,1.27991,1.279945,1.2799,1.27997
2017-10-26 04:59:00,1.27999,1.27994,1.279915,1.28005
2017-10-26 05:00:00,1.279995,1.279985,1.279865,1.280025
2017-10-26 05:01:00,1.28004,1.280015,1.280015,1.2801
2017-10-26 05:02:00,1.27999,1.280045,1.27984,1.280045
2017-10-26 05:03:00,1.28038,1.279995,1.279975,1.28038
2017-10-26 05:04:00,1.28028,1.28034,1.280245,1.280365
2017-10-26 05:05:00,1.28047,1.28034,1.280335,1.28047
2017-10-26 05:06:00,1.280555,1.280525,1.280525,1.280585
2017-10-26 05:07:00,1.280575,1.28051,1.28049,1.280575
2017-10-26 05:08:00,1.28048,1.28057,1.280395,1.28057
2017-10-26 05:09:00,1.280405,1.280485,1.280345,1.28049
2017-10-26 05:10:00,1.280605,1.28042,1.28042,1.280625
2017-10-26 05:11:00,1.28053,1.28058,1.28053,1.28058
2017-10-26 05:12:00,1.28062,1.280585,1.280555,1.28062
2017-10-26 05:13:00,1.280605,1.280635,1.28058,1.280685
2017-10-26 05:14:00,1.280345,1.28058,1.280345,1.28058
2017-10-26 05:15:00,1.279675,1.28029,1.279675,1.28029
2017-10-26 05:16:00,1.279945,1.279665,1.279575,1.279955
2017-10-26 05:17:00,1.280265,1.27994,1.27994,1.2804
2017-10-26 05:18:00,1.28039,1.28028,1.28012,1.28039
2017-10-26 05:19:00,1.280205,1.280325,1.280205,1.280325
2017-10-26 05:20:00,1.2802,1.280255,1.2802,1.280275
2017-10-26 05:21:00,1.280595,1.280185,1.28018,1.280595
2017-10-26 05:22:00,1.280835,1.280585,1.28058,1.28085
2017-10-26 05:23:00,1.280775,1.280845,1.28075,1.280845
2017-10-26 05:24:00,1.28082,1.280805,1.280785,1.280925
2017-10-26 05:25:00,1.280885,1.280825,1.280685,1.280895
2017-10-26 05:26:00,1.280735,1.280895,1.280725,1.280895
2017-10-26 05:27:00,1.280625,1.28073,1.280605,1.280735
2017-10-26 05:28:00,1.280565,1.28057,1.28055,1.28059
2017-10-26 05:29:00,1.28048,1.28057,1.280475,1.28057
2017-10-26 05:30:00,1.28058,1.28049,1.28048,1.28058
2017-10-26 05:31:00,1.280475,1.28056,1.280475,1.280585
2017-10-26 05:32:00,1.28053,1.280455,1.28037,1.280535
2017-10-26 05:33:00,1.28085,1.280585,1.280585,1.28089
2017-10-26 05:34:00,1.280685,1.280845,1.280655,1.280845
2017-10-26 05:35:00,1.28064,1.280635,1.28063,1.280645
2017-10-26 05:36:00,1.28063,1.28064,1.28055,1.280655
2017-10-26 05:37:00,1.28072,1.28063,1.280625,1.280755
2017-10-26 05:38:00,1.28059,1.280725,1.28059,1.280725
2017-10-26 05:39:00,1.28068,1.28065,1.28065,1.28068
2017-10-26 05:40:00,1.280635,1.28073,1.28063,1.280805
2017-10-26 05:41:00,1.2805,1.28063,1.28048,1.28063
2017-10-26 05:42:00,1.280395,1.28045,1.280385,1.280455
2017-10-26 05:43:00,1.280475,1.28041,1.280375,1.28053
2017-10-26 05:44:00,1.28039,1.280475,1.28036,1.280545
2017-10-26 05:45:00,1.280555,1.280445,1.280445,1.28056
2017-10-26 05:46:00,1.280535,1.280565,1.280445,1.28057
2017-10-26 05:47:00,1.28054,1.28053,1.280525,1.280545
2017-10-26 05:48:00,1.28057,1.280535,1.280535,1.28068
2017-10-26 05:49:00,1.280545,1.28055,1.28053,1.280585
2017-10-26 05:50:00,1.28053,1.280535,1.28053,1.280555
2017-10-26 05:51:00,1.280465,1.280525,1.280385,1.28054
2017-10-26 05:52:00,1.28056,1.280475,1.28045,1.28056
2017-10-26 05:53:00,1.280555,1.280575,1.28055,1.280575
2017-10-26 05:54:00,1.280465,1.28055,1.28046,1.28055
2017-10-26 05:55:00,1.280465,1.28046,1.280455,1.280465
2017-10-26 05:56:00,1.28035,1.280485,1.280345,1.280545
2017-10-26 05:57:00,1.280505,1.280405,1.280405,1.280505
2017-10-26 05:58:00,1.279965,1.2805,1.279955,1.2805
2017-10-26 05:59:00,1.279975,1.27998,1.27978,1.27999
2017-10-26 06:00:00,1.27978,1.27997,1.279735,1.279975
2017-10-26 06:01:00,1.279955,1.27978,1.27978,1.280005
2017-10-26 06:02:00,1.279935,1.27995,1.279895,1.28002
2017-10-26 06:03:00,1.28008,1.279915,1.279765,1.280115
2017-10-26 06:04:00,1.27992,1.280065,1.279865,1.28008
2017-10-26 06:05:00,1.279935,1.279915,1.279865,1.279955
2017-10-26 06:06:00,1.279765,1.27992,1.27976,1.27994
2017-10-26 06:07:00,1.27966,1.27971,1.27963,1.279715
2017-10-26 06:08:00,1.279455,1.279605,1.279425,1.27962
2017-10-26 06:09:00,1.27934,1.27947,1.279325,1.279475
2017-10-26 06:10:00,1.279415,1.279335,1.279285,1.279415
2017-10-26 06:11:00,1.279605,1.27944,1.27944,1.279605
2017-10-26 06:12:00,1.27951,1.27963,1.2795,1.279645
2017-10-26 06:13:00,1.27967,1.2795,1.279485,1.2797
2017-10-26 06:14:00,1.279555,1.279665,1.279545,1.279665
2017-10-26 06:15:00,1.279635,1.27956,1.27951,1.279645
2017-10-26 06:16:00,1.279735,1.27963,1.279625,1.279735
2017-10-26 06:17:00,1.279755,1.279725,1.279715,1.279765
2017-10-26 06:18:00,1.27979,1.279755,1.27975,1.27979
2017-10-26 06:19:00,1.279645,1.279735,1.279635,1.27975
2017-10-26 06:20:00,1.27951,1.27965,1.27951,1.27965
2017-10-26 06:21:00,1.27968,1.2795,1.2795,1.27969
2017-10-26 06:22:00,1.27958,1.279625,1.279395,1.279625
2017-10-26 06:23:00,1.279695,1.279575,1.279575,1.27971
2017-10-26 06:24:00,1.279695,1.27975,1.279685,1.2798
2017-10-26 06:25:00,1.279755,1.27975,1.27969,1.27982
2017-10-26 06:26:00,1.27997,1.2798,1.2798,1.27999
2017-10-26 06:27:00,1.27998,1.27998,1.279915,1.279985
2017-10-26 06:28:00,1.27972,1.279975,1.279715,1.279975
2017-10-26 06:29:00,1.279965,1.279735,1.27971,1.279965
2017-10-26 06:30:00,1.280075,1.28003,1.28002,1.280085
2017-10-26 06:31:00,1.280025,1.28007,1.279955,1.28017
2017-10-26 06:32:00,1.28007,1.280045,1.27998,1.28013
2017-10-26 06:33:00,1.280085,1.280075,1.28007,1.28012
2017-10-26 06:34:00,1.280055,1.28009,1.280055,1.280195
2017-10-26 06:35:00,1.279965,1.280065,1.279955,1.28008
2017-10-26 06:36:00,1.2799,1.27997,1.279895,1.27998
2017-10-26 06:37:00,1.279895,1.279905,1.279895,1.27995
2017-10-26 06:38:00,1.279855,1.27988,1.279765,1.279885
2017-10-26 06:39:00,1.279845,1.279835,1.27969,1.27988
2017-10-26 06:40:00,1.279975,1.27985,1.27977,1.28017
2017-10-26 06:41:00,1.28001,1.279965,1.279925,1.280045
2017-10-26 06:42:00,1.27988,1.280025,1.27988,1.280065
2017-10-26 06:43:00,1.279825,1.27985,1.279735,1.27985
2017-10-26 06:44:00,1.279855,1.27982,1.27981,1.279865
2017-10-26 06:45:00,1.27992,1.27984,1.279835,1.27993
2017-10-26 06:46:00,1.27964,1.279925,1.279575,1.279925
2017-10-26 06:47:00,1.27949,1.27959,1.27947,1.279595
2017-10-26 06:48:00,1.2797,1.27947,1.27947,1.279705
2017-10-26 06:49:00,1.2797,1.27968,1.27963,1.27971
2017-10-26 06:50:00,1.2797,1.279695,1.279685,1.279705
2017-10-26 06:51:00,1.27969,1.27971,1.279635,1.27971
2017-10-26 06:52:00,1.27996,1.279695,1.27969,1.280015
2017-10-26 06:53:00,1.279645,1.27996,1.279505,1.279965
2017-10-26 06:54:00,1.279625,1.27965,1.27953,1.279665
2017-10-26 06:55:00,1.27962,1.27961,1.279595,1.27967
2017-10-26 06:56:00,1.279675,1.279625,1.2796,1.279675
2017-10-26 06:57:00,1.27967,1.27967,1.279655,1.27977
2017-10-26 06:58:00,1.27932,1.279665,1.279295,1.27967
2017-10-26 06:59:00,1.279395,1.279315,1.279255,1.279425
2017-10-26 07:00:00,1.27944,1.279395,1.279375,1.27945
2017-10-26 07:01:00,1.279265,1.279465,1.27922,1.27947
2017-10-26 07:02:00,1.27946,1.27931,1.27931,1.27948
2017-10-26 07:03:00,1.279515,1.279515,1.279485,1.279585
2017-10-26 07:04:00,1.279335,1.27951,1.279335,1.27953
2017-10-26 07:05:00,1.27946,1.27933,1.27932,1.27948
2017-10-26 07:06:00,1.279585,1.279515,1.27949,1.27959
2017-10-26 07:07:00,1.279445,1.279575,1.279435,1.27959
2017-10-26 07:08:00,1.279705,1.2795,1.2795,1.279715
2017-10-26 07:09:00,1.27938,1.27971,1.27938,1.27971
2017-10-26 07:10:00,1.27944,1.2794,1.2794,1.279475
2017-10-26 07:11:00,1.27945,1.279445,1.279435,1.27951
2017-10-26 07:12:00,1.27946,1.279465,1.279435,1.27948
2017-10-26 07:13:00,1.27946,1.279465,1.27944,1.27948
2017-10-26 07:14:00,1.27961,1.279465,1.27945,1.279675
2017-10-26 07:15:00,1.27948,1.279625,1.27944,1.27964
2017-10-26 07:16:00,1.279295,1.2795,1.279295,1.279565
2017-10-26 07:17:00,1.27938,1.279235,1.279185,1.27939
2017-10-26 07:18:00,1.27947,1.27937,1.27937,1.27954
2017-10-26 07:19:00,1.279455,1.279465,1.279425,1.2795
2017-10-26 07:20:00,1.279445,1.27945,1.27943,1.279485
2017-10-26 07:21:00,1.27947,1.27945,1.27945,1.27954
2017-10-26 07:22:00,1.279575,1.27945,1.279445,1.279575
2017-10-26 07:23:00,1.279615,1.27957,1.279555,1.27962
2017-10-26 07:24:00,1.279405,1.279615,1.279375,1.27963
2017-10-26 07:25:00,1.27934,1.279405,1.27933,1.279415
2017-10-26 07:26:00,1.279695,1.279345,1.27933,1.27972
2017-10-26 07:27:00,1.27967,1.27968,1.27965,1.279715
2017-10-26 07:28:00,1.279465,1.27968,1.279465,1.279715
2017-10-26 07:29:00,1.279405,1.27951,1.279315,1.279595
2017-10-26 07:30:00,1.27932,1.27935,1.279235,1.279445
2017-10-26 07:31:00,1.27935,1.27933,1.27932,1.27938
2017-10-26 07:32:00,1.2795,1.27937,1.27937,1.279515
2017-10-26 07:33:00,1.279425,1.279525,1.279425,1.27957
2017-10-26 07:34:00,1.279425,1.27942,1.279335,1.27946
2017-10-26 07:35:00,1.27933,1.27944,1.279325,1.279455
2017-10-26 07:36:00,1.27908,1.279275,1.27908,1.279275
2017-10-26 07:37:00,1.27933,1.279085,1.27908,1.279335
2017-10-26 07:38:00,1.27932,1.27931,1.27931,1.279335
2017-10-26 07:39:00,1.27933,1.27934,1.279305,1.27944
2017-10-26 07:40:00,1.27934,1.27936,1.27931,1.27938
2017-10-26 07:41:00,1.279285,1.27933,1.279285,1.279345
2017-10-26 07:42:00,1.27923,1.27923,1.27911,1.27924
2017-10-26 07:43:00,1.27912,1.27923,1.27911,1.27924
2017-10-26 07:44:00,1.27925,1.27913,1.279115,1.279255
2017-10-26 07:45:00,1.27927,1.279225,1.279105,1.27928
2017-10-26 07:46:00,1.279175,1.279265,1.278985,1.279405
2017-10-26 07:47:00,1.27901,1.279175,1.278995,1.279355
2017-10-26 07:48:00,1.27913,1.279025,1.278985,1.279425
2017-10-26 07:49:00,1.279255,1.27913,1.27912,1.279485
2017-10-26 07:50:00,1.27949,1.27925,1.279165,1.27951
2017-10-26 07:51:00,1.279745,1.279495,1.279465,1.279805
2017-10-26 07:52:00,1.279435,1.27979,1.2794,1.279795
2017-10-26 07:53:00,1.279375,1.279435,1.27932,1.279515
2017-10-26 07:54:00,1.279005,1.279355,1.27899,1.279425
2017-10-26 07:55:00,1.278865,1.27895,1.27882,1.278995
2017-10-26 07:56:00,1.27861,1.27889,1.278605,1.27905
2017-10-26 07:57:00,1.278665,1.278605,1.278575,1.278705
2017-10-26 07:58:00,1.278745,1.27866,1.27861,1.27903
2017-10-26 07:59:00,1.27858,1.278745,1.27857,1.278805
2017-10-26 08:00:00,1.278525,1.278635,1.27819,1.27864
2017-10-26 08:01:00,1.27878,1.27852,1.278495,1.278965
2017-10-26 08:02:00,1.278905,1.278835,1.278745,1.279195
2017-10-26 08:03:00,1.279155,1.278885,1.278885,1.279555
2017-10-26 08:04:00,1.280365,1.27918,1.278745,1.28094
2017-10-26 08:05:00,1.27927,1.28036,1.278035,1.28069
2017-10-26 08:06:00,1.2795,1.279245,1.2792,1.279815
2017-10-26 08:07:00,1.279835,1.279495,1.27928,1.28013
2017-10-26 08:08:00,1.27965,1.27985,1.27957,1.28001
2017-10-26 08:09:00,1.27959,1.279655,1.27945,1.279755
2017-10-26 08:10:00,1.279435,1.27959,1.279365,1.279595
2017-10-26 08:11:00,1.279565,1.279405,1.279405,1.27962
2017-10-26 08:12:00,1.27938,1.27957,1.279375,1.27957
2017-10-26 08:13:00,1.27947,1.27939,1.2792,1.279475
2017-10-26 08:14:00,1.27967,1.279465,1.2794,1.279735
2017-10-26 08:15:00,1.279655,1.279665,1.279625,1.27991
2017-10-26 08:16:00,1.27999,1.27964,1.27963,1.28001
2017-10-26 08:17:00,1.279895,1.28005,1.27989,1.280175
2017-10-26 08:18:00,1.280305,1.2799,1.27985,1.280325
2017-10-26 08:19:00,1.2804,1.280355,1.280135,1.280525
2017-10-26 08:20:00,1.280695,1.280375,1.280275,1.280705
2017-10-26 08:21:00,1.280465,1.28068,1.280445,1.280845
2017-10-26 08:22:00,1.28072,1.280465,1.280235,1.280735
2017-10-26 08:23:00,1.28082,1.280715,1.280705,1.28082
2017-10-26 08:24:00,1.280715,1.280815,1.28057,1.280825
2017-10-26 08:25:00,1.280725,1.28073,1.280515,1.280875
2017-10-26 08:26:00,1.28063,1.28072,1.28058,1.280775
2017-10-26 08:27:00,1.280875,1.280625,1.28051,1.280875
2017-10-26 08:28:00,1.280995,1.28085,1.280795,1.28114
2017-10-26 08:29:00,1.28094,1.281,1.2809,1.28102
2017-10-26 08:30:00,1.28085,1.280945,1.280725,1.281065
2017-10-26 08:31:00,1.280795,1.28101,1.280765,1.281125
2017-10-26 08:32:00,1.280545,1.28079,1.28052,1.280805
2017-10-26 08:33:00,1.280575,1.28054,1.28048,1.28079
2017-10-26 08:34:00,1.28069,1.28053,1.280475,1.280985
2017-10-26 08:35:00,1.280905,1.280695,1.28069,1.28103
2017-10-26 08:36:00,1.28096,1.2809,1.280885,1.28114
2017-10-26 08:37:00,1.280775,1.280965,1.280515,1.28097
2017-10-26 08:38:00,1.28065,1.28078,1.28055,1.28078
2017-10-26 08:39:00,1.28099,1.280665,1.28053,1.281075
2017-10-26 08:40:00,1.281185,1.28099,1.280985,1.281275
2017-10-26 08:41:00,1.28114,1.281185,1.28102,1.28121
2017-10-26 08:42:00,1.28116,1.28116,1.28114,1.28135
2017-10-26 08:43:00,1.28109,1.28112,1.28094,1.28119
2017-10-26 08:44:00,1.28086,1.281085,1.28077,1.28109
2017-10-26 08:45:00,1.280695,1.280845,1.280505,1.28085
2017-10-26 08:46:00,1.2806,1.28069,1.280595,1.28093
2017-10-26 08:47:00,1.28088,1.28059,1.28059,1.28095
2017-10-26 08:48:00,1.280725,1.280875,1.28066,1.280985
2017-10-26 08:49:00,1.28057,1.280735,1.28039,1.28077
2017-10-26 08:50:00,1.28091,1.28053,1.28044,1.280975
2017-10-26 08:51:00,1.280985,1.28092,1.28056,1.281105
2017-10-26 08:52:00,1.280975,1.280975,1.280895,1.281
2017-10-26 08:53:00,1.28125,1.28099,1.280955,1.281315
2017-10-26 08:54:00,1.281335,1.281235,1.28118,1.281405
2017-10-26 08:55:00,1.281335,1.28134,1.281335,1.28158
2017-10-26 08:56:00,1.28118,1.281385,1.281125,1.28151
2017-10-26 08:57:00,1.28146,1.281175,1.281015,1.28146
2017-10-26 08:58:00,1.281315,1.281465,1.281225,1.281535
2017-10-26 08:59:00,1.28116,1.281315,1.28111,1.28134
2017-10-26 09:00:00,1.28039,1.281105,1.28033,1.28111
2017-10-26 09:01:00,1.280375,1.280385,1.280285,1.28078
2017-10-26 09:02:00,1.2803,1.280405,1.28011,1.280615
2017-10-26 09:03:00,1.280275,1.280305,1.280145,1.280455
2017-10-26 09:04:00,1.28,1.28028,1.279915,1.2803
2017-10-26 09:05:00,1.279965,1.27999,1.27987,1.28015
2017-10-26 09:06:00,1.27963,1.27995,1.27952,1.27996
2017-10-26 09:07:00,1.27948,1.279625,1.279275,1.279805
2017-10-26 09:08:00,1.279955,1.279495,1.27945,1.27996
2017-10-26 09:09:00,1.27992,1.28001,1.27985,1.28003
2017-10-26 09:10:00,1.28025,1.279905,1.27974,1.280275
2017-10-26 09:11:00,1.28026,1.28022,1.28002,1.280355
2017-10-26 09:12:00,1.28015,1.280245,1.28014,1.28035
2017-10-26 09:13:00,1.28047,1.280155,1.28006,1.28063
2017-10-26 09:14:00,1.28034,1.280465,1.280175,1.28047
2017-10-26 09:15:00,1.28064,1.280345,1.280255,1.280715
2017-10-26 09:16:00,1.280645,1.280615,1.280505,1.2807
2017-10-26 09:17:00,1.280605,1.28063,1.280425,1.280645
2017-10-26 09:18:00,1.280835,1.280615,1.280595,1.280835
2017-10-26 09:19:00,1.280925,1.28083,1.280825,1.28109
2017-10-26 09:20:00,1.28086,1.28093,1.280745,1.28093
2017-10-26 09:21:00,1.28113,1.280855,1.28085,1.281335
2017-10-26 09:22:00,1.28078,1.281135,1.280775,1.28122
2017-10-26 09:23:00,1.2809,1.28077,1.28071,1.28097
2017-10-26 09:24:00,1.280725,1.28092,1.28061,1.28095
2017-10-26 09:25:00,1.28075,1.28072,1.28066,1.280775
2017-10-26 09:26:00,1.28099,1.280755,1.280755,1.28112
2017-10-26 09:27:00,1.28124,1.28094,1.28088,1.281325
2017-10-26 09:28:00,1.281225,1.281235,1.28112,1.28139
2017-10-26 09:29:00,1.28154,1.281175,1.281095,1.28158
2017-10-26 09:30:00,1.28155,1.281525,1.28139,1.281675
2017-10-26 09:31:00,1.28138,1.281605,1.28126,1.281655
2017-10-26 09:32:00,1.28208,1.281365,1.28132,1.282215
2017-10-26 09:33:00,1.282105,1.282055,1.281995,1.28231
2017-10-26 09:34:00,1.282435,1.282055,1.28191,1.282435
2017-10-26 09:35:00,1.282185,1.28244,1.28197,1.28245
2017-10-26 09:36:00,1.28225,1.282215,1.28209,1.28232
2017-10-26 09:37:00,1.282145,1.28226,1.282125,1.28243
2017-10-26 09:38:00,1.28221,1.28214,1.28203,1.28221
2017-10-26 09:39:00,1.282185,1.282225,1.2821,1.2824
2017-10-26 09:40:00,1.282385,1.28219,1.282175,1.28245
2017-10-26 09:41:00,1.282325,1.28237,1.28225,1.282735
2017-10-26 09:42:00,1.282105,1.28233,1.282085,1.282435
2017-10-26 09:43:00,1.281875,1.28213,1.281875,1.28213
2017-10-26 09:44:00,1.281705,1.281895,1.281685,1.28199
2017-10-26 09:45:00,1.281645,1.281655,1.2816,1.28184
2017-10-26 09:46:00,1.28175,1.281645,1.281645,1.281805
2017-10-26 09:47:00,1.281795,1.281695,1.28161,1.28183
2017-10-26 09:48:00,1.281875,1.281785,1.28171,1.28192
2017-10-26 09:49:00,1.281715,1.281895,1.281715,1.28194
2017-10-26 09:50:00,1.282315,1.28172,1.281705,1.282315
2017-10-26 09:51:00,1.28219,1.28232,1.28212,1.28233
2017-10-26 09:52:00,1.2821,1.282165,1.281755,1.282165
2017-10-26 09:53:00,1.282225,1.2821,1.28209,1.28228
2017-10-26 09:54:00,1.281745,1.28223,1.281705,1.28224
2017-10-26 09:55:00,1.2816,1.28176,1.28141,1.281785
2017-10-26 09:56:00,1.281725,1.28161,1.281595,1.281745
2017-10-26 09:57:00,1.281515,1.28172,1.28145,1.281745
2017-10-26 09:58:00,1.28145,1.28152,1.281445,1.281585
2017-10-26 09:59:00,1.28133,1.28144,1.281265,1.28146
2017-10-26 10:00:00,1.28158,1.281355,1.2813,1.28162
2017-10-26 10:01:00,1.28176,1.281565,1.281415,1.281785
2017-10-26 10:02:00,1.281705,1.281765,1.28163,1.281765
2017-10-26 10:03:00,1.28141,1.28176,1.281345,1.281765
2017-10-26 10:04:00,1.28133,1.28135,1.281225,1.281355
2017-10-26 10:05:00,1.281245,1.28135,1.2811,1.28135
2017-10-26 10:06:00,1.28133,1.28125,1.281245,1.28134
2017-10-26 10:07:00,1.281525,1.28128,1.281275,1.28158
2017-10-26 10:08:00,1.28157,1.28152,1.28142,1.28159
2017-10-26 10:09:00,1.281695,1.281575,1.281575,1.281745
2017-10-26 10:10:00,1.28161,1.281695,1.281605,1.281725
2017-10-26 10:11:00,1.281645,1.281615,1.281585,1.28179
2017-10-26 10:12:00,1.28175,1.28165,1.281645,1.28182
2017-10-26 10:13:00,1.281755,1.281765,1.28175,1.2819
2017-10-26 10:14:00,1.28191,1.281805,1.281805,1.28197
2017-10-26 10:15:00,1.28177,1.28196,1.281755,1.28197
2017-10-26 10:16:00,1.281815,1.28179,1.28152,1.281935
2017-10-26 10:17:00,1.281605,1.28177,1.281455,1.28177
2017-10-26 10:18:00,1.281465,1.2816,1.28146,1.28186
2017-10-26 10:19:00,1.28164,1.281415,1.28141,1.281735
2017-10-26 10:20:00,1.28154,1.28165,1.2815,1.28165
2017-10-26 10:21:00,1.28148,1.281515,1.281425,1.28154
2017-10-26 10:22:00,1.281605,1.28142,1.28141,1.28167
2017-10-26 10:23:00,1.28177,1.28161,1.281545,1.28177
2017-10-26 10:24:00,1.281835,1.281825,1.281775,1.28195
2017-10-26 10:25:00,1.28198,1.281885,1.281805,1.282045
2017-10-26 10:26:00,1.282005,1.281975,1.281845,1.282055
2017-10-26 10:27:00,1.28191,1.28206,1.281865,1.28208
2017-10-26 10:28:00,1.281745,1.281885,1.28174,1.281995
2017-10-26 10:29:00,1.2816,1.28174,1.28159,1.281755
2017-10-26 10:30:00,1.28174,1.28158,1.28158,1.28185
2017-10-26 10:31:00,1.2817,1.281735,1.28161,1.2818
2017-10-26 10:32:00,1.281855,1.281705,1.28169,1.28187
2017-10-26 10:33:00,1.281855,1.28185,1.28177,1.28203
2017-10-26 10:34:00,1.28217,1.28188,1.281795,1.282265
2017-10-26 10:35:00,1.28203,1.282175,1.28196,1.28218
2017-10-26 10:36:00,1.28244,1.28203,1.28198,1.28258
2017-10-26 10:37:00,1.282685,1.282435,1.282355,1.282805
2017-10-26 10:38:00,1.282365,1.282695,1.28234,1.282695
2017-10-26 10:39:00,1.282245,1.282315,1.28222,1.28235
2017-10-26 10:40:00,1.282215,1.282255,1.28213,1.28234
2017-10-26 10:41:00,1.282145,1.282185,1.282145,1.282385
2017-10-26 10:42:00,1.28193,1.28216,1.281925,1.282175
2017-10-26 10:43:00,1.28209,1.28194,1.28194,1.282105
2017-10-26 10:44:00,1.28216,1.282085,1.28198,1.282165
2017-10-26 10:45:00,1.28206,1.28213,1.281885,1.282155
2017-10-26 10:46:00,1.28199,1.282065,1.28197,1.28212
2017-10-26 10:47:00,1.281995,1.28197,1.281945,1.282065
2017-10-26 10:48:00,1.282075,1.282,1.281795,1.282095
2017-10-26 10:49:00,1.28211,1.282075,1.28207,1.282305
2017-10-26 10:50:00,1.282045,1.282095,1.28195,1.282095
2017-10-26 10:51:00,1.282,1.28207,1.28193,1.28207
2017-10-26 10:52:00,1.282,1.28202,1.28193,1.282105
2017-10-26 10:53:00,1.281695,1.282005,1.281575,1.28208
2017-10-26 10:54:00,1.28211,1.28169,1.28169,1.282155
2017-10-26 10:55:00,1.28198,1.282135,1.28188,1.28226
2017-10-26 10:56:00,1.282175,1.281985,1.28197,1.28219
2017-10-26 10:57:00,1.28208,1.282175,1.282055,1.282205
2017-10-26 10:58:00,1.28245,1.28206,1.28206,1.28245
2017-10-26 10:59:00,1.282455,1.282455,1.282185,1.282495
2017-10-26 11:00:00,1.282685,1.282515,1.28251,1.28276
2017-10-26 11:01:00,1.28287,1.28274,1.28247,1.282875
2017-10-26 11:02:00,1.28283,1.282855,1.28259,1.28287
2017-10-26 11:03:00,1.282755,1.282885,1.282675,1.28297
2017-10-26 11:04:00,1.283295,1.2827,1.28267,1.283315
2017-10-26 11:05:00,1.28303,1.28324,1.28285,1.28324
2017-10-26 11:06:00,1.28323,1.28298,1.28298,1.28323
2017-10-26 11:07:00,1.28326,1.283245,1.283155,1.283395
2017-10-26 11:08:00,1.283105,1.283205,1.28304,1.28325
2017-10-26 11:09:00,1.28304,1.28306,1.282915,1.283095
2017-10-26 11:10:00,1.283015,1.282985,1.282935,1.283035
2017-10-26 11:11:00,1.283635,1.283005,1.282935,1.283735
2017-10-26 11:12:00,1.283525,1.28363,1.283525,1.28374
2017-10-26 11:13:00,1.283545,1.283545,1.28346,1.283785
2017-10-26 11:14:00,1.28395,1.28357,1.28357,1.28401
2017-10-26 11:15:00,1.284215,1.283965,1.283945,1.28446
2017-10-26 11:16:00,1.283905,1.284225,1.28388,1.284395
2017-10-26 11:17:00,1.283785,1.28388,1.283785,1.283965
2017-10-26 11:18:00,1.28345,1.283735,1.28345,1.28383
2017-10-26 11:19:00,1.28342,1.283385,1.283225,1.28348
2017-10-26 11:20:00,1.28332,1.28341,1.28329,1.283555
2017-10-26 11:21:00,1.28341,1.283265,1.28325,1.28341
2017-10-26 11:22:00,1.28348,1.283465,1.283345,1.283545
2017-10-26 11:23:00,1.28304,1.28347,1.28302,1.28347
2017-10-26 11:24:00,1.2832,1.28304,1.282995,1.283295
2017-10-26 11:25:00,1.2831,1.2832,1.283095,1.28334
2017-10-26 11:26:00,1.283175,1.28311,1.28293,1.283205
2017-10-26 11:27:00,1.283285,1.28318,1.28315,1.28333
2017-10-26 11:28:00,1.28315,1.28328,1.2831,1.283285
2017-10-26 11:29:00,1.28308,1.28315,1.283065,1.283265
2017-10-26 11:30:00,1.283265,1.283085,1.283045,1.283335
2017-10-26 11:31:00,1.28319,1.283215,1.28318,1.28328
2017-10-26 11:32:00,1.28328,1.283195,1.283185,1.283395
2017-10-26 11:33:00,1.283015,1.283275,1.283,1.283285
2017-10-26 11:34:00,1.283035,1.28301,1.28262,1.283055
2017-10-26 11:35:00,1.283215,1.283025,1.283025,1.283305
2017-10-26 11:36:00,1.283015,1.28322,1.283005,1.28325
2017-10-26 11:37:00,1.283075,1.283015,1.283005,1.283125
2017-10-26 11:38:00,1.282975,1.28307,1.282905,1.283075
2017-10-26 11:39:00,1.283125,1.28298,1.282975,1.28335
2017-10-26 11:40:00,1.283295,1.283125,1.2831,1.283385
2017-10-26 11:41:00,1.283025,1.28331,1.283005,1.28331
2017-10-26 11:42:00,1.28316,1.28301,1.283005,1.28316
2017-10-26 11:43:00,1.283045,1.28315,1.28301,1.283165
2017-10-26 11:44:00,1.283025,1.283035,1.28301,1.283065
2017-10-26 11:45:00,1.282985,1.28297,1.28295,1.28301
2017-10-26 11:46:00,1.28301,1.28301,1.28293,1.283035
2017-10-26 11:47:00,1.282975,1.282955,1.282925,1.28303
2017-10-26 11:48:00,1.283005,1.282975,1.28295,1.283025
2017-10-26 11:49:00,1.28294,1.28301,1.282925,1.283015
2017-10-26 11:50:00,1.28255,1.28289,1.282475,1.28294
2017-10-26 11:51:00,1.28244,1.282545,1.2824,1.282775
2017-10-26 11:52:00,1.282325,1.282415,1.282185,1.282415
2017-10-26 11:53:00,1.282315,1.28231,1.28228,1.282535
2017-10-26 11:54:00,1.28229,1.2823,1.28226,1.28241
2017-10-26 11:55:00,1.282365,1.282315,1.28223,1.282415
2017-10-26 11:56:00,1.282425,1.282365,1.28231,1.28251
2017-10-26 11:57:00,1.28236,1.28242,1.282335,1.28258
2017-10-26 11:58:00,1.282185,1.28235,1.282125,1.28236
2017-10-26 11:59:00,1.28238,1.28218,1.28212,1.2824
2017-10-26 12:00:00,1.282245,1.2824,1.282195,1.282475
2017-10-26 12:01:00,1.282345,1.28219,1.282145,1.282385
2017-10-26 12:02:00,1.28223,1.28232,1.2822,1.282435
2017-10-26 12:03:00,1.28222,1.282235,1.282205,1.28228
2017-10-26 12:04:00,1.28212,1.282165,1.282115,1.28227
2017-10-26 12:05:00,1.28226,1.2821,1.2821,1.28229
2017-10-26 12:06:00,1.282375,1.28227,1.282245,1.282375
2017-10-26 12:07:00,1.282575,1.28242,1.28229,1.2826
2017-10-26 12:08:00,1.283215,1.28252,1.28245,1.283215
2017-10-26 12:09:00,1.28323,1.283245,1.28311,1.28338
2017-10-26 12:10:00,1.28305,1.28319,1.283035,1.283225
2017-10-26 12:11:00,1.28297,1.28304,1.28297,1.283135
2017-10-26 12:12:00,1.28311,1.28292,1.2828,1.28316
2017-10-26 12:13:00,1.28302,1.283055,1.282995,1.28307
2017-10-26 12:14:00,1.283225,1.283045,1.28304,1.28323
2017-10-26 12:15:00,1.283165,1.283255,1.283115,1.283255
2017-10-26 12:16:00,1.283235,1.28312,1.283075,1.283325
2017-10-26 12:17:00,1.283265,1.283235,1.283195,1.283265
2017-10-26 12:18:00,1.28325,1.283275,1.283235,1.283415
2017-10-26 12:19:00,1.28325,1.283255,1.283245,1.283445
2017-10-26 12:20:00,1.28328,1.28328,1.283235,1.283415
2017-10-26 12:21:00,1.283315,1.28333,1.283265,1.283395
2017-10-26 12:22:00,1.28339,1.28332,1.2833,1.283415
2017-10-26 12:23:00,1.28327,1.283395,1.28327,1.283465
2017-10-26 12:24:00,1.2833,1.283205,1.283165,1.28335
2017-10-26 12:25:00,1.28326,1.28325,1.283125,1.283335
2017-10-26 12:26:00,1.283475,1.28328,1.28326,1.283475
2017-10-26 12:27:00,1.28379,1.283535,1.28341,1.28379
2017-10-26 12:28:00,1.283915,1.283795,1.28376,1.284065
2017-10-26 12:29:00,1.28404,1.28391,1.283855,1.284045
2017-10-26 12:30:00,1.284065,1.28405,1.28403,1.28421
2017-10-26 12:31:00,1.284045,1.284055,1.28392,1.284095
2017-10-26 12:32:00,1.284085,1.284095,1.28401,1.28413
2017-10-26 12:33:00,1.283915,1.284105,1.28388,1.28412
2017-10-26 12:34:00,1.283795,1.283915,1.28374,1.283915
2017-10-26 12:35:00,1.28375,1.28379,1.2837,1.283835
2017-10-26 12:36:00,1.283865,1.28377,1.28376,1.283965
2017-10-26 12:37:00,1.28375,1.283815,1.283735,1.283815
2017-10-26 12:38:00,1.28431,1.28375,1.28372,1.28431
2017-10-26 12:39:00,1.284295,1.284335,1.28417,1.284335
2017-10-26 12:40:00,1.284365,1.284285,1.284285,1.284365
2017-10-26 12:41:00,1.284455,1.28439,1.28439,1.284555
2017-10-26 12:42:00,1.284425,1.28443,1.28435,1.28449
2017-10-26 12:43:00,1.284635,1.28443,1.284425,1.28467
2017-10-26 12:44:00,1.2844,1.284615,1.28436,1.284615
2017-10-26 12:45:00,1.28467,1.284345,1.28427,1.28467
2017-10-26 12:46:00,1.28463,1.284665,1.284615,1.2847
2017-10-26 12:47:00,1.28467,1.284625,1.28453,1.284745
2017-10-26 12:48:00,1.284685,1.284695,1.284665,1.28475
2017-10-26 12:49:00,1.284575,1.28469,1.284575,1.284825
2017-10-26 12:50:00,1.28463,1.284625,1.28458,1.284745
2017-10-26 12:51:00,1.284565,1.28457,1.284495,1.284575
2017-10-26 12:52:00,1.28462,1.28457,1.28446,1.28465
2017-10-26 12:53:00,1.2845,1.284565,1.28448,1.284745
2017-10-26 12:54:00,1.28448,1.284505,1.284435,1.28467
2017-10-26 12:55:00,1.28449,1.284455,1.284205,1.284535
2017-10-26 12:56:00,1.284395,1.28447,1.28432,1.28449
2017-10-26 12:57:00,1.284395,1.284415,1.284335,1.284435
2017-10-26 12:58:00,1.28443,1.2844,1.284375,1.28451
2017-10-26 12:59:00,1.28436,1.284425,1.284315,1.284445
2017-10-26 13:00:00,1.284125,1.28437,1.284055,1.28439
2017-10-26 13:01:00,1.28434,1.284065,1.283935,1.284365
2017-10-26 13:02:00,1.28438,1.284345,1.28416,1.284435
2017-10-26 13:03:00,1.28431,1.28439,1.284035,1.284395
2017-10-26 13:04:00,1.284455,1.284335,1.28425,1.284535
2017-10-26 13:05:00,1.28461,1.28451,1.28449,1.284615
2017-10-26 13:06:00,1.2847,1.284615,1.284615,1.2848
2017-10-26 13:07:00,1.28474,1.28468,1.284675,1.28483
2017-10-26 13:08:00,1.28448,1.284715,1.28447,1.284715
2017-10-26 13:09:00,1.284255,1.284495,1.284145,1.2845
2017-10-26 13:10:00,1.28419,1.284275,1.28408,1.28428
2017-10-26 13:11:00,1.2842,1.284215,1.284175,1.28423
2017-10-26 13:12:00,1.28423,1.28426,1.28421,1.284275
2017-10-26 13:13:00,1.28418,1.28425,1.284165,1.284295
2017-10-26 13:14:00,1.28412,1.284125,1.28412,1.284125
2017-10-26 13:15:00,1.28404,1.28407,1.28403,1.284095
2017-10-26 13:16:00,1.28409,1.284025,1.284025,1.28415
2017-10-26 13:17:00,1.284035,1.28411,1.283995,1.28411
2017-10-26 13:18:00,1.284175,1.28404,1.28401,1.284175
2017-10-26 13:19:00,1.28424,1.28419,1.28417,1.28425
2017-10-26 13:20:00,1.28431,1.284245,1.284195,1.28436
2017-10-26 13:21:00,1.284125,1.28431,1.284125,1.28441
2017-10-26 13:22:00,1.28404,1.284145,1.283985,1.28421
2017-10-26 13:23:00,1.2842,1.28407,1.28407,1.2842
2017-10-26 13:24:00,1.28449,1.284225,1.284225,1.28451
2017-10-26 13:25:00,1.28419,1.28448,1.28416,1.284505
2017-10-26 13:26:00,1.28416,1.28422,1.284145,1.284255
2017-10-26 13:27:00,1.28425,1.284155,1.284155,1.28427
2017-10-26 13:28:00,1.284325,1.284245,1.28422,1.284325
2017-10-26 13:29:00,1.28448,1.284345,1.284345,1.28457
2017-10-26 13:30:00,1.2845,1.284505,1.284475,1.284605
2017-10-26 13:31:00,1.28458,1.284515,1.2845,1.2848
2017-10-26 13:32:00,1.28476,1.284585,1.284585,1.284895
2017-10-26 13:33:00,1.28477,1.284755,1.284675,1.28478
2017-10-26 13:34:00,1.28487,1.284775,1.28477,1.28489
2017-10-26 13:35:00,1.28454,1.28488,1.28453,1.284895
2017-10-26 13:36:00,1.28458,1.284545,1.284395,1.284585
2017-10-26 13:37:00,1.2846,1.284575,1.284535,1.284695
2017-10-26 13:38:00,1.28469,1.284605,1.2846,1.28475
2017-10-26 13:39:00,1.28467,1.284685,1.284605,1.284745
2017-10-26 13:40:00,1.28486,1.284675,1.28467,1.284975
2017-10-26 13:41:00,1.28497,1.284875,1.28483,1.28497
2017-10-26 13:42:00,1.284955,1.28499,1.28494,1.28509
2017-10-26 13:43:00,1.285075,1.28497,1.28497,1.28509
2017-10-26 13:44:00,1.28511,1.285025,1.28502,1.28517
2017-10-26 13:45:00,1.285385,1.28509,1.28508,1.28542
2017-10-26 13:46:00,1.285275,1.28539,1.285235,1.28541
2017-10-26 13:47:00,1.285235,1.28522,1.285195,1.28535
2017-10-26 13:48:00,1.28526,1.285215,1.285215,1.28539
2017-10-26 13:49:00,1.28514,1.28525,1.285115,1.285305
2017-10-26 13:50:00,1.285145,1.28516,1.285075,1.28544
2017-10-26 13:51:00,1.2847,1.285095,1.284565,1.285095
2017-10-26 13:52:00,1.28467,1.284705,1.28467,1.28489
2017-10-26 13:53:00,1.284975,1.28473,1.28472,1.28502
2017-10-26 13:54:00,1.28526,1.284985,1.284895,1.28531
2017-10-26 13:55:00,1.28517,1.285245,1.28503,1.285245
2017-10-26 13:56:00,1.285305,1.28516,1.285155,1.285345
2017-10-26 13:57:00,1.28509,1.28533,1.285085,1.28533
2017-10-26 13:58:00,1.285175,1.285145,1.285095,1.285205
2017-10-26 13:59:00,1.2853,1.285175,1.285155,1.28531
2017-10-26 14:00:00,1.2853,1.285305,1.285275,1.285385
2017-10-26 14:01:00,1.285425,1.2853,1.285275,1.285465
2017-10-26 14:02:00,1.285445,1.285375,1.28533,1.28545
2017-10-26 14:03:00,1.28532,1.285455,1.285305,1.285455
2017-10-26 14:04:00,1.285405,1.28535,1.28535,1.28544
2017-10-26 14:05:00,1.285295,1.2854,1.28529,1.28544
2017-10-26 14:06:00,1.28558,1.28531,1.28531,1.28561
2017-10-26 14:07:00,1.285665,1.285565,1.28551,1.28569
2017-10-26 14:08:00,1.28562,1.28566,1.285615,1.28569
2017-10-26 14:09:00,1.28528,1.28556,1.285245,1.28556
2017-10-26 14:10:00,1.28525,1.28527,1.28516,1.28527
2017-10-26 14:11:00,1.28547,1.28527,1.28524,1.28548
2017-10-26 14:12:00,1.28559,1.285475,1.285475,1.285615
2017-10-26 14:13:00,1.285685,1.2856,1.285595,1.285755
2017-10-26 14:14:00,1.28565,1.28566,1.28563,1.285725
2017-10-26 14:15:00,1.285645,1.285665,1.2856,1.28568
2017-10-26 14:16:00,1.2854,1.28565,1.28538,1.285655
2017-10-26 14:17:00,1.285325,1.285395,1.285305,1.285405
2017-10-26 14:18:00,1.285195,1.285325,1.285185,1.285415
2017-10-26 14:19:00,1.28479,1.28518,1.28479,1.285225
2017-10-26 14:20:00,1.2848,1.284775,1.284755,1.284955
2017-10-26 14:21:00,1.28502,1.284815,1.2848,1.285025
2017-10-26 14:22:00,1.28494,1.285025,1.28494,1.28503
2017-10-26 14:23:00,1.285225,1.284925,1.284885,1.285265
2017-10-26 14:24:00,1.285075,1.285225,1.285075,1.28527
2017-10-26 14:25:00,1.284945,1.28508,1.28492,1.28508
2017-10-26 14:26:00,1.284685,1.28494,1.284685,1.28506
2017-10-26 14:27:00,1.28449,1.28467,1.28445,1.284685
2017-10-26 14:28:00,1.28439,1.284505,1.28439,1.28457
2017-10-26 14:29:00,1.28432,1.284445,1.28428,1.284445
2017-10-26 14:30:00,1.28398,1.284325,1.283945,1.284335
2017-10-26 14:31:00,1.284,1.283985,1.28397,1.284105
2017-10-26 14:32:00,1.28416,1.284025,1.28402,1.284185
2017-10-26 14:33:00,1.28412,1.28414,1.283965,1.28417
2017-10-26 14:34:00,1.283995,1.28413,1.283985,1.284135
2017-10-26 14:35:00,1.28388,1.283995,1.283855,1.284025
2017-10-26 14:36:00,1.28399,1.283935,1.28388,1.283995
2017-10-26 14:37:00,1.284055,1.284005,1.283975,1.28409
2017-10-26 14:38:00,1.28418,1.28411,1.284005,1.28419
2017-10-26 14:39:00,1.284155,1.284175,1.284125,1.2842
2017-10-26 14:40:00,1.28442,1.284195,1.284185,1.284435
2017-10-26 14:41:00,1.28441,1.28447,1.284345,1.28447
2017-10-26 14:42:00,1.2844,1.284395,1.28439,1.28441
2017-10-26 14:43:00,1.284395,1.28439,1.284335,1.2844
2017-10-26 14:44:00,1.284555,1.284435,1.284435,1.28457
2017-10-26 14:45:00,1.28428,1.284535,1.28428,1.284555
2017-10-26 14:46:00,1.284355,1.284265,1.28423,1.284355
2017-10-26 14:47:00,1.284645,1.28435,1.28435,1.28471
2017-10-26 14:48:00,1.284625,1.284645,1.284625,1.284705
2017-10-26 14:49:00,1.28444,1.284605,1.28444,1.284605
2017-10-26 14:50:00,1.284485,1.284495,1.284475,1.284555
2017-10-26 14:51:00,1.28454,1.28449,1.28449,1.28454
2017-10-26 14:52:00,1.284615,1.284565,1.284495,1.28467
2017-10-26 14:53:00,1.28477,1.28464,1.284595,1.284855
2017-10-26 14:54:00,1.284725,1.28472,1.28471,1.284755
2017-10-26 14:55:00,1.28476,1.28472,1.284655,1.284805
2017-10-26 14:56:00,1.28442,1.284705,1.284415,1.284705
2017-10-26 14:57:00,1.284585,1.28441,1.28441,1.284635
2017-10-26 14:58:00,1.284755,1.284575,1.284575,1.28476
2017-10-26 14:59:00,1.28495,1.28476,1.28475,1.28495
2017-10-26 15:00:00,1.284985,1.285,1.284865,1.28517
2017-10-26 15:01:00,1.284875,1.28499,1.28484,1.28515
2017-10-26 15:02:00,1.284925,1.28489,1.28487,1.28495
2017-10-26 15:03:00,1.28467,1.284975,1.28467,1.284975
2017-10-26 15:04:00,1.28475,1.284665,1.284665,1.284815
2017-10-26 15:05:00,1.285015,1.28476,1.28476,1.285015
2017-10-26 15:06:00,1.28515,1.28496,1.284955,1.28516
2017-10-26 15:07:00,1.285305,1.285205,1.285205,1.28538
2017-10-26 15:08:00,1.28541,1.28532,1.285315,1.285415
2017-10-26 15:09:00,1.2855,1.28547,1.28545,1.285585
2017-10-26 15:10:00,1.285055,1.28544,1.285055,1.28545
2017-10-26 15:11:00,1.28489,1.285055,1.284875,1.28509
2017-10-26 15:12:00,1.28507,1.28486,1.284835,1.285125
2017-10-26 15:13:00,1.28499,1.28502,1.28495,1.285045
2017-10-26 15:14:00,1.28495,1.28494,1.28492,1.285035
2017-10-26 15:15:00,1.28481,1.28497,1.284805,1.28497
2017-10-26 15:16:00,1.28488,1.284815,1.28481,1.28489
2017-10-26 15:17:00,1.28489,1.284865,1.284815,1.28489
2017-10-26 15:18:00,1.28486,1.284835,1.284785,1.284885
2017-10-26 15:19:00,1.284925,1.284855,1.28481,1.284925
2017-10-26 15:20:00,1.285,1.284945,1.28489,1.285015
2017-10-26 15:21:00,1.284915,1.28501,1.28489,1.28501
2017-10-26 15:22:00,1.28487,1.284925,1.28477,1.285015
2017-10-26 15:23:00,1.284755,1.284875,1.284755,1.284875
2017-10-26 15:24:00,1.284745,1.28481,1.28468,1.28484
2017-10-26 15:25:00,1.28463,1.284745,1.284625,1.284755
2017-10-26 15:26:00,1.28473,1.28468,1.28468,1.28477
2017-10-26 15:27:00,1.28462,1.28473,1.284615,1.284775
2017-10-26 15:28:00,1.28466,1.284625,1.284605,1.28469
2017-10-26 15:29:00,1.284745,1.28468,1.284675,1.284775
2017-10-26 15:30:00,1.284775,1.2848,1.284745,1.284805
2017-10-26 15:31:00,1.284945,1.284765,1.28476,1.28497
2017-10-26 15:32:00,1.284805,1.28494,1.284785,1.284945
2017-10-26 15:33:00,1.2848,1.28486,1.284755,1.284945
2017-10-26 15:34:00,1.28505,1.284805,1.2848,1.285055
2017-10-26 15:35:00,1.28501,1.285065,1.28501,1.28513
2017-10-26 15:36:00,1.28492,1.285005,1.284915,1.285045
2017-10-26 15:37:00,1.28482,1.28487,1.284805,1.28488
2017-10-26 15:38:00,1.285045,1.28481,1.28481,1.285045
2017-10-26 15:39:00,1.2851,1.28504,1.28504,1.285105
2017-10-26 15:40:00,1.284975,1.285115,1.28494,1.285135
2017-10-26 15:41:00,1.28506,1.285005,1.28498,1.28509
2017-10-26 15:42:00,1.28484,1.285055,1.284835,1.28506
2017-10-26 15:43:00,1.28487,1.28482,1.28482,1.284895
2017-10-26 15:44:00,1.284925,1.28488,1.28484,1.28496
2017-10-26 15:45:00,1.284995,1.28487,1.28486,1.284995
2017-10-26 15:46:00,1.28514,1.285045,1.285035,1.285175
2017-10-26 15:47:00,1.285185,1.285135,1.285095,1.28524
2017-10-26 15:48:00,1.285525,1.28516,1.285035,1.285525
2017-10-26 15:49:00,1.28549,1.285575,1.285465,1.285755
2017-10-26 15:50:00,1.285455,1.28549,1.285425,1.285555
2017-10-26 15:51:00,1.28561,1.28544,1.285435,1.28562
2017-10-26 15:52:00,1.28563,1.28568,1.28562,1.285695
2017-10-26 15:53:00,1.285685,1.285655,1.28562,1.2858
2017-10-26 15:54:00,1.285235,1.28568,1.285125,1.285685
2017-10-26 15:55:00,1.285115,1.285255,1.285115,1.285255
2017-10-26 15:56:00,1.285145,1.285125,1.28495,1.285175
2017-10-26 15:57:00,1.28501,1.28514,1.28499,1.28528
2017-10-26 15:58:00,1.285315,1.28501,1.28501,1.28532
2017-10-26 15:59:00,1.285315,1.28532,1.28523,1.285365
2017-10-26 16:00:00,1.285445,1.28532,1.285315,1.28549
2017-10-26 16:01:00,1.285265,1.28544,1.28525,1.285445
2017-10-26 16:02:00,1.285275,1.285265,1.285035,1.285355
2017-10-26 16:03:00,1.285255,1.285265,1.285255,1.285285
2017-10-26 16:04:00,1.28508,1.285195,1.28508,1.285195
2017-10-26 16:05:00,1.28545,1.285075,1.285065,1.285455
2017-10-26 16:06:00,1.285295,1.28546,1.28522,1.285475
2017-10-26 16:07:00,1.28528,1.285295,1.28528,1.285305
2017-10-26 16:08:00,1.28545,1.285225,1.285215,1.285465
2017-10-26 16:09:00,1.28548,1.28546,1.28538,1.28553
2017-10-26 16:10:00,1.285395,1.28543,1.28537,1.285505
2017-10-26 16:11:00,1.28536,1.28539,1.28534,1.285395
2017-10-26 16:12:00,1.28519,1.285365,1.285165,1.28537
2017-10-26 16:13:00,1.285215,1.28519,1.285145,1.285235
2017-10-26 16:14:00,1.285285,1.28522,1.28522,1.285315
2017-10-26 16:15:00,1.285055,1.28528,1.285045,1.28528
2017-10-26 16:16:00,1.285075,1.28505,1.28503,1.285075
2017-10-26 16:17:00,1.285055,1.285065,1.285055,1.285075
2017-10-26 16:18:00,1.285095,1.28507,1.285055,1.285105
2017-10-26 16:19:00,1.285095,1.28507,1.285055,1.285105
2017-10-26 16:20:00,1.285095,1.28507,1.285055,1.285105
2017-10-26 16:21:00,1.285085,1.285045,1.28504,1.285085
2017-10-26 16:22:00,1.28508,1.28508,1.28507,1.285105
2017-10-26 16:23:00,1.285075,1.28508,1.285075,1.28508
2017-10-26 16:24:00,1.285105,1.285105,1.285105,1.285105
2017-10-26 16:25:00,1.2851,1.285075,1.285075,1.28513
2017-10-26 16:26:00,1.28503,1.285105,1.285005,1.285125
2017-10-26 16:27:00,1.28512,1.28503,1.285005,1.285125
2017-10-26 16:28:00,1.285015,1.28506,1.285005,1.285075
2017-10-26 16:29:00,1.284845,1.285065,1.284765,1.28509
2017-10-26 16:30:00,1.284795,1.28483,1.28471,1.28489
2017-10-26 16:31:00,1.2849,1.2848,1.28478,1.28491
2017-10-26 16:32:00,1.28498,1.284895,1.284895,1.28499
2017-10-26 16:33:00,1.28488,1.28498,1.28482,1.284985
2017-10-26 16:34:00,1.28481,1.284875,1.284775,1.284885
2017-10-26 16:35:00,1.28489,1.2848,1.28478,1.2849
2017-10-26 16:36:00,1.28504,1.284895,1.28489,1.28505
2017-10-26 16:37:00,1.285035,1.28504,1.28502,1.28505
2017-10-26 16:38:00,1.28505,1.285015,1.28495,1.28508
2017-10-26 16:39:00,1.284975,1.28507,1.28496,1.28507
2017-10-26 16:40:00,1.284725,1.28492,1.284695,1.28493
2017-10-26 16:41:00,1.284685,1.284725,1.284625,1.284755
2017-10-26 16:42:00,1.284615,1.28463,1.284595,1.28463
2017-10-26 16:43:00,1.284705,1.2846,1.2846,1.284705
2017-10-26 16:44:00,1.28459,1.284715,1.28459,1.284715
2017-10-26 16:45:00,1.284645,1.28453,1.284515,1.28465
2017-10-26 16:46:00,1.284565,1.284635,1.284565,1.28464
2017-10-26 16:47:00,1.2846,1.284545,1.284545,1.284615
2017-10-26 16:48:00,1.28464,1.284595,1.284585,1.28464
2017-10-26 16:49:00,1.28463,1.28463,1.284565,1.28465
2017-10-26 16:50:00,1.284615,1.28459,1.28459,1.284615
2017-10-26 16:51:00,1.2846,1.284565,1.284555,1.284605
2017-10-26 16:52:00,1.284625,1.28459,1.284585,1.284625
2017-10-26 16:53:00,1.28456,1.284575,1.28455,1.28458
2017-10-26 16:54:00,1.28459,1.284535,1.284535,1.284595
2017-10-26 16:55:00,1.284595,1.284655,1.284535,1.284715
2017-10-26 16:56:00,1.28462,1.2846,1.284575,1.28465
2017-10-26 16:57:00,1.284635,1.284595,1.28457,1.284695
2017-10-26 16:58:00,1.284565,1.284565,1.284565,1.284565
2017-10-26 17:04:00,1.28469,1.28458,1.2845,1.28473
2017-10-26 17:05:00,1.28473,1.28472,1.28469,1.2848
2017-10-26 17:06:00,1.28474,1.28473,1.284605,1.284835
2017-10-26 17:07:00,1.28478,1.28483,1.284775,1.28483
2017-10-26 17:08:00,1.2848,1.284785,1.284785,1.284825
2017-10-26 17:09:00,1.28488,1.284835,1.28481,1.284975
2017-10-26 17:10:00,1.284875,1.28489,1.284865,1.284925
2017-10-26 17:11:00,1.28482,1.284885,1.28481,1.2849
2017-10-26 17:12:00,1.28491,1.284895,1.28488,1.284925
2017-10-26 17:13:00,1.28492,1.284915,1.284895,1.28494
2017-10-26 17:14:00,1.28491,1.284925,1.28482,1.284945
2017-10-26 17:15:00,1.28474,1.284915,1.28474,1.28497
2017-10-26 17:16:00,1.284835,1.284825,1.28472,1.284845
2017-10-26 17:17:00,1.28492,1.284815,1.28477,1.284965
2017-10-26 17:18:00,1.2849,1.284905,1.2849,1.28492
2017-10-26 17:19:00,1.2849,1.284905,1.2849,1.28492
2017-10-26 17:20:00,1.284925,1.284925,1.28491,1.28498
2017-10-26 17:21:00,1.284925,1.284955,1.284905,1.28498
2017-10-26 17:22:00,1.284885,1.28494,1.284885,1.28505
2017-10-26 17:23:00,1.284885,1.28494,1.284885,1.28505
2017-10-26 17:24:00,1.284815,1.284835,1.28481,1.28486
2017-10-26 17:25:00,1.28475,1.284745,1.284745,1.28475
2017-10-26 17:26:00,1.284715,1.284745,1.2847,1.284765
2017-10-26 17:27:00,1.284715,1.28471,1.284695,1.284725
2017-10-26 17:28:00,1.284765,1.284705,1.284695,1.284805
2017-10-26 17:29:00,1.28478,1.284775,1.28473,1.28482
2017-10-26 17:30:00,1.28477,1.284775,1.28477,1.28478
2017-10-26 17:31:00,1.28476,1.28476,1.284745,1.28479
2017-10-26 17:32:00,1.284775,1.284755,1.28475,1.28478
2017-10-26 17:33:00,1.284765,1.28478,1.284755,1.28479
2017-10-26 17:34:00,1.28477,1.28477,1.28477,1.28477
2017-10-26 17:35:00,1.284945,1.28476,1.28476,1.28496
2017-10-26 17:36:00,1.28495,1.284925,1.284915,1.28495
2017-10-26 17:37:00,1.28495,1.284925,1.284915,1.28495
2017-10-26 17:38:00,1.2848,1.284945,1.284775,1.284945
2017-10-26 17:39:00,1.2848,1.284815,1.2848,1.284815
2017-10-26 17:40:00,1.2848,1.28481,1.284795,1.284815
2017-10-26 17:41:00,1.2848,1.284815,1.2848,1.284815
2017-10-26 17:42:00,1.28481,1.284815,1.28479,1.284825
2017-10-26 17:43:00,1.28481,1.284815,1.28479,1.284825
2017-10-26 17:44:00,1.284815,1.284805,1.284805,1.284825
2017-10-26 17:45:00,1.284815,1.284825,1.284795,1.284825
2017-10-26 17:46:00,1.28481,1.2848,1.284795,1.284815
2017-10-26 17:47:00,1.28481,1.2848,1.284795,1.284815
2017-10-26 17:48:00,1.284815,1.28482,1.284815,1.28482
2017-10-26 17:49:00,1.2848,1.2848,1.2848,1.284815
2017-10-26 17:50:00,1.2848,1.284815,1.2848,1.284815
2017-10-26 17:51:00,1.2848,1.284815,1.2848,1.284815
2017-10-26 17:52:00,1.28482,1.284815,1.284815,1.28482
2017-10-26 17:53:00,1.284815,1.284815,1.284815,1.28482
2017-10-26 17:54:00,1.28482,1.28482,1.28482,1.28482
2017-10-26 17:55:00,1.28486,1.28481,1.28481,1.28486
2017-10-26 17:56:00,1.28486,1.28481,1.28481,1.28486
2017-10-26 17:57:00,1.28486,1.28481,1.28481,1.28486
2017-10-26 17:58:00,1.28494,1.284925,1.284925,1.284945
2017-10-26 17:59:00,1.284975,1.28496,1.28495,1.284995
2017-10-26 18:00:00,1.284885,1.284945,1.28488,1.284945
2017-10-26 18:01:00,1.28488,1.28488,1.28483,1.28489
2017-10-26 18:02:00,1.28488,1.28488,1.28483,1.28489
2017-10-26 18:03:00,1.28488,1.28488,1.28483,1.28489
2017-10-26 18:04:00,1.28488,1.28488,1.28483,1.28489
2017-10-26 18:05:00,1.28488,1.28488,1.28483,1.28489
2017-10-26 18:06:00,1.28488,1.28488,1.28483,1.28489
2017-10-26 18:07:00,1.28496,1.284865,1.284835,1.284995
2017-10-26 18:08:00,1.284965,1.284965,1.284955,1.284975
2017-10-26 18:09:00,1.28506,1.285005,1.285005,1.285105
2017-10-26 18:10:00,1.28506,1.285005,1.285005,1.285105
2017-10-26 18:11:00,1.28506,1.285005,1.285005,1.285105
2017-10-26 18:12:00,1.284975,1.28499,1.284965,1.28499
2017-10-26 18:13:00,1.284885,1.284905,1.28488,1.28492
2017-10-26 18:14:00,1.28505,1.284865,1.284865,1.285055
2017-10-26 18:15:00,1.285185,1.28507,1.285035,1.285185
2017-10-26 18:16:00,1.285175,1.285265,1.285175,1.28528
2017-10-26 18:17:00,1.28511,1.28512,1.2851,1.28513
2017-10-26 18:18:00,1.285085,1.285095,1.285045,1.2851
2017-10-26 18:19:00,1.285105,1.285095,1.285095,1.285105
2017-10-26 18:20:00,1.285105,1.285095,1.285065,1.285105
2017-10-26 18:21:00,1.2851,1.28511,1.28506,1.285115
2017-10-26 18:22:00,1.28507,1.285105,1.285035,1.285115
2017-10-26 18:23:00,1.285035,1.28506,1.28503,1.285065
2017-10-26 18:24:00,1.285045,1.28503,1.285025,1.28506
2017-10-26 18:25:00,1.28504,1.28504,1.28504,1.28504
2017-10-26 18:26:00,1.285015,1.285035,1.284995,1.28505
2017-10-26 18:27:00,1.28495,1.28501,1.284945,1.285015
2017-10-26 18:28:00,1.285005,1.28495,1.28494,1.28501
2017-10-26 18:29:00,1.28501,1.285,1.28496,1.285025
2017-10-26 18:30:00,1.28501,1.285,1.28496,1.285025
2017-10-26 18:31:00,1.284945,1.284945,1.28486,1.28495
2017-10-26 18:32:00,1.28489,1.284945,1.28489,1.284965
2017-10-26 18:33:00,1.28482,1.28487,1.28482,1.28487
2017-10-26 18:34:00,1.284925,1.284845,1.284805,1.284945
2017-10-26 18:35:00,1.284935,1.28492,1.2849,1.284945
2017-10-26 18:36:00,1.285015,1.284955,1.28493,1.28502
2017-10-26 18:37:00,1.285045,1.28502,1.28502,1.28505
2017-10-26 18:38:00,1.28499,1.28498,1.28493,1.284995
2017-10-26 18:39:00,1.28504,1.285045,1.285035,1.285085
2017-10-26 18:40:00,1.28502,1.28505,1.285015,1.28505
2017-10-26 18:41:00,1.28499,1.28502,1.28499,1.28502
2017-10-26 18:42:00,1.28499,1.28502,1.28499,1.28502
2017-10-26 18:43:00,1.28499,1.28502,1.28499,1.28502
2017-10-26 18:44:00,1.284985,1.285015,1.284985,1.285035
2017-10-26 18:45:00,1.285185,1.284985,1.284985,1.285185
2017-10-26 18:46:00,1.28535,1.285215,1.285215,1.285355
2017-10-26 18:47:00,1.28515,1.28534,1.28515,1.28535
2017-10-26 18:48:00,1.285075,1.285095,1.285065,1.28511
2017-10-26 18:49:00,1.28509,1.285065,1.28505,1.2851
2017-10-26 18:50:00,1.285105,1.28507,1.28507,1.28511
2017-10-26 18:51:00,1.28512,1.28512,1.285115,1.285125
2017-10-26 18:52:00,1.285195,1.285115,1.28511,1.285205
2017-10-26 18:53:00,1.28523,1.28521,1.28521,1.28532
2017-10-26 18:54:00,1.28532,1.285295,1.285295,1.285325
2017-10-26 18:55:00,1.285345,1.285335,1.28533,1.28536
2017-10-26 18:56:00,1.28535,1.28535,1.285345,1.285355
2017-10-26 18:57:00,1.285355,1.285365,1.28535,1.28537
2017-10-26 18:58:00,1.285345,1.285355,1.285325,1.285365
2017-10-26 18:59:00,1.28536,1.285345,1.285345,1.28538
2017-10-26 19:00:00,1.28532,1.285345,1.28532,1.285355
2017-10-26 19:01:00,1.2854,1.28534,1.28533,1.28551
2017-10-26 19:02:00,1.285325,1.285395,1.285325,1.28543
2017-10-26 19:03:00,1.28545,1.28533,1.28529,1.2855
2017-10-26 19:04:00,1.28561,1.28546,1.28546,1.285655
2017-10-26 19:05:00,1.285595,1.28561,1.28555,1.28564
2017-10-26 19:06:00,1.285565,1.28558,1.28552,1.2856
2017-10-26 19:07:00,1.285505,1.285565,1.285475,1.28557
2017-10-26 19:08:00,1.285455,1.28549,1.28544,1.285545
2017-10-26 19:09:00,1.285565,1.28546,1.28545,1.28561
2017-10-26 19:10:00,1.285435,1.285575,1.28541,1.285575
2017-10-26 19:11:00,1.28541,1.285385,1.285365,1.285445
2017-10-26 19:12:00,1.28545,1.285355,1.28531,1.2855
2017-10-26 19:13:00,1.285475,1.285455,1.285445,1.28549
2017-10-26 19:14:00,1.285465,1.28548,1.28544,1.28549
2017-10-26 19:15:00,1.285565,1.285465,1.285455,1.285565
2017-10-26 19:16:00,1.285515,1.285505,1.28549,1.285525
2017-10-26 19:17:00,1.28555,1.285515,1.285505,1.285585
2017-10-26 19:18:00,1.285655,1.285545,1.285535,1.285655
2017-10-26 19:19:00,1.28561,1.28572,1.285605,1.28576
2017-10-26 19:20:00,1.28563,1.285665,1.28563,1.285715
2017-10-26 19:21:00,1.28549,1.285575,1.285485,1.285585
2017-10-26 19:22:00,1.28556,1.285485,1.285485,1.285585
2017-10-26 19:23:00,1.285465,1.285565,1.285385,1.285565
2017-10-26 19:24:00,1.2855,1.285485,1.285485,1.28556
2017-10-26 19:25:00,1.285485,1.285505,1.28546,1.28552
2017-10-26 19:26:00,1.28541,1.285475,1.285405,1.285485
2017-10-26 19:27:00,1.285275,1.285405,1.28526,1.28541
2017-10-26 19:28:00,1.28516,1.28529,1.285155,1.285315
2017-10-26 19:29:00,1.285185,1.285165,1.285165,1.285195
2017-10-26 19:30:00,1.28524,1.285195,1.285175,1.285285
2017-10-26 19:31:00,1.28531,1.285235,1.285205,1.28533
2017-10-26 19:32:00,1.28531,1.285235,1.285205,1.28533
2017-10-26 19:33:00,1.28512,1.28529,1.28512,1.28529
2017-10-26 19:34:00,1.28498,1.285115,1.28497,1.285115
2017-10-26 19:35:00,1.285,1.285,1.285,1.285
2017-10-26 19:36:00,1.28512,1.285055,1.285055,1.285135
2017-10-26 19:37:00,1.285125,1.285115,1.285115,1.285135
2017-10-26 19:38:00,1.28525,1.285135,1.28513,1.285255
2017-10-26 19:39:00,1.28541,1.285255,1.285255,1.28541
2017-10-26 19:40:00,1.285425,1.28539,1.285365,1.28543
2017-10-26 19:41:00,1.28542,1.28543,1.285395,1.28555
2017-10-26 19:42:00,1.28533,1.28543,1.28533,1.28543
2017-10-26 19:43:00,1.285345,1.28535,1.285265,1.285355
2017-10-26 19:44:00,1.285265,1.285345,1.285255,1.285365
2017-10-26 19:45:00,1.285285,1.285255,1.285255,1.285295
2017-10-26 19:46:00,1.28543,1.28532,1.28532,1.28548
2017-10-26 19:47:00,1.28539,1.285375,1.285335,1.28539
2017-10-26 19:48:00,1.28546,1.285395,1.28538,1.285485
2017-10-26 19:49:00,1.285465,1.285465,1.285455,1.285495
2017-10-26 19:50:00,1.28547,1.285465,1.28546,1.28548
2017-10-26 19:51:00,1.2854,1.285455,1.28531,1.28546
2017-10-26 19:52:00,1.2854,1.285455,1.28531,1.28546
2017-10-26 19:53:00,1.285405,1.285375,1.28535,1.285425
2017-10-26 19:54:00,1.285455,1.285465,1.28545,1.285465
2017-10-26 19:55:00,1.2854,1.28544,1.2854,1.28544
2017-10-26 19:56:00,1.285135,1.285345,1.285115,1.285345
2017-10-26 19:57:00,1.28518,1.285125,1.285115,1.28518
2017-10-26 19:58:00,1.285135,1.28513,1.285105,1.28514
2017-10-26 19:59:00,1.285055,1.28513,1.285055,1.28514
2017-10-26 20:00:00,1.28496,1.28505,1.284945,1.28505
2017-10-26 20:01:00,1.284875,1.284965,1.28487,1.285
2017-10-26 20:02:00,1.285125,1.284875,1.284865,1.285125
2017-10-26 20:03:00,1.28503,1.28512,1.285025,1.28529
2017-10-26 20:04:00,1.28504,1.285,1.285,1.285165
2017-10-26 20:05:00,1.28505,1.285045,1.28504,1.285075
2017-10-26 20:06:00,1.28511,1.28511,1.285105,1.285115
2017-10-26 20:07:00,1.285235,1.28511,1.28509,1.285265
2017-10-26 20:08:00,1.28519,1.28524,1.28514,1.285335
2017-10-26 20:09:00,1.285175,1.285195,1.285175,1.285245
2017-10-26 20:10:00,1.28513,1.28516,1.28504,1.28517
2017-10-26 20:11:00,1.285065,1.285135,1.28506,1.28523
2017-10-26 20:12:00,1.28513,1.285075,1.285025,1.2852
2017-10-26 20:13:00,1.285075,1.285135,1.285075,1.285165
2017-10-26 20:14:00,1.28516,1.2851,1.2851,1.28521
2017-10-26 20:15:00,1.28529,1.28516,1.28506,1.28529
2017-10-26 20:16:00,1.285435,1.28534,1.28534,1.285445
2017-10-26 20:17:00,1.28535,1.28549,1.285345,1.28553
2017-10-26 20:18:00,1.285375,1.28535,1.285335,1.285385
2017-10-26 20:19:00,1.285445,1.285325,1.285325,1.28547
2017-10-26 20:20:00,1.285435,1.285445,1.285345,1.28545
2017-10-26 20:21:00,1.285385,1.28544,1.285385,1.285445
2017-10-26 20:22:00,1.285275,1.28541,1.285265,1.28541
2017-10-26 20:23:00,1.28528,1.285225,1.285225,1.28534
2017-10-26 20:24:00,1.285425,1.285285,1.285285,1.285515
2017-10-26 20:25:00,1.28547,1.28542,1.28535,1.285475
2017-10-26 20:26:00,1.285555,1.285475,1.285465,1.28556
2017-10-26 20:27:00,1.285545,1.285585,1.285545,1.28559
2017-10-26 20:28:00,1.28553,1.285535,1.285515,1.28554
2017-10-26 20:29:00,1.285575,1.285535,1.28553,1.285575
2017-10-26 20:30:00,1.28556,1.285605,1.28556,1.28567
2017-10-26 20:31:00,1.28566,1.28553,1.28553,1.285665
2017-10-26 20:32:00,1.285565,1.28564,1.285555,1.28564
2017-10-26 20:33:00,1.285445,1.28556,1.285445,1.28559
2017-10-26 20:34:00,1.28547,1.285385,1.285385,1.28554
2017-10-26 20:35:00,1.285425,1.285475,1.285415,1.28549
2017-10-26 20:36:00,1.285525,1.285405,1.285345,1.28553
2017-10-26 20:37:00,1.28567,1.28559,1.285575,1.285675
2017-10-26 20:38:00,1.285745,1.285725,1.2857,1.285805
2017-10-26 20:39:00,1.285775,1.285765,1.285635,1.28578
2017-10-26 20:40:00,1.28578,1.285775,1.285725,1.285805
2017-10-26 20:41:00,1.2858,1.285775,1.28577,1.28591
2017-10-26 20:42:00,1.2858,1.28581,1.285795,1.285835
2017-10-26 20:43:00,1.28582,1.2858,1.285775,1.28583
2017-10-26 20:44:00,1.285755,1.285815,1.28567,1.285815
2017-10-26 20:45:00,1.285645,1.285745,1.285645,1.285795
2017-10-26 20:46:00,1.28585,1.285645,1.285635,1.28585
2017-10-26 20:47:00,1.285775,1.285845,1.28575,1.285845
2017-10-26 20:48:00,1.285785,1.285765,1.285765,1.285825
2017-10-26 20:49:00,1.28585,1.2858,1.28578,1.285855
2017-10-26 20:50:00,1.28579,1.285795,1.28577,1.285805
2017-10-26 20:51:00,1.28581,1.285795,1.28579,1.285845
2017-10-26 20:52:00,1.28586,1.285815,1.2858,1.28586
2017-10-26 20:53:00,1.285915,1.285915,1.285875,1.285935
2017-10-26 20:54:00,1.28581,1.28591,1.28581,1.28593
2017-10-26 20:55:00,1.285845,1.285815,1.285805,1.285905
2017-10-26 20:56:00,1.285785,1.28586,1.28577,1.285875
2017-10-26 20:57:00,1.285815,1.28578,1.285775,1.285835
2017-10-26 20:58:00,1.28583,1.285825,1.285825,1.285855
2017-10-26 20:59:00,1.285815,1.285825,1.28581,1.285845
2017-10-26 21:00:00,1.28581,1.285825,1.28581,1.28583
2017-10-26 21:01:00,1.28588,1.285805,1.28579,1.2859
2017-10-26 21:02:00,1.28589,1.28588,1.28587,1.285895
2017-10-26 21:03:00,1.28632,1.2859,1.285885,1.28633
2017-10-26 21:04:00,1.28649,1.286325,1.28632,1.286695
2017-10-26 21:05:00,1.28665,1.28649,1.286475,1.286665
2017-10-26 21:06:00,1.28669,1.286655,1.28657,1.286735
2017-10-26 21:07:00,1.28678,1.286715,1.28671,1.28698
2017-10-26 21:08:00,1.286975,1.28683,1.286825,1.287075
2017-10-26 21:09:00,1.286915,1.286975,1.28691,1.28701
2017-10-26 21:10:00,1.286685,1.286865,1.286675,1.28689
2017-10-26 21:11:00,1.28655,1.28669,1.28654,1.2867
2017-10-26 21:12:00,1.286545,1.28653,1.28651,1.286595
2017-10-26 21:13:00,1.28662,1.28656,1.28653,1.28667
2017-10-26 21:14:00,1.286645,1.28664,1.28656,1.286695
2017-10-26 21:15:00,1.28665,1.28664,1.28661,1.2867
2017-10-26 21:16:00,1.28663,1.28666,1.28655,1.28669
2017-10-26 21:17:00,1.28667,1.28666,1.28651,1.28668
2017-10-26 21:18:00,1.28659,1.28668,1.28658,1.28669
2017-10-26 21:19:00,1.286485,1.286535,1.286485,1.286535
2017-10-26 21:20:00,1.286615,1.286505,1.286505,1.286665
2017-10-26 21:21:00,1.286765,1.28662,1.286615,1.286795
2017-10-26 21:22:00,1.286695,1.28676,1.28669,1.2868
2017-10-26 21:23:00,1.28673,1.28669,1.286685,1.286815
2017-10-26 21:24:00,1.28675,1.28674,1.28674,1.28687
2017-10-26 21:25:00,1.286725,1.286775,1.286725,1.286775
2017-10-26 21:26:00,1.286755,1.28667,1.28667,1.286755
2017-10-26 21:27:00,1.286675,1.28673,1.286675,1.28673
2017-10-26 21:28:00,1.286585,1.28662,1.28654,1.286625
2017-10-26 21:29:00,1.286605,1.28664,1.28657,1.286665
2017-10-26 21:30:00,1.28655,1.286575,1.286495,1.286575
2017-10-26 21:31:00,1.28674,1.28653,1.286475,1.286785
2017-10-26 21:32:00,1.286705,1.286735,1.286675,1.286745
2017-10-26 21:33:00,1.2867,1.286695,1.28667,1.286755
2017-10-26 21:34:00,1.28669,1.286695,1.28667,1.286755
2017-10-26 21:35:00,1.28658,1.28668,1.28658,1.286725
2017-10-26 21:36:00,1.28651,1.286525,1.2865,1.286575
2017-10-26 21:37:00,1.286515,1.286505,1.286495,1.28652
2017-10-26 21:38:00,1.28642,1.286465,1.286415,1.286485
2017-10-26 21:39:00,1.28637,1.28645,1.28634,1.286495
2017-10-26 21:40:00,1.28617,1.286375,1.28614,1.286395
2017-10-26 21:41:00,1.286105,1.286225,1.286065,1.286265
2017-10-26 21:42:00,1.286115,1.286115,1.28604,1.28614
2017-10-26 21:43:00,1.286065,1.286105,1.286025,1.28611
2017-10-26 21:44:00,1.286085,1.286055,1.28601,1.286195
2017-10-26 21:45:00,1.28621,1.286085,1.286075,1.286215
2017-10-26 21:46:00,1.28625,1.28621,1.286135,1.28626
2017-10-26 21:47:00,1.286275,1.286255,1.28622,1.286295
2017-10-26 21:48:00,1.286365,1.28622,1.28622,1.286375
2017-10-26 21:49:00,1.2865,1.28635,1.28632,1.2865
2017-10-26 21:50:00,1.286565,1.28652,1.28648,1.286575
2017-10-26 21:51:00,1.286585,1.28656,1.28656,1.286635
2017-10-26 21:52:00,1.28658,1.286585,1.28648,1.286595
2017-10-26 21:53:00,1.286685,1.286585,1.28651,1.28674
2017-10-26 21:54:00,1.286825,1.2867,1.2867,1.28683
2017-10-26 21:55:00,1.28694,1.28682,1.28679,1.286985
2017-10-26 21:56:00,1.28693,1.28689,1.28682,1.28694
2017-10-26 21:57:00,1.286875,1.28694,1.28681,1.28694
2017-10-26 21:58:00,1.28678,1.28682,1.286755,1.28692
2017-10-26 21:59:00,1.28678,1.28677,1.28672,1.28679
2017-10-26 22:00:00,1.28677,1.28677,1.28674,1.28684
2017-10-26 22:01:00,1.286815,1.28677,1.28672,1.286825
2017-10-26 22:02:00,1.28695,1.286845,1.286845,1.28697
2017-10-26 22:03:00,1.28695,1.2869,1.286875,1.286955
2017-10-26 22:04:00,1.28695,1.28694,1.286915,1.287015
2017-10-26 22:05:00,1.286885,1.286945,1.286865,1.28697
2017-10-26 22:06:00,1.28691,1.286875,1.286875,1.286965
2017-10-26 22:07:00,1.286945,1.286965,1.286915,1.28697
2017-10-26 22:08:00,1.286955,1.28696,1.28694,1.28697
2017-10-26 22:09:00,1.28711,1.28696,1.286945,1.28711
2017-10-26 22:10:00,1.28736,1.287115,1.28711,1.28737
2017-10-26 22:11:00,1.28724,1.287355,1.287225,1.287355
2017-10-26 22:12:00,1.28734,1.287235,1.28723,1.28736
2017-10-26 22:13:00,1.28731,1.28736,1.287305,1.28743
2017-10-26 22:14:00,1.287295,1.28732,1.28725,1.28738
2017-10-26 22:15:00,1.287175,1.2873,1.287125,1.287315
2017-10-26 22:16:00,1.287315,1.28717,1.287145,1.28733
2017-10-26 22:17:00,1.28734,1.287265,1.28725,1.287365
2017-10-26 22:18:00,1.28733,1.28735,1.287305,1.287375
2017-10-26 22:19:00,1.2872,1.287285,1.28711,1.287295
2017-10-26 22:20:00,1.287195,1.287175,1.28715,1.287235
2017-10-26 22:21:00,1.287135,1.287215,1.28711,1.287245
2017-10-26 22:22:00,1.287165,1.287145,1.287105,1.287165
2017-10-26 22:23:00,1.287185,1.28713,1.287085,1.28722
2017-10-26 22:24:00,1.2872,1.28718,1.287105,1.287205
2017-10-26 22:25:00,1.287165,1.28718,1.287125,1.287195
2017-10-26 22:26:00,1.287175,1.28711,1.28711,1.28719
2017-10-26 22:27:00,1.287185,1.287175,1.28717,1.28719
2017-10-26 22:28:00,1.28718,1.287135,1.287115,1.28723
2017-10-26 22:29:00,1.287155,1.28717,1.287145,1.287265
2017-10-26 22:30:00,1.287125,1.287125,1.287125,1.287125
2017-10-26 22:31:00,1.287085,1.287085,1.287005,1.287095
2017-10-26 22:32:00,1.287065,1.28703,1.287,1.287095
2017-10-26 22:33:00,1.28696,1.287055,1.286905,1.28708
2017-10-26 22:34:00,1.286975,1.286955,1.28691,1.286995
2017-10-26 22:35:00,1.2869,1.28698,1.28683,1.287015
2017-10-26 22:36:00,1.286855,1.286845,1.28677,1.28688
2017-10-26 22:37:00,1.28689,1.28685,1.28685,1.28699
2017-10-26 22:38:00,1.286925,1.286895,1.286885,1.28699
2017-10-26 22:39:00,1.286775,1.286875,1.28673,1.286975
2017-10-26 22:40:00,1.286695,1.286765,1.286635,1.2868
2017-10-26 22:41:00,1.286535,1.28667,1.286495,1.28667
2017-10-26 22:42:00,1.28647,1.28649,1.28644,1.28653
2017-10-26 22:43:00,1.28647,1.28645,1.286425,1.28648
2017-10-26 22:44:00,1.28648,1.286475,1.286445,1.286535
2017-10-26 22:45:00,1.28664,1.28648,1.286475,1.286695
2017-10-26 22:46:00,1.286635,1.286635,1.28661,1.28665
2017-10-26 22:47:00,1.28653,1.28663,1.286485,1.286705
2017-10-26 22:48:00,1.28656,1.286525,1.28652,1.28656
2017-10-26 22:49:00,1.286605,1.286615,1.286595,1.286615
2017-10-26 22:50:00,1.286525,1.2866,1.28651,1.28661
2017-10-26 22:51:00,1.28651,1.286525,1.28642,1.286535
2017-10-26 22:52:00,1.28643,1.28652,1.286375,1.28655
2017-10-26 22:53:00,1.286395,1.286445,1.286355,1.286445
2017-10-26 22:54:00,1.286435,1.286375,1.28633,1.286435
2017-10-26 22:55:00,1.28642,1.286445,1.28641,1.28645
2017-10-26 22:56:00,1.28624,1.286415,1.28624,1.286425
2017-10-26 22:57:00,1.286225,1.286185,1.28617,1.286225
2017-10-26 22:58:00,1.286215,1.28622,1.28621,1.28622
2017-10-26 22:59:00,1.286435,1.286155,1.28612,1.286455
2017-10-26 23:00:00,1.28633,1.286415,1.28633,1.286415
2017-10-26 23:01:00,1.286435,1.28638,1.28635,1.286625
2017-10-26 23:02:00,1.28657,1.286455,1.286425,1.28662
2017-10-26 23:03:00,1.286705,1.286565,1.286565,1.286715
2017-10-26 23:04:00,1.28673,1.286715,1.28668,1.286765
2017-10-26 23:05:00,1.2868,1.28678,1.286765,1.286835
2017-10-26 23:06:00,1.286645,1.28678,1.286595,1.28678
2017-10-26 23:07:00,1.286645,1.286595,1.28657,1.286655
2017-10-26 23:08:00,1.286675,1.286655,1.286645,1.286745
2017-10-26 23:09:00,1.286735,1.286695,1.286695,1.28676
2017-10-26 23:10:00,1.28674,1.286735,1.286665,1.28674
2017-10-26 23:11:00,1.28671,1.286685,1.286675,1.28671
2017-10-26 23:12:00,1.28658,1.286655,1.286575,1.28666
2017-10-26 23:13:00,1.2865,1.286555,1.286485,1.286555
2017-10-26 23:14:00,1.2864,1.286445,1.286385,1.286445
2017-10-26 23:15:00,1.286425,1.286405,1.286325,1.286435
2017-10-26 23:16:00,1.28649,1.28645,1.286445,1.286515
2017-10-26 23:17:00,1.28654,1.28649,1.286455,1.28654
2017-10-26 23:18:00,1.28703,1.28653,1.28653,1.287125
2017-10-26 23:19:00,1.287105,1.287025,1.286875,1.28734
2017-10-26 23:20:00,1.2871,1.287105,1.286935,1.2872
2017-10-26 23:21:00,1.287,1.287095,1.287,1.28724
2017-10-26 23:22:00,1.28709,1.28705,1.287005,1.2871
2017-10-26 23:23:00,1.287095,1.287105,1.28702,1.287125
2017-10-26 23:24:00,1.28705,1.287145,1.28698,1.287145
2017-10-26 23:25:00,1.28682,1.287025,1.28682,1.287035
2017-10-26 23:26:00,1.28663,1.28681,1.28663,1.28691
2017-10-26 23:27:00,1.28667,1.28664,1.286615,1.286685
2017-10-26 23:28:00,1.28671,1.28669,1.28665,1.286825
2017-10-26 23:29:00,1.286805,1.286695,1.286675,1.286895
2017-10-26 23:30:00,1.28672,1.28679,1.28672,1.286815
2017-10-26 23:31:00,1.28668,1.286665,1.286655,1.28668
2017-10-26 23:32:00,1.28678,1.28666,1.286635,1.28678
2017-10-26 23:33:00,1.286625,1.28675,1.28662,1.286785
2017-10-26 23:34:00,1.286715,1.28663,1.28663,1.28673
2017-10-26 23:35:00,1.28671,1.28671,1.28671,1.28671
2017-10-26 23:36:00,1.286685,1.286685,1.286595,1.28672
2017-10-26 23:37:00,1.28673,1.286695,1.286695,1.286735
2017-10-26 23:38:00,1.28681,1.286735,1.286735,1.28681
2017-10-26 23:39:00,1.286805,1.28686,1.2868,1.286875
2017-10-26 23:40:00,1.286815,1.286795,1.286735,1.28682
2017-10-26 23:41:00,1.286815,1.286825,1.28679,1.28687
2017-10-26 23:42:00,1.286715,1.2868,1.28671,1.28681
2017-10-26 23:43:00,1.286605,1.28672,1.28659,1.28673
2017-10-26 23:44:00,1.28663,1.28659,1.28658,1.28665
2017-10-26 23:45:00,1.286615,1.28658,1.28656,1.286625
2017-10-26 23:46:00,1.286485,1.2866,1.28647,1.2866
2017-10-26 23:47:00,1.28653,1.28648,1.286475,1.286565
2017-10-26 23:48:00,1.286535,1.286525,1.286515,1.286545
2017-10-26 23:49:00,1.286535,1.286555,1.286535,1.286555
2017-10-26 23:50:00,1.28648,1.28648,1.28645,1.28648
2017-10-26 23:51:00,1.28649,1.286485,1.286475,1.28649
2017-10-26 23:52:00,1.286475,1.28648,1.28647,1.28649
2017-10-26 23:53:00,1.286605,1.28648,1.286475,1.286655
2017-10-26 23:54:00,1.286675,1.286605,1.28659,1.28669
2017-10-26 23:55:00,1.28665,1.28666,1.28662,1.286665
2017-10-26 23:56:00,1.28658,1.28665,1.28656,1.28665
2017-10-26 23:57:00,1.28666,1.286595,1.28658,1.286665
2017-10-26 23:58:00,1.28665,1.286655,1.28659,1.28666
2017-10-26 23:59:00,1.286475,1.286645,1.286475,1.286645
2017-10-27 00:00:00,1.28661,1.28648,1.28646,1.286635
2017-10-27 00:01:00,1.286625,1.28666,1.286625,1.286665
2017-10-27 00:02:00,1.28657,1.28663,1.28657,1.286635
2017-10-27 00:03:00,1.28658,1.28658,1.286555,1.286585
2017-10-27 00:04:00,1.28654,1.286575,1.28652,1.28661
2017-10-27 00:05:00,1.28659,1.28655,1.286545,1.286595
2017-10-27 00:06:00,1.286565,1.286535,1.28652,1.286565
2017-10-27 00:07:00,1.28659,1.28654,1.28654,1.28659
2017-10-27 00:08:00,1.28653,1.286565,1.286525,1.286585
2017-10-27 00:09:00,1.28665,1.28653,1.286515,1.28665
2017-10-27 00:10:00,1.28665,1.28653,1.286515,1.28665
2017-10-27 00:11:00,1.286655,1.286645,1.28664,1.286655
2017-10-27 00:12:00,1.28667,1.286645,1.286645,1.28668
2017-10-27 00:13:00,1.286675,1.286665,1.286665,1.28668
2017-10-27 00:14:00,1.28667,1.28667,1.286665,1.286675
2017-10-27 00:15:00,1.28679,1.28667,1.286665,1.286805
2017-10-27 00:16:00,1.286735,1.2868,1.286715,1.286825
2017-10-27 00:17:00,1.286745,1.286725,1.286725,1.286745
2017-10-27 00:18:00,1.286735,1.28673,1.286715,1.286745
2017-10-27 00:19:00,1.28669,1.286735,1.28669,1.28674
2017-10-27 00:20:00,1.28669,1.286735,1.28669,1.28674
2017-10-27 00:21:00,1.28679,1.28668,1.28668,1.28679
2017-10-27 00:22:00,1.286735,1.28678,1.286735,1.28678
2017-10-27 00:23:00,1.28689,1.28674,1.28674,1.286905
2017-10-27 00:24:00,1.28679,1.28684,1.286755,1.286845
2017-10-27 00:25:00,1.28687,1.286845,1.286835,1.286875
2017-10-27 00:26:00,1.286755,1.28684,1.28675,1.28684
2017-10-27 00:27:00,1.28678,1.28678,1.28677,1.286785
2017-10-27 00:28:00,1.28678,1.28677,1.286765,1.28678
2017-10-27 00:29:00,1.28678,1.28677,1.286765,1.28678
2017-10-27 00:30:00,1.286655,1.286725,1.28665,1.286725
2017-10-27 00:31:00,1.28674,1.28665,1.286625,1.28674
2017-10-27 00:32:00,1.28673,1.28669,1.28665,1.286735
2017-10-27 00:33:00,1.286715,1.286715,1.286695,1.286725
2017-10-27 00:34:00,1.286705,1.28672,1.286645,1.286725
2017-10-27 00:35:00,1.28668,1.286705,1.28668,1.28673
2017-10-27 00:36:00,1.28668,1.286705,1.28668,1.28673
2017-10-27 00:37:00,1.286535,1.28663,1.286525,1.28663
2017-10-27 00:38:00,1.286605,1.286575,1.28655,1.286605
2017-10-27 00:39:00,1.286595,1.28661,1.28647,1.28663
2017-10-27 00:40:00,1.28674,1.28665,1.28665,1.286785
2017-10-27 00:41:00,1.286675,1.28676,1.286675,1.28688
2017-10-27 00:42:00,1.28669,1.286725,1.28668,1.286735
2017-10-27 00:43:00,1.286685,1.286695,1.286675,1.286695
2017-10-27 00:44:00,1.286685,1.286665,1.286655,1.28669
2017-10-27 00:45:00,1.28657,1.28668,1.286565,1.286705
2017-10-27 00:46:00,1.28651,1.28658,1.28651,1.28658
2017-10-27 00:47:00,1.286475,1.28653,1.286475,1.28653
2017-10-27 00:48:00,1.286615,1.286485,1.28647,1.286615
2017-10-27 00:49:00,1.286835,1.28659,1.286535,1.286865
2017-10-27 00:50:00,1.28676,1.28685,1.286755,1.28685
2017-10-27 00:51:00,1.28663,1.286765,1.28663,1.286765
2017-10-27 00:52:00,1.286815,1.286635,1.286625,1.28682
2017-10-27 00:53:00,1.286825,1.2868,1.286795,1.28683
2017-10-27 00:54:00,1.28677,1.28682,1.28677,1.28682
2017-10-27 00:55:00,1.28677,1.28682,1.28677,1.28682
2017-10-27 00:56:00,1.28687,1.286795,1.286795,1.28687
2017-10-27 00:57:00,1.28693,1.286925,1.286925,1.28693
2017-10-27 00:58:00,1.28697,1.28698,1.286965,1.286995
2017-10-27 00:59:00,1.28701,1.287025,1.28699,1.28703
2017-10-27 01:00:00,1.287,1.287,1.286975,1.287005
2017-10-27 01:01:00,1.286985,1.287015,1.286955,1.28702
2017-10-27 01:02:00,1.28703,1.286985,1.28698,1.287055
2017-10-27 01:03:00,1.286965,1.287025,1.286965,1.287095
2017-10-27 01:04:00,1.286915,1.286975,1.286905,1.28702
2017-10-27 01:05:00,1.28686,1.28691,1.28685,1.28692
2017-10-27 01:06:00,1.286975,1.28684,1.28684,1.28698
2017-10-27 01:07:00,1.287015,1.286965,1.28696,1.287055
2017-10-27 01:08:00,1.286985,1.28702,1.28698,1.28704
2017-10-27 01:09:00,1.28693,1.28698,1.28693,1.286995
2017-10-27 01:10:00,1.286945,1.286945,1.286945,1.286945
2017-10-27 01:11:00,1.286885,1.28695,1.28685,1.28697
2017-10-27 01:12:00,1.28689,1.28689,1.28689,1.2869
2017-10-27 01:13:00,1.2868,1.286885,1.28674,1.286935
2017-10-27 01:14:00,1.286785,1.2868,1.286755,1.286805
2017-10-27 01:15:00,1.28679,1.28679,1.286745,1.286805
2017-10-27 01:16:00,1.28682,1.286795,1.28679,1.28682
2017-10-27 01:17:00,1.286825,1.28681,1.286805,1.28689
2017-10-27 01:18:00,1.28681,1.286825,1.286805,1.286825
2017-10-27 01:19:00,1.286755,1.28679,1.28675,1.286805
2017-10-27 01:20:00,1.286755,1.28674,1.28674,1.286755
2017-10-27 01:21:00,1.28674,1.28675,1.286735,1.286785
2017-10-27 01:22:00,1.28682,1.28674,1.28673,1.286855
2017-10-27 01:23:00,1.286805,1.28683,1.2868,1.286875
2017-10-27 01:24:00,1.286865,1.286815,1.286815,1.286885
2017-10-27 01:25:00,1.286815,1.28688,1.286805,1.28688
2017-10-27 01:26:00,1.28685,1.286825,1.28682,1.286855
2017-10-27 01:27:00,1.28688,1.28686,1.28686,1.286925
2017-10-27 01:28:00,1.28689,1.28689,1.28688,1.286895
2017-10-27 01:29:00,1.286855,1.286875,1.28685,1.28689
2017-10-27 01:30:00,1.28689,1.286855,1.286855,1.286895
2017-10-27 01:31:00,1.28685,1.28688,1.286835,1.286885
2017-10-27 01:32:00,1.28685,1.28683,1.286825,1.28688
2017-10-27 01:33:00,1.28686,1.28685,1.286845,1.286875
2017-10-27 01:34:00,1.286945,1.28686,1.28684,1.286955
2017-10-27 01:35:00,1.28695,1.28695,1.28691,1.28696
2017-10-27 01:36:00,1.287085,1.28695,1.28695,1.28728
2017-10-27 01:37:00,1.287655,1.28708,1.287045,1.28777
2017-10-27 01:38:00,1.28765,1.28765,1.28757,1.28782
2017-10-27 01:39:00,1.287675,1.287675,1.28761,1.287835
2017-10-27 01:40:00,1.287795,1.28767,1.28767,1.288005
2017-10-27 01:41:00,1.287785,1.2878,1.287745,1.28783
2017-10-27 01:42:00,1.2879,1.287805,1.28774,1.288
2017-10-27 01:43:00,1.28777,1.287895,1.287765,1.287955
2017-10-27 01:44:00,1.28777,1.287895,1.287765,1.287955
2017-10-27 01:45:00,1.28772,1.28772,1.28766,1.28773
2017-10-27 01:46:00,1.287635,1.28766,1.28763,1.28767
2017-10-27 01:47:00,1.287725,1.287635,1.287635,1.28779
2017-10-27 01:48:00,1.28766,1.28767,1.287645,1.287705
2017-10-27 01:49:00,1.287685,1.28765,1.287615,1.287685
2017-10-27 01:50:00,1.28748,1.287635,1.287395,1.287635
2017-10-27 01:51:00,1.287415,1.287455,1.28738,1.287495
2017-10-27 01:52:00,1.287405,1.28742,1.287345,1.287425
2017-10-27 01:53:00,1.28727,1.28742,1.28726,1.28742
2017-10-27 01:54:00,1.287085,1.287265,1.287085,1.287275
2017-10-27 01:55:00,1.28692,1.28703,1.28692,1.28704
2017-10-27 01:56:00,1.28695,1.286955,1.286905,1.286995
2017-10-27 01:57:00,1.286805,1.286955,1.286805,1.28698
2017-10-27 01:58:00,1.28664,1.286745,1.28658,1.286795
2017-10-27 01:59:00,1.286665,1.28663,1.286585,1.28668
2017-10-27 02:00:00,1.28695,1.28672,1.286715,1.28696
2017-10-27 02:01:00,1.28694,1.286955,1.28692,1.287005
2017-10-27 02:02:00,1.28698,1.28696,1.28695,1.287045
2017-10-27 02:03:00,1.287215,1.28698,1.28698,1.287215
2017-10-27 02:04:00,1.28737,1.28727,1.28727,1.287405
2017-10-27 02:05:00,1.28726,1.287385,1.28726,1.28739
2017-10-27 02:06:00,1.287375,1.28728,1.28722,1.287385
2017-10-27 02:07:00,1.287335,1.287375,1.287335,1.28739
2017-10-27 02:08:00,1.28767,1.28735,1.287195,1.28771
2017-10-27 02:09:00,1.287655,1.287685,1.287645,1.287825
2017-10-27 02:10:00,1.287665,1.287645,1.287635,1.287685
2017-10-27 02:11:00,1.2875,1.287685,1.2875,1.28771
2017-10-27 02:12:00,1.287575,1.28751,1.287495,1.287665
2017-10-27 02:13:00,1.28768,1.287525,1.287525,1.28772
2017-10-27 02:14:00,1.288,1.28773,1.287715,1.288005
2017-10-27 02:15:00,1.28805,1.287995,1.287925,1.288055
2017-10-27 02:16:00,1.287965,1.28805,1.28788,1.288055
2017-10-27 02:17:00,1.28811,1.287955,1.28794,1.288155
2017-10-27 02:18:00,1.28812,1.288115,1.287985,1.288155
2017-10-27 02:19:00,1.28805,1.288125,1.288045,1.288125
2017-10-27 02:20:00,1.288055,1.288055,1.28802,1.288075
2017-10-27 02:21:00,1.28805,1.288105,1.28805,1.288115
2017-10-27 02:22:00,1.28806,1.288065,1.28802,1.288085
2017-10-27 02:23:00,1.288065,1.28806,1.288045,1.288145
2017-10-27 02:24:00,1.28814,1.28808,1.288075,1.288305
2017-10-27 02:25:00,1.288035,1.288145,1.28803,1.288155
2017-10-27 02:26:00,1.288165,1.288045,1.288035,1.288165
2017-10-27 02:27:00,1.288195,1.288225,1.288195,1.288355
2017-10-27 02:28:00,1.28799,1.288175,1.28798,1.288205
2017-10-27 02:29:00,1.2881,1.287985,1.28797,1.2881
2017-10-27 02:30:00,1.287875,1.28808,1.28784,1.28808
2017-10-27 02:31:00,1.287975,1.28788,1.28788,1.288025
2017-10-27 02:32:00,1.28792,1.28797,1.28788,1.28797
2017-10-27 02:33:00,1.287695,1.287925,1.287685,1.28793
2017-10-27 02:34:00,1.28785,1.287685,1.287675,1.288005
2017-10-27 02:35:00,1.287805,1.287855,1.28778,1.287865
2017-10-27 02:36:00,1.28783,1.287855,1.287745,1.28789
2017-10-27 02:37:00,1.287965,1.28788,1.28786,1.288035
2017-10-27 02:38:00,1.28798,1.28796,1.28796,1.28803
2017-10-27 02:39:00,1.28818,1.28798,1.287975,1.288225
2017-10-27 02:40:00,1.288415,1.288185,1.288165,1.288535
2017-10-27 02:41:00,1.28838,1.288405,1.28832,1.288475
2017-10-27 02:42:00,1.28825,1.28833,1.288205,1.28834
2017-10-27 02:43:00,1.28825,1.28823,1.288145,1.288255
2017-10-27 02:44:00,1.288305,1.288245,1.288235,1.288365
2017-10-27 02:45:00,1.28822,1.28836,1.28821,1.28836
2017-10-27 02:46:00,1.288165,1.28824,1.288165,1.288275
2017-10-27 02:47:00,1.28803,1.28816,1.28801,1.28816
2017-10-27 02:48:00,1.288095,1.288025,1.287995,1.288115
2017-10-27 02:49:00,1.28775,1.28808,1.28774,1.28812
2017-10-27 02:50:00,1.287745,1.2877,1.287645,1.287745
2017-10-27 02:51:00,1.287915,1.28777,1.28777,1.287915
2017-10-27 02:52:00,1.288115,1.287965,1.287925,1.288115
2017-10-27 02:53:00,1.28786,1.28809,1.28786,1.288165
2017-10-27 02:54:00,1.28785,1.287855,1.28778,1.287885
2017-10-27 02:55:00,1.287855,1.287845,1.287755,1.287865
2017-10-27 02:56:00,1.288115,1.287845,1.287805,1.288305
2017-10-27 02:57:00,1.28771,1.28811,1.28771,1.288115
2017-10-27 02:58:00,1.28783,1.287705,1.28762,1.287985
2017-10-27 02:59:00,1.28781,1.28778,1.287705,1.28791
2017-10-27 03:00:00,1.28826,1.287815,1.287815,1.28828
2017-10-27 03:01:00,1.288395,1.288275,1.288255,1.288415
2017-10-27 03:02:00,1.28848,1.2884,1.28837,1.28851
2017-10-27 03:03:00,1.28861,1.288475,1.288405,1.288615
2017-10-27 03:04:00,1.288495,1.288605,1.288405,1.288615
2017-10-27 03:05:00,1.2886,1.28844,1.288405,1.288685
2017-10-27 03:06:00,1.28848,1.28861,1.28842,1.28862
2017-10-27 03:07:00,1.28832,1.28849,1.28827,1.288495
2017-10-27 03:08:00,1.28821,1.2883,1.2882,1.28832
2017-10-27 03:09:00,1.28823,1.2882,1.28819,1.288305
2017-10-27 03:10:00,1.28826,1.28818,1.288165,1.288275
2017-10-27 03:11:00,1.287925,1.28822,1.287925,1.288245
2017-10-27 03:12:00,1.287935,1.28794,1.287815,1.288035
2017-10-27 03:13:00,1.288195,1.28793,1.28793,1.288195
2017-10-27 03:14:00,1.2881,1.288205,1.28805,1.28826
2017-10-27 03:15:00,1.28815,1.288095,1.288065,1.28823
2017-10-27 03:16:00,1.288355,1.288135,1.28811,1.28841
2017-10-27 03:17:00,1.288215,1.288345,1.288195,1.288355
2017-10-27 03:18:00,1.28851,1.288165,1.28812,1.288515
2017-10-27 03:19:00,1.28855,1.28853,1.288455,1.2886
2017-10-27 03:20:00,1.28861,1.288555,1.288475,1.28862
2017-10-27 03:21:00,1.28864,1.2886,1.288565,1.288655
2017-10-27 03:22:00,1.2886,1.28866,1.28854,1.288665
2017-10-27 03:23:00,1.288455,1.288595,1.28842,1.288605
2017-10-27 03:24:00,1.288505,1.288475,1.288395,1.288505
2017-10-27 03:25:00,1.28841,1.288445,1.28837,1.288495
2017-10-27 03:26:00,1.288385,1.288355,1.28833,1.288455
2017-10-27 03:27:00,1.28839,1.288395,1.288315,1.288435
2017-10-27 03:28:00,1.288385,1.288395,1.28837,1.28842
2017-10-27 03:29:00,1.288315,1.28839,1.28831,1.288415
2017-10-27 03:30:00,1.288315,1.288305,1.288285,1.288475
2017-10-27 03:31:00,1.288485,1.288305,1.288215,1.28856
2017-10-27 03:32:00,1.2884,1.28847,1.2884,1.28848
2017-10-27 03:33:00,1.28852,1.28839,1.288385,1.288615
2017-10-27 03:34:00,1.28849,1.288525,1.288475,1.288645
2017-10-27 03:35:00,1.28858,1.288485,1.28848,1.2886
2017-10-27 03:36:00,1.28863,1.288575,1.28856,1.28865
2017-10-27 03:37:00,1.28847,1.28862,1.28847,1.28862
2017-10-27 03:38:00,1.28839,1.288465,1.288335,1.288465
2017-10-27 03:39:00,1.288275,1.288375,1.288265,1.28838
2017-10-27 03:40:00,1.28825,1.28827,1.288125,1.288275
2017-10-27 03:41:00,1.288455,1.288265,1.28822,1.28846
2017-10-27 03:42:00,1.28872,1.288465,1.28839,1.28874
2017-10-27 03:43:00,1.288765,1.288715,1.288585,1.28878
2017-10-27 03:44:00,1.28871,1.28874,1.288685,1.28874
2017-10-27 03:45:00,1.288715,1.288725,1.28861,1.288725
2017-10-27 03:46:00,1.288625,1.288705,1.288605,1.28872
2017-10-27 03:47:00,1.288485,1.288575,1.288485,1.288635
2017-10-27 03:48:00,1.288415,1.2885,1.28838,1.2885
2017-10-27 03:49:00,1.28847,1.28844,1.28844,1.288515
2017-10-27 03:50:00,1.28844,1.288465,1.288355,1.288525
2017-10-27 03:51:00,1.288135,1.28844,1.28806,1.28844
2017-10-27 03:52:00,1.28794,1.28811,1.28794,1.28811
2017-10-27 03:53:00,1.28802,1.28794,1.28792,1.28802
2017-10-27 03:54:00,1.28789,1.288015,1.28789,1.28802
2017-10-27 03:55:00,1.287815,1.287865,1.287725,1.287865
2017-10-27 03:56:00,1.28768,1.287795,1.28753,1.287795
2017-10-27 03:57:00,1.28794,1.28769,1.28769,1.28794
2017-10-27 03:58:00,1.288045,1.287955,1.28795,1.288125
2017-10-27 03:59:00,1.288045,1.28805,1.288035,1.28807
2017-10-27 04:00:00,1.288145,1.288055,1.288035,1.28822
2017-10-27 04:01:00,1.287825,1.28809,1.28758,1.28809
2017-10-27 04:02:00,1.28769,1.28782,1.28767,1.287895
2017-10-27 04:03:00,1.287595,1.28768,1.28752,1.287685
2017-10-27 04:04:00,1.28774,1.287615,1.287605,1.2878
2017-10-27 04:05:00,1.287875,1.287745,1.28769,1.287875
2017-10-27 04:06:00,1.28796,1.287885,1.2878,1.288105
2017-10-27 04:07:00,1.288115,1.288005,1.287985,1.288125
2017-10-27 04:08:00,1.28808,1.28809,1.28805,1.28818
2017-10-27 04:09:00,1.288115,1.288085,1.288065,1.28816
2017-10-27 04:10:00,1.28798,1.28812,1.287955,1.288125
2017-10-27 04:11:00,1.28817,1.288005,1.287995,1.288285
2017-10-27 04:12:00,1.28799,1.288175,1.28797,1.28819
2017-10-27 04:13:00,1.288065,1.28802,1.287955,1.288125
2017-10-27 04:14:00,1.288165,1.288115,1.288115,1.28819
2017-10-27 04:15:00,1.288265,1.28817,1.28808,1.288405
2017-10-27 04:16:00,1.288605,1.28827,1.288245,1.288645
2017-10-27 04:17:00,1.288575,1.288585,1.28851,1.288595
2017-10-27 04:18:00,1.288665,1.288565,1.288545,1.288665
2017-10-27 04:19:00,1.288535,1.288655,1.288485,1.288665
2017-10-27 04:20:00,1.288305,1.288545,1.288285,1.28855
2017-10-27 04:21:00,1.288305,1.28829,1.288275,1.288315
2017-10-27 04:22:00,1.28831,1.28831,1.288305,1.288335
2017-10-27 04:23:00,1.28848,1.28832,1.28831,1.28849
2017-10-27 04:24:00,1.288525,1.288485,1.288475,1.288535
2017-10-27 04:25:00,1.28866,1.28852,1.2885,1.288745
2017-10-27 04:26:00,1.28867,1.288665,1.288635,1.288715
2017-10-27 04:27:00,1.288735,1.288675,1.288585,1.28875
2017-10-27 04:28:00,1.2884,1.288755,1.28836,1.288765
2017-10-27 04:29:00,1.288205,1.288415,1.28817,1.288455
2017-10-27 04:30:00,1.28781,1.288195,1.287805,1.288285
2017-10-27 04:31:00,1.287835,1.287825,1.28771,1.28798
2017-10-27 04:32:00,1.287615,1.28778,1.28756,1.28778
2017-10-27 04:33:00,1.287485,1.287615,1.28741,1.28766
2017-10-27 04:34:00,1.2872,1.28748,1.28719,1.287535
2017-10-27 04:35:00,1.287205,1.28719,1.287185,1.28754
2017-10-27 04:36:00,1.28728,1.28726,1.287185,1.28728
2017-10-27 04:37:00,1.287035,1.28729,1.287025,1.287335
2017-10-27 04:38:00,1.2869,1.287025,1.286895,1.287025
2017-10-27 04:39:00,1.287,1.286915,1.2869,1.287095
2017-10-27 04:40:00,1.28685,1.28702,1.286805,1.28702
2017-10-27 04:41:00,1.28675,1.28685,1.28663,1.28685
2017-10-27 04:42:00,1.286985,1.286805,1.286765,1.28699
2017-10-27 04:43:00,1.286975,1.28698,1.286975,1.287195
2017-10-27 04:44:00,1.28706,1.286975,1.28697,1.287165
2017-10-27 04:45:00,1.287155,1.287055,1.287,1.287155
2017-10-27 04:46:00,1.28713,1.28718,1.28702,1.28718
2017-10-27 04:47:00,1.287075,1.28713,1.28698,1.287175
2017-10-27 04:48:00,1.28692,1.287095,1.28692,1.2871
2017-10-27 04:49:00,1.28689,1.28691,1.286885,1.28704
2017-10-27 04:50:00,1.28689,1.28689,1.286855,1.287015
2017-10-27 04:51:00,1.286935,1.28689,1.28687,1.28694
2017-10-27 04:52:00,1.28699,1.286995,1.286965,1.28705
2017-10-27 04:53:00,1.28696,1.286995,1.28692,1.287055
2017-10-27 04:54:00,1.28694,1.286945,1.28692,1.28699
2017-10-27 04:55:00,1.286965,1.286935,1.28693,1.287045
2017-10-27 04:56:00,1.286995,1.28702,1.286965,1.28705
2017-10-27 04:57:00,1.287055,1.287,1.2869,1.28712
2017-10-27 04:58:00,1.287115,1.287075,1.28707,1.28725
2017-10-27 04:59:00,1.28729,1.28712,1.28712,1.287295
2017-10-27 05:00:00,1.28718,1.28727,1.28718,1.287335
2017-10-27 05:01:00,1.28732,1.28718,1.28717,1.28732
2017-10-27 05:02:00,1.28723,1.287325,1.28708,1.2874
2017-10-27 05:03:00,1.28729,1.28723,1.287205,1.2874
2017-10-27 05:04:00,1.28747,1.28731,1.28723,1.287475
2017-10-27 05:05:00,1.287335,1.287475,1.28733,1.28752
2017-10-27 05:06:00,1.287425,1.287315,1.287315,1.287555
2017-10-27 05:07:00,1.28739,1.287415,1.287385,1.287475
2017-10-27 05:08:00,1.28741,1.287385,1.28734,1.28741
2017-10-27 05:09:00,1.28742,1.28743,1.28739,1.287485
2017-10-27 05:10:00,1.287185,1.2874,1.287145,1.287405
2017-10-27 05:11:00,1.287255,1.28718,1.28718,1.287255
2017-10-27 05:12:00,1.287215,1.2872,1.28714,1.28724
2017-10-27 05:13:00,1.28719,1.287245,1.287145,1.28726
2017-10-27 05:14:00,1.287275,1.287185,1.287125,1.287295
2017-10-27 05:15:00,1.28723,1.287285,1.287175,1.28736
2017-10-27 05:16:00,1.28713,1.287225,1.28708,1.287235
2017-10-27 05:17:00,1.28709,1.287125,1.287005,1.287135
2017-10-27 05:18:00,1.28707,1.287085,1.287025,1.287135
2017-10-27 05:19:00,1.28715,1.28705,1.28705,1.287215
2017-10-27 05:20:00,1.28731,1.287155,1.28714,1.28738
2017-10-27 05:21:00,1.287165,1.28729,1.287155,1.28729
2017-10-27 05:22:00,1.28717,1.28711,1.28711,1.28717
2017-10-27 05:23:00,1.287285,1.28716,1.28716,1.28729
2017-10-27 05:24:00,1.287375,1.28729,1.287285,1.2874
2017-10-27 05:25:00,1.28729,1.287375,1.28728,1.28742
2017-10-27 05:26:00,1.28727,1.287295,1.28727,1.287385
2017-10-27 05:27:00,1.28731,1.287285,1.287075,1.287315
2017-10-27 05:28:00,1.28723,1.2873,1.28718,1.287305
2017-10-27 05:29:00,1.287215,1.28724,1.287215,1.287305
2017-10-27 05:30:00,1.28734,1.28723,1.287155,1.2874
2017-10-27 05:31:00,1.287055,1.287345,1.287055,1.287345
2017-10-27 05:32:00,1.286975,1.28706,1.286965,1.28711
2017-10-27 05:33:00,1.287045,1.286965,1.28696,1.287055
2017-10-27 05:34:00,1.287085,1.28706,1.287055,1.287165
2017-10-27 05:35:00,1.28703,1.287085,1.28697,1.287085
2017-10-27 05:36:00,1.286915,1.28698,1.28686,1.287
2017-10-27 05:37:00,1.28689,1.286935,1.28685,1.286935
2017-10-27 05:38:00,1.28689,1.286885,1.28688,1.28693
2017-10-27 05:39:00,1.286815,1.286905,1.286815,1.286995
2017-10-27 05:40:00,1.286805,1.286825,1.286805,1.286825
2017-10-27 05:41:00,1.286795,1.28675,1.28672,1.28688
2017-10-27 05:42:00,1.2868,1.28679,1.286775,1.28688
2017-10-27 05:43:00,1.28677,1.2868,1.28676,1.28685
2017-10-27 05:44:00,1.28685,1.286795,1.28677,1.28687
2017-10-27 05:45:00,1.28671,1.2869,1.28667,1.287
2017-10-27 05:46:00,1.28675,1.2867,1.286685,1.28683
2017-10-27 05:47:00,1.286815,1.28674,1.28672,1.28683
2017-10-27 05:48:00,1.28684,1.28681,1.286735,1.286915
2017-10-27 05:49:00,1.28685,1.286815,1.28674,1.28685
2017-10-27 05:50:00,1.28681,1.286865,1.28678,1.28687
2017-10-27 05:51:00,1.286805,1.286805,1.286755,1.286885
2017-10-27 05:52:00,1.28676,1.286815,1.28675,1.28683
2017-10-27 05:53:00,1.2867,1.28673,1.28669,1.28675
2017-10-27 05:54:00,1.286585,1.2867,1.286555,1.286845
2017-10-27 05:55:00,1.28681,1.28659,1.286355,1.28682
2017-10-27 05:56:00,1.2868,1.2868,1.286755,1.28682
2017-10-27 05:57:00,1.28689,1.2868,1.286765,1.286895
2017-10-27 05:58:00,1.28693,1.286875,1.28687,1.28693
2017-10-27 05:59:00,1.286845,1.2869,1.286805,1.2869
2017-10-27 06:00:00,1.28696,1.28679,1.28672,1.28696
2017-10-27 06:01:00,1.28695,1.286965,1.286865,1.28698
2017-10-27 06:02:00,1.28722,1.286975,1.286975,1.28722
2017-10-27 06:03:00,1.28712,1.28722,1.28699,1.287255
2017-10-27 06:04:00,1.28726,1.287125,1.287085,1.28727
2017-10-27 06:05:00,1.2874,1.287245,1.287245,1.287485
2017-10-27 06:06:00,1.28742,1.287395,1.28732,1.28742
2017-10-27 06:07:00,1.287375,1.287425,1.287375,1.28751
2017-10-27 06:08:00,1.28733,1.287355,1.287235,1.287415
2017-10-27 06:09:00,1.28742,1.28733,1.28733,1.287425
2017-10-27 06:10:00,1.287485,1.287365,1.287315,1.287505
2017-10-27 06:11:00,1.287585,1.28749,1.28746,1.28759
2017-10-27 06:12:00,1.287485,1.28759,1.287375,1.287595
2017-10-27 06:13:00,1.28735,1.2875,1.28735,1.287605
2017-10-27 06:14:00,1.28746,1.2873,1.287245,1.28746
2017-10-27 06:15:00,1.287645,1.28748,1.28745,1.28765
2017-10-27 06:16:00,1.28764,1.287645,1.287585,1.287715
2017-10-27 06:17:00,1.287735,1.287635,1.287635,1.28782
2017-10-27 06:18:00,1.287775,1.28775,1.287725,1.287865
2017-10-27 06:19:00,1.287875,1.28776,1.28776,1.2879
2017-10-27 06:20:00,1.288055,1.287875,1.287865,1.28814
2017-10-27 06:21:00,1.288265,1.288045,1.287965,1.288285
2017-10-27 06:22:00,1.28824,1.28828,1.288135,1.28828
2017-10-27 06:23:00,1.28833,1.288245,1.288235,1.28845
2017-10-27 06:24:00,1.288585,1.28833,1.28832,1.288585
2017-10-27 06:25:00,1.28862,1.288605,1.288525,1.28863
2017-10-27 06:26:00,1.28869,1.28864,1.288625,1.288725
2017-10-27 06:27:00,1.28862,1.28871,1.288535,1.288735
2017-10-27 06:28:00,1.288405,1.288565,1.288405,1.288665
2017-10-27 06:29:00,1.288315,1.28839,1.288305,1.288455
2017-10-27 06:30:00,1.28848,1.28832,1.288315,1.288585
2017-10-27 06:31:00,1.288305,1.2885,1.288305,1.288535
2017-10-27 06:32:00,1.288425,1.288305,1.288305,1.288425
2017-10-27 06:33:00,1.288475,1.28848,1.28846,1.28849
2017-10-27 06:34:00,1.288645,1.288485,1.288475,1.288645
2017-10-27 06:35:00,1.28872,1.28864,1.288615,1.28872
2017-10-27 06:36:00,1.28855,1.28871,1.2885,1.288735
2017-10-27 06:37:00,1.288635,1.28857,1.288565,1.288645
2017-10-27 06:38:00,1.28886,1.28863,1.288625,1.288865
2017-10-27 06:39:00,1.288935,1.288845,1.288845,1.28899
2017-10-27 06:40:00,1.28917,1.28894,1.288845,1.28924
2017-10-27 06:41:00,1.28901,1.289175,1.288875,1.289175
2017-10-27 06:42:00,1.289145,1.289035,1.28896,1.28915
2017-10-27 06:43:00,1.289055,1.289155,1.28888,1.289155
2017-10-27 06:44:00,1.288995,1.289055,1.28899,1.289105
2017-10-27 06:45:00,1.289075,1.288995,1.28879,1.28914
2017-10-27 06:46:00,1.28876,1.28902,1.28873,1.28909
2017-10-27 06:47:00,1.2886,1.28881,1.28851,1.28881
2017-10-27 06:48:00,1.28856,1.288655,1.288465,1.28866
2017-10-27 06:49:00,1.28871,1.28861,1.28861,1.288725
2017-10-27 06:50:00,1.288415,1.288705,1.288415,1.28871
2017-10-27 06:51:00,1.288115,1.288365,1.288115,1.28837
2017-10-27 06:52:00,1.288375,1.28811,1.288105,1.288415
2017-10-27 06:53:00,1.288415,1.2884,1.288305,1.288425
2017-10-27 06:54:00,1.28847,1.2884,1.2884,1.288505
2017-10-27 06:55:00,1.28825,1.288475,1.288205,1.28848
2017-10-27 06:56:00,1.28836,1.288305,1.288285,1.288725
2017-10-27 06:57:00,1.288375,1.28837,1.288365,1.28846
2017-10-27 06:58:00,1.288035,1.288375,1.287955,1.288475
2017-10-27 06:59:00,1.288315,1.28809,1.288065,1.288315
2017-10-27 07:00:00,1.28784,1.28831,1.287655,1.28831
2017-10-27 07:01:00,1.28744,1.28779,1.28744,1.28783
2017-10-27 07:02:00,1.28774,1.287455,1.28733,1.28774
2017-10-27 07:03:00,1.287845,1.287735,1.28767,1.287895
2017-10-27 07:04:00,1.287975,1.287865,1.287865,1.288025
2017-10-27 07:05:00,1.28821,1.287975,1.28788,1.28823
2017-10-27 07:06:00,1.288305,1.28822,1.288065,1.28831
2017-10-27 07:07:00,1.288145,1.2883,1.28804,1.28847
2017-10-27 07:08:00,1.288185,1.288205,1.288065,1.288235
2017-10-27 07:09:00,1.288475,1.288205,1.288145,1.288625
2017-10-27 07:10:00,1.28852,1.28848,1.288365,1.28853
2017-10-27 07:11:00,1.288345,1.288525,1.288345,1.288625
2017-10-27 07:12:00,1.2882,1.288295,1.288175,1.28832
2017-10-27 07:13:00,1.28804,1.28823,1.287955,1.288275
2017-10-27 07:14:00,1.288485,1.288095,1.288095,1.288485
2017-10-27 07:15:00,1.28864,1.28848,1.288475,1.288685
2017-10-27 07:16:00,1.288575,1.288635,1.28853,1.288805
2017-10-27 07:17:00,1.288615,1.28857,1.288555,1.288625
2017-10-27 07:18:00,1.288445,1.288565,1.288395,1.288615
2017-10-27 07:19:00,1.288455,1.288485,1.28844,1.288505
2017-10-27 07:20:00,1.288555,1.28846,1.288425,1.288715
2017-10-27 07:21:00,1.288725,1.28855,1.288535,1.28877
2017-10-27 07:22:00,1.288895,1.28873,1.28869,1.288965
2017-10-27 07:23:00,1.28879,1.28896,1.28878,1.28896
2017-10-27 07:24:00,1.28895,1.288765,1.288765,1.28896
2017-10-27 07:25:00,1.288725,1.288955,1.28865,1.288955
2017-10-27 07:26:00,1.28877,1.288745,1.288745,1.28877
2017-10-27 07:27:00,1.288765,1.28882,1.28875,1.28889
2017-10-27 07:28:00,1.288715,1.28876,1.288685,1.288765
2017-10-27 07:29:00,1.288655,1.288715,1.28859,1.288725
2017-10-27 07:30:00,1.288575,1.28865,1.28856,1.288655
2017-10-27 07:31:00,1.28866,1.2886,1.288455,1.2887
2017-10-27 07:32:00,1.288465,1.28868,1.288455,1.28868
2017-10-27 07:33:00,1.28866,1.288515,1.28851,1.28869
2017-10-27 07:34:00,1.28867,1.288675,1.28853,1.288735
2017-10-27 07:35:00,1.28872,1.28867,1.288615,1.2888
2017-10-27 07:36:00,1.2887,1.288715,1.288685,1.288875
2017-10-27 07:37:00,1.2887,1.288705,1.288695,1.288775
2017-10-27 07:38:00,1.28866,1.288695,1.28866,1.288775
2017-10-27 07:39:00,1.288385,1.288655,1.288305,1.288675
2017-10-27 07:40:00,1.28791,1.28839,1.28791,1.288415
2017-10-27 07:41:00,1.288265,1.287915,1.28788,1.288265
2017-10-27 07:42:00,1.28825,1.28829,1.28797,1.288395
2017-10-27 07:43:00,1.28828,1.288245,1.288165,1.28841
2017-10-27 07:44:00,1.288085,1.288275,1.288025,1.28829
2017-10-27 07:45:00,1.28797,1.288075,1.28796,1.288245
2017-10-27 07:46:00,1.28804,1.28797,1.28797,1.288185
2017-10-27 07:47:00,1.28769,1.28803,1.28769,1.288075
2017-10-27 07:48:00,1.288125,1.2877,1.2877,1.288135
2017-10-27 07:49:00,1.28813,1.28813,1.288065,1.28821
2017-10-27 07:50:00,1.288215,1.28814,1.288115,1.28824
2017-10-27 07:51:00,1.288175,1.288165,1.287975,1.28818
2017-10-27 07:52:00,1.288285,1.288155,1.28812,1.288295
2017-10-27 07:53:00,1.28833,1.28829,1.28828,1.288515
2017-10-27 07:54:00,1.288305,1.288345,1.288175,1.28836
2017-10-27 07:55:00,1.288075,1.288295,1.28807,1.28831
2017-10-27 07:56:00,1.28843,1.28809,1.288,1.28847
2017-10-27 07:57:00,1.288115,1.28838,1.28802,1.288385
2017-10-27 07:58:00,1.288175,1.28813,1.288055,1.288275
2017-10-27 07:59:00,1.28817,1.288225,1.28815,1.28826
2017-10-27 08:00:00,1.28825,1.288165,1.28804,1.28829
2017-10-27 08:01:00,1.28834,1.28823,1.28804,1.288425
2017-10-27 08:02:00,1.288495,1.288325,1.288295,1.2885
2017-10-27 08:03:00,1.288335,1.288505,1.288305,1.288515
2017-10-27 08:04:00,1.288305,1.288315,1.288195,1.28838
2017-10-27 08:05:00,1.28883,1.2883,1.288295,1.28894
2017-10-27 08:06:00,1.28897,1.288815,1.28873,1.289155
2017-10-27 08:07:00,1.289025,1.288975,1.28886,1.28907
2017-10-27 08:08:00,1.28914,1.28902,1.28891,1.28915
2017-10-27 08:09:00,1.28904,1.289115,1.289035,1.28924
2017-10-27 08:10:00,1.28939,1.289035,1.28899,1.28955
2017-10-27 08:11:00,1.289625,1.28941,1.289405,1.2897
2017-10-27 08:12:00,1.289555,1.28962,1.28947,1.289685
2017-10-27 08:13:00,1.289625,1.289545,1.289475,1.289625
2017-10-27 08:14:00,1.28949,1.289605,1.289435,1.28966
2017-10-27 08:15:00,1.28919,1.289475,1.28908,1.289475
2017-10-27 08:16:00,1.28962,1.28922,1.28922,1.289645
2017-10-27 08:17:00,1.28967,1.289595,1.28942,1.28967
2017-10-27 08:18:00,1.28955,1.289645,1.289515,1.28965
2017-10-27 08:19:00,1.289515,1.28961,1.289465,1.28966
2017-10-27 08:20:00,1.289675,1.289495,1.28948,1.28974
2017-10-27 08:21:00,1.28927,1.28968,1.28927,1.289735
2017-10-27 08:22:00,1.28902,1.289215,1.288925,1.289265
2017-10-27 08:23:00,1.288955,1.288965,1.28869,1.289
2017-10-27 08:24:00,1.288935,1.28898,1.288765,1.289045
2017-10-27 08:25:00,1.289025,1.288985,1.28898,1.289175
2017-10-27 08:26:00,1.28891,1.289055,1.288905,1.28911
2017-10-27 08:27:00,1.289035,1.288905,1.28884,1.28914
2017-10-27 08:28:00,1.28865,1.28906,1.28864,1.28911
2017-10-27 08:29:00,1.288755,1.288645,1.288555,1.288765
2017-10-27 08:30:00,1.28853,1.28873,1.288295,1.28878
2017-10-27 08:31:00,1.290695,1.288575,1.28856,1.290925
2017-10-27 08:32:00,1.28987,1.290715,1.28983,1.290835
2017-10-27 08:33:00,1.28984,1.289935,1.289575,1.29004
2017-10-27 08:34:00,1.28847,1.28983,1.288435,1.290005
2017-10-27 08:35:00,1.289015,1.288445,1.288285,1.28903
2017-10-27 08:36:00,1.289765,1.28904,1.28895,1.290025
2017-10-27 08:37:00,1.28921,1.289785,1.2892,1.289785
2017-10-27 08:38:00,1.28954,1.289215,1.28899,1.28957
2017-10-27 08:39:00,1.28971,1.289545,1.289545,1.28998
2017-10-27 08:40:00,1.29035,1.28973,1.28971,1.29043
2017-10-27 08:41:00,1.29045,1.290345,1.290225,1.290485
2017-10-27 08:42:00,1.290505,1.29044,1.290365,1.290775
2017-10-27 08:43:00,1.290545,1.29048,1.290355,1.290695
2017-10-27 08:44:00,1.29046,1.29053,1.29021,1.29058
2017-10-27 08:45:00,1.290215,1.29047,1.28999,1.29061
2017-10-27 08:46:00,1.290095,1.29021,1.289955,1.290315
2017-10-27 08:47:00,1.29003,1.290125,1.289975,1.290285
2017-10-27 08:48:00,1.28982,1.29004,1.289775,1.29004
2017-10-27 08:49:00,1.289325,1.289815,1.28922,1.28993
2017-10-27 08:50:00,1.289025,1.2893,1.288905,1.289495
2017-10-27 08:51:00,1.28922,1.289075,1.289,1.28931
2017-10-27 08:52:00,1.288915,1.289205,1.288825,1.28921
2017-10-27 08:53:00,1.28957,1.288925,1.28892,1.289635
2017-10-27 08:54:00,1.289835,1.289575,1.289555,1.29003
2017-10-27 08:55:00,1.28982,1.28984,1.289815,1.290375
2017-10-27 08:56:00,1.28987,1.289825,1.289825,1.29007
2017-10-27 08:57:00,1.289735,1.289875,1.289715,1.28989
2017-10-27 08:58:00,1.2899,1.28971,1.289615,1.289975
2017-10-27 08:59:00,1.289935,1.28992,1.28983,1.28998
2017-10-27 09:00:00,1.289985,1.289985,1.289855,1.29016
2017-10-27 09:01:00,1.289985,1.29,1.289925,1.290035
2017-10-27 09:02:00,1.290175,1.28998,1.28998,1.290355
2017-10-27 09:03:00,1.29002,1.29018,1.289955,1.290225
2017-10-27 09:04:00,1.289855,1.290035,1.289795,1.290035
2017-10-27 09:05:00,1.28944,1.2898,1.289125,1.28982
2017-10-27 09:06:00,1.289525,1.28949,1.28949,1.28969
2017-10-27 09:07:00,1.28953,1.289545,1.289495,1.289695
2017-10-27 09:08:00,1.28957,1.289585,1.28925,1.28961
2017-10-27 09:09:00,1.28983,1.28955,1.28955,1.2899
2017-10-27 09:10:00,1.290185,1.289855,1.289775,1.290185
2017-10-27 09:11:00,1.29026,1.290135,1.29007,1.290325
2017-10-27 09:12:00,1.29056,1.290255,1.290205,1.29056
2017-10-27 09:13:00,1.290315,1.290535,1.290305,1.2906
2017-10-27 09:14:00,1.290535,1.290305,1.290305,1.2908
2017-10-27 09:15:00,1.290675,1.29055,1.29051,1.290735
2017-10-27 09:16:00,1.290795,1.29067,1.29065,1.290795
2017-10-27 09:17:00,1.290905,1.29079,1.29079,1.291095
2017-10-27 09:18:00,1.290955,1.29091,1.2909,1.29103
2017-10-27 09:19:00,1.290945,1.29091,1.290845,1.29103
2017-10-27 09:20:00,1.291115,1.29097,1.290925,1.291195
2017-10-27 09:21:00,1.29113,1.29112,1.291005,1.29127
2017-10-27 09:22:00,1.2912,1.291135,1.291115,1.291265
2017-10-27 09:23:00,1.291135,1.291175,1.29102,1.29122
2017-10-27 09:24:00,1.29104,1.291155,1.29098,1.29117
2017-10-27 09:25:00,1.291015,1.29107,1.290995,1.291115
2017-10-27 09:26:00,1.290755,1.29101,1.290755,1.29101
2017-10-27 09:27:00,1.290645,1.2907,1.290505,1.29083
2017-10-27 09:28:00,1.29072,1.290645,1.29054,1.290725
2017-10-27 09:29:00,1.290775,1.290745,1.29072,1.29107
2017-10-27 09:30:00,1.29076,1.29079,1.290695,1.290975
2017-10-27 09:31:00,1.290775,1.290755,1.29054,1.290865
2017-10-27 09:32:00,1.29097,1.290755,1.29064,1.291075
2017-10-27 09:33:00,1.29106,1.29098,1.29079,1.291065
2017-10-27 09:34:00,1.290995,1.291005,1.29091,1.29103
2017-10-27 09:35:00,1.290795,1.29099,1.290745,1.290995
2017-10-27 09:36:00,1.29089,1.29079,1.290765,1.29107
2017-10-27 09:37:00,1.290875,1.290875,1.290765,1.29092
2017-10-27 09:38:00,1.29098,1.29088,1.29085,1.291055
2017-10-27 09:39:00,1.291335,1.290975,1.290975,1.291335
2017-10-27 09:40:00,1.291325,1.291365,1.29131,1.291525
2017-10-27 09:41:00,1.291295,1.291335,1.291135,1.29143
2017-10-27 09:42:00,1.291665,1.29129,1.29129,1.291685
2017-10-27 09:43:00,1.291515,1.291605,1.29138,1.291685
2017-10-27 09:44:00,1.291335,1.291485,1.291275,1.29159
2017-10-27 09:45:00,1.291105,1.291355,1.291035,1.291355
2017-10-27 09:46:00,1.29113,1.291115,1.29109,1.29134
2017-10-27 09:47:00,1.29139,1.29112,1.291075,1.291435
2017-10-27 09:48:00,1.291225,1.291395,1.29111,1.291435
2017-10-27 09:49:00,1.29112,1.291205,1.29108,1.29133
2017-10-27 09:50:00,1.29104,1.291105,1.291035,1.29129
2017-10-27 09:51:00,1.291275,1.291035,1.29099,1.291305
2017-10-27 09:52:00,1.291135,1.29128,1.29105,1.29132
2017-10-27 09:53:00,1.29107,1.291135,1.2909,1.291145
2017-10-27 09:54:00,1.290745,1.291015,1.290745,1.29107
2017-10-27 09:55:00,1.291105,1.29071,1.29071,1.291145
2017-10-27 09:56:00,1.29094,1.2911,1.29085,1.291105
2017-10-27 09:57:00,1.29093,1.29094,1.290765,1.29104
2017-10-27 09:58:00,1.291055,1.290935,1.29085,1.29109
2017-10-27 09:59:00,1.2907,1.29104,1.290655,1.29117
2017-10-27 10:00:00,1.290735,1.290695,1.29056,1.29075
2017-10-27 10:01:00,1.291015,1.290725,1.290705,1.29102
2017-10-27 10:02:00,1.28973,1.29102,1.28895,1.291025
2017-10-27 10:03:00,1.289165,1.289705,1.28912,1.28979
2017-10-27 10:04:00,1.288615,1.2891,1.28835,1.289155
2017-10-27 10:05:00,1.28876,1.2886,1.287925,1.288765
2017-10-27 10:06:00,1.2887,1.288755,1.288595,1.288985
2017-10-27 10:07:00,1.289105,1.288645,1.288595,1.289105
2017-10-27 10:08:00,1.288405,1.28913,1.2883,1.28913
2017-10-27 10:09:00,1.2876,1.2884,1.28747,1.28853
2017-10-27 10:10:00,1.287485,1.28765,1.28731,1.28767
2017-10-27 10:11:00,1.28807,1.287515,1.28748,1.28822
2017-10-27 10:12:00,1.287775,1.288015,1.28766,1.28807
2017-10-27 10:13:00,1.287495,1.28775,1.287415,1.28775
2017-10-27 10:14:00,1.28828,1.28749,1.28743,1.28831
2017-10-27 10:15:00,1.28845,1.28828,1.28785,1.288455
2017-10-27 10:16:00,1.288695,1.288455,1.288305,1.288695
2017-10-27 10:17:00,1.28854,1.28875,1.28841,1.288755
2017-10-27 10:18:00,1.288425,1.288595,1.28829,1.2886
2017-10-27 10:19:00,1.28855,1.28845,1.288345,1.28895
2017-10-27 10:20:00,1.28854,1.288565,1.288265,1.288565
2017-10-27 10:21:00,1.28874,1.28855,1.28841,1.28881
2017-10-27 10:22:00,1.288845,1.288735,1.28849,1.28896
2017-10-27 10:23:00,1.28848,1.28879,1.28843,1.28886
2017-10-27 10:24:00,1.28883,1.288475,1.288415,1.28883
2017-10-27 10:25:00,1.28875,1.288825,1.28874,1.28911
2017-10-27 10:26:00,1.28917,1.288745,1.28872,1.28917
2017-10-27 10:27:00,1.28898,1.289145,1.288895,1.289145
2017-10-27 10:28:00,1.288985,1.288985,1.288825,1.28909
2017-10-27 10:29:00,1.28928,1.28904,1.288905,1.28928
2017-10-27 10:30:00,1.289335,1.289275,1.289275,1.289495
2017-10-27 10:31:00,1.28875,1.289335,1.288595,1.289345
2017-10-27 10:32:00,1.288825,1.28879,1.28877,1.28891
2017-10-27 10:33:00,1.28906,1.288855,1.288855,1.289125
2017-10-27 10:34:00,1.28888,1.289035,1.28862,1.289035
2017-10-27 10:35:00,1.28831,1.288885,1.288305,1.2889
2017-10-27 10:36:00,1.28847,1.288305,1.288265,1.288585
2017-10-27 10:37:00,1.288555,1.288465,1.28843,1.28875
2017-10-27 10:38:00,1.28887,1.288545,1.288485,1.28914
2017-10-27 10:39:00,1.288815,1.288855,1.288685,1.288935
2017-10-27 10:40:00,1.28845,1.28883,1.28845,1.28901
2017-10-27 10:41:00,1.288625,1.288505,1.28821,1.288625
2017-10-27 10:42:00,1.288445,1.288645,1.28838,1.288645
2017-10-27 10:43:00,1.288035,1.28845,1.28802,1.288455
2017-10-27 10:44:00,1.287525,1.28809,1.287525,1.288355
2017-10-27 10:45:00,1.286955,1.287525,1.286955,1.28754
2017-10-27 10:46:00,1.28715,1.287005,1.28692,1.28726
2017-10-27 10:47:00,1.28717,1.287205,1.287105,1.28743
2017-10-27 10:48:00,1.28699,1.28712,1.28681,1.28713
2017-10-27 10:49:00,1.28728,1.287015,1.286875,1.28759
2017-10-27 10:50:00,1.28738,1.28726,1.28724,1.287445
2017-10-27 10:51:00,1.28777,1.28739,1.287385,1.28777
2017-10-27 10:52:00,1.287895,1.287795,1.28745,1.287955
2017-10-27 10:53:00,1.28773,1.28785,1.287665,1.28785
2017-10-27 10:54:00,1.287725,1.28773,1.28766,1.287775
2017-10-27 10:55:00,1.287735,1.28772,1.287715,1.287935
2017-10-27 10:56:00,1.287835,1.28772,1.2876,1.28791
2017-10-27 10:57:00,1.28786,1.28782,1.28773,1.28795
2017-10-27 10:58:00,1.28835,1.287865,1.287845,1.28841
2017-10-27 10:59:00,1.288635,1.28835,1.288275,1.288775
2017-10-27 11:00:00,1.288925,1.28864,1.288475,1.28909
2017-10-27 11:01:00,1.28896,1.28887,1.288755,1.288995
2017-10-27 11:02:00,1.289255,1.289,1.288995,1.289325
2017-10-27 11:03:00,1.28914,1.289285,1.28907,1.289385
2017-10-27 11:04:00,1.28887,1.289135,1.288835,1.28925
2017-10-27 11:05:00,1.288855,1.288875,1.288695,1.28891
2017-10-27 11:06:00,1.28925,1.28885,1.288785,1.289345
2017-10-27 11:07:00,1.288655,1.28925,1.28865,1.289265
2017-10-27 11:08:00,1.28864,1.2886,1.28847,1.288795
2017-10-27 11:09:00,1.288545,1.28864,1.28838,1.28882
2017-10-27 11:10:00,1.288435,1.28854,1.28821,1.28856
2017-10-27 11:11:00,1.28839,1.288435,1.288185,1.28851
2017-10-27 11:12:00,1.288085,1.288445,1.288065,1.28847
2017-10-27 11:13:00,1.288365,1.28814,1.287895,1.288365
2017-10-27 11:14:00,1.288115,1.28837,1.28791,1.28837
2017-10-27 11:15:00,1.287905,1.288105,1.2879,1.28818
2017-10-27 11:16:00,1.287755,1.28791,1.28774,1.287985
2017-10-27 11:17:00,1.28788,1.28775,1.28746,1.287915
2017-10-27 11:18:00,1.287725,1.28788,1.28763,1.287945
2017-10-27 11:19:00,1.287615,1.287725,1.28746,1.28779
2017-10-27 11:20:00,1.287505,1.287615,1.287505,1.2878
2017-10-27 11:21:00,1.2874,1.287445,1.287365,1.28774
2017-10-27 11:22:00,1.287025,1.28745,1.28702,1.2876
2017-10-27 11:23:00,1.28711,1.287075,1.286985,1.287195
2017-10-27 11:24:00,1.286845,1.287115,1.28682,1.28712
2017-10-27 11:25:00,1.286735,1.286865,1.286695,1.287005
2017-10-27 11:26:00,1.286695,1.28673,1.28664,1.28688
2017-10-27 11:27:00,1.286955,1.286685,1.286685,1.287055
2017-10-27 11:28:00,1.286935,1.28697,1.286905,1.287045
2017-10-27 11:29:00,1.28652,1.286945,1.28651,1.286955
2017-10-27 11:30:00,1.286745,1.286505,1.286505,1.286815
2017-10-27 11:31:00,1.286795,1.28676,1.286735,1.28689
2017-10-27 11:32:00,1.286815,1.28679,1.286725,1.286855
2017-10-27 11:33:00,1.286965,1.28683,1.28681,1.28701
2017-10-27 11:34:00,1.287145,1.28699,1.28699,1.287215
2017-10-27 11:35:00,1.28738,1.28715,1.287115,1.28738
2017-10-27 11:36:00,1.28727,1.287375,1.287265,1.287395
2017-10-27 11:37:00,1.287245,1.287275,1.287245,1.28748
2017-10-27 11:38:00,1.28692,1.28726,1.286905,1.287265
2017-10-27 11:39:00,1.287275,1.28695,1.28695,1.287275
2017-10-27 11:40:00,1.28736,1.28727,1.287265,1.287385
2017-10-27 11:41:00,1.28743,1.287355,1.287265,1.287435
2017-10-27 11:42:00,1.28751,1.28744,1.28736,1.287525
2017-10-27 11:43:00,1.28752,1.287455,1.287415,1.28755
2017-10-27 11:44:00,1.2874,1.287525,1.28739,1.287585
2017-10-27 11:45:00,1.28741,1.2874,1.287395,1.2875
2017-10-27 11:46:00,1.287375,1.287405,1.28726,1.287415
2017-10-27 11:47:00,1.287515,1.287365,1.287355,1.287635
2017-10-27 11:48:00,1.287295,1.28751,1.287295,1.287565
2017-10-27 11:49:00,1.286995,1.28727,1.286995,1.28727
2017-10-27 11:50:00,1.287175,1.286995,1.286995,1.28721
2017-10-27 11:51:00,1.287165,1.28715,1.287075,1.28719
2017-10-27 11:52:00,1.287255,1.28715,1.28715,1.287305
2017-10-27 11:53:00,1.287,1.287245,1.287,1.287305
2017-10-27 11:54:00,1.287155,1.28705,1.28696,1.28717
2017-10-27 11:55:00,1.28732,1.28715,1.28715,1.28739
2017-10-27 11:56:00,1.28731,1.28731,1.287265,1.28737
2017-10-27 11:57:00,1.287195,1.287335,1.287195,1.28743
2017-10-27 11:58:00,1.28699,1.28719,1.286985,1.287205
2017-10-27 11:59:00,1.287065,1.286985,1.28695,1.287105
2017-10-27 12:00:00,1.287295,1.287065,1.28706,1.2873
2017-10-27 12:01:00,1.287215,1.28729,1.287035,1.28729
2017-10-27 12:02:00,1.287265,1.28722,1.28722,1.287375
2017-10-27 12:03:00,1.28716,1.28721,1.28714,1.287285
2017-10-27 12:04:00,1.287295,1.287155,1.28715,1.28742
2017-10-27 12:05:00,1.287425,1.2873,1.287275,1.287425
2017-10-27 12:06:00,1.287275,1.28744,1.287245,1.28744
2017-10-27 12:07:00,1.28728,1.287245,1.2872,1.28728
2017-10-27 12:08:00,1.28698,1.28726,1.28698,1.287315
2017-10-27 12:09:00,1.287165,1.28692,1.286915,1.28717
2017-10-27 12:10:00,1.287265,1.28717,1.28714,1.28727
2017-10-27 12:11:00,1.287115,1.28727,1.28711,1.28731
2017-10-27 12:12:00,1.287005,1.2871,1.286955,1.2871
2017-10-27 12:13:00,1.287065,1.28706,1.28705,1.2871
2017-10-27 12:14:00,1.28698,1.287085,1.28696,1.28714
2017-10-27 12:15:00,1.28719,1.286975,1.286945,1.28721
2017-10-27 12:16:00,1.287205,1.287185,1.28718,1.28731
2017-10-27 12:17:00,1.28702,1.28718,1.286995,1.28724
2017-10-27 12:18:00,1.28705,1.28697,1.286965,1.28712
2017-10-27 12:19:00,1.28714,1.28706,1.28706,1.28718
2017-10-27 12:20:00,1.287335,1.287145,1.28714,1.287355
2017-10-27 12:21:00,1.28739,1.28728,1.287265,1.28739
2017-10-27 12:22:00,1.287395,1.28744,1.28732,1.287445
2017-10-27 12:23:00,1.28742,1.2874,1.287385,1.28744
2017-10-27 12:24:00,1.28741,1.28737,1.287335,1.28741
2017-10-27 12:25:00,1.28734,1.287385,1.287325,1.28743
2017-10-27 12:26:00,1.28734,1.287335,1.287315,1.28736
2017-10-27 12:27:00,1.28728,1.287335,1.28728,1.287365
2017-10-27 12:28:00,1.287275,1.2873,1.287215,1.28734
2017-10-27 12:29:00,1.28731,1.287335,1.28729,1.287355
2017-10-27 12:30:00,1.2872,1.28729,1.2872,1.2873
2017-10-27 12:31:00,1.287305,1.287205,1.287205,1.28731
2017-10-27 12:32:00,1.287325,1.287305,1.287305,1.287375
2017-10-27 12:33:00,1.28733,1.28738,1.2873,1.28738
2017-10-27 12:34:00,1.287385,1.28727,1.28725,1.28739
2017-10-27 12:35:00,1.28734,1.287435,1.287295,1.28746
2017-10-27 12:36:00,1.28742,1.287355,1.28733,1.28743
2017-10-27 12:37:00,1.28738,1.2874,1.287355,1.287405
2017-10-27 12:38:00,1.287375,1.287375,1.287355,1.287405
2017-10-27 12:39:00,1.28729,1.28738,1.287235,1.287385
2017-10-27 12:40:00,1.287285,1.287285,1.287215,1.287345
2017-10-27 12:41:00,1.287045,1.2873,1.287035,1.2873
2017-10-27 12:42:00,1.28708,1.286995,1.28693,1.28712
2017-10-27 12:43:00,1.28697,1.28708,1.28692,1.287125
2017-10-27 12:44:00,1.286985,1.28699,1.28697,1.28701
2017-10-27 12:45:00,1.28701,1.286935,1.286905,1.28701
2017-10-27 12:46:00,1.287115,1.28705,1.28704,1.287115
2017-10-27 12:47:00,1.28713,1.28717,1.287125,1.28719
2017-10-27 12:48:00,1.287225,1.28718,1.287085,1.28727
2017-10-27 12:49:00,1.28712,1.28722,1.28712,1.287225
2017-10-27 12:50:00,1.28707,1.287065,1.28705,1.287105
2017-10-27 12:51:00,1.28716,1.287075,1.28707,1.287175
2017-10-27 12:52:00,1.287235,1.287165,1.28713,1.287235
2017-10-27 12:53:00,1.28721,1.28723,1.287125,1.28726
2017-10-27 12:54:00,1.28721,1.28726,1.28713,1.28727
2017-10-27 12:55:00,1.28732,1.287265,1.28726,1.28736
2017-10-27 12:56:00,1.28727,1.287295,1.28714,1.287305
2017-10-27 12:57:00,1.287335,1.28727,1.28726,1.28738
2017-10-27 12:58:00,1.287335,1.28734,1.287325,1.28739
2017-10-27 12:59:00,1.28726,1.28735,1.287205,1.28735
2017-10-27 13:00:00,1.28733,1.287275,1.28721,1.287365
2017-10-27 13:01:00,1.287275,1.287305,1.28723,1.287315
2017-10-27 13:02:00,1.28738,1.287275,1.287275,1.287405
2017-10-27 13:03:00,1.287335,1.287435,1.287325,1.28744
2017-10-27 13:04:00,1.287435,1.28738,1.28738,1.287475
2017-10-27 13:05:00,1.287335,1.28745,1.287325,1.287455
2017-10-27 13:06:00,1.28728,1.287315,1.287245,1.287335
2017-10-27 13:07:00,1.287295,1.287285,1.28726,1.28732
2017-10-27 13:08:00,1.287395,1.287305,1.28729,1.2874
2017-10-27 13:09:00,1.28738,1.287395,1.28738,1.287425
2017-10-27 13:10:00,1.287465,1.28739,1.28738,1.287495
2017-10-27 13:11:00,1.287545,1.28747,1.28744,1.287605
2017-10-27 13:12:00,1.28753,1.287555,1.287475,1.287575
2017-10-27 13:13:00,1.287405,1.287525,1.287345,1.287535
2017-10-27 13:14:00,1.28711,1.28735,1.28711,1.28736
2017-10-27 13:15:00,1.28705,1.287135,1.28699,1.28718
2017-10-27 13:16:00,1.287075,1.28706,1.287035,1.2871
2017-10-27 13:17:00,1.28704,1.287075,1.286975,1.287075
2017-10-27 13:18:00,1.287035,1.287095,1.28702,1.28711
2017-10-27 13:19:00,1.286965,1.28702,1.28695,1.28703
2017-10-27 13:20:00,1.287025,1.28694,1.28694,1.28703
2017-10-27 13:21:00,1.28685,1.287025,1.286845,1.287025
2017-10-27 13:22:00,1.286825,1.28685,1.286625,1.28687
2017-10-27 13:23:00,1.28666,1.286815,1.28666,1.286845
2017-10-27 13:24:00,1.286635,1.28664,1.286605,1.286645
2017-10-27 13:25:00,1.28657,1.286635,1.286465,1.28664
2017-10-27 13:26:00,1.286575,1.286575,1.286565,1.286615
2017-10-27 13:27:00,1.286375,1.28657,1.286365,1.28657
2017-10-27 13:28:00,1.28641,1.28638,1.286365,1.28644
2017-10-27 13:29:00,1.286465,1.286465,1.28639,1.286485
2017-10-27 13:30:00,1.286485,1.286465,1.286455,1.286525
2017-10-27 13:31:00,1.286385,1.28654,1.28637,1.286575
2017-10-27 13:32:00,1.28648,1.28638,1.28638,1.286555
2017-10-27 13:33:00,1.286565,1.286475,1.28641,1.286565
2017-10-27 13:34:00,1.285945,1.286545,1.285945,1.286545
2017-10-27 13:35:00,1.285935,1.285945,1.28589,1.286025
2017-10-27 13:36:00,1.286025,1.28596,1.285935,1.28609
2017-10-27 13:37:00,1.28622,1.286045,1.285985,1.286255
2017-10-27 13:38:00,1.28621,1.2862,1.286185,1.28622
2017-10-27 13:39:00,1.28616,1.28622,1.286115,1.286245
2017-10-27 13:40:00,1.286185,1.286215,1.286185,1.28626
2017-10-27 13:41:00,1.286355,1.28625,1.28625,1.286415
2017-10-27 13:42:00,1.28633,1.28636,1.286295,1.28638
2017-10-27 13:43:00,1.286345,1.28638,1.286295,1.2864
2017-10-27 13:44:00,1.286375,1.28634,1.286305,1.28639
2017-10-27 13:45:00,1.286485,1.28644,1.28644,1.286525
2017-10-27 13:46:00,1.286445,1.286535,1.286435,1.28656
2017-10-27 13:47:00,1.28645,1.286455,1.28642,1.286465
2017-10-27 13:48:00,1.286445,1.28644,1.286405,1.286465
2017-10-27 13:49:00,1.28657,1.28644,1.28644,1.28658
2017-10-27 13:50:00,1.28647,1.286545,1.286445,1.286545
2017-10-27 13:51:00,1.286555,1.28647,1.28646,1.286655
2017-10-27 13:52:00,1.286285,1.286495,1.286275,1.286495
2017-10-27 13:53:00,1.286355,1.28629,1.286285,1.28639
2017-10-27 13:54:00,1.286535,1.28635,1.28634,1.286545
2017-10-27 13:55:00,1.28642,1.28653,1.286395,1.28654
2017-10-27 13:56:00,1.286425,1.28643,1.286395,1.286435
2017-10-27 13:57:00,1.28615,1.28642,1.28611,1.28648
2017-10-27 13:58:00,1.286125,1.286205,1.286105,1.28625
2017-10-27 13:59:00,1.286135,1.286115,1.286115,1.28619
2017-10-27 14:00:00,1.2861,1.28611,1.285985,1.286115
2017-10-27 14:01:00,1.28622,1.28608,1.28601,1.28622
2017-10-27 14:02:00,1.286345,1.286285,1.286265,1.286355
2017-10-27 14:03:00,1.28634,1.286335,1.28633,1.28642
2017-10-27 14:04:00,1.285975,1.286335,1.28592,1.286335
2017-10-27 14:05:00,1.286015,1.28604,1.286,1.28609
2017-10-27 14:06:00,1.286035,1.286015,1.285885,1.286035
2017-10-27 14:07:00,1.285885,1.2861,1.285885,1.2861
2017-10-27 14:08:00,1.28564,1.285825,1.285625,1.285925
2017-10-27 14:09:00,1.28505,1.285645,1.28504,1.285645
2017-10-27 14:10:00,1.285175,1.28507,1.28507,1.28519
2017-10-27 14:11:00,1.28577,1.28523,1.28523,1.28594
2017-10-27 14:12:00,1.28569,1.28583,1.285665,1.28587
2017-10-27 14:13:00,1.28557,1.28569,1.285535,1.285695
2017-10-27 14:14:00,1.285625,1.285575,1.28557,1.285645
2017-10-27 14:15:00,1.28558,1.28563,1.285575,1.28564
2017-10-27 14:16:00,1.285465,1.28557,1.28536,1.285575
2017-10-27 14:17:00,1.28553,1.28547,1.285465,1.28553
2017-10-27 14:18:00,1.28554,1.285545,1.28551,1.28563
2017-10-27 14:19:00,1.28548,1.28552,1.28546,1.285545
2017-10-27 14:20:00,1.28534,1.285475,1.28531,1.28548
2017-10-27 14:21:00,1.2856,1.28537,1.28537,1.28562
2017-10-27 14:22:00,1.28564,1.285605,1.28556,1.28569
2017-10-27 14:23:00,1.285765,1.28564,1.285635,1.28577
2017-10-27 14:24:00,1.285495,1.285755,1.285465,1.285765
2017-10-27 14:25:00,1.285775,1.28551,1.285485,1.285785
2017-10-27 14:26:00,1.28581,1.28583,1.28579,1.286005
2017-10-27 14:27:00,1.285875,1.285815,1.28577,1.285875
2017-10-27 14:28:00,1.285905,1.285925,1.285845,1.286105
2017-10-27 14:29:00,1.285895,1.285915,1.285865,1.286105
2017-10-27 14:30:00,1.2859,1.2859,1.285865,1.28597
2017-10-27 14:31:00,1.28583,1.285885,1.285795,1.2859
2017-10-27 14:32:00,1.28583,1.285815,1.285815,1.28583
2017-10-27 14:33:00,1.28561,1.285775,1.285545,1.28578
2017-10-27 14:34:00,1.285635,1.2856,1.285515,1.28565
2017-10-27 14:35:00,1.285475,1.28563,1.285455,1.28563
2017-10-27 14:36:00,1.285695,1.28548,1.28548,1.285695
2017-10-27 14:37:00,1.285675,1.28569,1.28566,1.2857
2017-10-27 14:38:00,1.285575,1.285725,1.28557,1.28583
2017-10-27 14:39:00,1.28563,1.285585,1.285505,1.28563
2017-10-27 14:40:00,1.285715,1.285645,1.28563,1.285735
2017-10-27 14:41:00,1.285875,1.28573,1.28573,1.28588
2017-10-27 14:42:00,1.285765,1.285865,1.28576,1.285865
2017-10-27 14:43:00,1.2857,1.285755,1.2857,1.285835
2017-10-27 14:44:00,1.28575,1.285695,1.285575,1.2858
2017-10-27 14:45:00,1.285725,1.28574,1.285675,1.28575
2017-10-27 14:46:00,1.28553,1.285725,1.28549,1.285725
2017-10-27 14:47:00,1.28531,1.285515,1.2853,1.285525
2017-10-27 14:48:00,1.28535,1.285305,1.285255,1.28536
2017-10-27 14:49:00,1.28543,1.285405,1.285365,1.28553
2017-10-27 14:50:00,1.28552,1.28547,1.28547,1.285545
2017-10-27 14:51:00,1.285265,1.285525,1.285265,1.285535
2017-10-27 14:52:00,1.28519,1.28522,1.285125,1.28522
2017-10-27 14:53:00,1.285145,1.2852,1.285145,1.285285
2017-10-27 14:54:00,1.285165,1.285165,1.285165,1.285165
2017-10-27 14:55:00,1.285125,1.28519,1.285125,1.28533
2017-10-27 14:56:00,1.285195,1.28513,1.285115,1.285245
2017-10-27 14:57:00,1.28478,1.2852,1.28461,1.2852
2017-10-27 14:58:00,1.284825,1.284785,1.28472,1.28487
2017-10-27 14:59:00,1.28477,1.28485,1.28468,1.28496
2017-10-27 15:00:00,1.284975,1.284775,1.28477,1.28501
2017-10-27 15:01:00,1.285105,1.285,1.284915,1.28512
2017-10-27 15:02:00,1.285115,1.285095,1.28504,1.28519
2017-10-27 15:03:00,1.285125,1.285115,1.28509,1.285215
2017-10-27 15:04:00,1.28517,1.285125,1.285115,1.28526
2017-10-27 15:05:00,1.285075,1.28513,1.285045,1.285225
2017-10-27 15:06:00,1.28512,1.285065,1.28503,1.285125
2017-10-27 15:07:00,1.285145,1.285115,1.285115,1.285155
2017-10-27 15:08:00,1.284695,1.28514,1.28453,1.285175
2017-10-27 15:09:00,1.284435,1.28469,1.28441,1.284695
2017-10-27 15:10:00,1.28458,1.284435,1.284435,1.28458
2017-10-27 15:11:00,1.28458,1.28458,1.284475,1.2846
2017-10-27 15:12:00,1.28458,1.284585,1.28458,1.28465
2017-10-27 15:13:00,1.28451,1.284555,1.284485,1.284555
2017-10-27 15:14:00,1.284555,1.284565,1.28452,1.2846
2017-10-27 15:15:00,1.28457,1.28457,1.284475,1.284605
2017-10-27 15:16:00,1.284515,1.28457,1.284495,1.284605
2017-10-27 15:17:00,1.28386,1.284495,1.283855,1.284515
2017-10-27 15:18:00,1.284095,1.28386,1.283645,1.2841
2017-10-27 15:19:00,1.284235,1.28408,1.28408,1.284255
2017-10-27 15:20:00,1.284095,1.28424,1.284085,1.28436
2017-10-27 15:21:00,1.28416,1.284035,1.284005,1.28425
2017-10-27 15:22:00,1.283965,1.28416,1.283965,1.284165
2017-10-27 15:23:00,1.283835,1.28395,1.28379,1.28395
2017-10-27 15:24:00,1.283815,1.28378,1.283745,1.2839
2017-10-27 15:25:00,1.28369,1.283825,1.28356,1.283825
2017-10-27 15:26:00,1.28369,1.2837,1.28365,1.2837
2017-10-27 15:27:00,1.28361,1.2837,1.28361,1.283715
2017-10-27 15:28:00,1.283495,1.283625,1.28349,1.283625
2017-10-27 15:29:00,1.283435,1.283495,1.28331,1.283515
2017-10-27 15:30:00,1.283355,1.283465,1.283355,1.28349
2017-10-27 15:31:00,1.28328,1.28341,1.283265,1.283425
2017-10-27 15:32:00,1.283075,1.28329,1.28307,1.283305
2017-10-27 15:33:00,1.28301,1.283065,1.28301,1.283145
2017-10-27 15:34:00,1.28314,1.283025,1.283025,1.28322
2017-10-27 15:35:00,1.28322,1.283145,1.283145,1.283255
2017-10-27 15:36:00,1.283195,1.28323,1.28313,1.283285
2017-10-27 15:37:00,1.28317,1.2832,1.28315,1.283215
2017-10-27 15:38:00,1.283125,1.283225,1.283125,1.28324
2017-10-27 15:39:00,1.28302,1.283075,1.283015,1.283075
2017-10-27 15:40:00,1.28299,1.28301,1.282985,1.283095
2017-10-27 15:41:00,1.282945,1.28293,1.282745,1.282995
2017-10-27 15:42:00,1.28305,1.28289,1.28289,1.28306
2017-10-27 15:43:00,1.282885,1.28305,1.282885,1.28305
2017-10-27 15:44:00,1.28287,1.28286,1.28286,1.28291
2017-10-27 15:45:00,1.28284,1.28289,1.28283,1.28289
2017-10-27 15:46:00,1.282935,1.282835,1.282835,1.282935
2017-10-27 15:47:00,1.28259,1.28294,1.28259,1.28296
2017-10-27 15:48:00,1.28264,1.28261,1.28257,1.2827
2017-10-27 15:49:00,1.282665,1.28265,1.282645,1.282665
2017-10-27 15:50:00,1.282665,1.28265,1.282645,1.282665
2017-10-27 15:51:00,1.28268,1.282675,1.282665,1.28273
2017-10-27 15:52:00,1.28268,1.282675,1.282665,1.28273
2017-10-27 15:53:00,1.28268,1.2827,1.28265,1.28271
2017-10-27 15:54:00,1.282745,1.282625,1.282595,1.282745
2017-10-27 15:55:00,1.282795,1.28274,1.28271,1.28282
2017-10-27 15:56:00,1.2827,1.28279,1.282695,1.28279
2017-10-27 15:57:00,1.282555,1.2827,1.282515,1.2827
2017-10-27 15:58:00,1.2827,1.282535,1.28252,1.2827
2017-10-27 15:59:00,1.282805,1.28276,1.282695,1.282815
2017-10-27 16:00:00,1.28286,1.2828,1.282735,1.28296
2017-10-27 16:01:00,1.282665,1.282835,1.282565,1.282835
2017-10-27 16:02:00,1.283015,1.282665,1.2826,1.283045
2017-10-27 16:03:00,1.28306,1.28308,1.283,1.283085
2017-10-27 16:04:00,1.282975,1.28306,1.282965,1.28307
2017-10-27 16:05:00,1.282885,1.282955,1.28284,1.282955
2017-10-27 16:06:00,1.28275,1.28287,1.28273,1.282915
2017-10-27 16:07:00,1.28271,1.28275,1.282635,1.282755
2017-10-27 16:08:00,1.28268,1.2827,1.28267,1.28272
2017-10-27 16:09:00,1.282665,1.282695,1.282665,1.28271
2017-10-27 16:10:00,1.282525,1.282615,1.282525,1.28262
2017-10-27 16:11:00,1.282595,1.28258,1.282575,1.28262
2017-10-27 16:12:00,1.282595,1.28258,1.282575,1.28262
2017-10-27 16:13:00,1.282525,1.282575,1.282525,1.282575
2017-10-27 16:14:00,1.282495,1.2825,1.282475,1.28257
2017-10-27 16:15:00,1.282575,1.28251,1.282505,1.282655
2017-10-27 16:16:00,1.28254,1.28257,1.282535,1.28259
2017-10-27 16:17:00,1.28258,1.282515,1.282515,1.28261
2017-10-27 16:18:00,1.282445,1.28256,1.28244,1.282575
2017-10-27 16:19:00,1.282445,1.28245,1.28242,1.282455
2017-10-27 16:20:00,1.28243,1.28245,1.28238,1.28245
2017-10-27 16:21:00,1.28249,1.282485,1.28248,1.28249
2017-10-27 16:22:00,1.28249,1.28249,1.282485,1.282495
2017-10-27 16:23:00,1.28245,1.28249,1.28245,1.282495
2017-10-27 16:24:00,1.28245,1.28249,1.28245,1.282495
2017-10-27 16:25:00,1.282575,1.28242,1.28242,1.28258
2017-10-27 16:26:00,1.282505,1.28257,1.28248,1.282635
2017-10-27 16:27:00,1.282595,1.282515,1.28251,1.28275
2017-10-27 16:28:00,1.282605,1.28262,1.282585,1.28267
2017-10-27 16:29:00,1.282595,1.282635,1.28256,1.282645
2017-10-27 16:30:00,1.28258,1.282605,1.28249,1.282625
2017-10-27 16:31:00,1.282565,1.28258,1.28253,1.28263
2017-10-27 16:32:00,1.282575,1.282565,1.28252,1.28261
2017-10-27 16:33:00,1.28252,1.28251,1.282405,1.28254
2017-10-27 16:34:00,1.28252,1.28252,1.28248,1.282565
2017-10-27 16:35:00,1.282585,1.282535,1.282535,1.282625
2017-10-27 16:36:00,1.282585,1.28261,1.28253,1.28264
2017-10-27 16:37:00,1.282215,1.28256,1.282185,1.28261
2017-10-27 16:38:00,1.282215,1.282225,1.28211,1.28233
2017-10-27 16:39:00,1.282215,1.282205,1.28218,1.28224
2017-10-27 16:40:00,1.282115,1.28222,1.282055,1.28224
2017-10-27 16:41:00,1.28205,1.282125,1.28203,1.282155
2017-10-27 16:42:00,1.28175,1.282115,1.28171,1.282115
2017-10-27 16:43:00,1.281785,1.281755,1.28166,1.28179
2017-10-27 16:44:00,1.28189,1.28178,1.281765,1.281905
2017-10-27 16:45:00,1.281635,1.281895,1.281585,1.28194
2017-10-27 16:46:00,1.281775,1.281635,1.281565,1.28188
2017-10-27 16:47:00,1.28166,1.281755,1.28149,1.28176
2017-10-27 16:48:00,1.281705,1.28167,1.281645,1.28176
2017-10-27 16:49:00,1.28158,1.281705,1.281495,1.281815
2017-10-27 16:50:00,1.28185,1.281575,1.28157,1.28187
2017-10-27 16:51:00,1.28174,1.281855,1.28165,1.28186
2017-10-27 16:52:00,1.2818,1.281745,1.28171,1.281865
2017-10-27 16:53:00,1.281605,1.281795,1.281605,1.281845
2017-10-27 16:54:00,1.28169,1.28157,1.28156,1.281715
2017-10-27 16:55:00,1.281765,1.281705,1.281695,1.2818
2017-10-27 16:56:00,1.28185,1.281745,1.281725,1.28194
2017-10-27 16:57:00,1.28152,1.281855,1.28152,1.28188
2017-10-27 16:58:00,1.281215,1.281555,1.281025,1.281705
2017-10-29 17:04:00,1.282085,1.281935,1.281935,1.282085
2017-10-29 17:05:00,1.282085,1.281935,1.281935,1.282085
2017-10-29 17:06:00,1.28213,1.28213,1.28213,1.28213
2017-10-29 17:07:00,1.28213,1.28213,1.28213,1.28213
2017-10-29 17:08:00,1.28213,1.28213,1.28213,1.28213
2017-10-29 17:09:00,1.28213,1.28213,1.28213,1.28213
2017-10-29 17:10:00,1.282085,1.282085,1.282085,1.282085
2017-10-29 17:11:00,1.282085,1.282085,1.282085,1.282085
2017-10-29 17:12:00,1.282085,1.282085,1.282085,1.282085
2017-10-29 17:13:00,1.282085,1.282085,1.282085,1.282085
2017-10-29 17:14:00,1.282085,1.282085,1.282085,1.282085
2017-10-29 17:15:00,1.282085,1.282085,1.282085,1.282085
2017-10-29 17:16:00,1.282085,1.282085,1.282085,1.282085
2017-10-29 17:17:00,1.282085,1.282085,1.282085,1.282085
2017-10-29 17:18:00,1.282085,1.282085,1.282085,1.282085
2017-10-29 17:19:00,1.282085,1.282085,1.282085,1.282085
2017-10-29 17:20:00,1.282085,1.282085,1.282085,1.282085
2017-10-29 17:21:00,1.282085,1.282085,1.282085,1.282085
2017-10-29 17:22:00,1.282085,1.282085,1.282085,1.282085
2017-10-29 17:23:00,1.28227,1.282265,1.28226,1.282275
2017-10-29 17:24:00,1.28227,1.282265,1.28226,1.282275
2017-10-29 17:25:00,1.282085,1.282265,1.282085,1.28227
2017-10-29 17:26:00,1.282085,1.282265,1.282085,1.28227
2017-10-29 17:27:00,1.282085,1.282265,1.282085,1.28227
2017-10-29 17:28:00,1.282085,1.282265,1.282085,1.28227
2017-10-29 17:29:00,1.282085,1.282265,1.282085,1.28227
2017-10-29 17:30:00,1.282085,1.282265,1.282085,1.28227
2017-10-29 17:31:00,1.282085,1.282265,1.282085,1.28227
2017-10-29 17:32:00,1.282085,1.282265,1.282085,1.28227
2017-10-29 17:33:00,1.282085,1.282265,1.282085,1.28227
2017-10-29 17:34:00,1.282085,1.282265,1.282085,1.28227
2017-10-29 17:35:00,1.282085,1.282265,1.282085,1.28227
2017-10-29 17:36:00,1.282085,1.282265,1.282085,1.28227
2017-10-29 17:37:00,1.282085,1.282265,1.282085,1.28227
2017-10-29 17:38:00,1.282045,1.282045,1.282045,1.282045
2017-10-29 17:39:00,1.281855,1.281855,1.281845,1.281885
2017-10-29 17:40:00,1.281865,1.281865,1.28184,1.281875
2017-10-29 17:41:00,1.281865,1.28188,1.281865,1.28189
2017-10-29 17:42:00,1.281875,1.281875,1.281875,1.281875
2017-10-29 17:43:00,1.28191,1.281875,1.281845,1.282095
2017-10-29 17:44:00,1.281915,1.281915,1.28191,1.28192
2017-10-29 17:45:00,1.281915,1.281915,1.281915,1.281915
2017-10-29 17:46:00,1.282195,1.28192,1.28192,1.282195
2017-10-29 17:47:00,1.282195,1.28192,1.28192,1.282195
2017-10-29 17:48:00,1.282195,1.28192,1.28192,1.282195
2017-10-29 17:49:00,1.282195,1.28192,1.28192,1.282195
2017-10-29 17:50:00,1.282195,1.28192,1.28192,1.282195
2017-10-29 17:51:00,1.282195,1.28192,1.28192,1.282195
2017-10-29 17:52:00,1.282195,1.28192,1.28192,1.282195
2017-10-29 17:53:00,1.28249,1.282235,1.282235,1.282495
2017-10-29 17:54:00,1.282465,1.28225,1.28221,1.282475
2017-10-29 17:55:00,1.282505,1.282505,1.282505,1.282505
2017-10-29 17:56:00,1.282475,1.28224,1.282235,1.282475
2017-10-29 17:57:00,1.282,1.282195,1.281935,1.282245
2017-10-29 17:58:00,1.28204,1.28202,1.281995,1.28206
2017-10-29 17:59:00,1.28217,1.282035,1.282005,1.282195
2017-10-29 18:00:00,1.281845,1.282,1.281845,1.282135
2017-10-29 18:01:00,1.282285,1.281845,1.28184,1.282395
2017-10-29 18:02:00,1.28239,1.28233,1.282225,1.28239
2017-10-29 18:03:00,1.282565,1.282605,1.28234,1.282665
2017-10-29 18:04:00,1.282515,1.28254,1.282445,1.282555
2017-10-29 18:05:00,1.282685,1.282585,1.282445,1.282685
2017-10-29 18:06:00,1.282645,1.28272,1.28256,1.28275
2017-10-29 18:07:00,1.282625,1.28267,1.282585,1.28267
2017-10-29 18:08:00,1.282595,1.282595,1.282595,1.282595
2017-10-29 18:09:00,1.282495,1.28257,1.282485,1.282595
2017-10-29 18:10:00,1.282555,1.2825,1.282495,1.2827
2017-10-29 18:11:00,1.28275,1.28258,1.282525,1.28275
2017-10-29 18:12:00,1.282865,1.282785,1.282785,1.282915
2017-10-29 18:13:00,1.282845,1.28289,1.28283,1.28295
2017-10-29 18:14:00,1.283085,1.282915,1.282815,1.283115
2017-10-29 18:15:00,1.28331,1.283085,1.28303,1.28332
2017-10-29 18:16:00,1.28324,1.283305,1.283235,1.283315
2017-10-29 18:17:00,1.2832,1.283245,1.2832,1.28328
2017-10-29 18:18:00,1.28313,1.283175,1.283125,1.283195
2017-10-29 18:19:00,1.28312,1.283125,1.28312,1.283175
2017-10-29 18:20:00,1.283195,1.283195,1.283195,1.28325
2017-10-29 18:21:00,1.28327,1.283215,1.2832,1.283275
2017-10-29 18:22:00,1.28318,1.2832,1.283165,1.2832
2017-10-29 18:23:00,1.28314,1.283165,1.28313,1.283175
2017-10-29 18:24:00,1.283105,1.283185,1.283105,1.2832
2017-10-29 18:25:00,1.283045,1.28308,1.283015,1.28313
2017-10-29 18:26:00,1.28311,1.283035,1.283025,1.28311
2017-10-29 18:27:00,1.283045,1.28304,1.28304,1.28305
2017-10-29 18:28:00,1.282895,1.28305,1.28289,1.28305
2017-10-29 18:29:00,1.28296,1.28289,1.28289,1.28297
2017-10-29 18:30:00,1.28299,1.28294,1.28292,1.28299
2017-10-29 18:31:00,1.282955,1.28297,1.282905,1.282975
2017-10-29 18:32:00,1.28307,1.28303,1.28303,1.2831
2017-10-29 18:33:00,1.2829,1.28307,1.2829,1.283105
2017-10-29 18:34:00,1.282935,1.282905,1.28289,1.282935
2017-10-29 18:35:00,1.282935,1.282905,1.28289,1.282935
2017-10-29 18:36:00,1.28281,1.2829,1.282805,1.282905
2017-10-29 18:37:00,1.28286,1.28286,1.28286,1.28286
2017-10-29 18:38:00,1.28288,1.28288,1.28288,1.28288
2017-10-29 18:39:00,1.282865,1.28281,1.28281,1.282865
2017-10-29 18:40:00,1.28293,1.28294,1.28293,1.28296
2017-10-29 18:41:00,1.28291,1.28294,1.28291,1.28295
2017-10-29 18:42:00,1.282635,1.28292,1.28262,1.28293
2017-10-29 18:43:00,1.28262,1.282655,1.28261,1.282665
2017-10-29 18:44:00,1.282615,1.28262,1.282595,1.28264
2017-10-29 18:45:00,1.282745,1.282635,1.282625,1.282745
2017-10-29 18:46:00,1.283,1.28273,1.28272,1.283005
2017-10-29 18:47:00,1.28304,1.283005,1.28298,1.28322
2017-10-29 18:48:00,1.283085,1.283045,1.283045,1.283135
2017-10-29 18:49:00,1.28312,1.28317,1.28309,1.28318
2017-10-29 18:50:00,1.28317,1.283125,1.28312,1.283185
2017-10-29 18:51:00,1.283045,1.2831,1.283025,1.28313
2017-10-29 18:52:00,1.283185,1.283045,1.283045,1.28321
2017-10-29 18:53:00,1.28317,1.283195,1.283145,1.283205
2017-10-29 18:54:00,1.28306,1.283165,1.28306,1.283165
2017-10-29 18:55:00,1.283035,1.283035,1.283035,1.283035
2017-10-29 18:56:00,1.283035,1.283035,1.283035,1.283035
2017-10-29 18:57:00,1.283035,1.283035,1.283035,1.283035
2017-10-29 18:58:00,1.2831,1.283055,1.283055,1.2831
2017-10-29 18:59:00,1.283125,1.283125,1.283125,1.283125
2017-10-29 19:00:00,1.283255,1.2832,1.283185,1.2833
2017-10-29 19:01:00,1.28303,1.283175,1.28295,1.283305
2017-10-29 19:02:00,1.282995,1.283015,1.282995,1.283045
2017-10-29 19:03:00,1.28269,1.28293,1.28263,1.282935
2017-10-29 19:04:00,1.28269,1.28293,1.28263,1.282935
2017-10-29 19:05:00,1.28283,1.282665,1.282665,1.28286
2017-10-29 19:06:00,1.282795,1.282825,1.282795,1.282925
2017-10-29 19:07:00,1.282705,1.28277,1.282695,1.28277
2017-10-29 19:08:00,1.28282,1.282745,1.282745,1.28282
2017-10-29 19:09:00,1.282535,1.2828,1.2822,1.282805
2017-10-29 19:10:00,1.28283,1.28254,1.282535,1.282835
2017-10-29 19:11:00,1.283,1.282785,1.282785,1.28302
2017-10-29 19:12:00,1.28285,1.28302,1.282785,1.28305
2017-10-29 19:13:00,1.28302,1.282865,1.28275,1.28302
2017-10-29 19:14:00,1.282965,1.283045,1.282965,1.283045
2017-10-29 19:15:00,1.28292,1.283025,1.28292,1.283025
2017-10-29 19:16:00,1.28284,1.282925,1.282835,1.282955
2017-10-29 19:17:00,1.28283,1.282835,1.282825,1.282855
2017-10-29 19:18:00,1.282835,1.28284,1.282825,1.28285
2017-10-29 19:19:00,1.2829,1.28284,1.282835,1.2829
2017-10-29 19:20:00,1.282795,1.282875,1.282795,1.282875
2017-10-29 19:21:00,1.28285,1.282865,1.28285,1.28294
2017-10-29 19:22:00,1.28281,1.282775,1.28275,1.28281
2017-10-29 19:23:00,1.28281,1.2828,1.282795,1.28281
2017-10-29 19:24:00,1.28281,1.28281,1.2828,1.28282
2017-10-29 19:25:00,1.28281,1.28283,1.28281,1.282875
2017-10-29 19:26:00,1.282805,1.28281,1.282795,1.28283
2017-10-29 19:27:00,1.282805,1.282805,1.28275,1.28282
2017-10-29 19:28:00,1.28288,1.28281,1.28281,1.28288
2017-10-29 19:29:00,1.28287,1.28288,1.28286,1.282915
2017-10-29 19:30:00,1.28286,1.28281,1.282805,1.28286
2017-10-29 19:31:00,1.28291,1.28293,1.28291,1.28296
2017-10-29 19:32:00,1.28291,1.28293,1.28291,1.28296
2017-10-29 19:33:00,1.28291,1.28293,1.28291,1.28296
2017-10-29 19:34:00,1.28303,1.282935,1.282935,1.28303
2017-10-29 19:35:00,1.28289,1.28297,1.282875,1.282975
2017-10-29 19:36:00,1.28293,1.28293,1.28293,1.28293
2017-10-29 19:37:00,1.28306,1.283,1.28299,1.28306
2017-10-29 19:38:00,1.28291,1.283055,1.28291,1.283055
2017-10-29 19:39:00,1.28296,1.282935,1.282935,1.28296
2017-10-29 19:40:00,1.283075,1.282985,1.282915,1.283075
2017-10-29 19:41:00,1.28304,1.28307,1.28303,1.28308
2017-10-29 19:42:00,1.283035,1.28305,1.283035,1.283075
2017-10-29 19:43:00,1.283035,1.28305,1.283035,1.283075
2017-10-29 19:44:00,1.283025,1.28297,1.282915,1.283025
2017-10-29 19:45:00,1.283025,1.28297,1.282915,1.283025
2017-10-29 19:46:00,1.282985,1.282955,1.282925,1.282985
2017-10-29 19:47:00,1.282905,1.282985,1.2829,1.282995
2017-10-29 19:48:00,1.28299,1.28292,1.28292,1.28299
2017-10-29 19:49:00,1.28293,1.282985,1.28286,1.282995
2017-10-29 19:50:00,1.283025,1.28298,1.282955,1.28307
2017-10-29 19:51:00,1.28312,1.28305,1.282995,1.283135
2017-10-29 19:52:00,1.283175,1.28314,1.28314,1.283315
2017-10-29 19:53:00,1.28324,1.283195,1.28318,1.283245
2017-10-29 19:54:00,1.28317,1.28322,1.28317,1.28322
2017-10-29 19:55:00,1.283255,1.283225,1.283175,1.283255
2017-10-29 19:56:00,1.28326,1.28325,1.28323,1.28326
2017-10-29 19:57:00,1.283145,1.28321,1.283145,1.28321
2017-10-29 19:58:00,1.283175,1.28314,1.28312,1.283175
2017-10-29 19:59:00,1.283175,1.28314,1.28312,1.283175
2017-10-29 20:00:00,1.283125,1.28315,1.283035,1.283165
2017-10-29 20:01:00,1.283045,1.283105,1.28303,1.283135
2017-10-29 20:02:00,1.283095,1.283055,1.28305,1.2831
2017-10-29 20:03:00,1.283075,1.283085,1.283025,1.283095
2017-10-29 20:04:00,1.282995,1.28308,1.282995,1.28308
2017-10-29 20:05:00,1.282875,1.28302,1.282875,1.283055
2017-10-29 20:06:00,1.28286,1.282865,1.282855,1.2829
2017-10-29 20:07:00,1.28323,1.28288,1.282795,1.283235
2017-10-29 20:08:00,1.28319,1.283235,1.283155,1.28335
2017-10-29 20:09:00,1.28327,1.2832,1.283185,1.28332
2017-10-29 20:10:00,1.28321,1.28327,1.28321,1.28328
2017-10-29 20:11:00,1.283025,1.283195,1.28296,1.283235
2017-10-29 20:12:00,1.282905,1.282995,1.28288,1.28302
2017-10-29 20:13:00,1.28291,1.282885,1.282885,1.28293
2017-10-29 20:14:00,1.282935,1.282895,1.28289,1.28294
2017-10-29 20:15:00,1.282965,1.282925,1.28291,1.282985
2017-10-29 20:16:00,1.282905,1.28296,1.282905,1.28296
2017-10-29 20:17:00,1.28305,1.282925,1.282925,1.28306
2017-10-29 20:18:00,1.283115,1.28306,1.283015,1.28313
2017-10-29 20:19:00,1.28301,1.28312,1.283005,1.283135
2017-10-29 20:20:00,1.282855,1.28302,1.282855,1.283055
2017-10-29 20:21:00,1.282675,1.28286,1.28265,1.282945
2017-10-29 20:22:00,1.282685,1.28267,1.28266,1.282705
2017-10-29 20:23:00,1.282935,1.282675,1.28267,1.28294
2017-10-29 20:24:00,1.283075,1.28294,1.28294,1.283105
2017-10-29 20:25:00,1.2831,1.283075,1.283045,1.28313
2017-10-29 20:26:00,1.28312,1.283155,1.283085,1.28316
2017-10-29 20:27:00,1.28322,1.283175,1.283105,1.283225
2017-10-29 20:28:00,1.28315,1.28321,1.283115,1.283225
2017-10-29 20:29:00,1.28323,1.28315,1.28309,1.28323
2017-10-29 20:30:00,1.283245,1.28317,1.28317,1.28326
2017-10-29 20:31:00,1.283335,1.28324,1.28324,1.283345
2017-10-29 20:32:00,1.28332,1.283285,1.28327,1.283335
2017-10-29 20:33:00,1.28335,1.283305,1.28321,1.28337
2017-10-29 20:34:00,1.283155,1.28335,1.28315,1.28335
2017-10-29 20:35:00,1.283155,1.28314,1.28314,1.283185
2017-10-29 20:36:00,1.283095,1.283155,1.283045,1.283155
2017-10-29 20:37:00,1.28329,1.28309,1.28309,1.283295
2017-10-29 20:38:00,1.28325,1.28331,1.28324,1.28335
2017-10-29 20:39:00,1.28329,1.28325,1.283205,1.283295
2017-10-29 20:40:00,1.283155,1.28328,1.283145,1.28328
2017-10-29 20:41:00,1.283175,1.28315,1.28314,1.28318
2017-10-29 20:42:00,1.28318,1.28317,1.28316,1.283185
2017-10-29 20:43:00,1.283135,1.283185,1.283115,1.283255
2017-10-29 20:44:00,1.28314,1.283135,1.283115,1.283175
2017-10-29 20:45:00,1.283135,1.28313,1.28312,1.283145
2017-10-29 20:46:00,1.28306,1.28313,1.28304,1.283135
2017-10-29 20:47:00,1.283085,1.283045,1.283045,1.28312
2017-10-29 20:48:00,1.283025,1.28309,1.283,1.28309
2017-10-29 20:49:00,1.282895,1.28303,1.282805,1.28305
2017-10-29 20:50:00,1.282905,1.282915,1.2829,1.282955
2017-10-29 20:51:00,1.282715,1.282905,1.282645,1.28291
2017-10-29 20:52:00,1.282695,1.282685,1.282645,1.28276
2017-10-29 20:53:00,1.28291,1.282715,1.282715,1.28293
2017-10-29 20:54:00,1.28312,1.282905,1.282895,1.28317
2017-10-29 20:55:00,1.28302,1.28312,1.28302,1.28317
2017-10-29 20:56:00,1.28303,1.283015,1.28285,1.283115
2017-10-29 20:57:00,1.282945,1.283035,1.282915,1.283045
2017-10-29 20:58:00,1.28289,1.282925,1.28289,1.28293
2017-10-29 20:59:00,1.28273,1.282895,1.282715,1.282905
2017-10-29 21:00:00,1.282555,1.282725,1.282525,1.28273
2017-10-29 21:01:00,1.28279,1.2825,1.282495,1.282795
2017-10-29 21:02:00,1.282785,1.28278,1.282725,1.282855
2017-10-29 21:03:00,1.28267,1.282835,1.282665,1.282835
2017-10-29 21:04:00,1.282745,1.282675,1.28267,1.28287
2017-10-29 21:05:00,1.282905,1.28269,1.28264,1.282925
2017-10-29 21:06:00,1.28303,1.282955,1.282955,1.28307
2017-10-29 21:07:00,1.282995,1.28303,1.282985,1.283075
2017-10-29 21:08:00,1.283035,1.282975,1.282975,1.28307
2017-10-29 21:09:00,1.282995,1.283085,1.28299,1.2831
2017-10-29 21:10:00,1.282885,1.283055,1.282885,1.28309
2017-10-29 21:11:00,1.28284,1.28287,1.2828,1.282895
2017-10-29 21:12:00,1.28282,1.28287,1.28282,1.28287
2017-10-29 21:13:00,1.28253,1.282805,1.28253,1.28285
2017-10-29 21:14:00,1.2828,1.282535,1.28253,1.2828
2017-10-29 21:15:00,1.282705,1.282795,1.28266,1.282795
2017-10-29 21:16:00,1.2827,1.282715,1.282645,1.282805
2017-10-29 21:17:00,1.28267,1.282695,1.28266,1.282705
2017-10-29 21:18:00,1.282685,1.28265,1.282575,1.282695
2017-10-29 21:19:00,1.282625,1.28268,1.282625,1.28269
2017-10-29 21:20:00,1.282575,1.28262,1.28255,1.28262
2017-10-29 21:21:00,1.282545,1.2826,1.282545,1.28262
2017-10-29 21:22:00,1.282495,1.28255,1.282475,1.28256
2017-10-29 21:23:00,1.28265,1.282495,1.282475,1.282655
2017-10-29 21:24:00,1.28258,1.282705,1.28258,1.28275
2017-10-29 21:25:00,1.28259,1.28262,1.28259,1.282635
2017-10-29 21:26:00,1.282365,1.282565,1.282325,1.282605
2017-10-29 21:27:00,1.28238,1.282375,1.28235,1.28247
2017-10-29 21:28:00,1.28238,1.282375,1.28235,1.28247
2017-10-29 21:29:00,1.282315,1.282365,1.28231,1.28246
2017-10-29 21:30:00,1.282245,1.28231,1.28224,1.282355
2017-10-29 21:31:00,1.281975,1.282225,1.2819,1.28223
2017-10-29 21:32:00,1.282075,1.28192,1.281915,1.282095
2017-10-29 21:33:00,1.28218,1.282095,1.282095,1.282235
2017-10-29 21:34:00,1.28214,1.282195,1.28212,1.28222
2017-10-29 21:35:00,1.282235,1.282155,1.282145,1.28228
2017-10-29 21:36:00,1.282175,1.282205,1.28214,1.282225
2017-10-29 21:37:00,1.28216,1.282185,1.282155,1.28221
2017-10-29 21:38:00,1.28239,1.282175,1.28217,1.28242
2017-10-29 21:39:00,1.282355,1.282395,1.28234,1.282395
2017-10-29 21:40:00,1.282385,1.282365,1.28234,1.282505
2017-10-29 21:41:00,1.28244,1.282385,1.282385,1.282465
2017-10-29 21:42:00,1.282575,1.28245,1.28243,1.28263
2017-10-29 21:43:00,1.282695,1.282575,1.28257,1.282735
2017-10-29 21:44:00,1.28272,1.28269,1.28269,1.282795
2017-10-29 21:45:00,1.282725,1.28273,1.28271,1.28279
2017-10-29 21:46:00,1.282525,1.2827,1.28249,1.282705
2017-10-29 21:47:00,1.28258,1.28253,1.28251,1.282655
2017-10-29 21:48:00,1.2825,1.282585,1.2825,1.28259
2017-10-29 21:49:00,1.282425,1.282555,1.28241,1.28257
2017-10-29 21:50:00,1.28242,1.282375,1.282345,1.282435
2017-10-29 21:51:00,1.28237,1.282415,1.28234,1.28243
2017-10-29 21:52:00,1.28234,1.282375,1.282335,1.282395
2017-10-29 21:53:00,1.28231,1.28232,1.28231,1.28233
2017-10-29 21:54:00,1.282255,1.28232,1.282255,1.28232
2017-10-29 21:55:00,1.28228,1.28225,1.28223,1.282315
2017-10-29 21:56:00,1.28202,1.282265,1.28202,1.282325
2017-10-29 21:57:00,1.28219,1.282075,1.28206,1.28219
2017-10-29 21:58:00,1.28218,1.282185,1.282165,1.282215
2017-10-29 21:59:00,1.28216,1.282175,1.282035,1.282195
2017-10-29 22:00:00,1.28238,1.282165,1.282155,1.28238
2017-10-29 22:01:00,1.2823,1.282405,1.28229,1.282475
2017-10-29 22:02:00,1.282305,1.282295,1.28227,1.28231
2017-10-29 22:03:00,1.282305,1.28229,1.282275,1.28232
2017-10-29 22:04:00,1.282285,1.28229,1.282275,1.28234
2017-10-29 22:05:00,1.282175,1.2823,1.28217,1.2823
2017-10-29 22:06:00,1.28207,1.28219,1.28203,1.282235
2017-10-29 22:07:00,1.28216,1.282065,1.281995,1.282175
2017-10-29 22:08:00,1.282295,1.28216,1.28216,1.282315
2017-10-29 22:09:00,1.282365,1.2823,1.282295,1.282365
2017-10-29 22:10:00,1.28221,1.282315,1.28218,1.28234
2017-10-29 22:11:00,1.2822,1.2822,1.282165,1.28223
2017-10-29 22:12:00,1.28229,1.282205,1.282195,1.28229
2017-10-29 22:13:00,1.28235,1.28235,1.28235,1.28235
2017-10-29 22:14:00,1.28243,1.282405,1.28239,1.28245
2017-10-29 22:15:00,1.282475,1.282425,1.28242,1.282485
2017-10-29 22:16:00,1.28233,1.28248,1.28233,1.282545
2017-10-29 22:17:00,1.282275,1.28235,1.28223,1.282375
2017-10-29 22:18:00,1.28237,1.282285,1.282285,1.2824
2017-10-29 22:19:00,1.28241,1.28237,1.282365,1.282425
2017-10-29 22:20:00,1.28242,1.28241,1.28235,1.282425
2017-10-29 22:21:00,1.2825,1.282415,1.282415,1.282505
2017-10-29 22:22:00,1.28264,1.28253,1.28253,1.28266
2017-10-29 22:23:00,1.282615,1.282645,1.28259,1.28266
2017-10-29 22:24:00,1.282535,1.28256,1.28253,1.28257
2017-10-29 22:25:00,1.282665,1.282535,1.282535,1.28269
2017-10-29 22:26:00,1.282655,1.28267,1.282635,1.28268
2017-10-29 22:27:00,1.28266,1.28265,1.28264,1.28267
2017-10-29 22:28:00,1.28264,1.282665,1.282615,1.28267
2017-10-29 22:29:00,1.28259,1.28264,1.28259,1.28265
2017-10-29 22:30:00,1.282605,1.28264,1.28259,1.28266
2017-10-29 22:31:00,1.282625,1.28262,1.28259,1.282675
2017-10-29 22:32:00,1.28261,1.28263,1.282605,1.282645
2017-10-29 22:33:00,1.28265,1.28263,1.28261,1.282655
2017-10-29 22:34:00,1.28262,1.282645,1.28262,1.282655
2017-10-29 22:35:00,1.282645,1.28264,1.28263,1.282645
2017-10-29 22:36:00,1.28264,1.282645,1.28263,1.28266
2017-10-29 22:37:00,1.28264,1.28264,1.282635,1.282645
2017-10-29 22:38:00,1.282715,1.282645,1.282645,1.28273
2017-10-29 22:39:00,1.282735,1.282715,1.28271,1.28274
2017-10-29 22:40:00,1.28273,1.28274,1.282715,1.28276
2017-10-29 22:41:00,1.282815,1.28274,1.2827,1.28282
2017-10-29 22:42:00,1.28283,1.28283,1.282805,1.282835
2017-10-29 22:43:00,1.28282,1.28284,1.28281,1.28285
2017-10-29 22:44:00,1.282745,1.282815,1.282715,1.282815
2017-10-29 22:45:00,1.28272,1.282755,1.28272,1.282755
2017-10-29 22:46:00,1.282715,1.282735,1.282715,1.282735
2017-10-29 22:47:00,1.282715,1.282725,1.282715,1.282735
2017-10-29 22:48:00,1.28275,1.2827,1.282685,1.282755
2017-10-29 22:49:00,1.282815,1.282755,1.28275,1.28291
2017-10-29 22:50:00,1.282805,1.28281,1.282785,1.282835
2017-10-29 22:51:00,1.282715,1.2828,1.282715,1.28282
2017-10-29 22:52:00,1.28273,1.2827,1.2827,1.28273
2017-10-29 22:53:00,1.282715,1.28273,1.282715,1.28273
2017-10-29 22:54:00,1.282665,1.28272,1.28265,1.282725
2017-10-29 22:55:00,1.282725,1.28272,1.282705,1.28274
2017-10-29 22:56:00,1.282725,1.28272,1.28271,1.282735
2017-10-29 22:57:00,1.282705,1.28272,1.2827,1.282735
2017-10-29 22:58:00,1.28263,1.2827,1.282595,1.282705
2017-10-29 22:59:00,1.282735,1.28262,1.28262,1.282735
2017-10-29 23:00:00,1.28269,1.28275,1.28269,1.28275
2017-10-29 23:01:00,1.282575,1.282715,1.28257,1.282735
2017-10-29 23:02:00,1.282575,1.28258,1.28256,1.282585
2017-10-29 23:03:00,1.282595,1.282595,1.28258,1.2826
2017-10-29 23:04:00,1.28277,1.2826,1.2826,1.282785
2017-10-29 23:05:00,1.28276,1.282775,1.28274,1.282815
2017-10-29 23:06:00,1.28268,1.282765,1.282665,1.282765
2017-10-29 23:07:00,1.282655,1.282675,1.282645,1.282675
2017-10-29 23:08:00,1.282645,1.28266,1.282645,1.282665
2017-10-29 23:09:00,1.28253,1.28265,1.282515,1.282655
2017-10-29 23:10:00,1.28247,1.282535,1.282455,1.282565
2017-10-29 23:11:00,1.282205,1.28242,1.282205,1.28244
2017-10-29 23:12:00,1.28218,1.282185,1.282105,1.28227
2017-10-29 23:13:00,1.28221,1.28218,1.28215,1.28227
2017-10-29 23:14:00,1.28204,1.282225,1.282035,1.282245
2017-10-29 23:15:00,1.28213,1.282055,1.282055,1.282165
2017-10-29 23:16:00,1.28219,1.28208,1.28205,1.282195
2017-10-29 23:17:00,1.282065,1.28215,1.282025,1.28215
2017-10-29 23:18:00,1.28197,1.28205,1.28197,1.282055
2017-10-29 23:19:00,1.282035,1.281965,1.281965,1.282035
2017-10-29 23:20:00,1.282025,1.282035,1.282015,1.28204
2017-10-29 23:21:00,1.282025,1.28203,1.28202,1.28203
2017-10-29 23:22:00,1.28204,1.28202,1.282015,1.28206
2017-10-29 23:23:00,1.28206,1.28206,1.28206,1.28206
2017-10-29 23:24:00,1.282075,1.28201,1.282005,1.282075
2017-10-29 23:25:00,1.28194,1.28207,1.28193,1.28208
2017-10-29 23:26:00,1.281925,1.28193,1.281915,1.281935
2017-10-29 23:27:00,1.2821,1.28195,1.281935,1.282155
2017-10-29 23:28:00,1.282155,1.282125,1.282065,1.28218
2017-10-29 23:29:00,1.28216,1.28216,1.28215,1.28217
2017-10-29 23:30:00,1.282175,1.282165,1.28216,1.28218
2017-10-29 23:31:00,1.28224,1.282175,1.28216,1.28225
2017-10-29 23:32:00,1.28224,1.282175,1.28216,1.28225
2017-10-29 23:33:00,1.282235,1.28223,1.28222,1.282245
2017-10-29 23:34:00,1.282125,1.282225,1.28211,1.28224
2017-10-29 23:35:00,1.28217,1.282115,1.282115,1.28219
2017-10-29 23:36:00,1.282165,1.282175,1.282165,1.28218
2017-10-29 23:37:00,1.28226,1.282165,1.282155,1.28227
2017-10-29 23:38:00,1.28224,1.28226,1.28224,1.282295
2017-10-29 23:39:00,1.28233,1.282245,1.282235,1.28236
2017-10-29 23:40:00,1.28232,1.28232,1.28231,1.282405
2017-10-29 23:41:00,1.28233,1.282315,1.28231,1.28234
2017-10-29 23:42:00,1.28229,1.28238,1.28229,1.28239
2017-10-29 23:43:00,1.28226,1.28232,1.28224,1.28232
2017-10-29 23:44:00,1.28225,1.282255,1.28224,1.28229
2017-10-29 23:45:00,1.282275,1.282245,1.282225,1.28229
2017-10-29 23:46:00,1.282265,1.28227,1.28226,1.28229
2017-10-29 23:47:00,1.282295,1.282275,1.28227,1.28231
2017-10-29 23:48:00,1.282325,1.282325,1.282325,1.282325
2017-10-29 23:49:00,1.28237,1.28238,1.282355,1.282395
2017-10-29 23:50:00,1.282375,1.282375,1.282355,1.282395
2017-10-29 23:51:00,1.282365,1.282385,1.28233,1.2824
2017-10-29 23:52:00,1.28241,1.28235,1.28235,1.28242
2017-10-29 23:53:00,1.28242,1.282415,1.282395,1.282425
2017-10-29 23:54:00,1.2825,1.28242,1.2824,1.28255
2017-10-29 23:55:00,1.282515,1.282475,1.282475,1.28255
2017-10-29 23:56:00,1.282515,1.282475,1.282475,1.28255
2017-10-29 23:57:00,1.282455,1.282535,1.282455,1.282535
2017-10-29 23:58:00,1.2825,1.28245,1.28245,1.282505
2017-10-29 23:59:00,1.2825,1.282505,1.282465,1.28252
2017-10-30 00:00:00,1.282495,1.282515,1.28248,1.28252
2017-10-30 00:01:00,1.282505,1.28249,1.282455,1.282515
2017-10-30 00:02:00,1.2825,1.282495,1.282495,1.28251
2017-10-30 00:03:00,1.282605,1.2825,1.282495,1.282605
2017-10-30 00:04:00,1.282605,1.2825,1.282495,1.282605
2017-10-30 00:05:00,1.282605,1.2825,1.282495,1.282605
2017-10-30 00:06:00,1.282605,1.2825,1.282495,1.282605
2017-10-30 00:07:00,1.282605,1.2825,1.282495,1.282605
2017-10-30 00:08:00,1.282605,1.2825,1.282495,1.282605
2017-10-30 00:09:00,1.282605,1.2825,1.282495,1.282605
2017-10-30 00:10:00,1.28252,1.282585,1.28252,1.282585
2017-10-30 00:11:00,1.28257,1.28257,1.282545,1.282575
2017-10-30 00:12:00,1.282485,1.28257,1.28247,1.282575
2017-10-30 00:13:00,1.282485,1.28248,1.28246,1.282485
2017-10-30 00:14:00,1.282465,1.28248,1.282465,1.282485
2017-10-30 00:15:00,1.28256,1.28246,1.28246,1.28256
2017-10-30 00:16:00,1.282555,1.282555,1.28255,1.282595
2017-10-30 00:17:00,1.28244,1.28255,1.28244,1.282555
2017-10-30 00:18:00,1.28239,1.28243,1.282365,1.282445
2017-10-30 00:19:00,1.28243,1.282395,1.282385,1.28243
2017-10-30 00:20:00,1.28243,1.282395,1.282385,1.28243
2017-10-30 00:21:00,1.28249,1.282495,1.282475,1.2825
2017-10-30 00:22:00,1.282405,1.2825,1.2824,1.2825
2017-10-30 00:23:00,1.28248,1.282415,1.28241,1.28248
2017-10-30 00:24:00,1.28248,1.282415,1.28241,1.28248
2017-10-30 00:25:00,1.28248,1.282415,1.28241,1.28248
2017-10-30 00:26:00,1.28248,1.282415,1.28241,1.28248
2017-10-30 00:27:00,1.28248,1.282415,1.28241,1.28248
2017-10-30 00:28:00,1.28244,1.282425,1.28242,1.28244
2017-10-30 00:29:00,1.28241,1.282435,1.282405,1.282455
2017-10-30 00:30:00,1.282445,1.282415,1.282415,1.282465
2017-10-30 00:31:00,1.28249,1.28245,1.282445,1.28249
2017-10-30 00:32:00,1.28255,1.28247,1.28247,1.28255
2017-10-30 00:33:00,1.282535,1.28255,1.28253,1.28255
2017-10-30 00:34:00,1.282505,1.282515,1.282485,1.282525
2017-10-30 00:35:00,1.28249,1.28249,1.282485,1.282495
2017-10-30 00:36:00,1.2825,1.282495,1.282495,1.28252
2017-10-30 00:37:00,1.2825,1.282495,1.282495,1.28252
2017-10-30 00:38:00,1.282555,1.282555,1.282555,1.282555
2017-10-30 00:39:00,1.282555,1.282555,1.282555,1.282555
2017-10-30 00:40:00,1.282535,1.28256,1.282535,1.282565
2017-10-30 00:41:00,1.282535,1.28256,1.282535,1.282565
2017-10-30 00:42:00,1.282535,1.28256,1.282535,1.282565
2017-10-30 00:43:00,1.282475,1.282485,1.28247,1.282495
2017-10-30 00:44:00,1.282475,1.282485,1.28247,1.282495
2017-10-30 00:45:00,1.28241,1.28242,1.282405,1.282445
2017-10-30 00:46:00,1.28246,1.282405,1.282405,1.282495
2017-10-30 00:47:00,1.28246,1.282405,1.282405,1.282495
2017-10-30 00:48:00,1.282535,1.282515,1.282515,1.28254
2017-10-30 00:49:00,1.28253,1.282525,1.282525,1.28253
2017-10-30 00:50:00,1.28252,1.282525,1.28252,1.282535
2017-10-30 00:51:00,1.28246,1.282535,1.28246,1.282535
2017-10-30 00:52:00,1.28248,1.282455,1.282455,1.282485
2017-10-30 00:53:00,1.28242,1.282475,1.282415,1.282475
2017-10-30 00:54:00,1.282445,1.28243,1.282415,1.282445
2017-10-30 00:55:00,1.28247,1.282465,1.282455,1.282475
2017-10-30 00:56:00,1.282475,1.28249,1.282475,1.282495
2017-10-30 00:57:00,1.282475,1.28249,1.282475,1.282495
2017-10-30 00:58:00,1.282475,1.28249,1.282475,1.282495
2017-10-30 00:59:00,1.28247,1.28248,1.28245,1.28249
2017-10-30 01:00:00,1.282485,1.28252,1.282475,1.28254
2017-10-30 01:01:00,1.282455,1.28248,1.28243,1.282505
2017-10-30 01:02:00,1.282455,1.28248,1.28243,1.282505
2017-10-30 01:03:00,1.282455,1.28248,1.28243,1.282505
2017-10-30 01:04:00,1.28237,1.28251,1.28236,1.28251
2017-10-30 01:05:00,1.282445,1.28238,1.282365,1.282475
2017-10-30 01:06:00,1.282415,1.28243,1.28241,1.282475
2017-10-30 01:07:00,1.2824,1.28241,1.282395,1.28246
2017-10-30 01:08:00,1.282235,1.28241,1.282225,1.28241
2017-10-30 01:09:00,1.282245,1.28222,1.28222,1.282265
2017-10-30 01:10:00,1.28223,1.282225,1.282205,1.282235
2017-10-30 01:11:00,1.282275,1.282235,1.28221,1.282295
2017-10-30 01:12:00,1.282395,1.28228,1.282275,1.282405
2017-10-30 01:13:00,1.2824,1.282385,1.282385,1.28244
2017-10-30 01:14:00,1.282395,1.2824,1.28238,1.2824
2017-10-30 01:15:00,1.28238,1.28239,1.282375,1.282395
2017-10-30 01:16:00,1.28237,1.282365,1.282365,1.28238
2017-10-30 01:17:00,1.28237,1.282365,1.282365,1.28238
2017-10-30 01:18:00,1.282365,1.282375,1.28236,1.28238
2017-10-30 01:19:00,1.28236,1.282365,1.282355,1.28237
2017-10-30 01:20:00,1.282365,1.282365,1.282365,1.282365
2017-10-30 01:21:00,1.282405,1.28238,1.282375,1.282425
2017-10-30 01:22:00,1.282455,1.282465,1.282455,1.282465
2017-10-30 01:23:00,1.28246,1.282465,1.282445,1.28247
2017-10-30 01:24:00,1.28252,1.28251,1.28251,1.28252
2017-10-30 01:25:00,1.28251,1.28253,1.28251,1.28255
2017-10-30 01:26:00,1.28253,1.28253,1.28253,1.28253
2017-10-30 01:27:00,1.282485,1.28248,1.282475,1.282485
2017-10-30 01:28:00,1.282485,1.28248,1.28248,1.282505
2017-10-30 01:29:00,1.282555,1.282525,1.282475,1.282555
2017-10-30 01:30:00,1.282525,1.282545,1.28252,1.282555
2017-10-30 01:31:00,1.28254,1.282535,1.282475,1.28254
2017-10-30 01:32:00,1.28256,1.28256,1.28256,1.28256
2017-10-30 01:33:00,1.282565,1.28256,1.282545,1.28259
2017-10-30 01:34:00,1.282565,1.28256,1.282545,1.28259
2017-10-30 01:35:00,1.282485,1.282585,1.28246,1.282585
2017-10-30 01:36:00,1.28242,1.282475,1.282345,1.282475
2017-10-30 01:37:00,1.282475,1.282435,1.282425,1.282495
2017-10-30 01:38:00,1.28247,1.282475,1.282445,1.282495
2017-10-30 01:39:00,1.282375,1.28242,1.28236,1.28242
2017-10-30 01:40:00,1.28249,1.28236,1.28236,1.28249
2017-10-30 01:41:00,1.282615,1.28252,1.28252,1.282615
2017-10-30 01:42:00,1.282665,1.28264,1.28264,1.282665
2017-10-30 01:43:00,1.28269,1.28272,1.282685,1.28276
2017-10-30 01:44:00,1.28261,1.282695,1.28259,1.282735
2017-10-30 01:45:00,1.282575,1.28256,1.282545,1.282575
2017-10-30 01:46:00,1.28258,1.2826,1.28258,1.2826
2017-10-30 01:47:00,1.2826,1.28263,1.282585,1.28265
2017-10-30 01:48:00,1.282605,1.282615,1.28257,1.282615
2017-10-30 01:49:00,1.282575,1.28261,1.282565,1.28261
2017-10-30 01:50:00,1.28249,1.282545,1.28249,1.282545
2017-10-30 01:51:00,1.28253,1.282545,1.282515,1.28255
2017-10-30 01:52:00,1.28252,1.282525,1.282515,1.282555
2017-10-30 01:53:00,1.28246,1.282525,1.28246,1.28253
2017-10-30 01:54:00,1.2824,1.282465,1.2824,1.282465
2017-10-30 01:55:00,1.282325,1.28238,1.28231,1.28238
2017-10-30 01:56:00,1.282325,1.28238,1.28231,1.28238
2017-10-30 01:57:00,1.28231,1.28231,1.282305,1.28231
2017-10-30 01:58:00,1.2823,1.282315,1.28229,1.28232
2017-10-30 01:59:00,1.282295,1.282305,1.28229,1.282305
2017-10-30 02:00:00,1.28244,1.282305,1.2823,1.28244
2017-10-30 02:01:00,1.282625,1.282445,1.282445,1.282625
2017-10-30 02:02:00,1.28264,1.28263,1.28262,1.2827
2017-10-30 02:03:00,1.28264,1.282655,1.282615,1.282655
2017-10-30 02:04:00,1.282675,1.28265,1.28265,1.282675
2017-10-30 02:05:00,1.282785,1.28268,1.282675,1.28279
2017-10-30 02:06:00,1.28272,1.28278,1.28271,1.282785
2017-10-30 02:07:00,1.28272,1.282775,1.28272,1.28278
2017-10-30 02:08:00,1.28272,1.282735,1.28272,1.282755
2017-10-30 02:09:00,1.28267,1.282665,1.282655,1.282675
2017-10-30 02:10:00,1.28267,1.282665,1.282655,1.282675
2017-10-30 02:11:00,1.282655,1.282675,1.28264,1.28268
2017-10-30 02:12:00,1.28254,1.28264,1.282525,1.28264
2017-10-30 02:13:00,1.282675,1.28249,1.282475,1.282725
2017-10-30 02:14:00,1.28266,1.28268,1.28266,1.2827
2017-10-30 02:15:00,1.282675,1.28267,1.282665,1.282685
2017-10-30 02:16:00,1.28278,1.282675,1.282675,1.282785
2017-10-30 02:17:00,1.282765,1.28278,1.282745,1.28278
2017-10-30 02:18:00,1.282755,1.28277,1.28275,1.28278
2017-10-30 02:19:00,1.28274,1.282755,1.282735,1.282765
2017-10-30 02:20:00,1.28275,1.28274,1.282735,1.282765
2017-10-30 02:21:00,1.282635,1.282695,1.282625,1.282695
2017-10-30 02:22:00,1.28264,1.282635,1.282625,1.28264
2017-10-30 02:23:00,1.282625,1.282615,1.28261,1.28264
2017-10-30 02:24:00,1.28266,1.28262,1.282615,1.28266
2017-10-30 02:25:00,1.28259,1.28263,1.28259,1.28263
2017-10-30 02:26:00,1.28259,1.28263,1.28259,1.28263
2017-10-30 02:27:00,1.282635,1.282565,1.282565,1.28264
2017-10-30 02:28:00,1.28262,1.282615,1.282615,1.282635
2017-10-30 02:29:00,1.28267,1.282615,1.2826,1.28269
2017-10-30 02:30:00,1.28263,1.282645,1.28262,1.282665
2017-10-30 02:31:00,1.282625,1.282625,1.282595,1.28263
2017-10-30 02:32:00,1.282635,1.28264,1.282635,1.28264
2017-10-30 02:33:00,1.28262,1.28262,1.282615,1.282625
2017-10-30 02:34:00,1.282625,1.282625,1.28262,1.28263
2017-10-30 02:35:00,1.28263,1.282625,1.28262,1.28264
2017-10-30 02:36:00,1.28266,1.28262,1.282615,1.282665
2017-10-30 02:37:00,1.282715,1.28271,1.28271,1.282715
2017-10-30 02:38:00,1.28279,1.282725,1.282725,1.282805
2017-10-30 02:39:00,1.28279,1.282795,1.28279,1.2828
2017-10-30 02:40:00,1.2828,1.282795,1.282795,1.28281
2017-10-30 02:41:00,1.28272,1.282805,1.28272,1.28283
2017-10-30 02:42:00,1.2827,1.282725,1.28268,1.282795
2017-10-30 02:43:00,1.282655,1.282725,1.282645,1.282725
2017-10-30 02:44:00,1.28271,1.28266,1.28266,1.28271
2017-10-30 02:45:00,1.28272,1.282685,1.282685,1.282735
2017-10-30 02:46:00,1.2827,1.282705,1.282675,1.28272
2017-10-30 02:47:00,1.282605,1.28265,1.28259,1.28265
2017-10-30 02:48:00,1.282615,1.28259,1.28259,1.28262
2017-10-30 02:49:00,1.28263,1.282555,1.282545,1.282635
2017-10-30 02:50:00,1.282625,1.282635,1.28262,1.28265
2017-10-30 02:51:00,1.28263,1.282625,1.28262,1.282655
2017-10-30 02:52:00,1.28262,1.28261,1.2826,1.28262
2017-10-30 02:53:00,1.28268,1.282675,1.282635,1.2827
2017-10-30 02:54:00,1.28262,1.282675,1.28262,1.282675
2017-10-30 02:55:00,1.282645,1.282625,1.28261,1.282655
2017-10-30 02:56:00,1.282645,1.282635,1.28263,1.28265
2017-10-30 02:57:00,1.282635,1.28266,1.28262,1.282665
2017-10-30 02:58:00,1.282655,1.28264,1.28264,1.28266
2017-10-30 02:59:00,1.28277,1.282635,1.282635,1.28277
2017-10-30 03:00:00,1.28279,1.28278,1.282755,1.2828
2017-10-30 03:01:00,1.282915,1.282795,1.28279,1.282935
2017-10-30 03:02:00,1.282895,1.28286,1.28282,1.282905
2017-10-30 03:03:00,1.28284,1.28292,1.28284,1.28295
2017-10-30 03:04:00,1.282765,1.282815,1.282765,1.282815
2017-10-30 03:05:00,1.28278,1.28274,1.28269,1.282795
2017-10-30 03:06:00,1.28272,1.28279,1.28269,1.28281
2017-10-30 03:07:00,1.282805,1.282715,1.282715,1.282915
2017-10-30 03:08:00,1.28276,1.2828,1.282635,1.282825
2017-10-30 03:09:00,1.28261,1.28274,1.282605,1.2828
2017-10-30 03:10:00,1.28265,1.28256,1.28251,1.28266
2017-10-30 03:11:00,1.282715,1.282645,1.28256,1.28272
2017-10-30 03:12:00,1.28265,1.28272,1.282635,1.282735
2017-10-30 03:13:00,1.28294,1.282655,1.282655,1.283085
2017-10-30 03:14:00,1.28289,1.28292,1.28289,1.283005
2017-10-30 03:15:00,1.2829,1.282895,1.28289,1.282975
2017-10-30 03:16:00,1.283095,1.282895,1.282885,1.283105
2017-10-30 03:17:00,1.282895,1.283035,1.28289,1.28304
2017-10-30 03:18:00,1.282985,1.28289,1.282865,1.282985
2017-10-30 03:19:00,1.2831,1.28299,1.28297,1.283165
2017-10-30 03:20:00,1.28315,1.28305,1.283035,1.283155
2017-10-30 03:21:00,1.283185,1.28316,1.28315,1.283215
2017-10-30 03:22:00,1.2831,1.28318,1.283015,1.283195
2017-10-30 03:23:00,1.283385,1.283115,1.283055,1.28339
2017-10-30 03:24:00,1.283395,1.283385,1.283355,1.28344
2017-10-30 03:25:00,1.283215,1.28338,1.28309,1.28338
2017-10-30 03:26:00,1.283105,1.28322,1.2831,1.28326
2017-10-30 03:27:00,1.283255,1.28311,1.28311,1.283255
2017-10-30 03:28:00,1.283265,1.28327,1.283245,1.283305
2017-10-30 03:29:00,1.283375,1.283325,1.283305,1.28339
2017-10-30 03:30:00,1.28337,1.283375,1.28321,1.283375
2017-10-30 03:31:00,1.283265,1.283375,1.28326,1.283375
2017-10-30 03:32:00,1.283325,1.28326,1.283165,1.28335
2017-10-30 03:33:00,1.28338,1.283345,1.28333,1.28346
2017-10-30 03:34:00,1.283395,1.283435,1.283385,1.28344
2017-10-30 03:35:00,1.283635,1.28339,1.283385,1.283635
2017-10-30 03:36:00,1.283485,1.28366,1.28341,1.28366
2017-10-30 03:37:00,1.28341,1.28349,1.28333,1.283555
2017-10-30 03:38:00,1.28347,1.283415,1.28341,1.28353
2017-10-30 03:39:00,1.28339,1.283475,1.28337,1.283485
2017-10-30 03:40:00,1.283405,1.283385,1.283315,1.283415
2017-10-30 03:41:00,1.283195,1.283415,1.28312,1.283415
2017-10-30 03:42:00,1.28317,1.283185,1.28312,1.283205
2017-10-30 03:43:00,1.28318,1.283155,1.283155,1.283235
2017-10-30 03:44:00,1.283165,1.283125,1.283055,1.28317
2017-10-30 03:45:00,1.28318,1.28316,1.283125,1.28318
2017-10-30 03:46:00,1.283215,1.28317,1.283145,1.283225
2017-10-30 03:47:00,1.2832,1.28321,1.283175,1.28323
2017-10-30 03:48:00,1.283155,1.283195,1.28315,1.28322
2017-10-30 03:49:00,1.283375,1.28315,1.28315,1.28338
2017-10-30 03:50:00,1.2833,1.28339,1.283265,1.2834
2017-10-30 03:51:00,1.2833,1.283295,1.28326,1.283335
2017-10-30 03:52:00,1.2834,1.283275,1.283275,1.2834
2017-10-30 03:53:00,1.2834,1.283405,1.2834,1.28341
2017-10-30 03:54:00,1.283565,1.28345,1.28345,1.28358
2017-10-30 03:55:00,1.28351,1.28355,1.28351,1.283565
2017-10-30 03:56:00,1.283115,1.283515,1.283115,1.283525
2017-10-30 03:57:00,1.283035,1.2831,1.282885,1.2831
2017-10-30 03:58:00,1.28283,1.28298,1.282765,1.28298
2017-10-30 03:59:00,1.28262,1.28283,1.28259,1.28283
2017-10-30 04:00:00,1.28268,1.282605,1.28259,1.28273
2017-10-30 04:01:00,1.282795,1.28266,1.28256,1.282875
2017-10-30 04:02:00,1.283065,1.282795,1.282795,1.283065
2017-10-30 04:03:00,1.28302,1.28309,1.282985,1.283115
2017-10-30 04:04:00,1.28269,1.283035,1.282605,1.28311
2017-10-30 04:05:00,1.28261,1.282715,1.282605,1.28273
2017-10-30 04:06:00,1.2826,1.28259,1.28251,1.282615
2017-10-30 04:07:00,1.2826,1.28261,1.28258,1.28267
2017-10-30 04:08:00,1.282765,1.28262,1.28262,1.28283
2017-10-30 04:09:00,1.28279,1.28276,1.282755,1.282865
2017-10-30 04:10:00,1.28283,1.282785,1.28275,1.282835
2017-10-30 04:11:00,1.282835,1.282825,1.28278,1.282855
2017-10-30 04:12:00,1.283085,1.282855,1.282855,1.283205
2017-10-30 04:13:00,1.28301,1.283085,1.283005,1.283105
2017-10-30 04:14:00,1.28305,1.283015,1.283,1.28305
2017-10-30 04:15:00,1.28308,1.283025,1.282975,1.283115
2017-10-30 04:16:00,1.283075,1.28308,1.28303,1.283095
2017-10-30 04:17:00,1.283065,1.28307,1.28301,1.28309
2017-10-30 04:18:00,1.28316,1.28307,1.283065,1.28318
2017-10-30 04:19:00,1.2833,1.283225,1.28322,1.28332
2017-10-30 04:20:00,1.28323,1.283305,1.28319,1.283315
2017-10-30 04:21:00,1.283275,1.28325,1.28321,1.28329
2017-10-30 04:22:00,1.283275,1.28325,1.28321,1.28329
2017-10-30 04:23:00,1.28331,1.28329,1.2832,1.28331
2017-10-30 04:24:00,1.283315,1.28331,1.28329,1.28333
2017-10-30 04:25:00,1.2834,1.28332,1.283305,1.283405
2017-10-30 04:26:00,1.283425,1.283405,1.2834,1.283505
2017-10-30 04:27:00,1.28342,1.28342,1.283395,1.28342
2017-10-30 04:28:00,1.28327,1.28341,1.283235,1.28341
2017-10-30 04:29:00,1.28326,1.283285,1.283255,1.2833
2017-10-30 04:30:00,1.283125,1.283275,1.283125,1.283395
2017-10-30 04:31:00,1.283025,1.28312,1.28301,1.28313
2017-10-30 04:32:00,1.28314,1.283015,1.282995,1.28317
2017-10-30 04:33:00,1.283105,1.28312,1.28308,1.28314
2017-10-30 04:34:00,1.28317,1.2831,1.28309,1.28317
2017-10-30 04:35:00,1.28318,1.283165,1.283165,1.28319
2017-10-30 04:36:00,1.283085,1.28318,1.283065,1.2832
2017-10-30 04:37:00,1.28293,1.283085,1.28292,1.283105
2017-10-30 04:38:00,1.28276,1.28293,1.28276,1.282935
2017-10-30 04:39:00,1.28271,1.28271,1.28271,1.28271
2017-10-30 04:40:00,1.282655,1.282705,1.282625,1.28272
2017-10-30 04:41:00,1.282365,1.28265,1.282335,1.28265
2017-10-30 04:42:00,1.28248,1.28242,1.282375,1.28248
2017-10-30 04:43:00,1.28213,1.282485,1.282125,1.282485
2017-10-30 04:44:00,1.28217,1.28218,1.2821,1.28225
2017-10-30 04:45:00,1.28208,1.282115,1.28208,1.282115
2017-10-30 04:46:00,1.28196,1.28208,1.28178,1.28212
2017-10-30 04:47:00,1.28193,1.281955,1.28191,1.28201
2017-10-30 04:48:00,1.281845,1.28191,1.281845,1.28192
2017-10-30 04:49:00,1.28164,1.281795,1.28162,1.281905
2017-10-30 04:50:00,1.281675,1.28166,1.28165,1.281685
2017-10-30 04:51:00,1.28168,1.28168,1.28166,1.281735
2017-10-30 04:52:00,1.281825,1.2817,1.281685,1.281885
2017-10-30 04:53:00,1.28185,1.281805,1.28175,1.281895
2017-10-30 04:54:00,1.281865,1.281845,1.28183,1.281865
2017-10-30 04:55:00,1.281745,1.28181,1.28174,1.281835
2017-10-30 04:56:00,1.281735,1.281755,1.281685,1.281795
2017-10-30 04:57:00,1.28198,1.28174,1.28174,1.282005
2017-10-30 04:58:00,1.28191,1.281925,1.281905,1.281995
2017-10-30 04:59:00,1.281905,1.28191,1.281895,1.28192
2017-10-30 05:00:00,1.28183,1.28192,1.281815,1.28194
2017-10-30 05:01:00,1.281815,1.281855,1.28181,1.28195
2017-10-30 05:02:00,1.28189,1.28182,1.28165,1.28189
2017-10-30 05:03:00,1.28164,1.2819,1.281585,1.28195
2017-10-30 05:04:00,1.28161,1.28166,1.28161,1.281715
2017-10-30 05:05:00,1.281605,1.281635,1.28158,1.28165
2017-10-30 05:06:00,1.281625,1.28159,1.28159,1.281695
2017-10-30 05:07:00,1.281815,1.281645,1.281645,1.281825
2017-10-30 05:08:00,1.28183,1.281835,1.28176,1.28184
2017-10-30 05:09:00,1.28169,1.281825,1.28169,1.28184
2017-10-30 05:10:00,1.281755,1.281685,1.281685,1.281755
2017-10-30 05:11:00,1.28177,1.2817,1.2817,1.28177
2017-10-30 05:12:00,1.281695,1.281785,1.281695,1.281785
2017-10-30 05:13:00,1.28156,1.281715,1.28156,1.28174
2017-10-30 05:14:00,1.2813,1.28155,1.2813,1.28156
2017-10-30 05:15:00,1.28148,1.281275,1.281195,1.28157
2017-10-30 05:16:00,1.28147,1.28146,1.281455,1.281605
2017-10-30 05:17:00,1.281475,1.28149,1.281365,1.28156
2017-10-30 05:18:00,1.28142,1.28147,1.281415,1.28159
2017-10-30 05:19:00,1.28123,1.28142,1.28117,1.281425
2017-10-30 05:20:00,1.281265,1.281255,1.28125,1.28137
2017-10-30 05:21:00,1.28151,1.281285,1.281285,1.281535
2017-10-30 05:22:00,1.281575,1.28151,1.2815,1.28161
2017-10-30 05:23:00,1.28155,1.28157,1.28155,1.28159
2017-10-30 05:24:00,1.281595,1.2815,1.281495,1.2816
2017-10-30 05:25:00,1.2816,1.2816,1.28157,1.281615
2017-10-30 05:26:00,1.281715,1.28161,1.2816,1.281715
2017-10-30 05:27:00,1.281715,1.28161,1.2816,1.281715
2017-10-30 05:28:00,1.281715,1.28161,1.2816,1.281715
2017-10-30 05:29:00,1.281775,1.281775,1.281775,1.281775
2017-10-30 05:30:00,1.282,1.28182,1.28182,1.282
2017-10-30 05:31:00,1.281955,1.281985,1.281955,1.281995
2017-10-30 05:32:00,1.281795,1.281905,1.28178,1.281905
2017-10-30 05:33:00,1.28168,1.2818,1.28167,1.28181
2017-10-30 05:34:00,1.28185,1.28168,1.28167,1.28185
2017-10-30 05:35:00,1.281935,1.28184,1.28184,1.281945
2017-10-30 05:36:00,1.28197,1.28193,1.28192,1.28197
2017-10-30 05:37:00,1.282155,1.28203,1.28203,1.28216
2017-10-30 05:38:00,1.28225,1.282165,1.282085,1.282255
2017-10-30 05:39:00,1.282485,1.28222,1.28222,1.282535
2017-10-30 05:40:00,1.282475,1.282475,1.28247,1.28254
2017-10-30 05:41:00,1.28263,1.282415,1.28241,1.28263
2017-10-30 05:42:00,1.282675,1.282645,1.282595,1.28268
2017-10-30 05:43:00,1.282755,1.28266,1.28263,1.282775
2017-10-30 05:44:00,1.28275,1.28276,1.28273,1.28277
2017-10-30 05:45:00,1.28264,1.28274,1.282635,1.282745
2017-10-30 05:46:00,1.282705,1.282645,1.282645,1.28273
2017-10-30 05:47:00,1.28259,1.28271,1.28258,1.282715
2017-10-30 05:48:00,1.28258,1.282585,1.28257,1.282595
2017-10-30 05:49:00,1.282595,1.28259,1.28257,1.282595
2017-10-30 05:50:00,1.28249,1.28254,1.28249,1.28254
2017-10-30 05:51:00,1.28259,1.2825,1.28249,1.282595
2017-10-30 05:52:00,1.2826,1.282585,1.2825,1.2826
2017-10-30 05:53:00,1.282625,1.282625,1.282585,1.28265
2017-10-30 05:54:00,1.28265,1.2826,1.2826,1.28266
2017-10-30 05:55:00,1.28272,1.282655,1.282655,1.282735
2017-10-30 05:56:00,1.282675,1.282725,1.28262,1.28273
2017-10-30 05:57:00,1.282805,1.28273,1.282705,1.28281
2017-10-30 05:58:00,1.283015,1.28286,1.28286,1.283015
2017-10-30 05:59:00,1.28304,1.28307,1.28304,1.28307
2017-10-30 06:00:00,1.28293,1.28298,1.28293,1.283025
2017-10-30 06:01:00,1.282825,1.2829,1.282725,1.2829
2017-10-30 06:02:00,1.28292,1.282825,1.282815,1.28297
2017-10-30 06:03:00,1.282955,1.282905,1.28288,1.282985
2017-10-30 06:04:00,1.28306,1.28296,1.28296,1.283095
2017-10-30 06:05:00,1.28304,1.283035,1.28302,1.283085
2017-10-30 06:06:00,1.282995,1.283095,1.282985,1.28315
2017-10-30 06:07:00,1.282915,1.28299,1.282915,1.282995
2017-10-30 06:08:00,1.28295,1.282895,1.282895,1.28296
2017-10-30 06:09:00,1.28291,1.28293,1.28291,1.283085
2017-10-30 06:10:00,1.28297,1.2829,1.28289,1.282995
2017-10-30 06:11:00,1.282985,1.28298,1.282915,1.282995
2017-10-30 06:12:00,1.283135,1.283005,1.283005,1.283175
2017-10-30 06:13:00,1.28321,1.28319,1.28319,1.28329
2017-10-30 06:14:00,1.28304,1.283195,1.28302,1.283215
2017-10-30 06:15:00,1.283075,1.283045,1.28304,1.283075
2017-10-30 06:16:00,1.283215,1.283065,1.28301,1.28322
2017-10-30 06:17:00,1.28334,1.283225,1.283225,1.283345
2017-10-30 06:18:00,1.28335,1.283395,1.28333,1.28348
2017-10-30 06:19:00,1.28347,1.283325,1.2832,1.283515
2017-10-30 06:20:00,1.2834,1.28341,1.28333,1.283415
2017-10-30 06:21:00,1.2834,1.283395,1.283395,1.28349
2017-10-30 06:22:00,1.28338,1.283395,1.283375,1.283395
2017-10-30 06:23:00,1.283035,1.283375,1.28303,1.28338
2017-10-30 06:24:00,1.28305,1.28305,1.283045,1.28305
2017-10-30 06:25:00,1.28305,1.28304,1.283035,1.283055
2017-10-30 06:26:00,1.28296,1.283025,1.282955,1.283105
2017-10-30 06:27:00,1.28314,1.282965,1.282955,1.28314
2017-10-30 06:28:00,1.283065,1.28314,1.283055,1.28315
2017-10-30 06:29:00,1.28303,1.28307,1.28302,1.283075
2017-10-30 06:30:00,1.283005,1.28302,1.28295,1.28303
2017-10-30 06:31:00,1.28285,1.28301,1.28285,1.28303
2017-10-30 06:32:00,1.282725,1.282795,1.282715,1.2828
2017-10-30 06:33:00,1.282565,1.282715,1.28251,1.28273
2017-10-30 06:34:00,1.28263,1.28257,1.28239,1.282645
2017-10-30 06:35:00,1.282475,1.282635,1.282475,1.28264
2017-10-30 06:36:00,1.282545,1.282475,1.28247,1.28258
2017-10-30 06:37:00,1.282465,1.28259,1.28245,1.28259
2017-10-30 06:38:00,1.28238,1.28247,1.28236,1.282475
2017-10-30 06:39:00,1.282345,1.28237,1.282345,1.28238
2017-10-30 06:40:00,1.28249,1.282365,1.282365,1.282625
2017-10-30 06:41:00,1.28266,1.282495,1.28245,1.2827
2017-10-30 06:42:00,1.282625,1.282655,1.282625,1.282715
2017-10-30 06:43:00,1.28263,1.282635,1.28261,1.282725
2017-10-30 06:44:00,1.282575,1.28266,1.28256,1.28268
2017-10-30 06:45:00,1.282585,1.28259,1.28258,1.28265
2017-10-30 06:46:00,1.28257,1.28253,1.282495,1.28266
2017-10-30 06:47:00,1.282585,1.282575,1.28251,1.282585
2017-10-30 06:48:00,1.282585,1.282575,1.28251,1.282585
2017-10-30 06:49:00,1.282525,1.28253,1.282525,1.28253
2017-10-30 06:50:00,1.28258,1.28251,1.28249,1.2826
2017-10-30 06:51:00,1.28261,1.282525,1.282495,1.28261
2017-10-30 06:52:00,1.282495,1.28266,1.282485,1.28266
2017-10-30 06:53:00,1.28251,1.28252,1.28245,1.28252
2017-10-30 06:54:00,1.282575,1.282505,1.28249,1.28259
2017-10-30 06:55:00,1.282515,1.282565,1.282455,1.282595
2017-10-30 06:56:00,1.28258,1.282505,1.28249,1.282635
2017-10-30 06:57:00,1.282415,1.282565,1.282415,1.28262
2017-10-30 06:58:00,1.28232,1.282405,1.282315,1.282505
2017-10-30 06:59:00,1.282415,1.282325,1.282315,1.28242
2017-10-30 07:00:00,1.282565,1.282405,1.282405,1.28257
2017-10-30 07:01:00,1.282275,1.28257,1.282275,1.28258
2017-10-30 07:02:00,1.28246,1.282325,1.28231,1.282535
2017-10-30 07:03:00,1.28228,1.28246,1.282235,1.282465
2017-10-30 07:04:00,1.28215,1.28226,1.28209,1.28226
2017-10-30 07:05:00,1.28222,1.282145,1.282145,1.282225
2017-10-30 07:06:00,1.28218,1.282215,1.28218,1.282235
2017-10-30 07:07:00,1.2822,1.28216,1.282155,1.28222
2017-10-30 07:08:00,1.282095,1.28218,1.28207,1.28221
2017-10-30 07:09:00,1.28212,1.282085,1.28201,1.28216
2017-10-30 07:10:00,1.28214,1.282125,1.28206,1.28214
2017-10-30 07:11:00,1.282065,1.282125,1.28206,1.28225
2017-10-30 07:12:00,1.282075,1.28206,1.28202,1.28208
2017-10-30 07:13:00,1.282185,1.28208,1.28201,1.2822
2017-10-30 07:14:00,1.282195,1.282195,1.282195,1.282195
2017-10-30 07:15:00,1.28221,1.28217,1.28217,1.28222
2017-10-30 07:16:00,1.28214,1.282185,1.282105,1.282185
2017-10-30 07:17:00,1.281985,1.282145,1.28196,1.28216
2017-10-30 07:18:00,1.281905,1.28199,1.28184,1.282
2017-10-30 07:19:00,1.28199,1.281915,1.281915,1.28201
2017-10-30 07:20:00,1.28203,1.28199,1.281985,1.28203
2017-10-30 07:21:00,1.28227,1.282025,1.282025,1.28227
2017-10-30 07:22:00,1.282395,1.28227,1.28224,1.282395
2017-10-30 07:23:00,1.2826,1.28238,1.28238,1.282605
2017-10-30 07:24:00,1.2829,1.282595,1.28256,1.28297
2017-10-30 07:25:00,1.2829,1.28291,1.282885,1.28292
2017-10-30 07:26:00,1.282825,1.28287,1.28277,1.282875
2017-10-30 07:27:00,1.282765,1.28282,1.282755,1.28283
2017-10-30 07:28:00,1.28292,1.282755,1.28275,1.28292
2017-10-30 07:29:00,1.28292,1.282925,1.282895,1.282935
2017-10-30 07:30:00,1.282985,1.282915,1.28291,1.28299
2017-10-30 07:31:00,1.283255,1.282985,1.282975,1.28333
2017-10-30 07:32:00,1.283225,1.2832,1.28316,1.283305
2017-10-30 07:33:00,1.283245,1.28322,1.283195,1.28325
2017-10-30 07:34:00,1.28332,1.28322,1.2832,1.28333
2017-10-30 07:35:00,1.283475,1.28332,1.283265,1.2835
2017-10-30 07:36:00,1.28354,1.283465,1.2834,1.283595
2017-10-30 07:37:00,1.283725,1.283535,1.283535,1.283725
2017-10-30 07:38:00,1.283915,1.283775,1.283775,1.28406
2017-10-30 07:39:00,1.283825,1.283945,1.283745,1.283945
2017-10-30 07:40:00,1.283665,1.283825,1.28363,1.28383
2017-10-30 07:41:00,1.28363,1.283645,1.28357,1.28366
2017-10-30 07:42:00,1.283645,1.283635,1.2835,1.28367
2017-10-30 07:43:00,1.283895,1.283645,1.28364,1.283975
2017-10-30 07:44:00,1.283665,1.28389,1.28365,1.2839
2017-10-30 07:45:00,1.283485,1.28372,1.283485,1.283735
2017-10-30 07:46:00,1.283365,1.28343,1.28326,1.283515
2017-10-30 07:47:00,1.283325,1.28335,1.2833,1.283425
2017-10-30 07:48:00,1.283225,1.28326,1.28322,1.283325
2017-10-30 07:49:00,1.283265,1.283215,1.283215,1.283315
2017-10-30 07:50:00,1.28327,1.283215,1.283185,1.28334
2017-10-30 07:51:00,1.283345,1.28329,1.28329,1.28335
2017-10-30 07:52:00,1.283435,1.283345,1.28329,1.28344
2017-10-30 07:53:00,1.283365,1.283445,1.283305,1.283455
2017-10-30 07:54:00,1.283475,1.28337,1.283325,1.28348
2017-10-30 07:55:00,1.283585,1.28347,1.28347,1.2836
2017-10-30 07:56:00,1.28356,1.283575,1.283545,1.28362
2017-10-30 07:57:00,1.283315,1.28354,1.28328,1.28355
2017-10-30 07:58:00,1.283185,1.28332,1.283175,1.28332
2017-10-30 07:59:00,1.283225,1.28313,1.283115,1.28324
2017-10-30 08:00:00,1.28332,1.28322,1.28321,1.283325
2017-10-30 08:01:00,1.283595,1.283325,1.283315,1.283615
2017-10-30 08:02:00,1.28352,1.283585,1.28338,1.283595
2017-10-30 08:03:00,1.283545,1.283525,1.283405,1.283545
2017-10-30 08:04:00,1.283545,1.283545,1.28353,1.28355
2017-10-30 08:05:00,1.283535,1.283535,1.28347,1.28355
2017-10-30 08:06:00,1.28355,1.28353,1.28348,1.28355
2017-10-30 08:07:00,1.28348,1.283545,1.283475,1.28358
2017-10-30 08:08:00,1.28374,1.283475,1.283465,1.28378
2017-10-30 08:09:00,1.28362,1.283745,1.283595,1.28375
2017-10-30 08:10:00,1.283775,1.28361,1.2836,1.28378
2017-10-30 08:11:00,1.283645,1.28377,1.2836,1.283935
2017-10-30 08:12:00,1.28369,1.28362,1.28362,1.28371
2017-10-30 08:13:00,1.28362,1.283695,1.283615,1.2837
2017-10-30 08:14:00,1.28354,1.283625,1.283535,1.283625
2017-10-30 08:15:00,1.28357,1.28355,1.28352,1.2836
2017-10-30 08:16:00,1.283265,1.28355,1.283265,1.283555
2017-10-30 08:17:00,1.28331,1.28325,1.28322,1.28339
2017-10-30 08:18:00,1.28353,1.28332,1.283265,1.28358
2017-10-30 08:19:00,1.28353,1.283505,1.28348,1.28353
2017-10-30 08:20:00,1.283485,1.283545,1.28347,1.28358
2017-10-30 08:21:00,1.2838,1.28348,1.28348,1.28382
2017-10-30 08:22:00,1.28341,1.2838,1.28341,1.283955
2017-10-30 08:23:00,1.283535,1.283465,1.283425,1.283595
2017-10-30 08:24:00,1.28345,1.283515,1.283445,1.283615
2017-10-30 08:25:00,1.28373,1.283455,1.283155,1.28381
2017-10-30 08:26:00,1.283515,1.28367,1.283455,1.283815
2017-10-30 08:27:00,1.28348,1.283525,1.28344,1.283585
2017-10-30 08:28:00,1.283465,1.28353,1.28346,1.283545
2017-10-30 08:29:00,1.28355,1.283515,1.28351,1.28365
2017-10-30 08:30:00,1.283695,1.28355,1.283485,1.283875
2017-10-30 08:31:00,1.283675,1.283615,1.283515,1.28382
2017-10-30 08:32:00,1.28366,1.283655,1.283545,1.283665
2017-10-30 08:33:00,1.28373,1.283715,1.283485,1.283775
2017-10-30 08:34:00,1.283655,1.28371,1.283475,1.28373
2017-10-30 08:35:00,1.283615,1.283685,1.28361,1.283785
2017-10-30 08:36:00,1.28307,1.283595,1.28301,1.283595
2017-10-30 08:37:00,1.28325,1.28309,1.283085,1.283365
2017-10-30 08:38:00,1.283425,1.28319,1.28304,1.283435
2017-10-30 08:39:00,1.28329,1.28342,1.283145,1.28343
2017-10-30 08:40:00,1.28323,1.28331,1.28316,1.283315
2017-10-30 08:41:00,1.283485,1.283215,1.283215,1.28351
2017-10-30 08:42:00,1.28365,1.2835,1.2835,1.283735
2017-10-30 08:43:00,1.283555,1.283645,1.2835,1.283705
2017-10-30 08:44:00,1.283615,1.283525,1.28352,1.283715
2017-10-30 08:45:00,1.2839,1.283615,1.283445,1.283915
2017-10-30 08:46:00,1.283695,1.283895,1.283615,1.28391
2017-10-30 08:47:00,1.2836,1.283695,1.28357,1.28376
2017-10-30 08:48:00,1.283845,1.283655,1.28365,1.28385
2017-10-30 08:49:00,1.28402,1.283895,1.283895,1.284045
2017-10-30 08:50:00,1.28379,1.283995,1.283775,1.28402
2017-10-30 08:51:00,1.28388,1.283785,1.283765,1.28393
2017-10-30 08:52:00,1.28362,1.283855,1.28359,1.28386
2017-10-30 08:53:00,1.28372,1.283625,1.283555,1.283765
2017-10-30 08:54:00,1.28345,1.283715,1.28345,1.28387
2017-10-30 08:55:00,1.283465,1.283425,1.283425,1.283555
2017-10-30 08:56:00,1.28352,1.28347,1.28346,1.28355
2017-10-30 08:57:00,1.283545,1.283575,1.283495,1.283595
2017-10-30 08:58:00,1.283955,1.283555,1.283545,1.284005
2017-10-30 08:59:00,1.284145,1.28396,1.283955,1.28424
2017-10-30 09:00:00,1.28418,1.28415,1.28407,1.28428
2017-10-30 09:01:00,1.28425,1.284185,1.284175,1.28432
2017-10-30 09:02:00,1.284475,1.284225,1.28412,1.28448
2017-10-30 09:03:00,1.28425,1.28448,1.28405,1.28448
2017-10-30 09:04:00,1.284345,1.284255,1.283995,1.284365
2017-10-30 09:05:00,1.28426,1.28435,1.284105,1.28443
2017-10-30 09:06:00,1.284135,1.284275,1.28413,1.28439
2017-10-30 09:07:00,1.284345,1.284185,1.284055,1.284425
2017-10-30 09:08:00,1.28444,1.284325,1.284325,1.284585
2017-10-30 09:09:00,1.28446,1.284445,1.284365,1.28453
2017-10-30 09:10:00,1.28457,1.284455,1.284455,1.28462
2017-10-30 09:11:00,1.28463,1.284515,1.284415,1.28463
2017-10-30 09:12:00,1.284605,1.28465,1.28456,1.28468
2017-10-30 09:13:00,1.284645,1.28458,1.28458,1.28472
2017-10-30 09:14:00,1.284685,1.28464,1.28459,1.28473
2017-10-30 09:15:00,1.284705,1.28468,1.28468,1.28482
2017-10-30 09:16:00,1.28453,1.28472,1.284505,1.28476
2017-10-30 09:17:00,1.28472,1.284555,1.284535,1.28473
2017-10-30 09:18:00,1.284665,1.28473,1.28458,1.284785
2017-10-30 09:19:00,1.284795,1.28468,1.28466,1.284815
2017-10-30 09:20:00,1.284895,1.2848,1.28478,1.284905
2017-10-30 09:21:00,1.28522,1.284915,1.28487,1.28523
2017-10-30 09:22:00,1.285335,1.285215,1.28519,1.285515
2017-10-30 09:23:00,1.284825,1.28532,1.28479,1.28534
2017-10-30 09:24:00,1.284655,1.284825,1.284655,1.284875
2017-10-30 09:25:00,1.28428,1.284625,1.28423,1.28475
2017-10-30 09:26:00,1.28403,1.284305,1.28395,1.284395
2017-10-30 09:27:00,1.284095,1.284055,1.28402,1.28419
2017-10-30 09:28:00,1.28411,1.28409,1.284005,1.284165
2017-10-30 09:29:00,1.28405,1.284115,1.284025,1.284145
2017-10-30 09:30:00,1.283925,1.284105,1.28385,1.284115
2017-10-30 09:31:00,1.283585,1.28393,1.28355,1.283955
2017-10-30 09:32:00,1.28328,1.283585,1.28324,1.28369
2017-10-30 09:33:00,1.28358,1.283285,1.283285,1.28358
2017-10-30 09:34:00,1.28368,1.283525,1.28347,1.283695
2017-10-30 09:35:00,1.283735,1.283695,1.283575,1.283745
2017-10-30 09:36:00,1.283655,1.28371,1.283555,1.283715
2017-10-30 09:37:00,1.28357,1.28371,1.28354,1.28387
2017-10-30 09:38:00,1.283525,1.2836,1.28346,1.28365
2017-10-30 09:39:00,1.283635,1.28353,1.283515,1.28369
2017-10-30 09:40:00,1.28374,1.283625,1.283605,1.28382
2017-10-30 09:41:00,1.283735,1.283735,1.283685,1.28376
2017-10-30 09:42:00,1.283815,1.28373,1.28373,1.283945
2017-10-30 09:43:00,1.28394,1.28387,1.28387,1.283985
2017-10-30 09:44:00,1.28403,1.283915,1.28385,1.28407
2017-10-30 09:45:00,1.283885,1.284035,1.28385,1.284035
2017-10-30 09:46:00,1.28393,1.28388,1.283785,1.283945
2017-10-30 09:47:00,1.283905,1.28393,1.283825,1.28394
2017-10-30 09:48:00,1.28393,1.2839,1.28375,1.28394
2017-10-30 09:49:00,1.28389,1.283925,1.28381,1.28396
2017-10-30 09:50:00,1.283875,1.28389,1.28387,1.28394
2017-10-30 09:51:00,1.283785,1.283825,1.283765,1.28386
2017-10-30 09:52:00,1.283605,1.283765,1.283595,1.283775
2017-10-30 09:53:00,1.283735,1.2836,1.28355,1.28375
2017-10-30 09:54:00,1.28383,1.28376,1.28376,1.283865
2017-10-30 09:55:00,1.28387,1.28378,1.283765,1.28394
2017-10-30 09:56:00,1.28371,1.283865,1.28371,1.28387
2017-10-30 09:57:00,1.28387,1.283715,1.283715,1.2839
2017-10-30 09:58:00,1.283755,1.28388,1.28371,1.28388
2017-10-30 09:59:00,1.283825,1.28375,1.28371,1.283845
2017-10-30 10:00:00,1.283835,1.28377,1.28361,1.283855
2017-10-30 10:01:00,1.28389,1.28383,1.283725,1.283915
2017-10-30 10:02:00,1.2838,1.28391,1.28375,1.28391
2017-10-30 10:03:00,1.283865,1.2838,1.28376,1.28396
2017-10-30 10:04:00,1.28386,1.28389,1.28376,1.283935
2017-10-30 10:05:00,1.28395,1.283865,1.283855,1.28397
2017-10-30 10:06:00,1.28399,1.284,1.283985,1.28402
2017-10-30 10:07:00,1.28399,1.284,1.28399,1.28405
2017-10-30 10:08:00,1.283905,1.283995,1.283875,1.283995
2017-10-30 10:09:00,1.28399,1.283955,1.28393,1.284055
2017-10-30 10:10:00,1.28445,1.28402,1.283965,1.284555
2017-10-30 10:11:00,1.284315,1.284455,1.284315,1.28453
2017-10-30 10:12:00,1.28438,1.284315,1.28423,1.284425
2017-10-30 10:13:00,1.284385,1.2844,1.2843,1.284535
2017-10-30 10:14:00,1.284655,1.284435,1.2844,1.28474
2017-10-30 10:15:00,1.284525,1.28464,1.28439,1.284645
2017-10-30 10:16:00,1.28448,1.284545,1.28442,1.284635
2017-10-30 10:17:00,1.28452,1.28453,1.28449,1.2846
2017-10-30 10:18:00,1.28451,1.28452,1.284495,1.28462
2017-10-30 10:19:00,1.284605,1.284505,1.284475,1.28474
2017-10-30 10:20:00,1.284455,1.28456,1.28445,1.28457
2017-10-30 10:21:00,1.2843,1.28446,1.284245,1.28447
2017-10-30 10:22:00,1.284415,1.284315,1.284255,1.28449
2017-10-30 10:23:00,1.284735,1.284405,1.2844,1.284755
2017-10-30 10:24:00,1.28465,1.284715,1.284635,1.284715
2017-10-30 10:25:00,1.284555,1.284645,1.28452,1.28465
2017-10-30 10:26:00,1.28452,1.284615,1.28452,1.28467
2017-10-30 10:27:00,1.28475,1.284515,1.284505,1.28475
2017-10-30 10:28:00,1.284995,1.28475,1.284675,1.28501
2017-10-30 10:29:00,1.285265,1.285015,1.285015,1.285295
2017-10-30 10:30:00,1.28543,1.285315,1.28531,1.28547
2017-10-30 10:31:00,1.28529,1.285435,1.28526,1.28544
2017-10-30 10:32:00,1.28523,1.28535,1.28523,1.28561
2017-10-30 10:33:00,1.28501,1.285205,1.284995,1.285255
2017-10-30 10:34:00,1.284975,1.285005,1.28479,1.28508
2017-10-30 10:35:00,1.284775,1.28498,1.284775,1.28499
2017-10-30 10:36:00,1.28464,1.2848,1.28457,1.28483
2017-10-30 10:37:00,1.28459,1.28464,1.284505,1.284715
2017-10-30 10:38:00,1.28453,1.2846,1.28442,1.28471
2017-10-30 10:39:00,1.28452,1.28454,1.28445,1.2846
2017-10-30 10:40:00,1.28457,1.28453,1.28452,1.28463
2017-10-30 10:41:00,1.28465,1.28462,1.28456,1.284675
2017-10-30 10:42:00,1.28473,1.28466,1.28457,1.284735
2017-10-30 10:43:00,1.284685,1.28472,1.28462,1.28473
2017-10-30 10:44:00,1.284535,1.284685,1.284495,1.28469
2017-10-30 10:45:00,1.284605,1.284525,1.284475,1.284615
2017-10-30 10:46:00,1.28464,1.28461,1.284565,1.28472
2017-10-30 10:47:00,1.284635,1.28462,1.28459,1.28467
2017-10-30 10:48:00,1.284815,1.284635,1.284625,1.284885
2017-10-30 10:49:00,1.28515,1.28484,1.284835,1.2852
2017-10-30 10:50:00,1.28493,1.285165,1.284805,1.28523
2017-10-30 10:51:00,1.285,1.284985,1.284985,1.285305
2017-10-30 10:52:00,1.28524,1.28503,1.28503,1.285385
2017-10-30 10:53:00,1.285085,1.285225,1.28508,1.285285
2017-10-30 10:54:00,1.28485,1.285105,1.28484,1.28515
2017-10-30 10:55:00,1.284745,1.284845,1.284615,1.284845
2017-10-30 10:56:00,1.284865,1.2848,1.28465,1.284895
2017-10-30 10:57:00,1.284895,1.284865,1.284795,1.284905
2017-10-30 10:58:00,1.285015,1.284905,1.2849,1.28506
2017-10-30 10:59:00,1.285015,1.28502,1.28492,1.28503
2017-10-30 11:00:00,1.28497,1.28501,1.284935,1.28503
2017-10-30 11:01:00,1.285295,1.284945,1.284875,1.285295
2017-10-30 11:02:00,1.285365,1.28527,1.28511,1.285405
2017-10-30 11:03:00,1.28536,1.28536,1.285255,1.28538
2017-10-30 11:04:00,1.28531,1.285355,1.28526,1.2854
2017-10-30 11:05:00,1.28535,1.28533,1.285095,1.285355
2017-10-30 11:06:00,1.28557,1.285295,1.28523,1.285695
2017-10-30 11:07:00,1.28547,1.28562,1.28537,1.28562
2017-10-30 11:08:00,1.28537,1.285465,1.28537,1.285525
2017-10-30 11:09:00,1.285545,1.28542,1.28542,1.285595
2017-10-30 11:10:00,1.285675,1.28552,1.28542,1.285675
2017-10-30 11:11:00,1.285635,1.28565,1.285525,1.28572
2017-10-30 11:12:00,1.285705,1.28566,1.28566,1.285835
2017-10-30 11:13:00,1.28562,1.285715,1.28545,1.285725
2017-10-30 11:14:00,1.285975,1.28567,1.285665,1.285995
2017-10-30 11:15:00,1.285815,1.28598,1.2858,1.28599
2017-10-30 11:16:00,1.285865,1.28581,1.285785,1.285925
2017-10-30 11:17:00,1.28562,1.285805,1.285605,1.28581
2017-10-30 11:18:00,1.285655,1.285615,1.285585,1.28571
2017-10-30 11:19:00,1.285725,1.28563,1.28563,1.285775
2017-10-30 11:20:00,1.285635,1.28573,1.28558,1.28577
2017-10-30 11:21:00,1.28553,1.28568,1.285425,1.285745
2017-10-30 11:22:00,1.28575,1.28556,1.28551,1.285795
2017-10-30 11:23:00,1.285525,1.285695,1.285505,1.28577
2017-10-30 11:24:00,1.285635,1.285465,1.28544,1.28565
2017-10-30 11:25:00,1.285435,1.285625,1.2853,1.285635
2017-10-30 11:26:00,1.28541,1.285415,1.285355,1.285525
2017-10-30 11:27:00,1.28566,1.285405,1.285385,1.285665
2017-10-30 11:28:00,1.285625,1.28565,1.285575,1.285715
2017-10-30 11:29:00,1.28555,1.285605,1.28541,1.28566
2017-10-30 11:30:00,1.285675,1.285565,1.285565,1.285845
2017-10-30 11:31:00,1.285745,1.28567,1.28561,1.285755
2017-10-30 11:32:00,1.285865,1.285765,1.285755,1.285865
2017-10-30 11:33:00,1.285765,1.28586,1.285755,1.286015
2017-10-30 11:34:00,1.2858,1.28571,1.28564,1.285825
2017-10-30 11:35:00,1.28597,1.285795,1.28569,1.28597
2017-10-30 11:36:00,1.28595,1.28594,1.285865,1.286015
2017-10-30 11:37:00,1.285835,1.28601,1.28581,1.286105
2017-10-30 11:38:00,1.28568,1.28583,1.28568,1.285985
2017-10-30 11:39:00,1.285455,1.28568,1.285445,1.28578
2017-10-30 11:40:00,1.285175,1.285475,1.28509,1.285515
2017-10-30 11:41:00,1.284915,1.2852,1.2849,1.2853
2017-10-30 11:42:00,1.285285,1.28492,1.284815,1.28533
2017-10-30 11:43:00,1.285035,1.28528,1.28485,1.28528
2017-10-30 11:44:00,1.284965,1.28509,1.284925,1.285225
2017-10-30 11:45:00,1.28514,1.28502,1.285,1.285155
2017-10-30 11:46:00,1.285,1.285145,1.28486,1.285145
2017-10-30 11:47:00,1.284985,1.28499,1.284845,1.28506
2017-10-30 11:48:00,1.285045,1.285045,1.284925,1.28509
2017-10-30 11:49:00,1.28509,1.284985,1.28485,1.2851
2017-10-30 11:50:00,1.285,1.28506,1.28495,1.285085
2017-10-30 11:51:00,1.285095,1.28499,1.284985,1.285165
2017-10-30 11:52:00,1.285025,1.285105,1.285015,1.285135
2017-10-30 11:53:00,1.28475,1.28497,1.28474,1.28497
2017-10-30 11:54:00,1.2844,1.28473,1.284365,1.284825
2017-10-30 11:55:00,1.284425,1.284345,1.28434,1.28445
2017-10-30 11:56:00,1.284375,1.284435,1.28437,1.284525
2017-10-30 11:57:00,1.284345,1.28432,1.284305,1.284445
2017-10-30 11:58:00,1.28338,1.284345,1.28338,1.28443
2017-10-30 11:59:00,1.28325,1.283325,1.283205,1.283555
2017-10-30 12:00:00,1.28334,1.283255,1.28325,1.283395
2017-10-30 12:01:00,1.28386,1.283365,1.283365,1.28388
2017-10-30 12:02:00,1.28346,1.28387,1.2834,1.283885
2017-10-30 12:03:00,1.28367,1.283455,1.283315,1.2837
2017-10-30 12:04:00,1.2834,1.28372,1.28337,1.28379
2017-10-30 12:05:00,1.28365,1.283455,1.283455,1.2837
2017-10-30 12:06:00,1.28377,1.283595,1.28357,1.283775
2017-10-30 12:07:00,1.283765,1.28378,1.28376,1.283795
2017-10-30 12:08:00,1.28377,1.28377,1.28367,1.283825
2017-10-30 12:09:00,1.283775,1.283765,1.28371,1.28381
2017-10-30 12:10:00,1.283775,1.28378,1.28376,1.28382
2017-10-30 12:11:00,1.283625,1.28378,1.28361,1.28378
2017-10-30 12:12:00,1.283665,1.283625,1.28362,1.28371
2017-10-30 12:13:00,1.2837,1.283675,1.28356,1.28375
2017-10-30 12:14:00,1.28359,1.283695,1.28352,1.283695
2017-10-30 12:15:00,1.28368,1.283585,1.283585,1.283785
2017-10-30 12:16:00,1.283755,1.283625,1.283575,1.28376
2017-10-30 12:17:00,1.283705,1.28374,1.283705,1.28385
2017-10-30 12:18:00,1.28373,1.2837,1.28369,1.28391
2017-10-30 12:19:00,1.28384,1.283755,1.28374,1.28385
2017-10-30 12:20:00,1.283675,1.283845,1.28365,1.28388
2017-10-30 12:21:00,1.28365,1.283655,1.283635,1.283785
2017-10-30 12:22:00,1.28364,1.28367,1.283575,1.28371
2017-10-30 12:23:00,1.283415,1.28362,1.283415,1.283675
2017-10-30 12:24:00,1.28337,1.28336,1.28328,1.283455
2017-10-30 12:25:00,1.283255,1.28337,1.283255,1.283405
2017-10-30 12:26:00,1.283055,1.28328,1.283055,1.2833
2017-10-30 12:27:00,1.28243,1.28308,1.282365,1.2831
2017-10-30 12:28:00,1.28224,1.28244,1.282145,1.2826
2017-10-30 12:29:00,1.28236,1.282245,1.282245,1.282475
2017-10-30 12:30:00,1.28262,1.282365,1.282235,1.28272
2017-10-30 12:31:00,1.28264,1.282615,1.282535,1.282685
2017-10-30 12:32:00,1.282555,1.28265,1.28255,1.282675
2017-10-30 12:33:00,1.28256,1.28257,1.28245,1.28262
2017-10-30 12:34:00,1.28237,1.282505,1.28232,1.28257
2017-10-30 12:35:00,1.28225,1.282375,1.28218,1.28239
2017-10-30 12:36:00,1.282215,1.282245,1.28216,1.282325
2017-10-30 12:37:00,1.281915,1.28222,1.28187,1.28222
2017-10-30 12:38:00,1.28189,1.281895,1.28185,1.28203
2017-10-30 12:39:00,1.28187,1.281915,1.281815,1.28208
2017-10-30 12:40:00,1.28229,1.281875,1.281875,1.282325
2017-10-30 12:41:00,1.28239,1.28227,1.28212,1.28239
2017-10-30 12:42:00,1.282535,1.28236,1.28236,1.28277
2017-10-30 12:43:00,1.28247,1.28249,1.28224,1.28257
2017-10-30 12:44:00,1.28227,1.282525,1.282265,1.282655
2017-10-30 12:45:00,1.282305,1.28225,1.282245,1.28232
2017-10-30 12:46:00,1.282275,1.282305,1.28225,1.28231
2017-10-30 12:47:00,1.282325,1.28233,1.282275,1.282405
2017-10-30 12:48:00,1.28223,1.282275,1.28221,1.282275
2017-10-30 12:49:00,1.28246,1.282225,1.282225,1.28247
2017-10-30 12:50:00,1.282385,1.282465,1.282365,1.28257
2017-10-30 12:51:00,1.28231,1.282335,1.282285,1.28236
2017-10-30 12:52:00,1.282555,1.282305,1.2823,1.28257
2017-10-30 12:53:00,1.28278,1.282545,1.282545,1.28283
2017-10-30 12:54:00,1.28283,1.28283,1.282785,1.282885
2017-10-30 12:55:00,1.282695,1.28281,1.28268,1.282855
2017-10-30 12:56:00,1.282755,1.2827,1.282525,1.282785
2017-10-30 12:57:00,1.282705,1.28274,1.2825,1.282745
2017-10-30 12:58:00,1.28251,1.282685,1.28251,1.282685
2017-10-30 12:59:00,1.28255,1.282535,1.28248,1.282585
2017-10-30 13:00:00,1.28252,1.282555,1.28247,1.282565
2017-10-30 13:01:00,1.28229,1.282525,1.28228,1.28262
2017-10-30 13:02:00,1.28228,1.282235,1.28221,1.282375
2017-10-30 13:03:00,1.282335,1.282295,1.28226,1.282335
2017-10-30 13:04:00,1.2827,1.28236,1.28236,1.282705
2017-10-30 13:05:00,1.282425,1.282695,1.282385,1.2827
2017-10-30 13:06:00,1.28225,1.282365,1.282185,1.282385
2017-10-30 13:07:00,1.282325,1.28227,1.28227,1.282325
2017-10-30 13:08:00,1.282485,1.28232,1.28232,1.28249
2017-10-30 13:09:00,1.28289,1.28254,1.28253,1.2829
2017-10-30 13:10:00,1.282865,1.28288,1.28275,1.28289
2017-10-30 13:11:00,1.282755,1.282865,1.28272,1.282875
2017-10-30 13:12:00,1.28273,1.28274,1.28271,1.282775
2017-10-30 13:13:00,1.282655,1.28273,1.282655,1.28273
2017-10-30 13:14:00,1.282835,1.28268,1.282675,1.28284
2017-10-30 13:15:00,1.28285,1.282885,1.28285,1.28292
2017-10-30 13:16:00,1.282665,1.282845,1.282615,1.2829
2017-10-30 13:17:00,1.28256,1.28261,1.2825,1.28262
2017-10-30 13:18:00,1.28261,1.282505,1.282485,1.28263
2017-10-30 13:19:00,1.28261,1.282625,1.28254,1.28277
2017-10-30 13:20:00,1.282635,1.282595,1.28258,1.28264
2017-10-30 13:21:00,1.282675,1.282635,1.28262,1.282675
2017-10-30 13:22:00,1.282625,1.28267,1.28257,1.28267
2017-10-30 13:23:00,1.282795,1.28262,1.28262,1.282795
2017-10-30 13:24:00,1.282935,1.28279,1.28279,1.283025
2017-10-30 13:25:00,1.28293,1.282885,1.28288,1.282935
2017-10-30 13:26:00,1.28296,1.282985,1.28296,1.28305
2017-10-30 13:27:00,1.2831,1.28296,1.28295,1.28313
2017-10-30 13:28:00,1.282865,1.28308,1.282855,1.28308
2017-10-30 13:29:00,1.282745,1.28284,1.282735,1.28284
2017-10-30 13:30:00,1.28296,1.2828,1.2828,1.282975
2017-10-30 13:31:00,1.28295,1.283015,1.282945,1.283015
2017-10-30 13:32:00,1.28292,1.282955,1.28292,1.28296
2017-10-30 13:33:00,1.282985,1.28294,1.282885,1.282985
2017-10-30 13:34:00,1.283015,1.28298,1.28291,1.28303
2017-10-30 13:35:00,1.28323,1.28303,1.28303,1.28323
2017-10-30 13:36:00,1.28304,1.283245,1.28304,1.283255
2017-10-30 13:37:00,1.28305,1.283035,1.28303,1.28314
2017-10-30 13:38:00,1.283035,1.283035,1.283005,1.28306
2017-10-30 13:39:00,1.283095,1.28309,1.28309,1.283095
2017-10-30 13:40:00,1.283215,1.28315,1.28315,1.28326
2017-10-30 13:41:00,1.28327,1.28319,1.28319,1.283285
2017-10-30 13:42:00,1.28313,1.283255,1.283125,1.283255
2017-10-30 13:43:00,1.283095,1.2831,1.283005,1.2831
2017-10-30 13:44:00,1.283095,1.283085,1.283075,1.283105
2017-10-30 13:45:00,1.28313,1.2831,1.2831,1.283145
2017-10-30 13:46:00,1.283205,1.283125,1.28312,1.283215
2017-10-30 13:47:00,1.283165,1.28319,1.283165,1.28321
2017-10-30 13:48:00,1.283235,1.28315,1.283105,1.283245
2017-10-30 13:49:00,1.283345,1.28323,1.283225,1.283345
2017-10-30 13:50:00,1.28344,1.283375,1.283375,1.28344
2017-10-30 13:51:00,1.283475,1.283465,1.283465,1.283565
2017-10-30 13:52:00,1.28347,1.28348,1.283465,1.283515
2017-10-30 13:53:00,1.28332,1.283475,1.283305,1.283515
2017-10-30 13:54:00,1.28329,1.28332,1.28329,1.283325
2017-10-30 13:55:00,1.283315,1.283285,1.283215,1.283385
2017-10-30 13:56:00,1.28343,1.28333,1.28332,1.28344
2017-10-30 13:57:00,1.28349,1.283435,1.283425,1.28361
2017-10-30 13:58:00,1.283705,1.283515,1.283515,1.283715
2017-10-30 13:59:00,1.283615,1.2837,1.283575,1.283715
2017-10-30 14:00:00,1.28365,1.28361,1.283595,1.28379
2017-10-30 14:01:00,1.28357,1.283635,1.28357,1.28364
2017-10-30 14:02:00,1.28336,1.283565,1.28332,1.28363
2017-10-30 14:03:00,1.28304,1.28334,1.28292,1.28334
2017-10-30 14:04:00,1.28299,1.28306,1.28296,1.2831
2017-10-30 14:05:00,1.28325,1.282985,1.28296,1.28325
2017-10-30 14:06:00,1.283365,1.283225,1.28312,1.283365
2017-10-30 14:07:00,1.283365,1.28337,1.283295,1.283385
2017-10-30 14:08:00,1.28366,1.28338,1.28338,1.28367
2017-10-30 14:09:00,1.2837,1.28363,1.28355,1.283705
2017-10-30 14:10:00,1.283705,1.28371,1.28361,1.283735
2017-10-30 14:11:00,1.2837,1.2837,1.28359,1.283795
2017-10-30 14:12:00,1.28373,1.283695,1.28368,1.283785
2017-10-30 14:13:00,1.283665,1.28374,1.28362,1.28374
2017-10-30 14:14:00,1.28354,1.283645,1.28354,1.283655
2017-10-30 14:15:00,1.283615,1.28355,1.283515,1.28364
2017-10-30 14:16:00,1.283545,1.2836,1.28354,1.28362
2017-10-30 14:17:00,1.28358,1.28357,1.283545,1.283595
2017-10-30 14:18:00,1.28354,1.2836,1.283535,1.2836
2017-10-30 14:19:00,1.28345,1.28355,1.283445,1.28355
2017-10-30 14:20:00,1.283455,1.28339,1.283365,1.28346
2017-10-30 14:21:00,1.28353,1.28346,1.28344,1.283535
2017-10-30 14:22:00,1.28345,1.283545,1.28344,1.28355
2017-10-30 14:23:00,1.28342,1.283445,1.28335,1.28349
2017-10-30 14:24:00,1.28329,1.28343,1.283285,1.28343
2017-10-30 14:25:00,1.2834,1.283295,1.283295,1.2834
2017-10-30 14:26:00,1.28342,1.283375,1.28326,1.28342
2017-10-30 14:27:00,1.28345,1.28337,1.28337,1.2835
2017-10-30 14:28:00,1.28344,1.283455,1.28344,1.283545
2017-10-30 14:29:00,1.283595,1.283465,1.283465,1.283625
2017-10-30 14:30:00,1.2837,1.2836,1.28358,1.283765
2017-10-30 14:31:00,1.283715,1.28365,1.283635,1.283715
2017-10-30 14:32:00,1.283825,1.283765,1.28376,1.283835
2017-10-30 14:33:00,1.28382,1.283825,1.283795,1.283855
2017-10-30 14:34:00,1.2838,1.283825,1.28376,1.283825
2017-10-30 14:35:00,1.28375,1.283805,1.28374,1.283835
2017-10-30 14:36:00,1.28369,1.283765,1.28367,1.283765
2017-10-30 14:37:00,1.283505,1.28368,1.283475,1.2837
2017-10-30 14:38:00,1.28344,1.283555,1.28344,1.28361
2017-10-30 14:39:00,1.283535,1.283435,1.283435,1.28354
2017-10-30 14:40:00,1.28369,1.28353,1.28353,1.28369
2017-10-30 14:41:00,1.28384,1.283705,1.283695,1.28384
2017-10-30 14:42:00,1.283795,1.28379,1.28378,1.28382
2017-10-30 14:43:00,1.283785,1.283785,1.28377,1.283805
2017-10-30 14:44:00,1.28384,1.28378,1.28373,1.28384
2017-10-30 14:45:00,1.283855,1.283815,1.283815,1.283875
2017-10-30 14:46:00,1.283795,1.283845,1.283795,1.28385
2017-10-30 14:47:00,1.283715,1.28379,1.283715,1.2838
2017-10-30 14:48:00,1.283735,1.283735,1.283735,1.283735
2017-10-30 14:49:00,1.28355,1.283685,1.28352,1.283685
2017-10-30 14:50:00,1.28365,1.283525,1.28345,1.28365
2017-10-30 14:51:00,1.28363,1.28367,1.2835,1.28367
2017-10-30 14:52:00,1.283465,1.28368,1.283465,1.283775
2017-10-30 14:53:00,1.28358,1.28346,1.28346,1.28364
2017-10-30 14:54:00,1.283605,1.283585,1.28358,1.28362
2017-10-30 14:55:00,1.28356,1.283605,1.28355,1.28367
2017-10-30 14:56:00,1.283665,1.28361,1.28361,1.283685
2017-10-30 14:57:00,1.28365,1.28367,1.28362,1.28372
2017-10-30 14:58:00,1.283735,1.283705,1.28368,1.283775
2017-10-30 14:59:00,1.283655,1.28374,1.283645,1.28375
2017-10-30 15:00:00,1.2835,1.283645,1.2835,1.28365
2017-10-30 15:01:00,1.28353,1.283485,1.283375,1.28353
2017-10-30 15:02:00,1.28358,1.283525,1.283515,1.283605
2017-10-30 15:03:00,1.283545,1.283585,1.28352,1.283615
2017-10-30 15:04:00,1.283635,1.2836,1.283595,1.283635
2017-10-30 15:05:00,1.28332,1.283635,1.28332,1.283635
2017-10-30 15:06:00,1.28336,1.28333,1.28332,1.283365
2017-10-30 15:07:00,1.28339,1.283365,1.28336,1.2834
2017-10-30 15:08:00,1.28345,1.28339,1.28339,1.28346
2017-10-30 15:09:00,1.283365,1.28348,1.283315,1.283505
2017-10-30 15:10:00,1.28338,1.28336,1.283335,1.28338
2017-10-30 15:11:00,1.283385,1.283385,1.283385,1.283385
2017-10-30 15:12:00,1.283385,1.283385,1.283385,1.283385
2017-10-30 15:13:00,1.283385,1.283385,1.283385,1.283385
2017-10-30 15:14:00,1.283445,1.28338,1.28337,1.28346
2017-10-30 15:15:00,1.283515,1.283425,1.28335,1.283525
2017-10-30 15:16:00,1.283455,1.28351,1.28339,1.28351
2017-10-30 15:17:00,1.283345,1.283405,1.28334,1.283445
2017-10-30 15:18:00,1.28341,1.28335,1.28331,1.28341
2017-10-30 15:19:00,1.28337,1.28341,1.283355,1.28349
2017-10-30 15:20:00,1.28336,1.28338,1.28335,1.28347
2017-10-30 15:21:00,1.283255,1.2833,1.28317,1.283305
2017-10-30 15:22:00,1.28322,1.283255,1.283215,1.283315
2017-10-30 15:23:00,1.28313,1.2832,1.28313,1.2832
2017-10-30 15:24:00,1.283145,1.283105,1.283105,1.283155
2017-10-30 15:25:00,1.283145,1.283105,1.283105,1.283155
2017-10-30 15:26:00,1.283145,1.283105,1.283105,1.283155
2017-10-30 15:27:00,1.28294,1.28312,1.282915,1.28312
2017-10-30 15:28:00,1.28296,1.28296,1.282955,1.283025
2017-10-30 15:29:00,1.282975,1.282985,1.282925,1.282985
2017-10-30 15:30:00,1.28312,1.28298,1.28297,1.283125
2017-10-30 15:31:00,1.2829,1.28306,1.28287,1.28306
2017-10-30 15:32:00,1.282935,1.282905,1.2829,1.28295
2017-10-30 15:33:00,1.282875,1.28288,1.282815,1.282885
2017-10-30 15:34:00,1.282885,1.28287,1.28287,1.282925
2017-10-30 15:35:00,1.28293,1.282935,1.282915,1.283015
2017-10-30 15:36:00,1.282755,1.28294,1.282745,1.28295
2017-10-30 15:37:00,1.28275,1.282755,1.282735,1.28278
2017-10-30 15:38:00,1.28284,1.282805,1.282775,1.28284
2017-10-30 15:39:00,1.28279,1.282855,1.282785,1.282875
2017-10-30 15:40:00,1.28283,1.282845,1.282815,1.28285
2017-10-30 15:41:00,1.28279,1.28282,1.282775,1.282835
2017-10-30 15:42:00,1.28277,1.282785,1.28276,1.282805
2017-10-30 15:43:00,1.28266,1.282765,1.28266,1.28277
2017-10-30 15:44:00,1.282705,1.282635,1.282635,1.282785
2017-10-30 15:45:00,1.282645,1.28271,1.28262,1.28272
2017-10-30 15:46:00,1.282665,1.28264,1.282635,1.282665
2017-10-30 15:47:00,1.282495,1.28267,1.282495,1.28267
2017-10-30 15:48:00,1.28264,1.282545,1.28251,1.28264
2017-10-30 15:49:00,1.28276,1.28264,1.28257,1.28276
2017-10-30 15:50:00,1.282635,1.282755,1.28263,1.282765
2017-10-30 15:51:00,1.282535,1.28258,1.282505,1.28261
2017-10-30 15:52:00,1.282375,1.28251,1.2823,1.28251
2017-10-30 15:53:00,1.28251,1.28237,1.282365,1.28252
2017-10-30 15:54:00,1.28249,1.282505,1.28249,1.282545
2017-10-30 15:55:00,1.282465,1.28249,1.28246,1.28258
2017-10-30 15:56:00,1.28247,1.28247,1.28242,1.28257
2017-10-30 15:57:00,1.282325,1.28249,1.282325,1.282515
2017-10-30 15:58:00,1.28199,1.28228,1.28189,1.282305
2017-10-30 15:59:00,1.281895,1.281995,1.281885,1.281995
2017-10-30 16:00:00,1.282015,1.281875,1.281875,1.28203
2017-10-30 16:01:00,1.281955,1.28202,1.2819,1.28208
2017-10-30 16:02:00,1.28203,1.28195,1.28188,1.28203
2017-10-30 16:03:00,1.28198,1.282085,1.28198,1.28209
2017-10-30 16:04:00,1.28199,1.281925,1.28192,1.282
2017-10-30 16:05:00,1.281915,1.28196,1.2819,1.28196
2017-10-30 16:06:00,1.281885,1.281955,1.281885,1.281955
2017-10-30 16:07:00,1.281885,1.281955,1.281885,1.281955
2017-10-30 16:08:00,1.28193,1.281935,1.281925,1.281945
2017-10-30 16:09:00,1.281935,1.28194,1.28193,1.281945
2017-10-30 16:10:00,1.281935,1.28194,1.281925,1.28194
2017-10-30 16:11:00,1.28193,1.28194,1.281925,1.28195
2017-10-30 16:12:00,1.281915,1.28193,1.281895,1.281955
2017-10-30 16:13:00,1.28209,1.2819,1.28188,1.28212
2017-10-30 16:14:00,1.282095,1.282145,1.282075,1.28215
2017-10-30 16:15:00,1.28203,1.282115,1.28203,1.282125
2017-10-30 16:16:00,1.282035,1.28203,1.28197,1.282115
2017-10-30 16:17:00,1.2824,1.28204,1.28203,1.2824
2017-10-30 16:18:00,1.28231,1.28238,1.28229,1.28238
2017-10-30 16:19:00,1.282275,1.282315,1.282175,1.28232
2017-10-30 16:20:00,1.28222,1.28228,1.2822,1.282285
2017-10-30 16:21:00,1.28252,1.28222,1.282215,1.282565
2017-10-30 16:22:00,1.28253,1.282535,1.28249,1.282735
2017-10-30 16:23:00,1.282525,1.28253,1.28252,1.28254
2017-10-30 16:24:00,1.28253,1.282525,1.28252,1.282545
2017-10-30 16:25:00,1.28251,1.28253,1.282505,1.28253
2017-10-30 16:26:00,1.28242,1.282515,1.28242,1.28253
2017-10-30 16:27:00,1.28235,1.28237,1.28234,1.28237
2017-10-30 16:28:00,1.28228,1.282295,1.282275,1.282295
2017-10-30 16:29:00,1.28224,1.28231,1.28224,1.28231
2017-10-30 16:30:00,1.28224,1.28231,1.28224,1.28231
2017-10-30 16:31:00,1.28224,1.28231,1.28224,1.28231
2017-10-30 16:32:00,1.282335,1.28226,1.282225,1.282365
2017-10-30 16:33:00,1.28232,1.28233,1.282245,1.282335
2017-10-30 16:34:00,1.282375,1.282335,1.282265,1.28239
2017-10-30 16:35:00,1.282405,1.28239,1.28239,1.282405
2017-10-30 16:36:00,1.282515,1.282395,1.28239,1.282515
2017-10-30 16:37:00,1.28252,1.282495,1.282495,1.28254
2017-10-30 16:38:00,1.28251,1.282515,1.282505,1.28253
2017-10-30 16:39:00,1.28245,1.282515,1.28245,1.28254
2017-10-30 16:40:00,1.28238,1.28242,1.28237,1.282435
2017-10-30 16:41:00,1.282315,1.282375,1.282275,1.28238
2017-10-30 16:42:00,1.28223,1.28226,1.28222,1.28226
2017-10-30 16:43:00,1.28239,1.282235,1.282235,1.28239
2017-10-30 16:44:00,1.282375,1.282405,1.282355,1.282425
2017-10-30 16:45:00,1.282415,1.282405,1.282405,1.282505
2017-10-30 16:46:00,1.28256,1.28243,1.28243,1.28256
2017-10-30 16:47:00,1.28255,1.282535,1.28248,1.282635
2017-10-30 16:48:00,1.282595,1.28249,1.28248,1.282595
2017-10-30 16:49:00,1.282735,1.282605,1.282605,1.2828
2017-10-30 16:50:00,1.28298,1.28274,1.282725,1.28303
2017-10-30 16:51:00,1.28303,1.282925,1.28292,1.28303
2017-10-30 16:52:00,1.283205,1.283015,1.2829,1.28324
2017-10-30 16:53:00,1.28312,1.283245,1.282915,1.283245
2017-10-30 16:54:00,1.28307,1.283115,1.28307,1.28313
2017-10-30 16:55:00,1.283205,1.283135,1.28311,1.28325
2017-10-30 16:56:00,1.28314,1.283215,1.28309,1.283215
2017-10-30 16:57:00,1.283305,1.283145,1.283145,1.28331
2017-10-30 16:58:00,1.283385,1.28332,1.28332,1.28341
2017-10-30 17:04:00,1.28327,1.283395,1.28324,1.283665
2017-10-30 17:05:00,1.283395,1.283255,1.28315,1.28354
2017-10-30 17:06:00,1.28314,1.28331,1.28298,1.283445
2017-10-30 17:07:00,1.28307,1.28313,1.28295,1.283205
2017-10-30 17:08:00,1.28303,1.28305,1.282985,1.28305
2017-10-30 17:09:00,1.282925,1.28301,1.28292,1.28301
2017-10-30 17:10:00,1.282835,1.282905,1.282815,1.282905
2017-10-30 17:11:00,1.28277,1.282825,1.282645,1.282825
2017-10-30 17:12:00,1.28276,1.282795,1.282705,1.28282
2017-10-30 17:13:00,1.28281,1.282775,1.282705,1.28281
2017-10-30 17:14:00,1.28284,1.282885,1.28284,1.2829
2017-10-30 17:15:00,1.28279,1.282855,1.28279,1.28287
2017-10-30 17:16:00,1.282805,1.28286,1.282775,1.282925
2017-10-30 17:17:00,1.28277,1.28279,1.282745,1.28302
2017-10-30 17:18:00,1.28283,1.282795,1.282785,1.28285
2017-10-30 17:19:00,1.282885,1.28283,1.28281,1.283175
2017-10-30 17:20:00,1.282835,1.282875,1.282815,1.28289
2017-10-30 17:21:00,1.282755,1.28283,1.28274,1.28296
2017-10-30 17:22:00,1.28288,1.28275,1.28271,1.28293
2017-10-30 17:23:00,1.28279,1.282785,1.28275,1.28281
2017-10-30 17:24:00,1.282955,1.28286,1.28286,1.28297
2017-10-30 17:25:00,1.28289,1.282965,1.282875,1.283065
2017-10-30 17:26:00,1.28286,1.28286,1.28286,1.28286
2017-10-30 17:27:00,1.28286,1.28286,1.28286,1.28286
2017-10-30 17:28:00,1.28286,1.28286,1.28286,1.28286
2017-10-30 17:29:00,1.28286,1.28286,1.28286,1.28286
2017-10-30 17:30:00,1.282985,1.282885,1.282885,1.282985
2017-10-30 17:31:00,1.28305,1.283015,1.283015,1.28305
2017-10-30 17:32:00,1.28304,1.28308,1.28304,1.283135
2017-10-30 17:33:00,1.28303,1.283045,1.28297,1.283065
2017-10-30 17:34:00,1.283105,1.283105,1.283105,1.283105
2017-10-30 17:35:00,1.28316,1.283135,1.283135,1.28316
2017-10-30 17:36:00,1.28316,1.283135,1.283135,1.28316
2017-10-30 17:37:00,1.282965,1.28309,1.282965,1.283095
2017-10-30 17:38:00,1.282935,1.282965,1.282905,1.28299
2017-10-30 17:39:00,1.282915,1.28293,1.282835,1.282975
2017-10-30 17:40:00,1.28292,1.28291,1.28286,1.28294
2017-10-30 17:41:00,1.28292,1.28291,1.28286,1.28294
2017-10-30 17:42:00,1.282895,1.28289,1.282795,1.282895
2017-10-30 17:43:00,1.282885,1.282895,1.282875,1.282905
2017-10-30 17:44:00,1.28286,1.282875,1.282795,1.28289
2017-10-30 17:45:00,1.28279,1.282865,1.28277,1.28287
2017-10-30 17:46:00,1.282785,1.282785,1.282745,1.282885
2017-10-30 17:47:00,1.2828,1.282765,1.282765,1.282835
2017-10-30 17:48:00,1.2828,1.282765,1.282765,1.282835
2017-10-30 17:49:00,1.282845,1.282825,1.282825,1.282845
2017-10-30 17:50:00,1.282845,1.282825,1.282825,1.282845
2017-10-30 17:51:00,1.282845,1.282825,1.282825,1.282845
2017-10-30 17:52:00,1.28282,1.28282,1.28282,1.28282
2017-10-30 17:53:00,1.282845,1.2828,1.2828,1.2829
2017-10-30 17:54:00,1.282805,1.282865,1.282805,1.28289
2017-10-30 17:55:00,1.282805,1.282805,1.282795,1.282805
2017-10-30 17:56:00,1.282845,1.28281,1.282805,1.282855
2017-10-30 17:57:00,1.28288,1.282855,1.28285,1.28288
2017-10-30 17:58:00,1.282845,1.2829,1.28281,1.28293
2017-10-30 17:59:00,1.282775,1.282835,1.282775,1.282845
2017-10-30 18:00:00,1.282865,1.28278,1.28278,1.282875
2017-10-30 18:01:00,1.282975,1.28285,1.282805,1.28299
2017-10-30 18:02:00,1.282985,1.28297,1.28297,1.28299
2017-10-30 18:03:00,1.282985,1.28297,1.28297,1.28299
2017-10-30 18:04:00,1.282985,1.28297,1.28297,1.28299
2017-10-30 18:05:00,1.282935,1.28296,1.282875,1.282965
2017-10-30 18:06:00,1.28287,1.282865,1.28281,1.28289
2017-10-30 18:07:00,1.28289,1.28289,1.28289,1.28289
2017-10-30 18:08:00,1.28289,1.28289,1.28289,1.28289
2017-10-30 18:09:00,1.282815,1.28283,1.28281,1.28283
2017-10-30 18:10:00,1.282805,1.282815,1.2828,1.282815
2017-10-30 18:11:00,1.28284,1.282815,1.282785,1.28284
2017-10-30 18:12:00,1.28274,1.282815,1.28274,1.282815
2017-10-30 18:13:00,1.28274,1.282815,1.28274,1.282815
2017-10-30 18:14:00,1.28272,1.28272,1.28272,1.28272
2017-10-30 18:15:00,1.282725,1.28278,1.282725,1.282785
2017-10-30 18:16:00,1.282775,1.282755,1.282755,1.282775
2017-10-30 18:17:00,1.28284,1.282795,1.282795,1.28284
2017-10-30 18:18:00,1.28284,1.282795,1.282795,1.28284
2017-10-30 18:19:00,1.282735,1.28278,1.282735,1.28278
2017-10-30 18:20:00,1.282725,1.28275,1.28272,1.28275
2017-10-30 18:21:00,1.282735,1.282735,1.28273,1.28274
2017-10-30 18:22:00,1.28274,1.28273,1.282725,1.28275
2017-10-30 18:23:00,1.282735,1.28274,1.28273,1.282755
2017-10-30 18:24:00,1.282735,1.282735,1.282725,1.282755
2017-10-30 18:25:00,1.282745,1.28274,1.28273,1.282755
2017-10-30 18:26:00,1.282745,1.28274,1.28273,1.282755
2017-10-30 18:27:00,1.28274,1.28275,1.28273,1.28276
2017-10-30 18:28:00,1.28291,1.28274,1.28274,1.28296
2017-10-30 18:29:00,1.282935,1.28291,1.2829,1.28294
2017-10-30 18:30:00,1.28293,1.282935,1.28292,1.282945
2017-10-30 18:31:00,1.283095,1.282935,1.28293,1.283105
2017-10-30 18:32:00,1.283095,1.283085,1.28308,1.283105
2017-10-30 18:33:00,1.283155,1.283095,1.283095,1.283205
2017-10-30 18:34:00,1.28315,1.28316,1.283145,1.283175
2017-10-30 18:35:00,1.283165,1.28316,1.283125,1.283175
2017-10-30 18:36:00,1.283365,1.283215,1.283215,1.28337
2017-10-30 18:37:00,1.283205,1.28335,1.283195,1.2834
2017-10-30 18:38:00,1.28321,1.28316,1.28316,1.28326
2017-10-30 18:39:00,1.283175,1.28319,1.283175,1.283195
2017-10-30 18:40:00,1.283185,1.28319,1.28318,1.28322
2017-10-30 18:41:00,1.28327,1.28319,1.283175,1.283315
2017-10-30 18:42:00,1.28327,1.28327,1.28327,1.28327
2017-10-30 18:43:00,1.28327,1.28327,1.28327,1.28327
2017-10-30 18:44:00,1.28327,1.28333,1.28327,1.28333
2017-10-30 18:45:00,1.28329,1.28329,1.28329,1.28329
2017-10-30 18:46:00,1.28329,1.28329,1.28329,1.28329
2017-10-30 18:47:00,1.283335,1.28334,1.28333,1.283345
2017-10-30 18:48:00,1.283335,1.28333,1.28333,1.28334
2017-10-30 18:49:00,1.28332,1.28333,1.2833,1.283335
2017-10-30 18:50:00,1.28328,1.283315,1.28328,1.283325
2017-10-30 18:51:00,1.283275,1.283275,1.28327,1.28328
2017-10-30 18:52:00,1.28327,1.283275,1.283265,1.28329
2017-10-30 18:53:00,1.283235,1.283235,1.283235,1.283235
2017-10-30 18:54:00,1.283235,1.283235,1.283235,1.283235
2017-10-30 18:55:00,1.283235,1.283235,1.283235,1.283235
2017-10-30 18:56:00,1.283235,1.283235,1.283235,1.283235
2017-10-30 18:57:00,1.283285,1.283255,1.283255,1.283285
2017-10-30 18:58:00,1.28331,1.28331,1.28331,1.28331
2017-10-30 18:59:00,1.28331,1.28331,1.28331,1.28331
2017-10-30 19:00:00,1.28331,1.28331,1.28331,1.28331
2017-10-30 19:01:00,1.28327,1.283335,1.283265,1.28336
2017-10-30 19:02:00,1.283215,1.28326,1.2832,1.283265
2017-10-30 19:03:00,1.28316,1.283205,1.283115,1.283225
2017-10-30 19:04:00,1.283105,1.28317,1.283105,1.28317
2017-10-30 19:05:00,1.283035,1.28308,1.28301,1.28308
2017-10-30 19:06:00,1.28304,1.283025,1.283015,1.283045
2017-10-30 19:07:00,1.283025,1.283035,1.28302,1.283035
2017-10-30 19:08:00,1.283015,1.283025,1.28301,1.283035
2017-10-30 19:09:00,1.28308,1.28302,1.28296,1.28308
2017-10-30 19:10:00,1.283105,1.28307,1.28307,1.283105
2017-10-30 19:11:00,1.28316,1.28311,1.28311,1.283185
2017-10-30 19:12:00,1.28318,1.283165,1.28312,1.28318
2017-10-30 19:13:00,1.283175,1.283175,1.283175,1.283175
2017-10-30 19:14:00,1.283205,1.283165,1.28316,1.283205
2017-10-30 19:15:00,1.283205,1.283165,1.28316,1.283205
2017-10-30 19:16:00,1.28324,1.28326,1.28324,1.283265
2017-10-30 19:17:00,1.283135,1.283235,1.28311,1.283235
2017-10-30 19:18:00,1.283165,1.28313,1.283125,1.283175
2017-10-30 19:19:00,1.28313,1.28316,1.283125,1.28316
2017-10-30 19:20:00,1.28296,1.283125,1.282955,1.28313
2017-10-30 19:21:00,1.282985,1.28295,1.28294,1.283005
2017-10-30 19:22:00,1.282985,1.28295,1.28294,1.283005
2017-10-30 19:23:00,1.282985,1.28295,1.28294,1.283005
2017-10-30 19:24:00,1.282965,1.282965,1.28296,1.28297
2017-10-30 19:25:00,1.28297,1.28297,1.282955,1.282985
2017-10-30 19:26:00,1.28288,1.283025,1.28288,1.283025
2017-10-30 19:27:00,1.28284,1.282945,1.28283,1.282955
2017-10-30 19:28:00,1.28278,1.282815,1.282775,1.282845
2017-10-30 19:29:00,1.282885,1.282835,1.282835,1.282885
2017-10-30 19:30:00,1.282875,1.28289,1.282875,1.282915
2017-10-30 19:31:00,1.282945,1.2829,1.2829,1.282945
2017-10-30 19:32:00,1.28292,1.28292,1.28292,1.28292
2017-10-30 19:33:00,1.28295,1.282895,1.282895,1.28296
2017-10-30 19:34:00,1.282895,1.282955,1.282895,1.282955
2017-10-30 19:35:00,1.282915,1.282915,1.282915,1.282915
2017-10-30 19:36:00,1.282885,1.28294,1.282875,1.28294
2017-10-30 19:37:00,1.28287,1.282885,1.282865,1.282895
2017-10-30 19:38:00,1.282875,1.282875,1.28285,1.282885
2017-10-30 19:39:00,1.28287,1.28285,1.282845,1.28287
2017-10-30 19:40:00,1.2829,1.28287,1.28286,1.282915
2017-10-30 19:41:00,1.282885,1.28294,1.282885,1.28294
2017-10-30 19:42:00,1.28268,1.282825,1.282675,1.282825
2017-10-30 19:43:00,1.28283,1.28272,1.2827,1.282835
2017-10-30 19:44:00,1.282825,1.28284,1.28282,1.282855
2017-10-30 19:45:00,1.28276,1.282825,1.28276,1.28283
2017-10-30 19:46:00,1.28278,1.28278,1.28277,1.28281
2017-10-30 19:47:00,1.282785,1.282765,1.282765,1.282785
2017-10-30 19:48:00,1.282775,1.282795,1.282775,1.282805
2017-10-30 19:49:00,1.282775,1.28278,1.282775,1.282785
2017-10-30 19:50:00,1.28275,1.28277,1.282745,1.282775
2017-10-30 19:51:00,1.282765,1.28275,1.28275,1.28277
2017-10-30 19:52:00,1.282765,1.282755,1.28275,1.28277
2017-10-30 19:53:00,1.28276,1.28277,1.282755,1.28277
2017-10-30 19:54:00,1.28272,1.28276,1.282715,1.28281
2017-10-30 19:55:00,1.28272,1.28276,1.282715,1.28281
2017-10-30 19:56:00,1.28272,1.28276,1.282715,1.28281
2017-10-30 19:57:00,1.282555,1.28265,1.28253,1.28265
2017-10-30 19:58:00,1.28256,1.28256,1.28253,1.282585
2017-10-30 19:59:00,1.2826,1.28257,1.28255,1.2826
2017-10-30 20:00:00,1.282605,1.282595,1.282575,1.282655
2017-10-30 20:01:00,1.282675,1.28261,1.2826,1.28272
2017-10-30 20:02:00,1.282675,1.28268,1.28266,1.28273
2017-10-30 20:03:00,1.28274,1.28267,1.282645,1.282745
2017-10-30 20:04:00,1.28283,1.28272,1.28268,1.282845
2017-10-30 20:05:00,1.28281,1.282825,1.28278,1.28283
2017-10-30 20:06:00,1.282755,1.282815,1.28272,1.28287
2017-10-30 20:07:00,1.28275,1.28276,1.282745,1.282765
2017-10-30 20:08:00,1.28279,1.282755,1.282755,1.282815
2017-10-30 20:09:00,1.28296,1.28277,1.28277,1.283
2017-10-30 20:10:00,1.283055,1.282965,1.28296,1.28309
2017-10-30 20:11:00,1.28319,1.28307,1.283065,1.2832
2017-10-30 20:12:00,1.28334,1.28318,1.283175,1.283345
2017-10-30 20:13:00,1.28335,1.28334,1.283335,1.283415
2017-10-30 20:14:00,1.283265,1.28333,1.283255,1.283365
2017-10-30 20:15:00,1.28329,1.28326,1.283255,1.283295
2017-10-30 20:16:00,1.283415,1.283285,1.28328,1.28342
2017-10-30 20:17:00,1.28347,1.28341,1.283395,1.283515
2017-10-30 20:18:00,1.28352,1.28352,1.28351,1.28354
2017-10-30 20:19:00,1.28333,1.283505,1.28333,1.283515
2017-10-30 20:20:00,1.283325,1.283325,1.283305,1.283345
2017-10-30 20:21:00,1.283345,1.283325,1.2833,1.283345
2017-10-30 20:22:00,1.283295,1.28334,1.283295,1.28334
2017-10-30 20:23:00,1.28311,1.28324,1.283075,1.28327
2017-10-30 20:24:00,1.283035,1.283085,1.28303,1.283085
2017-10-30 20:25:00,1.28303,1.28303,1.28302,1.28304
2017-10-30 20:26:00,1.28305,1.28303,1.28302,1.283065
2017-10-30 20:27:00,1.2829,1.28305,1.282825,1.28305
2017-10-30 20:28:00,1.28287,1.28287,1.28287,1.28287
2017-10-30 20:29:00,1.28287,1.282815,1.282735,1.2829
2017-10-30 20:30:00,1.283095,1.282865,1.28286,1.28314
2017-10-30 20:31:00,1.283275,1.2831,1.2831,1.28331
2017-10-30 20:32:00,1.2833,1.28329,1.283225,1.28331
2017-10-30 20:33:00,1.28329,1.283295,1.283255,1.28331
2017-10-30 20:34:00,1.283265,1.283285,1.283245,1.28331
2017-10-30 20:35:00,1.283295,1.28327,1.283245,1.28332
2017-10-30 20:36:00,1.283325,1.283305,1.2833,1.283435
2017-10-30 20:37:00,1.28313,1.2833,1.28313,1.2833
2017-10-30 20:38:00,1.283225,1.283135,1.28313,1.283265
2017-10-30 20:39:00,1.283265,1.28322,1.28322,1.283315
2017-10-30 20:40:00,1.283335,1.283265,1.283265,1.28334
2017-10-30 20:41:00,1.28326,1.28328,1.2832,1.28328
2017-10-30 20:42:00,1.283245,1.283255,1.28324,1.283265
2017-10-30 20:43:00,1.28318,1.283245,1.28318,1.28326
2017-10-30 20:44:00,1.283265,1.28317,1.283125,1.28327
2017-10-30 20:45:00,1.283245,1.283275,1.2832,1.283295
2017-10-30 20:46:00,1.28342,1.28327,1.28327,1.28351
2017-10-30 20:47:00,1.283345,1.28337,1.283235,1.28337
2017-10-30 20:48:00,1.283325,1.28334,1.283305,1.283405
2017-10-30 20:49:00,1.28331,1.283305,1.283205,1.28331
2017-10-30 20:50:00,1.283285,1.28337,1.28323,1.2834
2017-10-30 20:51:00,1.283395,1.283255,1.28325,1.283455
2017-10-30 20:52:00,1.283405,1.283415,1.2834,1.283435
2017-10-30 20:53:00,1.28343,1.28341,1.283405,1.28345
2017-10-30 20:54:00,1.28336,1.283435,1.28336,1.28347
2017-10-30 20:55:00,1.28331,1.28336,1.283225,1.283465
2017-10-30 20:56:00,1.2834,1.283315,1.28328,1.28343
2017-10-30 20:57:00,1.283375,1.283405,1.28335,1.283415
2017-10-30 20:58:00,1.283625,1.283385,1.283375,1.28363
2017-10-30 20:59:00,1.28363,1.283635,1.283575,1.283635
2017-10-30 21:00:00,1.283565,1.283605,1.28356,1.28366
2017-10-30 21:01:00,1.28364,1.283575,1.28356,1.28388
2017-10-30 21:02:00,1.28376,1.283635,1.283585,1.283785
2017-10-30 21:03:00,1.28378,1.283745,1.28372,1.28381
2017-10-30 21:04:00,1.283635,1.28373,1.283575,1.28377
2017-10-30 21:05:00,1.2837,1.28364,1.283635,1.283745
2017-10-30 21:06:00,1.28371,1.28364,1.283585,1.283725
2017-10-30 21:07:00,1.283815,1.28373,1.283725,1.283885
2017-10-30 21:08:00,1.283635,1.28376,1.283595,1.28376
2017-10-30 21:09:00,1.283725,1.283685,1.283685,1.283865
2017-10-30 21:10:00,1.283685,1.283715,1.28366,1.283715
2017-10-30 21:11:00,1.283655,1.2837,1.283545,1.2837
2017-10-30 21:12:00,1.28345,1.28364,1.283445,1.28365
2017-10-30 21:13:00,1.28355,1.28345,1.28344,1.283555
2017-10-30 21:14:00,1.28377,1.283565,1.283565,1.283785
2017-10-30 21:15:00,1.28388,1.283775,1.283765,1.283945
2017-10-30 21:16:00,1.283785,1.283825,1.283695,1.28383
2017-10-30 21:17:00,1.28384,1.283835,1.283785,1.28385
2017-10-30 21:18:00,1.28384,1.283835,1.283785,1.28385
2017-10-30 21:19:00,1.28383,1.2839,1.283815,1.28392
2017-10-30 21:20:00,1.283805,1.28385,1.283795,1.28386
2017-10-30 21:21:00,1.28365,1.283805,1.283625,1.283815
2017-10-30 21:22:00,1.283755,1.28366,1.28363,1.283755
2017-10-30 21:23:00,1.283605,1.283765,1.283605,1.283765
2017-10-30 21:24:00,1.283555,1.283555,1.28355,1.283565
2017-10-30 21:25:00,1.28344,1.28355,1.28342,1.28355
2017-10-30 21:26:00,1.2836,1.283445,1.283435,1.2836
2017-10-30 21:27:00,1.283605,1.28361,1.283605,1.28361
2017-10-30 21:28:00,1.283615,1.283615,1.283605,1.28363
2017-10-30 21:29:00,1.283515,1.283615,1.28351,1.283615
2017-10-30 21:30:00,1.283725,1.283535,1.283535,1.283725
2017-10-30 21:31:00,1.28375,1.28375,1.28375,1.28375
2017-10-30 21:32:00,1.283895,1.28377,1.28377,1.2839
2017-10-30 21:33:00,1.283995,1.283945,1.283905,1.284015
2017-10-30 21:34:00,1.28389,1.28399,1.283875,1.28399
2017-10-30 21:35:00,1.28405,1.28395,1.28395,1.28409
2017-10-30 21:36:00,1.283995,1.28405,1.283985,1.28409
2017-10-30 21:37:00,1.28399,1.283995,1.283985,1.28401
2017-10-30 21:38:00,1.283995,1.28399,1.28398,1.284015
2017-10-30 21:39:00,1.284005,1.283985,1.283985,1.28403
2017-10-30 21:40:00,1.283985,1.28401,1.283965,1.28401
2017-10-30 21:41:00,1.28395,1.28393,1.283915,1.28395
2017-10-30 21:42:00,1.28394,1.28395,1.28394,1.283955
2017-10-30 21:43:00,1.283945,1.283935,1.28393,1.283945
2017-10-30 21:44:00,1.28394,1.28394,1.283935,1.28395
2017-10-30 21:45:00,1.283945,1.283945,1.283945,1.283945
2017-10-30 21:46:00,1.283945,1.28394,1.283935,1.28395
2017-10-30 21:47:00,1.28391,1.28394,1.283905,1.284075
2017-10-30 21:48:00,1.283935,1.283925,1.28391,1.28394
2017-10-30 21:49:00,1.283955,1.283945,1.283935,1.283985
2017-10-30 21:50:00,1.28404,1.28398,1.28398,1.284055
2017-10-30 21:51:00,1.28409,1.284045,1.284,1.284125
2017-10-30 21:52:00,1.28411,1.284065,1.284065,1.28412
2017-10-30 21:53:00,1.28409,1.2841,1.28404,1.28411
2017-10-30 21:54:00,1.284015,1.284095,1.284005,1.284095
2017-10-30 21:55:00,1.28399,1.28401,1.283985,1.284015
2017-10-30 21:56:00,1.28398,1.283985,1.28396,1.28401
2017-10-30 21:57:00,1.284065,1.283985,1.283985,1.284065
2017-10-30 21:58:00,1.28411,1.284115,1.284085,1.28413
2017-10-30 21:59:00,1.284095,1.284105,1.284085,1.28412
2017-10-30 22:00:00,1.283985,1.284095,1.283985,1.284115
2017-10-30 22:01:00,1.283875,1.283935,1.283875,1.28394
2017-10-30 22:02:00,1.283895,1.28387,1.28386,1.283915
2017-10-30 22:03:00,1.28391,1.28388,1.283865,1.283935
2017-10-30 22:04:00,1.28408,1.283895,1.28389,1.284095
2017-10-30 22:05:00,1.28414,1.28408,1.284075,1.284155
2017-10-30 22:06:00,1.28399,1.28411,1.28399,1.28412
2017-10-30 22:07:00,1.283995,1.28403,1.28397,1.28403
2017-10-30 22:08:00,1.284065,1.283975,1.28395,1.28408
2017-10-30 22:09:00,1.28401,1.284055,1.28401,1.28407
2017-10-30 22:10:00,1.283985,1.28401,1.28397,1.28402
2017-10-30 22:11:00,1.284005,1.28404,1.284,1.284055
2017-10-30 22:12:00,1.284015,1.28401,1.284005,1.28403
2017-10-30 22:13:00,1.28416,1.284025,1.284015,1.284165
2017-10-30 22:14:00,1.28402,1.28416,1.284005,1.28416
2017-10-30 22:15:00,1.28404,1.284025,1.28401,1.284065
2017-10-30 22:16:00,1.283995,1.28406,1.283995,1.28409
2017-10-30 22:17:00,1.28401,1.283975,1.283975,1.284025
2017-10-30 22:18:00,1.28394,1.284005,1.28394,1.28405
2017-10-30 22:19:00,1.283875,1.28399,1.28383,1.284025
2017-10-30 22:20:00,1.283875,1.28387,1.28387,1.283905
2017-10-30 22:21:00,1.283865,1.283885,1.28386,1.28389
2017-10-30 22:22:00,1.283875,1.28386,1.28386,1.283885
2017-10-30 22:23:00,1.283875,1.28387,1.28384,1.28388
2017-10-30 22:24:00,1.283915,1.28393,1.283915,1.28393
2017-10-30 22:25:00,1.28397,1.283925,1.283915,1.28398
2017-10-30 22:26:00,1.28401,1.28399,1.283955,1.284015
2017-10-30 22:27:00,1.283985,1.284015,1.283965,1.284015
2017-10-30 22:28:00,1.283855,1.283985,1.283785,1.283985
2017-10-30 22:29:00,1.28392,1.283845,1.283825,1.283925
2017-10-30 22:30:00,1.283915,1.28392,1.2839,1.28393
2017-10-30 22:31:00,1.28383,1.28391,1.28382,1.283925
2017-10-30 22:32:00,1.28386,1.28385,1.28381,1.28386
2017-10-30 22:33:00,1.28379,1.2838,1.283785,1.283805
2017-10-30 22:34:00,1.28382,1.283795,1.283785,1.283825
2017-10-30 22:35:00,1.283765,1.28382,1.28376,1.283825
2017-10-30 22:36:00,1.283915,1.283785,1.28378,1.283915
2017-10-30 22:37:00,1.28402,1.28392,1.28392,1.28402
2017-10-30 22:38:00,1.283975,1.283965,1.283955,1.284015
2017-10-30 22:39:00,1.28402,1.28399,1.28399,1.28409
2017-10-30 22:40:00,1.283995,1.284015,1.283985,1.284015
2017-10-30 22:41:00,1.28395,1.284,1.28395,1.284005
2017-10-30 22:42:00,1.28402,1.283945,1.28394,1.284025
2017-10-30 22:43:00,1.284085,1.284055,1.284055,1.28415
2017-10-30 22:44:00,1.284085,1.28409,1.28408,1.28409
2017-10-30 22:45:00,1.28409,1.28408,1.284075,1.284095
2017-10-30 22:46:00,1.284065,1.28409,1.284055,1.2841
2017-10-30 22:47:00,1.283995,1.28407,1.283995,1.28408
2017-10-30 22:48:00,1.28404,1.284015,1.284015,1.28409
2017-10-30 22:49:00,1.28402,1.284035,1.28402,1.284035
2017-10-30 22:50:00,1.28396,1.284015,1.28395,1.284025
2017-10-30 22:51:00,1.283955,1.28396,1.283945,1.283965
2017-10-30 22:52:00,1.283855,1.28398,1.283855,1.28398
2017-10-30 22:53:00,1.283835,1.283835,1.283835,1.283835
2017-10-30 22:54:00,1.283835,1.283835,1.283835,1.283835
2017-10-30 22:55:00,1.283835,1.283835,1.283835,1.283835
2017-10-30 22:56:00,1.28388,1.283885,1.283865,1.283895
2017-10-30 22:57:00,1.283845,1.283885,1.28384,1.283885
2017-10-30 22:58:00,1.283815,1.283845,1.283815,1.28385
2017-10-30 22:59:00,1.28379,1.28376,1.28368,1.28379
2017-10-30 23:00:00,1.28379,1.28376,1.28368,1.28379
2017-10-30 23:01:00,1.28379,1.28376,1.28368,1.28379
2017-10-30 23:02:00,1.283775,1.28385,1.283755,1.283855
2017-10-30 23:03:00,1.28378,1.283765,1.283765,1.28378
2017-10-30 23:04:00,1.283775,1.283775,1.283775,1.283775
2017-10-30 23:05:00,1.283805,1.283805,1.283805,1.283805
2017-10-30 23:06:00,1.283905,1.283855,1.283855,1.283905
2017-10-30 23:07:00,1.284155,1.28391,1.28391,1.284165
2017-10-30 23:08:00,1.284015,1.284125,1.284,1.284125
2017-10-30 23:09:00,1.28398,1.28402,1.28398,1.28402
2017-10-30 23:10:00,1.284015,1.283965,1.28396,1.284015
2017-10-30 23:11:00,1.283975,1.28404,1.28397,1.28404
2017-10-30 23:12:00,1.28397,1.28396,1.283955,1.283985
2017-10-30 23:13:00,1.28414,1.28397,1.283965,1.284145
2017-10-30 23:14:00,1.284055,1.28414,1.284045,1.28414
2017-10-30 23:15:00,1.28406,1.28406,1.284025,1.284065
2017-10-30 23:16:00,1.28409,1.28407,1.284025,1.284125
2017-10-30 23:17:00,1.2841,1.2841,1.28409,1.284125
2017-10-30 23:18:00,1.28413,1.28408,1.28408,1.284135
2017-10-30 23:19:00,1.284065,1.28414,1.284045,1.28414
2017-10-30 23:20:00,1.284155,1.284065,1.284055,1.28416
2017-10-30 23:21:00,1.28414,1.284155,1.284135,1.284165
2017-10-30 23:22:00,1.28414,1.284115,1.284115,1.28414
2017-10-30 23:23:00,1.28414,1.28413,1.284115,1.284145
2017-10-30 23:24:00,1.284135,1.28414,1.28413,1.28415
2017-10-30 23:25:00,1.28414,1.28413,1.284125,1.28415
2017-10-30 23:26:00,1.28413,1.284135,1.284125,1.284165
2017-10-30 23:27:00,1.28413,1.28413,1.284125,1.284135
2017-10-30 23:28:00,1.28404,1.28414,1.28403,1.284145
2017-10-30 23:29:00,1.28404,1.284045,1.28403,1.28405
2017-10-30 23:30:00,1.283965,1.28403,1.283965,1.28404
2017-10-30 23:31:00,1.28384,1.28391,1.28384,1.28391
2017-10-30 23:32:00,1.28386,1.28384,1.28383,1.283875
2017-10-30 23:33:00,1.28386,1.28387,1.28382,1.28387
2017-10-30 23:34:00,1.283835,1.28388,1.2838,1.283885
2017-10-30 23:35:00,1.283845,1.283835,1.283815,1.283875
2017-10-30 23:36:00,1.283775,1.28384,1.28376,1.28386
2017-10-30 23:37:00,1.283775,1.28379,1.28375,1.283795
2017-10-30 23:38:00,1.28372,1.283765,1.283705,1.28378
2017-10-30 23:39:00,1.283755,1.28373,1.28373,1.283765
2017-10-30 23:40:00,1.283755,1.28373,1.28373,1.283765
2017-10-30 23:41:00,1.28376,1.283765,1.28375,1.28377
2017-10-30 23:42:00,1.28375,1.283745,1.28373,1.283765
2017-10-30 23:43:00,1.283815,1.283745,1.28374,1.283825
2017-10-30 23:44:00,1.28386,1.283815,1.283795,1.283865
2017-10-30 23:45:00,1.283855,1.28386,1.28385,1.283865
2017-10-30 23:46:00,1.28397,1.283855,1.283855,1.283975
2017-10-30 23:47:00,1.28399,1.283975,1.28397,1.283995
2017-10-30 23:48:00,1.28384,1.28399,1.28384,1.28399
2017-10-30 23:49:00,1.283855,1.28387,1.283845,1.28392
2017-10-30 23:50:00,1.283845,1.283845,1.28384,1.283855
2017-10-30 23:51:00,1.28386,1.283865,1.28384,1.28387
2017-10-30 23:52:00,1.283855,1.28385,1.283845,1.28386
2017-10-30 23:53:00,1.28395,1.283885,1.283885,1.28396
2017-10-30 23:54:00,1.28395,1.283885,1.283885,1.28396
2017-10-30 23:55:00,1.283975,1.283965,1.283965,1.28399
2017-10-30 23:56:00,1.28395,1.28398,1.28395,1.28399
2017-10-30 23:57:00,1.283975,1.283945,1.28394,1.28399
2017-10-30 23:58:00,1.284,1.28399,1.283985,1.284
2017-10-30 23:59:00,1.28401,1.28401,1.28401,1.28401
2017-10-31 00:00:00,1.283955,1.284005,1.283955,1.284005
2017-10-31 00:01:00,1.28399,1.28393,1.283905,1.284
2017-10-31 00:02:00,1.283975,1.28399,1.283975,1.283995
2017-10-31 00:03:00,1.283975,1.28399,1.283975,1.283995
2017-10-31 00:04:00,1.284035,1.283995,1.283995,1.284085
2017-10-31 00:05:00,1.284035,1.28404,1.28403,1.28405
2017-10-31 00:06:00,1.283945,1.284035,1.283935,1.284035
2017-10-31 00:07:00,1.283955,1.28395,1.28394,1.283965
2017-10-31 00:08:00,1.28399,1.283905,1.283865,1.284
2017-10-31 00:09:00,1.28399,1.283905,1.283865,1.284
2017-10-31 00:10:00,1.28399,1.283905,1.283865,1.284
2017-10-31 00:11:00,1.28405,1.283965,1.283965,1.284055
2017-10-31 00:12:00,1.284095,1.28405,1.28402,1.284095
2017-10-31 00:13:00,1.284095,1.28409,1.284085,1.2841
2017-10-31 00:14:00,1.28416,1.284155,1.284145,1.28417
2017-10-31 00:15:00,1.284165,1.284165,1.284165,1.28417
2017-10-31 00:16:00,1.284165,1.284165,1.284165,1.28417
2017-10-31 00:17:00,1.284175,1.28416,1.284035,1.284175
2017-10-31 00:18:00,1.284185,1.28418,1.284175,1.28422
2017-10-31 00:19:00,1.28418,1.28416,1.28416,1.284185
2017-10-31 00:20:00,1.28417,1.284165,1.284165,1.28418
2017-10-31 00:21:00,1.284185,1.284175,1.28416,1.28419
2017-10-31 00:22:00,1.284145,1.28418,1.284135,1.28419
2017-10-31 00:23:00,1.284125,1.28415,1.284125,1.28417
2017-10-31 00:24:00,1.284065,1.284075,1.284045,1.284075
2017-10-31 00:25:00,1.284095,1.28406,1.28405,1.284095
2017-10-31 00:26:00,1.284075,1.284095,1.284075,1.2841
2017-10-31 00:27:00,1.28409,1.284075,1.28407,1.28409
2017-10-31 00:28:00,1.284085,1.284095,1.28408,1.284095
2017-10-31 00:29:00,1.284085,1.284095,1.28408,1.284095
2017-10-31 00:30:00,1.284045,1.28408,1.284045,1.28408
2017-10-31 00:31:00,1.284045,1.28407,1.284045,1.28407
2017-10-31 00:32:00,1.28406,1.284055,1.284045,1.284065
2017-10-31 00:33:00,1.284175,1.284085,1.284085,1.284185
2017-10-31 00:34:00,1.28417,1.284175,1.284165,1.28418
2017-10-31 00:35:00,1.284205,1.28418,1.284165,1.284205
2017-10-31 00:36:00,1.284235,1.28418,1.28418,1.28425
2017-10-31 00:37:00,1.28425,1.28424,1.28423,1.284255
2017-10-31 00:38:00,1.284205,1.284245,1.28418,1.28426
2017-10-31 00:39:00,1.284235,1.284195,1.28418,1.284265
2017-10-31 00:40:00,1.284205,1.28426,1.284185,1.284305
2017-10-31 00:41:00,1.284175,1.28421,1.28417,1.28421
2017-10-31 00:42:00,1.284215,1.28419,1.28417,1.28422
2017-10-31 00:43:00,1.28422,1.2842,1.284175,1.284245
2017-10-31 00:44:00,1.284255,1.28427,1.284255,1.284275
2017-10-31 00:45:00,1.28425,1.28426,1.28424,1.284265
2017-10-31 00:46:00,1.28422,1.28422,1.28422,1.28422
2017-10-31 00:47:00,1.28422,1.28422,1.28422,1.28422
2017-10-31 00:48:00,1.284265,1.28427,1.28426,1.284275
2017-10-31 00:49:00,1.28419,1.284235,1.284185,1.284265
2017-10-31 00:50:00,1.284235,1.284195,1.28419,1.28424
2017-10-31 00:51:00,1.284295,1.28422,1.28422,1.284355
2017-10-31 00:52:00,1.284295,1.28422,1.28422,1.284355
2017-10-31 00:53:00,1.28428,1.28428,1.28428,1.284285
2017-10-31 00:54:00,1.28428,1.28428,1.284255,1.284285
2017-10-31 00:55:00,1.284275,1.284285,1.284275,1.284315
2017-10-31 00:56:00,1.28437,1.284285,1.284275,1.2844
2017-10-31 00:57:00,1.284235,1.284355,1.284235,1.28438
2017-10-31 00:58:00,1.2843,1.284285,1.284255,1.2843
2017-10-31 00:59:00,1.28427,1.28432,1.284265,1.28432
2017-10-31 01:00:00,1.284285,1.284285,1.284275,1.284295
2017-10-31 01:01:00,1.284375,1.28428,1.28428,1.28443
2017-10-31 01:02:00,1.28439,1.28438,1.28438,1.28439
2017-10-31 01:03:00,1.284415,1.284445,1.284415,1.284445
2017-10-31 01:04:00,1.284365,1.284365,1.284365,1.284365
2017-10-31 01:05:00,1.28429,1.28431,1.28429,1.28435
2017-10-31 01:06:00,1.2843,1.2843,1.2843,1.284305
2017-10-31 01:07:00,1.2843,1.28429,1.28428,1.2843
2017-10-31 01:08:00,1.284315,1.28435,1.284315,1.284355
2017-10-31 01:09:00,1.284365,1.28432,1.284315,1.284365
2017-10-31 01:10:00,1.28418,1.284375,1.28415,1.28438
2017-10-31 01:11:00,1.284225,1.284185,1.284185,1.284235
2017-10-31 01:12:00,1.28419,1.28423,1.284175,1.28427
2017-10-31 01:13:00,1.28418,1.284245,1.284175,1.284255
2017-10-31 01:14:00,1.284075,1.28416,1.28407,1.284165
2017-10-31 01:15:00,1.28406,1.28407,1.284045,1.28408
2017-10-31 01:16:00,1.283945,1.28406,1.28394,1.28407
2017-10-31 01:17:00,1.283955,1.28394,1.283925,1.28398
2017-10-31 01:18:00,1.283955,1.28396,1.2839,1.283965
2017-10-31 01:19:00,1.28395,1.28394,1.283915,1.28395
2017-10-31 01:20:00,1.28383,1.283895,1.283825,1.283905
2017-10-31 01:21:00,1.283805,1.28381,1.283765,1.283825
2017-10-31 01:22:00,1.2839,1.283785,1.283785,1.28392
2017-10-31 01:23:00,1.28396,1.28388,1.28385,1.28396
2017-10-31 01:24:00,1.283945,1.28395,1.283935,1.28398
2017-10-31 01:25:00,1.283945,1.28395,1.28393,1.28397
2017-10-31 01:26:00,1.28376,1.283895,1.28375,1.283915
2017-10-31 01:27:00,1.28379,1.283755,1.28374,1.28379
2017-10-31 01:28:00,1.283605,1.283785,1.2836,1.2838
2017-10-31 01:29:00,1.283475,1.283555,1.283465,1.28357
2017-10-31 01:30:00,1.28345,1.283425,1.2834,1.28349
2017-10-31 01:31:00,1.28346,1.283425,1.283375,1.283525
2017-10-31 01:32:00,1.28348,1.283405,1.28326,1.283485
2017-10-31 01:33:00,1.28344,1.283485,1.283375,1.283555
2017-10-31 01:34:00,1.28345,1.283435,1.283435,1.28346
2017-10-31 01:35:00,1.2835,1.28348,1.28343,1.28351
2017-10-31 01:36:00,1.283495,1.283495,1.283455,1.28351
2017-10-31 01:37:00,1.283625,1.283515,1.28351,1.28365
2017-10-31 01:38:00,1.28354,1.28357,1.28353,1.28357
2017-10-31 01:39:00,1.2835,1.283545,1.28344,1.283565
2017-10-31 01:40:00,1.28343,1.2835,1.28342,1.283505
2017-10-31 01:41:00,1.283385,1.283375,1.283355,1.283395
2017-10-31 01:42:00,1.283375,1.283385,1.28337,1.283395
2017-10-31 01:43:00,1.283165,1.283325,1.283165,1.283325
2017-10-31 01:44:00,1.28318,1.28317,1.28317,1.28324
2017-10-31 01:45:00,1.283215,1.28318,1.28317,1.28323
2017-10-31 01:46:00,1.28331,1.283205,1.283205,1.283315
2017-10-31 01:47:00,1.283325,1.283325,1.28332,1.28335
2017-10-31 01:48:00,1.28333,1.283375,1.28333,1.283415
2017-10-31 01:49:00,1.283345,1.283335,1.28333,1.283345
2017-10-31 01:50:00,1.283325,1.283375,1.28332,1.283375
2017-10-31 01:51:00,1.28334,1.283315,1.28331,1.28334
2017-10-31 01:52:00,1.283265,1.283285,1.28326,1.283285
2017-10-31 01:53:00,1.283405,1.283265,1.283255,1.28341
2017-10-31 01:54:00,1.28347,1.28339,1.28338,1.283475
2017-10-31 01:55:00,1.283445,1.283455,1.283445,1.283475
2017-10-31 01:56:00,1.283425,1.283425,1.283415,1.283485
2017-10-31 01:57:00,1.283485,1.28343,1.28343,1.2835
2017-10-31 01:58:00,1.283415,1.28347,1.283415,1.28348
2017-10-31 01:59:00,1.283375,1.283365,1.283345,1.28338
2017-10-31 02:00:00,1.28308,1.283325,1.283015,1.28333
2017-10-31 02:01:00,1.28317,1.283105,1.28308,1.28318
2017-10-31 02:02:00,1.28311,1.28316,1.283105,1.283185
2017-10-31 02:03:00,1.283085,1.283055,1.28305,1.283145
2017-10-31 02:04:00,1.28306,1.283075,1.28306,1.283125
2017-10-31 02:05:00,1.28307,1.28304,1.283035,1.28308
2017-10-31 02:06:00,1.283175,1.283065,1.283065,1.283185
2017-10-31 02:07:00,1.283175,1.283175,1.28317,1.28319
2017-10-31 02:08:00,1.28321,1.283185,1.283175,1.28321
2017-10-31 02:09:00,1.283195,1.28316,1.283125,1.2832
2017-10-31 02:10:00,1.283145,1.28318,1.28313,1.28319
2017-10-31 02:11:00,1.28317,1.28316,1.28316,1.283175
2017-10-31 02:12:00,1.283165,1.283155,1.283085,1.283185
2017-10-31 02:13:00,1.28328,1.28316,1.283155,1.28329
2017-10-31 02:14:00,1.28336,1.283305,1.2833,1.28337
2017-10-31 02:15:00,1.283495,1.283355,1.283345,1.28351
2017-10-31 02:16:00,1.28347,1.283505,1.28347,1.283505
2017-10-31 02:17:00,1.28347,1.283505,1.28347,1.283505
2017-10-31 02:18:00,1.283505,1.283495,1.28349,1.28363
2017-10-31 02:19:00,1.28351,1.283505,1.28349,1.283545
2017-10-31 02:20:00,1.283335,1.28351,1.283335,1.283515
2017-10-31 02:21:00,1.28312,1.28334,1.28312,1.283365
2017-10-31 02:22:00,1.28318,1.28314,1.283135,1.2832
2017-10-31 02:23:00,1.283065,1.283125,1.283055,1.283125
2017-10-31 02:24:00,1.28297,1.28307,1.28275,1.2831
2017-10-31 02:25:00,1.282915,1.282995,1.282835,1.283025
2017-10-31 02:26:00,1.282925,1.2829,1.282895,1.282935
2017-10-31 02:27:00,1.28284,1.28291,1.28282,1.28293
2017-10-31 02:28:00,1.282825,1.28284,1.282815,1.282845
2017-10-31 02:29:00,1.282905,1.282835,1.282825,1.28291
2017-10-31 02:30:00,1.28289,1.282915,1.282885,1.282915
2017-10-31 02:31:00,1.282985,1.282895,1.28289,1.282995
2017-10-31 02:32:00,1.282925,1.28299,1.28292,1.282995
2017-10-31 02:33:00,1.282595,1.28292,1.28251,1.282925
2017-10-31 02:34:00,1.28252,1.2826,1.28242,1.28274
2017-10-31 02:35:00,1.282575,1.282535,1.282485,1.28259
2017-10-31 02:36:00,1.282725,1.28258,1.28249,1.28273
2017-10-31 02:37:00,1.28278,1.28273,1.28273,1.282975
2017-10-31 02:38:00,1.2828,1.282765,1.282765,1.282805
2017-10-31 02:39:00,1.282835,1.28281,1.282795,1.28285
2017-10-31 02:40:00,1.282775,1.28284,1.282715,1.282845
2017-10-31 02:41:00,1.282785,1.2828,1.282685,1.282835
2017-10-31 02:42:00,1.283025,1.282795,1.282785,1.283035
2017-10-31 02:43:00,1.283065,1.283025,1.28301,1.283065
2017-10-31 02:44:00,1.28311,1.28312,1.2831,1.28317
2017-10-31 02:45:00,1.283075,1.28311,1.283025,1.28311
2017-10-31 02:46:00,1.28283,1.283085,1.28281,1.283085
2017-10-31 02:47:00,1.282875,1.282835,1.282825,1.282875
2017-10-31 02:48:00,1.282845,1.28288,1.28283,1.28288
2017-10-31 02:49:00,1.282695,1.282825,1.282695,1.282835
2017-10-31 02:50:00,1.28268,1.28268,1.282645,1.282725
2017-10-31 02:51:00,1.282385,1.28268,1.28228,1.282685
2017-10-31 02:52:00,1.282495,1.28239,1.282375,1.2825
2017-10-31 02:53:00,1.282545,1.282495,1.28248,1.28261
2017-10-31 02:54:00,1.282595,1.28255,1.28251,1.282605
2017-10-31 02:55:00,1.282605,1.28262,1.28259,1.282665
2017-10-31 02:56:00,1.282685,1.28263,1.282615,1.282705
2017-10-31 02:57:00,1.282775,1.282685,1.282685,1.282845
2017-10-31 02:58:00,1.282695,1.282785,1.28268,1.28279
2017-10-31 02:59:00,1.282505,1.28269,1.282505,1.282705
2017-10-31 03:00:00,1.28248,1.282505,1.28243,1.28251
2017-10-31 03:01:00,1.28267,1.28248,1.282475,1.282755
2017-10-31 03:02:00,1.28302,1.28266,1.28266,1.28307
2017-10-31 03:03:00,1.28306,1.283,1.282945,1.2831
2017-10-31 03:04:00,1.283085,1.283115,1.283025,1.283245
2017-10-31 03:05:00,1.28298,1.28306,1.28298,1.283125
2017-10-31 03:06:00,1.282915,1.28298,1.282915,1.283065
2017-10-31 03:07:00,1.28292,1.282895,1.282895,1.283005
2017-10-31 03:08:00,1.28299,1.282925,1.2829,1.28301
2017-10-31 03:09:00,1.28289,1.28299,1.282885,1.28299
2017-10-31 03:10:00,1.282785,1.282835,1.282765,1.282835
2017-10-31 03:11:00,1.28303,1.282775,1.282775,1.28303
2017-10-31 03:12:00,1.282995,1.28306,1.28297,1.283095
2017-10-31 03:13:00,1.28286,1.282995,1.28285,1.28302
2017-10-31 03:14:00,1.282725,1.282865,1.282675,1.282865
2017-10-31 03:15:00,1.28268,1.282675,1.282615,1.28269
2017-10-31 03:16:00,1.28262,1.282685,1.282615,1.28271
2017-10-31 03:17:00,1.2827,1.28262,1.282605,1.282705
2017-10-31 03:18:00,1.28269,1.28274,1.282675,1.282825
2017-10-31 03:19:00,1.282945,1.28269,1.28268,1.282945
2017-10-31 03:20:00,1.28291,1.28295,1.28282,1.283005
2017-10-31 03:21:00,1.282835,1.28292,1.282835,1.28295
2017-10-31 03:22:00,1.282825,1.28283,1.28276,1.282845
2017-10-31 03:23:00,1.28293,1.28282,1.2828,1.28293
2017-10-31 03:24:00,1.28307,1.282935,1.282925,1.28308
2017-10-31 03:25:00,1.28303,1.28307,1.282885,1.28309
2017-10-31 03:26:00,1.28302,1.28303,1.282945,1.28305
2017-10-31 03:27:00,1.28301,1.28303,1.28295,1.28312
2017-10-31 03:28:00,1.282965,1.28301,1.282965,1.283045
2017-10-31 03:29:00,1.28283,1.28296,1.282775,1.282965
2017-10-31 03:30:00,1.28268,1.28282,1.282665,1.28282
2017-10-31 03:31:00,1.283065,1.28269,1.282655,1.283105
2017-10-31 03:32:00,1.2831,1.283075,1.28307,1.283115
2017-10-31 03:33:00,1.28299,1.283125,1.282965,1.283175
2017-10-31 03:34:00,1.283035,1.282975,1.282905,1.283045
2017-10-31 03:35:00,1.28301,1.28304,1.28299,1.2831
2017-10-31 03:36:00,1.282825,1.283,1.282825,1.283005
2017-10-31 03:37:00,1.28291,1.282845,1.282845,1.28299
2017-10-31 03:38:00,1.28282,1.282855,1.28275,1.282855
2017-10-31 03:39:00,1.282975,1.282825,1.282795,1.282985
2017-10-31 03:40:00,1.282985,1.28299,1.282985,1.283025
2017-10-31 03:41:00,1.28288,1.282965,1.28288,1.28304
2017-10-31 03:42:00,1.282735,1.28287,1.282735,1.28288
2017-10-31 03:43:00,1.28281,1.282765,1.282765,1.282865
2017-10-31 03:44:00,1.282925,1.28282,1.28278,1.283025
2017-10-31 03:45:00,1.28312,1.282905,1.282885,1.28317
2017-10-31 03:46:00,1.28316,1.283105,1.28299,1.283195
2017-10-31 03:47:00,1.28327,1.28317,1.28314,1.28328
2017-10-31 03:48:00,1.28333,1.283275,1.283185,1.28346
2017-10-31 03:49:00,1.28343,1.283335,1.28331,1.28345
2017-10-31 03:50:00,1.283415,1.283375,1.283355,1.283415
2017-10-31 03:51:00,1.283575,1.283405,1.2834,1.283575
2017-10-31 03:52:00,1.283455,1.28363,1.283455,1.28365
2017-10-31 03:53:00,1.283485,1.28344,1.28344,1.28357
2017-10-31 03:54:00,1.2833,1.2835,1.2833,1.283505
2017-10-31 03:55:00,1.28328,1.28329,1.283275,1.283305
2017-10-31 03:56:00,1.28329,1.283285,1.28328,1.283415
2017-10-31 03:57:00,1.28312,1.283305,1.2831,1.28333
2017-10-31 03:58:00,1.28332,1.28309,1.28305,1.28332
2017-10-31 03:59:00,1.283325,1.28333,1.283195,1.28333
2017-10-31 04:00:00,1.283155,1.283355,1.28312,1.283405
2017-10-31 04:01:00,1.28339,1.28316,1.28314,1.283415
2017-10-31 04:02:00,1.283615,1.28339,1.28338,1.28363
2017-10-31 04:03:00,1.28375,1.28361,1.283605,1.28375
2017-10-31 04:04:00,1.283925,1.28377,1.28377,1.284
2017-10-31 04:05:00,1.28387,1.283905,1.28386,1.283925
2017-10-31 04:06:00,1.28377,1.283885,1.283765,1.283925
2017-10-31 04:07:00,1.28382,1.28374,1.283665,1.28383
2017-10-31 04:08:00,1.283935,1.28384,1.283795,1.28396
2017-10-31 04:09:00,1.283965,1.28396,1.283925,1.28402
2017-10-31 04:10:00,1.283925,1.28402,1.283915,1.284025
2017-10-31 04:11:00,1.28384,1.28393,1.283835,1.283955
2017-10-31 04:12:00,1.28358,1.283835,1.28355,1.283835
2017-10-31 04:13:00,1.283675,1.283585,1.283585,1.28376
2017-10-31 04:14:00,1.28354,1.283625,1.28353,1.283635
2017-10-31 04:15:00,1.283525,1.28356,1.28335,1.283625
2017-10-31 04:16:00,1.28364,1.28353,1.28353,1.283755
2017-10-31 04:17:00,1.28378,1.28359,1.283525,1.283805
2017-10-31 04:18:00,1.283935,1.283785,1.283715,1.283955
2017-10-31 04:19:00,1.283935,1.283945,1.28379,1.28402
2017-10-31 04:20:00,1.284005,1.28394,1.283885,1.28402
2017-10-31 04:21:00,1.28397,1.284,1.283905,1.284
2017-10-31 04:22:00,1.283895,1.28399,1.283895,1.28404
2017-10-31 04:23:00,1.28373,1.28388,1.283695,1.28388
2017-10-31 04:24:00,1.28384,1.283715,1.283695,1.28385
2017-10-31 04:25:00,1.2838,1.283895,1.28379,1.283975
2017-10-31 04:26:00,1.28372,1.283805,1.28367,1.28381
2017-10-31 04:27:00,1.283585,1.28373,1.283545,1.28373
2017-10-31 04:28:00,1.283605,1.28359,1.283575,1.28361
2017-10-31 04:29:00,1.28362,1.283605,1.28353,1.283625
2017-10-31 04:30:00,1.283785,1.28362,1.2836,1.283785
2017-10-31 04:31:00,1.283705,1.28379,1.28369,1.283805
2017-10-31 04:32:00,1.28362,1.28369,1.2836,1.2837
2017-10-31 04:33:00,1.2837,1.283615,1.28361,1.28373
2017-10-31 04:34:00,1.28366,1.283705,1.28366,1.28382
2017-10-31 04:35:00,1.283695,1.283605,1.283605,1.283705
2017-10-31 04:36:00,1.283355,1.283695,1.283335,1.2837
2017-10-31 04:37:00,1.283185,1.283345,1.283035,1.28336
2017-10-31 04:38:00,1.28312,1.283195,1.28299,1.283205
2017-10-31 04:39:00,1.283125,1.283115,1.283095,1.28321
2017-10-31 04:40:00,1.28336,1.28312,1.283115,1.28337
2017-10-31 04:41:00,1.283485,1.28337,1.28327,1.283525
2017-10-31 04:42:00,1.28358,1.283475,1.283475,1.2836
2017-10-31 04:43:00,1.283505,1.28357,1.28343,1.28357
2017-10-31 04:44:00,1.283535,1.28345,1.28343,1.28354
2017-10-31 04:45:00,1.283435,1.283535,1.28338,1.283535
2017-10-31 04:46:00,1.28358,1.283455,1.283435,1.28358
2017-10-31 04:47:00,1.283555,1.283575,1.283525,1.283675
2017-10-31 04:48:00,1.28385,1.28361,1.2836,1.28398
2017-10-31 04:49:00,1.283755,1.283845,1.28374,1.283875
2017-10-31 04:50:00,1.28376,1.283815,1.283635,1.283835
2017-10-31 04:51:00,1.28407,1.283765,1.283745,1.28409
2017-10-31 04:52:00,1.283975,1.284075,1.28397,1.284085
2017-10-31 04:53:00,1.284075,1.28395,1.28395,1.28412
2017-10-31 04:54:00,1.28398,1.28407,1.28396,1.28407
2017-10-31 04:55:00,1.284195,1.283985,1.283975,1.2842
2017-10-31 04:56:00,1.28409,1.2842,1.28409,1.284295
2017-10-31 04:57:00,1.284045,1.28411,1.28403,1.284115
2017-10-31 04:58:00,1.28425,1.28403,1.28401,1.28426
2017-10-31 04:59:00,1.28433,1.2842,1.284195,1.284365
2017-10-31 05:00:00,1.284345,1.28432,1.284275,1.284435
2017-10-31 05:01:00,1.284255,1.284335,1.284165,1.284335
2017-10-31 05:02:00,1.284145,1.284275,1.284145,1.284285
2017-10-31 05:03:00,1.28419,1.28415,1.284145,1.284295
2017-10-31 05:04:00,1.28418,1.28425,1.28415,1.284275
2017-10-31 05:05:00,1.284255,1.28418,1.28406,1.28426
2017-10-31 05:06:00,1.28427,1.284255,1.28425,1.284355
2017-10-31 05:07:00,1.284215,1.284325,1.284205,1.284335
2017-10-31 05:08:00,1.284225,1.28427,1.284225,1.284285
2017-10-31 05:09:00,1.2841,1.28421,1.28407,1.28421
2017-10-31 05:10:00,1.28413,1.28412,1.284055,1.28413
2017-10-31 05:11:00,1.28437,1.28419,1.28419,1.284415
2017-10-31 05:12:00,1.28434,1.28432,1.28426,1.28434
2017-10-31 05:13:00,1.284245,1.284335,1.28419,1.284335
2017-10-31 05:14:00,1.284215,1.28425,1.2842,1.28431
2017-10-31 05:15:00,1.28418,1.2842,1.284175,1.284415
2017-10-31 05:16:00,1.284115,1.28418,1.284105,1.284255
2017-10-31 05:17:00,1.284025,1.284055,1.284025,1.28406
2017-10-31 05:18:00,1.28411,1.28403,1.28403,1.284115
2017-10-31 05:19:00,1.28395,1.28411,1.28393,1.284115
2017-10-31 05:20:00,1.28401,1.28389,1.283885,1.28403
2017-10-31 05:21:00,1.284135,1.284015,1.284015,1.2842
2017-10-31 05:22:00,1.284245,1.28412,1.28411,1.284255
2017-10-31 05:23:00,1.284395,1.28425,1.28425,1.284395
2017-10-31 05:24:00,1.28436,1.284375,1.28435,1.284405
2017-10-31 05:25:00,1.28423,1.284355,1.284205,1.284355
2017-10-31 05:26:00,1.284175,1.284235,1.284175,1.2843
2017-10-31 05:27:00,1.284275,1.284175,1.284175,1.284345
2017-10-31 05:28:00,1.284315,1.284225,1.28422,1.28432
2017-10-31 05:29:00,1.28432,1.284305,1.284295,1.28434
2017-10-31 05:30:00,1.28433,1.28431,1.284305,1.284335
2017-10-31 05:31:00,1.28415,1.284335,1.28415,1.284355
2017-10-31 05:32:00,1.28422,1.28409,1.284085,1.28422
2017-10-31 05:33:00,1.28421,1.284165,1.284165,1.284295
2017-10-31 05:34:00,1.284075,1.284185,1.284015,1.284185
2017-10-31 05:35:00,1.28401,1.284075,1.284005,1.28409
2017-10-31 05:36:00,1.284085,1.284005,1.283975,1.284085
2017-10-31 05:37:00,1.284145,1.284135,1.284135,1.284215
2017-10-31 05:38:00,1.284105,1.284095,1.284035,1.28412
2017-10-31 05:39:00,1.284195,1.2841,1.284095,1.2842
2017-10-31 05:40:00,1.28422,1.284185,1.284185,1.28422
2017-10-31 05:41:00,1.284105,1.284165,1.284055,1.28418
2017-10-31 05:42:00,1.284205,1.2841,1.284095,1.284205
2017-10-31 05:43:00,1.284295,1.284215,1.28421,1.28435
2017-10-31 05:44:00,1.284365,1.2843,1.284295,1.284415
2017-10-31 05:45:00,1.284385,1.28437,1.28435,1.28447
2017-10-31 05:46:00,1.284265,1.28437,1.284265,1.284385
2017-10-31 05:47:00,1.28436,1.284275,1.28421,1.28438
2017-10-31 05:48:00,1.284305,1.28437,1.2843,1.28437
2017-10-31 05:49:00,1.284275,1.284275,1.284255,1.284345
2017-10-31 05:50:00,1.2843,1.28427,1.284265,1.28437
2017-10-31 05:51:00,1.2844,1.284355,1.284355,1.284435
2017-10-31 05:52:00,1.284345,1.284415,1.2843,1.284415
2017-10-31 05:53:00,1.284235,1.28434,1.284235,1.28435
2017-10-31 05:54:00,1.284425,1.28426,1.28416,1.28445
2017-10-31 05:55:00,1.284635,1.284375,1.284355,1.284655
2017-10-31 05:56:00,1.28458,1.284585,1.284255,1.28462
2017-10-31 05:57:00,1.284345,1.284525,1.28429,1.284525
2017-10-31 05:58:00,1.284335,1.28434,1.284235,1.28436
2017-10-31 05:59:00,1.284395,1.28433,1.284285,1.284395
2017-10-31 06:00:00,1.28439,1.284395,1.28437,1.284495
2017-10-31 06:01:00,1.284355,1.284445,1.284305,1.284505
2017-10-31 06:02:00,1.284215,1.284305,1.284145,1.28435
2017-10-31 06:03:00,1.28436,1.284165,1.28409,1.28441
2017-10-31 06:04:00,1.284415,1.28438,1.284305,1.284455
2017-10-31 06:05:00,1.28418,1.28441,1.284155,1.284415
2017-10-31 06:06:00,1.284345,1.284185,1.284185,1.28442
2017-10-31 06:07:00,1.28419,1.284345,1.284165,1.284345
2017-10-31 06:08:00,1.28414,1.28414,1.28414,1.28414
2017-10-31 06:09:00,1.284105,1.284085,1.284055,1.284205
2017-10-31 06:10:00,1.284195,1.28411,1.284005,1.284235
2017-10-31 06:11:00,1.28426,1.28418,1.28418,1.284295
2017-10-31 06:12:00,1.28433,1.28425,1.284205,1.284335
2017-10-31 06:13:00,1.28424,1.28439,1.28421,1.284405
2017-10-31 06:14:00,1.284185,1.284225,1.284165,1.284245
2017-10-31 06:15:00,1.284165,1.284185,1.284145,1.284215
2017-10-31 06:16:00,1.284185,1.284175,1.284135,1.28422
2017-10-31 06:17:00,1.284115,1.28413,1.28411,1.28414
2017-10-31 06:18:00,1.284115,1.284115,1.2841,1.284125
2017-10-31 06:19:00,1.2841,1.28411,1.284075,1.284115
2017-10-31 06:20:00,1.284095,1.284105,1.28409,1.284105
2017-10-31 06:21:00,1.28412,1.2841,1.284065,1.28415
2017-10-31 06:22:00,1.28428,1.28415,1.28415,1.284385
2017-10-31 06:23:00,1.284425,1.28429,1.284285,1.284465
2017-10-31 06:24:00,1.28424,1.28443,1.284095,1.284525
2017-10-31 06:25:00,1.284115,1.284245,1.28409,1.28425
2017-10-31 06:26:00,1.28412,1.28412,1.28412,1.284175
2017-10-31 06:27:00,1.284335,1.284115,1.284105,1.284345
2017-10-31 06:28:00,1.284175,1.284335,1.284155,1.284355
2017-10-31 06:29:00,1.28442,1.284185,1.284115,1.28442
2017-10-31 06:30:00,1.284665,1.284425,1.284425,1.284675
2017-10-31 06:31:00,1.284615,1.284685,1.284565,1.284705
2017-10-31 06:32:00,1.28463,1.28461,1.2846,1.28466
2017-10-31 06:33:00,1.284675,1.284635,1.284635,1.28472
2017-10-31 06:34:00,1.284485,1.284655,1.284485,1.284665
2017-10-31 06:35:00,1.2844,1.28448,1.28438,1.284495
2017-10-31 06:36:00,1.284555,1.28441,1.28441,1.284565
2017-10-31 06:37:00,1.284675,1.284615,1.28458,1.284675
2017-10-31 06:38:00,1.284565,1.284665,1.284565,1.284665
2017-10-31 06:39:00,1.28459,1.28457,1.284565,1.284595
2017-10-31 06:40:00,1.28463,1.28458,1.284565,1.284645
2017-10-31 06:41:00,1.28463,1.28458,1.284565,1.284645
2017-10-31 06:42:00,1.28482,1.284685,1.284615,1.284875
2017-10-31 06:43:00,1.28487,1.28487,1.28486,1.28494
2017-10-31 06:44:00,1.284785,1.284925,1.284785,1.28493
2017-10-31 06:45:00,1.284775,1.28473,1.28472,1.284805
2017-10-31 06:46:00,1.28473,1.284775,1.28467,1.2848
2017-10-31 06:47:00,1.28484,1.28471,1.28471,1.28484
2017-10-31 06:48:00,1.284725,1.28479,1.28459,1.28479
2017-10-31 06:49:00,1.28478,1.28473,1.28473,1.28478
2017-10-31 06:50:00,1.284755,1.28476,1.28469,1.2848
2017-10-31 06:51:00,1.2847,1.28475,1.28466,1.28478
2017-10-31 06:52:00,1.28472,1.28469,1.284645,1.28475
2017-10-31 06:53:00,1.284815,1.284745,1.284745,1.284815
2017-10-31 06:54:00,1.284865,1.28484,1.28484,1.284865
2017-10-31 06:55:00,1.284955,1.28481,1.28481,1.284985
2017-10-31 06:56:00,1.284985,1.28501,1.284915,1.285045
2017-10-31 06:57:00,1.28522,1.28503,1.28502,1.285225
2017-10-31 06:58:00,1.285155,1.28519,1.285125,1.28521
2017-10-31 06:59:00,1.28522,1.28515,1.285095,1.28522
2017-10-31 07:00:00,1.2852,1.285235,1.285125,1.285235
2017-10-31 07:01:00,1.285275,1.285195,1.28517,1.285325
2017-10-31 07:02:00,1.285345,1.28529,1.285275,1.285345
2017-10-31 07:03:00,1.285175,1.285295,1.285135,1.28533
2017-10-31 07:04:00,1.28522,1.28518,1.28517,1.28526
2017-10-31 07:05:00,1.28519,1.285275,1.285185,1.28535
2017-10-31 07:06:00,1.28505,1.28519,1.285,1.28519
2017-10-31 07:07:00,1.285055,1.28503,1.28503,1.28509
2017-10-31 07:08:00,1.28513,1.28511,1.285105,1.285175
2017-10-31 07:09:00,1.285225,1.28519,1.28517,1.28525
2017-10-31 07:10:00,1.2851,1.285245,1.285055,1.285245
2017-10-31 07:11:00,1.285085,1.28512,1.28505,1.28514
2017-10-31 07:12:00,1.285125,1.2851,1.28508,1.28523
2017-10-31 07:13:00,1.285285,1.285145,1.285145,1.28529
2017-10-31 07:14:00,1.285335,1.2853,1.28528,1.285335
2017-10-31 07:15:00,1.285285,1.285325,1.28521,1.28536
2017-10-31 07:16:00,1.28522,1.28533,1.2852,1.28534
2017-10-31 07:17:00,1.28503,1.28522,1.285025,1.28522
2017-10-31 07:18:00,1.285065,1.285025,1.28501,1.28511
2017-10-31 07:19:00,1.28502,1.285005,1.285,1.28503
2017-10-31 07:20:00,1.285025,1.28502,1.285,1.28503
2017-10-31 07:21:00,1.28518,1.285045,1.285045,1.28519
2017-10-31 07:22:00,1.285075,1.285185,1.285055,1.2852
2017-10-31 07:23:00,1.285,1.285085,1.284995,1.285085
2017-10-31 07:24:00,1.284735,1.284995,1.284725,1.284995
2017-10-31 07:25:00,1.28472,1.284685,1.28468,1.28476
2017-10-31 07:26:00,1.28479,1.28475,1.284725,1.284865
2017-10-31 07:27:00,1.284865,1.284735,1.28469,1.284875
2017-10-31 07:28:00,1.28486,1.284865,1.28481,1.285005
2017-10-31 07:29:00,1.284765,1.284875,1.284765,1.284905
2017-10-31 07:30:00,1.28472,1.28477,1.284715,1.28479
2017-10-31 07:31:00,1.284775,1.284725,1.2847,1.284785
2017-10-31 07:32:00,1.2848,1.284775,1.284765,1.28492
2017-10-31 07:33:00,1.284685,1.28476,1.284655,1.28476
2017-10-31 07:34:00,1.28472,1.284695,1.28469,1.28473
2017-10-31 07:35:00,1.284665,1.284705,1.28462,1.28473
2017-10-31 07:36:00,1.28482,1.284665,1.2846,1.284835
2017-10-31 07:37:00,1.28479,1.284755,1.28465,1.28486
2017-10-31 07:38:00,1.284745,1.28477,1.284745,1.284945
2017-10-31 07:39:00,1.28478,1.284695,1.284615,1.28478
2017-10-31 07:40:00,1.28472,1.28476,1.284695,1.284765
2017-10-31 07:41:00,1.28474,1.28467,1.284665,1.284795
2017-10-31 07:42:00,1.284725,1.284795,1.28472,1.284825
2017-10-31 07:43:00,1.28473,1.2847,1.28461,1.284755
2017-10-31 07:44:00,1.284655,1.28473,1.284645,1.28474
2017-10-31 07:45:00,1.284765,1.28466,1.28464,1.284775
2017-10-31 07:46:00,1.2847,1.28476,1.2847,1.284765
2017-10-31 07:47:00,1.284685,1.28469,1.284655,1.28481
2017-10-31 07:48:00,1.2846,1.284645,1.28459,1.28467
2017-10-31 07:49:00,1.28472,1.28462,1.284595,1.28472
2017-10-31 07:50:00,1.284595,1.28472,1.28459,1.284845
2017-10-31 07:51:00,1.2846,1.28459,1.284585,1.28464
2017-10-31 07:52:00,1.284405,1.284595,1.2844,1.284595
2017-10-31 07:53:00,1.28448,1.284415,1.284405,1.28452
2017-10-31 07:54:00,1.28473,1.28451,1.284445,1.28474
2017-10-31 07:55:00,1.2847,1.284755,1.28465,1.284755
2017-10-31 07:56:00,1.284835,1.284715,1.28468,1.28484
2017-10-31 07:57:00,1.28484,1.28483,1.28481,1.28492
2017-10-31 07:58:00,1.284675,1.28485,1.28458,1.28485
2017-10-31 07:59:00,1.28467,1.284695,1.28467,1.28473
2017-10-31 08:00:00,1.284635,1.284695,1.284635,1.28477
2017-10-31 08:01:00,1.28495,1.28465,1.28465,1.284955
2017-10-31 08:02:00,1.284995,1.285,1.284985,1.28507
2017-10-31 08:03:00,1.284995,1.28505,1.284975,1.285075
2017-10-31 08:04:00,1.28479,1.284985,1.284735,1.285065
2017-10-31 08:05:00,1.284735,1.28485,1.284715,1.28487
2017-10-31 08:06:00,1.2846,1.284755,1.284535,1.284795
2017-10-31 08:07:00,1.284665,1.284605,1.28459,1.28467
2017-10-31 08:08:00,1.284655,1.284715,1.284645,1.2848
2017-10-31 08:09:00,1.284425,1.28467,1.284395,1.284675
2017-10-31 08:10:00,1.28446,1.284485,1.284435,1.2845
2017-10-31 08:11:00,1.28448,1.284485,1.284435,1.284625
2017-10-31 08:12:00,1.28475,1.28448,1.284415,1.284785
2017-10-31 08:13:00,1.28454,1.284695,1.28454,1.28476
2017-10-31 08:14:00,1.284655,1.28448,1.284475,1.28467
2017-10-31 08:15:00,1.28468,1.284645,1.28458,1.28474
2017-10-31 08:16:00,1.284525,1.28462,1.284485,1.284625
2017-10-31 08:17:00,1.28479,1.28453,1.28445,1.284795
2017-10-31 08:18:00,1.284655,1.28479,1.28463,1.2848
2017-10-31 08:19:00,1.28473,1.28465,1.2845,1.284755
2017-10-31 08:20:00,1.284855,1.284745,1.284625,1.284965
2017-10-31 08:21:00,1.284815,1.284865,1.28479,1.285045
2017-10-31 08:22:00,1.28462,1.28481,1.284615,1.284815
2017-10-31 08:23:00,1.284625,1.284625,1.284515,1.284685
2017-10-31 08:24:00,1.28434,1.284615,1.2843,1.284615
2017-10-31 08:25:00,1.28425,1.284325,1.28425,1.28438
2017-10-31 08:26:00,1.2845,1.28428,1.28428,1.284515
2017-10-31 08:27:00,1.284465,1.28451,1.284385,1.284515
2017-10-31 08:28:00,1.284455,1.28446,1.28439,1.28456
2017-10-31 08:29:00,1.284295,1.28446,1.284275,1.284535
2017-10-31 08:30:00,1.283985,1.284325,1.2839,1.28458
2017-10-31 08:31:00,1.28939,1.28395,1.283865,1.290045
2017-10-31 08:32:00,1.289985,1.289395,1.289335,1.290505
2017-10-31 08:33:00,1.28989,1.289965,1.28961,1.290085
2017-10-31 08:34:00,1.29043,1.28992,1.289795,1.29044
2017-10-31 08:35:00,1.290345,1.290435,1.29001,1.29058
2017-10-31 08:36:00,1.29028,1.29035,1.28986,1.290385
2017-10-31 08:37:00,1.290275,1.290265,1.28994,1.290315
2017-10-31 08:38:00,1.28999,1.290265,1.28999,1.29032
2017-10-31 08:39:00,1.290055,1.28998,1.28991,1.2903
2017-10-31 08:40:00,1.29039,1.290065,1.289995,1.290395
2017-10-31 08:41:00,1.29126,1.29041,1.29041,1.29145
2017-10-31 08:42:00,1.291175,1.291245,1.290865,1.2913
2017-10-31 08:43:00,1.29094,1.29117,1.29088,1.291225
2017-10-31 08:44:00,1.291175,1.29089,1.29062,1.2912
2017-10-31 08:45:00,1.291425,1.291195,1.291195,1.29149
2017-10-31 08:46:00,1.290995,1.291475,1.29097,1.2915
2017-10-31 08:47:00,1.290945,1.290955,1.29077,1.29103
2017-10-31 08:48:00,1.29111,1.29092,1.290775,1.291265
2017-10-31 08:49:00,1.290825,1.291165,1.290825,1.291215
2017-10-31 08:50:00,1.29007,1.29077,1.290035,1.290825
2017-10-31 08:51:00,1.28998,1.29013,1.28996,1.290295
2017-10-31 08:52:00,1.29022,1.289975,1.28987,1.290305
2017-10-31 08:53:00,1.28998,1.290205,1.289905,1.290225
2017-10-31 08:54:00,1.29014,1.28997,1.289925,1.290285
2017-10-31 08:55:00,1.29035,1.29013,1.2901,1.29037
2017-10-31 08:56:00,1.28989,1.29033,1.289785,1.29033
2017-10-31 08:57:00,1.289625,1.28991,1.289605,1.289985
2017-10-31 08:58:00,1.28977,1.289625,1.289565,1.28977
2017-10-31 08:59:00,1.289925,1.289825,1.289665,1.28997
2017-10-31 09:00:00,1.28972,1.28987,1.289715,1.28988
2017-10-31 09:01:00,1.289385,1.2897,1.289315,1.28986
2017-10-31 09:02:00,1.28973,1.289325,1.289315,1.289785
2017-10-31 09:03:00,1.288995,1.28972,1.28897,1.289725
2017-10-31 09:04:00,1.289305,1.288975,1.28895,1.289375
2017-10-31 09:05:00,1.28953,1.28931,1.2892,1.28953
2017-10-31 09:06:00,1.28951,1.289505,1.28938,1.28985
2017-10-31 09:07:00,1.289335,1.2895,1.289255,1.28963
2017-10-31 09:08:00,1.28917,1.28928,1.28908,1.289335
2017-10-31 09:09:00,1.289235,1.289225,1.289125,1.289435
2017-10-31 09:10:00,1.288835,1.289255,1.28877,1.289255
2017-10-31 09:11:00,1.288985,1.288845,1.28884,1.28939
2017-10-31 09:12:00,1.28903,1.28899,1.288885,1.289035
2017-10-31 09:13:00,1.28923,1.289025,1.28902,1.28926
2017-10-31 09:14:00,1.289145,1.28925,1.289145,1.289385
2017-10-31 09:15:00,1.28923,1.289135,1.28906,1.289385
2017-10-31 09:16:00,1.289185,1.28925,1.2891,1.2893
2017-10-31 09:17:00,1.28926,1.28917,1.289115,1.289275
2017-10-31 09:18:00,1.28943,1.289265,1.28923,1.289495
2017-10-31 09:19:00,1.28975,1.289485,1.289485,1.28977
2017-10-31 09:20:00,1.289635,1.28973,1.289545,1.28973
2017-10-31 09:21:00,1.289645,1.28961,1.28955,1.289695
2017-10-31 09:22:00,1.28964,1.289595,1.28952,1.289695
2017-10-31 09:23:00,1.289375,1.289585,1.289365,1.289585
2017-10-31 09:24:00,1.289525,1.28943,1.28941,1.28958
2017-10-31 09:25:00,1.289175,1.28947,1.289175,1.289485
2017-10-31 09:26:00,1.289195,1.289175,1.289115,1.28925
2017-10-31 09:27:00,1.289265,1.28924,1.289225,1.289375
2017-10-31 09:28:00,1.28922,1.289205,1.289195,1.28925
2017-10-31 09:29:00,1.289365,1.289225,1.289225,1.28939
2017-10-31 09:30:00,1.289235,1.289365,1.28916,1.289375
2017-10-31 09:31:00,1.28931,1.28918,1.289135,1.28931
2017-10-31 09:32:00,1.289595,1.28936,1.28929,1.28961
2017-10-31 09:33:00,1.289665,1.289595,1.289585,1.289675
2017-10-31 09:34:00,1.289505,1.28966,1.289425,1.28967
2017-10-31 09:35:00,1.28947,1.2895,1.289425,1.28958
2017-10-31 09:36:00,1.28937,1.28942,1.289315,1.28947
2017-10-31 09:37:00,1.28927,1.289355,1.28925,1.289385
2017-10-31 09:38:00,1.28913,1.289275,1.289085,1.289285
2017-10-31 09:39:00,1.289245,1.28911,1.28899,1.28925
2017-10-31 09:40:00,1.2896,1.289305,1.2893,1.28965
2017-10-31 09:41:00,1.289735,1.2896,1.28959,1.289735
2017-10-31 09:42:00,1.289725,1.28975,1.28965,1.28975
2017-10-31 09:43:00,1.28971,1.28973,1.289685,1.28979
2017-10-31 09:44:00,1.289215,1.289705,1.289165,1.28971
2017-10-31 09:45:00,1.289045,1.289215,1.289005,1.28947
2017-10-31 09:46:00,1.28963,1.28906,1.288975,1.28968
2017-10-31 09:47:00,1.28933,1.289635,1.289235,1.28964
2017-10-31 09:48:00,1.289305,1.289325,1.289115,1.28939
2017-10-31 09:49:00,1.289085,1.28935,1.289075,1.289365
2017-10-31 09:50:00,1.289115,1.289085,1.28898,1.289305
2017-10-31 09:51:00,1.289115,1.2891,1.28906,1.289225
2017-10-31 09:52:00,1.28921,1.28906,1.288985,1.28922
2017-10-31 09:53:00,1.289175,1.28921,1.28904,1.28923
2017-10-31 09:54:00,1.289335,1.289175,1.289175,1.28937
2017-10-31 09:55:00,1.28943,1.28933,1.28932,1.28947
2017-10-31 09:56:00,1.289395,1.28943,1.28931,1.28962
2017-10-31 09:57:00,1.289445,1.289405,1.289395,1.289445
2017-10-31 09:58:00,1.289405,1.289385,1.28933,1.289425
2017-10-31 09:59:00,1.289535,1.2894,1.289385,1.289535
2017-10-31 10:00:00,1.289115,1.28948,1.28905,1.28949
2017-10-31 10:01:00,1.289575,1.289175,1.289155,1.289695
2017-10-31 10:02:00,1.28963,1.28962,1.28953,1.28973
2017-10-31 10:03:00,1.28936,1.28959,1.28935,1.28959
2017-10-31 10:04:00,1.28971,1.2893,1.289195,1.28971
2017-10-31 10:05:00,1.29002,1.289725,1.289585,1.2901
2017-10-31 10:06:00,1.289605,1.290045,1.289535,1.29021
2017-10-31 10:07:00,1.289285,1.28963,1.289215,1.289705
2017-10-31 10:08:00,1.28954,1.289235,1.28909,1.2897
2017-10-31 10:09:00,1.289505,1.289535,1.289325,1.289625
2017-10-31 10:10:00,1.2895,1.289505,1.28943,1.289625
2017-10-31 10:11:00,1.289705,1.289495,1.289485,1.28976
2017-10-31 10:12:00,1.28984,1.289695,1.289635,1.28985
2017-10-31 10:13:00,1.28973,1.289895,1.28973,1.28992
2017-10-31 10:14:00,1.28966,1.289755,1.28962,1.28984
2017-10-31 10:15:00,1.28972,1.289665,1.28963,1.289775
2017-10-31 10:16:00,1.289575,1.289665,1.28954,1.28969
2017-10-31 10:17:00,1.28952,1.289525,1.289435,1.289535
2017-10-31 10:18:00,1.289535,1.2895,1.28943,1.28954
2017-10-31 10:19:00,1.289595,1.289545,1.289545,1.28964
2017-10-31 10:20:00,1.289595,1.289605,1.289595,1.289715
2017-10-31 10:21:00,1.289505,1.289535,1.28947,1.289595
2017-10-31 10:22:00,1.289555,1.2895,1.28946,1.28956
2017-10-31 10:23:00,1.289445,1.28955,1.28943,1.289615
2017-10-31 10:24:00,1.289395,1.28949,1.289395,1.289575
2017-10-31 10:25:00,1.289125,1.28934,1.28906,1.289365
2017-10-31 10:26:00,1.289435,1.289125,1.28912,1.28944
2017-10-31 10:27:00,1.289355,1.28942,1.28935,1.28945
2017-10-31 10:28:00,1.28936,1.289305,1.28926,1.28936
2017-10-31 10:29:00,1.289465,1.289355,1.289345,1.289475
2017-10-31 10:30:00,1.28943,1.28946,1.289415,1.289525
2017-10-31 10:31:00,1.289605,1.289425,1.28937,1.289675
2017-10-31 10:32:00,1.289735,1.28963,1.28958,1.28975
2017-10-31 10:33:00,1.289855,1.28974,1.28971,1.289855
2017-10-31 10:34:00,1.289835,1.289805,1.289765,1.289865
2017-10-31 10:35:00,1.2898,1.289785,1.28977,1.289805
2017-10-31 10:36:00,1.28978,1.289745,1.289725,1.28986
2017-10-31 10:37:00,1.289735,1.28976,1.289625,1.2898
2017-10-31 10:38:00,1.28958,1.28972,1.28958,1.28976
2017-10-31 10:39:00,1.289395,1.28956,1.28938,1.289595
2017-10-31 10:40:00,1.28917,1.2894,1.28917,1.289415
2017-10-31 10:41:00,1.28912,1.28912,1.289,1.28912
2017-10-31 10:42:00,1.28921,1.28908,1.28898,1.2893
2017-10-31 10:43:00,1.28922,1.289205,1.28916,1.289285
2017-10-31 10:44:00,1.289255,1.289215,1.28915,1.28931
2017-10-31 10:45:00,1.28921,1.289315,1.2892,1.289335
2017-10-31 10:46:00,1.28909,1.289265,1.28905,1.289435
2017-10-31 10:47:00,1.28908,1.289105,1.28907,1.28916
2017-10-31 10:48:00,1.28886,1.289075,1.28886,1.28908
2017-10-31 10:49:00,1.288655,1.28882,1.288455,1.28882
2017-10-31 10:50:00,1.288645,1.288675,1.288225,1.28872
2017-10-31 10:51:00,1.288755,1.28865,1.288625,1.28878
2017-10-31 10:52:00,1.28893,1.288705,1.288655,1.28894
2017-10-31 10:53:00,1.288965,1.288945,1.28892,1.28913
2017-10-31 10:54:00,1.28888,1.288985,1.28887,1.289095
2017-10-31 10:55:00,1.28879,1.288875,1.288755,1.288885
2017-10-31 10:56:00,1.28852,1.288735,1.28843,1.28875
2017-10-31 10:57:00,1.28841,1.2885,1.28826,1.28857
2017-10-31 10:58:00,1.28861,1.288425,1.28842,1.28864
2017-10-31 10:59:00,1.28856,1.288605,1.28849,1.28863
2017-10-31 11:00:00,1.28841,1.288555,1.28834,1.28856
2017-10-31 11:01:00,1.28868,1.288425,1.288425,1.28868
2017-10-31 11:02:00,1.288995,1.288705,1.2887,1.28919
2017-10-31 11:03:00,1.288905,1.289045,1.2888,1.289045
2017-10-31 11:04:00,1.288975,1.28889,1.288885,1.28918
2017-10-31 11:05:00,1.28896,1.28897,1.288795,1.28911
2017-10-31 11:06:00,1.28897,1.2889,1.288805,1.28901
2017-10-31 11:07:00,1.288885,1.28898,1.288815,1.289015
2017-10-31 11:08:00,1.2891,1.28894,1.288895,1.28917
2017-10-31 11:09:00,1.289425,1.2891,1.289085,1.289425
2017-10-31 11:10:00,1.289605,1.28941,1.28927,1.289605
2017-10-31 11:11:00,1.28934,1.289645,1.28934,1.289765
2017-10-31 11:12:00,1.28934,1.28929,1.289125,1.289365
2017-10-31 11:13:00,1.28893,1.28933,1.28892,1.289385
2017-10-31 11:14:00,1.289125,1.28892,1.288915,1.28924
2017-10-31 11:15:00,1.28882,1.28913,1.288815,1.28913
2017-10-31 11:16:00,1.288795,1.288815,1.288345,1.28884
2017-10-31 11:17:00,1.288955,1.288815,1.288805,1.28897
2017-10-31 11:18:00,1.28935,1.28896,1.28892,1.28938
2017-10-31 11:19:00,1.28903,1.28929,1.289,1.28935
2017-10-31 11:20:00,1.289065,1.28904,1.289015,1.289265
2017-10-31 11:21:00,1.28913,1.289065,1.28899,1.28917
2017-10-31 11:22:00,1.288915,1.28913,1.28882,1.28914
2017-10-31 11:23:00,1.289025,1.28891,1.288725,1.28903
2017-10-31 11:24:00,1.288915,1.289015,1.28889,1.28921
2017-10-31 11:25:00,1.289225,1.28891,1.28891,1.28924
2017-10-31 11:26:00,1.288885,1.289205,1.288855,1.28921
2017-10-31 11:27:00,1.28839,1.28887,1.288325,1.28887
2017-10-31 11:28:00,1.288455,1.28842,1.288305,1.28846
2017-10-31 11:29:00,1.288635,1.288475,1.28843,1.2887
2017-10-31 11:30:00,1.288535,1.28863,1.2883,1.288745
2017-10-31 11:31:00,1.288705,1.28853,1.28851,1.288735
2017-10-31 11:32:00,1.288805,1.288695,1.288615,1.288895
2017-10-31 11:33:00,1.28874,1.288805,1.28872,1.288925
2017-10-31 11:34:00,1.28887,1.28873,1.288655,1.28896
2017-10-31 11:35:00,1.288935,1.288815,1.288745,1.28901
2017-10-31 11:36:00,1.28842,1.28898,1.28842,1.289
2017-10-31 11:37:00,1.28826,1.288365,1.28815,1.288385
2017-10-31 11:38:00,1.288465,1.288285,1.28822,1.28848
2017-10-31 11:39:00,1.288665,1.28852,1.28852,1.28873
2017-10-31 11:40:00,1.288665,1.28867,1.288555,1.288745
2017-10-31 11:41:00,1.2888,1.288655,1.28861,1.28883
2017-10-31 11:42:00,1.28887,1.28881,1.288775,1.288965
2017-10-31 11:43:00,1.28858,1.288855,1.28849,1.288855
2017-10-31 11:44:00,1.288115,1.28853,1.28799,1.28856
2017-10-31 11:45:00,1.288375,1.28813,1.288085,1.288375
2017-10-31 11:46:00,1.28846,1.28838,1.288235,1.28847
2017-10-31 11:47:00,1.288435,1.288465,1.288285,1.288475
2017-10-31 11:48:00,1.28815,1.288425,1.288055,1.28843
2017-10-31 11:49:00,1.288125,1.288105,1.288035,1.28822
2017-10-31 11:50:00,1.287955,1.288105,1.28795,1.28818
2017-10-31 11:51:00,1.287755,1.28797,1.287365,1.28797
2017-10-31 11:52:00,1.287405,1.28776,1.28738,1.287795
2017-10-31 11:53:00,1.287615,1.28741,1.28741,1.28764
2017-10-31 11:54:00,1.287795,1.287605,1.287585,1.2878
2017-10-31 11:55:00,1.28806,1.287745,1.28768,1.28806
2017-10-31 11:56:00,1.28783,1.288085,1.28769,1.288165
2017-10-31 11:57:00,1.28794,1.287855,1.287855,1.28818
2017-10-31 11:58:00,1.28868,1.287935,1.28793,1.288685
2017-10-31 11:59:00,1.28962,1.28868,1.288605,1.289855
2017-10-31 12:00:00,1.289475,1.289625,1.288085,1.28973
2017-10-31 12:01:00,1.288945,1.28947,1.288745,1.28947
2017-10-31 12:02:00,1.289145,1.28894,1.288875,1.28937
2017-10-31 12:03:00,1.289085,1.289195,1.28897,1.289325
2017-10-31 12:04:00,1.28933,1.289075,1.288985,1.28933
2017-10-31 12:05:00,1.289355,1.289335,1.28916,1.289355
2017-10-31 12:06:00,1.289315,1.28936,1.28929,1.289445
2017-10-31 12:07:00,1.28931,1.2893,1.289245,1.289475
2017-10-31 12:08:00,1.289425,1.28933,1.28933,1.28945
2017-10-31 12:09:00,1.289405,1.289405,1.289335,1.28946
2017-10-31 12:10:00,1.28939,1.2894,1.28933,1.289425
2017-10-31 12:11:00,1.28934,1.289395,1.28928,1.2894
2017-10-31 12:12:00,1.28936,1.28928,1.28923,1.289425
2017-10-31 12:13:00,1.28959,1.28937,1.289355,1.289645
2017-10-31 12:14:00,1.28967,1.289595,1.289575,1.289725
2017-10-31 12:15:00,1.289525,1.28965,1.289465,1.28966
2017-10-31 12:16:00,1.289615,1.28947,1.28939,1.28962
2017-10-31 12:17:00,1.28965,1.28962,1.28957,1.289695
2017-10-31 12:18:00,1.289785,1.289655,1.28961,1.2898
2017-10-31 12:19:00,1.28982,1.28981,1.289685,1.289975
2017-10-31 12:20:00,1.289845,1.28985,1.289725,1.28985
2017-10-31 12:21:00,1.289735,1.28985,1.28967,1.289905
2017-10-31 12:22:00,1.289685,1.289675,1.28957,1.289735
2017-10-31 12:23:00,1.289655,1.28963,1.289605,1.28973
2017-10-31 12:24:00,1.289915,1.28966,1.28965,1.289915
2017-10-31 12:25:00,1.28987,1.28991,1.289855,1.289985
2017-10-31 12:26:00,1.28984,1.28982,1.289805,1.28985
2017-10-31 12:27:00,1.289935,1.28983,1.28982,1.289945
2017-10-31 12:28:00,1.28995,1.289965,1.28973,1.289965
2017-10-31 12:29:00,1.289945,1.289965,1.28994,1.289965
2017-10-31 12:30:00,1.28992,1.289995,1.2899,1.29004
2017-10-31 12:31:00,1.28978,1.28996,1.28978,1.289975
2017-10-31 12:32:00,1.289875,1.28976,1.28976,1.28989
2017-10-31 12:33:00,1.289715,1.289865,1.28954,1.28987
2017-10-31 12:34:00,1.28971,1.28966,1.28964,1.28971
2017-10-31 12:35:00,1.289865,1.289715,1.289715,1.28988
2017-10-31 12:36:00,1.2898,1.289865,1.289785,1.28992
2017-10-31 12:37:00,1.289615,1.28975,1.289605,1.289765
2017-10-31 12:38:00,1.289605,1.28961,1.289585,1.28966
2017-10-31 12:39:00,1.289545,1.289585,1.28943,1.289605
2017-10-31 12:40:00,1.28937,1.289525,1.28937,1.289525
2017-10-31 12:41:00,1.28948,1.289425,1.28941,1.289495
2017-10-31 12:42:00,1.2896,1.28949,1.289445,1.289665
2017-10-31 12:43:00,1.28956,1.28956,1.289485,1.289565
2017-10-31 12:44:00,1.28949,1.28956,1.28948,1.2896
2017-10-31 12:45:00,1.2898,1.289495,1.289485,1.28982
2017-10-31 12:46:00,1.289895,1.28979,1.289755,1.289905
2017-10-31 12:47:00,1.28987,1.28989,1.28987,1.28991
2017-10-31 12:48:00,1.290015,1.289925,1.28992,1.290045
2017-10-31 12:49:00,1.289795,1.29001,1.289795,1.29001
2017-10-31 12:50:00,1.28972,1.289765,1.28972,1.289765
2017-10-31 12:51:00,1.289895,1.2897,1.2897,1.289925
2017-10-31 12:52:00,1.28968,1.2899,1.28966,1.289905
2017-10-31 12:53:00,1.28975,1.289685,1.289685,1.28982
2017-10-31 12:54:00,1.289875,1.28974,1.28967,1.289915
2017-10-31 12:55:00,1.289805,1.28985,1.289805,1.28985
2017-10-31 12:56:00,1.28996,1.28978,1.28978,1.289975
2017-10-31 12:57:00,1.290005,1.289905,1.28981,1.290045
2017-10-31 12:58:00,1.289925,1.29002,1.289865,1.29002
2017-10-31 12:59:00,1.28987,1.289935,1.28987,1.290035
2017-10-31 13:00:00,1.289875,1.289895,1.289875,1.290025
2017-10-31 13:01:00,1.28991,1.28985,1.289805,1.29001
2017-10-31 13:02:00,1.28991,1.289915,1.289895,1.28995
2017-10-31 13:03:00,1.2897,1.289915,1.289695,1.289925
2017-10-31 13:04:00,1.289525,1.2897,1.289515,1.289705
2017-10-31 13:05:00,1.28953,1.289555,1.28951,1.289625
2017-10-31 13:06:00,1.289585,1.289545,1.289545,1.289585
2017-10-31 13:07:00,1.289715,1.28958,1.289545,1.289735
2017-10-31 13:08:00,1.28974,1.28971,1.289675,1.28977
2017-10-31 13:09:00,1.289615,1.28976,1.289615,1.28976
2017-10-31 13:10:00,1.28971,1.289665,1.28966,1.28973
2017-10-31 13:11:00,1.28971,1.289665,1.28966,1.28973
2017-10-31 13:12:00,1.28978,1.289735,1.289735,1.28978
2017-10-31 13:13:00,1.290085,1.2898,1.2898,1.290085
2017-10-31 13:14:00,1.290185,1.29009,1.290075,1.29022
2017-10-31 13:15:00,1.29031,1.290135,1.29013,1.290395
2017-10-31 13:16:00,1.29035,1.29031,1.290145,1.290365
2017-10-31 13:17:00,1.290325,1.290355,1.2903,1.29039
2017-10-31 13:18:00,1.29063,1.29027,1.290265,1.290725
2017-10-31 13:19:00,1.29058,1.29066,1.29058,1.29075
2017-10-31 13:20:00,1.29096,1.290635,1.290635,1.29108
2017-10-31 13:21:00,1.291065,1.290955,1.290945,1.291205
2017-10-31 13:22:00,1.290925,1.29109,1.29084,1.29112
2017-10-31 13:23:00,1.290905,1.290935,1.29087,1.290975
2017-10-31 13:24:00,1.29086,1.29086,1.290835,1.29091
2017-10-31 13:25:00,1.290745,1.290855,1.29074,1.29097
2017-10-31 13:26:00,1.29071,1.29069,1.290615,1.29071
2017-10-31 13:27:00,1.29075,1.290765,1.290665,1.290765
2017-10-31 13:28:00,1.290795,1.290775,1.29077,1.29084
2017-10-31 13:29:00,1.29095,1.2908,1.29078,1.29095
2017-10-31 13:30:00,1.290745,1.290975,1.290715,1.29102
2017-10-31 13:31:00,1.29046,1.290715,1.29044,1.290715
2017-10-31 13:32:00,1.29045,1.29041,1.29035,1.290555
2017-10-31 13:33:00,1.29035,1.290395,1.29033,1.290395
2017-10-31 13:34:00,1.29021,1.290335,1.290205,1.29038
2017-10-31 13:35:00,1.290375,1.2902,1.2902,1.29038
2017-10-31 13:36:00,1.29022,1.29038,1.2901,1.29038
2017-10-31 13:37:00,1.290405,1.290205,1.290205,1.290405
2017-10-31 13:38:00,1.29041,1.29039,1.290355,1.29042
2017-10-31 13:39:00,1.29026,1.2904,1.29025,1.2904
2017-10-31 13:40:00,1.29045,1.290255,1.290245,1.290465
2017-10-31 13:41:00,1.290445,1.2905,1.29043,1.290675
2017-10-31 13:42:00,1.290475,1.29044,1.290385,1.29049
2017-10-31 13:43:00,1.290445,1.29048,1.290445,1.29053
2017-10-31 13:44:00,1.290565,1.29045,1.29045,1.29063
2017-10-31 13:45:00,1.29062,1.290615,1.290585,1.29063
2017-10-31 13:46:00,1.290595,1.290615,1.290595,1.29062
2017-10-31 13:47:00,1.29061,1.290605,1.29054,1.29063
2017-10-31 13:48:00,1.29073,1.29063,1.2906,1.290745
2017-10-31 13:49:00,1.290595,1.29073,1.290595,1.290745
2017-10-31 13:50:00,1.290525,1.2906,1.290495,1.2906
2017-10-31 13:51:00,1.290525,1.29055,1.29051,1.29058
2017-10-31 13:52:00,1.29049,1.29053,1.290475,1.290535
2017-10-31 13:53:00,1.290415,1.29049,1.29037,1.290495
2017-10-31 13:54:00,1.29032,1.29042,1.290315,1.290435
2017-10-31 13:55:00,1.29037,1.290325,1.290245,1.290405
2017-10-31 13:56:00,1.290385,1.290315,1.29031,1.29039
2017-10-31 13:57:00,1.29033,1.290415,1.2903,1.290415
2017-10-31 13:58:00,1.29018,1.290335,1.29018,1.29034
2017-10-31 13:59:00,1.290165,1.290175,1.290155,1.29028
2017-10-31 14:00:00,1.28979,1.290115,1.289635,1.290175
2017-10-31 14:01:00,1.28983,1.28979,1.289735,1.289955
2017-10-31 14:02:00,1.28995,1.28982,1.28982,1.290125
2017-10-31 14:03:00,1.289915,1.289945,1.289905,1.290045
2017-10-31 14:04:00,1.28999,1.28991,1.289905,1.290015
2017-10-31 14:05:00,1.29008,1.28999,1.289985,1.29008
2017-10-31 14:06:00,1.289965,1.290075,1.28991,1.290095
2017-10-31 14:07:00,1.28993,1.289975,1.289885,1.289995
2017-10-31 14:08:00,1.289985,1.289925,1.28991,1.28999
2017-10-31 14:09:00,1.289915,1.28993,1.28989,1.28993
2017-10-31 14:10:00,1.28991,1.28991,1.2899,1.289915
2017-10-31 14:11:00,1.289815,1.289905,1.289795,1.289935
2017-10-31 14:12:00,1.289935,1.28982,1.28981,1.28994
2017-10-31 14:13:00,1.28997,1.28993,1.289925,1.29009
2017-10-31 14:14:00,1.289895,1.289975,1.289895,1.289975
2017-10-31 14:15:00,1.289805,1.289875,1.28975,1.289875
2017-10-31 14:16:00,1.28984,1.289855,1.289835,1.289875
2017-10-31 14:17:00,1.289895,1.289845,1.28983,1.28991
2017-10-31 14:18:00,1.289915,1.289905,1.28989,1.28997
2017-10-31 14:19:00,1.28997,1.289905,1.289875,1.289995
2017-10-31 14:20:00,1.28992,1.29003,1.28992,1.29003
2017-10-31 14:21:00,1.28988,1.2899,1.28988,1.28991
2017-10-31 14:22:00,1.28989,1.289905,1.28984,1.289925
2017-10-31 14:23:00,1.28989,1.28988,1.289875,1.289905
2017-10-31 14:24:00,1.28992,1.289835,1.289795,1.28993
2017-10-31 14:25:00,1.289935,1.28991,1.28983,1.28995
2017-10-31 14:26:00,1.289815,1.28993,1.28981,1.289995
2017-10-31 14:27:00,1.28989,1.2898,1.2898,1.2899
2017-10-31 14:28:00,1.289795,1.28983,1.28972,1.28983
2017-10-31 14:29:00,1.289785,1.289815,1.28976,1.289815
2017-10-31 14:30:00,1.289745,1.28979,1.28974,1.28981
2017-10-31 14:31:00,1.289825,1.289745,1.289735,1.28985
2017-10-31 14:32:00,1.289755,1.28981,1.289735,1.289865
2017-10-31 14:33:00,1.28992,1.289775,1.28976,1.289925
2017-10-31 14:34:00,1.289855,1.2899,1.289795,1.289915
2017-10-31 14:35:00,1.289855,1.2899,1.289795,1.289915
2017-10-31 14:36:00,1.289835,1.289835,1.28977,1.28984
2017-10-31 14:37:00,1.28987,1.28983,1.289825,1.28987
2017-10-31 14:38:00,1.28988,1.28984,1.28979,1.289885
2017-10-31 14:39:00,1.28988,1.289875,1.289845,1.289885
2017-10-31 14:40:00,1.289715,1.289845,1.28959,1.28986
2017-10-31 14:41:00,1.289665,1.28973,1.28957,1.28975
2017-10-31 14:42:00,1.28978,1.289715,1.289715,1.28978
2017-10-31 14:43:00,1.289705,1.289775,1.28968,1.289775
2017-10-31 14:44:00,1.2897,1.2897,1.289695,1.289705
2017-10-31 14:45:00,1.28968,1.28971,1.28968,1.289725
2017-10-31 14:46:00,1.28961,1.289625,1.289605,1.289625
2017-10-31 14:47:00,1.289595,1.28962,1.28958,1.28967
2017-10-31 14:48:00,1.28965,1.289615,1.28956,1.28966
2017-10-31 14:49:00,1.28962,1.28964,1.28961,1.28964
2017-10-31 14:50:00,1.28967,1.289595,1.289535,1.289705
2017-10-31 14:51:00,1.289575,1.289655,1.289575,1.289675
2017-10-31 14:52:00,1.289575,1.289585,1.289565,1.289605
2017-10-31 14:53:00,1.28959,1.28957,1.28954,1.289625
2017-10-31 14:54:00,1.289595,1.289565,1.28956,1.28965
2017-10-31 14:55:00,1.28958,1.289595,1.28949,1.28962
2017-10-31 14:56:00,1.289515,1.289585,1.28949,1.289615
2017-10-31 14:57:00,1.289545,1.289505,1.289485,1.289665
2017-10-31 14:58:00,1.289305,1.289555,1.289295,1.28956
2017-10-31 14:59:00,1.289265,1.289285,1.28916,1.289355
2017-10-31 15:00:00,1.289595,1.28925,1.28925,1.28966
2017-10-31 15:01:00,1.289565,1.289585,1.28951,1.289645
2017-10-31 15:02:00,1.28955,1.289545,1.28951,1.289585
2017-10-31 15:03:00,1.28972,1.289545,1.28953,1.289745
2017-10-31 15:04:00,1.289635,1.28972,1.289635,1.289725
2017-10-31 15:05:00,1.289535,1.28958,1.28943,1.28961
2017-10-31 15:06:00,1.289455,1.28954,1.289435,1.289545
2017-10-31 15:07:00,1.28936,1.28946,1.289335,1.289465
2017-10-31 15:08:00,1.2893,1.289375,1.2893,1.289375
2017-10-31 15:09:00,1.28929,1.28935,1.28929,1.289455
2017-10-31 15:10:00,1.289205,1.289235,1.289175,1.289235
2017-10-31 15:11:00,1.28923,1.28921,1.2892,1.289235
2017-10-31 15:12:00,1.289265,1.28922,1.28922,1.289265
2017-10-31 15:13:00,1.28929,1.289235,1.28921,1.289295
2017-10-31 15:14:00,1.289225,1.28928,1.289215,1.289355
2017-10-31 15:15:00,1.2892,1.289225,1.2892,1.28924
2017-10-31 15:16:00,1.28922,1.289225,1.289195,1.28926
2017-10-31 15:17:00,1.28923,1.289235,1.289185,1.28924
2017-10-31 15:18:00,1.28928,1.289205,1.289205,1.289285
2017-10-31 15:19:00,1.289225,1.28929,1.28922,1.289315
2017-10-31 15:20:00,1.289335,1.289245,1.289245,1.28938
2017-10-31 15:21:00,1.289095,1.289355,1.289095,1.289355
2017-10-31 15:22:00,1.289125,1.289045,1.289045,1.28914
2017-10-31 15:23:00,1.2892,1.28913,1.28911,1.2892
2017-10-31 15:24:00,1.289245,1.28926,1.289235,1.28928
2017-10-31 15:25:00,1.289065,1.289265,1.289055,1.28927
2017-10-31 15:26:00,1.28905,1.28906,1.28903,1.28907
2017-10-31 15:27:00,1.28901,1.28903,1.28901,1.28905
2017-10-31 15:28:00,1.289035,1.289035,1.289035,1.289035
2017-10-31 15:29:00,1.288975,1.28898,1.288895,1.288985
2017-10-31 15:30:00,1.288895,1.288965,1.288835,1.28912
2017-10-31 15:31:00,1.28897,1.2889,1.288885,1.289
2017-10-31 15:32:00,1.28909,1.288975,1.28892,1.28909
2017-10-31 15:33:00,1.28939,1.28911,1.288925,1.28943
2017-10-31 15:34:00,1.289455,1.28938,1.28917,1.289685
2017-10-31 15:35:00,1.28905,1.28951,1.289045,1.28956
2017-10-31 15:36:00,1.288855,1.28904,1.28875,1.28908
2017-10-31 15:37:00,1.288815,1.288855,1.28873,1.288855
2017-10-31 15:38:00,1.288795,1.2888,1.288795,1.288875
2017-10-31 15:39:00,1.288745,1.28877,1.288615,1.288835
2017-10-31 15:40:00,1.28864,1.28875,1.28853,1.289095
2017-10-31 15:41:00,1.288685,1.28863,1.28855,1.28875
2017-10-31 15:42:00,1.28893,1.288665,1.288665,1.288935
2017-10-31 15:43:00,1.2889,1.288935,1.288795,1.289015
2017-10-31 15:44:00,1.289055,1.28892,1.28891,1.28907
2017-10-31 15:45:00,1.289135,1.289065,1.289035,1.289155
2017-10-31 15:46:00,1.28923,1.289135,1.28911,1.289265
2017-10-31 15:47:00,1.28951,1.289235,1.289235,1.289515
2017-10-31 15:48:00,1.289475,1.289505,1.28939,1.28951
2017-10-31 15:49:00,1.28965,1.289475,1.289465,1.28973
2017-10-31 15:50:00,1.28985,1.289645,1.289645,1.289865
2017-10-31 15:51:00,1.29033,1.289865,1.289835,1.29033
2017-10-31 15:52:00,1.290185,1.29028,1.290115,1.29028
2017-10-31 15:53:00,1.29004,1.29017,1.28992,1.290195
2017-10-31 15:54:00,1.290125,1.290015,1.290015,1.290135
2017-10-31 15:55:00,1.290135,1.29014,1.290115,1.29022
2017-10-31 15:56:00,1.28995,1.290145,1.2899,1.29015
2017-10-31 15:57:00,1.289805,1.28995,1.28979,1.290035
2017-10-31 15:58:00,1.29022,1.289785,1.28973,1.29024
2017-10-31 15:59:00,1.2903,1.290215,1.290185,1.29042
2017-10-31 16:00:00,1.29,1.2903,1.289955,1.290315
2017-10-31 16:01:00,1.289865,1.28998,1.28979,1.29008
2017-10-31 16:02:00,1.28994,1.289875,1.289785,1.29005
2017-10-31 16:03:00,1.290135,1.28993,1.28993,1.29014
2017-10-31 16:04:00,1.28994,1.29007,1.28994,1.29009
2017-10-31 16:05:00,1.289965,1.289935,1.289885,1.28999
2017-10-31 16:06:00,1.289955,1.28997,1.28994,1.289975
2017-10-31 16:07:00,1.29,1.289995,1.289995,1.290095
2017-10-31 16:08:00,1.289775,1.290025,1.289775,1.290045
2017-10-31 16:09:00,1.289835,1.289765,1.289755,1.28985
2017-10-31 16:10:00,1.28944,1.289785,1.28944,1.289785
2017-10-31 16:11:00,1.289625,1.289455,1.289445,1.289625
2017-10-31 16:12:00,1.28954,1.28962,1.289465,1.28962
2017-10-31 16:13:00,1.289575,1.289535,1.28953,1.28963
2017-10-31 16:14:00,1.28962,1.28957,1.28956,1.289625
2017-10-31 16:15:00,1.28962,1.289615,1.28954,1.28964
2017-10-31 16:16:00,1.289625,1.289615,1.2896,1.289645
2017-10-31 16:17:00,1.2896,1.28962,1.289575,1.289635
2017-10-31 16:18:00,1.28969,1.28962,1.289575,1.28971
2017-10-31 16:19:00,1.28978,1.28969,1.289685,1.28978
2017-10-31 16:20:00,1.28979,1.28979,1.289785,1.28981
2017-10-31 16:21:00,1.28981,1.289785,1.289775,1.289815
2017-10-31 16:22:00,1.28982,1.28981,1.28976,1.28982
2017-10-31 16:23:00,1.289915,1.28987,1.289855,1.289915
2017-10-31 16:24:00,1.289915,1.28987,1.289855,1.289915
2017-10-31 16:25:00,1.28998,1.28996,1.28995,1.289995
2017-10-31 16:26:00,1.289945,1.289985,1.28994,1.28999
2017-10-31 16:27:00,1.289815,1.28994,1.28975,1.289945
2017-10-31 16:28:00,1.28982,1.28976,1.28976,1.28983
2017-10-31 16:29:00,1.28987,1.28977,1.28977,1.289965
2017-10-31 16:30:00,1.289655,1.289875,1.289595,1.289875
2017-10-31 16:31:00,1.2896,1.28966,1.289405,1.289745
2017-10-31 16:32:00,1.28963,1.289605,1.289585,1.289635
2017-10-31 16:33:00,1.28966,1.289625,1.28962,1.28969
2017-10-31 16:34:00,1.289665,1.28965,1.28963,1.289665
2017-10-31 16:35:00,1.28961,1.28966,1.28958,1.28966
2017-10-31 16:36:00,1.28952,1.289615,1.289465,1.289625
2017-10-31 16:37:00,1.28945,1.289495,1.289415,1.28953
2017-10-31 16:38:00,1.289435,1.28943,1.289355,1.2895
2017-10-31 16:39:00,1.28945,1.28942,1.2894,1.28947
2017-10-31 16:40:00,1.289355,1.28945,1.289355,1.28945
2017-10-31 16:41:00,1.289245,1.289365,1.289235,1.28937
2017-10-31 16:42:00,1.28938,1.289245,1.28924,1.289405
2017-10-31 16:43:00,1.289395,1.2894,1.289365,1.28943
2017-10-31 16:44:00,1.28944,1.289425,1.289335,1.289455
2017-10-31 16:45:00,1.28917,1.28945,1.28914,1.289455
2017-10-31 16:46:00,1.28904,1.289165,1.28892,1.28925
2017-10-31 16:47:00,1.288945,1.28903,1.288945,1.289045
2017-10-31 16:48:00,1.288915,1.28895,1.288915,1.288985
2017-10-31 16:49:00,1.289125,1.28897,1.28897,1.289175
2017-10-31 16:50:00,1.2891,1.28913,1.2891,1.28929
2017-10-31 16:51:00,1.28904,1.28909,1.289,1.289115
2017-10-31 16:52:00,1.289105,1.289025,1.28893,1.289145
2017-10-31 16:53:00,1.289055,1.28911,1.289035,1.289115
2017-10-31 16:54:00,1.289,1.28905,1.289,1.289055
2017-10-31 16:55:00,1.288975,1.28894,1.28888,1.289125
2017-10-31 16:56:00,1.2889,1.288975,1.288855,1.288985
2017-10-31 16:57:00,1.288935,1.28887,1.288845,1.28894
2017-10-31 16:58:00,1.289045,1.288895,1.288895,1.289045
2017-10-31 17:04:00,1.288945,1.288865,1.28883,1.28898
2017-10-31 17:05:00,1.2888,1.288875,1.288525,1.288955
2017-10-31 17:06:00,1.288795,1.28884,1.288635,1.28899
2017-10-31 17:07:00,1.288895,1.28884,1.288825,1.288985
2017-10-31 17:08:00,1.288895,1.28884,1.288825,1.288985
2017-10-31 17:09:00,1.28906,1.288995,1.288995,1.28906
2017-10-31 17:10:00,1.288915,1.28898,1.28891,1.28898
2017-10-31 17:11:00,1.288965,1.288825,1.288805,1.28904
2017-10-31 17:12:00,1.289245,1.28897,1.28888,1.289285
2017-10-31 17:13:00,1.28904,1.28929,1.28898,1.28929
2017-10-31 17:14:00,1.28897,1.28903,1.28893,1.28916
2017-10-31 17:15:00,1.28898,1.288965,1.288955,1.28899
2017-10-31 17:16:00,1.289035,1.288975,1.288975,1.289035
2017-10-31 17:17:00,1.28914,1.28914,1.28913,1.28914
2017-10-31 17:18:00,1.289135,1.289145,1.28911,1.289165
2017-10-31 17:19:00,1.289145,1.289135,1.289135,1.289145
2017-10-31 17:20:00,1.28918,1.28914,1.289135,1.289185
2017-10-31 17:21:00,1.289115,1.28919,1.289115,1.28922
2017-10-31 17:22:00,1.289375,1.28921,1.2892,1.28939
2017-10-31 17:23:00,1.28925,1.289365,1.28925,1.28937
2017-10-31 17:24:00,1.28925,1.289365,1.28925,1.28937
2017-10-31 17:25:00,1.28925,1.289365,1.28925,1.28937
2017-10-31 17:26:00,1.289335,1.28929,1.28929,1.289335
2017-10-31 17:27:00,1.2892,1.28938,1.28915,1.28946
2017-10-31 17:28:00,1.289085,1.289195,1.28906,1.289255
2017-10-31 17:29:00,1.289075,1.289095,1.289045,1.28912
2017-10-31 17:30:00,1.289115,1.289075,1.289075,1.289125
2017-10-31 17:31:00,1.289175,1.289115,1.289085,1.289175
2017-10-31 17:32:00,1.28911,1.289265,1.289085,1.289285
2017-10-31 17:33:00,1.28917,1.28917,1.28917,1.28917
2017-10-31 17:34:00,1.288835,1.289145,1.288835,1.289155
2017-10-31 17:35:00,1.2889,1.288805,1.288645,1.289025
2017-10-31 17:36:00,1.28857,1.288875,1.28857,1.2889
2017-10-31 17:37:00,1.288625,1.288565,1.28856,1.288625
2017-10-31 17:38:00,1.288745,1.288545,1.28852,1.288765
2017-10-31 17:39:00,1.288695,1.288775,1.28869,1.288775
2017-10-31 17:40:00,1.288705,1.28871,1.2887,1.28871
2017-10-31 17:41:00,1.2887,1.2887,1.288695,1.288705
2017-10-31 17:42:00,1.288705,1.28875,1.288665,1.28875
2017-10-31 17:43:00,1.288735,1.288755,1.288735,1.288755
2017-10-31 17:44:00,1.288715,1.288665,1.288635,1.288715
2017-10-31 17:45:00,1.288715,1.288665,1.288635,1.288715
2017-10-31 17:46:00,1.28883,1.288745,1.28874,1.288835
2017-10-31 17:47:00,1.288725,1.288855,1.288715,1.288855
2017-10-31 17:48:00,1.288725,1.288855,1.288715,1.288855
2017-10-31 17:49:00,1.28871,1.2887,1.288695,1.28873
2017-10-31 17:50:00,1.288795,1.288705,1.288705,1.288795
2017-10-31 17:51:00,1.288795,1.288705,1.288705,1.288795
2017-10-31 17:52:00,1.288975,1.28894,1.28891,1.28903
2017-10-31 17:53:00,1.28897,1.28898,1.288935,1.289005
2017-10-31 17:54:00,1.288995,1.28896,1.28886,1.289045
2017-10-31 17:55:00,1.288995,1.28899,1.288735,1.289225
2017-10-31 17:56:00,1.28894,1.288975,1.28886,1.289095
2017-10-31 17:57:00,1.28887,1.288955,1.28887,1.289125
2017-10-31 17:58:00,1.28896,1.288865,1.288845,1.28898
2017-10-31 17:59:00,1.28909,1.28909,1.28909,1.28909
2017-10-31 18:00:00,1.289195,1.28913,1.28896,1.289205
2017-10-31 18:01:00,1.28904,1.289045,1.288905,1.28906
2017-10-31 18:02:00,1.28899,1.28889,1.288845,1.2891
2017-10-31 18:03:00,1.28898,1.28899,1.288965,1.289015
2017-10-31 18:04:00,1.289045,1.288975,1.288895,1.28907
2017-10-31 18:05:00,1.288995,1.28904,1.28898,1.289045
2017-10-31 18:06:00,1.288885,1.288935,1.28881,1.28903
2017-10-31 18:07:00,1.28892,1.288875,1.288865,1.288935
2017-10-31 18:08:00,1.28893,1.288915,1.288895,1.28894
2017-10-31 18:09:00,1.288765,1.28887,1.288755,1.28887
2017-10-31 18:10:00,1.28868,1.28875,1.288635,1.28877
2017-10-31 18:11:00,1.2887,1.288705,1.28868,1.288735
2017-10-31 18:12:00,1.288745,1.28871,1.288665,1.28877
2017-10-31 18:13:00,1.28872,1.28873,1.28869,1.28875
2017-10-31 18:14:00,1.28869,1.28873,1.28869,1.28877
2017-10-31 18:15:00,1.28867,1.288695,1.28865,1.2887
2017-10-31 18:16:00,1.288895,1.288665,1.288655,1.2889
2017-10-31 18:17:00,1.28889,1.288895,1.28888,1.288905
2017-10-31 18:18:00,1.28893,1.2889,1.288885,1.288935
2017-10-31 18:19:00,1.28891,1.288925,1.28887,1.288975
2017-10-31 18:20:00,1.28894,1.28891,1.28887,1.288955
2017-10-31 18:21:00,1.28901,1.288935,1.2889,1.289035
2017-10-31 18:22:00,1.289,1.28899,1.288935,1.289005
2017-10-31 18:23:00,1.289165,1.289045,1.289045,1.289185
2017-10-31 18:24:00,1.289155,1.289175,1.289115,1.28932
2017-10-31 18:25:00,1.289155,1.28915,1.289115,1.289165
2017-10-31 18:26:00,1.289165,1.28915,1.28912,1.289245
2017-10-31 18:27:00,1.289135,1.289165,1.28905,1.28917
2017-10-31 18:28:00,1.28912,1.28914,1.289115,1.28915
2017-10-31 18:29:00,1.28911,1.289105,1.2891,1.28911
2017-10-31 18:30:00,1.28913,1.289125,1.28912,1.289145
2017-10-31 18:31:00,1.289105,1.28912,1.289095,1.289135
2017-10-31 18:32:00,1.28913,1.2891,1.28907,1.28913
2017-10-31 18:33:00,1.289125,1.28913,1.289115,1.289135
2017-10-31 18:34:00,1.289155,1.289195,1.289155,1.289205
2017-10-31 18:35:00,1.289175,1.289175,1.289175,1.289175
2017-10-31 18:36:00,1.289225,1.28924,1.289225,1.289245
2017-10-31 18:37:00,1.28923,1.28923,1.28923,1.28923
2017-10-31 18:38:00,1.28909,1.28922,1.28903,1.289245
2017-10-31 18:39:00,1.28907,1.28911,1.289055,1.28912
2017-10-31 18:40:00,1.28909,1.289075,1.28903,1.289155
2017-10-31 18:41:00,1.28901,1.289105,1.289005,1.289105
2017-10-31 18:42:00,1.28906,1.28901,1.288975,1.289065
2017-10-31 18:43:00,1.28923,1.289065,1.289035,1.28924
2017-10-31 18:44:00,1.289475,1.289245,1.289105,1.289485
2017-10-31 18:45:00,1.28947,1.289485,1.2894,1.289485
2017-10-31 18:46:00,1.28943,1.28947,1.28942,1.28948
2017-10-31 18:47:00,1.289385,1.289425,1.289385,1.289425
2017-10-31 18:48:00,1.28941,1.28941,1.28941,1.28941
2017-10-31 18:49:00,1.289435,1.289435,1.289435,1.289435
2017-10-31 18:50:00,1.289355,1.289375,1.289345,1.28938
2017-10-31 18:51:00,1.289355,1.289375,1.289345,1.28938
2017-10-31 18:52:00,1.289375,1.28935,1.28935,1.289375
2017-10-31 18:53:00,1.28937,1.289365,1.289345,1.289375
2017-10-31 18:54:00,1.28932,1.28937,1.2893,1.2894
2017-10-31 18:55:00,1.289375,1.28933,1.289325,1.28938
2017-10-31 18:56:00,1.28944,1.28938,1.289375,1.28944
2017-10-31 18:57:00,1.289705,1.289455,1.289455,1.289705
2017-10-31 18:58:00,1.289675,1.28964,1.28964,1.289675
2017-10-31 18:59:00,1.28981,1.289695,1.289695,1.28986
2017-10-31 19:00:00,1.28984,1.289835,1.28979,1.289845
2017-10-31 19:01:00,1.289835,1.28986,1.289835,1.28986
2017-10-31 19:02:00,1.289755,1.28976,1.28972,1.2898
2017-10-31 19:03:00,1.289775,1.28973,1.28973,1.289775
2017-10-31 19:04:00,1.28964,1.289755,1.28964,1.28976
2017-10-31 19:05:00,1.28972,1.289705,1.28968,1.28974
2017-10-31 19:06:00,1.289705,1.28973,1.2897,1.28973
2017-10-31 19:07:00,1.28971,1.289715,1.2897,1.28974
2017-10-31 19:08:00,1.28952,1.289715,1.28951,1.289715
2017-10-31 19:09:00,1.289515,1.28956,1.289515,1.28956
2017-10-31 19:10:00,1.289595,1.28957,1.28957,1.289605
2017-10-31 19:11:00,1.28952,1.28959,1.289515,1.28959
2017-10-31 19:12:00,1.28942,1.289535,1.289385,1.289545
2017-10-31 19:13:00,1.289375,1.28942,1.289375,1.28942
2017-10-31 19:14:00,1.28941,1.289395,1.28933,1.28942
2017-10-31 19:15:00,1.2893,1.289395,1.289295,1.289395
2017-10-31 19:16:00,1.28932,1.289305,1.2893,1.289345
2017-10-31 19:17:00,1.28932,1.28932,1.28932,1.28932
2017-10-31 19:18:00,1.2893,1.289305,1.289295,1.28933
2017-10-31 19:19:00,1.28923,1.28931,1.28921,1.289325
2017-10-31 19:20:00,1.289225,1.28923,1.289205,1.28924
2017-10-31 19:21:00,1.289225,1.289225,1.289215,1.289235
2017-10-31 19:22:00,1.2892,1.28922,1.28919,1.28922
2017-10-31 19:23:00,1.2892,1.289195,1.289195,1.2892
2017-10-31 19:24:00,1.2892,1.289195,1.289195,1.2892
2017-10-31 19:25:00,1.28915,1.28914,1.289115,1.289165
2017-10-31 19:26:00,1.289115,1.289155,1.2891,1.28918
2017-10-31 19:27:00,1.289045,1.28912,1.28904,1.289125
2017-10-31 19:28:00,1.289045,1.289045,1.28904,1.28905
2017-10-31 19:29:00,1.289065,1.289055,1.28904,1.28909
2017-10-31 19:30:00,1.289115,1.289115,1.28911,1.289125
2017-10-31 19:31:00,1.289125,1.28912,1.28911,1.28914
2017-10-31 19:32:00,1.28913,1.28912,1.289115,1.28913
2017-10-31 19:33:00,1.289105,1.289125,1.289105,1.289165
2017-10-31 19:34:00,1.289035,1.289045,1.289035,1.28905
2017-10-31 19:35:00,1.289055,1.28905,1.289045,1.28908
2017-10-31 19:36:00,1.289065,1.28905,1.289045,1.2891
2017-10-31 19:37:00,1.289075,1.28908,1.28905,1.289095
2017-10-31 19:38:00,1.289045,1.289065,1.289035,1.289085
2017-10-31 19:39:00,1.28904,1.28904,1.289035,1.289045
2017-10-31 19:40:00,1.289085,1.289045,1.28904,1.289085
2017-10-31 19:41:00,1.28905,1.289105,1.289045,1.28911
2017-10-31 19:42:00,1.289095,1.28906,1.289055,1.28911
2017-10-31 19:43:00,1.28909,1.289125,1.289085,1.289125
2017-10-31 19:44:00,1.289125,1.28911,1.28911,1.289145
2017-10-31 19:45:00,1.289255,1.289175,1.289175,1.28926
2017-10-31 19:46:00,1.28935,1.28926,1.28926,1.28936
2017-10-31 19:47:00,1.289405,1.289405,1.28939,1.289415
2017-10-31 19:48:00,1.28937,1.289405,1.289365,1.28942
2017-10-31 19:49:00,1.289395,1.289375,1.289365,1.28941
2017-10-31 19:50:00,1.28937,1.28939,1.28934,1.289395
2017-10-31 19:51:00,1.289385,1.28938,1.28936,1.289385
2017-10-31 19:52:00,1.289355,1.28938,1.289305,1.289395
2017-10-31 19:53:00,1.28937,1.289355,1.28934,1.28937
2017-10-31 19:54:00,1.289365,1.28937,1.289365,1.289385
2017-10-31 19:55:00,1.289345,1.28938,1.28933,1.289385
2017-10-31 19:56:00,1.28932,1.28934,1.28932,1.289375
2017-10-31 19:57:00,1.289325,1.289325,1.289325,1.289325
2017-10-31 19:58:00,1.289225,1.28932,1.289215,1.289325
2017-10-31 19:59:00,1.289235,1.28922,1.28921,1.289245
2017-10-31 20:00:00,1.289235,1.28922,1.28921,1.289245
2017-10-31 20:01:00,1.28939,1.28929,1.28928,1.28939
2017-10-31 20:02:00,1.28949,1.289385,1.289385,1.2895
2017-10-31 20:03:00,1.28951,1.28948,1.28947,1.28951
2017-10-31 20:04:00,1.28952,1.289525,1.28949,1.28953
2017-10-31 20:05:00,1.289535,1.28952,1.289515,1.289535
2017-10-31 20:06:00,1.289455,1.28953,1.28944,1.289545
2017-10-31 20:07:00,1.28935,1.28944,1.289325,1.289455
2017-10-31 20:08:00,1.289375,1.289355,1.289265,1.28938
2017-10-31 20:09:00,1.289505,1.289385,1.289355,1.289505
2017-10-31 20:10:00,1.289505,1.289385,1.289355,1.289505
2017-10-31 20:11:00,1.28954,1.28953,1.28949,1.289605
2017-10-31 20:12:00,1.289835,1.28954,1.2895,1.28984
2017-10-31 20:13:00,1.29,1.28982,1.289795,1.29001
2017-10-31 20:14:00,1.290225,1.290035,1.290035,1.290295
2017-10-31 20:15:00,1.290135,1.29021,1.29013,1.29032
2017-10-31 20:16:00,1.289965,1.29014,1.289965,1.290155
2017-10-31 20:17:00,1.28995,1.28997,1.289895,1.289985
2017-10-31 20:18:00,1.290115,1.289945,1.289935,1.29012
2017-10-31 20:19:00,1.29024,1.290115,1.29009,1.29024
2017-10-31 20:20:00,1.29024,1.29024,1.290055,1.29025
2017-10-31 20:21:00,1.29023,1.290255,1.29023,1.29028
2017-10-31 20:22:00,1.29033,1.290255,1.290145,1.290385
2017-10-31 20:23:00,1.290285,1.290355,1.290275,1.2904
2017-10-31 20:24:00,1.29013,1.290295,1.290125,1.290295
2017-10-31 20:25:00,1.29002,1.29011,1.289935,1.290115
2017-10-31 20:26:00,1.29005,1.290075,1.29005,1.290135
2017-10-31 20:27:00,1.28998,1.290045,1.28998,1.290075
2017-10-31 20:28:00,1.290245,1.29002,1.29002,1.29025
2017-10-31 20:29:00,1.290095,1.290265,1.290095,1.290265
2017-10-31 20:30:00,1.29014,1.290105,1.290105,1.290145
2017-10-31 20:31:00,1.29017,1.290145,1.290145,1.29022
2017-10-31 20:32:00,1.290055,1.290175,1.29005,1.29018
2017-10-31 20:33:00,1.290035,1.290045,1.28999,1.29009
2017-10-31 20:34:00,1.290085,1.29004,1.290025,1.290085
2017-10-31 20:35:00,1.29008,1.29008,1.29004,1.290085
2017-10-31 20:36:00,1.29012,1.29006,1.29006,1.29012
2017-10-31 20:37:00,1.29011,1.290115,1.290095,1.290175
2017-10-31 20:38:00,1.290075,1.2901,1.29007,1.290135
2017-10-31 20:39:00,1.29009,1.29008,1.290075,1.29009
2017-10-31 20:40:00,1.290085,1.29007,1.290065,1.290115
2017-10-31 20:41:00,1.28998,1.29008,1.28992,1.290085
2017-10-31 20:42:00,1.290085,1.29002,1.29002,1.290085
2017-10-31 20:43:00,1.29004,1.290035,1.290035,1.290045
2017-10-31 20:44:00,1.29009,1.290045,1.29004,1.29009
2017-10-31 20:45:00,1.289815,1.290085,1.28981,1.290085
2017-10-31 20:46:00,1.28995,1.289805,1.289805,1.29002
2017-10-31 20:47:00,1.28999,1.289945,1.289925,1.28999
2017-10-31 20:48:00,1.290055,1.28994,1.289855,1.290055
2017-10-31 20:49:00,1.289845,1.290005,1.28984,1.290005
2017-10-31 20:50:00,1.28985,1.28984,1.28983,1.289855
2017-10-31 20:51:00,1.28983,1.289835,1.289785,1.28986
2017-10-31 20:52:00,1.289825,1.289815,1.28977,1.28987
2017-10-31 20:53:00,1.289725,1.289775,1.28969,1.289775
2017-10-31 20:54:00,1.28995,1.289735,1.28973,1.28995
2017-10-31 20:55:00,1.2899,1.289945,1.28983,1.289945
2017-10-31 20:56:00,1.28992,1.28996,1.28992,1.28996
2017-10-31 20:57:00,1.28979,1.289925,1.289785,1.28993
2017-10-31 20:58:00,1.289885,1.28978,1.28978,1.28997
2017-10-31 20:59:00,1.28987,1.289935,1.289825,1.290015
2017-10-31 21:00:00,1.289865,1.28982,1.289795,1.2899
2017-10-31 21:01:00,1.289845,1.28987,1.289815,1.289905
2017-10-31 21:02:00,1.28984,1.289845,1.289815,1.289865
2017-10-31 21:03:00,1.289775,1.289865,1.289775,1.289915
2017-10-31 21:04:00,1.289735,1.289785,1.28968,1.289805
2017-10-31 21:05:00,1.28969,1.28976,1.289685,1.28976
2017-10-31 21:06:00,1.28997,1.28968,1.289605,1.289995
2017-10-31 21:07:00,1.28991,1.289965,1.2899,1.29005
2017-10-31 21:08:00,1.28996,1.289915,1.28981,1.289965
2017-10-31 21:09:00,1.28989,1.289955,1.289835,1.28996
2017-10-31 21:10:00,1.28984,1.289865,1.289695,1.289865
2017-10-31 21:11:00,1.289775,1.289845,1.289775,1.28986
2017-10-31 21:12:00,1.289775,1.2898,1.28963,1.2898
2017-10-31 21:13:00,1.289735,1.28978,1.289725,1.28978
2017-10-31 21:14:00,1.28995,1.289745,1.28974,1.28995
2017-10-31 21:15:00,1.28988,1.2899,1.28988,1.29003
2017-10-31 21:16:00,1.28985,1.289885,1.2898,1.289895
2017-10-31 21:17:00,1.289775,1.28985,1.28971,1.28986
2017-10-31 21:18:00,1.28974,1.289725,1.28972,1.289765
2017-10-31 21:19:00,1.28979,1.28975,1.28973,1.289795
2017-10-31 21:20:00,1.289785,1.289795,1.28972,1.289815
2017-10-31 21:21:00,1.28972,1.289725,1.28972,1.289725
2017-10-31 21:22:00,1.28967,1.28967,1.28967,1.28967
2017-10-31 21:23:00,1.28973,1.289655,1.289655,1.289735
2017-10-31 21:24:00,1.289795,1.28972,1.28972,1.2898
2017-10-31 21:25:00,1.289705,1.289795,1.289705,1.289795
2017-10-31 21:26:00,1.28989,1.28972,1.28972,1.28989
2017-10-31 21:27:00,1.289985,1.28992,1.28992,1.289985
2017-10-31 21:28:00,1.28986,1.289935,1.28985,1.28994
2017-10-31 21:29:00,1.290005,1.28985,1.289845,1.29001
2017-10-31 21:30:00,1.290015,1.29001,1.29001,1.290015
2017-10-31 21:31:00,1.290115,1.29001,1.29001,1.290125
2017-10-31 21:32:00,1.29029,1.29012,1.290115,1.290295
2017-10-31 21:33:00,1.290275,1.29031,1.29023,1.290435
2017-10-31 21:34:00,1.29035,1.29027,1.290265,1.29037
2017-10-31 21:35:00,1.29031,1.290345,1.290215,1.290355
2017-10-31 21:36:00,1.290115,1.29024,1.290085,1.290245
2017-10-31 21:37:00,1.29016,1.2901,1.29009,1.29019
2017-10-31 21:38:00,1.29029,1.29015,1.290145,1.290295
2017-10-31 21:39:00,1.290315,1.2903,1.2903,1.290375
2017-10-31 21:40:00,1.29053,1.290325,1.29031,1.290535
2017-10-31 21:41:00,1.290465,1.290525,1.29046,1.290615
2017-10-31 21:42:00,1.290495,1.29047,1.290365,1.290505
2017-10-31 21:43:00,1.29066,1.290505,1.2905,1.29066
2017-10-31 21:44:00,1.290605,1.290605,1.290605,1.290605
2017-10-31 21:45:00,1.29047,1.29059,1.290465,1.290655
2017-10-31 21:46:00,1.29021,1.29045,1.29019,1.29046
2017-10-31 21:47:00,1.290275,1.290215,1.29016,1.290335
2017-10-31 21:48:00,1.29024,1.29028,1.290225,1.290375
2017-10-31 21:49:00,1.290195,1.29025,1.29016,1.290255
2017-10-31 21:50:00,1.290185,1.2902,1.290155,1.290205
2017-10-31 21:51:00,1.29008,1.29019,1.290065,1.290195
2017-10-31 21:52:00,1.290185,1.290075,1.290075,1.290185
2017-10-31 21:53:00,1.290215,1.29019,1.29019,1.29039
2017-10-31 21:54:00,1.29026,1.290265,1.29025,1.29027
2017-10-31 21:55:00,1.29026,1.290255,1.2901,1.290265
2017-10-31 21:56:00,1.290225,1.290255,1.29021,1.29026
2017-10-31 21:57:00,1.290235,1.290245,1.29019,1.290245
2017-10-31 21:58:00,1.290055,1.290215,1.29005,1.290215
2017-10-31 21:59:00,1.29011,1.290065,1.29006,1.29019
2017-10-31 22:00:00,1.29018,1.290105,1.290105,1.290325
2017-10-31 22:01:00,1.29011,1.290175,1.290015,1.290175
2017-10-31 22:02:00,1.2903,1.29012,1.29012,1.29031
2017-10-31 22:03:00,1.29048,1.290305,1.2903,1.29048
2017-10-31 22:04:00,1.290445,1.29046,1.290415,1.2905
2017-10-31 22:05:00,1.290625,1.290425,1.29041,1.29063
2017-10-31 22:06:00,1.29051,1.29061,1.290485,1.290615
2017-10-31 22:07:00,1.2905,1.290505,1.29045,1.29052
2017-10-31 22:08:00,1.29031,1.290475,1.290265,1.290475
2017-10-31 22:09:00,1.290345,1.290315,1.290315,1.290345
2017-10-31 22:10:00,1.290305,1.290305,1.290305,1.290305
2017-10-31 22:11:00,1.29036,1.290325,1.29029,1.2904
2017-10-31 22:12:00,1.290375,1.290365,1.29031,1.29039
2017-10-31 22:13:00,1.29037,1.290395,1.290355,1.290445
2017-10-31 22:14:00,1.290365,1.290365,1.29036,1.29037
2017-10-31 22:15:00,1.2904,1.29037,1.290365,1.2904
2017-10-31 22:16:00,1.29042,1.290455,1.29042,1.29047
2017-10-31 22:17:00,1.29037,1.290415,1.29037,1.2905
2017-10-31 22:18:00,1.29037,1.29037,1.29035,1.290375
2017-10-31 22:19:00,1.290395,1.290365,1.290345,1.290395
2017-10-31 22:20:00,1.290395,1.290365,1.290345,1.290395
2017-10-31 22:21:00,1.290275,1.29037,1.290275,1.29037
2017-10-31 22:22:00,1.290225,1.290265,1.290225,1.29027
2017-10-31 22:23:00,1.29031,1.290275,1.290255,1.29031
2017-10-31 22:24:00,1.290185,1.29028,1.29018,1.29028
2017-10-31 22:25:00,1.29026,1.29019,1.29019,1.290275
2017-10-31 22:26:00,1.290225,1.290265,1.29019,1.290275
2017-10-31 22:27:00,1.29021,1.290205,1.290205,1.29021
2017-10-31 22:28:00,1.290325,1.29021,1.290205,1.290335
2017-10-31 22:29:00,1.290345,1.290325,1.29028,1.29035
2017-10-31 22:30:00,1.290415,1.29035,1.29035,1.290435
2017-10-31 22:31:00,1.290375,1.29042,1.290375,1.29042
2017-10-31 22:32:00,1.2903,1.29032,1.290285,1.29038
2017-10-31 22:33:00,1.29022,1.290245,1.290215,1.29028
2017-10-31 22:34:00,1.29019,1.290225,1.290145,1.29027
2017-10-31 22:35:00,1.29019,1.29019,1.290185,1.2902
2017-10-31 22:36:00,1.29018,1.290185,1.29011,1.290195
2017-10-31 22:37:00,1.290065,1.290175,1.29002,1.290175
2017-10-31 22:38:00,1.29006,1.29004,1.29004,1.29006
2017-10-31 22:39:00,1.29006,1.29004,1.29004,1.29006
2017-10-31 22:40:00,1.29006,1.29004,1.29004,1.29006
2017-10-31 22:41:00,1.29006,1.29004,1.29004,1.29006
2017-10-31 22:42:00,1.290075,1.29004,1.290015,1.29008
2017-10-31 22:43:00,1.2901,1.29008,1.29008,1.290105
2017-10-31 22:44:00,1.290065,1.290065,1.290065,1.290065
2017-10-31 22:45:00,1.28998,1.29001,1.289945,1.29001
2017-10-31 22:46:00,1.290225,1.289975,1.289975,1.290225
2017-10-31 22:47:00,1.29019,1.290205,1.290155,1.290225
2017-10-31 22:48:00,1.290185,1.29021,1.290165,1.290235
2017-10-31 22:49:00,1.290165,1.29019,1.290165,1.290195
2017-10-31 22:50:00,1.29017,1.290145,1.290145,1.290215
2017-10-31 22:51:00,1.290245,1.29022,1.29021,1.290245
2017-10-31 22:52:00,1.29024,1.29025,1.29023,1.290275
2017-10-31 22:53:00,1.29012,1.290235,1.29012,1.290235
2017-10-31 22:54:00,1.290165,1.290125,1.290125,1.29018
2017-10-31 22:55:00,1.29013,1.29015,1.29011,1.290165
2017-10-31 22:56:00,1.2901,1.29013,1.29009,1.29013
2017-10-31 22:57:00,1.29012,1.290095,1.290095,1.29012
2017-10-31 22:58:00,1.290215,1.290175,1.290175,1.290215
2017-10-31 22:59:00,1.29033,1.290275,1.290275,1.29033
2017-10-31 23:00:00,1.290335,1.29033,1.29032,1.29035
2017-10-31 23:01:00,1.290365,1.29033,1.29031,1.29041
2017-10-31 23:02:00,1.29037,1.290385,1.29036,1.290385
2017-10-31 23:03:00,1.29039,1.29037,1.290365,1.290395
2017-10-31 23:04:00,1.290415,1.29044,1.290395,1.290475
2017-10-31 23:05:00,1.290325,1.29043,1.290325,1.29043
2017-10-31 23:06:00,1.290435,1.290335,1.290335,1.290435
2017-10-31 23:07:00,1.290425,1.29043,1.290415,1.290435
2017-10-31 23:08:00,1.290375,1.29042,1.290375,1.290425
2017-10-31 23:09:00,1.29029,1.29032,1.29029,1.290325
2017-10-31 23:10:00,1.29029,1.29032,1.29029,1.290325
2017-10-31 23:11:00,1.290265,1.290315,1.290265,1.290315
2017-10-31 23:12:00,1.290275,1.290265,1.290265,1.290275
2017-10-31 23:13:00,1.290275,1.290265,1.290265,1.290275
2017-10-31 23:14:00,1.290415,1.290305,1.290305,1.290415
2017-10-31 23:15:00,1.29048,1.29041,1.290395,1.290485
2017-10-31 23:16:00,1.290455,1.290455,1.290455,1.290455
2017-10-31 23:17:00,1.290455,1.290455,1.290455,1.290455
2017-10-31 23:18:00,1.290455,1.290455,1.290455,1.290455
2017-10-31 23:19:00,1.290455,1.290455,1.290455,1.290455
2017-10-31 23:20:00,1.290385,1.290405,1.290345,1.290405
2017-10-31 23:21:00,1.290385,1.290405,1.290345,1.290405
2017-10-31 23:22:00,1.290385,1.290405,1.290345,1.290405
2017-10-31 23:23:00,1.290385,1.290405,1.290345,1.290405
2017-10-31 23:24:00,1.290155,1.290335,1.290135,1.290335
2017-10-31 23:25:00,1.28999,1.29015,1.289935,1.29017
2017-10-31 23:26:00,1.289975,1.28997,1.289945,1.290015
2017-10-31 23:27:00,1.289915,1.28995,1.2899,1.289955
2017-10-31 23:28:00,1.28997,1.28991,1.289905,1.28998
2017-10-31 23:29:00,1.29004,1.290025,1.290025,1.29006
2017-10-31 23:30:00,1.29009,1.290085,1.290085,1.29009
2017-10-31 23:31:00,1.289995,1.29008,1.28995,1.290085
2017-10-31 23:32:00,1.29002,1.28999,1.289965,1.29004
2017-10-31 23:33:00,1.29,1.290035,1.289995,1.290045
2017-10-31 23:34:00,1.29,1.29001,1.289995,1.290035
2017-10-31 23:35:00,1.289945,1.289995,1.289895,1.29
2017-10-31 23:36:00,1.2899,1.28995,1.289855,1.28995
2017-10-31 23:37:00,1.289775,1.289885,1.289745,1.289885
2017-10-31 23:38:00,1.289835,1.289765,1.289765,1.28986
2017-10-31 23:39:00,1.289905,1.28984,1.289835,1.289975
2017-10-31 23:40:00,1.289975,1.28992,1.289915,1.289975
2017-10-31 23:41:00,1.289965,1.28998,1.28991,1.289985
2017-10-31 23:42:00,1.289875,1.28997,1.289865,1.28997
2017-10-31 23:43:00,1.28988,1.289885,1.289865,1.289895
2017-10-31 23:44:00,1.28979,1.289865,1.289785,1.28988
2017-10-31 23:45:00,1.28979,1.28981,1.289775,1.28981
2017-10-31 23:46:00,1.289825,1.28978,1.28978,1.289835
2017-10-31 23:47:00,1.289885,1.289845,1.289845,1.289885
2017-10-31 23:48:00,1.289855,1.289905,1.289845,1.289905
2017-10-31 23:49:00,1.28977,1.28986,1.28977,1.289865
2017-10-31 23:50:00,1.289605,1.28978,1.289605,1.28978
2017-10-31 23:51:00,1.28969,1.289585,1.28958,1.28974
2017-10-31 23:52:00,1.28971,1.289745,1.28968,1.289755
2017-10-31 23:53:00,1.2897,1.289705,1.2897,1.28971
2017-10-31 23:54:00,1.289545,1.28969,1.28954,1.289705
2017-10-31 23:55:00,1.289715,1.289525,1.28952,1.289715
2017-10-31 23:56:00,1.289745,1.28971,1.289695,1.289785
2017-10-31 23:57:00,1.289845,1.289735,1.289735,1.28985
2017-10-31 23:58:00,1.289815,1.289835,1.289815,1.28984
2017-10-31 23:59:00,1.28986,1.289865,1.28986,1.28987
