time,close,open,low,high
2020-02-03 09:31:00,115.52169266,115.52169266,115.52169266,115.52169266
2020-02-03 09:32:00,115.52169266,115.52169266,115.52169266,115.52169266
2020-02-03 09:33:00,115.52169266,115.52169266,115.52169266,115.52169266
2020-02-03 09:34:00,115.52169266,115.52169266,115.52169266,115.52169266
2020-02-03 09:35:00,115.558380772,115.60855176516,115.558380772,115.60855176516
2020-02-03 09:36:00,115.558380772,115.60855176516,115.558380772,115.60855176516
2020-02-03 09:37:00,115.558380772,115.60855176516,115.558380772,115.60855176516
2020-02-03 09:38:00,115.558380772,115.60855176516,115.558380772,115.60855176516
2020-02-03 09:39:00,115.558380772,115.60855176516,115.558380772,115.60855176516
2020-02-03 09:40:00,115.760165388,115.760165388,115.760165388,115.760165388
2020-02-03 09:41:00,115.760165388,115.760165388,115.760165388,115.760165388
2020-02-03 09:42:00,115.778509444,115.778509444,115.778509444,115.778509444
2020-02-03 09:43:00,115.778509444,115.778509444,115.778509444,115.778509444
2020-02-03 09:44:00,115.778509444,115.778509444,115.778509444,115.778509444
2020-02-03 09:45:00,115.769337416,115.769337416,115.769337416,115.769337416
2020-02-03 09:46:00,115.769337416,115.769337416,115.769337416,115.769337416
2020-02-03 09:47:00,115.943605948,115.943605948,115.943605948,115.943605948
2020-02-03 09:48:00,116.062842312,116.007810144,116.007810144,116.07201434
2020-02-03 09:49:00,116.07201434,116.081186368,116.07201434,116.11787448
2020-02-03 09:50:00,116.11787448,116.11787448,116.11787448,116.11787448
2020-02-03 09:51:00,116.11787448,116.11787448,116.11787448,116.11787448
2020-02-03 09:52:00,116.11787448,116.11787448,116.11787448,116.11787448
2020-02-03 09:53:00,116.23096558524,116.23096558524,116.23096558524,116.23096558524
2020-02-03 09:54:00,116.23912869016,116.23912869016,116.23912869016,116.23912869016
2020-02-03 09:55:00,116.23912869016,116.23912869016,116.23912869016,116.23912869016
2020-02-03 09:56:00,116.23912869016,116.23912869016,116.23912869016,116.23912869016
2020-02-03 09:57:00,116.20959476,116.20959476,116.20959476,116.20959476
2020-02-03 09:58:00,116.20959476,116.20959476,116.20959476,116.20959476
2020-02-03 09:59:00,116.20959476,116.20959476,116.20959476,116.20959476
2020-02-03 10:00:00,116.20959476,116.20959476,116.20959476,116.20959476
2020-02-03 10:01:00,116.420551404,116.43889546,116.420551404,116.43889546
2020-02-03 10:02:00,116.420551404,116.43889546,116.420551404,116.43889546
2020-02-03 10:03:00,116.420551404,116.43889546,116.420551404,116.43889546
2020-02-03 10:04:00,116.4847556,116.4847556,116.4847556,116.4847556
2020-02-03 10:05:00,116.4847556,116.4847556,116.4847556,116.4847556
2020-02-03 10:06:00,116.356347208,116.356347208,116.356347208,116.356347208
2020-02-03 10:07:00,116.39303532,116.39303532,116.39303532,116.39303532
2020-02-03 10:08:00,116.39303532,116.39303532,116.39303532,116.39303532
2020-02-03 10:09:00,116.397621334,116.397621334,116.397621334,116.397621334
2020-02-03 10:10:00,116.397621334,116.397621334,116.397621334,116.397621334
2020-02-03 10:11:00,116.397621334,116.397621334,116.397621334,116.397621334
2020-02-03 10:12:00,116.397621334,116.397621334,116.397621334,116.397621334
2020-02-03 10:13:00,116.397621334,116.397621334,116.397621334,116.397621334
2020-02-03 10:14:00,116.397621334,116.397621334,116.397621334,116.397621334
2020-02-03 10:15:00,116.310487068,116.310487068,116.310487068,116.310487068
2020-02-03 10:16:00,116.2554549,116.273798956,116.246282872,116.273798956
2020-02-03 10:17:00,116.2554549,116.273798956,116.246282872,116.273798956
2020-02-03 10:18:00,116.2554549,116.273798956,116.246282872,116.273798956
2020-02-03 10:19:00,116.2554549,116.273798956,116.246282872,116.273798956
2020-02-03 10:20:00,116.2554549,116.273798956,116.246282872,116.273798956
2020-02-03 10:21:00,116.2554549,116.273798956,116.246282872,116.273798956
2020-02-03 10:22:00,116.20959476,116.218766788,116.20959476,116.218766788
2020-02-03 10:23:00,116.200422732,116.200422732,116.200422732,116.200422732
2020-02-03 10:24:00,116.172906648,116.172906648,116.172906648,116.172906648
2020-02-03 10:25:00,116.172906648,116.172906648,116.172906648,116.172906648
2020-02-03 10:26:00,116.172906648,116.172906648,116.172906648,116.172906648
2020-02-03 10:27:00,116.172906648,116.172906648,116.172906648,116.172906648
2020-02-03 10:28:00,116.172906648,116.172906648,116.172906648,116.172906648
2020-02-03 10:29:00,116.172906648,116.172906648,116.172906648,116.172906648
2020-02-03 10:30:00,116.172906648,116.172906648,116.172906648,116.172906648
2020-02-03 10:31:00,116.172906648,116.172906648,116.172906648,116.172906648
2020-02-03 10:32:00,116.172906648,116.172906648,116.172906648,116.172906648
2020-02-03 10:33:00,116.172906648,116.172906648,116.172906648,116.172906648
2020-02-03 10:34:00,116.172906648,116.172906648,116.172906648,116.172906648
2020-02-03 10:35:00,116.172906648,116.172906648,116.172906648,116.172906648
2020-02-03 10:36:00,116.172906648,116.172906648,116.172906648,116.172906648
2020-02-03 10:37:00,116.172906648,116.172906648,116.172906648,116.172906648
2020-02-03 10:38:00,116.172906648,116.172906648,116.172906648,116.172906648
2020-02-03 10:39:00,116.172906648,116.172906648,116.172906648,116.172906648
2020-02-03 10:40:00,116.172906648,116.172906648,116.172906648,116.172906648
2020-02-03 10:41:00,116.172906648,116.172906648,116.172906648,116.172906648
2020-02-03 10:42:00,116.172906648,116.172906648,116.172906648,116.172906648
2020-02-03 10:43:00,116.43889546,116.43889546,116.43889546,116.43889546
2020-02-03 10:44:00,116.48677344616,116.48677344616,116.48677344616,116.48677344616
2020-02-03 10:45:00,116.48677344616,116.48677344616,116.48677344616,116.48677344616
2020-02-03 10:46:00,116.34836754364,116.34836754364,116.34836754364,116.34836754364
2020-02-03 10:47:00,116.34836754364,116.34836754364,116.34836754364,116.34836754364
2020-02-03 10:48:00,116.34836754364,116.34836754364,116.34836754364,116.34836754364
2020-02-03 10:49:00,116.34836754364,116.34836754364,116.34836754364,116.34836754364
2020-02-03 10:50:00,116.34836754364,116.34836754364,116.34836754364,116.34836754364
2020-02-03 10:51:00,116.34836754364,116.34836754364,116.34836754364,116.34836754364
2020-02-03 10:52:00,116.34836754364,116.34836754364,116.34836754364,116.34836754364
2020-02-03 10:53:00,116.34836754364,116.34836754364,116.34836754364,116.34836754364
2020-02-03 10:54:00,116.34836754364,116.34836754364,116.34836754364,116.34836754364
2020-02-03 10:55:00,116.34836754364,116.34836754364,116.34836754364,116.34836754364
2020-02-03 10:56:00,116.34836754364,116.34836754364,116.34836754364,116.34836754364
2020-02-03 10:57:00,116.34836754364,116.34836754364,116.34836754364,116.34836754364
2020-02-03 10:58:00,116.34836754364,116.34836754364,116.34836754364,116.34836754364
2020-02-03 10:59:00,116.34836754364,116.34836754364,116.34836754364,116.34836754364
2020-02-03 11:00:00,116.34836754364,116.34836754364,116.34836754364,116.34836754364
2020-02-03 11:01:00,116.4310992362,116.4310992362,116.4310992362,116.4310992362
2020-02-03 11:02:00,116.4310992362,116.4310992362,116.4310992362,116.4310992362
2020-02-03 11:03:00,116.434309446,116.434309446,116.434309446,116.434309446
2020-02-03 11:04:00,116.434309446,116.434309446,116.434309446,116.434309446
2020-02-03 11:05:00,116.434309446,116.434309446,116.434309446,116.434309446
2020-02-03 11:06:00,116.434309446,116.434309446,116.434309446,116.434309446
2020-02-03 11:07:00,116.41569022916,116.41569022916,116.41569022916,116.41569022916
2020-02-03 11:08:00,116.44843436912,116.44843436912,116.44843436912,116.44843436912
2020-02-03 11:09:00,116.44843436912,116.44843436912,116.44843436912,116.44843436912
2020-02-03 11:10:00,116.44843436912,116.44843436912,116.44843436912,116.44843436912
2020-02-03 11:11:00,116.44843436912,116.44843436912,116.44843436912,116.44843436912
2020-02-03 11:12:00,116.44843436912,116.44843436912,116.44843436912,116.44843436912
2020-02-03 11:13:00,116.44843436912,116.44843436912,116.44843436912,116.44843436912
2020-02-03 11:14:00,116.44843436912,116.44843436912,116.44843436912,116.44843436912
2020-02-03 11:15:00,116.402207348,116.402207348,116.402207348,116.402207348
2020-02-03 11:16:00,116.402207348,116.402207348,116.402207348,116.402207348
2020-02-03 11:17:00,116.3416719632,116.3416719632,116.3416719632,116.3416719632
2020-02-03 11:18:00,116.35157775344,116.35157775344,116.35157775344,116.35157775344
2020-02-03 11:19:00,116.35157775344,116.35157775344,116.35157775344,116.35157775344
2020-02-03 11:20:00,116.35157775344,116.35157775344,116.35157775344,116.35157775344
2020-02-03 11:21:00,116.35157775344,116.35157775344,116.35157775344,116.35157775344
2020-02-03 11:22:00,116.35157775344,116.35157775344,116.35157775344,116.35157775344
2020-02-03 11:23:00,116.35157775344,116.35157775344,116.35157775344,116.35157775344
2020-02-03 11:24:00,116.35157775344,116.35157775344,116.35157775344,116.35157775344
2020-02-03 11:25:00,116.35157775344,116.35157775344,116.35157775344,116.35157775344
2020-02-03 11:26:00,116.35157775344,116.35157775344,116.35157775344,116.35157775344
2020-02-03 11:27:00,116.35157775344,116.35157775344,116.35157775344,116.35157775344
2020-02-03 11:28:00,116.35157775344,116.35157775344,116.35157775344,116.35157775344
2020-02-03 11:29:00,116.22903945936,116.22903945936,116.22903945936,116.22903945936
2020-02-03 11:30:00,116.22903945936,116.22903945936,116.22903945936,116.22903945936
2020-02-03 11:31:00,116.22903945936,116.22903945936,116.22903945936,116.22903945936
2020-02-03 11:32:00,116.22903945936,116.22903945936,116.22903945936,116.22903945936
2020-02-03 11:33:00,116.22903945936,116.22903945936,116.22903945936,116.22903945936
2020-02-03 11:34:00,116.22903945936,116.22903945936,116.22903945936,116.22903945936
2020-02-03 11:35:00,116.22903945936,116.22903945936,116.22903945936,116.22903945936
2020-02-03 11:36:00,116.22903945936,116.22903945936,116.22903945936,116.22903945936
2020-02-03 11:37:00,116.16079957104,116.16079957104,116.16079957104,116.16079957104
2020-02-03 11:38:00,116.16079957104,116.16079957104,116.16079957104,116.16079957104
2020-02-03 11:39:00,116.16079957104,116.16079957104,116.16079957104,116.16079957104
2020-02-03 11:40:00,116.16079957104,116.16079957104,116.16079957104,116.16079957104
2020-02-03 11:41:00,116.16079957104,116.16079957104,116.16079957104,116.16079957104
2020-02-03 11:42:00,116.16079957104,116.16079957104,116.16079957104,116.16079957104
2020-02-03 11:43:00,116.16079957104,116.16079957104,116.16079957104,116.16079957104
2020-02-03 11:44:00,116.1527281864,116.099530424,116.099530424,116.1527281864
2020-02-03 11:45:00,116.081186368,116.067428326,116.067428326,116.081186368
2020-02-03 11:46:00,116.081186368,116.067428326,116.067428326,116.081186368
2020-02-03 11:47:00,116.081186368,116.067428326,116.067428326,116.081186368
2020-02-03 11:48:00,116.081186368,116.067428326,116.067428326,116.081186368
2020-02-03 11:49:00,116.081186368,116.067428326,116.067428326,116.081186368
2020-02-03 11:50:00,116.081186368,116.067428326,116.067428326,116.081186368
2020-02-03 11:51:00,116.081186368,116.067428326,116.067428326,116.081186368
2020-02-03 11:52:00,115.943605948,115.952777976,115.943605948,115.952777976
2020-02-03 11:53:00,115.943605948,115.943605948,115.943605948,115.943605948
2020-02-03 11:54:00,115.943605948,115.943605948,115.943605948,115.943605948
2020-02-03 11:55:00,115.943605948,115.943605948,115.943605948,115.943605948
2020-02-03 11:56:00,115.943605948,115.943605948,115.943605948,115.943605948
2020-02-03 11:57:00,115.943605948,115.943605948,115.943605948,115.943605948
2020-02-03 11:58:00,115.943605948,115.943605948,115.943605948,115.943605948
2020-02-03 11:59:00,115.943605948,115.943605948,115.943605948,115.943605948
2020-02-03 12:00:00,115.943605948,115.943605948,115.943605948,115.943605948
2020-02-03 12:01:00,115.943605948,115.943605948,115.943605948,115.943605948
2020-02-03 12:02:00,116.191250704,116.191250704,116.191250704,116.191250704
2020-02-03 12:03:00,116.16373462,116.16373462,116.16373462,116.16373462
2020-02-03 12:04:00,116.16373462,116.16373462,116.16373462,116.16373462
2020-02-03 12:05:00,116.16373462,116.16373462,116.16373462,116.16373462
2020-02-03 12:06:00,116.16373462,116.16373462,116.16373462,116.16373462
2020-02-03 12:07:00,116.16373462,116.16373462,116.16373462,116.16373462
2020-02-03 12:08:00,116.16373462,116.16373462,116.16373462,116.16373462
2020-02-03 12:09:00,116.16373462,116.16373462,116.16373462,116.16373462
2020-02-03 12:10:00,116.16373462,116.16373462,116.16373462,116.16373462
2020-02-03 12:11:00,116.16373462,116.16373462,116.16373462,116.16373462
2020-02-03 12:12:00,116.16373462,116.16373462,116.16373462,116.16373462
2020-02-03 12:13:00,116.16373462,116.16373462,116.16373462,116.16373462
2020-02-03 12:14:00,116.16373462,116.16373462,116.16373462,116.16373462
2020-02-03 12:15:00,116.20959476,116.20959476,116.20959476,116.20959476
2020-02-03 12:16:00,116.2554549,116.2554549,116.2554549,116.2554549
2020-02-03 12:17:00,116.2554549,116.2554549,116.2554549,116.2554549
2020-02-03 12:18:00,116.2554549,116.2554549,116.2554549,116.2554549
2020-02-03 12:19:00,116.2554549,116.2554549,116.2554549,116.2554549
2020-02-03 12:20:00,116.2554549,116.2554549,116.2554549,116.2554549
2020-02-03 12:21:00,116.3664364388,116.3664364388,116.3664364388,116.3664364388
2020-02-03 12:22:00,116.3664364388,116.3664364388,116.3664364388,116.3664364388
2020-02-03 12:23:00,116.38872446684,116.3875321032,116.3875321032,116.38872446684
2020-02-03 12:24:00,116.38872446684,116.3875321032,116.3875321032,116.38872446684
2020-02-03 12:25:00,116.43889546,116.43889546,116.43889546,116.43889546
2020-02-03 12:26:00,116.43889546,116.43889546,116.43889546,116.43889546
2020-02-03 12:27:00,116.39303532,116.43770309636,116.39303532,116.43770309636
2020-02-03 12:28:00,116.39303532,116.43770309636,116.39303532,116.43770309636
2020-02-03 12:29:00,116.39303532,116.43770309636,116.39303532,116.43770309636
2020-02-03 12:30:00,116.411379376,116.411379376,116.411379376,116.411379376
2020-02-03 12:31:00,116.411379376,116.411379376,116.411379376,116.411379376
2020-02-03 12:32:00,116.411379376,116.411379376,116.411379376,116.411379376
2020-02-03 12:33:00,116.411379376,116.411379376,116.411379376,116.411379376
2020-02-03 12:34:00,116.411379376,116.411379376,116.411379376,116.411379376
2020-02-03 12:35:00,116.34717518,116.34717518,116.34717518,116.34717518
2020-02-03 12:36:00,116.34717518,116.34717518,116.34717518,116.34717518
2020-02-03 12:37:00,116.34717518,116.34717518,116.34717518,116.34717518
2020-02-03 12:38:00,116.34717518,116.34717518,116.34717518,116.34717518
2020-02-03 12:39:00,116.383863292,116.383863292,116.383863292,116.383863292
2020-02-03 12:40:00,116.383863292,116.383863292,116.383863292,116.383863292
2020-02-03 12:41:00,116.383863292,116.383863292,116.383863292,116.383863292
2020-02-03 12:42:00,116.383863292,116.383863292,116.383863292,116.383863292
2020-02-03 12:43:00,116.383863292,116.383863292,116.383863292,116.383863292
2020-02-03 12:44:00,116.383863292,116.383863292,116.383863292,116.383863292
2020-02-03 12:45:00,116.383863292,116.383863292,116.383863292,116.383863292
2020-02-03 12:46:00,116.383863292,116.383863292,116.383863292,116.383863292
2020-02-03 12:47:00,116.383863292,116.383863292,116.383863292,116.383863292
2020-02-03 12:48:00,116.383863292,116.383863292,116.383863292,116.383863292
2020-02-03 12:49:00,116.383863292,116.383863292,116.383863292,116.383863292
2020-02-03 12:50:00,116.383863292,116.383863292,116.383863292,116.383863292
2020-02-03 12:51:00,116.383863292,116.383863292,116.383863292,116.383863292
2020-02-03 12:52:00,116.383863292,116.383863292,116.383863292,116.383863292
2020-02-03 12:53:00,116.383863292,116.383863292,116.383863292,116.383863292
2020-02-03 12:54:00,116.383863292,116.383863292,116.383863292,116.383863292
2020-02-03 12:55:00,116.383863292,116.383863292,116.383863292,116.383863292
2020-02-03 12:56:00,116.521443712,116.521443712,116.521443712,116.521443712
2020-02-03 12:57:00,116.521443712,116.521443712,116.521443712,116.521443712
2020-02-03 12:58:00,116.521443712,116.521443712,116.521443712,116.521443712
2020-02-03 12:59:00,116.521443712,116.521443712,116.521443712,116.521443712
2020-02-03 13:00:00,116.521443712,116.521443712,116.521443712,116.521443712
2020-02-03 13:01:00,116.521443712,116.521443712,116.521443712,116.521443712
2020-02-03 13:02:00,116.521443712,116.521443712,116.521443712,116.521443712
2020-02-03 13:03:00,116.521443712,116.521443712,116.521443712,116.521443712
2020-02-03 13:04:00,116.521443712,116.521443712,116.521443712,116.521443712
2020-02-03 13:05:00,116.521443712,116.521443712,116.521443712,116.521443712
2020-02-03 13:06:00,116.521443712,116.521443712,116.521443712,116.521443712
2020-02-03 13:07:00,116.521443712,116.521443712,116.521443712,116.521443712
2020-02-03 13:08:00,116.521443712,116.521443712,116.521443712,116.521443712
2020-02-03 13:09:00,116.521443712,116.521443712,116.521443712,116.521443712
2020-02-03 13:10:00,116.521443712,116.521443712,116.521443712,116.521443712
2020-02-03 13:11:00,116.521443712,116.521443712,116.521443712,116.521443712
2020-02-03 13:12:00,116.521443712,116.521443712,116.521443712,116.521443712
2020-02-03 13:13:00,116.521443712,116.521443712,116.521443712,116.521443712
2020-02-03 13:14:00,116.521443712,116.521443712,116.521443712,116.521443712
2020-02-03 13:15:00,116.521443712,116.521443712,116.521443712,116.521443712
2020-02-03 13:16:00,116.521443712,116.521443712,116.521443712,116.521443712
2020-02-03 13:17:00,116.521443712,116.521443712,116.521443712,116.521443712
2020-02-03 13:18:00,116.521443712,116.521443712,116.521443712,116.521443712
2020-02-03 13:19:00,116.521443712,116.521443712,116.521443712,116.521443712
2020-02-03 13:20:00,116.521443712,116.521443712,116.521443712,116.521443712
2020-02-03 13:21:00,116.521443712,116.521443712,116.521443712,116.521443712
2020-02-03 13:22:00,116.521443712,116.521443712,116.521443712,116.521443712
2020-02-03 13:23:00,116.521443712,116.521443712,116.521443712,116.521443712
2020-02-03 13:24:00,116.521443712,116.521443712,116.521443712,116.521443712
2020-02-03 13:25:00,116.521443712,116.521443712,116.521443712,116.521443712
2020-02-03 13:26:00,116.521443712,116.521443712,116.521443712,116.521443712
2020-02-03 13:27:00,116.521443712,116.521443712,116.521443712,116.521443712
2020-02-03 13:28:00,116.521443712,116.521443712,116.521443712,116.521443712
2020-02-03 13:29:00,116.521443712,116.521443712,116.521443712,116.521443712
2020-02-03 13:30:00,116.521443712,116.521443712,116.521443712,116.521443712
2020-02-03 13:31:00,116.521443712,116.521443712,116.521443712,116.521443712
2020-02-03 13:32:00,116.521443712,116.521443712,116.521443712,116.521443712
2020-02-03 13:33:00,116.521443712,116.521443712,116.521443712,116.521443712
2020-02-03 13:34:00,116.521443712,116.521443712,116.521443712,116.521443712
2020-02-03 13:35:00,116.521443712,116.521443712,116.521443712,116.521443712
2020-02-03 13:36:00,116.741572384,116.741572384,116.741572384,116.741572384
2020-02-03 13:37:00,116.741572384,116.741572384,116.741572384,116.741572384
2020-02-03 13:38:00,116.741572384,116.741572384,116.741572384,116.741572384
2020-02-03 13:39:00,116.741572384,116.741572384,116.741572384,116.741572384
2020-02-03 13:40:00,116.741572384,116.741572384,116.741572384,116.741572384
2020-02-03 13:41:00,116.741572384,116.741572384,116.741572384,116.741572384
2020-02-03 13:42:00,116.741572384,116.741572384,116.741572384,116.741572384
2020-02-03 13:43:00,116.741572384,116.741572384,116.741572384,116.741572384
2020-02-03 13:44:00,116.741572384,116.741572384,116.741572384,116.741572384
2020-02-03 13:45:00,116.741572384,116.741572384,116.741572384,116.741572384
2020-02-03 13:46:00,116.741572384,116.741572384,116.741572384,116.741572384
2020-02-03 13:47:00,116.741572384,116.741572384,116.741572384,116.741572384
2020-02-03 13:48:00,116.741572384,116.741572384,116.741572384,116.741572384
2020-02-03 13:49:00,116.741572384,116.741572384,116.741572384,116.741572384
2020-02-03 13:50:00,116.741572384,116.741572384,116.741572384,116.741572384
2020-02-03 13:51:00,116.741572384,116.741572384,116.741572384,116.741572384
2020-02-03 13:52:00,116.741572384,116.741572384,116.741572384,116.741572384
2020-02-03 13:53:00,116.741572384,116.741572384,116.741572384,116.741572384
2020-02-03 13:54:00,116.7140563,116.695712244,116.695712244,116.7140563
2020-02-03 13:55:00,116.7140563,116.695712244,116.695712244,116.7140563
2020-02-03 13:56:00,116.7140563,116.695712244,116.695712244,116.7140563
2020-02-03 13:57:00,116.7140563,116.695712244,116.695712244,116.7140563
2020-02-03 13:58:00,116.7140563,116.695712244,116.695712244,116.7140563
2020-02-03 13:59:00,116.7140563,116.695712244,116.695712244,116.7140563
2020-02-03 14:00:00,116.7140563,116.695712244,116.695712244,116.7140563
2020-02-03 14:01:00,116.833292664,116.833292664,116.833292664,116.833292664
2020-02-03 14:02:00,116.833292664,116.833292664,116.833292664,116.833292664
2020-02-03 14:03:00,116.833292664,116.833292664,116.833292664,116.833292664
2020-02-03 14:04:00,116.833292664,116.833292664,116.833292664,116.833292664
2020-02-03 14:05:00,116.833292664,116.833292664,116.833292664,116.833292664
2020-02-03 14:06:00,116.833292664,116.833292664,116.833292664,116.833292664
2020-02-03 14:07:00,116.833292664,116.833292664,116.833292664,116.833292664
2020-02-03 14:08:00,116.833292664,116.833292664,116.833292664,116.833292664
2020-02-03 14:09:00,116.833292664,116.833292664,116.833292664,116.833292664
2020-02-03 14:10:00,116.833292664,116.833292664,116.833292664,116.833292664
2020-02-03 14:11:00,116.833292664,116.833292664,116.833292664,116.833292664
2020-02-03 14:12:00,116.833292664,116.833292664,116.833292664,116.833292664
2020-02-03 14:13:00,116.833292664,116.833292664,116.833292664,116.833292664
2020-02-03 14:14:00,116.833292664,116.833292664,116.833292664,116.833292664
2020-02-03 14:15:00,116.833292664,116.833292664,116.833292664,116.833292664
2020-02-03 14:16:00,116.833292664,116.833292664,116.833292664,116.833292664
2020-02-03 14:17:00,116.833292664,116.833292664,116.833292664,116.833292664
2020-02-03 14:18:00,116.833292664,116.833292664,116.833292664,116.833292664
2020-02-03 14:19:00,116.833292664,116.833292664,116.833292664,116.833292664
2020-02-03 14:20:00,116.833292664,116.833292664,116.833292664,116.833292664
2020-02-03 14:21:00,116.833292664,116.833292664,116.833292664,116.833292664
2020-02-03 14:22:00,116.833292664,116.833292664,116.833292664,116.833292664
2020-02-03 14:23:00,116.833292664,116.833292664,116.833292664,116.833292664
2020-02-03 14:24:00,116.833292664,116.833292664,116.833292664,116.833292664
2020-02-03 14:25:00,116.833292664,116.833292664,116.833292664,116.833292664
2020-02-03 14:26:00,116.833292664,116.833292664,116.833292664,116.833292664
2020-02-03 14:27:00,116.833292664,116.833292664,116.833292664,116.833292664
2020-02-03 14:28:00,116.833292664,116.833292664,116.833292664,116.833292664
2020-02-03 14:29:00,116.833292664,116.833292664,116.833292664,116.833292664
2020-02-03 14:30:00,116.833292664,116.833292664,116.833292664,116.833292664
2020-02-03 14:31:00,116.833292664,116.833292664,116.833292664,116.833292664
2020-02-03 14:32:00,116.833292664,116.833292664,116.833292664,116.833292664
2020-02-03 14:33:00,116.833292664,116.833292664,116.833292664,116.833292664
2020-02-03 14:34:00,116.833292664,116.833292664,116.833292664,116.833292664
2020-02-03 14:35:00,116.833292664,116.833292664,116.833292664,116.833292664
2020-02-03 14:36:00,116.943357,116.943357,116.943357,116.943357
2020-02-03 14:37:00,116.943357,116.943357,116.943357,116.943357
2020-02-03 14:38:00,116.943357,116.943357,116.943357,116.943357
2020-02-03 14:39:00,117.1726577,117.1726577,117.1726577,117.1726577
2020-02-03 14:40:00,117.1726577,117.1726577,117.1726577,117.1726577
2020-02-03 14:41:00,117.255205952,117.255205952,117.255205952,117.255205952
2020-02-03 14:42:00,117.255205952,117.255205952,117.255205952,117.255205952
2020-02-03 14:43:00,117.255205952,117.255205952,117.255205952,117.255205952
2020-02-03 14:44:00,117.255205952,117.255205952,117.255205952,117.255205952
2020-02-03 14:45:00,117.255205952,117.255205952,117.255205952,117.255205952
2020-02-03 14:46:00,117.255205952,117.255205952,117.255205952,117.255205952
2020-02-03 14:47:00,117.255205952,117.255205952,117.255205952,117.255205952
2020-02-03 14:48:00,117.255205952,117.255205952,117.255205952,117.255205952
2020-02-03 14:49:00,117.255205952,117.255205952,117.255205952,117.255205952
2020-02-03 14:50:00,117.255205952,117.255205952,117.255205952,117.255205952
2020-02-03 14:51:00,117.255205952,117.255205952,117.255205952,117.255205952
2020-02-03 14:52:00,117.255205952,117.255205952,117.255205952,117.255205952
2020-02-03 14:53:00,117.255205952,117.255205952,117.255205952,117.255205952
2020-02-03 14:54:00,117.44781854,117.44781854,117.44781854,117.44781854
2020-02-03 14:55:00,117.44781854,117.44781854,117.44781854,117.44781854
2020-02-03 14:56:00,117.44781854,117.44781854,117.44781854,117.44781854
2020-02-03 14:57:00,117.44781854,117.44781854,117.44781854,117.44781854
2020-02-03 14:58:00,117.44781854,117.44781854,117.44781854,117.44781854
2020-02-03 14:59:00,117.44781854,117.44781854,117.44781854,117.44781854
2020-02-03 15:00:00,117.44781854,117.44781854,117.44781854,117.44781854
2020-02-03 15:01:00,117.438646512,117.438646512,117.438646512,117.438646512
2020-02-03 15:02:00,117.438646512,117.438646512,117.438646512,117.438646512
2020-02-03 15:03:00,117.438646512,117.438646512,117.438646512,117.438646512
2020-02-03 15:04:00,117.438646512,117.438646512,117.438646512,117.438646512
2020-02-03 15:05:00,117.438646512,117.438646512,117.438646512,117.438646512
2020-02-03 15:06:00,117.438646512,117.438646512,117.438646512,117.438646512
2020-02-03 15:07:00,117.438646512,117.438646512,117.438646512,117.438646512
2020-02-03 15:08:00,117.438646512,117.438646512,117.438646512,117.438646512
2020-02-03 15:09:00,117.438646512,117.438646512,117.438646512,117.438646512
2020-02-03 15:10:00,117.438646512,117.438646512,117.438646512,117.438646512
2020-02-03 15:11:00,117.438646512,117.438646512,117.438646512,117.438646512
2020-02-03 15:12:00,117.438646512,117.438646512,117.438646512,117.438646512
2020-02-03 15:13:00,117.438646512,117.438646512,117.438646512,117.438646512
2020-02-03 15:14:00,117.438646512,117.438646512,117.438646512,117.438646512
2020-02-03 15:15:00,117.438646512,117.438646512,117.438646512,117.438646512
2020-02-03 15:16:00,117.438646512,117.438646512,117.438646512,117.438646512
2020-02-03 15:17:00,117.438646512,117.438646512,117.438646512,117.438646512
2020-02-03 15:18:00,117.53953882,117.53953882,117.53953882,117.53953882
2020-02-03 15:19:00,117.53953882,117.53953882,117.53953882,117.53953882
2020-02-03 15:20:00,117.53953882,117.53953882,117.53953882,117.53953882
2020-02-03 15:21:00,117.53953882,117.53953882,117.53953882,117.53953882
2020-02-03 15:22:00,117.53953882,117.53953882,117.53953882,117.53953882
2020-02-03 15:23:00,117.53953882,117.53953882,117.53953882,117.53953882
2020-02-03 15:24:00,117.53953882,117.53953882,117.53953882,117.53953882
2020-02-03 15:25:00,117.53953882,117.53953882,117.53953882,117.53953882
2020-02-03 15:26:00,117.53953882,117.53953882,117.53953882,117.53953882
2020-02-03 15:27:00,117.557882876,117.557882876,117.557882876,117.557882876
2020-02-03 15:28:00,117.557882876,117.557882876,117.557882876,117.557882876
2020-02-03 15:29:00,117.557882876,117.557882876,117.557882876,117.557882876
2020-02-03 15:30:00,117.557882876,117.557882876,117.557882876,117.557882876
2020-02-03 15:31:00,117.557882876,117.557882876,117.557882876,117.557882876
2020-02-03 15:32:00,117.557882876,117.557882876,117.557882876,117.557882876
2020-02-03 15:33:00,117.557882876,117.557882876,117.557882876,117.557882876
2020-02-03 15:34:00,117.521194764,117.521194764,117.521194764,117.521194764
2020-02-03 15:35:00,117.521194764,117.521194764,117.521194764,117.521194764
2020-02-03 15:36:00,117.521194764,117.521194764,117.521194764,117.521194764
2020-02-03 15:37:00,117.521194764,117.521194764,117.521194764,117.521194764
2020-02-03 15:38:00,117.521194764,117.521194764,117.521194764,117.521194764
2020-02-03 15:39:00,117.456990568,117.456990568,117.456990568,117.456990568
2020-02-03 15:40:00,117.456990568,117.456990568,117.456990568,117.456990568
2020-02-03 15:41:00,117.456990568,117.456990568,117.456990568,117.456990568
2020-02-03 15:42:00,117.456990568,117.456990568,117.456990568,117.456990568
2020-02-03 15:43:00,117.456990568,117.456990568,117.456990568,117.456990568
2020-02-03 15:44:00,117.456990568,117.456990568,117.456990568,117.456990568
2020-02-03 15:45:00,117.456990568,117.456990568,117.456990568,117.456990568
2020-02-03 15:46:00,117.456990568,117.456990568,117.456990568,117.456990568
2020-02-03 15:47:00,117.227689868,117.21851784,117.21851784,117.227689868
2020-02-03 15:48:00,117.227689868,117.21851784,117.21851784,117.227689868
2020-02-03 15:49:00,117.227689868,117.21851784,117.21851784,117.227689868
2020-02-03 15:50:00,117.227689868,117.21851784,117.21851784,117.227689868
2020-02-03 15:51:00,117.099281476,117.099281476,117.099281476,117.099281476
2020-02-03 15:52:00,117.099281476,117.099281476,117.099281476,117.099281476
2020-02-03 15:53:00,117.099281476,117.099281476,117.099281476,117.099281476
2020-02-03 15:54:00,117.062593364,117.062593364,117.062593364,117.062593364
2020-02-03 15:55:00,117.071765392,117.053421336,117.053421336,117.071765392
2020-02-03 15:56:00,117.071765392,117.053421336,117.053421336,117.071765392
2020-02-03 15:57:00,117.03507728,117.03507728,117.03507728,117.03507728
2020-02-03 15:58:00,117.016733224,117.03507728,117.016733224,117.03507728
2020-02-03 15:59:00,117.007561196,117.016733224,117.007561196,117.016733224
2020-02-03 16:00:00,117.200173784,116.998389168,116.998389168,117.21851784
2020-02-04 09:31:00,118.4512384032,118.401709452,118.401709452,118.4512384032
2020-02-04 09:32:00,118.3191612,118.3191612,118.3191612,118.3191612
2020-02-04 09:33:00,118.3191612,118.3191612,118.3191612,118.3191612
2020-02-04 09:34:00,118.3191612,118.3191612,118.3191612,118.3191612
2020-02-04 09:35:00,118.3191612,118.3191612,118.3191612,118.3191612
2020-02-04 09:36:00,118.3191612,118.3191612,118.3191612,118.3191612
2020-02-04 09:37:00,118.3191612,118.3191612,118.3191612,118.3191612
2020-02-04 09:38:00,118.3191612,118.3191612,118.3191612,118.3191612
2020-02-04 09:39:00,118.3191612,118.3191612,118.3191612,118.3191612
2020-02-04 09:40:00,118.475085676,118.475085676,118.475085676,118.475085676
2020-02-04 09:41:00,118.475085676,118.475085676,118.475085676,118.475085676
2020-02-04 09:42:00,118.475085676,118.475085676,118.475085676,118.475085676
2020-02-04 09:43:00,118.475085676,118.475085676,118.475085676,118.475085676
2020-02-04 09:44:00,118.475085676,118.475085676,118.475085676,118.475085676
2020-02-04 09:45:00,118.475085676,118.475085676,118.475085676,118.475085676
2020-02-04 09:46:00,118.750246516,118.676870292,118.676870292,118.750246516
2020-02-04 09:47:00,118.750246516,118.676870292,118.676870292,118.750246516
2020-02-04 09:48:00,118.750246516,118.676870292,118.676870292,118.750246516
2020-02-04 09:49:00,118.750246516,118.676870292,118.676870292,118.750246516
2020-02-04 09:50:00,118.750246516,118.676870292,118.676870292,118.750246516
2020-02-04 09:51:00,118.750246516,118.676870292,118.676870292,118.750246516
2020-02-04 09:52:00,118.750246516,118.676870292,118.676870292,118.750246516
2020-02-04 09:53:00,118.750246516,118.676870292,118.676870292,118.750246516
2020-02-04 09:54:00,118.750246516,118.676870292,118.676870292,118.750246516
2020-02-04 09:55:00,118.750246516,118.676870292,118.676870292,118.750246516
2020-02-04 09:56:00,118.750246516,118.676870292,118.676870292,118.750246516
2020-02-04 09:57:00,118.750246516,118.676870292,118.676870292,118.750246516
2020-02-04 09:58:00,118.952031132,118.952031132,118.952031132,118.952031132
2020-02-04 09:59:00,118.952031132,118.952031132,118.952031132,118.952031132
2020-02-04 10:00:00,118.952031132,118.952031132,118.952031132,118.952031132
2020-02-04 10:01:00,118.952031132,118.952031132,118.952031132,118.952031132
2020-02-04 10:02:00,118.952031132,118.952031132,118.952031132,118.952031132
2020-02-04 10:03:00,118.952031132,118.952031132,118.952031132,118.952031132
2020-02-04 10:04:00,118.90873915984,118.90873915984,118.90873915984,118.90873915984
2020-02-04 10:05:00,118.90873915984,118.90873915984,118.90873915984,118.90873915984
2020-02-04 10:06:00,118.90873915984,118.90873915984,118.90873915984,118.90873915984
2020-02-04 10:07:00,118.90873915984,118.90873915984,118.90873915984,118.90873915984
2020-02-04 10:08:00,118.90873915984,118.90873915984,118.90873915984,118.90873915984
2020-02-04 10:09:00,118.90873915984,118.90873915984,118.90873915984,118.90873915984
2020-02-04 10:10:00,118.89369703392,118.89369703392,118.89369703392,118.89369703392
2020-02-04 10:11:00,118.89369703392,118.89369703392,118.89369703392,118.89369703392
2020-02-04 10:12:00,118.759418544,118.773176586,118.759418544,118.77785432028
2020-02-04 10:13:00,118.759418544,118.773176586,118.759418544,118.77785432028
2020-02-04 10:14:00,118.644768194,118.695214348,118.644768194,118.695214348
2020-02-04 10:15:00,118.644768194,118.695214348,118.644768194,118.695214348
2020-02-04 10:16:00,118.644768194,118.695214348,118.644768194,118.695214348
2020-02-04 10:17:00,118.644768194,118.695214348,118.644768194,118.695214348
2020-02-04 10:18:00,118.557633928,118.557633928,118.557633928,118.557633928
2020-02-04 10:19:00,118.557633928,118.557633928,118.557633928,118.557633928
2020-02-04 10:20:00,118.557633928,118.557633928,118.557633928,118.557633928
2020-02-04 10:21:00,118.557633928,118.557633928,118.557633928,118.557633928
2020-02-04 10:22:00,118.557633928,118.557633928,118.557633928,118.557633928
2020-02-04 10:23:00,118.557633928,118.557633928,118.557633928,118.557633928
2020-02-04 10:24:00,118.557633928,118.557633928,118.557633928,118.557633928
2020-02-04 10:25:00,118.557633928,118.557633928,118.557633928,118.557633928
2020-02-04 10:26:00,118.557633928,118.557633928,118.557633928,118.557633928
2020-02-04 10:27:00,118.557633928,118.557633928,118.557633928,118.557633928
2020-02-04 10:28:00,118.557633928,118.557633928,118.557633928,118.557633928
2020-02-04 10:29:00,118.557633928,118.557633928,118.557633928,118.557633928
2020-02-04 10:30:00,118.557633928,118.557633928,118.557633928,118.557633928
2020-02-04 10:31:00,118.557633928,118.557633928,118.557633928,118.557633928
2020-02-04 10:32:00,118.557633928,118.557633928,118.557633928,118.557633928
2020-02-04 10:33:00,118.557633928,118.557633928,118.557633928,118.557633928
2020-02-04 10:34:00,118.557633928,118.557633928,118.557633928,118.557633928
2020-02-04 10:35:00,118.759418544,118.759418544,118.759418544,118.759418544
2020-02-04 10:36:00,118.759418544,118.759418544,118.759418544,118.759418544
2020-02-04 10:37:00,118.887826936,118.887826936,118.887826936,118.887826936
2020-02-04 10:38:00,118.887826936,118.887826936,118.887826936,118.887826936
2020-02-04 10:39:00,118.887826936,118.887826936,118.887826936,118.887826936
2020-02-04 10:40:00,118.851138824,118.851138824,118.851138824,118.851138824
2020-02-04 10:41:00,118.851138824,118.851138824,118.851138824,118.851138824
2020-02-04 10:42:00,118.851138824,118.851138824,118.851138824,118.851138824
2020-02-04 10:43:00,118.851138824,118.851138824,118.851138824,118.851138824
2020-02-04 10:44:00,118.851138824,118.851138824,118.851138824,118.851138824
2020-02-04 10:45:00,118.851138824,118.851138824,118.851138824,118.851138824
2020-02-04 10:46:00,118.851138824,118.851138824,118.851138824,118.851138824
2020-02-04 10:47:00,118.851138824,118.851138824,118.851138824,118.851138824
2020-02-04 10:48:00,118.851138824,118.851138824,118.851138824,118.851138824
2020-02-04 10:49:00,118.851138824,118.851138824,118.851138824,118.851138824
2020-02-04 10:50:00,118.851138824,118.851138824,118.851138824,118.851138824
2020-02-04 10:51:00,118.851138824,118.851138824,118.851138824,118.851138824
2020-02-04 10:52:00,118.7259406418,118.7259406418,118.7259406418,118.7259406418
2020-02-04 10:53:00,118.7259406418,118.7259406418,118.7259406418,118.7259406418
2020-02-04 10:54:00,118.67338492136,118.67338492136,118.67338492136,118.67338492136
2020-02-04 10:55:00,118.67338492136,118.67338492136,118.67338492136,118.67338492136
2020-02-04 10:56:00,118.67338492136,118.67338492136,118.67338492136,118.67338492136
2020-02-04 10:57:00,118.67338492136,118.67338492136,118.67338492136,118.67338492136
2020-02-04 10:58:00,118.67338492136,118.67338492136,118.67338492136,118.67338492136
2020-02-04 10:59:00,118.67338492136,118.67338492136,118.67338492136,118.67338492136
2020-02-04 11:00:00,118.67338492136,118.67338492136,118.67338492136,118.67338492136
2020-02-04 11:01:00,118.67338492136,118.67338492136,118.67338492136,118.67338492136
2020-02-04 11:02:00,118.67338492136,118.67338492136,118.67338492136,118.67338492136
2020-02-04 11:03:00,118.67338492136,118.67338492136,118.67338492136,118.67338492136
2020-02-04 11:04:00,118.67338492136,118.67338492136,118.67338492136,118.67338492136
2020-02-04 11:05:00,118.67338492136,118.67338492136,118.67338492136,118.67338492136
2020-02-04 11:06:00,118.67338492136,118.67338492136,118.67338492136,118.67338492136
2020-02-04 11:07:00,118.67338492136,118.67338492136,118.67338492136,118.67338492136
2020-02-04 11:08:00,118.67338492136,118.67338492136,118.67338492136,118.67338492136
2020-02-04 11:09:00,118.346677284,118.346677284,118.346677284,118.346677284
2020-02-04 11:10:00,118.346677284,118.346677284,118.346677284,118.346677284
2020-02-04 11:11:00,118.346677284,118.346677284,118.346677284,118.346677284
2020-02-04 11:12:00,118.46022699064,118.46022699064,118.46022699064,118.46022699064
2020-02-04 11:13:00,118.420053508,118.438397564,118.420053508,118.438397564
2020-02-04 11:14:00,118.484257704,118.475085676,118.475085676,118.484257704
2020-02-04 11:15:00,118.484257704,118.493429732,118.475085676,118.493429732
2020-02-04 11:16:00,118.484257704,118.493429732,118.475085676,118.493429732
2020-02-04 11:17:00,118.484257704,118.493429732,118.475085676,118.493429732
2020-02-04 11:18:00,118.484257704,118.493429732,118.475085676,118.493429732
2020-02-04 11:19:00,118.64018218,118.64018218,118.64018218,118.64018218
2020-02-04 11:20:00,118.647061201,118.644768194,118.644768194,118.649354208
2020-02-04 11:21:00,118.64018218,118.649354208,118.64018218,118.649354208
2020-02-04 11:22:00,118.64018218,118.649354208,118.64018218,118.649354208
2020-02-04 11:23:00,118.64018218,118.649354208,118.64018218,118.649354208
2020-02-04 11:24:00,118.64018218,118.649354208,118.64018218,118.649354208
2020-02-04 11:25:00,118.64018218,118.649354208,118.64018218,118.649354208
2020-02-04 11:26:00,118.64018218,118.649354208,118.64018218,118.649354208
2020-02-04 11:27:00,118.70493669768,118.70493669768,118.70493669768,118.70493669768
2020-02-04 11:28:00,118.70493669768,118.70493669768,118.70493669768,118.70493669768
2020-02-04 11:29:00,118.74098276772,118.75033823628,118.74098276772,118.75033823628
2020-02-04 11:30:00,118.74098276772,118.75033823628,118.74098276772,118.75033823628
2020-02-04 11:31:00,118.74098276772,118.75033823628,118.74098276772,118.75033823628
2020-02-04 11:32:00,118.786934628,118.768590572,118.768590572,118.786934628
2020-02-04 11:33:00,118.786934628,118.768590572,118.768590572,118.786934628
2020-02-04 11:34:00,118.786934628,118.768590572,118.768590572,118.786934628
2020-02-04 11:35:00,118.786934628,118.768590572,118.768590572,118.786934628
2020-02-04 11:36:00,118.786934628,118.768590572,118.768590572,118.786934628
2020-02-04 11:37:00,118.667698264,118.667698264,118.667698264,118.667698264
2020-02-04 11:38:00,118.667698264,118.667698264,118.667698264,118.667698264
2020-02-04 11:39:00,118.667698264,118.667698264,118.667698264,118.667698264
2020-02-04 11:40:00,118.667698264,118.667698264,118.667698264,118.667698264
2020-02-04 11:41:00,118.667698264,118.667698264,118.667698264,118.667698264
2020-02-04 11:42:00,118.667698264,118.667698264,118.667698264,118.667698264
2020-02-04 11:43:00,118.667698264,118.667698264,118.667698264,118.667698264
2020-02-04 11:44:00,118.667698264,118.667698264,118.667698264,118.667698264
2020-02-04 11:45:00,118.667698264,118.667698264,118.667698264,118.667698264
2020-02-04 11:46:00,118.667698264,118.667698264,118.667698264,118.667698264
2020-02-04 11:47:00,118.667698264,118.667698264,118.667698264,118.667698264
2020-02-04 11:48:00,118.667698264,118.667698264,118.667698264,118.667698264
2020-02-04 11:49:00,118.667698264,118.667698264,118.667698264,118.667698264
2020-02-04 11:50:00,118.667698264,118.667698264,118.667698264,118.667698264
2020-02-04 11:51:00,118.667698264,118.667698264,118.667698264,118.667698264
2020-02-04 11:52:00,118.667698264,118.667698264,118.667698264,118.667698264
2020-02-04 11:53:00,118.667698264,118.667698264,118.667698264,118.667698264
2020-02-04 11:54:00,118.667698264,118.667698264,118.667698264,118.667698264
2020-02-04 11:55:00,118.667698264,118.667698264,118.667698264,118.667698264
2020-02-04 11:56:00,118.667698264,118.667698264,118.667698264,118.667698264
2020-02-04 11:57:00,118.667698264,118.667698264,118.667698264,118.667698264
2020-02-04 11:58:00,118.667698264,118.667698264,118.667698264,118.667698264
2020-02-04 11:59:00,118.667698264,118.667698264,118.667698264,118.667698264
2020-02-04 12:00:00,118.667698264,118.667698264,118.667698264,118.667698264
2020-02-04 12:01:00,118.667698264,118.667698264,118.667698264,118.667698264
2020-02-04 12:02:00,118.8254571456,118.82362274,118.82362274,118.8254571456
2020-02-04 12:03:00,118.8254571456,118.82362274,118.82362274,118.8254571456
2020-02-04 12:04:00,118.8254571456,118.82362274,118.82362274,118.8254571456
2020-02-04 12:05:00,118.8593936492,118.8593936492,118.8593936492,118.8593936492
2020-02-04 12:06:00,118.8593936492,118.8593936492,118.8593936492,118.8593936492
2020-02-04 12:07:00,118.887826936,118.887826936,118.887826936,118.887826936
2020-02-04 12:08:00,118.887826936,118.887826936,118.887826936,118.887826936
2020-02-04 12:09:00,118.887826936,118.887826936,118.887826936,118.887826936
2020-02-04 12:10:00,118.887826936,118.887826936,118.887826936,118.887826936
2020-02-04 12:11:00,118.942859104,118.942859104,118.942859104,118.942859104
2020-02-04 12:12:00,118.942859104,118.942859104,118.942859104,118.942859104
2020-02-04 12:13:00,118.942859104,118.942859104,118.942859104,118.942859104
2020-02-04 12:14:00,118.864896866,118.864896866,118.864896866,118.864896866
2020-02-04 12:15:00,118.864896866,118.864896866,118.864896866,118.864896866
2020-02-04 12:16:00,118.878654908,118.878654908,118.878654908,118.878654908
2020-02-04 12:17:00,118.878654908,118.878654908,118.878654908,118.878654908
2020-02-04 12:18:00,118.878654908,118.878654908,118.878654908,118.878654908
2020-02-04 12:19:00,118.878654908,118.878654908,118.878654908,118.878654908
2020-02-04 12:20:00,118.878654908,118.878654908,118.878654908,118.878654908
2020-02-04 12:21:00,118.791520642,118.791520642,118.791520642,118.791520642
2020-02-04 12:22:00,118.791520642,118.791520642,118.791520642,118.791520642
2020-02-04 12:23:00,118.791520642,118.791520642,118.791520642,118.791520642
2020-02-04 12:24:00,118.791520642,118.791520642,118.791520642,118.791520642
2020-02-04 12:25:00,118.791520642,118.791520642,118.791520642,118.791520642
2020-02-04 12:26:00,118.791520642,118.791520642,118.791520642,118.791520642
2020-02-04 12:27:00,118.791520642,118.791520642,118.791520642,118.791520642
2020-02-04 12:28:00,118.791520642,118.791520642,118.791520642,118.791520642
2020-02-04 12:29:00,118.791520642,118.791520642,118.791520642,118.791520642
2020-02-04 12:30:00,118.878654908,118.878654908,118.878654908,118.878654908
2020-02-04 12:31:00,118.878654908,118.878654908,118.878654908,118.878654908
2020-02-04 12:32:00,118.878654908,118.878654908,118.878654908,118.878654908
2020-02-04 12:33:00,118.878654908,118.878654908,118.878654908,118.878654908
2020-02-04 12:34:00,118.878654908,118.878654908,118.878654908,118.878654908
2020-02-04 12:35:00,118.878654908,118.878654908,118.878654908,118.878654908
2020-02-04 12:36:00,118.878654908,118.878654908,118.878654908,118.878654908
2020-02-04 12:37:00,118.878654908,118.878654908,118.878654908,118.878654908
2020-02-04 12:38:00,118.878654908,118.878654908,118.878654908,118.878654908
2020-02-04 12:39:00,118.878654908,118.878654908,118.878654908,118.878654908
2020-02-04 12:40:00,118.878654908,118.878654908,118.878654908,118.878654908
2020-02-04 12:41:00,118.878654908,118.878654908,118.878654908,118.878654908
2020-02-04 12:42:00,118.878654908,118.878654908,118.878654908,118.878654908
2020-02-04 12:43:00,118.878654908,118.878654908,118.878654908,118.878654908
2020-02-04 12:44:00,118.878654908,118.878654908,118.878654908,118.878654908
2020-02-04 12:45:00,118.75061339712,118.75061339712,118.75061339712,118.75061339712
2020-02-04 12:46:00,118.75061339712,118.75061339712,118.75061339712,118.75061339712
2020-02-04 12:47:00,118.676870292,118.676870292,118.676870292,118.676870292
2020-02-04 12:48:00,118.672284278,118.672284278,118.672284278,118.672284278
2020-02-04 12:49:00,118.672284278,118.672284278,118.672284278,118.672284278
2020-02-04 12:50:00,118.672284278,118.672284278,118.672284278,118.672284278
2020-02-04 12:51:00,118.672284278,118.672284278,118.672284278,118.672284278
2020-02-04 12:52:00,118.672284278,118.672284278,118.672284278,118.672284278
2020-02-04 12:53:00,118.672284278,118.672284278,118.672284278,118.672284278
2020-02-04 12:54:00,118.672284278,118.672284278,118.672284278,118.672284278
2020-02-04 12:55:00,118.672284278,118.672284278,118.672284278,118.672284278
2020-02-04 12:56:00,118.672284278,118.672284278,118.672284278,118.672284278
2020-02-04 12:57:00,118.672284278,118.672284278,118.672284278,118.672284278
2020-02-04 12:58:00,118.672284278,118.672284278,118.672284278,118.672284278
2020-02-04 12:59:00,118.672284278,118.672284278,118.672284278,118.672284278
2020-02-04 13:00:00,118.672284278,118.672284278,118.672284278,118.672284278
2020-02-04 13:01:00,118.672284278,118.672284278,118.672284278,118.672284278
2020-02-04 13:02:00,118.672284278,118.672284278,118.672284278,118.672284278
2020-02-04 13:03:00,118.672284278,118.672284278,118.672284278,118.672284278
2020-02-04 13:04:00,118.672284278,118.672284278,118.672284278,118.672284278
2020-02-04 13:05:00,118.672284278,118.672284278,118.672284278,118.672284278
2020-02-04 13:06:00,118.672284278,118.672284278,118.672284278,118.672284278
2020-02-04 13:07:00,118.672284278,118.672284278,118.672284278,118.672284278
2020-02-04 13:08:00,118.672284278,118.672284278,118.672284278,118.672284278
2020-02-04 13:09:00,118.672284278,118.672284278,118.672284278,118.672284278
2020-02-04 13:10:00,118.672284278,118.672284278,118.672284278,118.672284278
2020-02-04 13:11:00,118.672284278,118.672284278,118.672284278,118.672284278
2020-02-04 13:12:00,118.672284278,118.672284278,118.672284278,118.672284278
2020-02-04 13:13:00,118.672284278,118.672284278,118.672284278,118.672284278
2020-02-04 13:14:00,118.672284278,118.672284278,118.672284278,118.672284278
2020-02-04 13:15:00,118.672284278,118.672284278,118.672284278,118.672284278
2020-02-04 13:16:00,118.672284278,118.672284278,118.672284278,118.672284278
2020-02-04 13:17:00,118.71896990052,118.71896990052,118.71896990052,118.71896990052
2020-02-04 13:18:00,118.71896990052,118.71896990052,118.71896990052,118.71896990052
2020-02-04 13:19:00,118.71896990052,118.71896990052,118.71896990052,118.71896990052
2020-02-04 13:20:00,118.73492922924,118.73492922924,118.73492922924,118.73492922924
2020-02-04 13:21:00,118.73492922924,118.73492922924,118.73492922924,118.73492922924
2020-02-04 13:22:00,118.71144883756,118.7254820404,118.71144883756,118.7254820404
2020-02-04 13:23:00,118.71144883756,118.7254820404,118.71144883756,118.7254820404
2020-02-04 13:24:00,118.750246516,118.750246516,118.750246516,118.750246516
2020-02-04 13:25:00,118.7695077748,118.76638928528,118.76638928528,118.7695077748
2020-02-04 13:26:00,118.7695077748,118.76638928528,118.76638928528,118.7695077748
2020-02-04 13:27:00,118.736488474,118.7419916908,118.736488474,118.7419916908
2020-02-04 13:28:00,118.736488474,118.7419916908,118.736488474,118.7419916908
2020-02-04 13:29:00,118.736488474,118.7419916908,118.736488474,118.7419916908
2020-02-04 13:30:00,118.736488474,118.7419916908,118.736488474,118.7419916908
2020-02-04 13:31:00,118.741074488,118.741074488,118.741074488,118.741074488
2020-02-04 13:32:00,118.695214348,118.695214348,118.695214348,118.695214348
2020-02-04 13:33:00,118.695214348,118.695214348,118.695214348,118.695214348
2020-02-04 13:34:00,118.695214348,118.695214348,118.695214348,118.695214348
2020-02-04 13:35:00,118.695214348,118.695214348,118.695214348,118.695214348
2020-02-04 13:36:00,118.695214348,118.695214348,118.695214348,118.695214348
2020-02-04 13:37:00,118.695214348,118.695214348,118.695214348,118.695214348
2020-02-04 13:38:00,118.695214348,118.695214348,118.695214348,118.695214348
2020-02-04 13:39:00,118.695214348,118.695214348,118.695214348,118.695214348
2020-02-04 13:40:00,118.8346291736,118.8346291736,118.8346291736,118.8346291736
2020-02-04 13:41:00,118.8346291736,118.8346291736,118.8346291736,118.8346291736
2020-02-04 13:42:00,118.8346291736,118.8346291736,118.8346291736,118.8346291736
2020-02-04 13:43:00,118.8346291736,118.8346291736,118.8346291736,118.8346291736
2020-02-04 13:44:00,118.8346291736,118.8346291736,118.8346291736,118.8346291736
2020-02-04 13:45:00,118.8346291736,118.8346291736,118.8346291736,118.8346291736
2020-02-04 13:46:00,118.8346291736,118.8346291736,118.8346291736,118.8346291736
2020-02-04 13:47:00,118.8346291736,118.8346291736,118.8346291736,118.8346291736
2020-02-04 13:48:00,118.9465279152,118.9465279152,118.9465279152,118.9465279152
2020-02-04 13:49:00,118.9437763068,118.9511139292,118.9437763068,118.9511139292
2020-02-04 13:50:00,118.9437763068,118.9511139292,118.9437763068,118.9511139292
2020-02-04 13:51:00,118.86948288,118.86948288,118.86948288,118.86948288
2020-02-04 13:52:00,118.86948288,118.86948288,118.86948288,118.86948288
2020-02-04 13:53:00,118.86948288,118.86948288,118.86948288,118.86948288
2020-02-04 13:54:00,118.91534302,118.9098398032,118.9098398032,118.91534302
2020-02-04 13:55:00,118.91534302,118.9098398032,118.9098398032,118.91534302
2020-02-04 13:56:00,118.91534302,118.9098398032,118.9098398032,118.91534302
2020-02-04 13:57:00,118.85829300584,118.85829300584,118.85829300584,118.85829300584
2020-02-04 13:58:00,118.85829300584,118.85829300584,118.85829300584,118.85829300584
2020-02-04 13:59:00,118.85829300584,118.85829300584,118.85829300584,118.85829300584
2020-02-04 14:00:00,118.85829300584,118.85829300584,118.85829300584,118.85829300584
2020-02-04 14:01:00,118.887826936,118.887826936,118.887826936,118.887826936
2020-02-04 14:02:00,118.887826936,118.887826936,118.887826936,118.887826936
2020-02-04 14:03:00,118.887826936,118.887826936,118.887826936,118.887826936
2020-02-04 14:04:00,118.887826936,118.887826936,118.887826936,118.887826936
2020-02-04 14:05:00,118.887826936,118.887826936,118.887826936,118.887826936
2020-02-04 14:06:00,118.887826936,118.887826936,118.887826936,118.887826936
2020-02-04 14:07:00,118.887826936,118.887826936,118.887826936,118.887826936
2020-02-04 14:08:00,118.887826936,118.887826936,118.887826936,118.887826936
2020-02-04 14:09:00,118.89415563532,118.89415563532,118.89415563532,118.89415563532
2020-02-04 14:10:00,118.89415563532,118.89415563532,118.89415563532,118.89415563532
2020-02-04 14:11:00,118.89415563532,118.89415563532,118.89415563532,118.89415563532
2020-02-04 14:12:00,118.89415563532,118.89415563532,118.89415563532,118.89415563532
2020-02-04 14:13:00,118.89415563532,118.89415563532,118.89415563532,118.89415563532
2020-02-04 14:14:00,118.89415563532,118.89415563532,118.89415563532,118.89415563532
2020-02-04 14:15:00,118.89415563532,118.89415563532,118.89415563532,118.89415563532
2020-02-04 14:16:00,118.89415563532,118.89415563532,118.89415563532,118.89415563532
2020-02-04 14:17:00,118.89415563532,118.89415563532,118.89415563532,118.89415563532
2020-02-04 14:18:00,118.89415563532,118.89415563532,118.89415563532,118.89415563532
2020-02-04 14:19:00,118.89415563532,118.89415563532,118.89415563532,118.89415563532
2020-02-04 14:20:00,118.89415563532,118.89415563532,118.89415563532,118.89415563532
2020-02-04 14:21:00,118.99853331396,118.99853331396,118.99853331396,118.99853331396
2020-02-04 14:22:00,118.99853331396,118.99853331396,118.99853331396,118.99853331396
2020-02-04 14:23:00,118.99853331396,118.99853331396,118.99853331396,118.99853331396
2020-02-04 14:24:00,118.99853331396,118.99853331396,118.99853331396,118.99853331396
2020-02-04 14:25:00,118.99853331396,118.99853331396,118.99853331396,118.99853331396
2020-02-04 14:26:00,119.016235328,119.016235328,119.016235328,119.016235328
2020-02-04 14:27:00,119.016235328,119.016235328,119.016235328,119.016235328
2020-02-04 14:28:00,119.016235328,119.016235328,119.016235328,119.016235328
2020-02-04 14:29:00,119.016235328,119.016235328,119.016235328,119.016235328
2020-02-04 14:30:00,119.016235328,119.016235328,119.016235328,119.016235328
2020-02-04 14:31:00,119.016235328,119.016235328,119.016235328,119.016235328
2020-02-04 14:32:00,118.93304503404,118.93304503404,118.93304503404,118.93304503404
2020-02-04 14:33:00,118.93304503404,118.93304503404,118.93304503404,118.93304503404
2020-02-04 14:34:00,118.93304503404,118.93304503404,118.93304503404,118.93304503404
2020-02-04 14:35:00,118.93304503404,118.93304503404,118.93304503404,118.93304503404
2020-02-04 14:36:00,118.93304503404,118.93304503404,118.93304503404,118.93304503404
2020-02-04 14:37:00,118.93304503404,118.93304503404,118.93304503404,118.93304503404
2020-02-04 14:38:00,118.93304503404,118.93304503404,118.93304503404,118.93304503404
2020-02-04 14:39:00,118.93304503404,118.93304503404,118.93304503404,118.93304503404
2020-02-04 14:40:00,118.93304503404,118.93304503404,118.93304503404,118.93304503404
2020-02-04 14:41:00,118.93304503404,118.93304503404,118.93304503404,118.93304503404
2020-02-04 14:42:00,119.1180448388,119.1180448388,119.1180448388,119.1180448388
2020-02-04 14:43:00,119.1180448388,119.1180448388,119.1180448388,119.1180448388
2020-02-04 14:44:00,119.19050386,119.19050386,119.19050386,119.19050386
2020-02-04 14:45:00,119.19050386,119.19050386,119.19050386,119.19050386
2020-02-04 14:46:00,119.19050386,119.19050386,119.19050386,119.19050386
2020-02-04 14:47:00,119.19050386,119.19050386,119.19050386,119.19050386
2020-02-04 14:48:00,119.19050386,119.19050386,119.19050386,119.19050386
2020-02-04 14:49:00,119.309740224,119.309740224,119.309740224,119.32340654572
2020-02-04 14:50:00,119.309740224,119.309740224,119.309740224,119.32340654572
2020-02-04 14:51:00,119.309740224,119.309740224,119.309740224,119.32340654572
2020-02-04 14:52:00,119.309740224,119.309740224,119.309740224,119.32340654572
2020-02-04 14:53:00,119.309740224,119.309740224,119.309740224,119.32340654572
2020-02-04 14:54:00,119.309740224,119.309740224,119.309740224,119.32340654572
2020-02-04 14:55:00,119.33854039192,119.33854039192,119.33854039192,119.33854039192
2020-02-04 14:56:00,119.33854039192,119.33854039192,119.33854039192,119.33854039192
2020-02-04 14:57:00,119.33854039192,119.33854039192,119.33854039192,119.33854039192
2020-02-04 14:58:00,119.33854039192,119.33854039192,119.33854039192,119.33854039192
2020-02-04 14:59:00,119.33854039192,119.33854039192,119.33854039192,119.33854039192
2020-02-04 15:00:00,119.33854039192,119.33854039192,119.33854039192,119.33854039192
2020-02-04 15:01:00,119.33854039192,119.33854039192,119.33854039192,119.33854039192
2020-02-04 15:02:00,119.33854039192,119.33854039192,119.33854039192,119.33854039192
2020-02-04 15:03:00,119.33854039192,119.33854039192,119.33854039192,119.33854039192
2020-02-04 15:04:00,119.37394442,119.37394442,119.37394442,119.37394442
2020-02-04 15:05:00,119.37394442,119.37394442,119.37394442,119.37394442
2020-02-04 15:06:00,119.37394442,119.37394442,119.37394442,119.37394442
2020-02-04 15:07:00,119.37394442,119.37394442,119.37394442,119.37394442
2020-02-04 15:08:00,119.37394442,119.37394442,119.37394442,119.37394442
2020-02-04 15:09:00,119.37394442,119.37394442,119.37394442,119.37394442
2020-02-04 15:10:00,119.37394442,119.37394442,119.37394442,119.37394442
2020-02-04 15:11:00,119.37394442,119.37394442,119.37394442,119.37394442
2020-02-04 15:12:00,119.37394442,119.37394442,119.37394442,119.37394442
2020-02-04 15:13:00,119.502352812,119.502352812,119.502352812,119.502352812
2020-02-04 15:14:00,119.502352812,119.502352812,119.502352812,119.502352812
2020-02-04 15:15:00,119.502352812,119.502352812,119.502352812,119.502352812
2020-02-04 15:16:00,119.502352812,119.502352812,119.502352812,119.502352812
2020-02-04 15:17:00,119.566557008,119.566557008,119.566557008,119.566557008
2020-02-04 15:18:00,119.60324512,119.60324512,119.60324512,119.60324512
2020-02-04 15:19:00,119.60324512,119.60324512,119.60324512,119.60324512
2020-02-04 15:20:00,119.60324512,119.60324512,119.60324512,119.60324512
2020-02-04 15:21:00,119.60324512,119.60324512,119.60324512,119.60324512
2020-02-04 15:22:00,119.60324512,119.60324512,119.60324512,119.60324512
2020-02-04 15:23:00,119.704137428,119.704137428,119.704137428,119.704137428
2020-02-04 15:24:00,119.704137428,119.704137428,119.704137428,119.704137428
2020-02-04 15:25:00,119.630761204,119.64910526,119.630761204,119.64910526
2020-02-04 15:26:00,119.584901064,119.584901064,119.584901064,119.584901064
2020-02-04 15:27:00,119.584901064,119.584901064,119.584901064,119.584901064
2020-02-04 15:28:00,119.584901064,119.584901064,119.584901064,119.584901064
2020-02-04 15:29:00,119.584901064,119.584901064,119.584901064,119.584901064
2020-02-04 15:30:00,119.60324512,119.60324512,119.60324512,119.60324512
2020-02-04 15:31:00,119.60324512,119.60324512,119.60324512,119.60324512
2020-02-04 15:32:00,119.584901064,119.584901064,119.584901064,119.584901064
2020-02-04 15:33:00,119.584901064,119.584901064,119.584901064,119.584901064
2020-02-04 15:34:00,119.584901064,119.584901064,119.584901064,119.584901064
2020-02-04 15:35:00,119.584901064,119.584901064,119.584901064,119.584901064
2020-02-04 15:36:00,119.539040924,119.516110854,119.516110854,119.539040924
2020-02-04 15:37:00,119.539040924,119.516110854,119.516110854,119.539040924
2020-02-04 15:38:00,119.539040924,119.516110854,119.516110854,119.539040924
2020-02-04 15:39:00,119.502352812,119.502352812,119.502352812,119.502352812
2020-02-04 15:40:00,119.502352812,119.502352812,119.502352812,119.502352812
2020-02-04 15:41:00,119.502352812,119.502352812,119.502352812,119.502352812
2020-02-04 15:42:00,119.41980456,119.41980456,119.41980456,119.41980456
2020-02-04 15:43:00,119.41980456,119.41980456,119.41980456,119.41980456
2020-02-04 15:44:00,119.41980456,119.41980456,119.41980456,119.41980456
2020-02-04 15:45:00,119.41980456,119.41980456,119.41980456,119.41980456
2020-02-04 15:46:00,119.41980456,119.41980456,119.41980456,119.41980456
2020-02-04 15:47:00,119.41980456,119.41980456,119.41980456,119.41980456
2020-02-04 15:48:00,119.41980456,119.41980456,119.41980456,119.41980456
2020-02-04 15:49:00,119.41980456,119.41980456,119.41980456,119.41980456
2020-02-04 15:50:00,119.41980456,119.41980456,119.41980456,119.41980456
2020-02-04 15:51:00,119.41980456,119.41980456,119.41980456,119.41980456
2020-02-04 15:52:00,119.41980456,119.41980456,119.41980456,119.41980456
2020-02-04 15:53:00,119.41980456,119.41980456,119.41980456,119.41980456
2020-02-04 15:54:00,119.263880084,119.263880084,119.263880084,119.263880084
2020-02-04 15:55:00,119.208847916,119.208847916,119.208847916,119.208847916
2020-02-04 15:56:00,119.126299664,119.135471692,119.126299664,119.135471692
2020-02-04 15:57:00,119.126299664,119.135471692,119.126299664,119.135471692
2020-02-04 15:58:00,119.126299664,119.135471692,119.126299664,119.135471692
2020-02-04 15:59:00,119.14464372,119.14464372,119.14464372,119.153815748
2020-02-04 16:00:00,119.208847916,119.14464372,119.14464372,119.208847916
2020-02-05 09:31:00,120.1535668,120.1535668,120.1535668,120.1535668
2020-02-05 09:32:00,120.1535668,120.1535668,120.1535668,120.1535668
2020-02-05 09:33:00,120.1535668,120.1535668,120.1535668,120.1535668
2020-02-05 09:34:00,120.226943024,120.208598968,120.208598968,120.226943024
2020-02-05 09:35:00,120.27702229688,120.27702229688,120.27702229688,120.27702229688
2020-02-05 09:36:00,120.24528708,120.254459108,120.24528708,120.254459108
2020-02-05 09:37:00,120.24528708,120.254459108,120.24528708,120.254459108
2020-02-05 09:38:00,120.24528708,120.254459108,120.24528708,120.254459108
2020-02-05 09:39:00,120.181082884,120.181082884,120.181082884,120.181082884
2020-02-05 09:40:00,120.181082884,120.181082884,120.181082884,120.181082884
2020-02-05 09:41:00,120.181082884,120.181082884,120.181082884,120.181082884
2020-02-05 09:42:00,120.181082884,120.181082884,120.181082884,120.181082884
2020-02-05 09:43:00,119.8536414844,119.8536414844,119.8536414844,119.8536414844
2020-02-05 09:44:00,119.8536414844,119.8536414844,119.8536414844,119.8536414844
2020-02-05 09:45:00,119.933438128,119.9242661,119.9242661,119.933438128
2020-02-05 09:46:00,119.933438128,119.9242661,119.9242661,119.933438128
2020-02-05 09:47:00,119.928852114,119.928852114,119.928852114,119.928852114
2020-02-05 09:48:00,119.928852114,119.928852114,119.928852114,119.928852114
2020-02-05 09:49:00,119.928852114,119.928852114,119.928852114,119.928852114
2020-02-05 09:50:00,120.116878688,120.116878688,120.116878688,120.116878688
2020-02-05 09:51:00,120.116878688,120.116878688,120.116878688,120.116878688
2020-02-05 09:52:00,120.116878688,120.116878688,120.116878688,120.116878688
2020-02-05 09:53:00,120.116878688,120.116878688,120.116878688,120.116878688
2020-02-05 09:54:00,120.080190576,120.080190576,120.080190576,120.080190576
2020-02-05 09:55:00,120.080190576,120.080190576,120.080190576,120.080190576
2020-02-05 09:56:00,120.080190576,120.080190576,120.080190576,120.080190576
2020-02-05 09:57:00,119.80961575,119.80961575,119.80961575,119.80961575
2020-02-05 09:58:00,119.80961575,119.80961575,119.80961575,119.80961575
2020-02-05 09:59:00,119.795857708,119.795857708,119.795857708,119.795857708
2020-02-05 10:00:00,119.74082554,119.74082554,119.74082554,119.74082554
2020-02-05 10:01:00,119.74082554,119.74082554,119.74082554,119.74082554
2020-02-05 10:02:00,119.78099902264,119.78099902264,119.78099902264,119.78099902264
2020-02-05 10:03:00,119.78099902264,119.78099902264,119.78099902264,119.78099902264
2020-02-05 10:04:00,119.825666799,119.825666799,119.825666799,119.825666799
2020-02-05 10:05:00,119.825666799,119.825666799,119.825666799,119.825666799
2020-02-05 10:06:00,119.825666799,119.825666799,119.825666799,119.825666799
2020-02-05 10:07:00,119.814201764,119.823373792,119.814201764,119.823373792
2020-02-05 10:08:00,119.814201764,119.823373792,119.814201764,119.823373792
2020-02-05 10:09:00,119.814201764,119.823373792,119.814201764,119.823373792
2020-02-05 10:10:00,119.814201764,119.823373792,119.814201764,119.823373792
2020-02-05 10:11:00,119.814201764,119.823373792,119.814201764,119.823373792
2020-02-05 10:12:00,119.8086985472,119.8086985472,119.8086985472,119.8086985472
2020-02-05 10:13:00,119.777513652,119.777513652,119.777513652,119.777513652
2020-02-05 10:14:00,119.795857708,119.795857708,119.795857708,119.795857708
2020-02-05 10:15:00,119.795857708,119.795857708,119.795857708,119.795857708
2020-02-05 10:16:00,119.795857708,119.795857708,119.795857708,119.795857708
2020-02-05 10:17:00,119.78723600168,119.78723600168,119.78723600168,119.78723600168
2020-02-05 10:18:00,119.78723600168,119.78723600168,119.78723600168,119.78723600168
2020-02-05 10:19:00,119.78723600168,119.78723600168,119.78723600168,119.78723600168
2020-02-05 10:20:00,119.78723600168,119.78723600168,119.78723600168,119.78723600168
2020-02-05 10:21:00,119.78723600168,119.78723600168,119.78723600168,119.78723600168
2020-02-05 10:22:00,119.78723600168,119.78723600168,119.78723600168,119.78723600168
2020-02-05 10:23:00,119.78723600168,119.78723600168,119.78723600168,119.78723600168
2020-02-05 10:24:00,119.777513652,119.777513652,119.777513652,119.777513652
2020-02-05 10:25:00,119.837131834,119.837131834,119.837131834,119.837131834
2020-02-05 10:26:00,119.837131834,119.837131834,119.837131834,119.837131834
2020-02-05 10:27:00,119.837131834,119.837131834,119.837131834,119.837131834
2020-02-05 10:28:00,119.837131834,119.837131834,119.837131834,119.837131834
2020-02-05 10:29:00,119.837131834,119.837131834,119.837131834,119.837131834
2020-02-05 10:30:00,119.837131834,119.837131834,119.837131834,119.837131834
2020-02-05 10:31:00,119.837131834,119.837131834,119.837131834,119.837131834
2020-02-05 10:32:00,119.837131834,119.837131834,119.837131834,119.837131834
2020-02-05 10:33:00,119.837131834,119.837131834,119.837131834,119.837131834
2020-02-05 10:34:00,119.837131834,119.837131834,119.837131834,119.837131834
2020-02-05 10:35:00,119.837131834,119.837131834,119.837131834,119.837131834
2020-02-05 10:36:00,119.837131834,119.837131834,119.837131834,119.837131834
2020-02-05 10:37:00,119.685793372,119.685793372,119.685793372,119.685793372
2020-02-05 10:38:00,119.795857708,119.795857708,119.795857708,119.795857708
2020-02-05 10:39:00,119.795857708,119.795857708,119.795857708,119.795857708
2020-02-05 10:40:00,119.795857708,119.795857708,119.795857708,119.795857708
2020-02-05 10:41:00,119.795857708,119.795857708,119.795857708,119.795857708
2020-02-05 10:42:00,119.795857708,119.795857708,119.795857708,119.795857708
2020-02-05 10:43:00,119.795857708,119.795857708,119.795857708,119.795857708
2020-02-05 10:44:00,119.795857708,119.795857708,119.795857708,119.795857708
2020-02-05 10:45:00,119.795857708,119.795857708,119.795857708,119.795857708
2020-02-05 10:46:00,119.795857708,119.795857708,119.795857708,119.795857708
2020-02-05 10:47:00,119.795857708,119.795857708,119.795857708,119.795857708
2020-02-05 10:48:00,119.795857708,119.795857708,119.795857708,119.795857708
2020-02-05 10:49:00,119.905922044,119.9022532328,119.9022532328,119.905922044
2020-02-05 10:50:00,119.905922044,119.9022532328,119.9022532328,119.905922044
2020-02-05 10:51:00,119.905922044,119.9022532328,119.9022532328,119.905922044
2020-02-05 10:52:00,119.905922044,119.9022532328,119.9022532328,119.905922044
2020-02-05 10:53:00,119.905922044,119.9022532328,119.9022532328,119.905922044
2020-02-05 10:54:00,119.905922044,119.9022532328,119.9022532328,119.905922044
2020-02-05 10:55:00,120.1498979888,120.135222744,120.10770666,120.1498979888
2020-02-05 10:56:00,120.06184652,120.052674492,120.043502464,120.06184652
2020-02-05 10:57:00,120.06184652,120.052674492,120.043502464,120.06184652
2020-02-05 10:58:00,120.06184652,120.052674492,120.043502464,120.06184652
2020-02-05 10:59:00,120.06184652,120.052674492,120.043502464,120.06184652
2020-02-05 11:00:00,120.2251086184,120.2251086184,120.2251086184,120.2251086184
2020-02-05 11:01:00,120.2251086184,120.2251086184,120.2251086184,120.2251086184
2020-02-05 11:02:00,120.2251086184,120.2251086184,120.2251086184,120.2251086184
2020-02-05 11:03:00,120.304905262,120.304905262,120.304905262,120.304905262
2020-02-05 11:04:00,120.304905262,120.304905262,120.304905262,120.304905262
2020-02-05 11:05:00,120.272803164,120.272803164,120.272803164,120.272803164
2020-02-05 11:06:00,120.217770996,120.217770996,120.217770996,120.217770996
2020-02-05 11:07:00,120.24528708,120.19942694,120.19942694,120.24528708
2020-02-05 11:08:00,120.24528708,120.19942694,120.19942694,120.24528708
2020-02-05 11:09:00,120.24528708,120.24528708,120.24528708,120.24528708
2020-02-05 11:10:00,120.24528708,120.24528708,120.24528708,120.24528708
2020-02-05 11:11:00,120.24528708,120.24528708,120.24528708,120.24528708
2020-02-05 11:12:00,120.24528708,120.24528708,120.24528708,120.24528708
2020-02-05 11:13:00,120.373695472,120.29114722,120.29114722,120.373695472
2020-02-05 11:14:00,120.373695472,120.29114722,120.29114722,120.373695472
2020-02-05 11:15:00,120.373695472,120.29114722,120.29114722,120.373695472
2020-02-05 11:16:00,120.373695472,120.29114722,120.29114722,120.373695472
2020-02-05 11:17:00,120.327835332,120.327835332,120.327835332,120.327835332
2020-02-05 11:18:00,120.327835332,120.327835332,120.327835332,120.327835332
2020-02-05 11:19:00,120.327835332,120.327835332,120.327835332,120.327835332
2020-02-05 11:20:00,120.327835332,120.327835332,120.327835332,120.327835332
2020-02-05 11:21:00,120.327835332,120.327835332,120.327835332,120.327835332
2020-02-05 11:22:00,120.327835332,120.327835332,120.327835332,120.327835332
2020-02-05 11:23:00,120.401211556,120.401211556,120.401211556,120.401211556
2020-02-05 11:24:00,120.401211556,120.401211556,120.401211556,120.401211556
2020-02-05 11:25:00,120.401211556,120.401211556,120.401211556,120.401211556
2020-02-05 11:26:00,120.401211556,120.401211556,120.401211556,120.401211556
2020-02-05 11:27:00,120.401211556,120.401211556,120.401211556,120.401211556
2020-02-05 11:28:00,120.401211556,120.401211556,120.401211556,120.401211556
2020-02-05 11:29:00,120.401211556,120.401211556,120.401211556,120.401211556
2020-02-05 11:30:00,120.401211556,120.401211556,120.401211556,120.401211556
2020-02-05 11:31:00,120.401211556,120.401211556,120.401211556,120.401211556
2020-02-05 11:32:00,120.387453514,120.387453514,120.387453514,120.387453514
2020-02-05 11:33:00,120.387453514,120.387453514,120.387453514,120.387453514
2020-02-05 11:34:00,120.387453514,120.387453514,120.387453514,120.387453514
2020-02-05 11:35:00,120.387453514,120.387453514,120.387453514,120.387453514
2020-02-05 11:36:00,120.387453514,120.387453514,120.387453514,120.387453514
2020-02-05 11:37:00,120.47458778,120.47458778,120.47458778,120.47458778
2020-02-05 11:38:00,120.47458778,120.47458778,120.47458778,120.47458778
2020-02-05 11:39:00,120.47458778,120.47458778,120.47458778,120.47458778
2020-02-05 11:40:00,120.447071696,120.447071696,120.447071696,120.447071696
2020-02-05 11:41:00,120.447071696,120.447071696,120.447071696,120.447071696
2020-02-05 11:42:00,120.447071696,120.447071696,120.447071696,120.447071696
2020-02-05 11:43:00,120.447071696,120.447071696,120.447071696,120.447071696
2020-02-05 11:44:00,120.447071696,120.447071696,120.447071696,120.447071696
2020-02-05 11:45:00,120.401211556,120.401211556,120.401211556,120.401211556
2020-02-05 11:46:00,120.401211556,120.401211556,120.401211556,120.401211556
2020-02-05 11:47:00,120.401211556,120.401211556,120.401211556,120.401211556
2020-02-05 11:48:00,120.401211556,120.401211556,120.401211556,120.401211556
2020-02-05 11:49:00,120.410383584,120.410383584,120.410383584,120.410383584
2020-02-05 11:50:00,120.410383584,120.410383584,120.410383584,120.410383584
2020-02-05 11:51:00,120.410383584,120.410383584,120.410383584,120.410383584
2020-02-05 11:52:00,120.410383584,120.410383584,120.410383584,120.410383584
2020-02-05 11:53:00,120.410383584,120.410383584,120.410383584,120.410383584
2020-02-05 11:54:00,120.410383584,120.410383584,120.410383584,120.410383584
2020-02-05 11:55:00,120.410383584,120.410383584,120.410383584,120.410383584
2020-02-05 11:56:00,120.534205962,120.534205962,120.534205962,120.534205962
2020-02-05 11:57:00,120.534205962,120.534205962,120.534205962,120.534205962
2020-02-05 11:58:00,120.534205962,120.534205962,120.534205962,120.534205962
2020-02-05 11:59:00,120.547964004,120.547964004,120.547964004,120.547964004
2020-02-05 12:00:00,120.547964004,120.547964004,120.547964004,120.547964004
2020-02-05 12:01:00,120.547964004,120.547964004,120.547964004,120.547964004
2020-02-05 12:02:00,120.547964004,120.547964004,120.547964004,120.547964004
2020-02-05 12:03:00,120.547964004,120.547964004,120.547964004,120.547964004
2020-02-05 12:04:00,120.557136032,120.557136032,120.557136032,120.557136032
2020-02-05 12:05:00,120.557136032,120.557136032,120.557136032,120.557136032
2020-02-05 12:06:00,120.557136032,120.557136032,120.557136032,120.557136032
2020-02-05 12:07:00,120.557136032,120.557136032,120.557136032,120.557136032
2020-02-05 12:08:00,120.557136032,120.557136032,120.557136032,120.557136032
2020-02-05 12:09:00,120.557136032,120.557136032,120.557136032,120.557136032
2020-02-05 12:10:00,120.557136032,120.557136032,120.557136032,120.557136032
2020-02-05 12:11:00,120.557136032,120.557136032,120.557136032,120.557136032
2020-02-05 12:12:00,120.557136032,120.557136032,120.557136032,120.557136032
2020-02-05 12:13:00,120.557136032,120.557136032,120.557136032,120.557136032
2020-02-05 12:14:00,120.557136032,120.557136032,120.557136032,120.557136032
2020-02-05 12:15:00,120.557136032,120.557136032,120.557136032,120.557136032
2020-02-05 12:16:00,120.557136032,120.557136032,120.557136032,120.557136032
2020-02-05 12:17:00,120.71608727724,120.7213153332,120.71608727724,120.7213153332
2020-02-05 12:18:00,120.71608727724,120.7213153332,120.71608727724,120.7213153332
2020-02-05 12:19:00,120.781850718,120.781850718,120.781850718,120.781850718
2020-02-05 12:20:00,120.781850718,120.781850718,120.781850718,120.781850718
2020-02-05 12:21:00,120.777264704,120.777264704,120.777264704,120.777264704
2020-02-05 12:22:00,120.777264704,120.777264704,120.777264704,120.777264704
2020-02-05 12:23:00,120.777264704,120.777264704,120.777264704,120.777264704
2020-02-05 12:24:00,120.777264704,120.777264704,120.777264704,120.777264704
2020-02-05 12:25:00,120.777264704,120.777264704,120.777264704,120.777264704
2020-02-05 12:26:00,120.777264704,120.777264704,120.777264704,120.777264704
2020-02-05 12:27:00,120.777264704,120.777264704,120.777264704,120.777264704
2020-02-05 12:28:00,120.8414689,120.8414689,120.8414689,120.8414689
2020-02-05 12:29:00,120.832296872,120.832296872,120.832296872,120.832296872
2020-02-05 12:30:00,120.813952816,120.813952816,120.813952816,120.813952816
2020-02-05 12:31:00,120.79560876,120.79560876,120.79560876,120.79560876
2020-02-05 12:32:00,120.79560876,120.79560876,120.79560876,120.79560876
2020-02-05 12:33:00,120.79560876,120.79560876,120.79560876,120.79560876
2020-02-05 12:34:00,120.79560876,120.79560876,120.79560876,120.79560876
2020-02-05 12:35:00,120.79560876,120.79560876,120.79560876,120.79560876
2020-02-05 12:36:00,120.79560876,120.79560876,120.79560876,120.79560876
2020-02-05 12:37:00,120.79560876,120.79560876,120.79560876,120.79560876
2020-02-05 12:38:00,120.79560876,120.79560876,120.79560876,120.79560876
2020-02-05 12:39:00,120.79560876,120.79560876,120.79560876,120.79560876
2020-02-05 12:40:00,120.79560876,120.79560876,120.79560876,120.79560876
2020-02-05 12:41:00,120.79560876,120.79560876,120.79560876,120.79560876
2020-02-05 12:42:00,120.79560876,120.79560876,120.79560876,120.79560876
2020-02-05 12:43:00,120.79560876,120.79560876,120.79560876,120.79560876
2020-02-05 12:44:00,120.78983038236,120.78983038236,120.78983038236,120.78983038236
2020-02-05 12:45:00,120.78983038236,120.78983038236,120.78983038236,120.78983038236
2020-02-05 12:46:00,120.78983038236,120.78983038236,120.78983038236,120.78983038236
2020-02-05 12:47:00,120.78983038236,120.78983038236,120.78983038236,120.78983038236
2020-02-05 12:48:00,120.78983038236,120.78983038236,120.78983038236,120.78983038236
2020-02-05 12:49:00,120.78983038236,120.78983038236,120.78983038236,120.78983038236
2020-02-05 12:50:00,120.78983038236,120.78983038236,120.78983038236,120.78983038236
2020-02-05 12:51:00,120.859812956,120.859812956,120.859812956,120.859812956
2020-02-05 12:52:00,120.859812956,120.859812956,120.859812956,120.859812956
2020-02-05 12:53:00,120.859812956,120.859812956,120.859812956,120.859812956
2020-02-05 12:54:00,120.813952816,120.813952816,120.813952816,120.813952816
2020-02-05 12:55:00,120.763506662,120.7946915572,120.763506662,120.7946915572
2020-02-05 12:56:00,120.763506662,120.7946915572,120.763506662,120.7946915572
2020-02-05 12:57:00,120.763506662,120.7946915572,120.763506662,120.7946915572
2020-02-05 12:58:00,120.763506662,120.7946915572,120.763506662,120.7946915572
2020-02-05 12:59:00,120.763506662,120.7946915572,120.763506662,120.7946915572
2020-02-05 13:00:00,120.763506662,120.7946915572,120.763506662,120.7946915572
2020-02-05 13:01:00,120.763506662,120.7946915572,120.763506662,120.7946915572
2020-02-05 13:02:00,120.777264704,120.777264704,120.777264704,120.777264704
2020-02-05 13:03:00,120.777264704,120.777264704,120.777264704,120.777264704
2020-02-05 13:04:00,120.77166976692,120.77166976692,120.77166976692,120.77166976692
2020-02-05 13:05:00,120.804780788,120.804780788,120.804780788,120.804780788
2020-02-05 13:06:00,120.804780788,120.804780788,120.804780788,120.804780788
2020-02-05 13:07:00,120.804780788,120.804780788,120.804780788,120.804780788
2020-02-05 13:08:00,120.804780788,120.804780788,120.804780788,120.804780788
2020-02-05 13:09:00,120.804780788,120.804780788,120.804780788,120.804780788
2020-02-05 13:10:00,120.804780788,120.804780788,120.804780788,120.804780788
2020-02-05 13:11:00,120.804780788,120.804780788,120.804780788,120.804780788
2020-02-05 13:12:00,120.804780788,120.804780788,120.804780788,120.804780788
2020-02-05 13:13:00,120.804780788,120.804780788,120.804780788,120.804780788
2020-02-05 13:14:00,120.832296872,120.832296872,120.832296872,120.832296872
2020-02-05 13:15:00,120.832296872,120.832296872,120.832296872,120.832296872
2020-02-05 13:16:00,120.832296872,120.832296872,120.832296872,120.832296872
2020-02-05 13:17:00,120.7813921166,120.7813921166,120.7813921166,120.7813921166
2020-02-05 13:18:00,120.76570794872,120.76570794872,120.76570794872,120.76570794872
2020-02-05 13:19:00,120.76570794872,120.76570794872,120.76570794872,120.76570794872
2020-02-05 13:20:00,120.76570794872,120.76570794872,120.76570794872,120.76570794872
2020-02-05 13:21:00,120.76570794872,120.76570794872,120.76570794872,120.76570794872
2020-02-05 13:22:00,120.76570794872,120.76570794872,120.76570794872,120.76570794872
2020-02-05 13:23:00,120.76570794872,120.76570794872,120.76570794872,120.76570794872
2020-02-05 13:24:00,120.76570794872,120.76570794872,120.76570794872,120.76570794872
2020-02-05 13:25:00,120.76570794872,120.76570794872,120.76570794872,120.76570794872
2020-02-05 13:26:00,120.86439897,120.86439897,120.86439897,120.86439897
2020-02-05 13:27:00,120.86439897,120.86439897,120.86439897,120.86439897
2020-02-05 13:28:00,120.86439897,120.86439897,120.86439897,120.86439897
2020-02-05 13:29:00,120.86439897,120.86439897,120.86439897,120.86439897
2020-02-05 13:30:00,120.86439897,120.86439897,120.86439897,120.86439897
2020-02-05 13:31:00,120.86439897,120.86439897,120.86439897,120.86439897
2020-02-05 13:32:00,120.86439897,120.86439897,120.86439897,120.86439897
2020-02-05 13:33:00,120.86439897,120.86439897,120.86439897,120.86439897
2020-02-05 13:34:00,120.94217776744,120.94217776744,120.94217776744,120.94217776744
2020-02-05 13:35:00,120.94217776744,120.94217776744,120.94217776744,120.94217776744
2020-02-05 13:36:00,120.94217776744,120.94217776744,120.94217776744,120.94217776744
2020-02-05 13:37:00,120.878157012,120.878157012,120.878157012,120.878157012
2020-02-05 13:38:00,120.878157012,120.878157012,120.878157012,120.878157012
2020-02-05 13:39:00,120.878157012,120.878157012,120.878157012,120.878157012
2020-02-05 13:40:00,120.878157012,120.878157012,120.878157012,120.878157012
2020-02-05 13:41:00,120.878157012,120.878157012,120.878157012,120.878157012
2020-02-05 13:42:00,120.99115639696,120.99115639696,120.99115639696,120.99115639696
2020-02-05 13:43:00,120.99115639696,120.99115639696,120.99115639696,120.99115639696
2020-02-05 13:44:00,120.99115639696,120.99115639696,120.99115639696,120.99115639696
2020-02-05 13:45:00,120.99115639696,120.99115639696,120.99115639696,120.99115639696
2020-02-05 13:46:00,120.99115639696,120.99115639696,120.99115639696,120.99115639696
2020-02-05 13:47:00,120.99115639696,120.99115639696,120.99115639696,120.99115639696
2020-02-05 13:48:00,120.99115639696,120.99115639696,120.99115639696,120.99115639696
2020-02-05 13:49:00,120.99115639696,120.99115639696,120.99115639696,120.99115639696
2020-02-05 13:50:00,120.99115639696,120.99115639696,120.99115639696,120.99115639696
2020-02-05 13:51:00,120.99115639696,120.99115639696,120.99115639696,120.99115639696
2020-02-05 13:52:00,120.99115639696,120.99115639696,120.99115639696,120.99115639696
2020-02-05 13:53:00,120.99115639696,120.99115639696,120.99115639696,120.99115639696
2020-02-05 13:54:00,121.121215754,121.121215754,121.121215754,121.121215754
2020-02-05 13:55:00,121.125801768,121.125801768,121.125801768,121.125801768
2020-02-05 13:56:00,121.125801768,121.125801768,121.125801768,121.125801768
2020-02-05 13:57:00,121.18762123672,121.18762123672,121.18762123672,121.18762123672
2020-02-05 13:58:00,121.18762123672,121.18762123672,121.18762123672,121.18762123672
2020-02-05 13:59:00,121.20835002,121.20835002,121.20835002,121.20835002
2020-02-05 14:00:00,121.180833936,121.180833936,121.180833936,121.180833936
2020-02-05 14:01:00,121.180833936,121.180833936,121.180833936,121.180833936
2020-02-05 14:02:00,121.180833936,121.180833936,121.180833936,121.180833936
2020-02-05 14:03:00,121.01234378164,121.01234378164,121.01234378164,121.01234378164
2020-02-05 14:04:00,121.098285684,121.015737432,121.015737432,121.098285684
2020-02-05 14:05:00,121.098285684,121.015737432,121.015737432,121.098285684
2020-02-05 14:06:00,121.10067041128,121.10067041128,121.10067041128,121.10067041128
2020-02-05 14:07:00,121.10067041128,121.10067041128,121.10067041128,121.10067041128
2020-02-05 14:08:00,121.10067041128,121.10067041128,121.10067041128,121.10067041128
2020-02-05 14:09:00,121.10067041128,121.10067041128,121.10067041128,121.10067041128
2020-02-05 14:10:00,121.10067041128,121.10067041128,121.10067041128,121.10067041128
2020-02-05 14:11:00,121.10067041128,121.10067041128,121.10067041128,121.10067041128
2020-02-05 14:12:00,121.10067041128,121.10067041128,121.10067041128,121.10067041128
2020-02-05 14:13:00,121.10067041128,121.10067041128,121.10067041128,121.10067041128
2020-02-05 14:14:00,121.10067041128,121.10067041128,121.10067041128,121.10067041128
2020-02-05 14:15:00,121.10067041128,121.10067041128,121.10067041128,121.10067041128
2020-02-05 14:16:00,121.130387782,121.130387782,121.130387782,121.130387782
2020-02-05 14:17:00,121.130387782,121.130387782,121.130387782,121.130387782
2020-02-05 14:18:00,121.130387782,121.130387782,121.130387782,121.130387782
2020-02-05 14:19:00,121.130387782,121.130387782,121.130387782,121.130387782
2020-02-05 14:20:00,121.130387782,121.130387782,121.130387782,121.130387782
2020-02-05 14:21:00,121.286312258,121.286312258,121.286312258,121.286312258
2020-02-05 14:22:00,121.286312258,121.286312258,121.286312258,121.286312258
2020-02-05 14:23:00,121.286312258,121.286312258,121.286312258,121.286312258
2020-02-05 14:24:00,121.263382188,121.263382188,121.263382188,121.263382188
2020-02-05 14:25:00,121.263382188,121.263382188,121.263382188,121.263382188
2020-02-05 14:26:00,121.263382188,121.263382188,121.263382188,121.263382188
2020-02-05 14:27:00,121.263382188,121.263382188,121.263382188,121.263382188
2020-02-05 14:28:00,121.263382188,121.263382188,121.263382188,121.263382188
2020-02-05 14:29:00,121.263382188,121.263382188,121.263382188,121.263382188
2020-02-05 14:30:00,121.20835002,121.20835002,121.20835002,121.20835002
2020-02-05 14:31:00,121.20835002,121.20835002,121.20835002,121.20835002
2020-02-05 14:32:00,121.25421016,121.25421016,121.25421016,121.25421016
2020-02-05 14:33:00,121.25421016,121.25421016,121.25421016,121.25421016
2020-02-05 14:34:00,121.25421016,121.25421016,121.25421016,121.25421016
2020-02-05 14:35:00,121.25421016,121.25421016,121.25421016,121.25421016
2020-02-05 14:36:00,121.25421016,121.25421016,121.25421016,121.25421016
2020-02-05 14:37:00,121.25421016,121.25421016,121.25421016,121.25421016
2020-02-05 14:38:00,121.180833936,121.180833936,121.180833936,121.180833936
2020-02-05 14:39:00,121.180833936,121.180833936,121.180833936,121.180833936
2020-02-05 14:40:00,121.180833936,121.180833936,121.180833936,121.180833936
2020-02-05 14:41:00,121.180833936,121.180833936,121.180833936,121.180833936
2020-02-05 14:42:00,121.180833936,121.180833936,121.180833936,121.180833936
2020-02-05 14:43:00,121.222108062,121.190005964,121.190005964,121.222108062
2020-02-05 14:44:00,121.222108062,121.190005964,121.190005964,121.222108062
2020-02-05 14:45:00,121.199177992,121.199177992,121.199177992,121.199177992
2020-02-05 14:46:00,121.171661908,121.171661908,121.171661908,121.171661908
2020-02-05 14:47:00,121.171661908,121.171661908,121.171661908,121.171661908
2020-02-05 14:48:00,121.171661908,121.171661908,121.171661908,121.171661908
2020-02-05 14:49:00,121.171661908,121.171661908,121.171661908,121.171661908
2020-02-05 14:50:00,121.171661908,121.171661908,121.171661908,121.171661908
2020-02-05 14:51:00,121.171661908,121.171661908,121.171661908,121.171661908
2020-02-05 14:52:00,121.290898272,121.3019047056,121.290898272,121.3019047056
2020-02-05 14:53:00,121.290898272,121.3019047056,121.290898272,121.3019047056
2020-02-05 14:54:00,121.290898272,121.3019047056,121.290898272,121.3019047056
2020-02-05 14:55:00,121.290898272,121.3019047056,121.290898272,121.3019047056
2020-02-05 14:56:00,121.290898272,121.3019047056,121.290898272,121.3019047056
2020-02-05 14:57:00,121.290898272,121.3019047056,121.290898272,121.3019047056
2020-02-05 14:58:00,121.382618552,121.382618552,121.382618552,121.382618552
2020-02-05 14:59:00,121.378032538,121.378032538,121.378032538,121.378032538
2020-02-05 15:00:00,121.378032538,121.378032538,121.378032538,121.378032538
2020-02-05 15:01:00,121.378032538,121.378032538,121.378032538,121.378032538
2020-02-05 15:02:00,121.378032538,121.378032538,121.378032538,121.378032538
2020-02-05 15:03:00,121.465166804,121.465166804,121.465166804,121.465166804
2020-02-05 15:04:00,121.465166804,121.465166804,121.465166804,121.465166804
2020-02-05 15:05:00,121.465166804,121.465166804,121.465166804,121.465166804
2020-02-05 15:06:00,121.465166804,121.465166804,121.465166804,121.465166804
2020-02-05 15:07:00,121.465166804,121.465166804,121.465166804,121.465166804
2020-02-05 15:08:00,121.465166804,121.465166804,121.465166804,121.465166804
2020-02-05 15:09:00,121.465166804,121.465166804,121.465166804,121.465166804
2020-02-05 15:10:00,121.48351086,121.48351086,121.48351086,121.48351086
2020-02-05 15:11:00,121.48351086,121.48351086,121.48351086,121.48351086
2020-02-05 15:12:00,121.48351086,121.48351086,121.48351086,121.48351086
2020-02-05 15:13:00,121.465166804,121.465166804,121.465166804,121.465166804
2020-02-05 15:14:00,121.45388520956,121.45388520956,121.45388520956,121.45388520956
2020-02-05 15:15:00,121.45388520956,121.45388520956,121.45388520956,121.45388520956
2020-02-05 15:16:00,121.45388520956,121.45388520956,121.45388520956,121.45388520956
2020-02-05 15:17:00,121.45388520956,121.45388520956,121.45388520956,121.45388520956
2020-02-05 15:18:00,121.45388520956,121.45388520956,121.45388520956,121.45388520956
2020-02-05 15:19:00,121.556887084,121.556887084,121.556887084,121.556887084
2020-02-05 15:20:00,121.556887084,121.556887084,121.556887084,121.556887084
2020-02-05 15:21:00,121.556887084,121.556887084,121.556887084,121.556887084
2020-02-05 15:22:00,121.556887084,121.556887084,121.556887084,121.556887084
2020-02-05 15:23:00,121.648607364,121.648607364,121.648607364,121.648607364
2020-02-05 15:24:00,121.648607364,121.648607364,121.648607364,121.648607364
2020-02-05 15:25:00,121.648607364,121.648607364,121.648607364,121.648607364
2020-02-05 15:26:00,121.630263308,121.630263308,121.630263308,121.630263308
2020-02-05 15:27:00,121.566059112,121.566059112,121.566059112,121.566059112
2020-02-05 15:28:00,121.566059112,121.566059112,121.566059112,121.566059112
2020-02-05 15:29:00,121.566059112,121.566059112,121.566059112,121.566059112
2020-02-05 15:30:00,121.566059112,121.566059112,121.566059112,121.566059112
2020-02-05 15:31:00,121.566059112,121.566059112,121.566059112,121.566059112
2020-02-05 15:32:00,121.566059112,121.566059112,121.566059112,121.566059112
2020-02-05 15:33:00,121.501854916,121.501854916,121.501854916,121.501854916
2020-02-05 15:34:00,121.501854916,121.501854916,121.501854916,121.501854916
2020-02-05 15:35:00,121.501854916,121.501854916,121.501854916,121.501854916
2020-02-05 15:36:00,121.501854916,121.501854916,121.501854916,121.501854916
2020-02-05 15:37:00,121.501854916,121.501854916,121.501854916,121.501854916
2020-02-05 15:38:00,121.48351086,121.48351086,121.48351086,121.48351086
2020-02-05 15:39:00,121.48351086,121.48351086,121.48351086,121.48351086
2020-02-05 15:40:00,121.48351086,121.48351086,121.48351086,121.48351086
2020-02-05 15:41:00,121.48351086,121.48351086,121.48351086,121.48351086
2020-02-05 15:42:00,121.511026944,121.511026944,121.511026944,121.511026944
2020-02-05 15:43:00,121.511026944,121.511026944,121.511026944,121.511026944
2020-02-05 15:44:00,121.566059112,121.566059112,121.566059112,121.566059112
2020-02-05 15:45:00,121.566059112,121.566059112,121.566059112,121.566059112
2020-02-05 15:46:00,121.5165301608,121.50662437056,121.50662437056,121.5165301608
2020-02-05 15:47:00,121.657779392,121.657779392,121.657779392,121.657779392
2020-02-05 15:48:00,121.657779392,121.657779392,121.657779392,121.657779392
2020-02-05 15:49:00,121.657779392,121.657779392,121.657779392,121.657779392
2020-02-05 15:50:00,121.657779392,121.657779392,121.657779392,121.657779392
2020-02-05 15:51:00,121.657779392,121.657779392,121.657779392,121.657779392
2020-02-05 15:52:00,121.657779392,121.657779392,121.657779392,121.657779392
2020-02-05 15:53:00,121.657779392,121.657779392,121.657779392,121.657779392
2020-02-05 15:54:00,121.657779392,121.657779392,121.657779392,121.657779392
2020-02-05 15:55:00,121.657779392,121.657779392,121.657779392,121.657779392
2020-02-05 15:56:00,121.373446524,121.373446524,121.373446524,121.373446524
2020-02-05 15:57:00,121.373446524,121.373446524,121.373446524,121.373446524
2020-02-05 15:58:00,121.373446524,121.373446524,121.373446524,121.373446524
2020-02-05 15:59:00,121.455994776,121.455994776,121.455994776,121.455994776
2020-02-05 16:00:00,121.538543028,121.501854916,121.501854916,121.538543028
2020-02-06 09:31:00,121.960456316,121.960456316,121.960456316,121.960456316
2020-02-06 09:32:00,121.960456316,121.960456316,121.960456316,121.960456316
2020-02-06 09:33:00,121.694467504,121.547715056,121.547715056,121.694467504
2020-02-06 09:34:00,121.694467504,121.547715056,121.547715056,121.694467504
2020-02-06 09:35:00,121.538543028,121.648607364,121.538543028,121.648607364
2020-02-06 09:36:00,121.538543028,121.648607364,121.538543028,121.648607364
2020-02-06 09:37:00,121.538543028,121.648607364,121.538543028,121.648607364
2020-02-06 09:38:00,121.428478692,121.428478692,121.428478692,121.428478692
2020-02-06 09:39:00,121.428478692,121.428478692,121.428478692,121.428478692
2020-02-06 09:40:00,121.428478692,121.428478692,121.428478692,121.428478692
2020-02-06 09:41:00,121.428478692,121.428478692,121.428478692,121.428478692
2020-02-06 09:42:00,121.446822748,121.49479245444,121.446822748,121.49479245444
2020-02-06 09:43:00,121.39179058,121.39179058,121.39179058,121.39179058
2020-02-06 09:44:00,121.39179058,121.39179058,121.39179058,121.39179058
2020-02-06 09:45:00,121.39179058,121.39179058,121.39179058,121.39179058
2020-02-06 09:46:00,121.199177992,121.199177992,121.199177992,121.199177992
2020-02-06 09:47:00,121.226694076,121.226694076,121.226694076,121.226694076
2020-02-06 09:48:00,121.190005964,121.190005964,121.190005964,121.190005964
2020-02-06 09:49:00,121.3000703,121.3000703,121.3000703,121.3000703
2020-02-06 09:50:00,121.226694076,121.263382188,121.199177992,121.263382188
2020-02-06 09:51:00,121.079941628,121.079941628,121.079941628,121.079941628
2020-02-06 09:52:00,121.16248988,121.16248988,121.16248988,121.16248988
2020-02-06 09:53:00,121.16248988,121.16248988,121.16248988,121.16248988
2020-02-06 09:54:00,121.16248988,121.16248988,121.16248988,121.16248988
2020-02-06 09:55:00,121.245038132,121.245038132,121.245038132,121.245038132
2020-02-06 09:56:00,121.245038132,121.245038132,121.245038132,121.245038132
2020-02-06 09:57:00,121.245038132,121.245038132,121.245038132,121.245038132
2020-02-06 09:58:00,121.245038132,121.245038132,121.245038132,121.245038132
2020-02-06 09:59:00,121.245038132,121.245038132,121.245038132,121.245038132
2020-02-06 10:00:00,121.245038132,121.245038132,121.245038132,121.245038132
2020-02-06 10:01:00,121.245038132,121.245038132,121.245038132,121.245038132
2020-02-06 10:02:00,121.364274496,121.364274496,121.364274496,121.364274496
2020-02-06 10:03:00,121.364274496,121.364274496,121.364274496,121.364274496
2020-02-06 10:04:00,121.364274496,121.364274496,121.364274496,121.364274496
2020-02-06 10:05:00,121.364274496,121.364274496,121.364274496,121.364274496
2020-02-06 10:06:00,121.364274496,121.364274496,121.364274496,121.364274496
2020-02-06 10:07:00,121.336758412,121.336758412,121.336758412,121.336758412
2020-02-06 10:08:00,121.336758412,121.336758412,121.336758412,121.336758412
2020-02-06 10:09:00,121.336758412,121.336758412,121.336758412,121.336758412
2020-02-06 10:10:00,121.336758412,121.336758412,121.336758412,121.336758412
2020-02-06 10:11:00,121.336758412,121.336758412,121.336758412,121.336758412
2020-02-06 10:12:00,121.336758412,121.336758412,121.336758412,121.336758412
2020-02-06 10:13:00,121.336758412,121.336758412,121.336758412,121.336758412
2020-02-06 10:14:00,121.336758412,121.336758412,121.336758412,121.336758412
2020-02-06 10:15:00,121.336758412,121.336758412,121.336758412,121.336758412
2020-02-06 10:16:00,121.336758412,121.336758412,121.336758412,121.336758412
2020-02-06 10:17:00,121.134973796,121.134973796,121.134973796,121.134973796
2020-02-06 10:18:00,121.134973796,121.134973796,121.134973796,121.134973796
2020-02-06 10:19:00,121.134973796,121.134973796,121.134973796,121.134973796
2020-02-06 10:20:00,121.134973796,121.134973796,121.134973796,121.134973796
2020-02-06 10:21:00,121.134973796,121.134973796,121.134973796,121.134973796
2020-02-06 10:22:00,121.0707696,121.0707696,121.0707696,121.0707696
2020-02-06 10:23:00,121.0707696,121.0707696,121.0707696,121.0707696
2020-02-06 10:24:00,121.0707696,121.0707696,121.0707696,121.0707696
2020-02-06 10:25:00,121.0707696,121.0707696,121.0707696,121.0707696
2020-02-06 10:26:00,121.0707696,121.0707696,121.0707696,121.0707696
2020-02-06 10:27:00,121.0707696,121.0707696,121.0707696,121.0707696
2020-02-06 10:28:00,121.089113656,121.089113656,121.089113656,121.089113656
2020-02-06 10:29:00,121.089113656,121.089113656,121.089113656,121.089113656
2020-02-06 10:30:00,121.13891776804,121.13891776804,121.13891776804,121.13891776804
2020-02-06 10:31:00,121.13891776804,121.13891776804,121.13891776804,121.13891776804
2020-02-06 10:32:00,121.13891776804,121.13891776804,121.13891776804,121.13891776804
2020-02-06 10:33:00,121.13891776804,121.13891776804,121.13891776804,121.13891776804
2020-02-06 10:34:00,120.9707944948,120.9707944948,120.9707944948,120.9707944948
2020-02-06 10:35:00,120.9707944948,120.9707944948,120.9707944948,120.9707944948
2020-02-06 10:36:00,120.9707944948,120.9707944948,120.9707944948,120.9707944948
2020-02-06 10:37:00,120.9707944948,120.9707944948,120.9707944948,120.9707944948
2020-02-06 10:38:00,120.9707944948,120.9707944948,120.9707944948,120.9707944948
2020-02-06 10:39:00,120.9707944948,120.9707944948,120.9707944948,120.9707944948
2020-02-06 10:40:00,120.9707944948,120.9707944948,120.9707944948,120.9707944948
2020-02-06 10:41:00,120.9707944948,120.9707944948,120.9707944948,120.9707944948
2020-02-06 10:42:00,120.983635334,120.983635334,120.983635334,120.983635334
2020-02-06 10:43:00,120.983635334,120.983635334,120.983635334,120.983635334
2020-02-06 10:44:00,120.983635334,120.983635334,120.983635334,120.983635334
2020-02-06 10:45:00,120.983635334,120.983635334,120.983635334,120.983635334
2020-02-06 10:46:00,120.983635334,120.983635334,120.983635334,120.983635334
2020-02-06 10:47:00,120.983635334,120.983635334,120.983635334,120.983635334
2020-02-06 10:48:00,120.983635334,120.983635334,120.983635334,120.983635334
2020-02-06 10:49:00,121.079941628,121.079941628,121.079941628,121.079941628
2020-02-06 10:50:00,121.079941628,121.079941628,121.079941628,121.079941628
2020-02-06 10:51:00,121.079941628,121.079941628,121.079941628,121.079941628
2020-02-06 10:52:00,121.1276361736,121.1147953344,121.1147953344,121.1276361736
2020-02-06 10:53:00,121.1276361736,121.1147953344,121.1147953344,121.1276361736
2020-02-06 10:54:00,121.00216283056,121.00216283056,121.00216283056,121.00216283056
2020-02-06 10:55:00,121.00216283056,121.00216283056,121.00216283056,121.00216283056
2020-02-06 10:56:00,121.00216283056,121.00216283056,121.00216283056,121.00216283056
2020-02-06 10:57:00,121.00216283056,121.00216283056,121.00216283056,121.00216283056
2020-02-06 10:58:00,121.00216283056,121.00216283056,121.00216283056,121.00216283056
2020-02-06 10:59:00,121.00216283056,121.00216283056,121.00216283056,121.00216283056
2020-02-06 11:00:00,121.00216283056,121.00216283056,121.00216283056,121.00216283056
2020-02-06 11:01:00,121.00216283056,121.00216283056,121.00216283056,121.00216283056
2020-02-06 11:02:00,121.00216283056,121.00216283056,121.00216283056,121.00216283056
2020-02-06 11:03:00,121.00216283056,121.00216283056,121.00216283056,121.00216283056
2020-02-06 11:04:00,121.00216283056,121.00216283056,121.00216283056,121.00216283056
2020-02-06 11:05:00,121.00216283056,121.00216283056,121.00216283056,121.00216283056
2020-02-06 11:06:00,121.00216283056,121.00216283056,121.00216283056,121.00216283056
2020-02-06 11:07:00,121.00216283056,121.00216283056,121.00216283056,121.00216283056
2020-02-06 11:08:00,121.00216283056,121.00216283056,121.00216283056,121.00216283056
2020-02-06 11:09:00,121.00216283056,121.00216283056,121.00216283056,121.00216283056
2020-02-06 11:10:00,121.00216283056,121.00216283056,121.00216283056,121.00216283056
2020-02-06 11:11:00,121.00216283056,121.00216283056,121.00216283056,121.00216283056
2020-02-06 11:12:00,121.00216283056,121.00216283056,121.00216283056,121.00216283056
2020-02-06 11:13:00,121.00216283056,121.00216283056,121.00216283056,121.00216283056
2020-02-06 11:14:00,121.00216283056,121.00216283056,121.00216283056,121.00216283056
2020-02-06 11:15:00,121.00216283056,121.00216283056,121.00216283056,121.00216283056
2020-02-06 11:16:00,121.00216283056,121.00216283056,121.00216283056,121.00216283056
2020-02-06 11:17:00,121.084527642,121.084527642,121.084527642,121.084527642
2020-02-06 11:18:00,121.084527642,121.084527642,121.084527642,121.084527642
2020-02-06 11:19:00,121.084527642,121.084527642,121.084527642,121.084527642
2020-02-06 11:20:00,121.084527642,121.084527642,121.084527642,121.084527642
2020-02-06 11:21:00,121.084527642,121.084527642,121.084527642,121.084527642
2020-02-06 11:22:00,121.084527642,121.084527642,121.084527642,121.084527642
2020-02-06 11:23:00,121.084527642,121.084527642,121.084527642,121.084527642
2020-02-06 11:24:00,121.084527642,121.084527642,121.084527642,121.084527642
2020-02-06 11:25:00,121.079941628,121.079941628,121.079941628,121.079941628
2020-02-06 11:26:00,121.079941628,121.079941628,121.079941628,121.079941628
2020-02-06 11:27:00,121.079941628,121.079941628,121.079941628,121.079941628
2020-02-06 11:28:00,121.079941628,121.079941628,121.079941628,121.079941628
2020-02-06 11:29:00,121.1514834464,121.1514834464,121.1514834464,121.1514834464
2020-02-06 11:30:00,121.1514834464,121.1514834464,121.1514834464,121.1514834464
2020-02-06 11:31:00,121.1514834464,121.1514834464,121.1514834464,121.1514834464
2020-02-06 11:32:00,121.1514834464,121.1514834464,121.1514834464,121.1514834464
2020-02-06 11:33:00,121.02490946,121.02490946,121.02490946,121.02490946
2020-02-06 11:34:00,121.02490946,121.02490946,121.02490946,121.02490946
2020-02-06 11:35:00,121.02490946,121.02490946,121.02490946,121.02490946
2020-02-06 11:36:00,121.02490946,121.02490946,121.02490946,121.02490946
2020-02-06 11:37:00,121.02490946,121.02490946,121.02490946,121.02490946
2020-02-06 11:38:00,121.02490946,121.02490946,121.02490946,121.02490946
2020-02-06 11:39:00,121.02490946,121.02490946,121.02490946,121.02490946
2020-02-06 11:40:00,121.02490946,121.02490946,121.02490946,121.02490946
2020-02-06 11:41:00,121.02490946,121.02490946,121.02490946,121.02490946
2020-02-06 11:42:00,121.02490946,121.02490946,121.02490946,121.02490946
2020-02-06 11:43:00,121.02490946,121.02490946,121.02490946,121.02490946
2020-02-06 11:44:00,121.02490946,121.02490946,121.02490946,121.02490946
2020-02-06 11:45:00,121.240452118,121.240452118,121.240452118,121.240452118
2020-02-06 11:46:00,121.240452118,121.240452118,121.240452118,121.240452118
2020-02-06 11:47:00,121.240452118,121.240452118,121.240452118,121.240452118
2020-02-06 11:48:00,121.240452118,121.240452118,121.240452118,121.240452118
2020-02-06 11:49:00,121.11919790784,121.11919790784,121.11919790784,121.11919790784
2020-02-06 11:50:00,121.18184285908,121.18184285908,121.18184285908,121.18184285908
2020-02-06 11:51:00,121.18184285908,121.18184285908,121.18184285908,121.18184285908
2020-02-06 11:52:00,121.17285427164,121.17285427164,121.17285427164,121.17285427164
2020-02-06 11:53:00,121.17285427164,121.17285427164,121.17285427164,121.17285427164
2020-02-06 11:54:00,121.038667502,121.038667502,121.038667502,121.038667502
2020-02-06 11:55:00,121.038667502,121.038667502,121.038667502,121.038667502
2020-02-06 11:56:00,121.038667502,121.038667502,121.038667502,121.038667502
2020-02-06 11:57:00,121.038667502,121.038667502,121.038667502,121.038667502
2020-02-06 11:58:00,121.038667502,121.038667502,121.038667502,121.038667502
2020-02-06 11:59:00,121.061597572,121.061597572,121.061597572,121.061597572
2020-02-06 12:00:00,121.0606803692,121.061597572,121.0606803692,121.061597572
2020-02-06 12:01:00,121.0606803692,121.061597572,121.0606803692,121.061597572
2020-02-06 12:02:00,121.0606803692,121.061597572,121.0606803692,121.061597572
2020-02-06 12:03:00,121.0606803692,121.061597572,121.0606803692,121.061597572
2020-02-06 12:04:00,121.0606803692,121.061597572,121.0606803692,121.061597572
2020-02-06 12:05:00,121.0606803692,121.061597572,121.0606803692,121.061597572
2020-02-06 12:06:00,121.0606803692,121.061597572,121.0606803692,121.061597572
2020-02-06 12:07:00,121.0606803692,121.061597572,121.0606803692,121.061597572
2020-02-06 12:08:00,121.0606803692,121.061597572,121.0606803692,121.061597572
2020-02-06 12:09:00,121.0606803692,121.061597572,121.0606803692,121.061597572
2020-02-06 12:10:00,121.0606803692,121.061597572,121.0606803692,121.061597572
2020-02-06 12:11:00,121.0606803692,121.061597572,121.0606803692,121.061597572
2020-02-06 12:12:00,121.180833936,121.180833936,121.180833936,121.180833936
2020-02-06 12:13:00,121.180833936,121.180833936,121.180833936,121.180833936
2020-02-06 12:14:00,121.180833936,121.180833936,121.180833936,121.180833936
2020-02-06 12:15:00,121.180833936,121.180833936,121.180833936,121.180833936
2020-02-06 12:16:00,121.153317852,121.153317852,121.153317852,121.153317852
2020-02-06 12:17:00,121.153317852,121.153317852,121.153317852,121.153317852
2020-02-06 12:18:00,121.153317852,121.153317852,121.153317852,121.153317852
2020-02-06 12:19:00,121.153317852,121.153317852,121.153317852,121.153317852
2020-02-06 12:20:00,121.153317852,121.153317852,121.153317852,121.153317852
2020-02-06 12:21:00,121.153317852,121.153317852,121.153317852,121.153317852
2020-02-06 12:22:00,121.153317852,121.153317852,121.153317852,121.153317852
2020-02-06 12:23:00,121.153317852,121.153317852,121.153317852,121.153317852
2020-02-06 12:24:00,121.153317852,121.153317852,121.153317852,121.153317852
2020-02-06 12:25:00,121.153317852,121.153317852,121.153317852,121.153317852
2020-02-06 12:26:00,121.153317852,121.153317852,121.153317852,121.153317852
2020-02-06 12:27:00,121.25421016,121.23128009,121.23128009,121.25421016
2020-02-06 12:28:00,121.25421016,121.23128009,121.23128009,121.25421016
2020-02-06 12:29:00,121.25421016,121.23128009,121.23128009,121.25421016
2020-02-06 12:30:00,121.25421016,121.23128009,121.23128009,121.25421016
2020-02-06 12:31:00,121.226694076,121.226694076,121.226694076,121.226694076
2020-02-06 12:32:00,121.226694076,121.226694076,121.226694076,121.226694076
2020-02-06 12:33:00,121.226694076,121.226694076,121.226694076,121.226694076
2020-02-06 12:34:00,121.226694076,121.226694076,121.226694076,121.226694076
2020-02-06 12:35:00,121.226694076,121.226694076,121.226694076,121.226694076
2020-02-06 12:36:00,121.226694076,121.226694076,121.226694076,121.226694076
2020-02-06 12:37:00,121.226694076,121.226694076,121.226694076,121.226694076
2020-02-06 12:38:00,121.226694076,121.226694076,121.226694076,121.226694076
2020-02-06 12:39:00,121.226694076,121.226694076,121.226694076,121.226694076
2020-02-06 12:40:00,121.226694076,121.226694076,121.226694076,121.226694076
2020-02-06 12:41:00,121.199177992,121.199177992,121.199177992,121.199177992
2020-02-06 12:42:00,121.199177992,121.199177992,121.199177992,121.199177992
2020-02-06 12:43:00,121.199177992,121.199177992,121.199177992,121.199177992
2020-02-06 12:44:00,121.199177992,121.199177992,121.199177992,121.199177992
2020-02-06 12:45:00,121.199177992,121.199177992,121.199177992,121.199177992
2020-02-06 12:46:00,121.199177992,121.199177992,121.199177992,121.199177992
2020-02-06 12:47:00,121.199177992,121.199177992,121.199177992,121.199177992
2020-02-06 12:48:00,121.199177992,121.199177992,121.199177992,121.199177992
2020-02-06 12:49:00,121.199177992,121.199177992,121.199177992,121.199177992
2020-02-06 12:50:00,121.199177992,121.199177992,121.199177992,121.199177992
2020-02-06 12:51:00,121.199177992,121.199177992,121.199177992,121.199177992
2020-02-06 12:52:00,121.199177992,121.199177992,121.199177992,121.199177992
2020-02-06 12:53:00,121.199177992,121.199177992,121.199177992,121.199177992
2020-02-06 12:54:00,121.199177992,121.199177992,121.199177992,121.199177992
2020-02-06 12:55:00,121.199177992,121.199177992,121.199177992,121.199177992
2020-02-06 12:56:00,121.199177992,121.199177992,121.199177992,121.199177992
2020-02-06 12:57:00,121.199177992,121.199177992,121.199177992,121.199177992
2020-02-06 12:58:00,121.199177992,121.199177992,121.199177992,121.199177992
2020-02-06 12:59:00,121.199177992,121.199177992,121.199177992,121.199177992
2020-02-06 13:00:00,121.199177992,121.199177992,121.199177992,121.199177992
2020-02-06 13:01:00,121.199177992,121.199177992,121.199177992,121.199177992
2020-02-06 13:02:00,121.16248988,121.16248988,121.16248988,121.16248988
2020-02-06 13:03:00,121.16248988,121.16248988,121.16248988,121.16248988
2020-02-06 13:04:00,121.16248988,121.16248988,121.16248988,121.16248988
2020-02-06 13:05:00,121.16248988,121.16248988,121.16248988,121.16248988
2020-02-06 13:06:00,121.16248988,121.16248988,121.16248988,121.16248988
2020-02-06 13:07:00,121.16248988,121.16248988,121.16248988,121.16248988
2020-02-06 13:08:00,121.16248988,121.16248988,121.16248988,121.16248988
2020-02-06 13:09:00,121.16248988,121.16248988,121.16248988,121.16248988
2020-02-06 13:10:00,121.16248988,121.16248988,121.16248988,121.16248988
2020-02-06 13:11:00,121.16248988,121.16248988,121.16248988,121.16248988
2020-02-06 13:12:00,121.16248988,121.16248988,121.16248988,121.16248988
2020-02-06 13:13:00,121.16248988,121.16248988,121.16248988,121.16248988
2020-02-06 13:14:00,121.16248988,121.16248988,121.16248988,121.16248988
2020-02-06 13:15:00,121.16248988,121.16248988,121.16248988,121.16248988
2020-02-06 13:16:00,121.16248988,121.16248988,121.16248988,121.16248988
2020-02-06 13:17:00,121.16248988,121.16248988,121.16248988,121.16248988
2020-02-06 13:18:00,121.16248988,121.16248988,121.16248988,121.16248988
2020-02-06 13:19:00,121.16248988,121.16248988,121.16248988,121.16248988
2020-02-06 13:20:00,121.171661908,121.171661908,121.171661908,121.171661908
2020-02-06 13:21:00,121.157903866,121.157903866,121.157903866,121.157903866
2020-02-06 13:22:00,121.157903866,121.157903866,121.157903866,121.157903866
2020-02-06 13:23:00,121.125801768,121.125801768,121.125801768,121.125801768
2020-02-06 13:24:00,121.125801768,121.125801768,121.125801768,121.125801768
2020-02-06 13:25:00,121.125801768,121.125801768,121.125801768,121.125801768
2020-02-06 13:26:00,121.125801768,121.125801768,121.125801768,121.125801768
2020-02-06 13:27:00,121.125801768,121.125801768,121.125801768,121.125801768
2020-02-06 13:28:00,121.125801768,121.125801768,121.125801768,121.125801768
2020-02-06 13:29:00,121.089113656,121.089113656,121.089113656,121.089113656
2020-02-06 13:30:00,121.089113656,121.089113656,121.089113656,121.089113656
2020-02-06 13:31:00,121.11662974,121.11662974,121.11662974,121.11662974
2020-02-06 13:32:00,121.11662974,121.11662974,121.11662974,121.11662974
2020-02-06 13:33:00,121.11662974,121.11662974,121.11662974,121.11662974
2020-02-06 13:34:00,121.11662974,121.11662974,121.11662974,121.11662974
2020-02-06 13:35:00,121.11662974,121.11662974,121.11662974,121.11662974
2020-02-06 13:36:00,121.11662974,121.11662974,121.11662974,121.11662974
2020-02-06 13:37:00,121.11662974,121.11662974,121.11662974,121.11662974
2020-02-06 13:38:00,121.11662974,121.11662974,121.11662974,121.11662974
2020-02-06 13:39:00,121.11662974,121.11662974,121.11662974,121.11662974
2020-02-06 13:40:00,121.11662974,121.11662974,121.11662974,121.11662974
2020-02-06 13:41:00,121.11662974,121.11662974,121.11662974,121.11662974
2020-02-06 13:42:00,120.9827181312,120.9827181312,120.9827181312,120.9827181312
2020-02-06 13:43:00,120.9827181312,120.9827181312,120.9827181312,120.9827181312
2020-02-06 13:44:00,120.9827181312,120.9827181312,120.9827181312,120.9827181312
2020-02-06 13:45:00,120.9827181312,120.9827181312,120.9827181312,120.9827181312
2020-02-06 13:46:00,120.9827181312,120.9827181312,120.9827181312,120.9827181312
2020-02-06 13:47:00,120.9827181312,120.9827181312,120.9827181312,120.9827181312
2020-02-06 13:48:00,120.9827181312,120.9827181312,120.9827181312,120.9827181312
2020-02-06 13:49:00,120.9827181312,120.9827181312,120.9827181312,120.9827181312
2020-02-06 13:50:00,121.03353116632,121.03353116632,121.03353116632,121.03353116632
2020-02-06 13:51:00,121.03353116632,121.03353116632,121.03353116632,121.03353116632
2020-02-06 13:52:00,121.03353116632,121.03353116632,121.03353116632,121.03353116632
2020-02-06 13:53:00,121.03353116632,121.03353116632,121.03353116632,121.03353116632
2020-02-06 13:54:00,121.03353116632,121.03353116632,121.03353116632,121.03353116632
2020-02-06 13:55:00,121.03353116632,121.03353116632,121.03353116632,121.03353116632
2020-02-06 13:56:00,121.00904185156,121.00904185156,121.00904185156,121.00904185156
2020-02-06 13:57:00,121.00904185156,121.00904185156,121.00904185156,121.00904185156
2020-02-06 13:58:00,121.00904185156,121.00904185156,121.00904185156,121.00904185156
2020-02-06 13:59:00,121.00904185156,121.00904185156,121.00904185156,121.00904185156
2020-02-06 14:00:00,121.107457712,121.09608439728,121.09608439728,121.107457712
2020-02-06 14:01:00,121.107457712,121.09608439728,121.09608439728,121.107457712
2020-02-06 14:02:00,121.107457712,121.09608439728,121.09608439728,121.107457712
2020-02-06 14:03:00,120.99115639696,120.99115639696,120.99115639696,120.99115639696
2020-02-06 14:04:00,120.99115639696,120.99115639696,120.99115639696,120.99115639696
2020-02-06 14:05:00,120.99115639696,120.99115639696,120.99115639696,120.99115639696
2020-02-06 14:06:00,120.99115639696,120.99115639696,120.99115639696,120.99115639696
2020-02-06 14:07:00,120.99115639696,120.99115639696,120.99115639696,120.99115639696
2020-02-06 14:08:00,120.95877913812,120.95877913812,120.95877913812,120.95877913812
2020-02-06 14:09:00,121.02490946,121.02490946,121.02490946,121.02490946
2020-02-06 14:10:00,121.02490946,121.02490946,121.02490946,121.02490946
2020-02-06 14:11:00,121.02490946,121.02490946,121.02490946,121.02490946
2020-02-06 14:12:00,121.02490946,121.02490946,121.02490946,121.02490946
2020-02-06 14:13:00,121.02490946,121.02490946,121.02490946,121.02490946
2020-02-06 14:14:00,121.02490946,121.02490946,121.02490946,121.02490946
2020-02-06 14:15:00,121.02490946,121.02490946,121.02490946,121.02490946
2020-02-06 14:16:00,121.02490946,121.02490946,121.02490946,121.02490946
2020-02-06 14:17:00,121.02490946,121.02490946,121.02490946,121.02490946
2020-02-06 14:18:00,121.02490946,121.02490946,121.02490946,121.02490946
2020-02-06 14:19:00,121.02490946,121.02490946,121.02490946,121.02490946
2020-02-06 14:20:00,121.066183586,121.066183586,121.066183586,121.066183586
2020-02-06 14:21:00,121.066183586,121.066183586,121.066183586,121.066183586
2020-02-06 14:22:00,121.066183586,121.066183586,121.066183586,121.066183586
2020-02-06 14:23:00,121.066183586,121.066183586,121.066183586,121.066183586
2020-02-06 14:24:00,121.066183586,121.066183586,121.066183586,121.066183586
2020-02-06 14:25:00,120.99702649488,120.99702649488,120.99702649488,120.99702649488
2020-02-06 14:26:00,121.034081488,121.034081488,121.034081488,121.034081488
2020-02-06 14:27:00,121.034081488,121.034081488,121.034081488,121.034081488
2020-02-06 14:28:00,121.034081488,121.034081488,121.034081488,121.034081488
2020-02-06 14:29:00,121.034081488,121.034081488,121.034081488,121.034081488
2020-02-06 14:30:00,121.034081488,121.034081488,121.034081488,121.034081488
2020-02-06 14:31:00,121.034081488,121.034081488,121.034081488,121.034081488
2020-02-06 14:32:00,121.102871698,121.102871698,121.102871698,121.102871698
2020-02-06 14:33:00,121.102871698,121.102871698,121.102871698,121.102871698
2020-02-06 14:34:00,121.102871698,121.102871698,121.102871698,121.102871698
2020-02-06 14:35:00,121.102871698,121.102871698,121.102871698,121.102871698
2020-02-06 14:36:00,121.102871698,121.102871698,121.102871698,121.102871698
2020-02-06 14:37:00,121.102871698,121.102871698,121.102871698,121.102871698
2020-02-06 14:38:00,121.102871698,121.102871698,121.102871698,121.102871698
2020-02-06 14:39:00,120.93318918,120.93318918,120.93318918,120.93318918
2020-02-06 14:40:00,120.93318918,120.93318918,120.93318918,120.93318918
2020-02-06 14:41:00,120.93318918,120.93318918,120.93318918,120.93318918
2020-02-06 14:42:00,120.93318918,120.93318918,120.93318918,120.93318918
2020-02-06 14:43:00,120.93318918,120.93318918,120.93318918,120.93318918
2020-02-06 14:44:00,120.93318918,120.93318918,120.93318918,120.93318918
2020-02-06 14:45:00,120.93318918,120.93318918,120.93318918,120.93318918
2020-02-06 14:46:00,120.93318918,120.93318918,120.93318918,120.93318918
2020-02-06 14:47:00,120.93318918,120.93318918,120.93318918,120.93318918
2020-02-06 14:48:00,120.93318918,120.93318918,120.93318918,120.93318918
2020-02-06 14:49:00,120.93318918,120.93318918,120.93318918,120.93318918
2020-02-06 14:50:00,120.93318918,120.93318918,120.93318918,120.93318918
2020-02-06 14:51:00,120.93318918,120.93318918,120.93318918,120.93318918
2020-02-06 14:52:00,121.079941628,121.098285684,121.079941628,121.098285684
2020-02-06 14:53:00,121.079941628,121.098285684,121.079941628,121.098285684
2020-02-06 14:54:00,121.12479284492,121.077648621,121.077648621,121.12479284492
2020-02-06 14:55:00,121.12479284492,121.077648621,121.077648621,121.12479284492
2020-02-06 14:56:00,121.12479284492,121.077648621,121.077648621,121.12479284492
2020-02-06 14:57:00,121.16313192196,121.16313192196,121.16313192196,121.16313192196
2020-02-06 14:58:00,121.153317852,121.153317852,121.153317852,121.153317852
2020-02-06 14:59:00,121.153317852,121.153317852,121.153317852,121.153317852
2020-02-06 15:00:00,121.153317852,121.153317852,121.153317852,121.153317852
2020-02-06 15:01:00,121.153317852,121.153317852,121.153317852,121.153317852
2020-02-06 15:02:00,121.153317852,121.153317852,121.153317852,121.153317852
2020-02-06 15:03:00,121.153317852,121.153317852,121.153317852,121.153317852
2020-02-06 15:04:00,121.061597572,121.0707696,121.061597572,121.0707696
2020-02-06 15:05:00,121.061597572,121.0707696,121.061597572,121.0707696
2020-02-06 15:06:00,121.061597572,121.0707696,121.061597572,121.0707696
2020-02-06 15:07:00,121.061597572,121.0707696,121.061597572,121.0707696
2020-02-06 15:08:00,121.061597572,121.0707696,121.061597572,121.0707696
2020-02-06 15:09:00,121.061597572,121.0707696,121.061597572,121.0707696
2020-02-06 15:10:00,121.061597572,121.0707696,121.061597572,121.0707696
2020-02-06 15:11:00,121.061597572,121.0707696,121.061597572,121.0707696
2020-02-06 15:12:00,121.11662974,121.11662974,121.11662974,121.11662974
2020-02-06 15:13:00,121.11662974,121.11662974,121.11662974,121.11662974
2020-02-06 15:14:00,121.052425544,121.08416076088,121.052425544,121.107457712
2020-02-06 15:15:00,121.052425544,121.08416076088,121.052425544,121.107457712
2020-02-06 15:16:00,121.052425544,121.08416076088,121.052425544,121.107457712
2020-02-06 15:17:00,121.0707696,121.0707696,121.0707696,121.0707696
2020-02-06 15:18:00,121.0707696,121.0707696,121.0707696,121.0707696
2020-02-06 15:19:00,121.0707696,121.0707696,121.0707696,121.0707696
2020-02-06 15:20:00,121.0707696,121.0707696,121.0707696,121.0707696
2020-02-06 15:21:00,121.0707696,121.0707696,121.0707696,121.0707696
2020-02-06 15:22:00,121.0707696,121.0707696,121.0707696,121.0707696
2020-02-06 15:23:00,121.0707696,121.0707696,121.0707696,121.0707696
2020-02-06 15:24:00,121.043253516,121.043253516,121.043253516,121.043253516
2020-02-06 15:25:00,121.043253516,121.043253516,121.043253516,121.043253516
2020-02-06 15:26:00,121.043253516,121.043253516,121.043253516,121.043253516
2020-02-06 15:27:00,121.02490946,121.04783953,121.02490946,121.04783953
2020-02-06 15:28:00,121.02490946,121.04783953,121.02490946,121.04783953
2020-02-06 15:29:00,121.02490946,121.04783953,121.02490946,121.04783953
2020-02-06 15:30:00,121.02490946,121.04783953,121.02490946,121.04783953
2020-02-06 15:31:00,121.02490946,121.04783953,121.02490946,121.04783953
2020-02-06 15:32:00,121.10030353016,121.10030353016,121.10030353016,121.10030353016
2020-02-06 15:33:00,121.10030353016,121.10030353016,121.10030353016,121.10030353016
2020-02-06 15:34:00,121.10030353016,121.10030353016,121.10030353016,121.10030353016
2020-02-06 15:35:00,121.10030353016,121.10030353016,121.10030353016,121.10030353016
2020-02-06 15:36:00,121.203764006,121.203764006,121.203764006,121.203764006
2020-02-06 15:37:00,121.203764006,121.203764006,121.203764006,121.203764006
2020-02-06 15:38:00,121.203764006,121.203764006,121.203764006,121.203764006
2020-02-06 15:39:00,121.203764006,121.203764006,121.203764006,121.203764006
2020-02-06 15:40:00,121.203764006,121.203764006,121.203764006,121.203764006
2020-02-06 15:41:00,121.203764006,121.203764006,121.203764006,121.203764006
2020-02-06 15:42:00,121.203764006,121.203764006,121.203764006,121.203764006
2020-02-06 15:43:00,121.203764006,121.203764006,121.203764006,121.203764006
2020-02-06 15:44:00,121.203764006,121.203764006,121.203764006,121.203764006
2020-02-06 15:45:00,121.203764006,121.203764006,121.203764006,121.203764006
2020-02-06 15:46:00,121.203764006,121.203764006,121.203764006,121.203764006
2020-02-06 15:47:00,121.203764006,121.203764006,121.203764006,121.203764006
2020-02-06 15:48:00,121.203764006,121.203764006,121.203764006,121.203764006
2020-02-06 15:49:00,121.203764006,121.203764006,121.203764006,121.203764006
2020-02-06 15:50:00,121.203764006,121.203764006,121.203764006,121.203764006
2020-02-06 15:51:00,121.203764006,121.203764006,121.203764006,121.203764006
2020-02-06 15:52:00,121.203764006,121.203764006,121.203764006,121.203764006
2020-02-06 15:53:00,121.203764006,121.203764006,121.203764006,121.203764006
2020-02-06 15:54:00,121.203764006,121.203764006,121.203764006,121.203764006
2020-02-06 15:55:00,121.203764006,121.203764006,121.203764006,121.203764006
2020-02-06 15:56:00,121.203764006,121.203764006,121.203764006,121.203764006
2020-02-06 15:57:00,121.203764006,121.203764006,121.203764006,121.203764006
2020-02-06 15:58:00,121.203764006,121.203764006,121.203764006,121.203764006
2020-02-06 15:59:00,121.272554216,121.272554216,121.272554216,121.272554216
2020-02-06 16:00:00,121.180833936,121.272554216,121.180833936,121.272554216
2020-02-07 09:31:00,120.483759808,120.483759808,120.483759808,120.483759808
2020-02-07 09:32:00,120.483759808,120.483759808,120.483759808,120.483759808
2020-02-07 09:33:00,120.089362604,120.1535668,120.089362604,120.1535668
2020-02-07 09:34:00,119.960954212,119.960954212,119.960954212,119.960954212
2020-02-07 09:35:00,119.960954212,119.960954212,119.960954212,119.960954212
2020-02-07 09:36:00,119.960954212,119.960954212,119.960954212,119.960954212
2020-02-07 09:37:00,119.960954212,119.960954212,119.960954212,119.960954212
2020-02-07 09:38:00,120.135222744,120.135222744,120.135222744,120.135222744
2020-02-07 09:39:00,120.13063673,120.13063673,120.13063673,120.13063673
2020-02-07 09:40:00,120.181082884,120.16264710772,120.16264710772,120.181082884
2020-02-07 09:41:00,120.181082884,120.16264710772,120.16264710772,120.181082884
2020-02-07 09:42:00,120.181082884,120.16264710772,120.16264710772,120.181082884
2020-02-07 09:43:00,120.1535668,120.1535668,120.1535668,120.1535668
2020-02-07 09:44:00,120.116878688,120.06184652,120.06184652,120.116878688
2020-02-07 09:45:00,120.116878688,120.06184652,120.06184652,120.116878688
2020-02-07 09:46:00,120.116878688,120.06184652,120.06184652,120.116878688
2020-02-07 09:47:00,120.116878688,120.06184652,120.06184652,120.116878688
2020-02-07 09:48:00,119.94719617,119.915094072,119.915094072,119.94719617
2020-02-07 09:49:00,120.098534632,120.098534632,120.098534632,120.098534632
2020-02-07 09:50:00,120.098534632,120.098534632,120.098534632,120.098534632
2020-02-07 09:51:00,120.144394772,120.144394772,120.144394772,120.144394772
2020-02-07 09:52:00,120.144394772,120.144394772,120.144394772,120.144394772
2020-02-07 09:53:00,120.144394772,120.144394772,120.144394772,120.144394772
2020-02-07 09:54:00,120.144394772,120.144394772,120.144394772,120.144394772
2020-02-07 09:55:00,120.144394772,120.144394772,120.144394772,120.144394772
2020-02-07 09:56:00,120.144394772,120.144394772,120.144394772,120.144394772
2020-02-07 09:57:00,120.144394772,120.144394772,120.144394772,120.144394772
2020-02-07 09:58:00,120.0994518348,120.0994518348,120.0994518348,120.0994518348
2020-02-07 09:59:00,120.0994518348,120.0994518348,120.0994518348,120.0994518348
2020-02-07 10:00:00,120.0994518348,120.0994518348,120.0994518348,120.0994518348
2020-02-07 10:01:00,120.0994518348,120.0994518348,120.0994518348,120.0994518348
2020-02-07 10:02:00,120.0994518348,120.0994518348,120.0994518348,120.0994518348
2020-02-07 10:03:00,119.676621344,119.6949654,119.676621344,119.6949654
2020-02-07 10:04:00,119.676621344,119.6949654,119.676621344,119.6949654
2020-02-07 10:05:00,119.676621344,119.6949654,119.676621344,119.6949654
2020-02-07 10:06:00,119.772927638,119.772927638,119.772927638,119.772927638
2020-02-07 10:07:00,119.772927638,119.772927638,119.772927638,119.772927638
2020-02-07 10:08:00,119.777513652,119.777513652,119.777513652,119.78668568
2020-02-07 10:09:00,119.823373792,119.823373792,119.823373792,119.823373792
2020-02-07 10:10:00,119.71789547,119.71789547,119.71789547,119.71789547
2020-02-07 10:11:00,119.70890688256,119.70890688256,119.70890688256,119.70890688256
2020-02-07 10:12:00,119.70890688256,119.70890688256,119.70890688256,119.70890688256
2020-02-07 10:13:00,119.70890688256,119.70890688256,119.70890688256,119.70890688256
2020-02-07 10:14:00,119.70890688256,119.70890688256,119.70890688256,119.70890688256
2020-02-07 10:15:00,119.70890688256,119.70890688256,119.70890688256,119.70890688256
2020-02-07 10:16:00,119.70890688256,119.70890688256,119.70890688256,119.70890688256
2020-02-07 10:17:00,119.70890688256,119.70890688256,119.70890688256,119.70890688256
2020-02-07 10:18:00,119.70890688256,119.70890688256,119.70890688256,119.70890688256
2020-02-07 10:19:00,119.70890688256,119.70890688256,119.70890688256,119.70890688256
2020-02-07 10:20:00,119.713309456,119.713309456,119.713309456,119.713309456
2020-02-07 10:21:00,119.713309456,119.713309456,119.713309456,119.713309456
2020-02-07 10:22:00,119.713309456,119.713309456,119.713309456,119.713309456
2020-02-07 10:23:00,119.713309456,119.713309456,119.713309456,119.713309456
2020-02-07 10:24:00,119.713309456,119.713309456,119.713309456,119.713309456
2020-02-07 10:25:00,119.82254830948,119.82254830948,119.82254830948,119.82254830948
2020-02-07 10:26:00,119.82254830948,119.82254830948,119.82254830948,119.82254830948
2020-02-07 10:27:00,119.82254830948,119.82254830948,119.82254830948,119.82254830948
2020-02-07 10:28:00,119.82254830948,119.82254830948,119.82254830948,119.82254830948
2020-02-07 10:29:00,119.82254830948,119.82254830948,119.82254830948,119.82254830948
2020-02-07 10:30:00,119.82254830948,119.82254830948,119.82254830948,119.82254830948
2020-02-07 10:31:00,119.82254830948,119.82254830948,119.82254830948,119.82254830948
2020-02-07 10:32:00,119.82254830948,119.82254830948,119.82254830948,119.82254830948
2020-02-07 10:33:00,119.82254830948,119.82254830948,119.82254830948,119.82254830948
2020-02-07 10:34:00,119.82254830948,119.82254830948,119.82254830948,119.82254830948
2020-02-07 10:35:00,119.82254830948,119.82254830948,119.82254830948,119.82254830948
2020-02-07 10:36:00,119.82254830948,119.82254830948,119.82254830948,119.82254830948
2020-02-07 10:37:00,119.869233932,119.860061904,119.80961575,119.869233932
2020-02-07 10:38:00,119.850889876,119.850889876,119.850889876,119.860061904
2020-02-07 10:39:00,119.869233932,119.860061904,119.860061904,119.882991974
2020-02-07 10:40:00,119.823373792,119.860061904,119.823373792,119.860061904
2020-02-07 10:41:00,119.823373792,119.860061904,119.823373792,119.860061904
2020-02-07 10:42:00,119.850889876,119.823373792,119.823373792,119.850889876
2020-02-07 10:43:00,119.759169596,119.777513652,119.759169596,119.777513652
2020-02-07 10:44:00,119.759169596,119.777513652,119.759169596,119.777513652
2020-02-07 10:45:00,119.759169596,119.777513652,119.759169596,119.777513652
2020-02-07 10:46:00,119.759169596,119.777513652,119.759169596,119.777513652
2020-02-07 10:47:00,119.759169596,119.777513652,119.759169596,119.777513652
2020-02-07 10:48:00,119.759169596,119.777513652,119.759169596,119.777513652
2020-02-07 10:49:00,119.759169596,119.777513652,119.759169596,119.777513652
2020-02-07 10:50:00,119.759169596,119.777513652,119.759169596,119.777513652
2020-02-07 10:51:00,119.759169596,119.777513652,119.759169596,119.777513652
2020-02-07 10:52:00,119.759169596,119.777513652,119.759169596,119.777513652
2020-02-07 10:53:00,119.759169596,119.777513652,119.759169596,119.777513652
2020-02-07 10:54:00,119.759169596,119.777513652,119.759169596,119.777513652
2020-02-07 10:55:00,119.759169596,119.777513652,119.759169596,119.777513652
2020-02-07 10:56:00,119.759169596,119.777513652,119.759169596,119.777513652
2020-02-07 10:57:00,119.759169596,119.777513652,119.759169596,119.777513652
2020-02-07 10:58:00,119.759169596,119.777513652,119.759169596,119.777513652
2020-02-07 10:59:00,119.759169596,119.777513652,119.759169596,119.777513652
2020-02-07 11:00:00,119.759169596,119.777513652,119.759169596,119.777513652
2020-02-07 11:01:00,119.759169596,119.777513652,119.759169596,119.777513652
2020-02-07 11:02:00,119.759169596,119.777513652,119.759169596,119.777513652
2020-02-07 11:03:00,119.759169596,119.777513652,119.759169596,119.777513652
2020-02-07 11:04:00,119.594073092,119.594073092,119.594073092,119.594073092
2020-02-07 11:05:00,119.594073092,119.594073092,119.594073092,119.594073092
2020-02-07 11:06:00,119.594073092,119.594073092,119.594073092,119.594073092
2020-02-07 11:07:00,119.594073092,119.594073092,119.594073092,119.594073092
2020-02-07 11:08:00,119.850889876,119.850889876,119.850889876,119.850889876
2020-02-07 11:09:00,119.850889876,119.850889876,119.850889876,119.850889876
2020-02-07 11:10:00,119.850889876,119.850889876,119.850889876,119.850889876
2020-02-07 11:11:00,119.850889876,119.850889876,119.850889876,119.850889876
2020-02-07 11:12:00,119.850889876,119.850889876,119.850889876,119.850889876
2020-02-07 11:13:00,119.850889876,119.850889876,119.850889876,119.850889876
2020-02-07 11:14:00,119.850889876,119.850889876,119.850889876,119.850889876
2020-02-07 11:15:00,119.850889876,119.850889876,119.850889876,119.850889876
2020-02-07 11:16:00,119.850889876,119.850889876,119.850889876,119.850889876
2020-02-07 11:17:00,119.850889876,119.850889876,119.850889876,119.850889876
2020-02-07 11:18:00,119.850889876,119.850889876,119.850889876,119.850889876
2020-02-07 11:19:00,119.850889876,119.850889876,119.850889876,119.850889876
2020-02-07 11:20:00,119.850889876,119.850889876,119.850889876,119.850889876
2020-02-07 11:21:00,119.850889876,119.850889876,119.850889876,119.850889876
2020-02-07 11:22:00,119.850889876,119.850889876,119.850889876,119.850889876
2020-02-07 11:23:00,119.850889876,119.850889876,119.850889876,119.850889876
2020-02-07 11:24:00,119.850889876,119.850889876,119.850889876,119.850889876
2020-02-07 11:25:00,119.850889876,119.850889876,119.850889876,119.850889876
2020-02-07 11:26:00,119.850889876,119.850889876,119.850889876,119.850889876
2020-02-07 11:27:00,119.850889876,119.850889876,119.850889876,119.850889876
2020-02-07 11:28:00,119.850889876,119.850889876,119.850889876,119.850889876
2020-02-07 11:29:00,119.850889876,119.850889876,119.850889876,119.850889876
2020-02-07 11:30:00,119.850889876,119.850889876,119.850889876,119.850889876
2020-02-07 11:31:00,119.850889876,119.850889876,119.850889876,119.850889876
2020-02-07 11:32:00,119.850889876,119.850889876,119.850889876,119.850889876
2020-02-07 11:33:00,119.850889876,119.850889876,119.850889876,119.850889876
2020-02-07 11:34:00,119.850889876,119.850889876,119.850889876,119.850889876
2020-02-07 11:35:00,119.850889876,119.850889876,119.850889876,119.850889876
2020-02-07 11:36:00,119.850889876,119.850889876,119.850889876,119.850889876
2020-02-07 11:37:00,119.850889876,119.850889876,119.850889876,119.850889876
2020-02-07 11:38:00,119.850889876,119.850889876,119.850889876,119.850889876
2020-02-07 11:39:00,119.850889876,119.850889876,119.850889876,119.850889876
2020-02-07 11:40:00,119.850889876,119.850889876,119.850889876,119.850889876
2020-02-07 11:41:00,119.850889876,119.850889876,119.850889876,119.850889876
2020-02-07 11:42:00,119.850889876,119.850889876,119.850889876,119.850889876
2020-02-07 11:43:00,119.850889876,119.850889876,119.850889876,119.850889876
2020-02-07 11:44:00,119.850889876,119.850889876,119.850889876,119.850889876
2020-02-07 11:45:00,119.850889876,119.850889876,119.850889876,119.850889876
2020-02-07 11:46:00,119.850889876,119.850889876,119.850889876,119.850889876
2020-02-07 11:47:00,119.850889876,119.850889876,119.850889876,119.850889876
2020-02-07 11:48:00,119.850889876,119.850889876,119.850889876,119.850889876
2020-02-07 11:49:00,119.850889876,119.850889876,119.850889876,119.850889876
2020-02-07 11:50:00,119.850889876,119.850889876,119.850889876,119.850889876
2020-02-07 11:51:00,119.850889876,119.850889876,119.850889876,119.850889876
2020-02-07 11:52:00,119.850889876,119.850889876,119.850889876,119.850889876
2020-02-07 11:53:00,119.850889876,119.850889876,119.850889876,119.850889876
2020-02-07 11:54:00,119.566557008,119.566557008,119.566557008,119.566557008
2020-02-07 11:55:00,119.566557008,119.566557008,119.566557008,119.566557008
2020-02-07 11:56:00,119.566557008,119.566557008,119.566557008,119.566557008
2020-02-07 11:57:00,119.566557008,119.566557008,119.566557008,119.566557008
2020-02-07 11:58:00,119.566557008,119.566557008,119.566557008,119.566557008
2020-02-07 11:59:00,119.566557008,119.566557008,119.566557008,119.566557008
2020-02-07 12:00:00,119.566557008,119.566557008,119.566557008,119.566557008
2020-02-07 12:01:00,119.566557008,119.566557008,119.566557008,119.566557008
2020-02-07 12:02:00,119.566557008,119.566557008,119.566557008,119.566557008
2020-02-07 12:03:00,119.566557008,119.566557008,119.566557008,119.566557008
2020-02-07 12:04:00,119.566557008,119.566557008,119.566557008,119.566557008
2020-02-07 12:05:00,119.566557008,119.566557008,119.566557008,119.566557008
2020-02-07 12:06:00,119.566557008,119.566557008,119.566557008,119.566557008
2020-02-07 12:07:00,119.566557008,119.566557008,119.566557008,119.566557008
2020-02-07 12:08:00,119.566557008,119.566557008,119.566557008,119.566557008
2020-02-07 12:09:00,119.566557008,119.566557008,119.566557008,119.566557008
2020-02-07 12:10:00,119.566557008,119.566557008,119.566557008,119.566557008
2020-02-07 12:11:00,119.566557008,119.566557008,119.566557008,119.566557008
2020-02-07 12:12:00,119.566557008,119.566557008,119.566557008,119.566557008
2020-02-07 12:13:00,119.566557008,119.566557008,119.566557008,119.566557008
2020-02-07 12:14:00,119.566557008,119.566557008,119.566557008,119.566557008
2020-02-07 12:15:00,119.566557008,119.566557008,119.566557008,119.566557008
2020-02-07 12:16:00,119.566557008,119.566557008,119.566557008,119.566557008
2020-02-07 12:17:00,119.566557008,119.566557008,119.566557008,119.566557008
2020-02-07 12:18:00,119.566557008,119.566557008,119.566557008,119.566557008
2020-02-07 12:19:00,119.566557008,119.566557008,119.566557008,119.566557008
2020-02-07 12:20:00,119.566557008,119.566557008,119.566557008,119.566557008
2020-02-07 12:21:00,119.566557008,119.566557008,119.566557008,119.566557008
2020-02-07 12:22:00,119.566557008,119.566557008,119.566557008,119.566557008
2020-02-07 12:23:00,119.566557008,119.566557008,119.566557008,119.566557008
2020-02-07 12:24:00,119.566557008,119.566557008,119.566557008,119.566557008
2020-02-07 12:25:00,119.566557008,119.566557008,119.566557008,119.566557008
2020-02-07 12:26:00,119.566557008,119.566557008,119.566557008,119.566557008
2020-02-07 12:27:00,119.566557008,119.566557008,119.566557008,119.566557008
2020-02-07 12:28:00,119.566557008,119.566557008,119.566557008,119.566557008
2020-02-07 12:29:00,119.566557008,119.566557008,119.566557008,119.566557008
2020-02-07 12:30:00,119.566557008,119.566557008,119.566557008,119.566557008
2020-02-07 12:31:00,119.566557008,119.566557008,119.566557008,119.566557008
2020-02-07 12:32:00,119.566557008,119.566557008,119.566557008,119.566557008
2020-02-07 12:33:00,119.566557008,119.566557008,119.566557008,119.566557008
2020-02-07 12:34:00,119.566557008,119.566557008,119.566557008,119.566557008
2020-02-07 12:35:00,119.566557008,119.566557008,119.566557008,119.566557008
2020-02-07 12:36:00,119.566557008,119.566557008,119.566557008,119.566557008
2020-02-07 12:37:00,119.566557008,119.566557008,119.566557008,119.566557008
2020-02-07 12:38:00,119.566557008,119.566557008,119.566557008,119.566557008
2020-02-07 12:39:00,119.566557008,119.566557008,119.566557008,119.566557008
2020-02-07 12:40:00,119.566557008,119.566557008,119.566557008,119.566557008
2020-02-07 12:41:00,119.566557008,119.566557008,119.566557008,119.566557008
2020-02-07 12:42:00,119.566557008,119.566557008,119.566557008,119.566557008
2020-02-07 12:43:00,119.566557008,119.566557008,119.566557008,119.566557008
2020-02-07 12:44:00,119.566557008,119.566557008,119.566557008,119.566557008
2020-02-07 12:45:00,119.566557008,119.566557008,119.566557008,119.566557008
2020-02-07 12:46:00,119.566557008,119.566557008,119.566557008,119.566557008
2020-02-07 12:47:00,119.566557008,119.566557008,119.566557008,119.566557008
2020-02-07 12:48:00,119.566557008,119.566557008,119.566557008,119.566557008
2020-02-07 12:49:00,119.566557008,119.566557008,119.566557008,119.566557008
2020-02-07 12:50:00,119.566557008,119.566557008,119.566557008,119.566557008
2020-02-07 12:51:00,119.566557008,119.566557008,119.566557008,119.566557008
2020-02-07 12:52:00,119.566557008,119.566557008,119.566557008,119.566557008
2020-02-07 12:53:00,119.566557008,119.566557008,119.566557008,119.566557008
2020-02-07 12:54:00,119.566557008,119.566557008,119.566557008,119.566557008
2020-02-07 12:55:00,119.566557008,119.566557008,119.566557008,119.566557008
2020-02-07 12:56:00,119.566557008,119.566557008,119.566557008,119.566557008
2020-02-07 12:57:00,119.566557008,119.566557008,119.566557008,119.566557008
2020-02-07 12:58:00,119.566557008,119.566557008,119.566557008,119.566557008
2020-02-07 12:59:00,119.566557008,119.566557008,119.566557008,119.566557008
2020-02-07 13:00:00,119.566557008,119.566557008,119.566557008,119.566557008
2020-02-07 13:01:00,119.566557008,119.566557008,119.566557008,119.566557008
2020-02-07 13:02:00,119.566557008,119.566557008,119.566557008,119.566557008
2020-02-07 13:03:00,119.566557008,119.566557008,119.566557008,119.566557008
2020-02-07 13:04:00,119.502352812,119.502352812,119.502352812,119.502352812
2020-02-07 13:05:00,119.502352812,119.502352812,119.502352812,119.502352812
2020-02-07 13:06:00,119.502352812,119.502352812,119.502352812,119.502352812
2020-02-07 13:07:00,119.502352812,119.502352812,119.502352812,119.502352812
2020-02-07 13:08:00,119.502352812,119.502352812,119.502352812,119.502352812
2020-02-07 13:09:00,119.502352812,119.502352812,119.502352812,119.502352812
2020-02-07 13:10:00,119.502352812,119.502352812,119.502352812,119.502352812
2020-02-07 13:11:00,119.502352812,119.502352812,119.502352812,119.502352812
2020-02-07 13:12:00,119.502352812,119.502352812,119.502352812,119.502352812
2020-02-07 13:13:00,119.502352812,119.502352812,119.502352812,119.502352812
2020-02-07 13:14:00,119.502352812,119.502352812,119.502352812,119.502352812
2020-02-07 13:15:00,119.502352812,119.502352812,119.502352812,119.502352812
2020-02-07 13:16:00,119.502352812,119.502352812,119.502352812,119.502352812
2020-02-07 13:17:00,119.502352812,119.502352812,119.502352812,119.502352812
2020-02-07 13:18:00,119.502352812,119.502352812,119.502352812,119.502352812
2020-02-07 13:19:00,119.502352812,119.502352812,119.502352812,119.502352812
2020-02-07 13:20:00,119.502352812,119.502352812,119.502352812,119.502352812
2020-02-07 13:21:00,119.502352812,119.502352812,119.502352812,119.502352812
2020-02-07 13:22:00,119.502352812,119.502352812,119.502352812,119.502352812
2020-02-07 13:23:00,119.502352812,119.502352812,119.502352812,119.502352812
2020-02-07 13:24:00,119.502352812,119.502352812,119.502352812,119.502352812
2020-02-07 13:25:00,119.502352812,119.502352812,119.502352812,119.502352812
2020-02-07 13:26:00,119.502352812,119.502352812,119.502352812,119.502352812
2020-02-07 13:27:00,119.502352812,119.502352812,119.502352812,119.502352812
2020-02-07 13:28:00,119.502352812,119.502352812,119.502352812,119.502352812
2020-02-07 13:29:00,119.502352812,119.502352812,119.502352812,119.502352812
2020-02-07 13:30:00,119.502352812,119.502352812,119.502352812,119.502352812
2020-02-07 13:31:00,119.502352812,119.502352812,119.502352812,119.502352812
2020-02-07 13:32:00,119.502352812,119.502352812,119.502352812,119.502352812
2020-02-07 13:33:00,119.502352812,119.502352812,119.502352812,119.502352812
2020-02-07 13:34:00,119.502352812,119.502352812,119.502352812,119.502352812
2020-02-07 13:35:00,119.493180784,119.493180784,119.493180784,119.493180784
2020-02-07 13:36:00,119.493180784,119.493180784,119.493180784,119.493180784
2020-02-07 13:37:00,119.493180784,119.493180784,119.493180784,119.493180784
2020-02-07 13:38:00,119.493180784,119.493180784,119.493180784,119.493180784
2020-02-07 13:39:00,119.493180784,119.493180784,119.493180784,119.493180784
2020-02-07 13:40:00,119.493180784,119.493180784,119.493180784,119.493180784
2020-02-07 13:41:00,119.493180784,119.493180784,119.493180784,119.493180784
2020-02-07 13:42:00,119.493180784,119.493180784,119.493180784,119.493180784
2020-02-07 13:43:00,119.493180784,119.493180784,119.493180784,119.493180784
2020-02-07 13:44:00,119.493180784,119.493180784,119.493180784,119.493180784
2020-02-07 13:45:00,119.493180784,119.493180784,119.493180784,119.493180784
2020-02-07 13:46:00,119.493180784,119.493180784,119.493180784,119.493180784
2020-02-07 13:47:00,119.493180784,119.493180784,119.493180784,119.493180784
2020-02-07 13:48:00,119.493180784,119.493180784,119.493180784,119.493180784
2020-02-07 13:49:00,119.493180784,119.493180784,119.493180784,119.493180784
2020-02-07 13:50:00,119.493180784,119.493180784,119.493180784,119.493180784
2020-02-07 13:51:00,119.493180784,119.493180784,119.493180784,119.493180784
2020-02-07 13:52:00,119.493180784,119.493180784,119.493180784,119.493180784
2020-02-07 13:53:00,119.493180784,119.493180784,119.493180784,119.493180784
2020-02-07 13:54:00,119.493180784,119.493180784,119.493180784,119.493180784
2020-02-07 13:55:00,119.493180784,119.493180784,119.493180784,119.493180784
2020-02-07 13:56:00,119.493180784,119.493180784,119.493180784,119.493180784
2020-02-07 13:57:00,119.493180784,119.493180784,119.493180784,119.493180784
2020-02-07 13:58:00,119.493180784,119.493180784,119.493180784,119.493180784
2020-02-07 13:59:00,119.493180784,119.493180784,119.493180784,119.493180784
2020-02-07 14:00:00,119.493180784,119.493180784,119.493180784,119.493180784
2020-02-07 14:01:00,119.236364,119.245536028,119.236364,119.245536028
2020-02-07 14:02:00,119.236364,119.245536028,119.236364,119.245536028
2020-02-07 14:03:00,119.236364,119.245536028,119.236364,119.245536028
2020-02-07 14:04:00,119.236364,119.245536028,119.236364,119.245536028
2020-02-07 14:05:00,119.236364,119.245536028,119.236364,119.245536028
2020-02-07 14:06:00,119.236364,119.245536028,119.236364,119.245536028
2020-02-07 14:07:00,119.236364,119.245536028,119.236364,119.245536028
2020-02-07 14:08:00,119.236364,119.245536028,119.236364,119.245536028
2020-02-07 14:09:00,119.236364,119.245536028,119.236364,119.245536028
2020-02-07 14:10:00,119.236364,119.245536028,119.236364,119.245536028
2020-02-07 14:11:00,119.236364,119.245536028,119.236364,119.245536028
2020-02-07 14:12:00,119.236364,119.245536028,119.236364,119.245536028
2020-02-07 14:13:00,119.236364,119.245536028,119.236364,119.245536028
2020-02-07 14:14:00,119.236364,119.245536028,119.236364,119.245536028
2020-02-07 14:15:00,119.236364,119.245536028,119.236364,119.245536028
2020-02-07 14:16:00,119.236364,119.245536028,119.236364,119.245536028
2020-02-07 14:17:00,119.236364,119.245536028,119.236364,119.245536028
2020-02-07 14:18:00,119.236364,119.245536028,119.236364,119.245536028
2020-02-07 14:19:00,119.236364,119.245536028,119.236364,119.245536028
2020-02-07 14:20:00,119.236364,119.245536028,119.236364,119.245536028
2020-02-07 14:21:00,119.236364,119.245536028,119.236364,119.245536028
2020-02-07 14:22:00,119.236364,119.245536028,119.236364,119.245536028
2020-02-07 14:23:00,119.236364,119.245536028,119.236364,119.245536028
2020-02-07 14:24:00,119.236364,119.245536028,119.236364,119.245536028
2020-02-07 14:25:00,119.236364,119.245536028,119.236364,119.245536028
2020-02-07 14:26:00,119.236364,119.245536028,119.236364,119.245536028
2020-02-07 14:27:00,119.236364,119.245536028,119.236364,119.245536028
2020-02-07 14:28:00,119.236364,119.245536028,119.236364,119.245536028
2020-02-07 14:29:00,119.236364,119.245536028,119.236364,119.245536028
2020-02-07 14:30:00,119.236364,119.245536028,119.236364,119.245536028
2020-02-07 14:31:00,119.236364,119.245536028,119.236364,119.245536028
2020-02-07 14:32:00,119.236364,119.245536028,119.236364,119.245536028
2020-02-07 14:33:00,119.236364,119.245536028,119.236364,119.245536028
2020-02-07 14:34:00,119.236364,119.245536028,119.236364,119.245536028
2020-02-07 14:35:00,119.236364,119.245536028,119.236364,119.245536028
2020-02-07 14:36:00,119.236364,119.245536028,119.236364,119.245536028
2020-02-07 14:37:00,119.236364,119.245536028,119.236364,119.245536028
2020-02-07 14:38:00,119.236364,119.245536028,119.236364,119.245536028
2020-02-07 14:39:00,119.236364,119.245536028,119.236364,119.245536028
2020-02-07 14:40:00,119.236364,119.245536028,119.236364,119.245536028
2020-02-07 14:41:00,119.236364,119.245536028,119.236364,119.245536028
2020-02-07 14:42:00,119.236364,119.245536028,119.236364,119.245536028
2020-02-07 14:43:00,119.236364,119.245536028,119.236364,119.245536028
2020-02-07 14:44:00,119.236364,119.245536028,119.236364,119.245536028
2020-02-07 14:45:00,119.236364,119.245536028,119.236364,119.245536028
2020-02-07 14:46:00,119.236364,119.245536028,119.236364,119.245536028
2020-02-07 14:47:00,119.236364,119.245536028,119.236364,119.245536028
2020-02-07 14:48:00,119.236364,119.245536028,119.236364,119.245536028
2020-02-07 14:49:00,119.236364,119.245536028,119.236364,119.245536028
2020-02-07 14:50:00,119.236364,119.245536028,119.236364,119.245536028
2020-02-07 14:51:00,119.236364,119.245536028,119.236364,119.245536028
2020-02-07 14:52:00,119.236364,119.245536028,119.236364,119.245536028
2020-02-07 14:53:00,119.236364,119.245536028,119.236364,119.245536028
2020-02-07 14:54:00,119.236364,119.245536028,119.236364,119.245536028
2020-02-07 14:55:00,119.236364,119.245536028,119.236364,119.245536028
2020-02-07 14:56:00,119.236364,119.245536028,119.236364,119.245536028
2020-02-07 14:57:00,119.236364,119.245536028,119.236364,119.245536028
2020-02-07 14:58:00,119.236364,119.245536028,119.236364,119.245536028
2020-02-07 14:59:00,119.236364,119.245536028,119.236364,119.245536028
2020-02-07 15:00:00,119.236364,119.245536028,119.236364,119.245536028
2020-02-07 15:01:00,119.236364,119.245536028,119.236364,119.245536028
2020-02-07 15:02:00,119.236364,119.245536028,119.236364,119.245536028
2020-02-07 15:03:00,119.236364,119.245536028,119.236364,119.245536028
2020-02-07 15:04:00,119.236364,119.245536028,119.236364,119.245536028
2020-02-07 15:05:00,119.236364,119.245536028,119.236364,119.245536028
2020-02-07 15:06:00,119.236364,119.245536028,119.236364,119.245536028
2020-02-07 15:07:00,119.236364,119.245536028,119.236364,119.245536028
2020-02-07 15:08:00,119.236364,119.245536028,119.236364,119.245536028
2020-02-07 15:09:00,119.236364,119.245536028,119.236364,119.245536028
2020-02-07 15:10:00,119.236364,119.245536028,119.236364,119.245536028
2020-02-07 15:11:00,119.236364,119.245536028,119.236364,119.245536028
2020-02-07 15:12:00,119.236364,119.245536028,119.236364,119.245536028
2020-02-07 15:13:00,119.236364,119.245536028,119.236364,119.245536028
2020-02-07 15:14:00,119.236364,119.245536028,119.236364,119.245536028
2020-02-07 15:15:00,119.236364,119.245536028,119.236364,119.245536028
2020-02-07 15:16:00,119.236364,119.245536028,119.236364,119.245536028
2020-02-07 15:17:00,119.236364,119.245536028,119.236364,119.245536028
2020-02-07 15:18:00,119.236364,119.245536028,119.236364,119.245536028
2020-02-07 15:19:00,119.236364,119.245536028,119.236364,119.245536028
2020-02-07 15:20:00,119.236364,119.245536028,119.236364,119.245536028
2020-02-07 15:21:00,119.236364,119.245536028,119.236364,119.245536028
2020-02-07 15:22:00,119.236364,119.245536028,119.236364,119.245536028
2020-02-07 15:23:00,119.236364,119.245536028,119.236364,119.245536028
2020-02-07 15:24:00,119.236364,119.245536028,119.236364,119.245536028
2020-02-07 15:25:00,119.236364,119.245536028,119.236364,119.245536028
2020-02-07 15:26:00,119.236364,119.245536028,119.236364,119.245536028
2020-02-07 15:27:00,119.236364,119.245536028,119.236364,119.245536028
2020-02-07 15:28:00,119.236364,119.245536028,119.236364,119.245536028
2020-02-07 15:29:00,119.236364,119.245536028,119.236364,119.245536028
2020-02-07 15:30:00,119.236364,119.245536028,119.236364,119.245536028
2020-02-07 15:31:00,119.236364,119.245536028,119.236364,119.245536028
2020-02-07 15:32:00,119.236364,119.245536028,119.236364,119.245536028
2020-02-07 15:33:00,119.236364,119.245536028,119.236364,119.245536028
2020-02-07 15:34:00,119.236364,119.245536028,119.236364,119.245536028
2020-02-07 15:35:00,119.236364,119.245536028,119.236364,119.245536028
2020-02-07 15:36:00,119.236364,119.245536028,119.236364,119.245536028
2020-02-07 15:37:00,119.236364,119.245536028,119.236364,119.245536028
2020-02-07 15:38:00,119.236364,119.245536028,119.236364,119.245536028
2020-02-07 15:39:00,119.236364,119.245536028,119.236364,119.245536028
2020-02-07 15:40:00,119.236364,119.245536028,119.236364,119.245536028
2020-02-07 15:41:00,119.236364,119.245536028,119.236364,119.245536028
2020-02-07 15:42:00,119.236364,119.245536028,119.236364,119.245536028
2020-02-07 15:43:00,119.236364,119.245536028,119.236364,119.245536028
2020-02-07 15:44:00,119.236364,119.245536028,119.236364,119.245536028
2020-02-07 15:45:00,119.236364,119.245536028,119.236364,119.245536028
2020-02-07 15:46:00,119.236364,119.245536028,119.236364,119.245536028
2020-02-07 15:47:00,119.236364,119.245536028,119.236364,119.245536028
2020-02-07 15:48:00,119.236364,119.245536028,119.236364,119.245536028
2020-02-07 15:49:00,119.236364,119.245536028,119.236364,119.245536028
2020-02-07 15:50:00,119.236364,119.245536028,119.236364,119.245536028
2020-02-07 15:51:00,119.236364,119.245536028,119.236364,119.245536028
2020-02-07 15:52:00,119.236364,119.245536028,119.236364,119.245536028
2020-02-07 15:53:00,119.456492672,119.456492672,119.456492672,119.456492672
2020-02-07 15:54:00,119.456492672,119.456492672,119.456492672,119.456492672
2020-02-07 15:55:00,119.32808428,119.32808428,119.32808428,119.32808428
2020-02-07 15:56:00,119.32808428,119.32808428,119.32808428,119.32808428
2020-02-07 15:57:00,119.32808428,119.32808428,119.32808428,119.32808428
2020-02-07 15:58:00,119.32808428,119.32808428,119.32808428,119.32808428
2020-02-07 15:59:00,119.32808428,119.32808428,119.32808428,119.32808428
2020-02-07 16:00:00,119.428976588,119.428976588,119.428976588,119.428976588
2020-02-10 09:31:00,119.117127636,119.162987776,119.117127636,119.162987776
2020-02-10 09:32:00,119.117127636,119.162987776,119.117127636,119.162987776
2020-02-10 09:33:00,119.117127636,119.162987776,119.117127636,119.162987776
2020-02-10 09:34:00,119.09878358,119.09878358,119.09878358,119.09878358
2020-02-10 09:35:00,119.199675888,119.162987776,119.162987776,119.199675888
2020-02-10 09:36:00,119.199675888,119.162987776,119.162987776,119.199675888
2020-02-10 09:37:00,119.236364,119.153815748,119.153815748,119.236364
2020-02-10 09:38:00,119.236364,119.153815748,119.153815748,119.236364
2020-02-10 09:39:00,119.236364,119.153815748,119.153815748,119.236364
2020-02-10 09:40:00,119.236364,119.153815748,119.153815748,119.236364
2020-02-10 09:41:00,119.236364,119.153815748,119.153815748,119.236364
2020-02-10 09:42:00,119.236364,119.153815748,119.153815748,119.236364
2020-02-10 09:43:00,119.23489647552,119.23489647552,119.23489647552,119.23489647552
2020-02-10 09:44:00,119.23489647552,119.23489647552,119.23489647552,119.23489647552
2020-02-10 09:45:00,119.23489647552,119.23489647552,119.23489647552,119.23489647552
2020-02-10 09:46:00,119.218019944,119.218019944,119.218019944,119.218019944
2020-02-10 09:47:00,119.218019944,119.218019944,119.218019944,119.218019944
2020-02-10 09:48:00,119.236364,119.236364,119.236364,119.236364
2020-02-10 09:49:00,119.236364,119.236364,119.236364,119.236364
2020-02-10 09:50:00,119.236364,119.236364,119.236364,119.236364
2020-02-10 09:51:00,119.236364,119.236364,119.236364,119.236364
2020-02-10 09:52:00,119.199675888,119.199675888,119.199675888,119.199675888
2020-02-10 09:53:00,119.199675888,119.199675888,119.199675888,119.199675888
2020-02-10 09:54:00,119.199675888,119.199675888,119.199675888,119.199675888
2020-02-10 09:55:00,119.199675888,119.199675888,119.199675888,119.199675888
2020-02-10 09:56:00,119.199675888,119.199675888,119.199675888,119.199675888
2020-02-10 09:57:00,119.199675888,119.199675888,119.199675888,119.199675888
2020-02-10 09:58:00,119.199675888,119.199675888,119.199675888,119.199675888
2020-02-10 09:59:00,119.199675888,119.199675888,119.199675888,119.199675888
2020-02-10 10:00:00,119.199675888,119.199675888,119.199675888,119.199675888
2020-02-10 10:01:00,119.594073092,119.594073092,119.594073092,119.594073092
2020-02-10 10:02:00,119.594073092,119.594073092,119.594073092,119.594073092
2020-02-10 10:03:00,119.594073092,119.594073092,119.594073092,119.594073092
2020-02-10 10:04:00,119.60324512,119.612417148,119.60324512,119.612417148
2020-02-10 10:05:00,119.529868896,119.529868896,119.529868896,119.529868896
2020-02-10 10:06:00,119.5216140708,119.5216140708,119.5216140708,119.5216140708
2020-02-10 10:07:00,119.5216140708,119.5216140708,119.5216140708,119.5216140708
2020-02-10 10:08:00,119.5216140708,119.5216140708,119.5216140708,119.5216140708
2020-02-10 10:09:00,119.548212952,119.548212952,119.548212952,119.548212952
2020-02-10 10:10:00,119.639933232,119.639933232,119.639933232,119.639933232
2020-02-10 10:11:00,119.61847068648,119.61847068648,119.61847068648,119.61847068648
2020-02-10 10:12:00,119.584901064,119.584901064,119.584901064,119.584901064
2020-02-10 10:13:00,119.584901064,119.584901064,119.584901064,119.584901064
2020-02-10 10:14:00,119.502352812,119.502352812,119.502352812,119.502352812
2020-02-10 10:15:00,119.502352812,119.502352812,119.502352812,119.502352812
2020-02-10 10:16:00,119.520696868,119.520696868,119.520696868,119.520696868
2020-02-10 10:17:00,119.575729036,119.548212952,119.548212952,119.575729036
2020-02-10 10:18:00,119.575729036,119.548212952,119.548212952,119.575729036
2020-02-10 10:19:00,119.575729036,119.548212952,119.548212952,119.575729036
2020-02-10 10:20:00,119.5904042808,119.60324512,119.5904042808,119.60324512
2020-02-10 10:21:00,119.5904042808,119.60324512,119.5904042808,119.60324512
2020-02-10 10:22:00,119.5752704346,119.5752704346,119.5752704346,119.5752704346
2020-02-10 10:23:00,119.5752704346,119.5752704346,119.5752704346,119.5752704346
2020-02-10 10:24:00,119.529868896,119.529868896,119.529868896,119.529868896
2020-02-10 10:25:00,119.529868896,119.529868896,119.529868896,119.529868896
2020-02-10 10:26:00,119.529868896,119.529868896,119.529868896,119.529868896
2020-02-10 10:27:00,119.529868896,119.529868896,119.529868896,119.529868896
2020-02-10 10:28:00,119.529868896,119.529868896,119.529868896,119.529868896
2020-02-10 10:29:00,119.529868896,119.529868896,119.529868896,119.529868896
2020-02-10 10:30:00,119.529868896,119.529868896,119.529868896,119.529868896
2020-02-10 10:31:00,119.529868896,119.529868896,119.529868896,119.529868896
2020-02-10 10:32:00,119.529868896,119.529868896,119.529868896,119.529868896
2020-02-10 10:33:00,119.529868896,119.529868896,119.529868896,119.529868896
2020-02-10 10:34:00,119.529868896,119.529868896,119.529868896,119.529868896
2020-02-10 10:35:00,119.529868896,119.529868896,119.529868896,119.529868896
2020-02-10 10:36:00,119.529868896,119.529868896,119.529868896,119.529868896
2020-02-10 10:37:00,119.60086039272,119.60324512,119.60086039272,119.60324512
2020-02-10 10:38:00,119.60086039272,119.60324512,119.60086039272,119.60324512
2020-02-10 10:39:00,119.60086039272,119.60324512,119.60086039272,119.60324512
2020-02-10 10:40:00,119.60086039272,119.60324512,119.60086039272,119.60324512
2020-02-10 10:41:00,119.60086039272,119.60324512,119.60086039272,119.60324512
2020-02-10 10:42:00,119.598659106,119.598659106,119.598659106,119.598659106
2020-02-10 10:43:00,119.548212952,119.548212952,119.548212952,119.548212952
2020-02-10 10:44:00,119.548212952,119.548212952,119.548212952,119.548212952
2020-02-10 10:45:00,119.55738498,119.55738498,119.55738498,119.55738498
2020-02-10 10:46:00,119.598659106,119.598659106,119.598659106,119.598659106
2020-02-10 10:47:00,119.55738498,119.55738498,119.55738498,119.55738498
2020-02-10 10:48:00,119.55738498,119.55738498,119.55738498,119.55738498
2020-02-10 10:49:00,119.55738498,119.55738498,119.55738498,119.55738498
2020-02-10 10:50:00,119.5991177074,119.5991177074,119.5991177074,119.5991177074
2020-02-10 10:51:00,119.5991177074,119.5991177074,119.5991177074,119.5991177074
2020-02-10 10:52:00,119.5991177074,119.5991177074,119.5991177074,119.5991177074
2020-02-10 10:53:00,119.5991177074,119.5991177074,119.5991177074,119.5991177074
2020-02-10 10:54:00,119.5991177074,119.5991177074,119.5991177074,119.5991177074
2020-02-10 10:55:00,119.5991177074,119.5991177074,119.5991177074,119.5991177074
2020-02-10 10:56:00,119.55738498,119.55738498,119.55738498,119.55738498
2020-02-10 10:57:00,119.55738498,119.55738498,119.55738498,119.55738498
2020-02-10 10:58:00,119.55738498,119.55738498,119.55738498,119.55738498
2020-02-10 10:59:00,119.55738498,119.55738498,119.55738498,119.55738498
2020-02-10 11:00:00,119.55738498,119.55738498,119.55738498,119.55738498
2020-02-10 11:01:00,119.55738498,119.55738498,119.55738498,119.55738498
2020-02-10 11:02:00,119.55738498,119.55738498,119.55738498,119.55738498
2020-02-10 11:03:00,119.55738498,119.55738498,119.55738498,119.55738498
2020-02-10 11:04:00,119.55738498,119.55738498,119.55738498,119.55738498
2020-02-10 11:05:00,119.6069139312,119.621589176,119.6069139312,119.621589176
2020-02-10 11:06:00,119.6069139312,119.621589176,119.6069139312,119.621589176
2020-02-10 11:07:00,119.6069139312,119.621589176,119.6069139312,119.621589176
2020-02-10 11:08:00,119.6069139312,119.621589176,119.6069139312,119.621589176
2020-02-10 11:09:00,119.6069139312,119.621589176,119.6069139312,119.621589176
2020-02-10 11:10:00,119.6069139312,119.621589176,119.6069139312,119.621589176
2020-02-10 11:11:00,119.6069139312,119.621589176,119.6069139312,119.621589176
2020-02-10 11:12:00,119.6069139312,119.621589176,119.6069139312,119.621589176
2020-02-10 11:13:00,119.6069139312,119.621589176,119.6069139312,119.621589176
2020-02-10 11:14:00,119.6069139312,119.621589176,119.6069139312,119.621589176
2020-02-10 11:15:00,119.612417148,119.612417148,119.60324512,119.612417148
2020-02-10 11:16:00,119.639933232,119.639933232,119.639933232,119.639933232
2020-02-10 11:17:00,119.64910526,119.64910526,119.64910526,119.64910526
2020-02-10 11:18:00,119.6683665188,119.6683665188,119.6683665188,119.6683665188
2020-02-10 11:19:00,119.667449316,119.667449316,119.667449316,119.667449316
2020-02-10 11:20:00,119.612417148,119.612417148,119.612417148,119.612417148
2020-02-10 11:21:00,119.612417148,119.612417148,119.612417148,119.612417148
2020-02-10 11:22:00,119.612417148,119.612417148,119.612417148,119.612417148
2020-02-10 11:23:00,119.612417148,119.612417148,119.612417148,119.612417148
2020-02-10 11:24:00,119.589487078,119.589487078,119.589487078,119.589487078
2020-02-10 11:25:00,119.589487078,119.589487078,119.589487078,119.589487078
2020-02-10 11:26:00,119.589487078,119.589487078,119.589487078,119.589487078
2020-02-10 11:27:00,119.589487078,119.589487078,119.589487078,119.589487078
2020-02-10 11:28:00,119.589487078,119.589487078,119.589487078,119.589487078
2020-02-10 11:29:00,119.589487078,119.589487078,119.589487078,119.589487078
2020-02-10 11:30:00,119.62131401516,119.62131401516,119.62131401516,119.62131401516
2020-02-10 11:31:00,119.62131401516,119.62131401516,119.62131401516,119.62131401516
2020-02-10 11:32:00,119.64910526,119.64910526,119.64910526,119.64910526
2020-02-10 11:33:00,119.64910526,119.64910526,119.64910526,119.64910526
2020-02-10 11:34:00,119.64910526,119.64910526,119.64910526,119.64910526
2020-02-10 11:35:00,119.64910526,119.64910526,119.64910526,119.64910526
2020-02-10 11:36:00,119.64910526,119.64910526,119.64910526,119.64910526
2020-02-10 11:37:00,119.64910526,119.64910526,119.64910526,119.64910526
2020-02-10 11:38:00,119.64910526,119.64910526,119.64910526,119.64910526
2020-02-10 11:39:00,119.64910526,119.64910526,119.64910526,119.64910526
2020-02-10 11:40:00,119.64910526,119.64910526,119.64910526,119.64910526
2020-02-10 11:41:00,119.64910526,119.64910526,119.64910526,119.64910526
2020-02-10 11:42:00,119.64910526,119.64910526,119.64910526,119.64910526
2020-02-10 11:43:00,119.64910526,119.64910526,119.64910526,119.64910526
2020-02-10 11:44:00,119.539040924,119.539040924,119.539040924,119.539040924
2020-02-10 11:45:00,119.539040924,119.539040924,119.539040924,119.539040924
2020-02-10 11:46:00,119.539040924,119.539040924,119.539040924,119.539040924
2020-02-10 11:47:00,119.539040924,119.539040924,119.539040924,119.539040924
2020-02-10 11:48:00,119.539040924,119.539040924,119.539040924,119.539040924
2020-02-10 11:49:00,119.539040924,119.539040924,119.539040924,119.539040924
2020-02-10 11:50:00,119.539040924,119.539040924,119.539040924,119.539040924
2020-02-10 11:51:00,119.539040924,119.539040924,119.539040924,119.539040924
2020-02-10 11:52:00,119.539040924,119.539040924,119.539040924,119.539040924
2020-02-10 11:53:00,119.539040924,119.539040924,119.539040924,119.539040924
2020-02-10 11:54:00,119.539040924,119.539040924,119.539040924,119.539040924
2020-02-10 11:55:00,119.539040924,119.539040924,119.539040924,119.539040924
2020-02-10 11:56:00,119.539040924,119.539040924,119.539040924,119.539040924
2020-02-10 11:57:00,119.539040924,119.539040924,119.539040924,119.539040924
2020-02-10 11:58:00,119.539040924,119.539040924,119.539040924,119.539040924
2020-02-10 11:59:00,119.539040924,119.539040924,119.539040924,119.539040924
2020-02-10 12:00:00,119.539040924,119.539040924,119.539040924,119.539040924
2020-02-10 12:01:00,119.539040924,119.539040924,119.539040924,119.539040924
2020-02-10 12:02:00,119.539040924,119.539040924,119.539040924,119.539040924
2020-02-10 12:03:00,119.539040924,119.539040924,119.539040924,119.539040924
2020-02-10 12:04:00,119.539040924,119.539040924,119.539040924,119.539040924
2020-02-10 12:05:00,119.539040924,119.539040924,119.539040924,119.539040924
2020-02-10 12:06:00,119.539040924,119.539040924,119.539040924,119.539040924
2020-02-10 12:07:00,119.539040924,119.539040924,119.539040924,119.539040924
2020-02-10 12:08:00,119.539040924,119.539040924,119.539040924,119.539040924
2020-02-10 12:09:00,119.539040924,119.539040924,119.539040924,119.539040924
2020-02-10 12:10:00,119.539040924,119.539040924,119.539040924,119.539040924
2020-02-10 12:11:00,119.539040924,119.539040924,119.539040924,119.539040924
2020-02-10 12:12:00,119.539040924,119.539040924,119.539040924,119.539040924
2020-02-10 12:13:00,119.539040924,119.539040924,119.539040924,119.539040924
2020-02-10 12:14:00,119.392288476,119.392288476,119.392288476,119.392288476
2020-02-10 12:15:00,119.392288476,119.40613823828,119.392288476,119.40613823828
2020-02-10 12:16:00,119.392288476,119.40613823828,119.392288476,119.40613823828
2020-02-10 12:17:00,119.33844867164,119.33844867164,119.33844867164,119.33844867164
2020-02-10 12:18:00,119.33844867164,119.33844867164,119.33844867164,119.33844867164
2020-02-10 12:19:00,119.33844867164,119.33844867164,119.33844867164,119.33844867164
2020-02-10 12:20:00,119.33844867164,119.33844867164,119.33844867164,119.33844867164
2020-02-10 12:21:00,119.33844867164,119.33844867164,119.33844867164,119.33844867164
2020-02-10 12:22:00,119.37394442,119.37394442,119.37394442,119.37394442
2020-02-10 12:23:00,119.37394442,119.37394442,119.37394442,119.37394442
2020-02-10 12:24:00,119.37394442,119.37394442,119.37394442,119.37394442
2020-02-10 12:25:00,119.37394442,119.37394442,119.37394442,119.37394442
2020-02-10 12:26:00,119.37394442,119.37394442,119.37394442,119.37394442
2020-02-10 12:27:00,119.37394442,119.37394442,119.37394442,119.37394442
2020-02-10 12:28:00,119.37394442,119.37394442,119.37394442,119.37394442
2020-02-10 12:29:00,119.37394442,119.37394442,119.37394442,119.37394442
2020-02-10 12:30:00,119.37394442,119.37394442,119.37394442,119.37394442
2020-02-10 12:31:00,119.37394442,119.37394442,119.37394442,119.37394442
2020-02-10 12:32:00,119.37394442,119.37394442,119.37394442,119.37394442
2020-02-10 12:33:00,119.37394442,119.37394442,119.37394442,119.37394442
2020-02-10 12:34:00,119.37394442,119.37394442,119.37394442,119.37394442
2020-02-10 12:35:00,119.41980456,119.41980456,119.41980456,119.41980456
2020-02-10 12:36:00,119.41980456,119.41980456,119.41980456,119.41980456
2020-02-10 12:37:00,119.41980456,119.41980456,119.41980456,119.41980456
2020-02-10 12:38:00,119.41980456,119.41980456,119.41980456,119.41980456
2020-02-10 12:39:00,119.387702462,119.387702462,119.387702462,119.387702462
2020-02-10 12:40:00,119.387702462,119.387702462,119.387702462,119.387702462
2020-02-10 12:41:00,119.37798011232,119.37798011232,119.37798011232,119.37798011232
2020-02-10 12:42:00,119.37798011232,119.37798011232,119.37798011232,119.37798011232
2020-02-10 12:43:00,119.392288476,119.392288476,119.392288476,119.392288476
2020-02-10 12:44:00,119.392288476,119.392288476,119.392288476,119.392288476
2020-02-10 12:45:00,119.40476243408,119.410632532,119.40155222428,119.410632532
2020-02-10 12:46:00,119.401460504,119.401460504,119.401460504,119.401460504
2020-02-10 12:47:00,119.401460504,119.401460504,119.401460504,119.401460504
2020-02-10 12:48:00,119.401460504,119.401460504,119.401460504,119.401460504
2020-02-10 12:49:00,119.401460504,119.401460504,119.401460504,119.401460504
2020-02-10 12:50:00,119.401460504,119.401460504,119.401460504,119.401460504
2020-02-10 12:51:00,119.401460504,119.401460504,119.401460504,119.401460504
2020-02-10 12:52:00,119.401460504,119.401460504,119.401460504,119.401460504
2020-02-10 12:53:00,119.401460504,119.401460504,119.401460504,119.401460504
2020-02-10 12:54:00,119.410632532,119.410632532,119.410632532,119.410632532
2020-02-10 12:55:00,119.410632532,119.410632532,119.410632532,119.410632532
2020-02-10 12:56:00,119.410632532,119.410632532,119.410632532,119.410632532
2020-02-10 12:57:00,119.410632532,119.410632532,119.410632532,119.410632532
2020-02-10 12:58:00,119.410632532,119.410632532,119.410632532,119.410632532
2020-02-10 12:59:00,119.410632532,119.410632532,119.410632532,119.410632532
2020-02-10 13:00:00,119.410632532,119.410632532,119.410632532,119.410632532
2020-02-10 13:01:00,119.410632532,119.410632532,119.410632532,119.410632532
2020-02-10 13:02:00,119.410632532,119.410632532,119.410632532,119.410632532
2020-02-10 13:03:00,119.410632532,119.410632532,119.410632532,119.410632532
2020-02-10 13:04:00,119.410632532,119.410632532,119.410632532,119.410632532
2020-02-10 13:05:00,119.410632532,119.410632532,119.410632532,119.410632532
2020-02-10 13:06:00,119.410632532,119.410632532,119.410632532,119.410632532
2020-02-10 13:07:00,119.410632532,119.410632532,119.410632532,119.410632532
2020-02-10 13:08:00,119.309740224,119.309740224,119.309740224,119.309740224
2020-02-10 13:09:00,119.309740224,119.309740224,119.309740224,119.309740224
2020-02-10 13:10:00,119.309740224,119.309740224,119.309740224,119.309740224
2020-02-10 13:11:00,119.309740224,119.309740224,119.309740224,119.309740224
2020-02-10 13:12:00,119.309740224,119.309740224,119.309740224,119.309740224
2020-02-10 13:13:00,119.309740224,119.309740224,119.309740224,119.309740224
2020-02-10 13:14:00,119.309740224,119.309740224,119.309740224,119.309740224
2020-02-10 13:15:00,119.309740224,119.309740224,119.309740224,119.309740224
2020-02-10 13:16:00,119.309740224,119.309740224,119.309740224,119.309740224
2020-02-10 13:17:00,119.355600364,119.355600364,119.355600364,119.355600364
2020-02-10 13:18:00,119.355600364,119.355600364,119.355600364,119.355600364
2020-02-10 13:19:00,119.355600364,119.355600364,119.355600364,119.355600364
2020-02-10 13:20:00,119.355600364,119.355600364,119.355600364,119.355600364
2020-02-10 13:21:00,119.355600364,119.355600364,119.355600364,119.355600364
2020-02-10 13:22:00,119.355600364,119.355600364,119.355600364,119.355600364
2020-02-10 13:23:00,119.355600364,119.355600364,119.355600364,119.355600364
2020-02-10 13:24:00,119.355600364,119.355600364,119.355600364,119.355600364
2020-02-10 13:25:00,119.355600364,119.355600364,119.355600364,119.355600364
2020-02-10 13:26:00,119.355600364,119.355600364,119.355600364,119.355600364
2020-02-10 13:27:00,119.37366925916,119.37394442,119.37366925916,119.37394442
2020-02-10 13:28:00,119.37366925916,119.37394442,119.37366925916,119.37394442
2020-02-10 13:29:00,119.37366925916,119.37394442,119.37366925916,119.37394442
2020-02-10 13:30:00,119.37366925916,119.37394442,119.37366925916,119.37394442
2020-02-10 13:31:00,119.37366925916,119.37394442,119.37366925916,119.37394442
2020-02-10 13:32:00,119.37366925916,119.37394442,119.37366925916,119.37394442
2020-02-10 13:33:00,119.37366925916,119.37394442,119.37366925916,119.37394442
2020-02-10 13:34:00,119.37366925916,119.37394442,119.37366925916,119.37394442
2020-02-10 13:35:00,119.37366925916,119.37394442,119.37366925916,119.37394442
2020-02-10 13:36:00,119.37366925916,119.37394442,119.37366925916,119.37394442
2020-02-10 13:37:00,119.37366925916,119.37394442,119.37366925916,119.37394442
2020-02-10 13:38:00,119.37366925916,119.37394442,119.37366925916,119.37394442
2020-02-10 13:39:00,119.37366925916,119.37394442,119.37366925916,119.37394442
2020-02-10 13:40:00,119.37366925916,119.37394442,119.37366925916,119.37394442
2020-02-10 13:41:00,119.37366925916,119.37394442,119.37366925916,119.37394442
2020-02-10 13:42:00,119.37366925916,119.37394442,119.37366925916,119.37394442
2020-02-10 13:43:00,119.37366925916,119.37394442,119.37366925916,119.37394442
2020-02-10 13:44:00,119.37366925916,119.37394442,119.37366925916,119.37394442
2020-02-10 13:45:00,119.37366925916,119.37394442,119.37366925916,119.37394442
2020-02-10 13:46:00,119.37366925916,119.37394442,119.37366925916,119.37394442
2020-02-10 13:47:00,119.37366925916,119.37394442,119.37366925916,119.37394442
2020-02-10 13:48:00,119.37366925916,119.37394442,119.37366925916,119.37394442
2020-02-10 13:49:00,119.37366925916,119.37394442,119.37366925916,119.37394442
2020-02-10 13:50:00,119.37366925916,119.37394442,119.37366925916,119.37394442
2020-02-10 13:51:00,119.33789834996,119.355600364,119.33789834996,119.355600364
2020-02-10 13:52:00,119.33789834996,119.355600364,119.33789834996,119.355600364
2020-02-10 13:53:00,119.33789834996,119.355600364,119.33789834996,119.355600364
2020-02-10 13:54:00,119.33789834996,119.355600364,119.33789834996,119.355600364
2020-02-10 13:55:00,119.355600364,119.355600364,119.355600364,119.355600364
2020-02-10 13:56:00,119.355600364,119.355600364,119.355600364,119.355600364
2020-02-10 13:57:00,119.369358406,119.3574347696,119.3574347696,119.369358406
2020-02-10 13:58:00,119.369358406,119.3574347696,119.3574347696,119.369358406
2020-02-10 13:59:00,119.34606145488,119.34606145488,119.34606145488,119.34606145488
2020-02-10 14:00:00,119.34606145488,119.34606145488,119.34606145488,119.34606145488
2020-02-10 14:01:00,119.34606145488,119.34606145488,119.34606145488,119.34606145488
2020-02-10 14:02:00,119.34606145488,119.34606145488,119.34606145488,119.34606145488
2020-02-10 14:03:00,119.34606145488,119.34606145488,119.34606145488,119.34606145488
2020-02-10 14:04:00,119.34606145488,119.34606145488,119.34606145488,119.34606145488
2020-02-10 14:05:00,119.34606145488,119.34606145488,119.34606145488,119.34606145488
2020-02-10 14:06:00,119.34606145488,119.34606145488,119.34606145488,119.34606145488
2020-02-10 14:07:00,119.34606145488,119.34606145488,119.34606145488,119.34606145488
2020-02-10 14:08:00,119.34606145488,119.34606145488,119.34606145488,119.34606145488
2020-02-10 14:09:00,119.30038475544,119.30038475544,119.30038475544,119.30038475544
2020-02-10 14:10:00,119.30038475544,119.30038475544,119.30038475544,119.30038475544
2020-02-10 14:11:00,119.2964407834,119.2964407834,119.2964407834,119.2964407834
2020-02-10 14:12:00,119.2964407834,119.2964407834,119.2964407834,119.2964407834
2020-02-10 14:13:00,119.2964407834,119.2964407834,119.2964407834,119.2964407834
2020-02-10 14:14:00,119.2964407834,119.2964407834,119.2964407834,119.2964407834
2020-02-10 14:15:00,119.32184730096,119.32184730096,119.32184730096,119.32184730096
2020-02-10 14:16:00,119.32184730096,119.32184730096,119.32184730096,119.32184730096
2020-02-10 14:17:00,119.32184730096,119.32184730096,119.32184730096,119.32184730096
2020-02-10 14:18:00,119.32184730096,119.32184730096,119.32184730096,119.32184730096
2020-02-10 14:19:00,119.32184730096,119.32184730096,119.32184730096,119.32184730096
2020-02-10 14:20:00,119.32184730096,119.32184730096,119.32184730096,119.32184730096
2020-02-10 14:21:00,119.32184730096,119.32184730096,119.32184730096,119.32184730096
2020-02-10 14:22:00,119.32184730096,119.32184730096,119.32184730096,119.32184730096
2020-02-10 14:23:00,119.32184730096,119.32184730096,119.32184730096,119.32184730096
2020-02-10 14:24:00,119.32184730096,119.32184730096,119.32184730096,119.32184730096
2020-02-10 14:25:00,119.32184730096,119.32184730096,119.32184730096,119.32184730096
2020-02-10 14:26:00,119.32184730096,119.32184730096,119.32184730096,119.32184730096
2020-02-10 14:27:00,119.32184730096,119.32184730096,119.32184730096,119.32184730096
2020-02-10 14:28:00,119.32735051776,119.32735051776,119.32735051776,119.32735051776
2020-02-10 14:29:00,119.32735051776,119.32735051776,119.32735051776,119.32735051776
2020-02-10 14:30:00,119.32735051776,119.32735051776,119.32735051776,119.32735051776
2020-02-10 14:31:00,119.32735051776,119.32735051776,119.32735051776,119.32735051776
2020-02-10 14:32:00,119.32735051776,119.32735051776,119.32735051776,119.32735051776
2020-02-10 14:33:00,119.32735051776,119.32735051776,119.32735051776,119.32735051776
2020-02-10 14:34:00,119.3748616228,119.3913712732,119.3583519724,119.392288476
2020-02-10 14:35:00,119.3748616228,119.3913712732,119.3583519724,119.392288476
2020-02-10 14:36:00,119.3748616228,119.3913712732,119.3583519724,119.392288476
2020-02-10 14:37:00,119.3748616228,119.3913712732,119.3583519724,119.392288476
2020-02-10 14:38:00,119.3748616228,119.3913712732,119.3583519724,119.392288476
2020-02-10 14:39:00,119.37394442,119.37394442,119.37394442,119.37394442
2020-02-10 14:40:00,119.37394442,119.37394442,119.37394442,119.37394442
2020-02-10 14:41:00,119.37394442,119.37394442,119.37394442,119.37394442
2020-02-10 14:42:00,119.37394442,119.37394442,119.37394442,119.37394442
2020-02-10 14:43:00,119.34606145488,119.33734802828,119.33734802828,119.34606145488
2020-02-10 14:44:00,119.34606145488,119.33734802828,119.33734802828,119.34606145488
2020-02-10 14:45:00,119.34606145488,119.33734802828,119.33734802828,119.34606145488
2020-02-10 14:46:00,119.34606145488,119.33734802828,119.33734802828,119.34606145488
2020-02-10 14:47:00,119.3317530912,119.3317530912,119.3317530912,119.3317530912
2020-02-10 14:48:00,119.3317530912,119.3317530912,119.3317530912,119.3317530912
2020-02-10 14:49:00,119.3317530912,119.3317530912,119.3317530912,119.3317530912
2020-02-10 14:50:00,119.332670294,119.332670294,119.332670294,119.332670294
2020-02-10 14:51:00,119.332670294,119.332670294,119.332670294,119.332670294
2020-02-10 14:52:00,119.36165390248,119.36165390248,119.36165390248,119.36165390248
2020-02-10 14:53:00,119.36165390248,119.36165390248,119.36165390248,119.36165390248
2020-02-10 14:54:00,119.355600364,119.355600364,119.355600364,119.355600364
2020-02-10 14:55:00,119.355600364,119.355600364,119.355600364,119.355600364
2020-02-10 14:56:00,119.32808428,119.33808179052,119.32808428,119.33808179052
2020-02-10 14:57:00,119.32808428,119.33808179052,119.32808428,119.33808179052
2020-02-10 14:58:00,119.32808428,119.33808179052,119.32808428,119.33808179052
2020-02-10 14:59:00,119.32808428,119.33808179052,119.32808428,119.33808179052
2020-02-10 15:00:00,119.32808428,119.33808179052,119.32808428,119.33808179052
2020-02-10 15:01:00,119.32808428,119.33808179052,119.32808428,119.33808179052
2020-02-10 15:02:00,119.364772392,119.364772392,119.364772392,119.364772392
2020-02-10 15:03:00,119.364772392,119.364772392,119.364772392,119.364772392
2020-02-10 15:04:00,119.364772392,119.364772392,119.364772392,119.364772392
2020-02-10 15:05:00,119.364772392,119.364772392,119.364772392,119.364772392
2020-02-10 15:06:00,119.364772392,119.364772392,119.364772392,119.364772392
2020-02-10 15:07:00,119.364772392,119.364772392,119.364772392,119.364772392
2020-02-10 15:08:00,119.364772392,119.364772392,119.364772392,119.364772392
2020-02-10 15:09:00,119.364772392,119.364772392,119.364772392,119.364772392
2020-02-10 15:10:00,119.364772392,119.364772392,119.364772392,119.364772392
2020-02-10 15:11:00,119.364772392,119.364772392,119.364772392,119.364772392
2020-02-10 15:12:00,119.364772392,119.364772392,119.364772392,119.364772392
2020-02-10 15:13:00,119.364772392,119.364772392,119.364772392,119.364772392
2020-02-10 15:14:00,119.4115497348,119.4115497348,119.4115497348,119.4115497348
2020-02-10 15:15:00,119.4115497348,119.4115497348,119.4115497348,119.4115497348
2020-02-10 15:16:00,119.36238766472,119.36238766472,119.36238766472,119.36238766472
2020-02-10 15:17:00,119.36238766472,119.36238766472,119.36238766472,119.36238766472
2020-02-10 15:18:00,119.32203074152,119.32203074152,119.32203074152,119.32203074152
2020-02-10 15:19:00,119.32203074152,119.32203074152,119.32203074152,119.32203074152
2020-02-10 15:20:00,119.32203074152,119.32203074152,119.32203074152,119.32203074152
2020-02-10 15:21:00,119.32203074152,119.32203074152,119.32203074152,119.32203074152
2020-02-10 15:22:00,119.32203074152,119.32203074152,119.32203074152,119.32203074152
2020-02-10 15:23:00,119.33101932896,119.33101932896,119.33101932896,119.33101932896
2020-02-10 15:24:00,119.33101932896,119.33101932896,119.33101932896,119.33101932896
2020-02-10 15:25:00,119.33101932896,119.33101932896,119.33101932896,119.33101932896
2020-02-10 15:26:00,119.33101932896,119.33101932896,119.33101932896,119.33101932896
2020-02-10 15:27:00,119.33101932896,119.33101932896,119.33101932896,119.33101932896
2020-02-10 15:28:00,119.33101932896,119.33101932896,119.33101932896,119.33101932896
2020-02-10 15:29:00,119.28222414,119.28222414,119.28222414,119.28222414
2020-02-10 15:30:00,119.2418672168,119.2372812028,119.23645572028,119.2418672168
2020-02-10 15:31:00,119.218019944,119.218019944,119.218019944,119.218019944
2020-02-10 15:32:00,119.218019944,119.218019944,119.218019944,119.218019944
2020-02-10 15:33:00,119.218019944,119.218019944,119.218019944,119.218019944
2020-02-10 15:34:00,119.218019944,119.218019944,119.218019944,119.218019944
2020-02-10 15:35:00,119.218019944,119.218019944,119.218019944,119.218019944
2020-02-10 15:36:00,119.218019944,119.218019944,119.218019944,119.218019944
2020-02-10 15:37:00,119.218019944,119.218019944,119.218019944,119.218019944
2020-02-10 15:38:00,119.218019944,119.218019944,119.218019944,119.218019944
2020-02-10 15:39:00,119.218019944,119.218019944,119.218019944,119.218019944
2020-02-10 15:40:00,119.218019944,119.218019944,119.218019944,119.218019944
2020-02-10 15:41:00,119.218019944,119.218019944,119.218019944,119.218019944
2020-02-10 15:42:00,119.218019944,119.218019944,119.218019944,119.218019944
2020-02-10 15:43:00,119.218019944,119.218019944,119.218019944,119.218019944
2020-02-10 15:44:00,119.218019944,119.218019944,119.218019944,119.218019944
2020-02-10 15:45:00,119.218019944,119.218019944,119.218019944,119.218019944
2020-02-10 15:46:00,119.218019944,119.218019944,119.218019944,119.218019944
2020-02-10 15:47:00,119.218019944,119.218019944,119.218019944,119.218019944
2020-02-10 15:48:00,119.218019944,119.218019944,119.218019944,119.218019944
2020-02-10 15:49:00,119.218019944,119.218019944,119.218019944,119.218019944
2020-02-10 15:50:00,119.218019944,119.218019944,119.218019944,119.218019944
2020-02-10 15:51:00,119.218019944,119.218019944,119.218019944,119.218019944
2020-02-10 15:52:00,119.218019944,119.218019944,119.218019944,119.218019944
2020-02-10 15:53:00,119.218019944,119.218019944,119.218019944,119.218019944
2020-02-10 15:54:00,119.218019944,119.218019944,119.218019944,119.218019944
2020-02-10 15:55:00,119.218019944,119.218019944,119.218019944,119.218019944
2020-02-10 15:56:00,119.218019944,119.218019944,119.218019944,119.218019944
2020-02-10 15:57:00,119.218019944,119.218019944,119.218019944,119.218019944
2020-02-10 15:58:00,119.218019944,119.218019944,119.218019944,119.218019944
2020-02-10 15:59:00,119.218019944,119.218019944,119.218019944,119.218019944
2020-02-10 16:00:00,119.410632532,119.291396168,119.291396168,119.410632532
2020-02-11 09:31:00,119.428976588,119.887577988,119.428976588,119.887577988
2020-02-11 09:32:00,119.93307124688,119.93307124688,119.93307124688,119.93307124688
2020-02-11 09:33:00,119.93307124688,119.93307124688,119.93307124688,119.93307124688
2020-02-11 09:34:00,119.93307124688,119.93307124688,119.93307124688,119.93307124688
2020-02-11 09:35:00,119.93307124688,119.93307124688,119.93307124688,119.93307124688
2020-02-11 09:36:00,119.93307124688,119.93307124688,119.93307124688,119.93307124688
2020-02-11 09:37:00,120.144394772,120.144394772,120.144394772,120.144394772
2020-02-11 09:38:00,120.071018548,120.071018548,120.071018548,120.071018548
2020-02-11 09:39:00,120.181082884,120.1535668,120.1535668,120.181082884
2020-02-11 09:40:00,120.181082884,120.1535668,120.1535668,120.181082884
2020-02-11 09:41:00,120.181082884,120.1535668,120.1535668,120.181082884
2020-02-11 09:42:00,120.181082884,120.1535668,120.1535668,120.181082884
2020-02-11 09:43:00,120.181082884,120.1535668,120.1535668,120.181082884
2020-02-11 09:44:00,120.181082884,120.1535668,120.1535668,120.181082884
2020-02-11 09:45:00,120.181082884,120.1535668,120.1535668,120.181082884
2020-02-11 09:46:00,120.236115052,120.236115052,120.236115052,120.236115052
2020-02-11 09:47:00,120.236115052,120.236115052,120.236115052,120.236115052
2020-02-11 09:48:00,120.236115052,120.236115052,120.236115052,120.236115052
2020-02-11 09:49:00,120.236115052,120.236115052,120.236115052,120.236115052
2020-02-11 09:50:00,120.236115052,120.236115052,120.236115052,120.236115052
2020-02-11 09:51:00,120.236115052,120.236115052,120.236115052,120.236115052
2020-02-11 09:52:00,120.236115052,120.236115052,120.236115052,120.236115052
2020-02-11 09:53:00,120.355351416,120.318663304,120.318663304,120.355351416
2020-02-11 09:54:00,120.43019516448,120.43019516448,120.43019516448,120.43019516448
2020-02-11 09:55:00,120.43019516448,120.43019516448,120.43019516448,120.43019516448
2020-02-11 09:56:00,120.43019516448,120.43019516448,120.43019516448,120.43019516448
2020-02-11 09:57:00,120.43019516448,120.43019516448,120.43019516448,120.43019516448
2020-02-11 09:58:00,120.43019516448,120.43019516448,120.43019516448,120.43019516448
2020-02-11 09:59:00,120.43019516448,120.43019516448,120.43019516448,120.43019516448
2020-02-11 10:00:00,120.57373740268,120.57373740268,120.57373740268,120.57373740268
2020-02-11 10:01:00,120.57373740268,120.57373740268,120.57373740268,120.57373740268
2020-02-11 10:02:00,120.57373740268,120.57373740268,120.57373740268,120.57373740268
2020-02-11 10:03:00,120.777264704,120.777264704,120.777264704,120.777264704
2020-02-11 10:04:00,120.777264704,120.777264704,120.777264704,120.777264704
2020-02-11 10:05:00,120.777264704,120.777264704,120.777264704,120.777264704
2020-02-11 10:06:00,120.777264704,120.777264704,120.777264704,120.777264704
2020-02-11 10:07:00,120.777264704,120.777264704,120.777264704,120.777264704
2020-02-11 10:08:00,120.777264704,120.777264704,120.777264704,120.777264704
2020-02-11 10:09:00,120.777264704,120.777264704,120.777264704,120.777264704
2020-02-11 10:10:00,120.777264704,120.777264704,120.777264704,120.777264704
2020-02-11 10:11:00,121.0707696,121.052425544,121.052425544,121.0707696
2020-02-11 10:12:00,121.0707696,121.052425544,121.052425544,121.0707696
2020-02-11 10:13:00,121.10626534836,121.10626534836,121.10626534836,121.10626534836
2020-02-11 10:14:00,121.10626534836,121.10626534836,121.10626534836,121.10626534836
2020-02-11 10:15:00,121.10626534836,121.10626534836,121.10626534836,121.10626534836
2020-02-11 10:16:00,121.10626534836,121.10626534836,121.10626534836,121.10626534836
2020-02-11 10:17:00,121.11186028544,121.11186028544,121.11186028544,121.11186028544
2020-02-11 10:18:00,121.11186028544,121.11186028544,121.11186028544,121.11186028544
2020-02-11 10:19:00,121.11186028544,121.11186028544,121.11186028544,121.11186028544
2020-02-11 10:20:00,121.11186028544,121.11186028544,121.11186028544,121.11186028544
2020-02-11 10:21:00,121.11186028544,121.11186028544,121.11186028544,121.11186028544
2020-02-11 10:22:00,121.125801768,121.125801768,121.125801768,121.125801768
2020-02-11 10:23:00,121.125801768,121.125801768,121.125801768,121.125801768
2020-02-11 10:24:00,121.125801768,121.125801768,121.125801768,121.125801768
2020-02-11 10:25:00,121.125801768,121.125801768,121.125801768,121.125801768
2020-02-11 10:26:00,121.125801768,121.125801768,121.125801768,121.125801768
2020-02-11 10:27:00,121.098285684,121.098285684,121.098285684,121.098285684
2020-02-11 10:28:00,121.098285684,121.098285684,121.098285684,121.098285684
2020-02-11 10:29:00,121.098285684,121.098285684,121.098285684,121.098285684
2020-02-11 10:30:00,121.098285684,121.098285684,121.098285684,121.098285684
2020-02-11 10:31:00,121.098285684,121.098285684,121.098285684,121.098285684
2020-02-11 10:32:00,121.098285684,121.098285684,121.098285684,121.098285684
2020-02-11 10:33:00,121.098285684,121.098285684,121.098285684,121.098285684
2020-02-11 10:34:00,121.098285684,121.098285684,121.098285684,121.098285684
2020-02-11 10:35:00,121.098285684,121.098285684,121.098285684,121.098285684
2020-02-11 10:36:00,121.098285684,121.098285684,121.098285684,121.098285684
2020-02-11 10:37:00,121.098285684,121.098285684,121.098285684,121.098285684
2020-02-11 10:38:00,121.098285684,121.098285684,121.098285684,121.098285684
2020-02-11 10:39:00,120.95630269056,120.951533236,120.9350235856,120.95630269056
2020-02-11 10:40:00,120.95630269056,120.951533236,120.9350235856,120.95630269056
2020-02-11 10:41:00,120.95630269056,120.951533236,120.9350235856,120.95630269056
2020-02-11 10:42:00,121.02931203344,121.02931203344,121.02931203344,121.02931203344
2020-02-11 10:43:00,121.02931203344,121.02931203344,121.02931203344,121.02931203344
2020-02-11 10:44:00,121.079941628,121.0707696,121.0707696,121.079941628
2020-02-11 10:45:00,121.079941628,121.0707696,121.0707696,121.079941628
2020-02-11 10:46:00,121.079941628,121.0707696,121.0707696,121.079941628
2020-02-11 10:47:00,121.079941628,121.0707696,121.0707696,121.079941628
2020-02-11 10:48:00,121.079941628,121.0707696,121.0707696,121.079941628
2020-02-11 10:49:00,121.079941628,121.0707696,121.0707696,121.079941628
2020-02-11 10:50:00,121.079941628,121.0707696,121.0707696,121.079941628
2020-02-11 10:51:00,121.0707696,121.0707696,121.0707696,121.0707696
2020-02-11 10:52:00,121.0707696,121.0707696,121.0707696,121.0707696
2020-02-11 10:53:00,121.0707696,121.0707696,121.0707696,121.0707696
2020-02-11 10:54:00,121.0707696,121.0707696,121.0707696,121.0707696
2020-02-11 10:55:00,121.052425544,121.052425544,121.052425544,121.052425544
2020-02-11 10:56:00,121.052425544,121.052425544,121.052425544,121.052425544
2020-02-11 10:57:00,121.052425544,121.052425544,121.052425544,121.052425544
2020-02-11 10:58:00,121.052425544,121.052425544,121.052425544,121.052425544
2020-02-11 10:59:00,121.052425544,121.052425544,121.052425544,121.052425544
2020-02-11 11:00:00,121.052425544,121.052425544,121.052425544,121.052425544
2020-02-11 11:01:00,121.052425544,121.052425544,121.052425544,121.052425544
2020-02-11 11:02:00,121.052425544,121.052425544,121.052425544,121.052425544
2020-02-11 11:03:00,121.052425544,121.052425544,121.052425544,121.052425544
2020-02-11 11:04:00,121.052425544,121.052425544,121.052425544,121.052425544
2020-02-11 11:05:00,121.052425544,121.052425544,121.052425544,121.052425544
2020-02-11 11:06:00,121.052425544,121.052425544,121.052425544,121.052425544
2020-02-11 11:07:00,121.052425544,121.052425544,121.052425544,121.052425544
2020-02-11 11:08:00,121.052425544,121.052425544,121.052425544,121.052425544
2020-02-11 11:09:00,121.052425544,121.052425544,121.052425544,121.052425544
2020-02-11 11:10:00,121.052425544,121.052425544,121.052425544,121.052425544
2020-02-11 11:11:00,121.052425544,121.052425544,121.052425544,121.052425544
2020-02-11 11:12:00,121.052425544,121.052425544,121.052425544,121.052425544
2020-02-11 11:13:00,120.722232536,120.722232536,120.722232536,120.722232536
2020-02-11 11:14:00,120.722232536,120.722232536,120.722232536,120.722232536
2020-02-11 11:15:00,120.722232536,120.722232536,120.722232536,120.722232536
2020-02-11 11:16:00,120.722232536,120.722232536,120.722232536,120.722232536
2020-02-11 11:17:00,120.722232536,120.722232536,120.722232536,120.722232536
2020-02-11 11:18:00,120.722232536,120.722232536,120.722232536,120.722232536
2020-02-11 11:19:00,120.722232536,120.722232536,120.722232536,120.722232536
2020-02-11 11:20:00,120.758920648,120.758920648,120.758920648,120.758920648
2020-02-11 11:21:00,120.758920648,120.758920648,120.758920648,120.758920648
2020-02-11 11:22:00,120.758920648,120.758920648,120.758920648,120.758920648
2020-02-11 11:23:00,120.7781819068,120.7781819068,120.7781819068,120.7781819068
2020-02-11 11:24:00,120.7781819068,120.7781819068,120.7781819068,120.7781819068
2020-02-11 11:25:00,120.7781819068,120.7781819068,120.7781819068,120.7781819068
2020-02-11 11:26:00,120.7781819068,120.7781819068,120.7781819068,120.7781819068
2020-02-11 11:27:00,120.7781819068,120.7781819068,120.7781819068,120.7781819068
2020-02-11 11:28:00,120.7185637248,120.6887546338,120.6887546338,120.7185637248
2020-02-11 11:29:00,120.7185637248,120.6887546338,120.6887546338,120.7185637248
2020-02-11 11:30:00,120.7185637248,120.6887546338,120.6887546338,120.7185637248
2020-02-11 11:31:00,120.6937992492,120.6937992492,120.6937992492,120.6937992492
2020-02-11 11:32:00,120.6937992492,120.6937992492,120.6937992492,120.6937992492
2020-02-11 11:33:00,120.6937992492,120.6937992492,120.6937992492,120.6937992492
2020-02-11 11:34:00,120.6937992492,120.6937992492,120.6937992492,120.6937992492
2020-02-11 11:35:00,120.57621385024,120.57621385024,120.57621385024,120.57621385024
2020-02-11 11:36:00,120.57621385024,120.57621385024,120.57621385024,120.57621385024
2020-02-11 11:37:00,120.57621385024,120.57621385024,120.57621385024,120.57621385024
2020-02-11 11:38:00,120.57621385024,120.57621385024,120.57621385024,120.57621385024
2020-02-11 11:39:00,120.57621385024,120.57621385024,120.57621385024,120.57621385024
2020-02-11 11:40:00,120.616754214,120.616754214,120.616754214,120.616754214
2020-02-11 11:41:00,120.584652116,120.60244585032,120.584652116,120.60244585032
2020-02-11 11:42:00,120.584652116,120.60244585032,120.584652116,120.60244585032
2020-02-11 11:43:00,120.584652116,120.60244585032,120.584652116,120.60244585032
2020-02-11 11:44:00,120.584652116,120.60244585032,120.584652116,120.60244585032
2020-02-11 11:45:00,120.685544424,120.685544424,120.685544424,120.685544424
2020-02-11 11:46:00,120.685544424,120.685544424,120.685544424,120.685544424
2020-02-11 11:47:00,120.685544424,120.685544424,120.685544424,120.685544424
2020-02-11 11:48:00,120.685544424,120.685544424,120.685544424,120.685544424
2020-02-11 11:49:00,120.685544424,120.685544424,120.685544424,120.685544424
2020-02-11 11:50:00,120.685544424,120.685544424,120.685544424,120.685544424
2020-02-11 11:51:00,120.685544424,120.685544424,120.685544424,120.685544424
2020-02-11 11:52:00,120.685544424,120.685544424,120.685544424,120.685544424
2020-02-11 11:53:00,120.685544424,120.685544424,120.685544424,120.685544424
2020-02-11 11:54:00,120.69535849396,120.69535849396,120.69535849396,120.69535849396
2020-02-11 11:55:00,120.69535849396,120.69535849396,120.69535849396,120.69535849396
2020-02-11 11:56:00,120.69535849396,120.69535849396,120.69535849396,120.69535849396
2020-02-11 11:57:00,120.69535849396,120.69535849396,120.69535849396,120.69535849396
2020-02-11 11:58:00,120.69535849396,120.69535849396,120.69535849396,120.69535849396
2020-02-11 11:59:00,120.69535849396,120.69535849396,120.69535849396,120.69535849396
2020-02-11 12:00:00,120.667200368,120.667200368,120.667200368,120.667200368
2020-02-11 12:01:00,120.667200368,120.667200368,120.667200368,120.667200368
2020-02-11 12:02:00,120.667200368,120.667200368,120.667200368,120.667200368
2020-02-11 12:03:00,120.667200368,120.667200368,120.667200368,120.667200368
2020-02-11 12:04:00,120.667200368,120.667200368,120.667200368,120.667200368
2020-02-11 12:05:00,120.667200368,120.667200368,120.667200368,120.667200368
2020-02-11 12:06:00,120.667200368,120.667200368,120.667200368,120.667200368
2020-02-11 12:07:00,120.662614354,120.662614354,120.662614354,120.662614354
2020-02-11 12:08:00,120.662614354,120.662614354,120.662614354,120.662614354
2020-02-11 12:09:00,120.72058157096,120.72058157096,120.72058157096,120.72058157096
2020-02-11 12:10:00,120.72058157096,120.72058157096,120.72058157096,120.72058157096
2020-02-11 12:11:00,120.740576592,120.740576592,120.740576592,120.740576592
2020-02-11 12:12:00,120.740576592,120.740576592,120.740576592,120.740576592
2020-02-11 12:13:00,120.740576592,120.740576592,120.740576592,120.740576592
2020-02-11 12:14:00,120.740576592,120.740576592,120.740576592,120.740576592
2020-02-11 12:15:00,120.740576592,120.740576592,120.740576592,120.740576592
2020-02-11 12:16:00,120.740576592,120.740576592,120.740576592,120.740576592
2020-02-11 12:17:00,120.740576592,120.740576592,120.740576592,120.740576592
2020-02-11 12:18:00,120.7625894592,120.7625894592,120.7625894592,120.7625894592
2020-02-11 12:19:00,120.7625894592,120.7625894592,120.7625894592,120.7625894592
2020-02-11 12:20:00,120.7625894592,120.7625894592,120.7625894592,120.7625894592
2020-02-11 12:21:00,120.7625894592,120.7625894592,120.7625894592,120.7625894592
2020-02-11 12:22:00,120.832296872,120.832296872,120.832296872,120.832296872
2020-02-11 12:23:00,120.832296872,120.832296872,120.832296872,120.832296872
2020-02-11 12:24:00,120.832296872,120.832296872,120.832296872,120.832296872
2020-02-11 12:25:00,120.832296872,120.832296872,120.832296872,120.832296872
2020-02-11 12:26:00,120.832296872,120.832296872,120.832296872,120.832296872
2020-02-11 12:27:00,120.832296872,120.832296872,120.832296872,120.832296872
2020-02-11 12:28:00,120.832296872,120.832296872,120.832296872,120.832296872
2020-02-11 12:29:00,120.832296872,120.832296872,120.832296872,120.832296872
2020-02-11 12:30:00,120.832296872,120.832296872,120.832296872,120.832296872
2020-02-11 12:31:00,120.832296872,120.832296872,120.832296872,120.832296872
2020-02-11 12:32:00,120.832296872,120.832296872,120.832296872,120.832296872
2020-02-11 12:33:00,120.832296872,120.832296872,120.832296872,120.832296872
2020-02-11 12:34:00,120.832296872,120.832296872,120.832296872,120.832296872
2020-02-11 12:35:00,120.832296872,120.832296872,120.832296872,120.832296872
2020-02-11 12:36:00,120.832296872,120.832296872,120.832296872,120.832296872
2020-02-11 12:37:00,120.832296872,120.832296872,120.832296872,120.832296872
2020-02-11 12:38:00,120.832296872,120.832296872,120.832296872,120.832296872
2020-02-11 12:39:00,120.832296872,120.832296872,120.832296872,120.832296872
2020-02-11 12:40:00,120.81422797684,120.8056979908,120.8056979908,120.81422797684
2020-02-11 12:41:00,120.81422797684,120.8056979908,120.8056979908,120.81422797684
2020-02-11 12:42:00,120.81422797684,120.8056979908,120.8056979908,120.81422797684
2020-02-11 12:43:00,120.81422797684,120.8056979908,120.8056979908,120.81422797684
2020-02-11 12:44:00,120.81422797684,120.8056979908,120.8056979908,120.81422797684
2020-02-11 12:45:00,120.81422797684,120.8056979908,120.8056979908,120.81422797684
2020-02-11 12:46:00,120.81422797684,120.8056979908,120.8056979908,120.81422797684
2020-02-11 12:47:00,120.81422797684,120.8056979908,120.8056979908,120.81422797684
2020-02-11 12:48:00,120.81422797684,120.8056979908,120.8056979908,120.81422797684
2020-02-11 12:49:00,120.81422797684,120.8056979908,120.8056979908,120.81422797684
2020-02-11 12:50:00,120.81422797684,120.8056979908,120.8056979908,120.81422797684
2020-02-11 12:51:00,120.81422797684,120.8056979908,120.8056979908,120.81422797684
2020-02-11 12:52:00,120.81422797684,120.8056979908,120.8056979908,120.81422797684
2020-02-11 12:53:00,120.81422797684,120.8056979908,120.8056979908,120.81422797684
2020-02-11 12:54:00,120.81422797684,120.8056979908,120.8056979908,120.81422797684
2020-02-11 12:55:00,120.81422797684,120.8056979908,120.8056979908,120.81422797684
2020-02-11 12:56:00,120.809366802,120.809366802,120.809366802,120.809366802
2020-02-11 12:57:00,120.809366802,120.809366802,120.809366802,120.809366802
2020-02-11 12:58:00,120.809366802,120.809366802,120.809366802,120.809366802
2020-02-11 12:59:00,120.809366802,120.809366802,120.809366802,120.809366802
2020-02-11 13:00:00,120.809366802,120.809366802,120.809366802,120.809366802
2020-02-11 13:01:00,120.809366802,120.809366802,120.809366802,120.809366802
2020-02-11 13:02:00,120.809366802,120.809366802,120.809366802,120.809366802
2020-02-11 13:03:00,120.809366802,120.809366802,120.809366802,120.809366802
2020-02-11 13:04:00,120.809366802,120.809366802,120.809366802,120.809366802
2020-02-11 13:05:00,120.809366802,120.809366802,120.809366802,120.809366802
2020-02-11 13:06:00,120.809366802,120.809366802,120.809366802,120.809366802
2020-02-11 13:07:00,120.781850718,120.781850718,120.781850718,120.781850718
2020-02-11 13:08:00,120.781850718,120.781850718,120.781850718,120.781850718
2020-02-11 13:09:00,120.777264704,120.777264704,120.777264704,120.777264704
2020-02-11 13:10:00,120.777264704,120.777264704,120.777264704,120.777264704
2020-02-11 13:11:00,120.777264704,120.777264704,120.777264704,120.777264704
2020-02-11 13:12:00,120.777264704,120.777264704,120.777264704,120.777264704
2020-02-11 13:13:00,120.777264704,120.777264704,120.777264704,120.777264704
2020-02-11 13:14:00,120.777264704,120.777264704,120.777264704,120.777264704
2020-02-11 13:15:00,120.717646522,120.70388848,120.70388848,120.717646522
2020-02-11 13:16:00,120.717646522,120.70388848,120.70388848,120.717646522
2020-02-11 13:17:00,120.717646522,120.70388848,120.70388848,120.717646522
2020-02-11 13:18:00,120.717646522,120.70388848,120.70388848,120.717646522
2020-02-11 13:19:00,120.717646522,120.70388848,120.70388848,120.717646522
2020-02-11 13:20:00,120.717646522,120.70388848,120.70388848,120.717646522
2020-02-11 13:21:00,120.717646522,120.70388848,120.70388848,120.717646522
2020-02-11 13:22:00,120.717646522,120.70388848,120.70388848,120.717646522
2020-02-11 13:23:00,120.717646522,120.70388848,120.70388848,120.717646522
2020-02-11 13:24:00,120.717646522,120.70388848,120.70388848,120.717646522
2020-02-11 13:25:00,120.717646522,120.70388848,120.70388848,120.717646522
2020-02-11 13:26:00,120.717646522,120.70388848,120.70388848,120.717646522
2020-02-11 13:27:00,120.717646522,120.70388848,120.70388848,120.717646522
2020-02-11 13:28:00,120.717646522,120.70388848,120.70388848,120.717646522
2020-02-11 13:29:00,120.717646522,120.70388848,120.70388848,120.717646522
2020-02-11 13:30:00,120.813952816,120.813952816,120.813952816,120.813952816
2020-02-11 13:31:00,120.813952816,120.813952816,120.813952816,120.813952816
2020-02-11 13:32:00,120.813952816,120.813952816,120.813952816,120.813952816
2020-02-11 13:33:00,120.813952816,120.813952816,120.813952816,120.813952816
2020-02-11 13:34:00,120.832296872,120.832296872,120.832296872,120.832296872
2020-02-11 13:35:00,120.832296872,120.832296872,120.832296872,120.832296872
2020-02-11 13:36:00,120.832296872,120.832296872,120.832296872,120.832296872
2020-02-11 13:37:00,120.832296872,120.832296872,120.832296872,120.832296872
2020-02-11 13:38:00,120.832296872,120.832296872,120.832296872,120.832296872
2020-02-11 13:39:00,120.832296872,120.832296872,120.832296872,120.832296872
2020-02-11 13:40:00,120.85678618676,120.85678618676,120.85678618676,120.85678618676
2020-02-11 13:41:00,120.85678618676,120.85678618676,120.85678618676,120.85678618676
2020-02-11 13:42:00,120.85678618676,120.85678618676,120.85678618676,120.85678618676
2020-02-11 13:43:00,120.85678618676,120.85678618676,120.85678618676,120.85678618676
2020-02-11 13:44:00,120.85678618676,120.85678618676,120.85678618676,120.85678618676
2020-02-11 13:45:00,120.85678618676,120.85678618676,120.85678618676,120.85678618676
2020-02-11 13:46:00,120.85678618676,120.85678618676,120.85678618676,120.85678618676
2020-02-11 13:47:00,120.85678618676,120.85678618676,120.85678618676,120.85678618676
2020-02-11 13:48:00,120.85678618676,120.85678618676,120.85678618676,120.85678618676
2020-02-11 13:49:00,120.850640928,120.850640928,120.850640928,120.850640928
2020-02-11 13:50:00,120.850640928,120.850640928,120.850640928,120.850640928
2020-02-11 13:51:00,120.850640928,120.850640928,120.850640928,120.850640928
2020-02-11 13:52:00,120.850640928,120.850640928,120.850640928,120.850640928
2020-02-11 13:53:00,120.850640928,120.850640928,120.850640928,120.850640928
2020-02-11 13:54:00,120.850640928,120.850640928,120.850640928,120.850640928
2020-02-11 13:55:00,120.850640928,120.850640928,120.850640928,120.850640928
2020-02-11 13:56:00,120.850640928,120.850640928,120.850640928,120.850640928
2020-02-11 13:57:00,120.850640928,120.850640928,120.850640928,120.850640928
2020-02-11 13:58:00,120.850640928,120.850640928,120.850640928,120.850640928
2020-02-11 13:59:00,120.850640928,120.850640928,120.850640928,120.850640928
2020-02-11 14:00:00,120.850640928,120.850640928,120.850640928,120.850640928
2020-02-11 14:01:00,120.850640928,120.850640928,120.850640928,120.850640928
2020-02-11 14:02:00,120.850640928,120.850640928,120.850640928,120.850640928
2020-02-11 14:03:00,120.850640928,120.850640928,120.850640928,120.850640928
2020-02-11 14:04:00,120.850640928,120.850640928,120.850640928,120.850640928
2020-02-11 14:05:00,120.850640928,120.850640928,120.850640928,120.850640928
2020-02-11 14:06:00,120.62491731892,120.621340228,120.621340228,120.62491731892
2020-02-11 14:07:00,120.62491731892,120.621340228,120.621340228,120.62491731892
2020-02-11 14:08:00,120.62491731892,120.621340228,120.621340228,120.62491731892
2020-02-11 14:09:00,120.62491731892,120.621340228,120.621340228,120.62491731892
2020-02-11 14:10:00,120.616754214,120.616754214,120.616754214,120.616754214
2020-02-11 14:11:00,120.616754214,120.616754214,120.616754214,120.616754214
2020-02-11 14:12:00,120.616754214,120.616754214,120.616754214,120.616754214
2020-02-11 14:13:00,120.616754214,120.616754214,120.616754214,120.616754214
2020-02-11 14:14:00,120.616754214,120.616754214,120.616754214,120.616754214
2020-02-11 14:15:00,120.616754214,120.616754214,120.616754214,120.616754214
2020-02-11 14:16:00,120.538791976,120.538791976,120.538791976,120.538791976
2020-02-11 14:17:00,120.538791976,120.538791976,120.538791976,120.538791976
2020-02-11 14:18:00,120.538791976,120.538791976,120.538791976,120.538791976
2020-02-11 14:19:00,120.538791976,120.538791976,120.538791976,120.538791976
2020-02-11 14:20:00,120.55429270332,120.55429270332,120.55429270332,120.55429270332
2020-02-11 14:21:00,120.55429270332,120.55429270332,120.55429270332,120.55429270332
2020-02-11 14:22:00,120.55429270332,120.55429270332,120.55429270332,120.55429270332
2020-02-11 14:23:00,120.55429270332,120.55429270332,120.55429270332,120.55429270332
2020-02-11 14:24:00,120.5007280598,120.49907709476,120.49907709476,120.5007280598
2020-02-11 14:25:00,120.5007280598,120.49907709476,120.49907709476,120.5007280598
2020-02-11 14:26:00,120.5007280598,120.49907709476,120.49907709476,120.5007280598
2020-02-11 14:27:00,120.5007280598,120.49907709476,120.49907709476,120.5007280598
2020-02-11 14:28:00,120.53200467528,120.52044792,120.49311527656,120.53200467528
2020-02-11 14:29:00,120.53200467528,120.52044792,120.49311527656,120.53200467528
2020-02-11 14:30:00,120.53200467528,120.52044792,120.49311527656,120.53200467528
2020-02-11 14:31:00,120.53200467528,120.52044792,120.49311527656,120.53200467528
2020-02-11 14:32:00,120.53200467528,120.52044792,120.49311527656,120.53200467528
2020-02-11 14:33:00,120.53200467528,120.52044792,120.49311527656,120.53200467528
2020-02-11 14:34:00,120.53200467528,120.52044792,120.49311527656,120.53200467528
2020-02-11 14:35:00,120.53200467528,120.52044792,120.49311527656,120.53200467528
2020-02-11 14:36:00,120.53200467528,120.52044792,120.49311527656,120.53200467528
2020-02-11 14:37:00,120.671786382,120.671786382,120.671786382,120.671786382
2020-02-11 14:38:00,120.671786382,120.671786382,120.671786382,120.671786382
2020-02-11 14:39:00,120.671786382,120.671786382,120.671786382,120.671786382
2020-02-11 14:40:00,120.671786382,120.671786382,120.671786382,120.671786382
2020-02-11 14:41:00,120.671786382,120.671786382,120.671786382,120.671786382
2020-02-11 14:42:00,120.593824144,120.593824144,120.593824144,120.593824144
2020-02-11 14:43:00,120.593824144,120.593824144,120.593824144,120.593824144
2020-02-11 14:44:00,120.593824144,120.593824144,120.593824144,120.593824144
2020-02-11 14:45:00,120.593824144,120.593824144,120.593824144,120.593824144
2020-02-11 14:46:00,120.584652116,120.584652116,120.584652116,120.584652116
2020-02-11 14:47:00,120.56933482924,120.56933482924,120.56933482924,120.56933482924
2020-02-11 14:48:00,120.56933482924,120.56933482924,120.56933482924,120.56933482924
2020-02-11 14:49:00,120.5736456824,120.5736456824,120.5736456824,120.5736456824
2020-02-11 14:50:00,120.5736456824,120.5736456824,120.5736456824,120.5736456824
2020-02-11 14:51:00,120.5736456824,120.5736456824,120.5736456824,120.5736456824
2020-02-11 14:52:00,120.5736456824,120.5736456824,120.5736456824,120.5736456824
2020-02-11 14:53:00,120.5736456824,120.5736456824,120.5736456824,120.5736456824
2020-02-11 14:54:00,120.5736456824,120.5736456824,120.5736456824,120.5736456824
2020-02-11 14:55:00,120.5736456824,120.5736456824,120.5736456824,120.5736456824
2020-02-11 14:56:00,120.5736456824,120.5736456824,120.5736456824,120.5736456824
2020-02-11 14:57:00,120.5736456824,120.5736456824,120.5736456824,120.5736456824
2020-02-11 14:58:00,120.5736456824,120.5736456824,120.5736456824,120.5736456824
2020-02-11 14:59:00,120.492931836,120.492931836,120.492931836,120.492931836
2020-02-11 15:00:00,120.492931836,120.492931836,120.492931836,120.492931836
2020-02-11 15:01:00,120.492931836,120.492931836,120.492931836,120.492931836
2020-02-11 15:02:00,120.47009348628,120.47009348628,120.47009348628,120.47009348628
2020-02-11 15:03:00,120.47009348628,120.47009348628,120.47009348628,120.47009348628
2020-02-11 15:04:00,120.47009348628,120.47009348628,120.47009348628,120.47009348628
2020-02-11 15:05:00,120.47009348628,120.47009348628,120.47009348628,120.47009348628
2020-02-11 15:06:00,120.47009348628,120.47009348628,120.47009348628,120.47009348628
2020-02-11 15:07:00,120.47009348628,120.47009348628,120.47009348628,120.47009348628
2020-02-11 15:08:00,120.47009348628,120.47009348628,120.47009348628,120.47009348628
2020-02-11 15:09:00,120.47009348628,120.47009348628,120.47009348628,120.47009348628
2020-02-11 15:10:00,120.47009348628,120.47009348628,120.47009348628,120.47009348628
2020-02-11 15:11:00,120.47009348628,120.47009348628,120.47009348628,120.47009348628
2020-02-11 15:12:00,120.4268932344,120.4268932344,120.4268932344,120.4268932344
2020-02-11 15:13:00,120.419555612,120.419555612,120.419555612,120.419555612
2020-02-11 15:14:00,120.419555612,120.419555612,120.419555612,120.419555612
2020-02-11 15:15:00,120.419555612,120.419555612,120.419555612,120.419555612
2020-02-11 15:16:00,120.419555612,120.419555612,120.419555612,120.419555612
2020-02-11 15:17:00,120.419555612,120.419555612,120.419555612,120.419555612
2020-02-11 15:18:00,120.419555612,120.419555612,120.419555612,120.419555612
2020-02-11 15:19:00,120.419555612,120.419555612,120.419555612,120.419555612
2020-02-11 15:20:00,120.419555612,120.419555612,120.419555612,120.419555612
2020-02-11 15:21:00,120.419555612,120.419555612,120.419555612,120.419555612
2020-02-11 15:22:00,120.419555612,120.419555612,120.419555612,120.419555612
2020-02-11 15:23:00,120.419555612,120.419555612,120.419555612,120.419555612
2020-02-11 15:24:00,120.40579757,120.401211556,120.401211556,120.40579757
2020-02-11 15:25:00,120.40579757,120.401211556,120.401211556,120.40579757
2020-02-11 15:26:00,120.42872764,120.42872764,120.42872764,120.42872764
2020-02-11 15:27:00,120.42872764,120.42872764,120.42872764,120.42872764
2020-02-11 15:28:00,120.42872764,120.42872764,120.42872764,120.42872764
2020-02-11 15:29:00,120.46578263312,120.46578263312,120.46578263312,120.46578263312
2020-02-11 15:30:00,120.456243724,120.456243724,120.456243724,120.456243724
2020-02-11 15:31:00,120.456243724,120.456243724,120.456243724,120.456243724
2020-02-11 15:32:00,120.456243724,120.456243724,120.456243724,120.456243724
2020-02-11 15:33:00,120.456243724,120.456243724,120.456243724,120.456243724
2020-02-11 15:34:00,120.456243724,120.456243724,120.456243724,120.456243724
2020-02-11 15:35:00,120.456243724,120.456243724,120.456243724,120.456243724
2020-02-11 15:36:00,120.456243724,120.456243724,120.456243724,120.456243724
2020-02-11 15:37:00,120.45954565408,120.45954565408,120.45954565408,120.45954565408
2020-02-11 15:38:00,120.465415752,120.465415752,120.465415752,120.465415752
2020-02-11 15:39:00,120.4346894582,120.4346894582,120.4346894582,120.4346894582
2020-02-11 15:40:00,120.4346894582,120.4346894582,120.4346894582,120.4346894582
2020-02-11 15:41:00,120.4346894582,120.4346894582,120.4346894582,120.4346894582
2020-02-11 15:42:00,120.4346894582,120.4346894582,120.4346894582,120.4346894582
2020-02-11 15:43:00,120.419555612,120.43276333232,120.419555612,120.43276333232
2020-02-11 15:44:00,120.419555612,120.43276333232,120.419555612,120.43276333232
2020-02-11 15:45:00,120.419555612,120.43276333232,120.419555612,120.43276333232
2020-02-11 15:46:00,120.419555612,120.43276333232,120.419555612,120.43276333232
2020-02-11 15:47:00,120.346179388,120.346179388,120.346179388,120.346179388
2020-02-11 15:48:00,120.346179388,120.346179388,120.346179388,120.346179388
2020-02-11 15:49:00,120.346179388,120.346179388,120.346179388,120.346179388
2020-02-11 15:50:00,120.346179388,120.346179388,120.346179388,120.346179388
2020-02-11 15:51:00,120.346179388,120.346179388,120.346179388,120.346179388
2020-02-11 15:52:00,120.346179388,120.346179388,120.346179388,120.346179388
2020-02-11 15:53:00,120.30802375152,120.30802375152,120.30802375152,120.30802375152
2020-02-11 15:54:00,120.30802375152,120.30802375152,120.30802375152,120.30802375152
2020-02-11 15:55:00,120.30802375152,120.30802375152,120.30802375152,120.30802375152
2020-02-11 15:56:00,120.30802375152,120.30802375152,120.30802375152,120.30802375152
2020-02-11 15:57:00,120.30802375152,120.30802375152,120.30802375152,120.30802375152
2020-02-11 15:58:00,120.30802375152,120.30802375152,120.30802375152,120.30802375152
2020-02-11 15:59:00,120.135222744,120.135222744,120.135222744,120.135222744
2020-02-11 16:00:00,120.144394772,120.190254912,120.144394772,120.208598968
2020-02-12 09:31:00,120.93318918,120.93318918,120.93318918,120.93318918
2020-02-12 09:32:00,120.93318918,120.93318918,120.93318918,120.93318918
2020-02-12 09:33:00,120.97904932,120.97904932,120.97904932,120.97904932
2020-02-12 09:34:00,121.089113656,121.089113656,121.089113656,121.089113656
2020-02-12 09:35:00,121.089113656,121.089113656,121.089113656,121.089113656
2020-02-12 09:36:00,121.089113656,121.089113656,121.089113656,121.089113656
2020-02-12 09:37:00,121.089113656,121.089113656,121.089113656,121.089113656
2020-02-12 09:38:00,121.089113656,121.089113656,121.089113656,121.089113656
2020-02-12 09:39:00,121.02490946,120.9363993898,120.93318918,121.02490946
2020-02-12 09:40:00,121.02490946,120.9363993898,120.93318918,121.02490946
2020-02-12 09:41:00,121.02490946,120.9363993898,120.93318918,121.02490946
2020-02-12 09:42:00,120.8414689,120.850640928,120.8414689,120.850640928
2020-02-12 09:43:00,120.8414689,120.850640928,120.8414689,120.850640928
2020-02-12 09:44:00,120.8414689,120.850640928,120.8414689,120.850640928
2020-02-12 09:45:00,120.8414689,120.850640928,120.8414689,120.850640928
2020-02-12 09:46:00,120.8414689,120.850640928,120.8414689,120.850640928
2020-02-12 09:47:00,120.8414689,120.850640928,120.8414689,120.850640928
2020-02-12 09:48:00,120.8414689,120.850640928,120.8414689,120.850640928
2020-02-12 09:49:00,120.8414689,120.850640928,120.8414689,120.850640928
2020-02-12 09:50:00,120.8414689,120.850640928,120.8414689,120.850640928
2020-02-12 09:51:00,120.8414689,120.850640928,120.8414689,120.850640928
2020-02-12 09:52:00,120.8414689,120.850640928,120.8414689,120.850640928
2020-02-12 09:53:00,120.942361208,120.942361208,120.942361208,120.942361208
2020-02-12 09:54:00,120.942361208,120.942361208,120.942361208,120.942361208
2020-02-12 09:55:00,120.937775194,120.937775194,120.937775194,120.937775194
2020-02-12 09:56:00,120.937775194,120.937775194,120.937775194,120.937775194
2020-02-12 09:57:00,120.937775194,120.937775194,120.937775194,120.937775194
2020-02-12 09:58:00,120.937775194,120.937775194,120.937775194,120.937775194
2020-02-12 09:59:00,120.937775194,120.937775194,120.937775194,120.937775194
2020-02-12 10:00:00,120.937775194,120.937775194,120.937775194,120.937775194
2020-02-12 10:01:00,120.937775194,120.937775194,120.937775194,120.937775194
2020-02-12 10:02:00,120.937775194,120.937775194,120.937775194,120.937775194
2020-02-12 10:03:00,120.937775194,120.937775194,120.937775194,120.937775194
2020-02-12 10:04:00,120.937775194,120.937775194,120.937775194,120.937775194
2020-02-12 10:05:00,120.937775194,120.937775194,120.937775194,120.937775194
2020-02-12 10:06:00,120.735990578,120.735990578,120.735990578,120.735990578
2020-02-12 10:07:00,120.735990578,120.735990578,120.735990578,120.735990578
2020-02-12 10:08:00,120.735990578,120.735990578,120.735990578,120.735990578
2020-02-12 10:09:00,120.735990578,120.735990578,120.735990578,120.735990578
2020-02-12 10:10:00,120.735990578,120.735990578,120.735990578,120.735990578
2020-02-12 10:11:00,120.735990578,120.735990578,120.735990578,120.735990578
2020-02-12 10:12:00,120.735990578,120.735990578,120.735990578,120.735990578
2020-02-12 10:13:00,120.735990578,120.735990578,120.735990578,120.735990578
2020-02-12 10:14:00,120.735990578,120.735990578,120.735990578,120.735990578
2020-02-12 10:15:00,120.735990578,120.735990578,120.735990578,120.735990578
2020-02-12 10:16:00,120.735990578,120.735990578,120.735990578,120.735990578
2020-02-12 10:17:00,120.735990578,120.735990578,120.735990578,120.735990578
2020-02-12 10:18:00,120.735990578,120.735990578,120.735990578,120.735990578
2020-02-12 10:19:00,120.6121682,120.6121682,120.6121682,120.6121682
2020-02-12 10:20:00,120.6121682,120.6121682,120.6121682,120.6121682
2020-02-12 10:21:00,120.6121682,120.6121682,120.6121682,120.6121682
2020-02-12 10:22:00,120.575480088,120.575480088,120.575480088,120.575480088
2020-02-12 10:23:00,120.575480088,120.575480088,120.575480088,120.575480088
2020-02-12 10:24:00,120.575480088,120.575480088,120.575480088,120.575480088
2020-02-12 10:25:00,120.575480088,120.575480088,120.575480088,120.575480088
2020-02-12 10:26:00,120.575480088,120.575480088,120.575480088,120.575480088
2020-02-12 10:27:00,120.575480088,120.575480088,120.575480088,120.575480088
2020-02-12 10:28:00,120.575480088,120.575480088,120.575480088,120.575480088
2020-02-12 10:29:00,120.575480088,120.575480088,120.575480088,120.575480088
2020-02-12 10:30:00,120.584652116,120.584652116,120.584652116,120.584652116
2020-02-12 10:31:00,120.584652116,120.584652116,120.584652116,120.584652116
2020-02-12 10:32:00,120.584652116,120.584652116,120.584652116,120.584652116
2020-02-12 10:33:00,120.584652116,120.584652116,120.584652116,120.584652116
2020-02-12 10:34:00,120.584652116,120.584652116,120.584652116,120.584652116
2020-02-12 10:35:00,120.584652116,120.584652116,120.584652116,120.584652116
2020-02-12 10:36:00,120.61161787832,120.61161787832,120.61161787832,120.61161787832
2020-02-12 10:37:00,120.65243340292,120.65243340292,120.65243340292,120.65243340292
2020-02-12 10:38:00,120.65243340292,120.65243340292,120.65243340292,120.65243340292
2020-02-12 10:39:00,120.65243340292,120.65243340292,120.65243340292,120.65243340292
2020-02-12 10:40:00,120.676372396,120.676372396,120.676372396,120.676372396
2020-02-12 10:41:00,120.676372396,120.676372396,120.676372396,120.676372396
2020-02-12 10:42:00,120.676372396,120.676372396,120.676372396,120.676372396
2020-02-12 10:43:00,120.676372396,120.676372396,120.676372396,120.676372396
2020-02-12 10:44:00,120.70232923524,120.72379178076,120.70232923524,120.72379178076
2020-02-12 10:45:00,120.68224249392,120.68224249392,120.68224249392,120.68224249392
2020-02-12 10:46:00,120.68224249392,120.68224249392,120.68224249392,120.68224249392
2020-02-12 10:47:00,120.68224249392,120.68224249392,120.68224249392,120.68224249392
2020-02-12 10:48:00,120.68224249392,120.68224249392,120.68224249392,120.68224249392
2020-02-12 10:49:00,120.690130438,120.690130438,120.690130438,120.690130438
2020-02-12 10:50:00,120.690130438,120.690130438,120.690130438,120.690130438
2020-02-12 10:51:00,120.690130438,120.690130438,120.690130438,120.690130438
2020-02-12 10:52:00,120.690130438,120.690130438,120.690130438,120.690130438
2020-02-12 10:53:00,120.690130438,120.690130438,120.690130438,120.690130438
2020-02-12 10:54:00,120.685544424,120.685544424,120.685544424,120.685544424
2020-02-12 10:55:00,120.685544424,120.685544424,120.685544424,120.685544424
2020-02-12 10:56:00,120.685544424,120.685544424,120.685544424,120.685544424
2020-02-12 10:57:00,120.71361082968,120.71361082968,120.71361082968,120.71361082968
2020-02-12 10:58:00,120.69407441004,120.69407441004,120.69407441004,120.69407441004
2020-02-12 10:59:00,120.69407441004,120.69407441004,120.69407441004,120.69407441004
2020-02-12 11:00:00,120.69407441004,120.69407441004,120.69407441004,120.69407441004
2020-02-12 11:01:00,120.69407441004,120.69407441004,120.69407441004,120.69407441004
2020-02-12 11:02:00,120.630512256,120.630512256,120.630512256,120.630512256
2020-02-12 11:03:00,120.630512256,120.630512256,120.630512256,120.630512256
2020-02-12 11:04:00,120.630512256,120.630512256,120.630512256,120.630512256
2020-02-12 11:05:00,120.630512256,120.630512256,120.630512256,120.630512256
2020-02-12 11:06:00,120.630512256,120.630512256,120.630512256,120.630512256
2020-02-12 11:07:00,120.5979515566,120.5979515566,120.5979515566,120.5979515566
2020-02-12 11:08:00,120.5979515566,120.5979515566,120.5979515566,120.5979515566
2020-02-12 11:09:00,120.5979515566,120.5979515566,120.5979515566,120.5979515566
2020-02-12 11:10:00,120.5979515566,120.5979515566,120.5979515566,120.5979515566
2020-02-12 11:11:00,120.5979515566,120.5979515566,120.5979515566,120.5979515566
2020-02-12 11:12:00,120.5979515566,120.5979515566,120.5979515566,120.5979515566
2020-02-12 11:13:00,120.5979515566,120.5979515566,120.5979515566,120.5979515566
2020-02-12 11:14:00,120.5979515566,120.5979515566,120.5979515566,120.5979515566
2020-02-12 11:15:00,120.5979515566,120.5979515566,120.5979515566,120.5979515566
2020-02-12 11:16:00,120.5979515566,120.5979515566,120.5979515566,120.5979515566
2020-02-12 11:17:00,120.5979515566,120.5979515566,120.5979515566,120.5979515566
2020-02-12 11:18:00,120.5979515566,120.5979515566,120.5979515566,120.5979515566
2020-02-12 11:19:00,120.5979515566,120.5979515566,120.5979515566,120.5979515566
2020-02-12 11:20:00,120.6121682,120.6158370112,120.6121682,120.6158370112
2020-02-12 11:21:00,120.6121682,120.6158370112,120.6121682,120.6158370112
2020-02-12 11:22:00,120.6121682,120.6158370112,120.6121682,120.6158370112
2020-02-12 11:23:00,120.6121682,120.6158370112,120.6121682,120.6158370112
2020-02-12 11:24:00,120.6121682,120.6158370112,120.6121682,120.6158370112
2020-02-12 11:25:00,120.6121682,120.6158370112,120.6121682,120.6158370112
2020-02-12 11:26:00,120.6121682,120.6158370112,120.6121682,120.6158370112
2020-02-12 11:27:00,120.6121682,120.6158370112,120.6121682,120.6158370112
2020-02-12 11:28:00,120.6121682,120.6158370112,120.6121682,120.6158370112
2020-02-12 11:29:00,120.6121682,120.6158370112,120.6121682,120.6158370112
2020-02-12 11:30:00,120.713060508,120.713060508,120.713060508,120.713060508
2020-02-12 11:31:00,120.713060508,120.713060508,120.713060508,120.713060508
2020-02-12 11:32:00,120.713060508,120.713060508,120.713060508,120.713060508
2020-02-12 11:33:00,120.72159049404,120.72159049404,120.72159049404,120.72159049404
2020-02-12 11:34:00,120.72159049404,120.72159049404,120.72159049404,120.72159049404
2020-02-12 11:35:00,120.72159049404,120.72159049404,120.72159049404,120.72159049404
2020-02-12 11:36:00,120.722232536,120.722232536,120.722232536,120.722232536
2020-02-12 11:37:00,120.70388848,120.70388848,120.70388848,120.70388848
2020-02-12 11:38:00,120.70388848,120.70388848,120.70388848,120.70388848
2020-02-12 11:39:00,120.70388848,120.70388848,120.70388848,120.70388848
2020-02-12 11:40:00,120.639684284,120.639684284,120.639684284,120.639684284
2020-02-12 11:41:00,120.639684284,120.639684284,120.639684284,120.639684284
2020-02-12 11:42:00,120.639684284,120.639684284,120.639684284,120.639684284
2020-02-12 11:43:00,120.639684284,120.639684284,120.639684284,120.639684284
2020-02-12 11:44:00,120.639684284,120.639684284,120.639684284,120.639684284
2020-02-12 11:45:00,120.639684284,120.639684284,120.639684284,120.639684284
2020-02-12 11:46:00,120.639684284,120.639684284,120.639684284,120.639684284
2020-02-12 11:47:00,120.639684284,120.639684284,120.639684284,120.639684284
2020-02-12 11:48:00,120.639684284,120.639684284,120.639684284,120.639684284
2020-02-12 11:49:00,120.639684284,120.639684284,120.639684284,120.639684284
2020-02-12 11:50:00,120.639684284,120.639684284,120.639684284,120.639684284
2020-02-12 11:51:00,120.639684284,120.639684284,120.639684284,120.639684284
2020-02-12 11:52:00,120.639684284,120.639684284,120.639684284,120.639684284
2020-02-12 11:53:00,120.639684284,120.639684284,120.639684284,120.639684284
2020-02-12 11:54:00,120.639684284,120.639684284,120.639684284,120.639684284
2020-02-12 11:55:00,120.639684284,120.639684284,120.639684284,120.639684284
2020-02-12 11:56:00,120.639684284,120.639684284,120.639684284,120.639684284
2020-02-12 11:57:00,120.639684284,120.639684284,120.639684284,120.639684284
2020-02-12 11:58:00,120.639684284,120.639684284,120.639684284,120.639684284
2020-02-12 11:59:00,120.639684284,120.639684284,120.639684284,120.639684284
2020-02-12 12:00:00,120.639684284,120.639684284,120.639684284,120.639684284
2020-02-12 12:01:00,120.639684284,120.639684284,120.639684284,120.639684284
2020-02-12 12:02:00,120.639684284,120.639684284,120.639684284,120.639684284
2020-02-12 12:03:00,120.639684284,120.639684284,120.639684284,120.639684284
2020-02-12 12:04:00,120.639684284,120.639684284,120.639684284,120.639684284
2020-02-12 12:05:00,120.639684284,120.639684284,120.639684284,120.639684284
2020-02-12 12:06:00,120.639684284,120.639684284,120.639684284,120.639684284
2020-02-12 12:07:00,120.639684284,120.639684284,120.639684284,120.639684284
2020-02-12 12:08:00,120.639684284,120.639684284,120.639684284,120.639684284
2020-02-12 12:09:00,120.639684284,120.639684284,120.639684284,120.639684284
2020-02-12 12:10:00,120.639684284,120.639684284,120.639684284,120.639684284
2020-02-12 12:11:00,120.639684284,120.639684284,120.639684284,120.639684284
2020-02-12 12:12:00,120.639684284,120.639684284,120.639684284,120.639684284
2020-02-12 12:13:00,120.639684284,120.639684284,120.639684284,120.639684284
2020-02-12 12:14:00,120.639684284,120.639684284,120.639684284,120.639684284
2020-02-12 12:15:00,120.639684284,120.639684284,120.639684284,120.639684284
2020-02-12 12:16:00,120.639684284,120.639684284,120.639684284,120.639684284
2020-02-12 12:17:00,120.639684284,120.639684284,120.639684284,120.639684284
2020-02-12 12:18:00,120.639684284,120.639684284,120.639684284,120.639684284
2020-02-12 12:19:00,120.49302355628,120.49302355628,120.49302355628,120.49302355628
2020-02-12 12:20:00,120.49302355628,120.49302355628,120.49302355628,120.49302355628
2020-02-12 12:21:00,120.49302355628,120.49302355628,120.49302355628,120.49302355628
2020-02-12 12:22:00,120.49302355628,120.49302355628,120.49302355628,120.49302355628
2020-02-12 12:23:00,120.49302355628,120.49302355628,120.49302355628,120.49302355628
2020-02-12 12:24:00,120.49302355628,120.49302355628,120.49302355628,120.49302355628
2020-02-12 12:25:00,120.49302355628,120.49302355628,120.49302355628,120.49302355628
2020-02-12 12:26:00,120.53292187808,120.53292187808,120.53292187808,120.53292187808
2020-02-12 12:27:00,120.54301110888,120.54301110888,120.54301110888,120.54301110888
2020-02-12 12:28:00,120.54548755644,120.54548755644,120.54548755644,120.54548755644
2020-02-12 12:29:00,120.54548755644,120.54548755644,120.54548755644,120.54548755644
2020-02-12 12:30:00,120.54548755644,120.54548755644,120.54548755644,120.54548755644
2020-02-12 12:31:00,120.54548755644,120.54548755644,120.54548755644,120.54548755644
2020-02-12 12:32:00,120.54548755644,120.54548755644,120.54548755644,120.54548755644
2020-02-12 12:33:00,120.54548755644,120.54548755644,120.54548755644,120.54548755644
2020-02-12 12:34:00,120.54548755644,120.54548755644,120.54548755644,120.54548755644
2020-02-12 12:35:00,120.56300612992,120.56300612992,120.56300612992,120.56300612992
2020-02-12 12:36:00,120.56300612992,120.56300612992,120.56300612992,120.56300612992
2020-02-12 12:37:00,120.56300612992,120.56300612992,120.56300612992,120.56300612992
2020-02-12 12:38:00,120.584652116,120.584652116,120.584652116,120.584652116
2020-02-12 12:39:00,120.584652116,120.584652116,120.584652116,120.584652116
2020-02-12 12:40:00,120.62189054968,120.62189054968,120.62189054968,120.62189054968
2020-02-12 12:41:00,120.62189054968,120.62189054968,120.62189054968,120.62189054968
2020-02-12 12:42:00,120.62189054968,120.62189054968,120.62189054968,120.62189054968
2020-02-12 12:43:00,120.62189054968,120.62189054968,120.62189054968,120.62189054968
2020-02-12 12:44:00,120.62189054968,120.62189054968,120.62189054968,120.62189054968
2020-02-12 12:45:00,120.62189054968,120.62189054968,120.62189054968,120.62189054968
2020-02-12 12:46:00,120.62189054968,120.62189054968,120.62189054968,120.62189054968
2020-02-12 12:47:00,120.62189054968,120.62189054968,120.62189054968,120.62189054968
2020-02-12 12:48:00,120.62189054968,120.62189054968,120.62189054968,120.62189054968
2020-02-12 12:49:00,120.62189054968,120.62189054968,120.62189054968,120.62189054968
2020-02-12 12:50:00,120.62189054968,120.62189054968,120.62189054968,120.62189054968
2020-02-12 12:51:00,120.62189054968,120.62189054968,120.62189054968,120.62189054968
2020-02-12 12:52:00,120.62189054968,120.62189054968,120.62189054968,120.62189054968
2020-02-12 12:53:00,120.62189054968,120.62189054968,120.62189054968,120.62189054968
2020-02-12 12:54:00,120.62189054968,120.62189054968,120.62189054968,120.62189054968
2020-02-12 12:55:00,120.62189054968,120.62189054968,120.62189054968,120.62189054968
2020-02-12 12:56:00,120.62189054968,120.62189054968,120.62189054968,120.62189054968
2020-02-12 12:57:00,120.62189054968,120.62189054968,120.62189054968,120.62189054968
2020-02-12 12:58:00,120.62189054968,120.62189054968,120.62189054968,120.62189054968
2020-02-12 12:59:00,120.62189054968,120.62189054968,120.62189054968,120.62189054968
2020-02-12 13:00:00,120.62189054968,120.62189054968,120.62189054968,120.62189054968
2020-02-12 13:01:00,120.62189054968,120.62189054968,120.62189054968,120.62189054968
2020-02-12 13:02:00,120.62189054968,120.62189054968,120.62189054968,120.62189054968
2020-02-12 13:03:00,120.62189054968,120.62189054968,120.62189054968,120.62189054968
2020-02-12 13:04:00,120.62189054968,120.62189054968,120.62189054968,120.62189054968
2020-02-12 13:05:00,120.62189054968,120.62189054968,120.62189054968,120.62189054968
2020-02-12 13:06:00,120.62189054968,120.62189054968,120.62189054968,120.62189054968
2020-02-12 13:07:00,120.62189054968,120.62189054968,120.62189054968,120.62189054968
2020-02-12 13:08:00,120.62189054968,120.62189054968,120.62189054968,120.62189054968
2020-02-12 13:09:00,120.62189054968,120.62189054968,120.62189054968,120.62189054968
2020-02-12 13:10:00,120.62189054968,120.62189054968,120.62189054968,120.62189054968
2020-02-12 13:11:00,120.676372396,120.676372396,120.676372396,120.676372396
2020-02-12 13:12:00,120.676372396,120.676372396,120.676372396,120.676372396
2020-02-12 13:13:00,120.676372396,120.676372396,120.676372396,120.676372396
2020-02-12 13:14:00,120.676372396,120.676372396,120.676372396,120.676372396
2020-02-12 13:15:00,120.676372396,120.676372396,120.676372396,120.676372396
2020-02-12 13:16:00,120.676372396,120.676372396,120.676372396,120.676372396
2020-02-12 13:17:00,120.676372396,120.676372396,120.676372396,120.676372396
2020-02-12 13:18:00,120.676372396,120.676372396,120.676372396,120.676372396
2020-02-12 13:19:00,120.676372396,120.676372396,120.676372396,120.676372396
2020-02-12 13:20:00,120.676372396,120.676372396,120.676372396,120.676372396
2020-02-12 13:21:00,120.676372396,120.676372396,120.676372396,120.676372396
2020-02-12 13:22:00,120.676372396,120.676372396,120.676372396,120.676372396
2020-02-12 13:23:00,120.676372396,120.676372396,120.676372396,120.676372396
2020-02-12 13:24:00,120.54035122076,120.54035122076,120.54035122076,120.54035122076
2020-02-12 13:25:00,120.54035122076,120.54035122076,120.54035122076,120.54035122076
2020-02-12 13:26:00,120.54035122076,120.54035122076,120.54035122076,120.54035122076
2020-02-12 13:27:00,120.492931836,120.465415752,120.465415752,120.492931836
2020-02-12 13:28:00,120.492931836,120.465415752,120.465415752,120.492931836
2020-02-12 13:29:00,120.492931836,120.465415752,120.465415752,120.492931836
2020-02-12 13:30:00,120.492931836,120.465415752,120.465415752,120.492931836
2020-02-12 13:31:00,120.54814744456,120.538791976,120.53860853544,120.54814744456
2020-02-12 13:32:00,120.54814744456,120.538791976,120.53860853544,120.54814744456
2020-02-12 13:33:00,120.54814744456,120.538791976,120.53860853544,120.54814744456
2020-02-12 13:34:00,120.54814744456,120.538791976,120.53860853544,120.54814744456
2020-02-12 13:35:00,120.593824144,120.5901553328,120.5901553328,120.593824144
2020-02-12 13:36:00,120.593824144,120.5901553328,120.5901553328,120.593824144
2020-02-12 13:37:00,120.593824144,120.5901553328,120.5901553328,120.593824144
2020-02-12 13:38:00,120.593824144,120.5901553328,120.5901553328,120.593824144
2020-02-12 13:39:00,120.593824144,120.5901553328,120.5901553328,120.593824144
2020-02-12 13:40:00,120.64371997632,120.64371997632,120.64371997632,120.64371997632
2020-02-12 13:41:00,120.64371997632,120.64371997632,120.64371997632,120.64371997632
2020-02-12 13:42:00,120.64371997632,120.64371997632,120.64371997632,120.64371997632
2020-02-12 13:43:00,120.67664755684,120.67664755684,120.67664755684,120.67664755684
2020-02-12 13:44:00,120.67664755684,120.67664755684,120.67664755684,120.67664755684
2020-02-12 13:45:00,120.65289200432,120.65289200432,120.65289200432,120.65289200432
2020-02-12 13:46:00,120.6589455428,120.6589455428,120.6589455428,120.6589455428
2020-02-12 13:47:00,120.6589455428,120.6589455428,120.6589455428,120.6589455428
2020-02-12 13:48:00,120.6589455428,120.6589455428,120.6589455428,120.6589455428
2020-02-12 13:49:00,120.6589455428,120.6589455428,120.6589455428,120.6589455428
2020-02-12 13:50:00,120.6589455428,120.6589455428,120.6589455428,120.6589455428
2020-02-12 13:51:00,120.65316716516,120.63674923504,120.63674923504,120.65316716516
2020-02-12 13:52:00,120.65316716516,120.63674923504,120.63674923504,120.65316716516
2020-02-12 13:53:00,120.64894803228,120.64894803228,120.64894803228,120.64894803228
2020-02-12 13:54:00,120.64894803228,120.64894803228,120.64894803228,120.64894803228
2020-02-12 13:55:00,120.64894803228,120.64894803228,120.64894803228,120.64894803228
2020-02-12 13:56:00,120.70388848,120.70388848,120.70388848,120.70388848
2020-02-12 13:57:00,120.7139777108,120.7139777108,120.7139777108,120.7139777108
2020-02-12 13:58:00,120.7139777108,120.7139777108,120.7139777108,120.7139777108
2020-02-12 13:59:00,120.7139777108,120.7139777108,120.7139777108,120.7139777108
2020-02-12 14:00:00,120.7139777108,120.7139777108,120.7139777108,120.7139777108
2020-02-12 14:01:00,120.7139777108,120.7139777108,120.7139777108,120.7139777108
2020-02-12 14:02:00,120.7139777108,120.7139777108,120.7139777108,120.7139777108
2020-02-12 14:03:00,120.7139777108,120.7139777108,120.7139777108,120.7139777108
2020-02-12 14:04:00,120.7139777108,120.7139777108,120.7139777108,120.7139777108
2020-02-12 14:05:00,120.7139777108,120.7139777108,120.7139777108,120.7139777108
2020-02-12 14:06:00,120.7139777108,120.7139777108,120.7139777108,120.7139777108
2020-02-12 14:07:00,120.832296872,120.832296872,120.832296872,120.832296872
2020-02-12 14:08:00,120.832296872,120.832296872,120.832296872,120.832296872
2020-02-12 14:09:00,120.832296872,120.832296872,120.832296872,120.832296872
2020-02-12 14:10:00,120.832296872,120.832296872,120.832296872,120.832296872
2020-02-12 14:11:00,120.832296872,120.832296872,120.832296872,120.832296872
2020-02-12 14:12:00,120.832296872,120.832296872,120.832296872,120.832296872
2020-02-12 14:13:00,120.8414689,120.8414689,120.8414689,120.8414689
2020-02-12 14:14:00,120.8414689,120.8414689,120.8414689,120.8414689
2020-02-12 14:15:00,120.8414689,120.8414689,120.8414689,120.8414689
2020-02-12 14:16:00,120.8414689,120.8414689,120.8414689,120.8414689
2020-02-12 14:17:00,120.8414689,120.8414689,120.8414689,120.8414689
2020-02-12 14:18:00,120.8414689,120.8414689,120.8414689,120.8414689
2020-02-12 14:19:00,120.8414689,120.8414689,120.8414689,120.8414689
2020-02-12 14:20:00,120.8414689,120.8414689,120.8414689,120.8414689
2020-02-12 14:21:00,120.868984984,120.88732904,120.868984984,120.88732904
2020-02-12 14:22:00,120.868984984,120.88732904,120.868984984,120.88732904
2020-02-12 14:23:00,120.868984984,120.88732904,120.868984984,120.88732904
2020-02-12 14:24:00,120.868984984,120.88732904,120.868984984,120.88732904
2020-02-12 14:25:00,120.79560876,120.79560876,120.79560876,120.79560876
2020-02-12 14:26:00,120.79560876,120.79560876,120.79560876,120.79560876
2020-02-12 14:27:00,120.79560876,120.79560876,120.79560876,120.79560876
2020-02-12 14:28:00,120.79560876,120.79560876,120.79560876,120.79560876
2020-02-12 14:29:00,120.79560876,120.79560876,120.79560876,120.79560876
2020-02-12 14:30:00,120.79560876,120.79560876,120.79560876,120.79560876
2020-02-12 14:31:00,120.79560876,120.79560876,120.79560876,120.79560876
2020-02-12 14:32:00,120.79560876,120.79560876,120.79560876,120.79560876
2020-02-12 14:33:00,120.79560876,120.79560876,120.79560876,120.79560876
2020-02-12 14:34:00,120.79560876,120.79560876,120.79560876,120.79560876
2020-02-12 14:35:00,120.79560876,120.79560876,120.79560876,120.79560876
2020-02-12 14:36:00,120.79560876,120.79560876,120.79560876,120.79560876
2020-02-12 14:37:00,120.79560876,120.79560876,120.79560876,120.79560876
2020-02-12 14:38:00,120.79560876,120.79560876,120.79560876,120.79560876
2020-02-12 14:39:00,120.79560876,120.79560876,120.79560876,120.79560876
2020-02-12 14:40:00,120.79560876,120.79560876,120.79560876,120.79560876
2020-02-12 14:41:00,120.79560876,120.79560876,120.79560876,120.79560876
2020-02-12 14:42:00,120.79560876,120.79560876,120.79560876,120.79560876
2020-02-12 14:43:00,120.79560876,120.79560876,120.79560876,120.79560876
2020-02-12 14:44:00,120.79560876,120.79560876,120.79560876,120.79560876
2020-02-12 14:45:00,120.79560876,120.79560876,120.79560876,120.79560876
2020-02-12 14:46:00,120.74497916544,120.74497916544,120.74497916544,120.74497916544
2020-02-12 14:47:00,120.74497916544,120.74497916544,120.74497916544,120.74497916544
2020-02-12 14:48:00,120.74497916544,120.74497916544,120.74497916544,120.74497916544
2020-02-12 14:49:00,120.77295385084,120.77295385084,120.77295385084,120.77295385084
2020-02-12 14:50:00,120.77295385084,120.77295385084,120.77295385084,120.77295385084
2020-02-12 14:51:00,120.763506662,120.786436732,120.763506662,120.786436732
2020-02-12 14:52:00,120.763506662,120.786436732,120.763506662,120.786436732
2020-02-12 14:53:00,120.763506662,120.786436732,120.763506662,120.786436732
2020-02-12 14:54:00,120.763506662,120.786436732,120.763506662,120.786436732
2020-02-12 14:55:00,120.763506662,120.786436732,120.763506662,120.786436732
2020-02-12 14:56:00,120.763506662,120.786436732,120.763506662,120.786436732
2020-02-12 14:57:00,120.763506662,120.786436732,120.763506662,120.786436732
2020-02-12 14:58:00,120.763506662,120.786436732,120.763506662,120.786436732
2020-02-12 14:59:00,120.763506662,120.786436732,120.763506662,120.786436732
2020-02-12 15:00:00,120.763506662,120.786436732,120.763506662,120.786436732
2020-02-12 15:01:00,120.763506662,120.786436732,120.763506662,120.786436732
2020-02-12 15:02:00,120.763506662,120.786436732,120.763506662,120.786436732
2020-02-12 15:03:00,120.763506662,120.786436732,120.763506662,120.786436732
2020-02-12 15:04:00,120.763506662,120.786436732,120.763506662,120.786436732
2020-02-12 15:05:00,120.758920648,120.758920648,120.758920648,120.758920648
2020-02-12 15:06:00,120.758920648,120.758920648,120.758920648,120.758920648
2020-02-12 15:07:00,120.758920648,120.758920648,120.758920648,120.758920648
2020-02-12 15:08:00,120.758920648,120.758920648,120.758920648,120.758920648
2020-02-12 15:09:00,120.758920648,120.758920648,120.758920648,120.758920648
2020-02-12 15:10:00,120.758920648,120.758920648,120.758920648,120.758920648
2020-02-12 15:11:00,120.65802834,120.65802834,120.65802834,120.65802834
2020-02-12 15:12:00,120.65802834,120.65802834,120.65802834,120.65802834
2020-02-12 15:13:00,120.5814419062,120.575480088,120.56630806,120.5906139342
2020-02-12 15:14:00,120.5814419062,120.575480088,120.56630806,120.5906139342
2020-02-12 15:15:00,120.6479391092,120.6479391092,120.6479391092,120.6479391092
2020-02-12 15:16:00,120.6479391092,120.6479391092,120.6479391092,120.6479391092
2020-02-12 15:17:00,120.621340228,120.621340228,120.621340228,120.621340228
2020-02-12 15:18:00,120.621340228,120.621340228,120.621340228,120.621340228
2020-02-12 15:19:00,120.621340228,120.621340228,120.621340228,120.621340228
2020-02-12 15:20:00,120.621340228,120.621340228,120.621340228,120.621340228
2020-02-12 15:21:00,120.621340228,120.621340228,120.621340228,120.621340228
2020-02-12 15:22:00,120.621340228,120.621340228,120.621340228,120.621340228
2020-02-12 15:23:00,120.7387421864,120.7387421864,120.7387421864,120.7387421864
2020-02-12 15:24:00,120.7387421864,120.7387421864,120.7387421864,120.7387421864
2020-02-12 15:25:00,120.745162606,120.74974862,120.745162606,120.74974862
2020-02-12 15:26:00,120.745162606,120.74974862,120.745162606,120.74974862
2020-02-12 15:27:00,120.745162606,120.74974862,120.745162606,120.74974862
2020-02-12 15:28:00,120.713060508,120.713060508,120.713060508,120.713060508
2020-02-12 15:29:00,120.713060508,120.713060508,120.713060508,120.713060508
2020-02-12 15:30:00,120.713060508,120.713060508,120.713060508,120.713060508
2020-02-12 15:31:00,120.713060508,120.713060508,120.713060508,120.713060508
2020-02-12 15:32:00,120.713060508,120.713060508,120.713060508,120.713060508
2020-02-12 15:33:00,120.70388848,120.70388848,120.70388848,120.70388848
2020-02-12 15:34:00,120.70388848,120.70388848,120.70388848,120.70388848
2020-02-12 15:35:00,120.70388848,120.70388848,120.70388848,120.70388848
2020-02-12 15:36:00,120.70388848,120.70388848,120.70388848,120.70388848
2020-02-12 15:37:00,120.70388848,120.70388848,120.70388848,120.70388848
2020-02-12 15:38:00,120.70388848,120.70388848,120.70388848,120.70388848
2020-02-12 15:39:00,120.811659809,120.811659809,120.811659809,120.811659809
2020-02-12 15:40:00,120.811659809,120.811659809,120.811659809,120.811659809
2020-02-12 15:41:00,120.811659809,120.811659809,120.811659809,120.811659809
2020-02-12 15:42:00,120.811659809,120.811659809,120.811659809,120.811659809
2020-02-12 15:43:00,120.811659809,120.811659809,120.811659809,120.811659809
2020-02-12 15:44:00,120.859812956,120.823124844,120.823124844,120.859812956
2020-02-12 15:45:00,120.859812956,120.823124844,120.823124844,120.859812956
2020-02-12 15:46:00,120.859812956,120.823124844,120.823124844,120.859812956
2020-02-12 15:47:00,120.859812956,120.823124844,120.823124844,120.859812956
2020-02-12 15:48:00,120.859812956,120.823124844,120.823124844,120.859812956
2020-02-12 15:49:00,120.832296872,120.832296872,120.832296872,120.832296872
2020-02-12 15:50:00,120.832296872,120.832296872,120.832296872,120.832296872
2020-02-12 15:51:00,120.832296872,120.832296872,120.832296872,120.832296872
2020-02-12 15:52:00,120.832296872,120.832296872,120.832296872,120.832296872
2020-02-12 15:53:00,120.868984984,120.868984984,120.868984984,120.868984984
2020-02-12 15:54:00,120.868984984,120.868984984,120.868984984,120.868984984
2020-02-12 15:55:00,120.868984984,120.868984984,120.868984984,120.868984984
2020-02-12 15:56:00,120.868984984,120.868984984,120.868984984,120.868984984
2020-02-12 15:57:00,120.868984984,120.868984984,120.868984984,120.868984984
2020-02-12 15:58:00,120.868984984,120.868984984,120.868984984,120.868984984
2020-02-12 15:59:00,120.68095841,120.68095841,120.68095841,120.68095841
2020-02-12 16:00:00,120.694716452,120.722232536,120.694716452,120.722232536
2020-02-13 09:31:00,120.52044792,120.52044792,120.52044792,120.52044792
2020-02-13 09:32:00,120.52044792,120.52044792,120.52044792,120.52044792
2020-02-13 09:33:00,120.465415752,120.465415752,120.465415752,120.465415752
2020-02-13 09:34:00,120.465415752,120.465415752,120.465415752,120.465415752
2020-02-13 09:35:00,120.465415752,120.465415752,120.465415752,120.465415752
2020-02-13 09:36:00,120.667200368,120.667200368,120.667200368,120.667200368
2020-02-13 09:37:00,120.768092676,120.768092676,120.768092676,120.768092676
2020-02-13 09:38:00,120.768092676,120.768092676,120.768092676,120.768092676
2020-02-13 09:39:00,120.79560876,120.694716452,120.694716452,120.79560876
2020-02-13 09:40:00,120.804780788,120.804780788,120.804780788,120.804780788
2020-02-13 09:41:00,120.804780788,120.804780788,120.804780788,120.804780788
2020-02-13 09:42:00,120.804780788,120.804780788,120.804780788,120.804780788
2020-02-13 09:43:00,120.804780788,120.804780788,120.804780788,120.804780788
2020-02-13 09:44:00,120.804780788,120.804780788,120.804780788,120.804780788
2020-02-13 09:45:00,120.804780788,120.804780788,120.804780788,120.804780788
2020-02-13 09:46:00,120.804780788,120.804780788,120.804780788,120.804780788
2020-02-13 09:47:00,120.878157012,120.878157012,120.878157012,120.878157012
2020-02-13 09:48:00,120.878157012,120.878157012,120.878157012,120.878157012
2020-02-13 09:49:00,120.878157012,120.878157012,120.878157012,120.878157012
2020-02-13 09:50:00,120.859812956,120.859812956,120.859812956,120.859812956
2020-02-13 09:51:00,120.859812956,120.859812956,120.859812956,120.859812956
2020-02-13 09:52:00,120.859812956,120.859812956,120.859812956,120.859812956
2020-02-13 09:53:00,120.859812956,120.859812956,120.859812956,120.859812956
2020-02-13 09:54:00,120.859812956,120.859812956,120.859812956,120.859812956
2020-02-13 09:55:00,120.859812956,120.859812956,120.859812956,120.859812956
2020-02-13 09:56:00,120.859812956,120.859812956,120.859812956,120.859812956
2020-02-13 09:57:00,120.859812956,120.859812956,120.859812956,120.859812956
2020-02-13 09:58:00,120.859812956,120.859812956,120.859812956,120.859812956
2020-02-13 09:59:00,120.465415752,120.47458778,120.465415752,120.47458778
2020-02-13 10:00:00,120.465415752,120.47458778,120.465415752,120.47458778
2020-02-13 10:01:00,120.3938739336,120.3938739336,120.3938739336,120.3938739336
2020-02-13 10:02:00,120.3938739336,120.3938739336,120.3938739336,120.3938739336
2020-02-13 10:03:00,120.3938739336,120.3938739336,120.3938739336,120.3938739336
2020-02-13 10:04:00,120.3938739336,120.3938739336,120.3938739336,120.3938739336
2020-02-13 10:05:00,120.3938739336,120.3938739336,120.3938739336,120.3938739336
2020-02-13 10:06:00,120.052674492,120.052674492,120.052674492,120.052674492
2020-02-13 10:07:00,120.052674492,120.052674492,120.052674492,120.052674492
2020-02-13 10:08:00,120.052674492,120.052674492,120.052674492,120.052674492
2020-02-13 10:09:00,120.052674492,120.052674492,120.052674492,120.052674492
2020-02-13 10:10:00,120.052674492,120.052674492,120.052674492,120.052674492
2020-02-13 10:11:00,120.27335348568,120.27335348568,120.27335348568,120.27335348568
2020-02-13 10:12:00,120.27335348568,120.27335348568,120.27335348568,120.27335348568
2020-02-13 10:13:00,120.27335348568,120.27335348568,120.27335348568,120.27335348568
2020-02-13 10:14:00,120.27335348568,120.27335348568,120.27335348568,120.27335348568
2020-02-13 10:15:00,120.27335348568,120.27335348568,120.27335348568,120.27335348568
2020-02-13 10:16:00,120.27335348568,120.27335348568,120.27335348568,120.27335348568
2020-02-13 10:17:00,120.27335348568,120.27335348568,120.27335348568,120.27335348568
2020-02-13 10:18:00,120.27335348568,120.27335348568,120.27335348568,120.27335348568
2020-02-13 10:19:00,120.27335348568,120.27335348568,120.27335348568,120.27335348568
2020-02-13 10:20:00,120.27335348568,120.27335348568,120.27335348568,120.27335348568
2020-02-13 10:21:00,120.27335348568,120.27335348568,120.27335348568,120.27335348568
2020-02-13 10:22:00,120.27335348568,120.27335348568,120.27335348568,120.27335348568
2020-02-13 10:23:00,120.27335348568,120.27335348568,120.27335348568,120.27335348568
2020-02-13 10:24:00,120.27335348568,120.27335348568,120.27335348568,120.27335348568
2020-02-13 10:25:00,120.27335348568,120.27335348568,120.27335348568,120.27335348568
2020-02-13 10:26:00,120.27335348568,120.27335348568,120.27335348568,120.27335348568
2020-02-13 10:27:00,120.27335348568,120.27335348568,120.27335348568,120.27335348568
2020-02-13 10:28:00,120.27335348568,120.27335348568,120.27335348568,120.27335348568
2020-02-13 10:29:00,120.27335348568,120.27335348568,120.27335348568,120.27335348568
2020-02-13 10:30:00,120.132929737,120.144394772,120.132929737,120.144394772
2020-02-13 10:31:00,120.132929737,120.144394772,120.132929737,120.144394772
2020-02-13 10:32:00,120.132929737,120.144394772,120.132929737,120.144394772
2020-02-13 10:33:00,120.11100859008,120.13146221252,120.11100859008,120.13146221252
2020-02-13 10:34:00,120.11100859008,120.13146221252,120.11100859008,120.13146221252
2020-02-13 10:35:00,120.11100859008,120.13146221252,120.11100859008,120.13146221252
2020-02-13 10:36:00,120.11100859008,120.13146221252,120.11100859008,120.13146221252
2020-02-13 10:37:00,120.11100859008,120.13146221252,120.11100859008,120.13146221252
2020-02-13 10:38:00,120.02919410032,120.02919410032,120.02919410032,120.02919410032
2020-02-13 10:39:00,120.02919410032,120.02919410032,120.02919410032,120.02919410032
2020-02-13 10:40:00,120.02919410032,120.02919410032,120.02919410032,120.02919410032
2020-02-13 10:41:00,120.02919410032,120.02919410032,120.02919410032,120.02919410032
2020-02-13 10:42:00,120.02919410032,120.02919410032,120.02919410032,120.02919410032
2020-02-13 10:43:00,120.02919410032,120.02919410032,120.02919410032,120.02919410032
2020-02-13 10:44:00,120.02919410032,120.02919410032,120.02919410032,120.02919410032
2020-02-13 10:45:00,120.02919410032,120.02919410032,120.02919410032,120.02919410032
2020-02-13 10:46:00,120.2838095976,120.2838095976,120.2838095976,120.2838095976
2020-02-13 10:47:00,120.3287525348,120.3287525348,120.3287525348,120.3287525348
2020-02-13 10:48:00,120.40377972384,120.41295175184,120.40377972384,120.41295175184
2020-02-13 10:49:00,120.40377972384,120.41295175184,120.40377972384,120.41295175184
2020-02-13 10:50:00,120.40377972384,120.41295175184,120.40377972384,120.41295175184
2020-02-13 10:51:00,120.40377972384,120.41295175184,120.40377972384,120.41295175184
2020-02-13 10:52:00,120.40377972384,120.41295175184,120.40377972384,120.41295175184
2020-02-13 10:53:00,120.40377972384,120.41295175184,120.40377972384,120.41295175184
2020-02-13 10:54:00,120.40377972384,120.41295175184,120.40377972384,120.41295175184
2020-02-13 10:55:00,120.40377972384,120.41295175184,120.40377972384,120.41295175184
2020-02-13 10:56:00,120.40377972384,120.41295175184,120.40377972384,120.41295175184
2020-02-13 10:57:00,120.40377972384,120.41295175184,120.40377972384,120.41295175184
2020-02-13 10:58:00,120.40377972384,120.41295175184,120.40377972384,120.41295175184
2020-02-13 10:59:00,120.40377972384,120.41295175184,120.40377972384,120.41295175184
2020-02-13 11:00:00,120.40377972384,120.41295175184,120.40377972384,120.41295175184
2020-02-13 11:01:00,120.40377972384,120.41295175184,120.40377972384,120.41295175184
2020-02-13 11:02:00,120.40377972384,120.41295175184,120.40377972384,120.41295175184
2020-02-13 11:03:00,120.40377972384,120.41295175184,120.40377972384,120.41295175184
2020-02-13 11:04:00,120.40377972384,120.41295175184,120.40377972384,120.41295175184
2020-02-13 11:05:00,120.40377972384,120.41295175184,120.40377972384,120.41295175184
2020-02-13 11:06:00,120.40377972384,120.41295175184,120.40377972384,120.41295175184
2020-02-13 11:07:00,120.40377972384,120.41295175184,120.40377972384,120.41295175184
2020-02-13 11:08:00,120.40377972384,120.41295175184,120.40377972384,120.41295175184
2020-02-13 11:09:00,120.7942329558,120.7942329558,120.7942329558,120.7942329558
2020-02-13 11:10:00,120.7942329558,120.7942329558,120.7942329558,120.7942329558
2020-02-13 11:11:00,120.7942329558,120.7942329558,120.7942329558,120.7942329558
2020-02-13 11:12:00,120.69627569676,120.69627569676,120.69627569676,120.69627569676
2020-02-13 11:13:00,120.69627569676,120.69627569676,120.69627569676,120.69627569676
2020-02-13 11:14:00,120.69627569676,120.69627569676,120.69627569676,120.69627569676
2020-02-13 11:15:00,120.69627569676,120.69627569676,120.69627569676,120.69627569676
2020-02-13 11:16:00,120.69627569676,120.69627569676,120.69627569676,120.69627569676
2020-02-13 11:17:00,120.69627569676,120.69627569676,120.69627569676,120.69627569676
2020-02-13 11:18:00,120.69627569676,120.69627569676,120.69627569676,120.69627569676
2020-02-13 11:19:00,120.69627569676,120.69627569676,120.69627569676,120.69627569676
2020-02-13 11:20:00,120.69627569676,120.69627569676,120.69627569676,120.69627569676
2020-02-13 11:21:00,120.69627569676,120.69627569676,120.69627569676,120.69627569676
2020-02-13 11:22:00,120.69627569676,120.69627569676,120.69627569676,120.69627569676
2020-02-13 11:23:00,120.69627569676,120.69627569676,120.69627569676,120.69627569676
2020-02-13 11:24:00,120.69627569676,120.69627569676,120.69627569676,120.69627569676
2020-02-13 11:25:00,120.69627569676,120.69627569676,120.69627569676,120.69627569676
2020-02-13 11:26:00,120.69627569676,120.69627569676,120.69627569676,120.69627569676
2020-02-13 11:27:00,120.69627569676,120.69627569676,120.69627569676,120.69627569676
2020-02-13 11:28:00,120.69627569676,120.69627569676,120.69627569676,120.69627569676
2020-02-13 11:29:00,120.69627569676,120.69627569676,120.69627569676,120.69627569676
2020-02-13 11:30:00,120.69627569676,120.69627569676,120.69627569676,120.69627569676
2020-02-13 11:31:00,120.69627569676,120.69627569676,120.69627569676,120.69627569676
2020-02-13 11:32:00,120.7203981304,120.7203981304,120.7203981304,120.7203981304
2020-02-13 11:33:00,120.74974862,120.74974862,120.74974862,120.74974862
2020-02-13 11:34:00,120.74974862,120.74974862,120.74974862,120.74974862
2020-02-13 11:35:00,120.74974862,120.74974862,120.74974862,120.74974862
2020-02-13 11:36:00,120.74974862,120.74974862,120.74974862,120.74974862
2020-02-13 11:37:00,120.74974862,120.74974862,120.74974862,120.74974862
2020-02-13 11:38:00,120.74974862,120.74974862,120.74974862,120.74974862
2020-02-13 11:39:00,120.74974862,120.74974862,120.74974862,120.74974862
2020-02-13 11:40:00,120.74974862,120.74974862,120.74974862,120.74974862
2020-02-13 11:41:00,120.74974862,120.74974862,120.74974862,120.74974862
2020-02-13 11:42:00,120.74974862,120.74974862,120.74974862,120.74974862
2020-02-13 11:43:00,120.74974862,120.74974862,120.74974862,120.74974862
2020-02-13 11:44:00,120.74974862,120.74974862,120.74974862,120.74974862
2020-02-13 11:45:00,120.74974862,120.74974862,120.74974862,120.74974862
2020-02-13 11:46:00,120.905673096,120.905673096,120.905673096,120.905673096
2020-02-13 11:47:00,120.8726537952,120.8772398092,120.8726537952,120.8772398092
2020-02-13 11:48:00,120.8726537952,120.8772398092,120.8726537952,120.8772398092
2020-02-13 11:49:00,120.8726537952,120.8772398092,120.8726537952,120.8772398092
2020-02-13 11:50:00,120.8726537952,120.8772398092,120.8726537952,120.8772398092
2020-02-13 11:51:00,120.8726537952,120.8772398092,120.8726537952,120.8772398092
2020-02-13 11:52:00,120.8726537952,120.8772398092,120.8726537952,120.8772398092
2020-02-13 11:53:00,120.8726537952,120.8772398092,120.8726537952,120.8772398092
2020-02-13 11:54:00,120.8726537952,120.8772398092,120.8726537952,120.8772398092
2020-02-13 11:55:00,120.8726537952,120.8772398092,120.8726537952,120.8772398092
2020-02-13 11:56:00,120.8726537952,120.8772398092,120.8726537952,120.8772398092
2020-02-13 11:57:00,120.8726537952,120.8772398092,120.8726537952,120.8772398092
2020-02-13 11:58:00,120.8726537952,120.8772398092,120.8726537952,120.8772398092
2020-02-13 11:59:00,120.93694971148,120.93694971148,120.93694971148,120.93694971148
2020-02-13 12:00:00,120.93694971148,120.93694971148,120.93694971148,120.93694971148
2020-02-13 12:01:00,120.93694971148,120.93694971148,120.93694971148,120.93694971148
2020-02-13 12:02:00,120.93694971148,120.93694971148,120.93694971148,120.93694971148
2020-02-13 12:03:00,120.93694971148,120.93694971148,120.93694971148,120.93694971148
2020-02-13 12:04:00,120.93694971148,120.93694971148,120.93694971148,120.93694971148
2020-02-13 12:05:00,120.93694971148,120.93694971148,120.93694971148,120.93694971148
2020-02-13 12:06:00,120.93694971148,120.93694971148,120.93694971148,120.93694971148
2020-02-13 12:07:00,120.8864118372,120.8864118372,120.8864118372,120.8864118372
2020-02-13 12:08:00,120.8864118372,120.8864118372,120.8864118372,120.8864118372
2020-02-13 12:09:00,120.8864118372,120.8864118372,120.8864118372,120.8864118372
2020-02-13 12:10:00,120.8864118372,120.8864118372,120.8864118372,120.8864118372
2020-02-13 12:11:00,120.8864118372,120.8864118372,120.8864118372,120.8864118372
2020-02-13 12:12:00,120.8864118372,120.8864118372,120.8864118372,120.8864118372
2020-02-13 12:13:00,120.8864118372,120.8864118372,120.8864118372,120.8864118372
2020-02-13 12:14:00,120.8864118372,120.8864118372,120.8864118372,120.8864118372
2020-02-13 12:15:00,120.8864118372,120.8864118372,120.8864118372,120.8864118372
2020-02-13 12:16:00,120.8864118372,120.8864118372,120.8864118372,120.8864118372
2020-02-13 12:17:00,120.8864118372,120.8864118372,120.8864118372,120.8864118372
2020-02-13 12:18:00,120.8864118372,120.8864118372,120.8864118372,120.8864118372
2020-02-13 12:19:00,120.8864118372,120.8864118372,120.8864118372,120.8864118372
2020-02-13 12:20:00,120.96675880248,120.96675880248,120.96675880248,120.96675880248
2020-02-13 12:21:00,120.9552020472,120.9552020472,120.9552020472,120.9552020472
2020-02-13 12:22:00,120.9552020472,120.9552020472,120.9552020472,120.9552020472
2020-02-13 12:23:00,120.9552020472,120.9552020472,120.9552020472,120.9552020472
2020-02-13 12:24:00,120.9552020472,120.9552020472,120.9552020472,120.9552020472
2020-02-13 12:25:00,120.9552020472,120.9552020472,120.9552020472,120.9552020472
2020-02-13 12:26:00,120.98143404728,120.98143404728,120.98143404728,120.98143404728
2020-02-13 12:27:00,120.98143404728,120.98143404728,120.98143404728,120.98143404728
2020-02-13 12:28:00,120.98143404728,120.98143404728,120.98143404728,120.98143404728
2020-02-13 12:29:00,120.98143404728,120.98143404728,120.98143404728,120.98143404728
2020-02-13 12:30:00,120.98143404728,120.98143404728,120.98143404728,120.98143404728
2020-02-13 12:31:00,120.98143404728,120.98143404728,120.98143404728,120.98143404728
2020-02-13 12:32:00,120.98143404728,120.98143404728,120.98143404728,120.98143404728
2020-02-13 12:33:00,120.98143404728,120.98143404728,120.98143404728,120.98143404728
2020-02-13 12:34:00,120.98143404728,120.98143404728,120.98143404728,120.98143404728
2020-02-13 12:35:00,120.98143404728,120.98143404728,120.98143404728,120.98143404728
2020-02-13 12:36:00,120.949240229,120.949240229,120.949240229,120.949240229
2020-02-13 12:37:00,120.949240229,120.949240229,120.949240229,120.949240229
2020-02-13 12:38:00,120.949240229,120.949240229,120.949240229,120.949240229
2020-02-13 12:39:00,120.949240229,120.949240229,120.949240229,120.949240229
2020-02-13 12:40:00,120.949240229,120.949240229,120.949240229,120.949240229
2020-02-13 12:41:00,120.949240229,120.949240229,120.949240229,120.949240229
2020-02-13 12:42:00,120.949240229,120.949240229,120.949240229,120.949240229
2020-02-13 12:43:00,120.949240229,120.949240229,120.949240229,120.949240229
2020-02-13 12:44:00,120.949240229,120.949240229,120.949240229,120.949240229
2020-02-13 12:45:00,120.949240229,120.949240229,120.949240229,120.949240229
2020-02-13 12:46:00,120.949240229,120.949240229,120.949240229,120.949240229
2020-02-13 12:47:00,120.949240229,120.949240229,120.949240229,120.949240229
2020-02-13 12:48:00,120.949240229,120.949240229,120.949240229,120.949240229
2020-02-13 12:49:00,120.949240229,120.949240229,120.949240229,120.949240229
2020-02-13 12:50:00,120.949240229,120.949240229,120.949240229,120.949240229
2020-02-13 12:51:00,120.949240229,120.949240229,120.949240229,120.949240229
2020-02-13 12:52:00,120.949240229,120.949240229,120.949240229,120.949240229
2020-02-13 12:53:00,120.949240229,120.949240229,120.949240229,120.949240229
2020-02-13 12:54:00,120.949240229,120.949240229,120.949240229,120.949240229
2020-02-13 12:55:00,120.949240229,120.949240229,120.949240229,120.949240229
2020-02-13 12:56:00,120.949240229,120.949240229,120.949240229,120.949240229
2020-02-13 12:57:00,120.949240229,120.949240229,120.949240229,120.949240229
2020-02-13 12:58:00,120.949240229,120.949240229,120.949240229,120.949240229
2020-02-13 12:59:00,120.949240229,120.949240229,120.949240229,120.949240229
2020-02-13 13:00:00,120.949240229,120.949240229,120.949240229,120.949240229
2020-02-13 13:01:00,120.949240229,120.949240229,120.949240229,120.949240229
2020-02-13 13:02:00,120.949240229,120.949240229,120.949240229,120.949240229
2020-02-13 13:03:00,120.949240229,120.949240229,120.949240229,120.949240229
2020-02-13 13:04:00,120.949240229,120.949240229,120.949240229,120.949240229
2020-02-13 13:05:00,120.949240229,120.949240229,120.949240229,120.949240229
2020-02-13 13:06:00,120.58593619992,120.58593619992,120.58593619992,120.58593619992
2020-02-13 13:07:00,120.58593619992,120.58593619992,120.58593619992,120.58593619992
2020-02-13 13:08:00,120.58593619992,120.58593619992,120.58593619992,120.58593619992
2020-02-13 13:09:00,120.58593619992,120.58593619992,120.58593619992,120.58593619992
2020-02-13 13:10:00,120.58593619992,120.58593619992,120.58593619992,120.58593619992
2020-02-13 13:11:00,120.58593619992,120.58593619992,120.58593619992,120.58593619992
2020-02-13 13:12:00,120.58593619992,120.58593619992,120.58593619992,120.58593619992
2020-02-13 13:13:00,120.58593619992,120.58593619992,120.58593619992,120.58593619992
2020-02-13 13:14:00,120.58593619992,120.58593619992,120.58593619992,120.58593619992
2020-02-13 13:15:00,120.437899668,120.437899668,120.437899668,120.437899668
2020-02-13 13:16:00,120.437899668,120.437899668,120.437899668,120.437899668
2020-02-13 13:17:00,120.437899668,120.437899668,120.437899668,120.437899668
2020-02-13 13:18:00,120.437899668,120.437899668,120.437899668,120.437899668
2020-02-13 13:19:00,120.437899668,120.437899668,120.437899668,120.437899668
2020-02-13 13:20:00,120.437899668,120.437899668,120.437899668,120.437899668
2020-02-13 13:21:00,120.437899668,120.437899668,120.437899668,120.437899668
2020-02-13 13:22:00,120.437899668,120.437899668,120.437899668,120.437899668
2020-02-13 13:23:00,120.437899668,120.437899668,120.437899668,120.437899668
2020-02-13 13:24:00,120.437899668,120.437899668,120.437899668,120.437899668
2020-02-13 13:25:00,120.437899668,120.437899668,120.437899668,120.437899668
2020-02-13 13:26:00,120.55053217184,120.5644736544,120.55053217184,120.5653908572
2020-02-13 13:27:00,120.55053217184,120.5644736544,120.55053217184,120.5653908572
2020-02-13 13:28:00,120.55053217184,120.5644736544,120.55053217184,120.5653908572
2020-02-13 13:29:00,120.55053217184,120.5644736544,120.55053217184,120.5653908572
2020-02-13 13:30:00,120.55053217184,120.5644736544,120.55053217184,120.5653908572
2020-02-13 13:31:00,120.55053217184,120.5644736544,120.55053217184,120.5653908572
2020-02-13 13:32:00,120.61528668952,120.61528668952,120.61528668952,120.61528668952
2020-02-13 13:33:00,120.61528668952,120.61528668952,120.61528668952,120.61528668952
2020-02-13 13:34:00,120.61528668952,120.61528668952,120.61528668952,120.61528668952
2020-02-13 13:35:00,120.61528668952,120.61528668952,120.61528668952,120.61528668952
2020-02-13 13:36:00,120.61528668952,120.61528668952,120.61528668952,120.61528668952
2020-02-13 13:37:00,120.61528668952,120.61528668952,120.61528668952,120.61528668952
2020-02-13 13:38:00,120.61528668952,120.61528668952,120.61528668952,120.61528668952
2020-02-13 13:39:00,120.61528668952,120.61528668952,120.61528668952,120.61528668952
2020-02-13 13:40:00,120.61528668952,120.61528668952,120.61528668952,120.61528668952
2020-02-13 13:41:00,120.6479391092,120.6479391092,120.6479391092,120.6479391092
2020-02-13 13:42:00,120.6479391092,120.6479391092,120.6479391092,120.6479391092
2020-02-13 13:43:00,120.6479391092,120.6479391092,120.6479391092,120.6479391092
2020-02-13 13:44:00,120.6479391092,120.6479391092,120.6479391092,120.6479391092
2020-02-13 13:45:00,120.6479391092,120.6479391092,120.6479391092,120.6479391092
2020-02-13 13:46:00,120.6479391092,120.6479391092,120.6479391092,120.6479391092
2020-02-13 13:47:00,120.6479391092,120.6479391092,120.6479391092,120.6479391092
2020-02-13 13:48:00,120.6479391092,120.6479391092,120.6479391092,120.6479391092
2020-02-13 13:49:00,120.6479391092,120.6479391092,120.6479391092,120.6479391092
2020-02-13 13:50:00,120.6479391092,120.6479391092,120.6479391092,120.6479391092
2020-02-13 13:51:00,120.6479391092,120.6479391092,120.6479391092,120.6479391092
2020-02-13 13:52:00,120.6479391092,120.6479391092,120.6479391092,120.6479391092
2020-02-13 13:53:00,120.6479391092,120.6479391092,120.6479391092,120.6479391092
2020-02-13 13:54:00,120.6479391092,120.6479391092,120.6479391092,120.6479391092
2020-02-13 13:55:00,120.6479391092,120.6479391092,120.6479391092,120.6479391092
2020-02-13 13:56:00,120.6479391092,120.6479391092,120.6479391092,120.6479391092
2020-02-13 13:57:00,120.6479391092,120.6479391092,120.6479391092,120.6479391092
2020-02-13 13:58:00,120.6479391092,120.6479391092,120.6479391092,120.6479391092
2020-02-13 13:59:00,120.6479391092,120.6479391092,120.6479391092,120.6479391092
2020-02-13 14:00:00,120.6479391092,120.6479391092,120.6479391092,120.6479391092
2020-02-13 14:01:00,120.694716452,120.694716452,120.694716452,120.694716452
2020-02-13 14:02:00,120.694716452,120.694716452,120.694716452,120.694716452
2020-02-13 14:03:00,120.602996172,120.602996172,120.602996172,120.602996172
2020-02-13 14:04:00,120.602996172,120.602996172,120.602996172,120.602996172
2020-02-13 14:05:00,120.602996172,120.602996172,120.602996172,120.602996172
2020-02-13 14:06:00,120.639684284,120.65802834,120.639684284,120.6708691792
2020-02-13 14:07:00,120.639684284,120.65802834,120.639684284,120.6708691792
2020-02-13 14:08:00,120.639684284,120.65802834,120.639684284,120.6708691792
2020-02-13 14:09:00,120.639684284,120.65802834,120.639684284,120.6708691792
2020-02-13 14:10:00,120.639684284,120.65802834,120.639684284,120.6708691792
2020-02-13 14:11:00,120.639684284,120.65802834,120.639684284,120.6708691792
2020-02-13 14:12:00,120.639684284,120.65802834,120.639684284,120.6708691792
2020-02-13 14:13:00,120.639684284,120.65802834,120.639684284,120.6708691792
2020-02-13 14:14:00,120.58804576636,120.58804576636,120.58804576636,120.58804576636
2020-02-13 14:15:00,120.58804576636,120.58804576636,120.58804576636,120.58804576636
2020-02-13 14:16:00,120.58804576636,120.58804576636,120.58804576636,120.58804576636
2020-02-13 14:17:00,120.58804576636,120.58804576636,120.58804576636,120.58804576636
2020-02-13 14:18:00,120.58804576636,120.58804576636,120.58804576636,120.58804576636
2020-02-13 14:19:00,120.58804576636,120.58804576636,120.58804576636,120.58804576636
2020-02-13 14:20:00,120.58804576636,120.58804576636,120.58804576636,120.58804576636
2020-02-13 14:21:00,120.58804576636,120.58804576636,120.58804576636,120.58804576636
2020-02-13 14:22:00,120.58804576636,120.58804576636,120.58804576636,120.58804576636
2020-02-13 14:23:00,120.58804576636,120.58804576636,120.58804576636,120.58804576636
2020-02-13 14:24:00,120.58804576636,120.58804576636,120.58804576636,120.58804576636
2020-02-13 14:25:00,120.58804576636,120.58804576636,120.58804576636,120.58804576636
2020-02-13 14:26:00,120.58804576636,120.58804576636,120.58804576636,120.58804576636
2020-02-13 14:27:00,120.58804576636,120.58804576636,120.58804576636,120.58804576636
2020-02-13 14:28:00,120.58804576636,120.58804576636,120.58804576636,120.58804576636
2020-02-13 14:29:00,120.58804576636,120.58804576636,120.58804576636,120.58804576636
2020-02-13 14:30:00,120.621340228,120.621340228,120.621340228,120.621340228
2020-02-13 14:31:00,120.621340228,120.621340228,120.621340228,120.621340228
2020-02-13 14:32:00,120.621340228,120.621340228,120.621340228,120.621340228
2020-02-13 14:33:00,120.621340228,120.621340228,120.621340228,120.621340228
2020-02-13 14:34:00,120.602996172,120.602996172,120.602996172,120.602996172
2020-02-13 14:35:00,120.602996172,120.602996172,120.602996172,120.602996172
2020-02-13 14:36:00,120.602996172,120.602996172,120.602996172,120.602996172
2020-02-13 14:37:00,120.602996172,120.602996172,120.602996172,120.602996172
2020-02-13 14:38:00,120.625926242,120.625926242,120.625926242,120.625926242
2020-02-13 14:39:00,120.625926242,120.625926242,120.625926242,120.625926242
2020-02-13 14:40:00,120.625926242,120.625926242,120.625926242,120.625926242
2020-02-13 14:41:00,120.625926242,120.625926242,120.625926242,120.625926242
2020-02-13 14:42:00,120.5974929552,120.5974929552,120.5974929552,120.5974929552
2020-02-13 14:43:00,120.547964004,120.547964004,120.547964004,120.547964004
2020-02-13 14:44:00,120.547964004,120.547964004,120.547964004,120.547964004
2020-02-13 14:45:00,120.547964004,120.547964004,120.547964004,120.547964004
2020-02-13 14:46:00,120.547964004,120.547964004,120.547964004,120.547964004
2020-02-13 14:47:00,120.547964004,120.547964004,120.547964004,120.547964004
2020-02-13 14:48:00,120.49724268916,120.49724268916,120.49724268916,120.49724268916
2020-02-13 14:49:00,120.49724268916,120.49724268916,120.49724268916,120.49724268916
2020-02-13 14:50:00,120.49724268916,120.49724268916,120.49724268916,120.49724268916
2020-02-13 14:51:00,120.5397091788,120.5397091788,120.5397091788,120.5397091788
2020-02-13 14:52:00,120.5397091788,120.5397091788,120.5397091788,120.5397091788
2020-02-13 14:53:00,120.5397091788,120.5397091788,120.5397091788,120.5397091788
2020-02-13 14:54:00,120.561722046,120.561722046,120.561722046,120.561722046
2020-02-13 14:55:00,120.561722046,120.561722046,120.561722046,120.561722046
2020-02-13 14:56:00,120.561722046,120.561722046,120.561722046,120.561722046
2020-02-13 14:57:00,120.662614354,120.662614354,120.662614354,120.662614354
2020-02-13 14:58:00,120.639684284,120.639684284,120.639684284,120.639684284
2020-02-13 14:59:00,120.6121682,120.630512256,120.6121682,120.630512256
2020-02-13 15:00:00,120.6121682,120.630512256,120.6121682,120.630512256
2020-02-13 15:01:00,120.6121682,120.630512256,120.6121682,120.630512256
2020-02-13 15:02:00,120.6121682,120.630512256,120.6121682,120.630512256
2020-02-13 15:03:00,120.6121682,120.630512256,120.6121682,120.630512256
2020-02-13 15:04:00,120.6121682,120.630512256,120.6121682,120.630512256
2020-02-13 15:05:00,120.6121682,120.630512256,120.6121682,120.630512256
2020-02-13 15:06:00,120.6121682,120.630512256,120.6121682,120.630512256
2020-02-13 15:07:00,120.6121682,120.630512256,120.6121682,120.630512256
2020-02-13 15:08:00,120.6121682,120.630512256,120.6121682,120.630512256
2020-02-13 15:09:00,120.6121682,120.630512256,120.6121682,120.630512256
2020-02-13 15:10:00,120.6121682,120.630512256,120.6121682,120.630512256
2020-02-13 15:11:00,120.6121682,120.630512256,120.6121682,120.630512256
2020-02-13 15:12:00,120.6121682,120.630512256,120.6121682,120.630512256
2020-02-13 15:13:00,120.6121682,120.630512256,120.6121682,120.630512256
2020-02-13 15:14:00,120.6121682,120.630512256,120.6121682,120.630512256
2020-02-13 15:15:00,120.511275892,120.511275892,120.511275892,120.511275892
2020-02-13 15:16:00,120.511275892,120.511275892,120.511275892,120.511275892
2020-02-13 15:17:00,120.511275892,120.511275892,120.511275892,120.511275892
2020-02-13 15:18:00,120.511275892,120.511275892,120.511275892,120.511275892
2020-02-13 15:19:00,120.511275892,120.511275892,120.511275892,120.511275892
2020-02-13 15:20:00,120.511275892,120.511275892,120.511275892,120.511275892
2020-02-13 15:21:00,120.511275892,120.511275892,120.511275892,120.511275892
2020-02-13 15:22:00,120.511275892,120.511275892,120.511275892,120.511275892
2020-02-13 15:23:00,120.511275892,120.511275892,120.511275892,120.511275892
2020-02-13 15:24:00,120.557136032,120.557136032,120.557136032,120.557136032
2020-02-13 15:25:00,120.557136032,120.557136032,120.557136032,120.557136032
2020-02-13 15:26:00,120.557136032,120.557136032,120.557136032,120.557136032
2020-02-13 15:27:00,120.557136032,120.557136032,120.557136032,120.557136032
2020-02-13 15:28:00,120.557136032,120.557136032,120.557136032,120.557136032
2020-02-13 15:29:00,120.557136032,120.557136032,120.557136032,120.557136032
2020-02-13 15:30:00,120.557136032,120.557136032,120.557136032,120.557136032
2020-02-13 15:31:00,120.557136032,120.557136032,120.557136032,120.557136032
2020-02-13 15:32:00,120.557136032,120.557136032,120.557136032,120.557136032
2020-02-13 15:33:00,120.557136032,120.557136032,120.557136032,120.557136032
2020-02-13 15:34:00,120.557136032,120.557136032,120.557136032,120.557136032
2020-02-13 15:35:00,120.557136032,120.557136032,120.557136032,120.557136032
2020-02-13 15:36:00,120.557136032,120.557136032,120.557136032,120.557136032
2020-02-13 15:37:00,120.557136032,120.557136032,120.557136032,120.557136032
2020-02-13 15:38:00,120.557136032,120.557136032,120.557136032,120.557136032
2020-02-13 15:39:00,120.557136032,120.557136032,120.557136032,120.557136032
2020-02-13 15:40:00,120.4686259618,120.4686259618,120.4686259618,120.4686259618
2020-02-13 15:41:00,120.4686259618,120.4686259618,120.4686259618,120.4686259618
2020-02-13 15:42:00,120.4686259618,120.4686259618,120.4686259618,120.4686259618
2020-02-13 15:43:00,120.4686259618,120.4686259618,120.4686259618,120.4686259618
2020-02-13 15:44:00,120.4686259618,120.4686259618,120.4686259618,120.4686259618
2020-02-13 15:45:00,120.4686259618,120.4686259618,120.4686259618,120.4686259618
2020-02-13 15:46:00,120.4686259618,120.4686259618,120.4686259618,120.4686259618
2020-02-13 15:47:00,120.419555612,120.419555612,120.419555612,120.419555612
2020-02-13 15:48:00,120.419555612,120.419555612,120.419555612,120.419555612
2020-02-13 15:49:00,120.419555612,120.419555612,120.419555612,120.419555612
2020-02-13 15:50:00,120.419555612,120.419555612,120.419555612,120.419555612
2020-02-13 15:51:00,120.447071696,120.447071696,120.447071696,120.447071696
2020-02-13 15:52:00,120.447071696,120.447071696,120.447071696,120.447071696
2020-02-13 15:53:00,120.447071696,120.447071696,120.447071696,120.447071696
2020-02-13 15:54:00,120.447071696,120.447071696,120.447071696,120.447071696
2020-02-13 15:55:00,120.447071696,120.447071696,120.447071696,120.447071696
2020-02-13 15:56:00,120.447071696,120.447071696,120.447071696,120.447071696
2020-02-13 15:57:00,120.447071696,120.447071696,120.447071696,120.447071696
2020-02-13 15:58:00,120.447071696,120.447071696,120.447071696,120.447071696
2020-02-13 15:59:00,120.3828675,120.3828675,120.3828675,120.3828675
2020-02-13 16:00:00,120.437899668,120.364523444,120.346179388,120.437899668
2020-02-14 09:31:00,120.502103864,120.502103864,120.502103864,120.502103864
2020-02-14 09:32:00,120.502103864,120.502103864,120.502103864,120.502103864
2020-02-14 09:33:00,120.502103864,120.502103864,120.502103864,120.502103864
2020-02-14 09:34:00,120.456243724,120.456243724,120.456243724,120.456243724
2020-02-14 09:35:00,120.33700736,120.33700736,120.33700736,120.33700736
2020-02-14 09:36:00,120.42936968196,120.42936968196,120.42936968196,120.42936968196
2020-02-14 09:37:00,120.42936968196,120.42936968196,120.42936968196,120.42936968196
2020-02-14 09:38:00,120.42936968196,120.42936968196,120.42936968196,120.42936968196
2020-02-14 09:39:00,120.42936968196,120.42936968196,120.42936968196,120.42936968196
2020-02-14 09:40:00,120.42936968196,120.42936968196,120.42936968196,120.42936968196
2020-02-14 09:41:00,120.42936968196,120.42936968196,120.42936968196,120.42936968196
2020-02-14 09:42:00,120.42936968196,120.42936968196,120.42936968196,120.42936968196
2020-02-14 09:43:00,120.42936968196,120.42936968196,120.42936968196,120.42936968196
2020-02-14 09:44:00,120.42936968196,120.42936968196,120.42936968196,120.42936968196
2020-02-14 09:45:00,120.639684284,120.639684284,120.639684284,120.639684284
2020-02-14 09:46:00,120.639684284,120.639684284,120.639684284,120.639684284
2020-02-14 09:47:00,120.639684284,120.639684284,120.639684284,120.639684284
2020-02-14 09:48:00,120.639684284,120.639684284,120.639684284,120.639684284
2020-02-14 09:49:00,120.639684284,120.639684284,120.639684284,120.639684284
2020-02-14 09:50:00,120.639684284,120.639684284,120.639684284,120.639684284
2020-02-14 09:51:00,120.639684284,120.639684284,120.639684284,120.639684284
2020-02-14 09:52:00,120.639684284,120.639684284,120.639684284,120.639684284
2020-02-14 09:53:00,120.74974862,120.70810761288,120.70810761288,120.74974862
2020-02-14 09:54:00,120.74974862,120.70810761288,120.70810761288,120.74974862
2020-02-14 09:55:00,120.76919331936,120.76919331936,120.76919331936,120.76919331936
2020-02-14 09:56:00,120.76919331936,120.76919331936,120.76919331936,120.76919331936
2020-02-14 09:57:00,120.76919331936,120.76919331936,120.76919331936,120.76919331936
2020-02-14 09:58:00,120.76919331936,120.76919331936,120.76919331936,120.76919331936
2020-02-14 09:59:00,120.76919331936,120.76919331936,120.76919331936,120.76919331936
2020-02-14 10:00:00,120.76919331936,120.76919331936,120.76919331936,120.76919331936
2020-02-14 10:01:00,120.76919331936,120.76919331936,120.76919331936,120.76919331936
2020-02-14 10:02:00,120.76919331936,120.76919331936,120.76919331936,120.76919331936
2020-02-14 10:03:00,120.76919331936,120.76919331936,120.76919331936,120.76919331936
2020-02-14 10:04:00,120.76919331936,120.76919331936,120.76919331936,120.76919331936
2020-02-14 10:05:00,120.75094098364,120.75094098364,120.75094098364,120.75094098364
2020-02-14 10:06:00,120.75094098364,120.75094098364,120.75094098364,120.75094098364
2020-02-14 10:07:00,120.75094098364,120.75094098364,120.75094098364,120.75094098364
2020-02-14 10:08:00,120.75094098364,120.75094098364,120.75094098364,120.75094098364
2020-02-14 10:09:00,120.75094098364,120.75094098364,120.75094098364,120.75094098364
2020-02-14 10:10:00,120.75094098364,120.75094098364,120.75094098364,120.75094098364
2020-02-14 10:11:00,120.75094098364,120.75094098364,120.75094098364,120.75094098364
2020-02-14 10:12:00,120.75094098364,120.75094098364,120.75094098364,120.75094098364
2020-02-14 10:13:00,120.75094098364,120.75094098364,120.75094098364,120.75094098364
2020-02-14 10:14:00,120.75094098364,120.75094098364,120.75094098364,120.75094098364
2020-02-14 10:15:00,120.75094098364,120.75094098364,120.75094098364,120.75094098364
2020-02-14 10:16:00,120.75094098364,120.75094098364,120.75094098364,120.75094098364
2020-02-14 10:17:00,120.75094098364,120.75094098364,120.75094098364,120.75094098364
2020-02-14 10:18:00,120.75094098364,120.75094098364,120.75094098364,120.75094098364
2020-02-14 10:19:00,120.75094098364,120.75094098364,120.75094098364,120.75094098364
2020-02-14 10:20:00,120.58024954256,120.58024954256,120.58024954256,120.58024954256
2020-02-14 10:21:00,120.58024954256,120.58024954256,120.58024954256,120.58024954256
2020-02-14 10:22:00,120.58024954256,120.58024954256,120.58024954256,120.58024954256
2020-02-14 10:23:00,120.58024954256,120.58024954256,120.58024954256,120.58024954256
2020-02-14 10:24:00,120.58024954256,120.58024954256,120.58024954256,120.58024954256
2020-02-14 10:25:00,120.58024954256,120.58024954256,120.58024954256,120.58024954256
2020-02-14 10:26:00,120.58024954256,120.58024954256,120.58024954256,120.58024954256
2020-02-14 10:27:00,120.58024954256,120.58024954256,120.58024954256,120.58024954256
2020-02-14 10:28:00,120.58024954256,120.58024954256,120.58024954256,120.58024954256
2020-02-14 10:29:00,120.58024954256,120.58024954256,120.58024954256,120.58024954256
2020-02-14 10:30:00,120.58024954256,120.58024954256,120.58024954256,120.58024954256
2020-02-14 10:31:00,120.58024954256,120.58024954256,120.58024954256,120.58024954256
2020-02-14 10:32:00,120.58024954256,120.58024954256,120.58024954256,120.58024954256
2020-02-14 10:33:00,120.58024954256,120.58024954256,120.58024954256,120.58024954256
2020-02-14 10:34:00,120.58024954256,120.58024954256,120.58024954256,120.58024954256
2020-02-14 10:35:00,120.58024954256,120.58024954256,120.58024954256,120.58024954256
2020-02-14 10:36:00,120.58024954256,120.58024954256,120.58024954256,120.58024954256
2020-02-14 10:37:00,120.58024954256,120.58024954256,120.58024954256,120.58024954256
2020-02-14 10:38:00,120.58024954256,120.58024954256,120.58024954256,120.58024954256
2020-02-14 10:39:00,120.419555612,120.419555612,120.419555612,120.419555612
2020-02-14 10:40:00,120.419555612,120.419555612,120.419555612,120.419555612
2020-02-14 10:41:00,120.419555612,120.419555612,120.419555612,120.419555612
2020-02-14 10:42:00,120.419555612,120.419555612,120.419555612,120.419555612
2020-02-14 10:43:00,120.419555612,120.419555612,120.419555612,120.419555612
2020-02-14 10:44:00,120.419555612,120.419555612,120.419555612,120.419555612
2020-02-14 10:45:00,120.419555612,120.419555612,120.419555612,120.419555612
2020-02-14 10:46:00,120.3929567308,120.3929567308,120.3929567308,120.3929567308
2020-02-14 10:47:00,120.3929567308,120.3929567308,120.3929567308,120.3929567308
2020-02-14 10:48:00,120.3929567308,120.3929567308,120.3929567308,120.3929567308
2020-02-14 10:49:00,120.3929567308,120.3929567308,120.3929567308,120.3929567308
2020-02-14 10:50:00,120.42872764,120.42872764,120.42872764,120.42872764
2020-02-14 10:51:00,120.42872764,120.42872764,120.42872764,120.42872764
2020-02-14 10:52:00,120.460829738,120.460829738,120.460829738,120.460829738
2020-02-14 10:53:00,120.460829738,120.460829738,120.460829738,120.460829738
2020-02-14 10:54:00,120.479173794,120.479173794,120.479173794,120.479173794
2020-02-14 10:55:00,120.479173794,120.479173794,120.479173794,120.479173794
2020-02-14 10:56:00,120.479173794,120.479173794,120.479173794,120.479173794
2020-02-14 10:57:00,120.392039528,120.3929567308,120.392039528,120.3929567308
2020-02-14 10:58:00,120.392039528,120.3929567308,120.392039528,120.3929567308
2020-02-14 10:59:00,120.392039528,120.373695472,120.373695472,120.392039528
2020-02-14 11:00:00,120.392039528,120.373695472,120.373695472,120.392039528
2020-02-14 11:01:00,120.392039528,120.373695472,120.373695472,120.392039528
2020-02-14 11:02:00,120.392039528,120.373695472,120.373695472,120.392039528
2020-02-14 11:03:00,120.396625542,120.3828675,120.3828675,120.396625542
2020-02-14 11:04:00,120.392039528,120.3681922552,120.3681922552,120.392039528
2020-02-14 11:05:00,120.39836822732,120.39836822732,120.39836822732,120.39836822732
2020-02-14 11:06:00,120.39836822732,120.39836822732,120.39836822732,120.39836822732
2020-02-14 11:07:00,120.39836822732,120.39836822732,120.39836822732,120.39836822732
2020-02-14 11:08:00,120.32077287044,120.32077287044,120.32077287044,120.32077287044
2020-02-14 11:09:00,120.32077287044,120.32077287044,120.32077287044,120.32077287044
2020-02-14 11:10:00,120.226943024,120.226943024,120.226943024,120.226943024
2020-02-14 11:11:00,120.226943024,120.226943024,120.226943024,120.226943024
2020-02-14 11:12:00,120.226943024,120.226943024,120.226943024,120.226943024
2020-02-14 11:13:00,120.226943024,120.226943024,120.226943024,120.226943024
2020-02-14 11:14:00,120.226943024,120.226943024,120.226943024,120.226943024
2020-02-14 11:15:00,120.226943024,120.226943024,120.226943024,120.226943024
2020-02-14 11:16:00,120.226943024,120.226943024,120.226943024,120.226943024
2020-02-14 11:17:00,120.3195805068,120.3195805068,120.3195805068,120.3195805068
2020-02-14 11:18:00,120.3195805068,120.3195805068,120.3195805068,120.3195805068
2020-02-14 11:19:00,120.3195805068,120.3195805068,120.3195805068,120.3195805068
2020-02-14 11:20:00,120.3195805068,120.3195805068,120.3195805068,120.3195805068
2020-02-14 11:21:00,120.3195805068,120.3195805068,120.3195805068,120.3195805068
2020-02-14 11:22:00,120.3195805068,120.3195805068,120.3195805068,120.3195805068
2020-02-14 11:23:00,120.3195805068,120.3195805068,120.3195805068,120.3195805068
2020-02-14 11:24:00,120.3195805068,120.3195805068,120.3195805068,120.3195805068
2020-02-14 11:25:00,120.3195805068,120.3195805068,120.3195805068,120.3195805068
2020-02-14 11:26:00,120.3195805068,120.3195805068,120.3195805068,120.3195805068
2020-02-14 11:27:00,120.3195805068,120.3195805068,120.3195805068,120.3195805068
2020-02-14 11:28:00,120.419555612,120.419555612,120.419555612,120.419555612
2020-02-14 11:29:00,120.419555612,120.419555612,120.419555612,120.419555612
2020-02-14 11:30:00,120.419555612,120.419555612,120.419555612,120.419555612
2020-02-14 11:31:00,120.419555612,120.419555612,120.419555612,120.419555612
2020-02-14 11:32:00,120.419555612,120.419555612,120.419555612,120.419555612
2020-02-14 11:33:00,120.419555612,120.419555612,120.419555612,120.419555612
2020-02-14 11:34:00,120.419555612,120.419555612,120.419555612,120.419555612
2020-02-14 11:35:00,120.419555612,120.419555612,120.419555612,120.419555612
2020-02-14 11:36:00,120.419555612,120.419555612,120.419555612,120.419555612
2020-02-14 11:37:00,120.419555612,120.419555612,120.419555612,120.419555612
2020-02-14 11:38:00,120.419555612,120.419555612,120.419555612,120.419555612
2020-02-14 11:39:00,120.419555612,120.419555612,120.419555612,120.419555612
2020-02-14 11:40:00,120.419555612,120.419555612,120.419555612,120.419555612
2020-02-14 11:41:00,120.419555612,120.419555612,120.419555612,120.419555612
2020-02-14 11:42:00,120.419555612,120.419555612,120.419555612,120.419555612
2020-02-14 11:43:00,120.419555612,120.419555612,120.419555612,120.419555612
2020-02-14 11:44:00,120.47899035344,120.47899035344,120.47899035344,120.47899035344
2020-02-14 11:45:00,120.47899035344,120.47899035344,120.47899035344,120.47899035344
2020-02-14 11:46:00,120.47899035344,120.47899035344,120.47899035344,120.47899035344
2020-02-14 11:47:00,120.47899035344,120.47899035344,120.47899035344,120.47899035344
2020-02-14 11:48:00,120.47899035344,120.47899035344,120.47899035344,120.47899035344
2020-02-14 11:49:00,120.45165771,120.45165771,120.45165771,120.45165771
2020-02-14 11:50:00,120.45165771,120.45165771,120.45165771,120.45165771
2020-02-14 11:51:00,120.45165771,120.45165771,120.45165771,120.45165771
2020-02-14 11:52:00,120.45165771,120.45165771,120.45165771,120.45165771
2020-02-14 11:53:00,120.45165771,120.45165771,120.45165771,120.45165771
2020-02-14 11:54:00,120.45165771,120.45165771,120.45165771,120.45165771
2020-02-14 11:55:00,120.45165771,120.45165771,120.45165771,120.45165771
2020-02-14 11:56:00,120.45165771,120.45165771,120.45165771,120.45165771
2020-02-14 11:57:00,120.45165771,120.45165771,120.45165771,120.45165771
2020-02-14 11:58:00,120.45165771,120.45165771,120.45165771,120.45165771
2020-02-14 11:59:00,120.41075046512,120.41075046512,120.41075046512,120.41075046512
2020-02-14 12:00:00,120.41075046512,120.41075046512,120.41075046512,120.41075046512
2020-02-14 12:01:00,120.41075046512,120.41075046512,120.41075046512,120.41075046512
2020-02-14 12:02:00,120.3810330944,120.3709438636,120.36021259084,120.3810330944
2020-02-14 12:03:00,120.3810330944,120.3709438636,120.36021259084,120.3810330944
2020-02-14 12:04:00,120.3810330944,120.3709438636,120.36021259084,120.3810330944
2020-02-14 12:05:00,120.3810330944,120.3709438636,120.36021259084,120.3810330944
2020-02-14 12:06:00,120.3810330944,120.3709438636,120.36021259084,120.3810330944
2020-02-14 12:07:00,120.3810330944,120.3709438636,120.36021259084,120.3810330944
2020-02-14 12:08:00,120.332421346,120.332421346,120.332421346,120.332421346
2020-02-14 12:09:00,120.332421346,120.332421346,120.332421346,120.332421346
2020-02-14 12:10:00,120.332421346,120.332421346,120.332421346,120.332421346
2020-02-14 12:11:00,120.332421346,120.332421346,120.332421346,120.332421346
2020-02-14 12:12:00,120.332421346,120.332421346,120.332421346,120.332421346
2020-02-14 12:13:00,120.332421346,120.332421346,120.332421346,120.332421346
2020-02-14 12:14:00,120.332421346,120.332421346,120.332421346,120.332421346
2020-02-14 12:15:00,120.332421346,120.332421346,120.332421346,120.332421346
2020-02-14 12:16:00,120.332421346,120.332421346,120.332421346,120.332421346
2020-02-14 12:17:00,120.332421346,120.332421346,120.332421346,120.332421346
2020-02-14 12:18:00,120.332421346,120.332421346,120.332421346,120.332421346
2020-02-14 12:19:00,120.2828923948,120.2828923948,120.2828923948,120.2828923948
2020-02-14 12:20:00,120.2828923948,120.2828923948,120.2828923948,120.2828923948
2020-02-14 12:21:00,120.2828923948,120.2828923948,120.2828923948,120.2828923948
2020-02-14 12:22:00,120.2828923948,120.2828923948,120.2828923948,120.2828923948
2020-02-14 12:23:00,120.2828923948,120.2828923948,120.2828923948,120.2828923948
2020-02-14 12:24:00,120.2828923948,120.2828923948,120.2828923948,120.2828923948
2020-02-14 12:25:00,120.2828923948,120.2828923948,120.2828923948,120.2828923948
2020-02-14 12:26:00,120.2828923948,120.2828923948,120.2828923948,120.2828923948
2020-02-14 12:27:00,120.2828923948,120.2828923948,120.2828923948,120.2828923948
2020-02-14 12:28:00,120.2828923948,120.2828923948,120.2828923948,120.2828923948
2020-02-14 12:29:00,120.2828923948,120.2828923948,120.2828923948,120.2828923948
2020-02-14 12:30:00,120.2828923948,120.2828923948,120.2828923948,120.2828923948
2020-02-14 12:31:00,120.2828923948,120.2828923948,120.2828923948,120.2828923948
2020-02-14 12:32:00,120.2828923948,120.2828923948,120.2828923948,120.2828923948
2020-02-14 12:33:00,120.2828923948,120.2828923948,120.2828923948,120.2828923948
2020-02-14 12:34:00,120.2828923948,120.2828923948,120.2828923948,120.2828923948
2020-02-14 12:35:00,120.2828923948,120.2828923948,120.2828923948,120.2828923948
2020-02-14 12:36:00,120.3814916958,120.3814916958,120.3814916958,120.3814916958
2020-02-14 12:37:00,120.3814916958,120.3814916958,120.3814916958,120.3814916958
2020-02-14 12:38:00,120.3814916958,120.3814916958,120.3814916958,120.3814916958
2020-02-14 12:39:00,120.392039528,120.392039528,120.392039528,120.392039528
2020-02-14 12:40:00,120.392039528,120.392039528,120.392039528,120.392039528
2020-02-14 12:41:00,120.392039528,120.392039528,120.392039528,120.392039528
2020-02-14 12:42:00,120.392039528,120.392039528,120.392039528,120.392039528
2020-02-14 12:43:00,120.373695472,120.373695472,120.373695472,120.373695472
2020-02-14 12:44:00,120.373695472,120.373695472,120.373695472,120.373695472
2020-02-14 12:45:00,120.373695472,120.373695472,120.373695472,120.373695472
2020-02-14 12:46:00,120.373695472,120.373695472,120.373695472,120.373695472
2020-02-14 12:47:00,120.373695472,120.373695472,120.373695472,120.373695472
2020-02-14 12:48:00,120.373695472,120.373695472,120.373695472,120.373695472
2020-02-14 12:49:00,120.373695472,120.373695472,120.373695472,120.373695472
2020-02-14 12:50:00,120.373695472,120.373695472,120.373695472,120.373695472
2020-02-14 12:51:00,120.373695472,120.373695472,120.373695472,120.373695472
2020-02-14 12:52:00,120.373695472,120.373695472,120.373695472,120.373695472
2020-02-14 12:53:00,120.29380710812,120.29380710812,120.29380710812,120.29380710812
2020-02-14 12:54:00,120.29380710812,120.29380710812,120.29380710812,120.29380710812
2020-02-14 12:55:00,120.29380710812,120.29380710812,120.29380710812,120.29380710812
2020-02-14 12:56:00,120.29380710812,120.29380710812,120.29380710812,120.29380710812
2020-02-14 12:57:00,120.355351416,120.32820221312,120.32820221312,120.355351416
2020-02-14 12:58:00,120.355351416,120.32820221312,120.32820221312,120.355351416
2020-02-14 12:59:00,120.355351416,120.32820221312,120.32820221312,120.355351416
2020-02-14 13:00:00,120.355351416,120.32820221312,120.32820221312,120.355351416
2020-02-14 13:01:00,120.355351416,120.32820221312,120.32820221312,120.355351416
2020-02-14 13:02:00,120.355351416,120.32820221312,120.32820221312,120.355351416
2020-02-14 13:03:00,120.281975192,120.281975192,120.281975192,120.281975192
2020-02-14 13:04:00,120.281975192,120.281975192,120.281975192,120.281975192
2020-02-14 13:05:00,120.281975192,120.281975192,120.281975192,120.281975192
2020-02-14 13:06:00,120.281975192,120.281975192,120.281975192,120.281975192
2020-02-14 13:07:00,120.281975192,120.281975192,120.281975192,120.281975192
2020-02-14 13:08:00,120.281975192,120.281975192,120.281975192,120.281975192
2020-02-14 13:09:00,120.281975192,120.281975192,120.281975192,120.281975192
2020-02-14 13:10:00,120.281975192,120.281975192,120.281975192,120.281975192
2020-02-14 13:11:00,120.10688117748,120.10688117748,120.10688117748,120.10688117748
2020-02-14 13:12:00,120.10688117748,120.10688117748,120.10688117748,120.10688117748
2020-02-14 13:13:00,120.10688117748,120.10688117748,120.10688117748,120.10688117748
2020-02-14 13:14:00,120.10688117748,120.10688117748,120.10688117748,120.10688117748
2020-02-14 13:15:00,120.10688117748,120.10688117748,120.10688117748,120.10688117748
2020-02-14 13:16:00,120.10688117748,120.10688117748,120.10688117748,120.10688117748
2020-02-14 13:17:00,120.10688117748,120.10688117748,120.10688117748,120.10688117748
2020-02-14 13:18:00,120.10688117748,120.10688117748,120.10688117748,120.10688117748
2020-02-14 13:19:00,120.10688117748,120.10688117748,120.10688117748,120.10688117748
2020-02-14 13:20:00,120.10688117748,120.10688117748,120.10688117748,120.10688117748
2020-02-14 13:21:00,120.10688117748,120.10688117748,120.10688117748,120.10688117748
2020-02-14 13:22:00,120.10688117748,120.10688117748,120.10688117748,120.10688117748
2020-02-14 13:23:00,120.10688117748,120.10688117748,120.10688117748,120.10688117748
2020-02-14 13:24:00,120.10688117748,120.10688117748,120.10688117748,120.10688117748
2020-02-14 13:25:00,120.10688117748,120.10688117748,120.10688117748,120.10688117748
2020-02-14 13:26:00,120.10688117748,120.10688117748,120.10688117748,120.10688117748
2020-02-14 13:27:00,120.10688117748,120.10688117748,120.10688117748,120.10688117748
2020-02-14 13:28:00,120.10688117748,120.10688117748,120.10688117748,120.10688117748
2020-02-14 13:29:00,120.10688117748,120.10688117748,120.10688117748,120.10688117748
2020-02-14 13:30:00,120.10688117748,120.10688117748,120.10688117748,120.10688117748
2020-02-14 13:31:00,120.20272887008,120.1911721148,120.1911721148,120.20272887008
2020-02-14 13:32:00,120.20382951344,120.20382951344,120.20382951344,120.20382951344
2020-02-14 13:33:00,120.20382951344,120.20382951344,120.20382951344,120.20382951344
2020-02-14 13:34:00,120.20382951344,120.20382951344,120.20382951344,120.20382951344
2020-02-14 13:35:00,120.20382951344,120.20382951344,120.20382951344,120.20382951344
2020-02-14 13:36:00,120.20382951344,120.20382951344,120.20382951344,120.20382951344
2020-02-14 13:37:00,120.20382951344,120.20382951344,120.20382951344,120.20382951344
2020-02-14 13:38:00,120.20382951344,120.20382951344,120.20382951344,120.20382951344
2020-02-14 13:39:00,120.20382951344,120.20382951344,120.20382951344,120.20382951344
2020-02-14 13:40:00,120.2296946324,120.2296946324,120.2296946324,120.2296946324
2020-02-14 13:41:00,120.240701066,120.25409222688,120.226943024,120.25409222688
2020-02-14 13:42:00,120.240701066,120.25409222688,120.226943024,120.25409222688
2020-02-14 13:43:00,120.240701066,120.25409222688,120.226943024,120.25409222688
2020-02-14 13:44:00,120.240701066,120.25409222688,120.226943024,120.25409222688
2020-02-14 13:45:00,120.28408475844,120.272803164,120.272803164,120.28408475844
2020-02-14 13:46:00,120.28408475844,120.272803164,120.272803164,120.28408475844
2020-02-14 13:47:00,120.23162075828,120.23162075828,120.23162075828,120.23162075828
2020-02-14 13:48:00,120.23162075828,120.23162075828,120.23162075828,120.23162075828
2020-02-14 13:49:00,120.23162075828,120.23162075828,120.23162075828,120.23162075828
2020-02-14 13:50:00,120.23162075828,120.23162075828,120.23162075828,120.23162075828
2020-02-14 13:51:00,120.23162075828,120.23162075828,120.23162075828,120.23162075828
2020-02-14 13:52:00,120.23162075828,120.23162075828,120.23162075828,120.23162075828
2020-02-14 13:53:00,120.23162075828,120.23162075828,120.23162075828,120.23162075828
2020-02-14 13:54:00,120.24042590516,120.24042590516,120.24042590516,120.24042590516
2020-02-14 13:55:00,120.24042590516,120.24042590516,120.24042590516,120.24042590516
2020-02-14 13:56:00,120.24042590516,120.24042590516,120.24042590516,120.24042590516
2020-02-14 13:57:00,120.24042590516,120.24042590516,120.24042590516,120.24042590516
2020-02-14 13:58:00,120.24042590516,120.24042590516,120.24042590516,120.24042590516
2020-02-14 13:59:00,120.24042590516,120.24042590516,120.24042590516,120.24042590516
2020-02-14 14:00:00,120.2030957512,120.2030957512,120.2030957512,120.2030957512
2020-02-14 14:01:00,120.437899668,120.437899668,120.437899668,120.437899668
2020-02-14 14:02:00,120.437899668,120.437899668,120.437899668,120.437899668
2020-02-14 14:03:00,120.437899668,120.437899668,120.437899668,120.437899668
2020-02-14 14:04:00,120.437899668,120.437899668,120.437899668,120.437899668
2020-02-14 14:05:00,120.437899668,120.437899668,120.437899668,120.437899668
2020-02-14 14:06:00,120.437899668,120.437899668,120.437899668,120.437899668
2020-02-14 14:07:00,120.29784280044,120.29784280044,120.29784280044,120.29784280044
2020-02-14 14:08:00,120.29784280044,120.29784280044,120.29784280044,120.29784280044
2020-02-14 14:09:00,120.29784280044,120.29784280044,120.29784280044,120.29784280044
2020-02-14 14:10:00,120.29784280044,120.29784280044,120.29784280044,120.29784280044
2020-02-14 14:11:00,120.263631136,120.263631136,120.263631136,120.263631136
2020-02-14 14:12:00,120.263631136,120.263631136,120.263631136,120.263631136
2020-02-14 14:13:00,120.263631136,120.263631136,120.263631136,120.263631136
2020-02-14 14:14:00,120.263631136,120.263631136,120.263631136,120.263631136
2020-02-14 14:15:00,120.263631136,120.263631136,120.263631136,120.263631136
2020-02-14 14:16:00,120.263631136,120.263631136,120.263631136,120.263631136
2020-02-14 14:17:00,120.263631136,120.263631136,120.263631136,120.263631136
2020-02-14 14:18:00,120.0581777088,120.0581777088,120.0581777088,120.0581777088
2020-02-14 14:19:00,120.0581777088,120.0581777088,120.0581777088,120.0581777088
2020-02-14 14:20:00,120.0581777088,120.0581777088,120.0581777088,120.0581777088
2020-02-14 14:21:00,120.0581777088,120.0581777088,120.0581777088,120.0581777088
2020-02-14 14:22:00,120.0581777088,120.0581777088,120.0581777088,120.0581777088
2020-02-14 14:23:00,120.0581777088,120.0581777088,120.0581777088,120.0581777088
2020-02-14 14:24:00,120.0581777088,120.0581777088,120.0581777088,120.0581777088
2020-02-14 14:25:00,120.0581777088,120.0581777088,120.0581777088,120.0581777088
2020-02-14 14:26:00,120.0581777088,120.0581777088,120.0581777088,120.0581777088
2020-02-14 14:27:00,120.0581777088,120.0581777088,120.0581777088,120.0581777088
2020-02-14 14:28:00,120.0581777088,120.0581777088,120.0581777088,120.0581777088
2020-02-14 14:29:00,120.0581777088,120.0581777088,120.0581777088,120.0581777088
2020-02-14 14:30:00,120.0581777088,120.0581777088,120.0581777088,120.0581777088
2020-02-14 14:31:00,120.0581777088,120.0581777088,120.0581777088,120.0581777088
2020-02-14 14:32:00,120.0581777088,120.0581777088,120.0581777088,120.0581777088
2020-02-14 14:33:00,120.22584238064,120.208598968,120.208598968,120.22584238064
2020-02-14 14:34:00,120.22584238064,120.208598968,120.208598968,120.22584238064
2020-02-14 14:35:00,120.22584238064,120.208598968,120.208598968,120.22584238064
2020-02-14 14:36:00,120.22584238064,120.208598968,120.208598968,120.22584238064
2020-02-14 14:37:00,120.22584238064,120.208598968,120.208598968,120.22584238064
2020-02-14 14:38:00,120.22584238064,120.208598968,120.208598968,120.22584238064
2020-02-14 14:39:00,120.22584238064,120.208598968,120.208598968,120.22584238064
2020-02-14 14:40:00,120.22584238064,120.208598968,120.208598968,120.22584238064
2020-02-14 14:41:00,120.22584238064,120.208598968,120.208598968,120.22584238064
2020-02-14 14:42:00,120.22584238064,120.208598968,120.208598968,120.22584238064
2020-02-14 14:43:00,120.22584238064,120.208598968,120.208598968,120.22584238064
2020-02-14 14:44:00,120.22584238064,120.208598968,120.208598968,120.22584238064
2020-02-14 14:45:00,120.22584238064,120.208598968,120.208598968,120.22584238064
2020-02-14 14:46:00,120.22584238064,120.208598968,120.208598968,120.22584238064
2020-02-14 14:47:00,120.22584238064,120.208598968,120.208598968,120.22584238064
2020-02-14 14:48:00,120.171910856,120.171910856,120.171910856,120.171910856
2020-02-14 14:49:00,120.171910856,120.171910856,120.171910856,120.171910856
2020-02-14 14:50:00,120.171910856,120.171910856,120.171910856,120.171910856
2020-02-14 14:51:00,120.171910856,120.171910856,120.171910856,120.171910856
2020-02-14 14:52:00,120.171910856,120.171910856,120.171910856,120.171910856
2020-02-14 14:53:00,120.171910856,120.171910856,120.171910856,120.171910856
2020-02-14 14:54:00,120.1865861008,120.1865861008,120.1865861008,120.1865861008
2020-02-14 14:55:00,120.1728280588,120.1728280588,120.1728280588,120.1728280588
2020-02-14 14:56:00,120.1728280588,120.1728280588,120.1728280588,120.1728280588
2020-02-14 14:57:00,120.1728280588,120.1728280588,120.1728280588,120.1728280588
2020-02-14 14:58:00,120.1728280588,120.1728280588,120.1728280588,120.1728280588
2020-02-14 14:59:00,120.1728280588,120.1728280588,120.1728280588,120.1728280588
2020-02-14 15:00:00,120.19942694,120.19942694,120.19942694,120.19942694
2020-02-14 15:01:00,120.19942694,120.19942694,120.19942694,120.19942694
2020-02-14 15:02:00,120.19942694,120.19942694,120.19942694,120.19942694
2020-02-14 15:03:00,120.19942694,120.19942694,120.19942694,120.19942694
2020-02-14 15:04:00,120.19942694,120.19942694,120.19942694,120.19942694
2020-02-14 15:05:00,120.2141021848,120.2141021848,120.2141021848,120.2141021848
2020-02-14 15:06:00,120.2141021848,120.2141021848,120.2141021848,120.2141021848
2020-02-14 15:07:00,120.2141021848,120.2141021848,120.2141021848,120.2141021848
2020-02-14 15:08:00,120.2141021848,120.2141021848,120.2141021848,120.2141021848
2020-02-14 15:09:00,120.2141021848,120.2141021848,120.2141021848,120.2141021848
2020-02-14 15:10:00,120.2141021848,120.2141021848,120.2141021848,120.2141021848
2020-02-14 15:11:00,120.2003441428,120.2003441428,120.2003441428,120.2003441428
2020-02-14 15:12:00,120.18236696792,120.18236696792,120.18236696792,120.18236696792
2020-02-14 15:13:00,120.18236696792,120.18236696792,120.18236696792,120.18236696792
2020-02-14 15:14:00,120.18236696792,120.18236696792,120.18236696792,120.18236696792
2020-02-14 15:15:00,120.18236696792,120.18236696792,120.18236696792,120.18236696792
2020-02-14 15:16:00,120.18236696792,120.18236696792,120.18236696792,120.18236696792
2020-02-14 15:17:00,120.18236696792,120.18236696792,120.18236696792,120.18236696792
2020-02-14 15:18:00,120.18236696792,120.18236696792,120.18236696792,120.18236696792
2020-02-14 15:19:00,120.18236696792,120.18236696792,120.18236696792,120.18236696792
2020-02-14 15:20:00,120.18236696792,120.18236696792,120.18236696792,120.18236696792
2020-02-14 15:21:00,120.18236696792,120.18236696792,120.18236696792,120.18236696792
2020-02-14 15:22:00,120.22437485616,120.226943024,120.22437485616,120.226943024
2020-02-14 15:23:00,120.22437485616,120.226943024,120.22437485616,120.226943024
2020-02-14 15:24:00,120.185668898,120.236115052,120.185668898,120.236115052
2020-02-14 15:25:00,120.185668898,120.236115052,120.185668898,120.236115052
2020-02-14 15:26:00,120.19942694,120.19942694,120.19942694,120.19942694
2020-02-14 15:27:00,120.19942694,120.19942694,120.19942694,120.19942694
2020-02-14 15:28:00,120.19942694,120.19942694,120.19942694,120.19942694
2020-02-14 15:29:00,120.25592663248,120.25592663248,120.25592663248,120.25592663248
2020-02-14 15:30:00,120.25592663248,120.25592663248,120.25592663248,120.25592663248
2020-02-14 15:31:00,120.25592663248,120.25592663248,120.25592663248,120.25592663248
2020-02-14 15:32:00,120.24528708,120.2553763108,120.24528708,120.2553763108
2020-02-14 15:33:00,120.24528708,120.2553763108,120.24528708,120.2553763108
2020-02-14 15:34:00,120.24528708,120.2553763108,120.24528708,120.2553763108
2020-02-14 15:35:00,120.24528708,120.2553763108,120.24528708,120.2553763108
2020-02-14 15:36:00,120.24528708,120.2553763108,120.24528708,120.2553763108
2020-02-14 15:37:00,120.24528708,120.2553763108,120.24528708,120.2553763108
2020-02-14 15:38:00,120.24528708,120.2553763108,120.24528708,120.2553763108
2020-02-14 15:39:00,120.24528708,120.2553763108,120.24528708,120.2553763108
2020-02-14 15:40:00,120.24528708,120.2553763108,120.24528708,120.2553763108
2020-02-14 15:41:00,120.24528708,120.2553763108,120.24528708,120.2553763108
2020-02-14 15:42:00,120.300319248,120.300319248,120.300319248,120.300319248
2020-02-14 15:43:00,120.300319248,120.300319248,120.300319248,120.300319248
2020-02-14 15:44:00,120.300319248,120.300319248,120.300319248,120.300319248
2020-02-14 15:45:00,120.300319248,120.300319248,120.300319248,120.300319248
2020-02-14 15:46:00,120.300319248,120.300319248,120.300319248,120.300319248
2020-02-14 15:47:00,120.300319248,120.300319248,120.300319248,120.300319248
2020-02-14 15:48:00,120.300319248,120.300319248,120.300319248,120.300319248
2020-02-14 15:49:00,120.300319248,120.300319248,120.300319248,120.300319248
2020-02-14 15:50:00,120.2553763108,120.2553763108,120.2553763108,120.2553763108
2020-02-14 15:51:00,120.2553763108,120.2553763108,120.2553763108,120.2553763108
2020-02-14 15:52:00,120.2553763108,120.2553763108,120.2553763108,120.2553763108
2020-02-14 15:53:00,120.2553763108,120.2553763108,120.2553763108,120.2553763108
2020-02-14 15:54:00,120.2553763108,120.2553763108,120.2553763108,120.2553763108
2020-02-14 15:55:00,120.2553763108,120.2553763108,120.2553763108,120.2553763108
2020-02-14 15:56:00,120.2553763108,120.2553763108,120.2553763108,120.2553763108
2020-02-14 15:57:00,120.2553763108,120.2553763108,120.2553763108,120.2553763108
2020-02-14 15:58:00,120.2553763108,120.2553763108,120.2553763108,120.2553763108
2020-02-14 15:59:00,120.2553763108,120.2553763108,120.2553763108,120.2553763108
2020-02-14 16:00:00,120.318663304,120.33700736,120.318663304,120.346179388
2020-02-18 09:31:00,120.043502464,120.043502464,120.043502464,120.043502464
2020-02-18 09:32:00,120.043502464,120.043502464,120.043502464,120.043502464
2020-02-18 09:33:00,120.043502464,120.043502464,120.043502464,120.043502464
2020-02-18 09:34:00,120.29114722,120.29114722,120.29114722,120.29114722
2020-02-18 09:35:00,120.29114722,120.318663304,120.272803164,120.36232215728
2020-02-18 09:36:00,120.318663304,120.318663304,120.318663304,120.318663304
2020-02-18 09:37:00,120.318663304,120.318663304,120.318663304,120.318663304
2020-02-18 09:38:00,120.318663304,120.318663304,120.318663304,120.318663304
2020-02-18 09:39:00,120.318663304,120.318663304,120.318663304,120.318663304
2020-02-18 09:40:00,120.318663304,120.318663304,120.318663304,120.318663304
2020-02-18 09:41:00,120.318663304,120.318663304,120.318663304,120.318663304
2020-02-18 09:42:00,120.254459108,120.254459108,120.24528708,120.254459108
2020-02-18 09:43:00,120.254459108,120.254459108,120.24528708,120.254459108
2020-02-18 09:44:00,120.254459108,120.254459108,120.24528708,120.254459108
2020-02-18 09:45:00,120.254459108,120.254459108,120.24528708,120.254459108
2020-02-18 09:46:00,120.254459108,120.254459108,120.24528708,120.254459108
2020-02-18 09:47:00,120.254459108,120.254459108,120.24528708,120.254459108
2020-02-18 09:48:00,120.254459108,120.254459108,120.24528708,120.254459108
2020-02-18 09:49:00,120.254459108,120.254459108,120.24528708,120.254459108
2020-02-18 09:50:00,120.06184652,120.06184652,120.06184652,120.06184652
2020-02-18 09:51:00,120.06184652,120.06184652,120.06184652,120.06184652
2020-02-18 09:52:00,120.06184652,120.06184652,120.06184652,120.06184652
2020-02-18 09:53:00,120.034330436,120.034330436,120.034330436,120.034330436
2020-02-18 09:54:00,120.006814352,120.006814352,120.006814352,120.006814352
2020-02-18 09:55:00,120.006814352,120.006814352,120.006814352,120.006814352
2020-02-18 09:56:00,120.006814352,120.006814352,120.006814352,120.006814352
2020-02-18 09:57:00,119.96838355468,119.96838355468,119.96838355468,119.96838355468
2020-02-18 09:58:00,119.96838355468,119.96838355468,119.96838355468,119.96838355468
2020-02-18 09:59:00,119.96838355468,119.96838355468,119.96838355468,119.96838355468
2020-02-18 10:00:00,120.05203245004,120.05203245004,120.05203245004,120.05203245004
2020-02-18 10:01:00,120.05203245004,120.05203245004,120.05203245004,120.05203245004
2020-02-18 10:02:00,120.05203245004,120.05203245004,120.05203245004,120.05203245004
2020-02-18 10:03:00,119.9242661,119.9242661,119.9242661,119.9242661
2020-02-18 10:04:00,119.9242661,119.9242661,119.9242661,119.9242661
2020-02-18 10:05:00,119.9242661,119.9242661,119.9242661,119.9242661
2020-02-18 10:06:00,119.9242661,119.9242661,119.9242661,119.9242661
2020-02-18 10:07:00,119.9242661,119.9242661,119.9242661,119.9242661
2020-02-18 10:08:00,119.9242661,119.9242661,119.9242661,119.9242661
2020-02-18 10:09:00,119.9242661,119.9242661,119.9242661,119.9242661
2020-02-18 10:10:00,119.9242661,119.9242661,119.9242661,119.9242661
2020-02-18 10:11:00,119.9242661,119.9242661,119.9242661,119.9242661
2020-02-18 10:12:00,119.9242661,119.9242661,119.9242661,119.9242661
2020-02-18 10:13:00,119.860061904,119.860061904,119.860061904,119.860061904
2020-02-18 10:14:00,119.860061904,119.860061904,119.860061904,119.860061904
2020-02-18 10:15:00,119.860061904,119.860061904,119.860061904,119.860061904
2020-02-18 10:16:00,119.860061904,119.860061904,119.860061904,119.860061904
2020-02-18 10:17:00,119.860061904,119.860061904,119.860061904,119.860061904
2020-02-18 10:18:00,119.860061904,119.860061904,119.860061904,119.860061904
2020-02-18 10:19:00,119.860061904,119.860061904,119.860061904,119.860061904
2020-02-18 10:20:00,119.860061904,119.860061904,119.860061904,119.860061904
2020-02-18 10:21:00,119.860061904,119.860061904,119.860061904,119.860061904
2020-02-18 10:22:00,119.860061904,119.860061904,119.860061904,119.860061904
2020-02-18 10:23:00,119.87803907888,119.87803907888,119.87803907888,119.87803907888
2020-02-18 10:24:00,119.87803907888,119.87803907888,119.87803907888,119.87803907888
2020-02-18 10:25:00,119.87803907888,119.87803907888,119.87803907888,119.87803907888
2020-02-18 10:26:00,119.87803907888,119.87803907888,119.87803907888,119.87803907888
2020-02-18 10:27:00,119.87803907888,119.87803907888,119.87803907888,119.87803907888
2020-02-18 10:28:00,119.87803907888,119.87803907888,119.87803907888,119.87803907888
2020-02-18 10:29:00,119.87803907888,119.87803907888,119.87803907888,119.87803907888
2020-02-18 10:30:00,119.749997568,119.749997568,119.749997568,119.749997568
2020-02-18 10:31:00,119.74082554,119.74082554,119.74082554,119.74082554
2020-02-18 10:32:00,119.74082554,119.74082554,119.74082554,119.74082554
2020-02-18 10:33:00,119.74082554,119.74082554,119.74082554,119.74082554
2020-02-18 10:34:00,119.74082554,119.74082554,119.74082554,119.74082554
2020-02-18 10:35:00,119.74082554,119.74082554,119.74082554,119.74082554
2020-02-18 10:36:00,119.74082554,119.74082554,119.74082554,119.74082554
2020-02-18 10:37:00,119.74082554,119.74082554,119.74082554,119.74082554
2020-02-18 10:38:00,119.74082554,119.74082554,119.74082554,119.74082554
2020-02-18 10:39:00,119.74082554,119.74082554,119.74082554,119.74082554
2020-02-18 10:40:00,119.74082554,119.74082554,119.74082554,119.74082554
2020-02-18 10:41:00,119.74082554,119.74082554,119.74082554,119.74082554
2020-02-18 10:42:00,119.864647918,119.823373792,119.823373792,119.864647918
2020-02-18 10:43:00,119.864647918,119.823373792,119.823373792,119.864647918
2020-02-18 10:44:00,119.864647918,119.823373792,119.823373792,119.864647918
2020-02-18 10:45:00,119.864647918,119.823373792,119.823373792,119.864647918
2020-02-18 10:46:00,119.864647918,119.823373792,119.823373792,119.864647918
2020-02-18 10:47:00,119.864647918,119.823373792,119.823373792,119.864647918
2020-02-18 10:48:00,119.864647918,119.823373792,119.823373792,119.864647918
2020-02-18 10:49:00,119.864647918,119.823373792,119.823373792,119.864647918
2020-02-18 10:50:00,119.864647918,119.823373792,119.823373792,119.864647918
2020-02-18 10:51:00,119.864647918,119.823373792,119.823373792,119.864647918
2020-02-18 10:52:00,119.864647918,119.823373792,119.823373792,119.864647918
2020-02-18 10:53:00,119.864647918,119.823373792,119.823373792,119.864647918
2020-02-18 10:54:00,119.864647918,119.823373792,119.823373792,119.864647918
2020-02-18 10:55:00,119.864647918,119.823373792,119.823373792,119.864647918
2020-02-18 10:56:00,119.864647918,119.823373792,119.823373792,119.864647918
2020-02-18 10:57:00,119.864647918,119.823373792,119.823373792,119.864647918
2020-02-18 10:58:00,119.933438128,119.933438128,119.933438128,119.933438128
2020-02-18 10:59:00,119.933438128,119.933438128,119.933438128,119.933438128
2020-02-18 11:00:00,119.933438128,119.933438128,119.933438128,119.933438128
2020-02-18 11:01:00,119.88326713484,119.88326713484,119.88326713484,119.88326713484
2020-02-18 11:02:00,120.318663304,120.318663304,120.318663304,120.318663304
2020-02-18 11:03:00,120.318663304,120.318663304,120.318663304,120.318663304
2020-02-18 11:04:00,120.318663304,120.318663304,120.318663304,120.318663304
2020-02-18 11:05:00,120.318663304,120.318663304,120.318663304,120.318663304
2020-02-18 11:06:00,119.749997568,119.749997568,119.749997568,119.749997568
2020-02-18 11:07:00,119.749997568,119.749997568,119.749997568,119.749997568
2020-02-18 11:08:00,119.749997568,119.749997568,119.749997568,119.749997568
2020-02-18 11:09:00,119.749997568,119.749997568,119.749997568,119.749997568
2020-02-18 11:10:00,119.749997568,119.749997568,119.749997568,119.749997568
2020-02-18 11:11:00,119.6949654,119.6949654,119.6949654,119.6949654
2020-02-18 11:12:00,119.6949654,119.6949654,119.6949654,119.6949654
2020-02-18 11:13:00,119.6949654,119.6949654,119.6949654,119.6949654
2020-02-18 11:14:00,119.6949654,119.6949654,119.6949654,119.6949654
2020-02-18 11:15:00,119.6949654,119.6949654,119.6949654,119.6949654
2020-02-18 11:16:00,119.5041872176,119.52922685404,119.5041872176,119.52922685404
2020-02-18 11:17:00,119.5041872176,119.52922685404,119.5041872176,119.52922685404
2020-02-18 11:18:00,119.5041872176,119.52922685404,119.5041872176,119.52922685404
2020-02-18 11:19:00,119.5041872176,119.52922685404,119.5041872176,119.52922685404
2020-02-18 11:20:00,119.47786349724,119.47786349724,119.47786349724,119.47786349724
2020-02-18 11:21:00,119.506938826,119.506938826,119.506938826,119.506938826
2020-02-18 11:22:00,119.5225312736,119.5225312736,119.5225312736,119.5225312736
2020-02-18 11:23:00,119.5225312736,119.5225312736,119.5225312736,119.5225312736
2020-02-18 11:24:00,119.46126212656,119.46126212656,119.46126212656,119.46126212656
2020-02-18 11:25:00,119.46126212656,119.46126212656,119.46126212656,119.46126212656
2020-02-18 11:26:00,119.46126212656,119.46126212656,119.46126212656,119.46126212656
2020-02-18 11:27:00,119.47364436436,119.47364436436,119.47364436436,119.47364436436
2020-02-18 11:28:00,119.47364436436,119.47364436436,119.47364436436,119.47364436436
2020-02-18 11:29:00,119.47364436436,119.47364436436,119.47364436436,119.47364436436
2020-02-18 11:30:00,119.47364436436,119.47364436436,119.47364436436,119.47364436436
2020-02-18 11:31:00,119.47364436436,119.47364436436,119.47364436436,119.47364436436
2020-02-18 11:32:00,119.47364436436,119.47364436436,119.47364436436,119.47364436436
2020-02-18 11:33:00,119.47364436436,119.47364436436,119.47364436436,119.47364436436
2020-02-18 11:34:00,119.47364436436,119.47364436436,119.47364436436,119.47364436436
2020-02-18 11:35:00,119.47364436436,119.47364436436,119.47364436436,119.47364436436
2020-02-18 11:36:00,119.47364436436,119.47364436436,119.47364436436,119.47364436436
2020-02-18 11:37:00,119.47364436436,119.47364436436,119.47364436436,119.47364436436
2020-02-18 11:38:00,119.47364436436,119.47364436436,119.47364436436,119.47364436436
2020-02-18 11:39:00,119.47364436436,119.47364436436,119.47364436436,119.47364436436
2020-02-18 11:40:00,119.47364436436,119.47364436436,119.47364436436,119.47364436436
2020-02-18 11:41:00,119.47364436436,119.47364436436,119.47364436436,119.47364436436
2020-02-18 11:42:00,119.47364436436,119.47364436436,119.47364436436,119.47364436436
2020-02-18 11:43:00,119.47364436436,119.47364436436,119.47364436436,119.47364436436
2020-02-18 11:44:00,119.47364436436,119.47364436436,119.47364436436,119.47364436436
2020-02-18 11:45:00,119.47364436436,119.47364436436,119.47364436436,119.47364436436
2020-02-18 11:46:00,119.47364436436,119.47364436436,119.47364436436,119.47364436436
2020-02-18 11:47:00,119.47364436436,119.47364436436,119.47364436436,119.47364436436
2020-02-18 11:48:00,119.47364436436,119.47364436436,119.47364436436,119.47364436436
2020-02-18 11:49:00,119.47364436436,119.47364436436,119.47364436436,119.47364436436
2020-02-18 11:50:00,119.4069637208,119.4069637208,119.4069637208,119.4069637208
2020-02-18 11:51:00,119.4069637208,119.4069637208,119.4069637208,119.4069637208
2020-02-18 11:52:00,119.4069637208,119.4069637208,119.4069637208,119.4069637208
2020-02-18 11:53:00,119.4069637208,119.4069637208,119.4069637208,119.4069637208
2020-02-18 11:54:00,119.4069637208,119.4069637208,119.4069637208,119.4069637208
2020-02-18 11:55:00,119.4069637208,119.4069637208,119.4069637208,119.4069637208
2020-02-18 11:56:00,119.50216937144,119.474836728,119.474836728,119.502352812
2020-02-18 11:57:00,119.50216937144,119.474836728,119.474836728,119.502352812
2020-02-18 11:58:00,119.50216937144,119.474836728,119.474836728,119.502352812
2020-02-18 11:59:00,119.50216937144,119.474836728,119.474836728,119.502352812
2020-02-18 12:00:00,119.50216937144,119.474836728,119.474836728,119.502352812
2020-02-18 12:01:00,119.50216937144,119.474836728,119.474836728,119.502352812
2020-02-18 12:02:00,119.50216937144,119.474836728,119.474836728,119.502352812
2020-02-18 12:03:00,119.50216937144,119.474836728,119.474836728,119.502352812
2020-02-18 12:04:00,119.50216937144,119.474836728,119.474836728,119.502352812
2020-02-18 12:05:00,119.50216937144,119.474836728,119.474836728,119.502352812
2020-02-18 12:06:00,119.50216937144,119.474836728,119.474836728,119.502352812
2020-02-18 12:07:00,119.50216937144,119.474836728,119.474836728,119.502352812
2020-02-18 12:08:00,119.50216937144,119.474836728,119.474836728,119.502352812
2020-02-18 12:09:00,119.644519246,119.644519246,119.644519246,119.644519246
2020-02-18 12:10:00,119.644519246,119.644519246,119.644519246,119.644519246
2020-02-18 12:11:00,119.644519246,119.644519246,119.644519246,119.644519246
2020-02-18 12:12:00,119.644519246,119.644519246,119.644519246,119.644519246
2020-02-18 12:13:00,119.644519246,119.644519246,119.644519246,119.644519246
2020-02-18 12:14:00,119.644519246,119.644519246,119.644519246,119.644519246
2020-02-18 12:15:00,119.644519246,119.644519246,119.644519246,119.644519246
2020-02-18 12:16:00,119.644519246,119.644519246,119.644519246,119.644519246
2020-02-18 12:17:00,119.644519246,119.644519246,119.644519246,119.644519246
2020-02-18 12:18:00,119.71349289656,119.71349289656,119.71349289656,119.71349289656
2020-02-18 12:19:00,119.71349289656,119.71349289656,119.71349289656,119.71349289656
2020-02-18 12:20:00,119.71349289656,119.71349289656,119.71349289656,119.71349289656
2020-02-18 12:21:00,119.71349289656,119.71349289656,119.71349289656,119.71349289656
2020-02-18 12:22:00,119.71349289656,119.71349289656,119.71349289656,119.71349289656
2020-02-18 12:23:00,119.71349289656,119.71349289656,119.71349289656,119.71349289656
2020-02-18 12:24:00,119.71349289656,119.71349289656,119.71349289656,119.71349289656
2020-02-18 12:25:00,119.71349289656,119.71349289656,119.71349289656,119.71349289656
2020-02-18 12:26:00,119.71349289656,119.71349289656,119.71349289656,119.71349289656
2020-02-18 12:27:00,119.67918951184,119.685793372,119.67918951184,119.685793372
2020-02-18 12:28:00,119.67918951184,119.685793372,119.67918951184,119.685793372
2020-02-18 12:29:00,119.690379386,119.690379386,119.690379386,119.690379386
2020-02-18 12:30:00,119.690379386,119.690379386,119.690379386,119.690379386
2020-02-18 12:31:00,119.690379386,119.690379386,119.690379386,119.690379386
2020-02-18 12:32:00,119.690379386,119.690379386,119.690379386,119.690379386
2020-02-18 12:33:00,119.7298191064,119.7298191064,119.7298191064,119.7298191064
2020-02-18 12:34:00,119.7298191064,119.7298191064,119.7298191064,119.7298191064
2020-02-18 12:35:00,119.7298191064,119.7298191064,119.7298191064,119.7298191064
2020-02-18 12:36:00,119.7298191064,119.7298191064,119.7298191064,119.7298191064
2020-02-18 12:37:00,119.7298191064,119.7298191064,119.7298191064,119.7298191064
2020-02-18 12:38:00,119.7298191064,119.7298191064,119.7298191064,119.7298191064
2020-02-18 12:39:00,119.7298191064,119.7298191064,119.7298191064,119.7298191064
2020-02-18 12:40:00,119.7298191064,119.7298191064,119.7298191064,119.7298191064
2020-02-18 12:41:00,119.7298191064,119.7298191064,119.7298191064,119.7298191064
2020-02-18 12:42:00,119.7298191064,119.7298191064,119.7298191064,119.7298191064
2020-02-18 12:43:00,119.7298191064,119.7298191064,119.7298191064,119.7298191064
2020-02-18 12:44:00,119.7298191064,119.7298191064,119.7298191064,119.7298191064
2020-02-18 12:45:00,119.7298191064,119.7298191064,119.7298191064,119.7298191064
2020-02-18 12:46:00,119.7298191064,119.7298191064,119.7298191064,119.7298191064
2020-02-18 12:47:00,119.7298191064,119.7298191064,119.7298191064,119.7298191064
2020-02-18 12:48:00,119.7298191064,119.7298191064,119.7298191064,119.7298191064
2020-02-18 12:49:00,119.7298191064,119.7298191064,119.7298191064,119.7298191064
2020-02-18 12:50:00,119.7298191064,119.7298191064,119.7298191064,119.7298191064
2020-02-18 12:51:00,119.7298191064,119.7298191064,119.7298191064,119.7298191064
2020-02-18 12:52:00,119.7298191064,119.7298191064,119.7298191064,119.7298191064
2020-02-18 12:53:00,119.7298191064,119.7298191064,119.7298191064,119.7298191064
2020-02-18 12:54:00,119.7298191064,119.7298191064,119.7298191064,119.7298191064
2020-02-18 12:55:00,119.80347049124,119.80347049124,119.80347049124,119.80347049124
2020-02-18 12:56:00,119.80347049124,119.80347049124,119.80347049124,119.80347049124
2020-02-18 12:57:00,119.80347049124,119.80347049124,119.80347049124,119.80347049124
2020-02-18 12:58:00,119.77833913452,119.77833913452,119.77833913452,119.77833913452
2020-02-18 12:59:00,119.77833913452,119.77833913452,119.77833913452,119.77833913452
2020-02-18 13:00:00,119.768341624,119.768341624,119.768341624,119.768341624
2020-02-18 13:01:00,119.768341624,119.768341624,119.768341624,119.768341624
2020-02-18 13:02:00,119.768341624,119.768341624,119.768341624,119.768341624
2020-02-18 13:03:00,119.82594195984,119.82594195984,119.82594195984,119.82594195984
2020-02-18 13:04:00,119.82594195984,119.82594195984,119.82594195984,119.82594195984
2020-02-18 13:05:00,119.82594195984,119.82594195984,119.82594195984,119.82594195984
2020-02-18 13:06:00,119.82594195984,119.82594195984,119.82594195984,119.82594195984
2020-02-18 13:07:00,119.82594195984,119.82594195984,119.82594195984,119.82594195984
2020-02-18 13:08:00,119.82594195984,119.82594195984,119.82594195984,119.82594195984
2020-02-18 13:09:00,119.82594195984,119.82594195984,119.82594195984,119.82594195984
2020-02-18 13:10:00,119.82594195984,119.82594195984,119.82594195984,119.82594195984
2020-02-18 13:11:00,119.915094072,119.915094072,119.915094072,119.915094072
2020-02-18 13:12:00,119.8793231628,119.8793231628,119.8793231628,119.8793231628
2020-02-18 13:13:00,119.8793231628,119.8793231628,119.8793231628,119.8793231628
2020-02-18 13:14:00,119.8793231628,119.8793231628,119.8793231628,119.8793231628
2020-02-18 13:15:00,119.8793231628,119.8793231628,119.8793231628,119.8793231628
2020-02-18 13:16:00,119.8793231628,119.8793231628,119.8793231628,119.8793231628
2020-02-18 13:17:00,119.8793231628,119.8793231628,119.8793231628,119.8793231628
2020-02-18 13:18:00,119.94719617,119.94719617,119.94719617,119.94719617
2020-02-18 13:19:00,119.94719617,119.94719617,119.94719617,119.94719617
2020-02-18 13:20:00,119.94719617,119.94719617,119.94719617,119.94719617
2020-02-18 13:21:00,119.94719617,119.94719617,119.94719617,119.94719617
2020-02-18 13:22:00,119.94719617,119.94719617,119.94719617,119.94719617
2020-02-18 13:23:00,119.94719617,119.94719617,119.94719617,119.94719617
2020-02-18 13:24:00,119.87455370824,119.869233932,119.869233932,119.87455370824
2020-02-18 13:25:00,119.87455370824,119.869233932,119.869233932,119.87455370824
2020-02-18 13:26:00,119.87455370824,119.869233932,119.869233932,119.87455370824
2020-02-18 13:27:00,119.87455370824,119.869233932,119.869233932,119.87455370824
2020-02-18 13:28:00,119.87455370824,119.869233932,119.869233932,119.87455370824
2020-02-18 13:29:00,119.87455370824,119.869233932,119.869233932,119.87455370824
2020-02-18 13:30:00,119.87455370824,119.869233932,119.869233932,119.87455370824
2020-02-18 13:31:00,119.87455370824,119.869233932,119.869233932,119.87455370824
2020-02-18 13:32:00,119.87455370824,119.869233932,119.869233932,119.87455370824
2020-02-18 13:33:00,119.87455370824,119.869233932,119.869233932,119.87455370824
2020-02-18 13:34:00,119.87455370824,119.869233932,119.869233932,119.87455370824
2020-02-18 13:35:00,119.87455370824,119.869233932,119.869233932,119.87455370824
2020-02-18 13:36:00,119.87455370824,119.869233932,119.869233932,119.87455370824
2020-02-18 13:37:00,119.87455370824,119.869233932,119.869233932,119.87455370824
2020-02-18 13:38:00,119.87455370824,119.869233932,119.869233932,119.87455370824
2020-02-18 13:39:00,119.818787778,119.81365144232,119.81365144232,119.818787778
2020-02-18 13:40:00,119.818787778,119.81365144232,119.81365144232,119.818787778
2020-02-18 13:41:00,119.8132845612,119.8132845612,119.8132845612,119.8132845612
2020-02-18 13:42:00,119.795857708,119.795857708,119.795857708,119.795857708
2020-02-18 13:43:00,119.805029736,119.805029736,119.805029736,119.805029736
2020-02-18 13:44:00,119.805029736,119.805029736,119.805029736,119.805029736
2020-02-18 13:45:00,119.805029736,119.805029736,119.805029736,119.805029736
2020-02-18 13:46:00,119.805029736,119.805029736,119.805029736,119.805029736
2020-02-18 13:47:00,119.805029736,119.805029736,119.805029736,119.805029736
2020-02-18 13:48:00,119.805029736,119.805029736,119.805029736,119.805029736
2020-02-18 13:49:00,119.805029736,119.805029736,119.805029736,119.805029736
2020-02-18 13:50:00,119.805029736,119.805029736,119.805029736,119.805029736
2020-02-18 13:51:00,119.805029736,119.805029736,119.805029736,119.805029736
2020-02-18 13:52:00,119.805029736,119.805029736,119.805029736,119.805029736
2020-02-18 13:53:00,119.805029736,119.805029736,119.805029736,119.805029736
2020-02-18 13:54:00,119.805029736,119.805029736,119.805029736,119.805029736
2020-02-18 13:55:00,119.71477698048,119.71477698048,119.71477698048,119.71477698048
2020-02-18 13:56:00,119.71477698048,119.71477698048,119.71477698048,119.71477698048
2020-02-18 13:57:00,119.71477698048,119.71477698048,119.71477698048,119.71477698048
2020-02-18 13:58:00,119.71477698048,119.71477698048,119.71477698048,119.71477698048
2020-02-18 13:59:00,119.74082554,119.74082554,119.74082554,119.74082554
2020-02-18 14:00:00,119.74082554,119.74082554,119.74082554,119.74082554
2020-02-18 14:01:00,119.74082554,119.74082554,119.74082554,119.74082554
2020-02-18 14:02:00,119.74082554,119.74082554,119.74082554,119.74082554
2020-02-18 14:03:00,119.827959806,120.318663304,119.827959806,120.318663304
2020-02-18 14:04:00,119.823373792,119.823373792,119.823373792,119.823373792
2020-02-18 14:05:00,119.823373792,119.823373792,119.823373792,119.823373792
2020-02-18 14:06:00,119.823373792,119.823373792,119.823373792,119.823373792
2020-02-18 14:07:00,119.823373792,119.823373792,119.823373792,119.823373792
2020-02-18 14:08:00,119.823373792,119.823373792,119.823373792,119.823373792
2020-02-18 14:09:00,119.823373792,119.823373792,119.823373792,119.823373792
2020-02-18 14:10:00,119.823373792,119.823373792,119.823373792,119.823373792
2020-02-18 14:11:00,119.708723442,119.7243158896,119.676621344,119.7243158896
2020-02-18 14:12:00,119.708723442,119.7243158896,119.676621344,119.7243158896
2020-02-18 14:13:00,119.708723442,119.7243158896,119.676621344,119.7243158896
2020-02-18 14:14:00,119.708723442,119.7243158896,119.676621344,119.7243158896
2020-02-18 14:15:00,119.708723442,119.7243158896,119.676621344,119.7243158896
2020-02-18 14:16:00,119.708723442,119.7243158896,119.676621344,119.7243158896
2020-02-18 14:17:00,119.708723442,119.7243158896,119.676621344,119.7243158896
2020-02-18 14:18:00,119.80759790384,119.80759790384,119.80759790384,119.80759790384
2020-02-18 14:19:00,119.80759790384,119.80759790384,119.80759790384,119.80759790384
2020-02-18 14:20:00,119.80759790384,119.80759790384,119.80759790384,119.80759790384
2020-02-18 14:21:00,119.80759790384,119.80759790384,119.80759790384,119.80759790384
2020-02-18 14:22:00,119.80759790384,119.80759790384,119.80759790384,119.80759790384
2020-02-18 14:23:00,119.80759790384,119.80759790384,119.80759790384,119.80759790384
2020-02-18 14:24:00,119.80759790384,119.80759790384,119.80759790384,119.80759790384
2020-02-18 14:25:00,119.80759790384,119.80759790384,119.80759790384,119.80759790384
2020-02-18 14:26:00,119.80759790384,119.80759790384,119.80759790384,119.80759790384
2020-02-18 14:27:00,119.80759790384,119.80759790384,119.80759790384,119.80759790384
2020-02-18 14:28:00,119.80759790384,119.80759790384,119.80759790384,119.80759790384
2020-02-18 14:29:00,119.80759790384,119.80759790384,119.80759790384,119.80759790384
2020-02-18 14:30:00,119.80759790384,119.80759790384,119.80759790384,119.80759790384
2020-02-18 14:31:00,119.80759790384,119.80759790384,119.80759790384,119.80759790384
2020-02-18 14:32:00,119.80759790384,119.80759790384,119.80759790384,119.80759790384
2020-02-18 14:33:00,119.80759790384,119.80759790384,119.80759790384,119.80759790384
2020-02-18 14:34:00,119.80759790384,119.80759790384,119.80759790384,119.80759790384
2020-02-18 14:35:00,119.80759790384,119.80759790384,119.80759790384,119.80759790384
2020-02-18 14:36:00,119.80759790384,119.80759790384,119.80759790384,119.80759790384
2020-02-18 14:37:00,119.80759790384,119.80759790384,119.80759790384,119.80759790384
2020-02-18 14:38:00,119.80759790384,119.80759790384,119.80759790384,119.80759790384
2020-02-18 14:39:00,119.80759790384,119.80759790384,119.80759790384,119.80759790384
2020-02-18 14:40:00,119.80759790384,119.80759790384,119.80759790384,119.80759790384
2020-02-18 14:41:00,119.80759790384,119.80759790384,119.80759790384,119.80759790384
2020-02-18 14:42:00,119.80759790384,119.80759790384,119.80759790384,119.80759790384
2020-02-18 14:43:00,119.80759790384,119.80759790384,119.80759790384,119.80759790384
2020-02-18 14:44:00,119.80759790384,119.80759790384,119.80759790384,119.80759790384
2020-02-18 14:45:00,119.951782184,119.95068154064,119.9242661,119.951782184
2020-02-18 14:46:00,119.951782184,119.95068154064,119.9242661,119.951782184
2020-02-18 14:47:00,119.97177720504,119.97177720504,119.97177720504,119.97177720504
2020-02-18 14:48:00,119.97177720504,119.97177720504,119.97177720504,119.97177720504
2020-02-18 14:49:00,119.965540226,119.965540226,119.965540226,119.965540226
2020-02-18 14:50:00,119.965540226,119.965540226,119.965540226,119.965540226
2020-02-18 14:51:00,119.965540226,119.965540226,119.965540226,119.965540226
2020-02-18 14:52:00,119.965540226,119.965540226,119.965540226,119.965540226
2020-02-18 14:53:00,119.942610156,119.942610156,119.942610156,119.942610156
2020-02-18 14:54:00,119.942610156,119.942610156,119.942610156,119.942610156
2020-02-18 14:55:00,119.942610156,119.942610156,119.942610156,119.942610156
2020-02-18 14:56:00,119.942610156,119.942610156,119.942610156,119.942610156
2020-02-18 14:57:00,119.942610156,119.942610156,119.942610156,119.942610156
2020-02-18 14:58:00,119.942610156,119.942610156,119.942610156,119.942610156
2020-02-18 14:59:00,119.942610156,119.942610156,119.942610156,119.942610156
2020-02-18 15:00:00,119.933438128,119.933438128,119.933438128,119.933438128
2020-02-18 15:01:00,119.97012624,119.960954212,119.960954212,119.97012624
2020-02-18 15:02:00,119.97012624,119.960954212,119.960954212,119.97012624
2020-02-18 15:03:00,119.97012624,119.960954212,119.960954212,119.97012624
2020-02-18 15:04:00,119.97012624,119.960954212,119.960954212,119.97012624
2020-02-18 15:05:00,119.97012624,119.960954212,119.960954212,119.97012624
2020-02-18 15:06:00,119.97012624,119.960954212,119.960954212,119.97012624
2020-02-18 15:07:00,119.97012624,119.960954212,119.960954212,119.97012624
2020-02-18 15:08:00,119.960954212,119.960954212,119.960954212,119.960954212
2020-02-18 15:09:00,119.960954212,119.960954212,119.960954212,119.960954212
2020-02-18 15:10:00,119.960954212,119.960954212,119.960954212,119.960954212
2020-02-18 15:11:00,119.960954212,119.960954212,119.960954212,119.960954212
2020-02-18 15:12:00,119.960954212,119.960954212,119.960954212,119.960954212
2020-02-18 15:13:00,119.960954212,119.960954212,119.960954212,119.960954212
2020-02-18 15:14:00,119.960954212,119.960954212,119.960954212,119.960954212
2020-02-18 15:15:00,120.01598638,120.006814352,119.99709200232,120.01598638
2020-02-18 15:16:00,120.01598638,120.006814352,119.99709200232,120.01598638
2020-02-18 15:17:00,120.01598638,120.006814352,119.99709200232,120.01598638
2020-02-18 15:18:00,120.01598638,120.006814352,119.99709200232,120.01598638
2020-02-18 15:19:00,120.01598638,120.006814352,119.99709200232,120.01598638
2020-02-18 15:20:00,120.01598638,120.006814352,119.99709200232,120.01598638
2020-02-18 15:21:00,120.01598638,120.006814352,119.99709200232,120.01598638
2020-02-18 15:22:00,119.928852114,119.928852114,119.928852114,119.928852114
2020-02-18 15:23:00,119.9095908552,119.9095908552,119.9095908552,119.9095908552
2020-02-18 15:24:00,119.9095908552,119.9095908552,119.9095908552,119.9095908552
2020-02-18 15:25:00,119.9095908552,119.9095908552,119.9095908552,119.9095908552
2020-02-18 15:26:00,119.9095908552,119.9095908552,119.9095908552,119.9095908552
2020-02-18 15:27:00,119.9095908552,119.9095908552,119.9095908552,119.9095908552
2020-02-18 15:28:00,119.9095908552,119.9095908552,119.9095908552,119.9095908552
2020-02-18 15:29:00,119.9095908552,119.9095908552,119.9095908552,119.9095908552
2020-02-18 15:30:00,119.9095908552,119.9095908552,119.9095908552,119.9095908552
2020-02-18 15:31:00,119.9095908552,119.9095908552,119.9095908552,119.9095908552
2020-02-18 15:32:00,119.9095908552,119.9095908552,119.9095908552,119.9095908552
2020-02-18 15:33:00,119.9095908552,119.9095908552,119.9095908552,119.9095908552
2020-02-18 15:34:00,119.9095908552,119.9095908552,119.9095908552,119.9095908552
2020-02-18 15:35:00,119.9095908552,119.9095908552,119.9095908552,119.9095908552
2020-02-18 15:36:00,119.9095908552,119.9095908552,119.9095908552,119.9095908552
2020-02-18 15:37:00,119.869233932,119.869233932,119.869233932,119.869233932
2020-02-18 15:38:00,119.869233932,119.869233932,119.869233932,119.869233932
2020-02-18 15:39:00,119.869233932,119.869233932,119.869233932,119.869233932
2020-02-18 15:40:00,119.869233932,119.869233932,119.869233932,119.869233932
2020-02-18 15:41:00,119.869233932,119.869233932,119.869233932,119.869233932
2020-02-18 15:42:00,119.869233932,119.869233932,119.869233932,119.869233932
2020-02-18 15:43:00,119.869233932,119.869233932,119.869233932,119.869233932
2020-02-18 15:44:00,119.869233932,119.869233932,119.869233932,119.869233932
2020-02-18 15:45:00,119.869233932,119.869233932,119.869233932,119.869233932
2020-02-18 15:46:00,119.869233932,119.869233932,119.869233932,119.869233932
2020-02-18 15:47:00,119.869233932,119.869233932,119.869233932,119.869233932
2020-02-18 15:48:00,119.869233932,119.869233932,119.869233932,119.869233932
2020-02-18 15:49:00,119.869233932,119.869233932,119.869233932,119.869233932
2020-02-18 15:50:00,119.87840596,119.87840596,119.87840596,119.87840596
2020-02-18 15:51:00,119.87840596,119.87840596,119.87840596,119.87840596
2020-02-18 15:52:00,119.87840596,119.87840596,119.87840596,119.87840596
2020-02-18 15:53:00,119.87840596,119.87840596,119.87840596,119.87840596
2020-02-18 15:54:00,119.9242661,119.9242661,119.9242661,119.9242661
2020-02-18 15:55:00,119.9242661,119.9242661,119.9242661,119.9242661
2020-02-18 15:56:00,119.960954212,119.960954212,119.960954212,119.960954212
2020-02-18 15:57:00,119.942610156,119.942610156,119.942610156,119.942610156
2020-02-18 15:58:00,119.942610156,119.942610156,119.942610156,119.942610156
2020-02-18 15:59:00,119.942610156,119.942610156,119.942610156,119.942610156
2020-02-18 16:00:00,120.06184652,119.951782184,119.951782184,120.06184652
2020-02-19 09:31:00,120.281975192,120.281975192,120.281975192,120.281975192
2020-02-19 09:32:00,120.281975192,120.281975192,120.281975192,120.281975192
2020-02-19 09:33:00,120.3828675,120.3828675,120.3828675,120.3828675
2020-02-19 09:34:00,120.3828675,120.3828675,120.3828675,120.3828675
2020-02-19 09:35:00,120.3828675,120.3828675,120.3828675,120.3828675
2020-02-19 09:36:00,120.3828675,120.3828675,120.3828675,120.3828675
2020-02-19 09:37:00,120.3828675,120.3828675,120.3828675,120.3828675
2020-02-19 09:38:00,120.3828675,120.3828675,120.3828675,120.3828675
2020-02-19 09:39:00,120.5172377102,120.5172377102,120.5172377102,120.5172377102
2020-02-19 09:40:00,120.5172377102,120.5172377102,120.5172377102,120.5172377102
2020-02-19 09:41:00,120.5172377102,120.5172377102,120.5172377102,120.5172377102
2020-02-19 09:42:00,120.5172377102,120.5172377102,120.5172377102,120.5172377102
2020-02-19 09:43:00,120.699302466,120.699302466,120.699302466,120.699302466
2020-02-19 09:44:00,120.699302466,120.699302466,120.699302466,120.699302466
2020-02-19 09:45:00,120.699302466,120.699302466,120.699302466,120.699302466
2020-02-19 09:46:00,120.699302466,120.699302466,120.699302466,120.699302466
2020-02-19 09:47:00,120.699302466,120.699302466,120.699302466,120.699302466
2020-02-19 09:48:00,120.699302466,120.699302466,120.699302466,120.699302466
2020-02-19 09:49:00,120.699302466,120.699302466,120.699302466,120.699302466
2020-02-19 09:50:00,120.699302466,120.699302466,120.699302466,120.699302466
2020-02-19 09:51:00,120.699302466,120.699302466,120.699302466,120.699302466
2020-02-19 09:52:00,120.699302466,120.699302466,120.699302466,120.699302466
2020-02-19 09:53:00,120.699302466,120.699302466,120.699302466,120.699302466
2020-02-19 09:54:00,120.699302466,120.699302466,120.699302466,120.699302466
2020-02-19 09:55:00,120.699302466,120.699302466,120.699302466,120.699302466
2020-02-19 09:56:00,120.699302466,120.699302466,120.699302466,120.699302466
2020-02-19 09:57:00,120.699302466,120.699302466,120.699302466,120.699302466
2020-02-19 09:58:00,120.699302466,120.699302466,120.699302466,120.699302466
2020-02-19 09:59:00,120.699302466,120.699302466,120.699302466,120.699302466
2020-02-19 10:00:00,120.699302466,120.699302466,120.699302466,120.699302466
2020-02-19 10:01:00,120.699302466,120.699302466,120.699302466,120.699302466
2020-02-19 10:02:00,120.699302466,120.699302466,120.699302466,120.699302466
2020-02-19 10:03:00,120.699302466,120.699302466,120.699302466,120.699302466
2020-02-19 10:04:00,120.699302466,120.699302466,120.699302466,120.699302466
2020-02-19 10:05:00,120.699302466,120.699302466,120.699302466,120.699302466
2020-02-19 10:06:00,120.699302466,120.699302466,120.699302466,120.699302466
2020-02-19 10:07:00,120.59804327688,120.59804327688,120.59804327688,120.59804327688
2020-02-19 10:08:00,120.59804327688,120.59804327688,120.59804327688,120.59804327688
2020-02-19 10:09:00,120.59804327688,120.59804327688,120.59804327688,120.59804327688
2020-02-19 10:10:00,120.59804327688,120.59804327688,120.59804327688,120.59804327688
2020-02-19 10:11:00,120.59804327688,120.59804327688,120.59804327688,120.59804327688
2020-02-19 10:12:00,120.59804327688,120.59804327688,120.59804327688,120.59804327688
2020-02-19 10:13:00,120.4966006472,120.4966006472,120.4966006472,120.4966006472
2020-02-19 10:14:00,120.42524226936,120.42524226936,120.42524226936,120.42524226936
2020-02-19 10:15:00,120.42524226936,120.42524226936,120.42524226936,120.42524226936
2020-02-19 10:16:00,120.42524226936,120.42524226936,120.42524226936,120.42524226936
2020-02-19 10:17:00,120.42524226936,120.42524226936,120.42524226936,120.42524226936
2020-02-19 10:18:00,120.42524226936,120.42524226936,120.42524226936,120.42524226936
2020-02-19 10:19:00,120.52448361232,120.52448361232,120.52448361232,120.52448361232
2020-02-19 10:20:00,120.52448361232,120.52448361232,120.52448361232,120.52448361232
2020-02-19 10:21:00,120.52448361232,120.52448361232,120.52448361232,120.52448361232
2020-02-19 10:22:00,120.52448361232,120.52448361232,120.52448361232,120.52448361232
2020-02-19 10:23:00,120.58263426984,120.58263426984,120.58263426984,120.58263426984
2020-02-19 10:24:00,120.58263426984,120.58263426984,120.58263426984,120.58263426984
2020-02-19 10:25:00,120.58263426984,120.58263426984,120.58263426984,120.58263426984
2020-02-19 10:26:00,120.53934229768,120.53934229768,120.53934229768,120.53934229768
2020-02-19 10:27:00,120.53934229768,120.53934229768,120.53934229768,120.53934229768
2020-02-19 10:28:00,120.53934229768,120.53934229768,120.53934229768,120.53934229768
2020-02-19 10:29:00,120.53934229768,120.53934229768,120.53934229768,120.53934229768
2020-02-19 10:30:00,120.53934229768,120.53934229768,120.53934229768,120.53934229768
2020-02-19 10:31:00,120.53934229768,120.53934229768,120.53934229768,120.53934229768
2020-02-19 10:32:00,120.53934229768,120.53934229768,120.53934229768,120.53934229768
2020-02-19 10:33:00,120.53934229768,120.53934229768,120.53934229768,120.53934229768
2020-02-19 10:34:00,120.53934229768,120.53934229768,120.53934229768,120.53934229768
2020-02-19 10:35:00,120.53934229768,120.53934229768,120.53934229768,120.53934229768
2020-02-19 10:36:00,120.53934229768,120.53934229768,120.53934229768,120.53934229768
2020-02-19 10:37:00,120.53934229768,120.53934229768,120.53934229768,120.53934229768
2020-02-19 10:38:00,120.53934229768,120.53934229768,120.53934229768,120.53934229768
2020-02-19 10:39:00,120.53934229768,120.53934229768,120.53934229768,120.53934229768
2020-02-19 10:40:00,120.53934229768,120.53934229768,120.53934229768,120.53934229768
2020-02-19 10:41:00,120.53934229768,120.53934229768,120.53934229768,120.53934229768
2020-02-19 10:42:00,120.53934229768,120.53934229768,120.53934229768,120.53934229768
2020-02-19 10:43:00,120.53934229768,120.53934229768,120.53934229768,120.53934229768
2020-02-19 10:44:00,120.53934229768,120.53934229768,120.53934229768,120.53934229768
2020-02-19 10:45:00,120.53934229768,120.53934229768,120.53934229768,120.53934229768
2020-02-19 10:46:00,120.53934229768,120.53934229768,120.53934229768,120.53934229768
2020-02-19 10:47:00,120.53934229768,120.53934229768,120.53934229768,120.53934229768
2020-02-19 10:48:00,120.53934229768,120.53934229768,120.53934229768,120.53934229768
2020-02-19 10:49:00,120.53934229768,120.53934229768,120.53934229768,120.53934229768
2020-02-19 10:50:00,120.53934229768,120.53934229768,120.53934229768,120.53934229768
2020-02-19 10:51:00,120.53934229768,120.53934229768,120.53934229768,120.53934229768
2020-02-19 10:52:00,120.53934229768,120.53934229768,120.53934229768,120.53934229768
2020-02-19 10:53:00,120.53934229768,120.53934229768,120.53934229768,120.53934229768
2020-02-19 10:54:00,120.53934229768,120.53934229768,120.53934229768,120.53934229768
2020-02-19 10:55:00,120.53934229768,120.53934229768,120.53934229768,120.53934229768
2020-02-19 10:56:00,120.53934229768,120.53934229768,120.53934229768,120.53934229768
2020-02-19 10:57:00,120.53934229768,120.53934229768,120.53934229768,120.53934229768
2020-02-19 10:58:00,120.53934229768,120.53934229768,120.53934229768,120.53934229768
2020-02-19 10:59:00,120.53934229768,120.53934229768,120.53934229768,120.53934229768
2020-02-19 11:00:00,120.53934229768,120.53934229768,120.53934229768,120.53934229768
2020-02-19 11:01:00,120.561722046,120.561722046,120.561722046,120.561722046
2020-02-19 11:02:00,120.561722046,120.561722046,120.561722046,120.561722046
2020-02-19 11:03:00,120.561722046,120.561722046,120.561722046,120.561722046
2020-02-19 11:04:00,120.561722046,120.561722046,120.561722046,120.561722046
2020-02-19 11:05:00,120.561722046,120.561722046,120.561722046,120.561722046
2020-02-19 11:06:00,120.53952573824,120.53952573824,120.53952573824,120.53952573824
2020-02-19 11:07:00,120.53952573824,120.53952573824,120.53952573824,120.53952573824
2020-02-19 11:08:00,120.53952573824,120.53952573824,120.53952573824,120.53952573824
2020-02-19 11:09:00,120.53952573824,120.53952573824,120.53952573824,120.53952573824
2020-02-19 11:10:00,120.53952573824,120.53952573824,120.53952573824,120.53952573824
2020-02-19 11:11:00,120.53952573824,120.53952573824,120.53952573824,120.53952573824
2020-02-19 11:12:00,120.53952573824,120.53952573824,120.53952573824,120.53952573824
2020-02-19 11:13:00,120.53952573824,120.53952573824,120.53952573824,120.53952573824
2020-02-19 11:14:00,120.639684284,120.639684284,120.639684284,120.639684284
2020-02-19 11:15:00,120.639684284,120.639684284,120.639684284,120.639684284
2020-02-19 11:16:00,120.639684284,120.639684284,120.639684284,120.639684284
2020-02-19 11:17:00,120.639684284,120.639684284,120.639684284,120.639684284
2020-02-19 11:18:00,120.621340228,120.621340228,120.621340228,120.621340228
2020-02-19 11:19:00,120.57621385024,120.57621385024,120.57621385024,120.57621385024
2020-02-19 11:20:00,120.58520243768,120.58520243768,120.58520243768,120.58520243768
2020-02-19 11:21:00,120.58520243768,120.58520243768,120.58520243768,120.58520243768
2020-02-19 11:22:00,120.58520243768,120.58520243768,120.58520243768,120.58520243768
2020-02-19 11:23:00,120.58520243768,120.58520243768,120.58520243768,120.58520243768
2020-02-19 11:24:00,120.58520243768,120.58520243768,120.58520243768,120.58520243768
2020-02-19 11:25:00,120.58520243768,120.58520243768,120.58520243768,120.58520243768
2020-02-19 11:26:00,120.58520243768,120.58520243768,120.58520243768,120.58520243768
2020-02-19 11:27:00,120.58520243768,120.58520243768,120.58520243768,120.58520243768
2020-02-19 11:28:00,120.58520243768,120.58520243768,120.58520243768,120.58520243768
2020-02-19 11:29:00,120.58520243768,120.58520243768,120.58520243768,120.58520243768
2020-02-19 11:30:00,120.602996172,120.602996172,120.602996172,120.602996172
2020-02-19 11:31:00,120.57795653556,120.5947413468,120.57795653556,120.5947413468
2020-02-19 11:32:00,120.57795653556,120.5947413468,120.57795653556,120.5947413468
2020-02-19 11:33:00,120.57795653556,120.5947413468,120.57795653556,120.5947413468
2020-02-19 11:34:00,120.57795653556,120.5947413468,120.57795653556,120.5947413468
2020-02-19 11:35:00,120.57795653556,120.5947413468,120.57795653556,120.5947413468
2020-02-19 11:36:00,120.57795653556,120.5947413468,120.57795653556,120.5947413468
2020-02-19 11:37:00,120.465415752,120.465415752,120.465415752,120.465415752
2020-02-19 11:38:00,120.465415752,120.465415752,120.465415752,120.465415752
2020-02-19 11:39:00,120.465415752,120.465415752,120.465415752,120.465415752
2020-02-19 11:40:00,120.465415752,120.465415752,120.465415752,120.465415752
2020-02-19 11:41:00,120.465415752,120.465415752,120.465415752,120.465415752
2020-02-19 11:42:00,120.465415752,120.465415752,120.465415752,120.465415752
2020-02-19 11:43:00,120.465415752,120.465415752,120.465415752,120.465415752
2020-02-19 11:44:00,120.465415752,120.465415752,120.465415752,120.465415752
2020-02-19 11:45:00,120.465415752,120.465415752,120.465415752,120.465415752
2020-02-19 11:46:00,120.465415752,120.465415752,120.465415752,120.465415752
2020-02-19 11:47:00,120.465415752,120.465415752,120.465415752,120.465415752
2020-02-19 11:48:00,120.465415752,120.465415752,120.465415752,120.465415752
2020-02-19 11:49:00,120.465415752,120.465415752,120.465415752,120.465415752
2020-02-19 11:50:00,120.52044792,120.52044792,120.52044792,120.52044792
2020-02-19 11:51:00,120.52044792,120.52044792,120.52044792,120.52044792
2020-02-19 11:52:00,120.52044792,120.52044792,120.52044792,120.52044792
2020-02-19 11:53:00,120.52044792,120.52044792,120.52044792,120.52044792
2020-02-19 11:54:00,120.52044792,120.52044792,120.52044792,120.52044792
2020-02-19 11:55:00,120.52044792,120.52044792,120.52044792,120.52044792
2020-02-19 11:56:00,120.52044792,120.52044792,120.52044792,120.52044792
2020-02-19 11:57:00,120.52044792,120.52044792,120.52044792,120.52044792
2020-02-19 11:58:00,120.52044792,120.52044792,120.52044792,120.52044792
2020-02-19 11:59:00,120.52044792,120.52044792,120.52044792,120.52044792
2020-02-19 12:00:00,120.52044792,120.52044792,120.52044792,120.52044792
2020-02-19 12:01:00,120.52044792,120.52044792,120.52044792,120.52044792
2020-02-19 12:02:00,120.470001766,120.470001766,120.470001766,120.470001766
2020-02-19 12:03:00,120.470001766,120.470001766,120.470001766,120.470001766
2020-02-19 12:04:00,120.470001766,120.470001766,120.470001766,120.470001766
2020-02-19 12:05:00,120.470001766,120.470001766,120.470001766,120.470001766
2020-02-19 12:06:00,120.470001766,120.470001766,120.470001766,120.470001766
2020-02-19 12:07:00,120.470001766,120.470001766,120.470001766,120.470001766
2020-02-19 12:08:00,120.470001766,120.470001766,120.470001766,120.470001766
2020-02-19 12:09:00,120.470001766,120.470001766,120.470001766,120.470001766
2020-02-19 12:10:00,120.470001766,120.470001766,120.470001766,120.470001766
2020-02-19 12:11:00,120.470001766,120.470001766,120.470001766,120.470001766
2020-02-19 12:12:00,120.42872764,120.414969598,120.414969598,120.42872764
2020-02-19 12:13:00,120.42872764,120.4232244232,120.4232244232,120.42872764
2020-02-19 12:14:00,120.42872764,120.4232244232,120.4232244232,120.42872764
2020-02-19 12:15:00,120.42872764,120.4232244232,120.4232244232,120.42872764
2020-02-19 12:16:00,120.42872764,120.4232244232,120.4232244232,120.42872764
2020-02-19 12:17:00,120.42872764,120.4232244232,120.4232244232,120.42872764
2020-02-19 12:18:00,120.42872764,120.4232244232,120.4232244232,120.42872764
2020-02-19 12:19:00,120.42872764,120.4232244232,120.4232244232,120.42872764
2020-02-19 12:20:00,120.42872764,120.4232244232,120.4232244232,120.42872764
2020-02-19 12:21:00,120.54337799,120.54337799,120.54337799,120.54337799
2020-02-19 12:22:00,120.54337799,120.54337799,120.54337799,120.54337799
2020-02-19 12:23:00,120.54337799,120.54337799,120.54337799,120.54337799
2020-02-19 12:24:00,120.54337799,120.54337799,120.54337799,120.54337799
2020-02-19 12:25:00,120.54337799,120.54337799,120.54337799,120.54337799
2020-02-19 12:26:00,120.54337799,120.54337799,120.54337799,120.54337799
2020-02-19 12:27:00,120.54337799,120.54337799,120.54337799,120.54337799
2020-02-19 12:28:00,120.54337799,120.54337799,120.54337799,120.54337799
2020-02-19 12:29:00,120.54337799,120.54337799,120.54337799,120.54337799
2020-02-19 12:30:00,120.54337799,120.54337799,120.54337799,120.54337799
2020-02-19 12:31:00,120.54337799,120.54337799,120.54337799,120.54337799
2020-02-19 12:32:00,120.54337799,120.54337799,120.54337799,120.54337799
2020-02-19 12:33:00,120.54337799,120.54337799,120.54337799,120.54337799
2020-02-19 12:34:00,120.54337799,120.54337799,120.54337799,120.54337799
2020-02-19 12:35:00,120.48568593388,120.48568593388,120.48568593388,120.48568593388
2020-02-19 12:36:00,120.48568593388,120.48568593388,120.48568593388,120.48568593388
2020-02-19 12:37:00,120.48568593388,120.48568593388,120.48568593388,120.48568593388
2020-02-19 12:38:00,120.48568593388,120.48568593388,120.48568593388,120.48568593388
2020-02-19 12:39:00,120.48568593388,120.48568593388,120.48568593388,120.48568593388
2020-02-19 12:40:00,120.48568593388,120.48568593388,120.48568593388,120.48568593388
2020-02-19 12:41:00,120.48568593388,120.48568593388,120.48568593388,120.48568593388
2020-02-19 12:42:00,120.48568593388,120.48568593388,120.48568593388,120.48568593388
2020-02-19 12:43:00,120.48568593388,120.48568593388,120.48568593388,120.48568593388
2020-02-19 12:44:00,120.48568593388,120.48568593388,120.48568593388,120.48568593388
2020-02-19 12:45:00,120.48568593388,120.48568593388,120.48568593388,120.48568593388
2020-02-19 12:46:00,120.48568593388,120.48568593388,120.48568593388,120.48568593388
2020-02-19 12:47:00,120.48568593388,120.48568593388,120.48568593388,120.48568593388
2020-02-19 12:48:00,120.48568593388,120.48568593388,120.48568593388,120.48568593388
2020-02-19 12:49:00,120.48568593388,120.48568593388,120.48568593388,120.48568593388
2020-02-19 12:50:00,120.48568593388,120.48568593388,120.48568593388,120.48568593388
2020-02-19 12:51:00,120.48568593388,120.48568593388,120.48568593388,120.48568593388
2020-02-19 12:52:00,120.48568593388,120.48568593388,120.48568593388,120.48568593388
2020-02-19 12:53:00,120.6195058224,120.6195058224,120.6195058224,120.6195058224
2020-02-19 12:54:00,120.6195058224,120.6195058224,120.6195058224,120.6195058224
2020-02-19 12:55:00,120.6195058224,120.6195058224,120.6195058224,120.6195058224
2020-02-19 12:56:00,120.6195058224,120.6195058224,120.6195058224,120.6195058224
2020-02-19 12:57:00,120.6195058224,120.6195058224,120.6195058224,120.6195058224
2020-02-19 12:58:00,120.6195058224,120.6195058224,120.6195058224,120.6195058224
2020-02-19 12:59:00,120.6195058224,120.6195058224,120.6195058224,120.6195058224
2020-02-19 13:00:00,120.6195058224,120.6195058224,120.6195058224,120.6195058224
2020-02-19 13:01:00,120.6195058224,120.6195058224,120.6195058224,120.6195058224
2020-02-19 13:02:00,120.6195058224,120.6195058224,120.6195058224,120.6195058224
2020-02-19 13:03:00,120.06184652,120.06184652,120.06184652,120.06184652
2020-02-19 13:04:00,120.06184652,120.06184652,120.06184652,120.06184652
2020-02-19 13:05:00,120.06184652,120.06184652,120.06184652,120.06184652
2020-02-19 13:06:00,120.06184652,120.06184652,120.06184652,120.06184652
2020-02-19 13:07:00,120.06184652,120.06184652,120.06184652,120.06184652
2020-02-19 13:08:00,120.06184652,120.06184652,120.06184652,120.06184652
2020-02-19 13:09:00,120.06184652,120.06184652,120.06184652,120.06184652
2020-02-19 13:10:00,120.06184652,120.06184652,120.06184652,120.06184652
2020-02-19 13:11:00,120.06184652,120.06184652,120.06184652,120.06184652
2020-02-19 13:12:00,120.06184652,120.06184652,120.06184652,120.06184652
2020-02-19 13:13:00,120.06184652,120.06184652,120.06184652,120.06184652
2020-02-19 13:14:00,120.06184652,120.06184652,120.06184652,120.06184652
2020-02-19 13:15:00,120.584652116,120.584652116,120.584652116,120.584652116
2020-02-19 13:16:00,120.584652116,120.584652116,120.584652116,120.584652116
2020-02-19 13:17:00,120.584652116,120.584652116,120.584652116,120.584652116
2020-02-19 13:18:00,120.61189303916,120.61189303916,120.61189303916,120.61189303916
2020-02-19 13:19:00,120.584652116,120.584652116,120.584652116,120.584652116
2020-02-19 13:20:00,120.561722046,120.561722046,120.561722046,120.561722046
2020-02-19 13:21:00,120.561722046,120.561722046,120.561722046,120.561722046
2020-02-19 13:22:00,120.561722046,120.561722046,120.561722046,120.561722046
2020-02-19 13:23:00,120.561722046,120.561722046,120.561722046,120.561722046
2020-02-19 13:24:00,120.561722046,120.561722046,120.561722046,120.561722046
2020-02-19 13:25:00,120.561722046,120.561722046,120.561722046,120.561722046
2020-02-19 13:26:00,120.561722046,120.561722046,120.561722046,120.561722046
2020-02-19 13:27:00,120.561722046,120.561722046,120.561722046,120.561722046
2020-02-19 13:28:00,120.561722046,120.561722046,120.561722046,120.561722046
2020-02-19 13:29:00,120.561722046,120.561722046,120.561722046,120.561722046
2020-02-19 13:30:00,120.561722046,120.561722046,120.561722046,120.561722046
2020-02-19 13:31:00,120.561722046,120.561722046,120.561722046,120.561722046
2020-02-19 13:32:00,120.561722046,120.561722046,120.561722046,120.561722046
2020-02-19 13:33:00,120.561722046,120.561722046,120.561722046,120.561722046
2020-02-19 13:34:00,120.561722046,120.561722046,120.561722046,120.561722046
2020-02-19 13:35:00,120.561722046,120.561722046,120.561722046,120.561722046
2020-02-19 13:36:00,120.561722046,120.561722046,120.561722046,120.561722046
2020-02-19 13:37:00,120.561722046,120.561722046,120.561722046,120.561722046
2020-02-19 13:38:00,120.561722046,120.561722046,120.561722046,120.561722046
2020-02-19 13:39:00,120.561722046,120.561722046,120.561722046,120.561722046
2020-02-19 13:40:00,120.561722046,120.561722046,120.561722046,120.561722046
2020-02-19 13:41:00,120.561722046,120.561722046,120.561722046,120.561722046
2020-02-19 13:42:00,120.561722046,120.561722046,120.561722046,120.561722046
2020-02-19 13:43:00,120.561722046,120.561722046,120.561722046,120.561722046
2020-02-19 13:44:00,120.602996172,120.61895550072,120.602996172,120.61895550072
2020-02-19 13:45:00,120.602996172,120.61895550072,120.602996172,120.61895550072
2020-02-19 13:46:00,120.602996172,120.61895550072,120.602996172,120.61895550072
2020-02-19 13:47:00,120.602996172,120.61895550072,120.602996172,120.61895550072
2020-02-19 13:48:00,120.602996172,120.61895550072,120.602996172,120.61895550072
2020-02-19 13:49:00,120.602996172,120.61895550072,120.602996172,120.61895550072
2020-02-19 13:50:00,120.57217815792,120.57217815792,120.57217815792,120.57217815792
2020-02-19 13:51:00,120.57217815792,120.57217815792,120.57217815792,120.57217815792
2020-02-19 13:52:00,120.57217815792,120.57217815792,120.57217815792,120.57217815792
2020-02-19 13:53:00,120.557136032,120.557136032,120.557136032,120.557136032
2020-02-19 13:54:00,120.557136032,120.557136032,120.557136032,120.557136032
2020-02-19 13:55:00,120.557136032,120.557136032,120.557136032,120.557136032
2020-02-19 13:56:00,120.557136032,120.557136032,120.557136032,120.557136032
2020-02-19 13:57:00,120.557136032,120.557136032,120.557136032,120.557136032
2020-02-19 13:58:00,120.557136032,120.557136032,120.557136032,120.557136032
2020-02-19 13:59:00,120.557136032,120.557136032,120.557136032,120.557136032
2020-02-19 14:00:00,120.557136032,120.557136032,120.557136032,120.557136032
2020-02-19 14:01:00,120.593824144,120.593824144,120.593824144,120.593824144
2020-02-19 14:02:00,120.593824144,120.593824144,120.593824144,120.593824144
2020-02-19 14:03:00,120.06184652,120.06184652,120.06184652,120.06184652
2020-02-19 14:04:00,120.06184652,120.06184652,120.06184652,120.06184652
2020-02-19 14:05:00,120.06184652,120.06184652,120.06184652,120.06184652
2020-02-19 14:06:00,120.06184652,120.06184652,120.06184652,120.06184652
2020-02-19 14:07:00,120.06184652,120.06184652,120.06184652,120.06184652
2020-02-19 14:08:00,120.570894074,120.570894074,120.570894074,120.570894074
2020-02-19 14:09:00,120.56933482924,120.56933482924,120.56933482924,120.56933482924
2020-02-19 14:10:00,120.56933482924,120.56933482924,120.56933482924,120.56933482924
2020-02-19 14:11:00,120.56933482924,120.56933482924,120.56933482924,120.56933482924
2020-02-19 14:12:00,120.52971166828,120.52971166828,120.52971166828,120.52971166828
2020-02-19 14:13:00,120.56805074532,120.56805074532,120.56805074532,120.56805074532
2020-02-19 14:14:00,120.56805074532,120.56805074532,120.56805074532,120.56805074532
2020-02-19 14:15:00,120.56805074532,120.56805074532,120.56805074532,120.56805074532
2020-02-19 14:16:00,120.56805074532,120.56805074532,120.56805074532,120.56805074532
2020-02-19 14:17:00,120.56805074532,120.56805074532,120.56805074532,120.56805074532
2020-02-19 14:18:00,120.56805074532,120.56805074532,120.56805074532,120.56805074532
2020-02-19 14:19:00,120.56805074532,120.56805074532,120.56805074532,120.56805074532
2020-02-19 14:20:00,120.56805074532,120.56805074532,120.56805074532,120.56805074532
2020-02-19 14:21:00,120.56805074532,120.56805074532,120.56805074532,120.56805074532
2020-02-19 14:22:00,120.56805074532,120.56805074532,120.56805074532,120.56805074532
2020-02-19 14:23:00,120.56805074532,120.56805074532,120.56805074532,120.56805074532
2020-02-19 14:24:00,120.56805074532,120.56805074532,120.56805074532,120.56805074532
2020-02-19 14:25:00,120.46917628348,120.45826157016,120.45826157016,120.46917628348
2020-02-19 14:26:00,120.46917628348,120.45826157016,120.45826157016,120.46917628348
2020-02-19 14:27:00,120.46917628348,120.45826157016,120.45826157016,120.46917628348
2020-02-19 14:28:00,120.46917628348,120.45826157016,120.45826157016,120.46917628348
2020-02-19 14:29:00,120.46917628348,120.45826157016,120.45826157016,120.46917628348
2020-02-19 14:30:00,120.46917628348,120.45826157016,120.45826157016,120.46917628348
2020-02-19 14:31:00,120.46917628348,120.45826157016,120.45826157016,120.46917628348
2020-02-19 14:32:00,120.46917628348,120.45826157016,120.45826157016,120.46917628348
2020-02-19 14:33:00,120.46917628348,120.45826157016,120.45826157016,120.46917628348
2020-02-19 14:34:00,120.46917628348,120.45826157016,120.45826157016,120.46917628348
2020-02-19 14:35:00,120.5589704376,120.5589704376,120.5589704376,120.5589704376
2020-02-19 14:36:00,120.529619948,120.529619948,120.529619948,120.529619948
2020-02-19 14:37:00,120.529619948,120.529619948,120.529619948,120.529619948
2020-02-19 14:38:00,120.529619948,120.529619948,120.529619948,120.529619948
2020-02-19 14:39:00,120.529619948,120.529619948,120.529619948,120.529619948
2020-02-19 14:40:00,120.529619948,120.529619948,120.529619948,120.529619948
2020-02-19 14:41:00,120.529619948,120.529619948,120.529619948,120.529619948
2020-02-19 14:42:00,120.529619948,120.529619948,120.529619948,120.529619948
2020-02-19 14:43:00,120.529619948,120.529619948,120.529619948,120.529619948
2020-02-19 14:44:00,120.529619948,120.529619948,120.529619948,120.529619948
2020-02-19 14:45:00,120.529619948,120.529619948,120.529619948,120.529619948
2020-02-19 14:46:00,120.529619948,120.529619948,120.529619948,120.529619948
2020-02-19 14:47:00,120.676372396,120.676372396,120.676372396,120.676372396
2020-02-19 14:48:00,120.676372396,120.676372396,120.676372396,120.676372396
2020-02-19 14:49:00,120.676372396,120.676372396,120.676372396,120.676372396
2020-02-19 14:50:00,120.676372396,120.676372396,120.676372396,120.676372396
2020-02-19 14:51:00,120.676372396,120.676372396,120.676372396,120.676372396
2020-02-19 14:52:00,120.676372396,120.676372396,120.676372396,120.676372396
2020-02-19 14:53:00,120.62757720704,120.62757720704,120.62757720704,120.62757720704
2020-02-19 14:54:00,120.61638733288,120.61638733288,120.61638733288,120.61638733288
2020-02-19 14:55:00,120.61638733288,120.61638733288,120.61638733288,120.61638733288
2020-02-19 14:56:00,120.61638733288,120.61638733288,120.61638733288,120.61638733288
2020-02-19 14:57:00,120.61638733288,120.61638733288,120.61638733288,120.61638733288
2020-02-19 14:58:00,120.5773144936,120.5773144936,120.5773144936,120.5773144936
2020-02-19 14:59:00,120.5773144936,120.5773144936,120.5773144936,120.5773144936
2020-02-19 15:00:00,120.561722046,120.561722046,120.561722046,120.561722046
2020-02-19 15:01:00,120.561722046,120.561722046,120.561722046,120.561722046
2020-02-19 15:02:00,120.561722046,120.561722046,120.561722046,120.561722046
2020-02-19 15:03:00,120.561722046,120.561722046,120.561722046,120.561722046
2020-02-19 15:04:00,120.561722046,120.561722046,120.561722046,120.561722046
2020-02-19 15:05:00,120.547964004,120.60794906712,120.547964004,120.60794906712
2020-02-19 15:06:00,120.547964004,120.60794906712,120.547964004,120.60794906712
2020-02-19 15:07:00,120.547964004,120.60794906712,120.547964004,120.60794906712
2020-02-19 15:08:00,120.557136032,120.557136032,120.557136032,120.557136032
2020-02-19 15:09:00,120.5695182698,120.5695182698,120.5695182698,120.5695182698
2020-02-19 15:10:00,120.5695182698,120.5695182698,120.5695182698,120.5695182698
2020-02-19 15:11:00,120.5695182698,120.5695182698,120.5695182698,120.5695182698
2020-02-19 15:12:00,120.5695182698,120.5695182698,120.5695182698,120.5695182698
2020-02-19 15:13:00,120.5695182698,120.5695182698,120.5695182698,120.5695182698
2020-02-19 15:14:00,120.5695182698,120.5695182698,120.5695182698,120.5695182698
2020-02-19 15:15:00,120.5695182698,120.5695182698,120.5695182698,120.5695182698
2020-02-19 15:16:00,120.502103864,120.502103864,120.502103864,120.502103864
2020-02-19 15:17:00,120.502103864,120.502103864,120.502103864,120.502103864
2020-02-19 15:18:00,120.502103864,120.502103864,120.502103864,120.502103864
2020-02-19 15:19:00,120.502103864,120.502103864,120.502103864,120.502103864
2020-02-19 15:20:00,120.502103864,120.502103864,120.502103864,120.502103864
2020-02-19 15:21:00,120.502103864,120.502103864,120.502103864,120.502103864
2020-02-19 15:22:00,120.52044792,120.52044792,120.52044792,120.52044792
2020-02-19 15:23:00,120.52044792,120.52044792,120.52044792,120.52044792
2020-02-19 15:24:00,120.52044792,120.52044792,120.52044792,120.52044792
2020-02-19 15:25:00,120.52044792,120.52044792,120.52044792,120.52044792
2020-02-19 15:26:00,120.52044792,120.52044792,120.52044792,120.52044792
2020-02-19 15:27:00,120.52044792,120.52044792,120.52044792,120.52044792
2020-02-19 15:28:00,120.52044792,120.52044792,120.52044792,120.52044792
2020-02-19 15:29:00,120.4709189688,120.4709189688,120.4709189688,120.4709189688
2020-02-19 15:30:00,120.4709189688,120.4709189688,120.4709189688,120.4709189688
2020-02-19 15:31:00,120.4709189688,120.4709189688,120.4709189688,120.4709189688
2020-02-19 15:32:00,120.4369824652,120.4369824652,120.4369824652,120.4369824652
2020-02-19 15:33:00,120.4369824652,120.4369824652,120.4369824652,120.4369824652
2020-02-19 15:34:00,120.4369824652,120.4369824652,120.4369824652,120.4369824652
2020-02-19 15:35:00,120.4369824652,120.4369824652,120.4369824652,120.4369824652
2020-02-19 15:36:00,120.4369824652,120.4369824652,120.4369824652,120.4369824652
2020-02-19 15:37:00,120.4369824652,120.4369824652,120.4369824652,120.4369824652
2020-02-19 15:38:00,120.4369824652,120.4369824652,120.4369824652,120.4369824652
2020-02-19 15:39:00,120.4369824652,120.4369824652,120.4369824652,120.4369824652
2020-02-19 15:40:00,120.4369824652,120.4369824652,120.4369824652,120.4369824652
2020-02-19 15:41:00,120.4369824652,120.4369824652,120.4369824652,120.4369824652
2020-02-19 15:42:00,120.4369824652,120.4369824652,120.4369824652,120.4369824652
2020-02-19 15:43:00,120.4369824652,120.4369824652,120.4369824652,120.4369824652
2020-02-19 15:44:00,120.4369824652,120.4369824652,120.4369824652,120.4369824652
2020-02-19 15:45:00,120.4369824652,120.4369824652,120.4369824652,120.4369824652
2020-02-19 15:46:00,120.4369824652,120.4369824652,120.4369824652,120.4369824652
2020-02-19 15:47:00,120.4369824652,120.4369824652,120.4369824652,120.4369824652
2020-02-19 15:48:00,120.4369824652,120.4369824652,120.4369824652,120.4369824652
2020-02-19 15:49:00,120.4369824652,120.4369824652,120.4369824652,120.4369824652
2020-02-19 15:50:00,120.4369824652,120.4369824652,120.4369824652,120.4369824652
2020-02-19 15:51:00,120.4369824652,120.4369824652,120.4369824652,120.4369824652
2020-02-19 15:52:00,120.4369824652,120.4369824652,120.4369824652,120.4369824652
2020-02-19 15:53:00,120.4369824652,120.4369824652,120.4369824652,120.4369824652
2020-02-19 15:54:00,120.4369824652,120.4369824652,120.4369824652,120.4369824652
2020-02-19 15:55:00,120.4369824652,120.4369824652,120.4369824652,120.4369824652
2020-02-19 15:56:00,120.4369824652,120.4369824652,120.4369824652,120.4369824652
2020-02-19 15:57:00,120.4369824652,120.4369824652,120.4369824652,120.4369824652
2020-02-19 15:58:00,120.4369824652,120.4369824652,120.4369824652,120.4369824652
2020-02-19 15:59:00,120.4369824652,120.4369824652,120.4369824652,120.4369824652
2020-02-19 16:00:00,120.309491276,120.40579757,120.309491276,120.410383584
2020-02-20 09:31:00,120.144394772,120.144394772,120.144394772,120.144394772
2020-02-20 09:32:00,120.144394772,120.144394772,120.144394772,120.144394772
2020-02-20 09:33:00,120.144394772,120.144394772,120.144394772,120.144394772
2020-02-20 09:34:00,120.29114722,120.29114722,120.29114722,120.29114722
2020-02-20 09:35:00,120.29114722,120.29114722,120.29114722,120.29114722
2020-02-20 09:36:00,120.29114722,120.29114722,120.29114722,120.29114722
2020-02-20 09:37:00,120.29114722,120.29114722,120.29114722,120.29114722
2020-02-20 09:38:00,120.29114722,120.29114722,120.29114722,120.29114722
2020-02-20 09:39:00,120.29114722,120.29114722,120.29114722,120.29114722
2020-02-20 09:40:00,120.29114722,120.29114722,120.29114722,120.29114722
2020-02-20 09:41:00,120.621340228,120.621340228,120.621340228,120.621340228
2020-02-20 09:42:00,120.639684284,120.6121682,120.6121682,120.639684284
2020-02-20 09:43:00,120.639684284,120.6121682,120.6121682,120.639684284
2020-02-20 09:44:00,120.639684284,120.6121682,120.6121682,120.639684284
2020-02-20 09:45:00,120.639684284,120.6121682,120.6121682,120.639684284
2020-02-20 09:46:00,120.653442326,120.653442326,120.653442326,120.653442326
2020-02-20 09:47:00,120.653442326,120.653442326,120.653442326,120.653442326
2020-02-20 09:48:00,120.653442326,120.653442326,120.653442326,120.653442326
2020-02-20 09:49:00,120.653442326,120.653442326,120.653442326,120.653442326
2020-02-20 09:50:00,120.70388848,120.70388848,120.70388848,120.70388848
2020-02-20 09:51:00,120.70388848,120.70388848,120.70388848,120.70388848
2020-02-20 09:52:00,120.70388848,120.70388848,120.70388848,120.70388848
2020-02-20 09:53:00,120.70388848,120.70388848,120.70388848,120.70388848
2020-02-20 09:54:00,121.043253516,121.043253516,121.043253516,121.043253516
2020-02-20 09:55:00,121.043253516,121.043253516,121.043253516,121.043253516
2020-02-20 09:56:00,121.043253516,121.043253516,121.043253516,121.043253516
2020-02-20 09:57:00,120.988221348,120.988221348,120.988221348,120.988221348
2020-02-20 09:58:00,120.95914601924,120.95914601924,120.95914601924,120.95914601924
2020-02-20 09:59:00,120.95914601924,120.95914601924,120.95914601924,120.95914601924
2020-02-20 10:00:00,120.95914601924,120.95914601924,120.95914601924,120.95914601924
2020-02-20 10:01:00,120.95914601924,120.95914601924,120.95914601924,120.95914601924
2020-02-20 10:02:00,120.95914601924,120.95914601924,120.95914601924,120.95914601924
2020-02-20 10:03:00,120.95914601924,120.95914601924,120.95914601924,120.95914601924
2020-02-20 10:04:00,120.95914601924,120.95914601924,120.95914601924,120.95914601924
2020-02-20 10:05:00,120.95914601924,120.95914601924,120.95914601924,120.95914601924
2020-02-20 10:06:00,120.95914601924,120.95914601924,120.95914601924,120.95914601924
2020-02-20 10:07:00,121.272554216,121.272554216,121.272554216,121.272554216
2020-02-20 10:08:00,121.3000703,121.281726244,121.281726244,121.3000703
2020-02-20 10:09:00,121.3000703,121.281726244,121.281726244,121.3000703
2020-02-20 10:10:00,121.3000703,121.281726244,121.281726244,121.3000703
2020-02-20 10:11:00,121.18276006188,121.18276006188,121.18276006188,121.18276006188
2020-02-20 10:12:00,121.18276006188,121.18276006188,121.18276006188,121.18276006188
2020-02-20 10:13:00,121.18276006188,121.18276006188,121.18276006188,121.18276006188
2020-02-20 10:14:00,121.18276006188,121.18276006188,121.18276006188,121.18276006188
2020-02-20 10:15:00,121.18276006188,121.18276006188,121.18276006188,121.18276006188
2020-02-20 10:16:00,121.18276006188,121.18276006188,121.18276006188,121.18276006188
2020-02-20 10:17:00,121.18276006188,121.18276006188,121.18276006188,121.18276006188
2020-02-20 10:18:00,121.16129751636,121.15625290096,121.1459802296,121.16129751636
2020-02-20 10:19:00,121.16835997792,121.16835997792,121.16835997792,121.16835997792
2020-02-20 10:20:00,121.16835997792,121.16835997792,121.16835997792,121.16835997792
2020-02-20 10:21:00,121.16835997792,121.16835997792,121.16835997792,121.16835997792
2020-02-20 10:22:00,121.16835997792,121.16835997792,121.16835997792,121.16835997792
2020-02-20 10:23:00,121.16835997792,121.16835997792,121.16835997792,121.16835997792
2020-02-20 10:24:00,121.16835997792,121.16835997792,121.16835997792,121.16835997792
2020-02-20 10:25:00,121.16835997792,121.16835997792,121.16835997792,121.16835997792
2020-02-20 10:26:00,121.194591978,121.21632968436,121.194591978,121.21632968436
2020-02-20 10:27:00,121.194591978,121.21632968436,121.194591978,121.21632968436
2020-02-20 10:28:00,121.194591978,121.21632968436,121.194591978,121.21632968436
2020-02-20 10:29:00,121.235866104,121.245038132,121.235866104,121.245038132
2020-02-20 10:30:00,121.235866104,121.245038132,121.235866104,121.245038132
2020-02-20 10:31:00,121.235866104,121.245038132,121.235866104,121.245038132
2020-02-20 10:32:00,121.235866104,121.245038132,121.235866104,121.245038132
2020-02-20 10:33:00,121.235866104,121.245038132,121.235866104,121.245038132
2020-02-20 10:34:00,121.235866104,121.245038132,121.235866104,121.245038132
2020-02-20 10:35:00,121.235866104,121.245038132,121.235866104,121.245038132
2020-02-20 10:36:00,121.235866104,121.245038132,121.235866104,121.245038132
2020-02-20 10:37:00,121.190005964,121.25421016,121.190005964,121.25421016
2020-02-20 10:38:00,121.190005964,121.25421016,121.190005964,121.25421016
2020-02-20 10:39:00,121.190005964,121.25421016,121.190005964,121.25421016
2020-02-20 10:40:00,121.190005964,121.25421016,121.190005964,121.25421016
2020-02-20 10:41:00,121.190005964,121.25421016,121.190005964,121.25421016
2020-02-20 10:42:00,121.190005964,121.25421016,121.190005964,121.25421016
2020-02-20 10:43:00,121.107457712,121.10782459312,121.107457712,121.10782459312
2020-02-20 10:44:00,121.125801768,121.134973796,121.125801768,121.134973796
2020-02-20 10:45:00,121.125801768,121.134973796,121.125801768,121.134973796
2020-02-20 10:46:00,121.125801768,121.134973796,121.125801768,121.134973796
2020-02-20 10:47:00,121.125801768,121.134973796,121.125801768,121.134973796
2020-02-20 10:48:00,121.2138532368,121.2138532368,121.2138532368,121.2138532368
2020-02-20 10:49:00,121.2138532368,121.2138532368,121.2138532368,121.2138532368
2020-02-20 10:50:00,121.2138532368,121.2138532368,121.2138532368,121.2138532368
2020-02-20 10:51:00,121.2138532368,121.2138532368,121.2138532368,121.2138532368
2020-02-20 10:52:00,121.2138532368,121.2138532368,121.2138532368,121.2138532368
2020-02-20 10:53:00,121.2138532368,121.2138532368,121.2138532368,121.2138532368
2020-02-20 10:54:00,121.2138532368,121.2138532368,121.2138532368,121.2138532368
2020-02-20 10:55:00,121.2138532368,121.2138532368,121.2138532368,121.2138532368
2020-02-20 10:56:00,121.2138532368,121.2138532368,121.2138532368,121.2138532368
2020-02-20 10:57:00,121.2138532368,121.2138532368,121.2138532368,121.2138532368
2020-02-20 10:58:00,121.2138532368,121.2138532368,121.2138532368,121.2138532368
2020-02-20 10:59:00,121.2138532368,121.2138532368,121.2138532368,121.2138532368
2020-02-20 11:00:00,121.2138532368,121.2138532368,121.2138532368,121.2138532368
2020-02-20 11:01:00,121.12139919456,121.12139919456,121.12139919456,121.12139919456
2020-02-20 11:02:00,121.12139919456,121.12139919456,121.12139919456,121.12139919456
2020-02-20 11:03:00,121.12139919456,121.12139919456,121.12139919456,121.12139919456
2020-02-20 11:04:00,121.12139919456,121.12139919456,121.12139919456,121.12139919456
2020-02-20 11:05:00,121.12139919456,121.12139919456,121.12139919456,121.12139919456
2020-02-20 11:06:00,121.12139919456,121.12139919456,121.12139919456,121.12139919456
2020-02-20 11:07:00,121.12139919456,121.12139919456,121.12139919456,121.12139919456
2020-02-20 11:08:00,121.15753698488,121.15753698488,121.15753698488,121.15753698488
2020-02-20 11:09:00,121.15753698488,121.15753698488,121.15753698488,121.15753698488
2020-02-20 11:10:00,121.14359550232,121.14359550232,121.14359550232,121.14359550232
2020-02-20 11:11:00,121.14359550232,121.14359550232,121.14359550232,121.14359550232
2020-02-20 11:12:00,121.14359550232,121.14359550232,121.14359550232,121.14359550232
2020-02-20 11:13:00,121.14359550232,121.14359550232,121.14359550232,121.14359550232
2020-02-20 11:14:00,121.14359550232,121.14359550232,121.14359550232,121.14359550232
2020-02-20 11:15:00,121.034081488,121.034081488,121.034081488,121.034081488
2020-02-20 11:16:00,121.034081488,121.034081488,121.034081488,121.034081488
2020-02-20 11:17:00,121.034081488,121.034081488,121.034081488,121.034081488
2020-02-20 11:18:00,121.034081488,121.034081488,121.034081488,121.034081488
2020-02-20 11:19:00,121.034081488,121.034081488,121.034081488,121.034081488
2020-02-20 11:20:00,121.034081488,121.034081488,121.034081488,121.034081488
2020-02-20 11:21:00,121.034081488,121.034081488,121.034081488,121.034081488
2020-02-20 11:22:00,121.034081488,121.034081488,121.034081488,121.034081488
2020-02-20 11:23:00,121.034081488,121.034081488,121.034081488,121.034081488
2020-02-20 11:24:00,121.034081488,121.034081488,121.034081488,121.034081488
2020-02-20 11:25:00,120.74066831228,120.74066831228,120.74066831228,120.74066831228
2020-02-20 11:26:00,120.74974862,120.74974862,120.74974862,120.74974862
2020-02-20 11:27:00,120.74974862,120.74974862,120.74974862,120.74974862
2020-02-20 11:28:00,120.74974862,120.74974862,120.74974862,120.74974862
2020-02-20 11:29:00,120.465415752,120.465415752,120.465415752,120.465415752
2020-02-20 11:30:00,120.419555612,120.419555612,120.419555612,120.419555612
2020-02-20 11:31:00,120.419555612,120.419555612,120.419555612,120.419555612
2020-02-20 11:32:00,120.419555612,120.419555612,120.419555612,120.419555612
2020-02-20 11:33:00,119.87840596,119.896750016,119.83254582,119.915094072
2020-02-20 11:34:00,119.87840596,119.896750016,119.83254582,119.915094072
2020-02-20 11:35:00,119.928852114,119.928852114,119.928852114,119.928852114
2020-02-20 11:36:00,119.928852114,119.928852114,119.928852114,119.928852114
2020-02-20 11:37:00,119.928852114,119.928852114,119.928852114,119.928852114
2020-02-20 11:38:00,120.098534632,120.098534632,120.098534632,120.098534632
2020-02-20 11:39:00,120.098534632,120.098534632,120.098534632,120.098534632
2020-02-20 11:40:00,120.098534632,120.098534632,120.098534632,120.098534632
2020-02-20 11:41:00,120.098534632,120.098534632,120.098534632,120.098534632
2020-02-20 11:42:00,120.098534632,120.098534632,120.098534632,120.098534632
2020-02-20 11:43:00,120.098534632,120.098534632,120.098534632,120.098534632
2020-02-20 11:44:00,120.24528708,120.24528708,120.24528708,120.24528708
2020-02-20 11:45:00,120.24528708,120.24528708,120.24528708,120.24528708
2020-02-20 11:46:00,120.24528708,120.24528708,120.24528708,120.24528708
2020-02-20 11:47:00,120.24528708,120.24528708,120.24528708,120.24528708
2020-02-20 11:48:00,120.24528708,120.24528708,120.24528708,120.24528708
2020-02-20 11:49:00,120.24528708,120.24528708,120.24528708,120.24528708
2020-02-20 11:50:00,120.24528708,120.24528708,120.24528708,120.24528708
2020-02-20 11:51:00,120.24528708,120.24528708,120.24528708,120.24528708
2020-02-20 11:52:00,120.01176724712,119.988470296,119.988470296,120.01176724712
2020-02-20 11:53:00,120.01176724712,119.988470296,119.988470296,120.01176724712
2020-02-20 11:54:00,120.01176724712,119.988470296,119.988470296,120.01176724712
2020-02-20 11:55:00,120.01176724712,119.988470296,119.988470296,120.01176724712
2020-02-20 11:56:00,120.01176724712,119.988470296,119.988470296,120.01176724712
2020-02-20 11:57:00,120.01176724712,119.988470296,119.988470296,120.01176724712
2020-02-20 11:58:00,120.01176724712,119.988470296,119.988470296,120.01176724712
2020-02-20 11:59:00,120.01176724712,119.988470296,119.988470296,120.01176724712
2020-02-20 12:00:00,120.01176724712,119.988470296,119.988470296,120.01176724712
2020-02-20 12:01:00,120.01176724712,119.988470296,119.988470296,120.01176724712
2020-02-20 12:02:00,120.01176724712,119.988470296,119.988470296,120.01176724712
2020-02-20 12:03:00,120.01176724712,119.988470296,119.988470296,120.01176724712
2020-02-20 12:04:00,120.01176724712,119.988470296,119.988470296,120.01176724712
2020-02-20 12:05:00,120.01176724712,119.988470296,119.988470296,120.01176724712
2020-02-20 12:06:00,120.01176724712,119.988470296,119.988470296,120.01176724712
2020-02-20 12:07:00,120.01176724712,119.988470296,119.988470296,120.01176724712
2020-02-20 12:08:00,120.01176724712,119.988470296,119.988470296,120.01176724712
2020-02-20 12:09:00,120.01176724712,119.988470296,119.988470296,120.01176724712
2020-02-20 12:10:00,120.01176724712,119.988470296,119.988470296,120.01176724712
2020-02-20 12:11:00,120.01176724712,119.988470296,119.988470296,120.01176724712
2020-02-20 12:12:00,120.01176724712,119.988470296,119.988470296,120.01176724712
2020-02-20 12:13:00,120.01176724712,119.988470296,119.988470296,120.01176724712
2020-02-20 12:14:00,120.080190576,120.080190576,120.080190576,120.080190576
2020-02-20 12:15:00,120.080190576,120.080190576,120.080190576,120.080190576
2020-02-20 12:16:00,120.080190576,120.080190576,120.080190576,120.080190576
2020-02-20 12:17:00,120.080190576,120.080190576,120.080190576,120.080190576
2020-02-20 12:18:00,120.080190576,120.080190576,120.080190576,120.080190576
2020-02-20 12:19:00,120.080190576,120.080190576,120.080190576,120.080190576
2020-02-20 12:20:00,120.080190576,120.080190576,120.080190576,120.080190576
2020-02-20 12:21:00,120.080190576,120.080190576,120.080190576,120.080190576
2020-02-20 12:22:00,120.080190576,120.080190576,120.080190576,120.080190576
2020-02-20 12:23:00,120.080190576,120.080190576,120.080190576,120.080190576
2020-02-20 12:24:00,120.080190576,120.080190576,120.080190576,120.080190576
2020-02-20 12:25:00,120.080190576,120.080190576,120.080190576,120.080190576
2020-02-20 12:26:00,120.080190576,120.080190576,120.080190576,120.080190576
2020-02-20 12:27:00,120.080190576,120.080190576,120.080190576,120.080190576
2020-02-20 12:28:00,120.080190576,120.080190576,120.080190576,120.080190576
2020-02-20 12:29:00,120.080190576,120.080190576,120.080190576,120.080190576
2020-02-20 12:30:00,120.080190576,120.080190576,120.080190576,120.080190576
2020-02-20 12:31:00,120.080190576,120.080190576,120.080190576,120.080190576
2020-02-20 12:32:00,120.080190576,120.080190576,120.080190576,120.080190576
2020-02-20 12:33:00,120.080190576,120.080190576,120.080190576,120.080190576
2020-02-20 12:34:00,120.080190576,120.080190576,120.080190576,120.080190576
2020-02-20 12:35:00,120.080190576,120.080190576,120.080190576,120.080190576
2020-02-20 12:36:00,120.080190576,120.080190576,120.080190576,120.080190576
2020-02-20 12:37:00,120.080190576,120.080190576,120.080190576,120.080190576
2020-02-20 12:38:00,120.080190576,120.080190576,120.080190576,120.080190576
2020-02-20 12:39:00,120.080190576,120.080190576,120.080190576,120.080190576
2020-02-20 12:40:00,120.080190576,120.080190576,120.080190576,120.080190576
2020-02-20 12:41:00,120.236115052,120.236115052,120.236115052,120.236115052
2020-02-20 12:42:00,120.15576808672,120.167324842,120.15576808672,120.167324842
2020-02-20 12:43:00,120.15576808672,120.167324842,120.15576808672,120.167324842
2020-02-20 12:44:00,120.15576808672,120.167324842,120.15576808672,120.167324842
2020-02-20 12:45:00,120.15576808672,120.167324842,120.15576808672,120.167324842
2020-02-20 12:46:00,120.15576808672,120.167324842,120.15576808672,120.167324842
2020-02-20 12:47:00,120.15576808672,120.167324842,120.15576808672,120.167324842
2020-02-20 12:48:00,120.15576808672,120.167324842,120.15576808672,120.167324842
2020-02-20 12:49:00,120.15576808672,120.167324842,120.15576808672,120.167324842
2020-02-20 12:50:00,120.15576808672,120.167324842,120.15576808672,120.167324842
2020-02-20 12:51:00,120.098534632,120.098534632,120.098534632,120.098534632
2020-02-20 12:52:00,120.098534632,120.098534632,120.098534632,120.098534632
2020-02-20 12:53:00,120.098534632,120.098534632,120.098534632,120.098534632
2020-02-20 12:54:00,120.098534632,120.098534632,120.098534632,120.098534632
2020-02-20 12:55:00,120.1012862404,120.1012862404,120.1012862404,120.1012862404
2020-02-20 12:56:00,120.126050716,120.126050716,120.126050716,120.126050716
2020-02-20 12:57:00,120.126050716,120.126050716,120.126050716,120.126050716
2020-02-20 12:58:00,120.126050716,120.126050716,120.126050716,120.126050716
2020-02-20 12:59:00,120.126050716,120.126050716,120.126050716,120.126050716
2020-02-20 13:00:00,120.126050716,120.126050716,120.126050716,120.126050716
2020-02-20 13:01:00,120.126050716,120.126050716,120.126050716,120.126050716
2020-02-20 13:02:00,120.126050716,120.126050716,120.126050716,120.126050716
2020-02-20 13:03:00,120.126050716,120.126050716,120.126050716,120.126050716
2020-02-20 13:04:00,120.126050716,120.126050716,120.126050716,120.126050716
2020-02-20 13:05:00,120.126050716,120.126050716,120.126050716,120.126050716
2020-02-20 13:06:00,120.126050716,120.126050716,120.126050716,120.126050716
2020-02-20 13:07:00,120.126050716,120.126050716,120.126050716,120.126050716
2020-02-20 13:08:00,120.126050716,120.126050716,120.126050716,120.126050716
2020-02-20 13:09:00,120.126050716,120.126050716,120.126050716,120.126050716
2020-02-20 13:10:00,120.126050716,120.126050716,120.126050716,120.126050716
2020-02-20 13:11:00,120.126050716,120.126050716,120.126050716,120.126050716
2020-02-20 13:12:00,120.126050716,120.126050716,120.126050716,120.126050716
2020-02-20 13:13:00,120.126050716,120.126050716,120.126050716,120.126050716
2020-02-20 13:14:00,120.126050716,120.126050716,120.126050716,120.126050716
2020-02-20 13:15:00,120.4122179896,120.4122179896,120.4122179896,120.4122179896
2020-02-20 13:16:00,120.4122179896,120.4122179896,120.4122179896,120.4122179896
2020-02-20 13:17:00,120.4122179896,120.4122179896,120.4122179896,120.4122179896
2020-02-20 13:18:00,120.4122179896,120.4122179896,120.4122179896,120.4122179896
2020-02-20 13:19:00,120.4122179896,120.4122179896,120.4122179896,120.4122179896
2020-02-20 13:20:00,120.4122179896,120.4122179896,120.4122179896,120.4122179896
2020-02-20 13:21:00,120.4122179896,120.4122179896,120.4122179896,120.4122179896
2020-02-20 13:22:00,120.4122179896,120.4122179896,120.4122179896,120.4122179896
2020-02-20 13:23:00,120.332421346,120.332421346,120.332421346,120.332421346
2020-02-20 13:24:00,120.332421346,120.332421346,120.332421346,120.332421346
2020-02-20 13:25:00,120.332421346,120.332421346,120.332421346,120.332421346
2020-02-20 13:26:00,120.332421346,120.332421346,120.332421346,120.332421346
2020-02-20 13:27:00,120.332421346,120.332421346,120.332421346,120.332421346
2020-02-20 13:28:00,120.332421346,120.332421346,120.332421346,120.332421346
2020-02-20 13:29:00,120.332421346,120.332421346,120.332421346,120.332421346
2020-02-20 13:30:00,120.332421346,120.332421346,120.332421346,120.332421346
2020-02-20 13:31:00,120.332421346,120.332421346,120.332421346,120.332421346
2020-02-20 13:32:00,120.332421346,120.332421346,120.332421346,120.332421346
2020-02-20 13:33:00,120.332421346,120.332421346,120.332421346,120.332421346
2020-02-20 13:34:00,120.332421346,120.332421346,120.332421346,120.332421346
2020-02-20 13:35:00,120.447071696,120.447071696,120.447071696,120.447071696
2020-02-20 13:36:00,120.447071696,120.447071696,120.447071696,120.447071696
2020-02-20 13:37:00,120.447071696,120.447071696,120.447071696,120.447071696
2020-02-20 13:38:00,120.447071696,120.447071696,120.447071696,120.447071696
2020-02-20 13:39:00,120.447071696,120.447071696,120.447071696,120.447071696
2020-02-20 13:40:00,120.447071696,120.447071696,120.447071696,120.447071696
2020-02-20 13:41:00,120.447071696,120.447071696,120.447071696,120.447071696
2020-02-20 13:42:00,120.447071696,120.447071696,120.447071696,120.447071696
2020-02-20 13:43:00,120.447071696,120.447071696,120.447071696,120.447071696
2020-02-20 13:44:00,120.447071696,120.447071696,120.447071696,120.447071696
2020-02-20 13:45:00,120.447071696,120.447071696,120.447071696,120.447071696
2020-02-20 13:46:00,120.447071696,120.447071696,120.447071696,120.447071696
2020-02-20 13:47:00,120.447071696,120.447071696,120.447071696,120.447071696
2020-02-20 13:48:00,120.447071696,120.447071696,120.447071696,120.447071696
2020-02-20 13:49:00,120.36534892652,120.36534892652,120.36534892652,120.36534892652
2020-02-20 13:50:00,120.36534892652,120.36534892652,120.36534892652,120.36534892652
2020-02-20 13:51:00,120.36534892652,120.36534892652,120.36534892652,120.36534892652
2020-02-20 13:52:00,120.36534892652,120.36534892652,120.36534892652,120.36534892652
2020-02-20 13:53:00,120.36534892652,120.36534892652,120.36534892652,120.36534892652
2020-02-20 13:54:00,120.36534892652,120.36534892652,120.36534892652,120.36534892652
2020-02-20 13:55:00,120.36534892652,120.36534892652,120.36534892652,120.36534892652
2020-02-20 13:56:00,120.36534892652,120.36534892652,120.36534892652,120.36534892652
2020-02-20 13:57:00,120.295733234,120.295733234,120.295733234,120.295733234
2020-02-20 13:58:00,120.295733234,120.295733234,120.295733234,120.295733234
2020-02-20 13:59:00,120.295733234,120.295733234,120.295733234,120.295733234
2020-02-20 14:00:00,120.26674962552,120.217770996,120.217770996,120.26674962552
2020-02-20 14:01:00,120.26674962552,120.217770996,120.217770996,120.26674962552
2020-02-20 14:02:00,120.26674962552,120.217770996,120.217770996,120.26674962552
2020-02-20 14:03:00,120.26674962552,120.217770996,120.217770996,120.26674962552
2020-02-20 14:04:00,120.26674962552,120.217770996,120.217770996,120.26674962552
2020-02-20 14:05:00,120.26674962552,120.217770996,120.217770996,120.26674962552
2020-02-20 14:06:00,120.33700736,120.33700736,120.33700736,120.33700736
2020-02-20 14:07:00,120.33700736,120.33700736,120.33700736,120.33700736
2020-02-20 14:08:00,120.33700736,120.33700736,120.33700736,120.33700736
2020-02-20 14:09:00,120.33700736,120.33700736,120.33700736,120.33700736
2020-02-20 14:10:00,120.33700736,120.33700736,120.33700736,120.33700736
2020-02-20 14:11:00,120.33700736,120.33700736,120.33700736,120.33700736
2020-02-20 14:12:00,120.33700736,120.33700736,120.33700736,120.33700736
2020-02-20 14:13:00,120.33700736,120.33700736,120.33700736,120.33700736
2020-02-20 14:14:00,120.35975398944,120.35975398944,120.35975398944,120.35975398944
2020-02-20 14:15:00,120.35975398944,120.35975398944,120.35975398944,120.35975398944
2020-02-20 14:16:00,120.35975398944,120.35975398944,120.35975398944,120.35975398944
2020-02-20 14:17:00,120.35975398944,120.35975398944,120.35975398944,120.35975398944
2020-02-20 14:18:00,120.35975398944,120.35975398944,120.35975398944,120.35975398944
2020-02-20 14:19:00,120.35975398944,120.35975398944,120.35975398944,120.35975398944
2020-02-20 14:20:00,120.309491276,120.309491276,120.309491276,120.309491276
2020-02-20 14:21:00,120.309491276,120.309491276,120.309491276,120.309491276
2020-02-20 14:22:00,120.309491276,120.309491276,120.309491276,120.309491276
2020-02-20 14:23:00,120.309491276,120.309491276,120.309491276,120.309491276
2020-02-20 14:24:00,120.309491276,120.309491276,120.309491276,120.309491276
2020-02-20 14:25:00,120.309491276,120.309491276,120.309491276,120.309491276
2020-02-20 14:26:00,120.42872764,120.42872764,120.42872764,120.42872764
2020-02-20 14:27:00,120.42872764,120.42872764,120.42872764,120.42872764
2020-02-20 14:28:00,120.42872764,120.42872764,120.42872764,120.42872764
2020-02-20 14:29:00,120.419555612,120.419555612,120.419555612,120.419555612
2020-02-20 14:30:00,120.355351416,120.355351416,120.355351416,120.355351416
2020-02-20 14:31:00,120.355351416,120.355351416,120.355351416,120.355351416
2020-02-20 14:32:00,120.355351416,120.355351416,120.355351416,120.355351416
2020-02-20 14:33:00,120.492931836,120.465415752,120.465415752,120.492931836
2020-02-20 14:34:00,120.492931836,120.465415752,120.465415752,120.492931836
2020-02-20 14:35:00,120.492931836,120.465415752,120.465415752,120.492931836
2020-02-20 14:36:00,120.492931836,120.465415752,120.465415752,120.492931836
2020-02-20 14:37:00,120.492931836,120.465415752,120.465415752,120.492931836
2020-02-20 14:38:00,120.492931836,120.465415752,120.465415752,120.492931836
2020-02-20 14:39:00,120.492931836,120.465415752,120.465415752,120.492931836
2020-02-20 14:40:00,120.492931836,120.465415752,120.465415752,120.492931836
2020-02-20 14:41:00,120.492931836,120.465415752,120.465415752,120.492931836
2020-02-20 14:42:00,120.492931836,120.465415752,120.465415752,120.492931836
2020-02-20 14:43:00,120.53870025572,120.538791976,120.53870025572,120.538791976
2020-02-20 14:44:00,120.538791976,120.538791976,120.538791976,120.538791976
2020-02-20 14:45:00,120.538791976,120.538791976,120.538791976,120.538791976
2020-02-20 14:46:00,120.557136032,120.557136032,120.557136032,120.557136032
2020-02-20 14:47:00,120.557136032,120.557136032,120.557136032,120.557136032
2020-02-20 14:48:00,120.557136032,120.557136032,120.557136032,120.557136032
2020-02-20 14:49:00,120.557136032,120.557136032,120.557136032,120.557136032
2020-02-20 14:50:00,120.557136032,120.557136032,120.557136032,120.557136032
2020-02-20 14:51:00,120.557136032,120.557136032,120.557136032,120.557136032
2020-02-20 14:52:00,120.557136032,120.557136032,120.557136032,120.557136032
2020-02-20 14:53:00,120.557136032,120.557136032,120.557136032,120.557136032
2020-02-20 14:54:00,120.557136032,120.557136032,120.557136032,120.557136032
2020-02-20 14:55:00,120.557136032,120.557136032,120.557136032,120.557136032
2020-02-20 14:56:00,120.557136032,120.557136032,120.557136032,120.557136032
2020-02-20 14:57:00,120.557136032,120.557136032,120.557136032,120.557136032
2020-02-20 14:58:00,120.557136032,120.557136032,120.557136032,120.557136032
2020-02-20 14:59:00,120.557136032,120.557136032,120.557136032,120.557136032
2020-02-20 15:00:00,120.557136032,120.557136032,120.557136032,120.557136032
2020-02-20 15:01:00,120.557136032,120.557136032,120.557136032,120.557136032
2020-02-20 15:02:00,120.557136032,120.557136032,120.557136032,120.557136032
2020-02-20 15:03:00,120.557136032,120.557136032,120.557136032,120.557136032
2020-02-20 15:04:00,120.465415752,120.465415752,120.465415752,120.465415752
2020-02-20 15:05:00,120.465415752,120.465415752,120.465415752,120.465415752
2020-02-20 15:06:00,120.456243724,120.456243724,120.456243724,120.456243724
2020-02-20 15:07:00,120.456243724,120.456243724,120.456243724,120.456243724
2020-02-20 15:08:00,120.456243724,120.456243724,120.456243724,120.456243724
2020-02-20 15:09:00,120.456243724,120.456243724,120.456243724,120.456243724
2020-02-20 15:10:00,120.456243724,120.456243724,120.456243724,120.456243724
2020-02-20 15:11:00,120.456243724,120.456243724,120.456243724,120.456243724
2020-02-20 15:12:00,120.33700736,120.33700736,120.33700736,120.33700736
2020-02-20 15:13:00,120.33700736,120.33700736,120.33700736,120.33700736
2020-02-20 15:14:00,120.33700736,120.33700736,120.33700736,120.33700736
2020-02-20 15:15:00,120.33700736,120.33700736,120.33700736,120.33700736
2020-02-20 15:16:00,120.30921611516,120.30921611516,120.30921611516,120.30921611516
2020-02-20 15:17:00,120.30921611516,120.30921611516,120.30921611516,120.30921611516
2020-02-20 15:18:00,120.30921611516,120.30921611516,120.30921611516,120.30921611516
2020-02-20 15:19:00,120.30921611516,120.30921611516,120.30921611516,120.30921611516
2020-02-20 15:20:00,120.392039528,120.392039528,120.392039528,120.392039528
2020-02-20 15:21:00,120.414969598,120.414969598,120.414969598,120.414969598
2020-02-20 15:22:00,120.414969598,120.414969598,120.414969598,120.414969598
2020-02-20 15:23:00,120.414969598,120.414969598,120.414969598,120.414969598
2020-02-20 15:24:00,120.414969598,120.414969598,120.414969598,120.414969598
2020-02-20 15:25:00,120.414969598,120.414969598,120.414969598,120.414969598
2020-02-20 15:26:00,120.414969598,120.414969598,120.414969598,120.414969598
2020-02-20 15:27:00,120.414969598,120.414969598,120.414969598,120.414969598
2020-02-20 15:28:00,120.414969598,120.414969598,120.414969598,120.414969598
2020-02-20 15:29:00,120.414969598,120.414969598,120.414969598,120.414969598
2020-02-20 15:30:00,120.4612883394,120.4612883394,120.4612883394,120.4612883394
2020-02-20 15:31:00,120.4622055422,120.4622055422,120.4622055422,120.4622055422
2020-02-20 15:32:00,120.46972660516,120.46972660516,120.46972660516,120.46972660516
2020-02-20 15:33:00,120.46972660516,120.46972660516,120.46972660516,120.46972660516
2020-02-20 15:34:00,120.46972660516,120.46972660516,120.46972660516,120.46972660516
2020-02-20 15:35:00,120.46972660516,120.46972660516,120.46972660516,120.46972660516
2020-02-20 15:36:00,120.46972660516,120.46972660516,120.46972660516,120.46972660516
2020-02-20 15:37:00,120.46972660516,120.46972660516,120.46972660516,120.46972660516
2020-02-20 15:38:00,120.46972660516,120.46972660516,120.46972660516,120.46972660516
2020-02-20 15:39:00,120.46972660516,120.46972660516,120.46972660516,120.46972660516
2020-02-20 15:40:00,120.46972660516,120.46972660516,120.46972660516,120.46972660516
2020-02-20 15:41:00,120.46972660516,120.46972660516,120.46972660516,120.46972660516
2020-02-20 15:42:00,120.369109458,120.355351416,120.346179388,120.369109458
2020-02-20 15:43:00,120.369109458,120.355351416,120.346179388,120.369109458
2020-02-20 15:44:00,120.369109458,120.355351416,120.346179388,120.369109458
2020-02-20 15:45:00,120.369109458,120.355351416,120.346179388,120.369109458
2020-02-20 15:46:00,120.369109458,120.355351416,120.346179388,120.369109458
2020-02-20 15:47:00,120.369109458,120.355351416,120.346179388,120.369109458
2020-02-20 15:48:00,120.369109458,120.355351416,120.346179388,120.369109458
2020-02-20 15:49:00,120.369109458,120.355351416,120.346179388,120.369109458
2020-02-20 15:50:00,120.369109458,120.355351416,120.346179388,120.369109458
2020-02-20 15:51:00,120.369109458,120.355351416,120.346179388,120.369109458
2020-02-20 15:52:00,120.369109458,120.355351416,120.346179388,120.369109458
2020-02-20 15:53:00,120.392039528,120.392039528,120.392039528,120.401211556
2020-02-20 15:54:00,120.392039528,120.392039528,120.392039528,120.401211556
2020-02-20 15:55:00,120.392039528,120.392039528,120.392039528,120.401211556
2020-02-20 15:56:00,120.392039528,120.392039528,120.392039528,120.401211556
2020-02-20 15:57:00,120.392039528,120.392039528,120.392039528,120.401211556
2020-02-20 15:58:00,120.392039528,120.392039528,120.392039528,120.401211556
2020-02-20 15:59:00,120.392039528,120.392039528,120.392039528,120.401211556
2020-02-20 16:00:00,120.538791976,120.557136032,120.538791976,120.56630806
2020-02-21 09:31:00,119.87840596,119.87840596,119.87840596,119.87840596
2020-02-21 09:32:00,119.87840596,119.87840596,119.87840596,119.87840596
2020-02-21 09:33:00,119.87840596,119.87840596,119.87840596,119.87840596
2020-02-21 09:34:00,120.06184652,120.06184652,120.06184652,120.06184652
2020-02-21 09:35:00,120.06184652,120.06184652,120.06184652,120.06184652
2020-02-21 09:36:00,120.06184652,120.06184652,120.06184652,120.06184652
2020-02-21 09:37:00,120.06184652,120.06184652,120.06184652,120.06184652
2020-02-21 09:38:00,120.06184652,120.06184652,120.06184652,120.06184652
2020-02-21 09:39:00,120.06184652,120.06184652,120.06184652,120.06184652
2020-02-21 09:40:00,120.06184652,120.06184652,120.06184652,120.06184652
2020-02-21 09:41:00,120.06184652,120.06184652,120.06184652,120.06184652
2020-02-21 09:42:00,120.06184652,120.06184652,120.06184652,120.06184652
2020-02-21 09:43:00,120.06184652,120.06184652,120.06184652,120.06184652
2020-02-21 09:44:00,120.06184652,120.06184652,120.06184652,120.06184652
2020-02-21 09:45:00,120.06184652,120.06184652,120.06184652,120.06184652
2020-02-21 09:46:00,120.06184652,120.06184652,120.06184652,120.06184652
2020-02-21 09:47:00,120.06184652,120.06184652,120.06184652,120.06184652
2020-02-21 09:48:00,120.06184652,120.06184652,120.06184652,120.06184652
2020-02-21 09:49:00,119.7481631624,119.7481631624,119.7481631624,119.7481631624
2020-02-21 09:50:00,119.7481631624,119.7481631624,119.7481631624,119.7481631624
2020-02-21 09:51:00,119.7481631624,119.7481631624,119.7481631624,119.7481631624
2020-02-21 09:52:00,119.896750016,119.896750016,119.896750016,119.896750016
2020-02-21 09:53:00,119.896750016,119.896750016,119.896750016,119.896750016
2020-02-21 09:54:00,119.896750016,119.896750016,119.896750016,119.896750016
2020-02-21 09:55:00,119.896750016,119.896750016,119.896750016,119.896750016
2020-02-21 09:56:00,119.896750016,119.896750016,119.896750016,119.896750016
2020-02-21 09:57:00,119.896750016,119.896750016,119.896750016,119.896750016
2020-02-21 09:58:00,119.896750016,119.896750016,119.896750016,119.896750016
2020-02-21 09:59:00,119.896750016,119.896750016,119.896750016,119.896750016
2020-02-21 10:00:00,119.896750016,119.896750016,119.896750016,119.896750016
2020-02-21 10:01:00,119.896750016,119.896750016,119.896750016,119.896750016
2020-02-21 10:02:00,119.896750016,119.896750016,119.896750016,119.896750016
2020-02-21 10:03:00,119.896750016,119.896750016,119.896750016,119.896750016
2020-02-21 10:04:00,119.64341860264,119.64341860264,119.64341860264,119.64341860264
2020-02-21 10:05:00,119.64341860264,119.64341860264,119.64341860264,119.64341860264
2020-02-21 10:06:00,119.64341860264,119.64341860264,119.64341860264,119.64341860264
2020-02-21 10:07:00,119.64341860264,119.64341860264,119.64341860264,119.64341860264
2020-02-21 10:08:00,119.64341860264,119.64341860264,119.64341860264,119.64341860264
2020-02-21 10:09:00,119.64341860264,119.64341860264,119.64341860264,119.64341860264
2020-02-21 10:10:00,119.64341860264,119.64341860264,119.64341860264,119.64341860264
2020-02-21 10:11:00,119.64341860264,119.64341860264,119.64341860264,119.64341860264
2020-02-21 10:12:00,119.64341860264,119.64341860264,119.64341860264,119.64341860264
2020-02-21 10:13:00,119.64341860264,119.64341860264,119.64341860264,119.64341860264
2020-02-21 10:14:00,119.64341860264,119.64341860264,119.64341860264,119.64341860264
2020-02-21 10:15:00,119.960954212,119.84740450536,119.84740450536,119.960954212
2020-02-21 10:16:00,119.960954212,119.84740450536,119.84740450536,119.960954212
2020-02-21 10:17:00,119.960954212,119.84740450536,119.84740450536,119.960954212
2020-02-21 10:18:00,119.960954212,119.84740450536,119.84740450536,119.960954212
2020-02-21 10:19:00,119.960954212,119.84740450536,119.84740450536,119.960954212
2020-02-21 10:20:00,119.960954212,119.84740450536,119.84740450536,119.960954212
2020-02-21 10:21:00,119.960954212,119.84740450536,119.84740450536,119.960954212
2020-02-21 10:22:00,119.960954212,119.84740450536,119.84740450536,119.960954212
2020-02-21 10:23:00,120.15008142936,120.15008142936,120.15008142936,120.15008142936
2020-02-21 10:24:00,120.116878688,120.08972948512,120.08972948512,120.116878688
2020-02-21 10:25:00,120.116878688,120.08972948512,120.08972948512,120.116878688
2020-02-21 10:26:00,120.116878688,120.08972948512,120.08972948512,120.116878688
2020-02-21 10:27:00,120.116878688,120.08972948512,120.08972948512,120.116878688
2020-02-21 10:28:00,120.116878688,120.08972948512,120.08972948512,120.116878688
2020-02-21 10:29:00,120.03891645,120.03891645,120.03891645,120.03891645
2020-02-21 10:30:00,120.01130864572,120.01130864572,120.01130864572,120.01130864572
2020-02-21 10:31:00,120.01130864572,120.01130864572,120.01130864572,120.01130864572
2020-02-21 10:32:00,120.01130864572,120.01130864572,120.01130864572,120.01130864572
2020-02-21 10:33:00,120.01130864572,120.01130864572,120.01130864572,120.01130864572
2020-02-21 10:34:00,119.83254582,119.83254582,119.83254582,119.83254582
2020-02-21 10:35:00,119.83254582,119.83254582,119.83254582,119.83254582
2020-02-21 10:36:00,119.83254582,119.83254582,119.83254582,119.83254582
2020-02-21 10:37:00,119.782099666,119.749997568,119.749997568,119.782099666
2020-02-21 10:38:00,119.782099666,119.749997568,119.749997568,119.782099666
2020-02-21 10:39:00,119.782099666,119.749997568,119.749997568,119.782099666
2020-02-21 10:40:00,119.782099666,119.749997568,119.749997568,119.782099666
2020-02-21 10:41:00,119.782099666,119.749997568,119.749997568,119.782099666
2020-02-21 10:42:00,119.782099666,119.749997568,119.749997568,119.782099666
2020-02-21 10:43:00,119.72037191756,119.72037191756,119.72037191756,119.72037191756
2020-02-21 10:44:00,119.72037191756,119.72037191756,119.72037191756,119.72037191756
2020-02-21 10:45:00,119.72037191756,119.72037191756,119.72037191756,119.72037191756
2020-02-21 10:46:00,119.72037191756,119.72037191756,119.72037191756,119.72037191756
2020-02-21 10:47:00,119.72037191756,119.72037191756,119.72037191756,119.72037191756
2020-02-21 10:48:00,119.72037191756,119.72037191756,119.72037191756,119.72037191756
2020-02-21 10:49:00,119.72037191756,119.72037191756,119.72037191756,119.72037191756
2020-02-21 10:50:00,119.72037191756,119.72037191756,119.72037191756,119.72037191756
2020-02-21 10:51:00,119.9242661,119.9242661,119.9242661,119.9242661
2020-02-21 10:52:00,119.9242661,119.9242661,119.9242661,119.9242661
2020-02-21 10:53:00,119.9242661,119.9242661,119.9242661,119.9242661
2020-02-21 10:54:00,120.006814352,119.974712254,119.974712254,120.006814352
2020-02-21 10:55:00,119.983884282,119.983884282,119.983884282,119.983884282
2020-02-21 10:56:00,119.983884282,119.983884282,119.983884282,119.983884282
2020-02-21 10:57:00,119.983884282,119.983884282,119.983884282,119.983884282
2020-02-21 10:58:00,119.983884282,119.983884282,119.983884282,119.983884282
2020-02-21 10:59:00,119.983884282,119.983884282,119.983884282,119.983884282
2020-02-21 11:00:00,119.983884282,119.983884282,119.983884282,119.983884282
2020-02-21 11:01:00,119.983884282,119.983884282,119.983884282,119.983884282
2020-02-21 11:02:00,119.983884282,119.983884282,119.983884282,119.983884282
2020-02-21 11:03:00,119.983884282,119.983884282,119.983884282,119.983884282
2020-02-21 11:04:00,119.983884282,119.983884282,119.983884282,119.983884282
2020-02-21 11:05:00,119.983884282,119.983884282,119.983884282,119.983884282
2020-02-21 11:06:00,120.13971703772,120.13971703772,120.13971703772,120.13971703772
2020-02-21 11:07:00,120.1535668,120.1535668,120.1535668,120.1535668
2020-02-21 11:08:00,120.1535668,120.1535668,120.1535668,120.1535668
2020-02-21 11:09:00,120.1535668,120.1535668,120.1535668,120.1535668
2020-02-21 11:10:00,120.098534632,120.10825698168,120.098534632,120.10825698168
2020-02-21 11:11:00,120.098534632,120.10825698168,120.098534632,120.10825698168
2020-02-21 11:12:00,120.098534632,120.10825698168,120.098534632,120.10825698168
2020-02-21 11:13:00,120.098534632,120.10825698168,120.098534632,120.10825698168
2020-02-21 11:14:00,120.098534632,120.10825698168,120.098534632,120.10825698168
2020-02-21 11:15:00,120.098534632,120.10825698168,120.098534632,120.10825698168
2020-02-21 11:16:00,120.098534632,120.10825698168,120.098534632,120.10825698168
2020-02-21 11:17:00,120.098534632,120.10825698168,120.098534632,120.10825698168
2020-02-21 11:18:00,120.1462291776,120.1462291776,120.1462291776,120.1462291776
2020-02-21 11:19:00,120.167324842,120.167324842,120.167324842,120.167324842
2020-02-21 11:20:00,120.16714140144,120.16714140144,120.16714140144,120.16714140144
2020-02-21 11:21:00,120.16714140144,120.16714140144,120.16714140144,120.16714140144
2020-02-21 11:22:00,120.16714140144,120.16714140144,120.16714140144,120.16714140144
2020-02-21 11:23:00,120.16714140144,120.16714140144,120.16714140144,120.16714140144
2020-02-21 11:24:00,120.16714140144,120.16714140144,120.16714140144,120.16714140144
2020-02-21 11:25:00,120.16714140144,120.16714140144,120.16714140144,120.16714140144
2020-02-21 11:26:00,120.16714140144,120.16714140144,120.16714140144,120.16714140144
2020-02-21 11:27:00,120.16714140144,120.16714140144,120.16714140144,120.16714140144
2020-02-21 11:28:00,120.16714140144,120.16714140144,120.16714140144,120.16714140144
2020-02-21 11:29:00,120.16714140144,120.16714140144,120.16714140144,120.16714140144
2020-02-21 11:30:00,120.16714140144,120.16714140144,120.16714140144,120.16714140144
2020-02-21 11:31:00,120.16714140144,120.16714140144,120.16714140144,120.16714140144
2020-02-21 11:32:00,120.19942694,120.19942694,120.19942694,120.19942694
2020-02-21 11:33:00,120.174203863,120.174203863,120.174203863,120.174203863
2020-02-21 11:34:00,120.174203863,120.174203863,120.174203863,120.174203863
2020-02-21 11:35:00,120.12128126144,120.12128126144,120.12128126144,120.12128126144
2020-02-21 11:36:00,120.12128126144,120.12128126144,120.12128126144,120.12128126144
2020-02-21 11:37:00,120.13063673,120.13063673,120.13063673,120.13063673
2020-02-21 11:38:00,120.13063673,120.13063673,120.13063673,120.13063673
2020-02-21 11:39:00,120.13063673,120.13063673,120.13063673,120.13063673
2020-02-21 11:40:00,120.17347010076,120.17347010076,120.17347010076,120.17347010076
2020-02-21 11:41:00,120.17347010076,120.17347010076,120.17347010076,120.17347010076
2020-02-21 11:42:00,120.17347010076,120.17347010076,120.17347010076,120.17347010076
2020-02-21 11:43:00,120.17347010076,120.17347010076,120.17347010076,120.17347010076
2020-02-21 11:44:00,120.17347010076,120.17347010076,120.17347010076,120.17347010076
2020-02-21 11:45:00,120.17347010076,120.17347010076,120.17347010076,120.17347010076
2020-02-21 11:46:00,120.17347010076,120.17347010076,120.17347010076,120.17347010076
2020-02-21 11:47:00,120.17347010076,120.17347010076,120.17347010076,120.17347010076
2020-02-21 11:48:00,120.17347010076,120.17347010076,120.17347010076,120.17347010076
2020-02-21 11:49:00,120.17347010076,120.17347010076,120.17347010076,120.17347010076
2020-02-21 11:50:00,120.17347010076,120.17347010076,120.17347010076,120.17347010076
2020-02-21 11:51:00,120.17347010076,120.17347010076,120.17347010076,120.17347010076
2020-02-21 11:52:00,120.17347010076,120.17347010076,120.17347010076,120.17347010076
2020-02-21 11:53:00,120.17347010076,120.17347010076,120.17347010076,120.17347010076
2020-02-21 11:54:00,120.17347010076,120.17347010076,120.17347010076,120.17347010076
2020-02-21 11:55:00,120.17347010076,120.17347010076,120.17347010076,120.17347010076
2020-02-21 11:56:00,120.0856937928,120.091655611,120.0856937928,120.091655611
2020-02-21 11:57:00,120.0856937928,120.091655611,120.0856937928,120.091655611
2020-02-21 11:58:00,120.0856937928,120.091655611,120.0856937928,120.091655611
2020-02-21 11:59:00,120.0856937928,120.091655611,120.0856937928,120.091655611
2020-02-21 12:00:00,120.098534632,120.098534632,120.098534632,120.098534632
2020-02-21 12:01:00,120.098534632,120.098534632,120.098534632,120.098534632
2020-02-21 12:02:00,120.098534632,120.098534632,120.098534632,120.098534632
2020-02-21 12:03:00,120.098534632,120.098534632,120.098534632,120.098534632
2020-02-21 12:04:00,120.098534632,120.098534632,120.098534632,120.098534632
2020-02-21 12:05:00,120.098534632,120.098534632,120.098534632,120.098534632
2020-02-21 12:06:00,120.098534632,120.098534632,120.098534632,120.098534632
2020-02-21 12:07:00,120.098534632,120.098534632,120.098534632,120.098534632
2020-02-21 12:08:00,120.098534632,120.098534632,120.098534632,120.098534632
2020-02-21 12:09:00,120.098534632,120.098534632,120.098534632,120.098534632
2020-02-21 12:10:00,120.098534632,120.098534632,120.098534632,120.098534632
2020-02-21 12:11:00,120.098534632,120.098534632,120.098534632,120.098534632
2020-02-21 12:12:00,120.080190576,120.080190576,120.080190576,120.080190576
2020-02-21 12:13:00,120.080190576,120.080190576,120.080190576,120.080190576
2020-02-21 12:14:00,120.03350495348,120.03350495348,120.03350495348,120.03350495348
2020-02-21 12:15:00,120.03350495348,120.03350495348,120.03350495348,120.03350495348
2020-02-21 12:16:00,120.03350495348,120.03350495348,120.03350495348,120.03350495348
2020-02-21 12:17:00,120.03350495348,120.03350495348,120.03350495348,120.03350495348
2020-02-21 12:18:00,120.03350495348,120.03350495348,120.03350495348,120.03350495348
2020-02-21 12:19:00,120.03350495348,120.03350495348,120.03350495348,120.03350495348
2020-02-21 12:20:00,120.03350495348,120.03350495348,120.03350495348,120.03350495348
2020-02-21 12:21:00,120.03350495348,120.03350495348,120.03350495348,120.03350495348
2020-02-21 12:22:00,120.03350495348,120.03350495348,120.03350495348,120.03350495348
2020-02-21 12:23:00,120.03350495348,120.03350495348,120.03350495348,120.03350495348
2020-02-21 12:24:00,120.03350495348,120.03350495348,120.03350495348,120.03350495348
2020-02-21 12:25:00,120.10770666,120.10770666,120.10770666,120.10770666
2020-02-21 12:26:00,120.10770666,120.10770666,120.10770666,120.10770666
2020-02-21 12:27:00,120.10770666,120.10770666,120.10770666,120.10770666
2020-02-21 12:28:00,120.10770666,120.10770666,120.10770666,120.10770666
2020-02-21 12:29:00,120.10770666,120.10770666,120.10770666,120.10770666
2020-02-21 12:30:00,120.10770666,120.10770666,120.10770666,120.10770666
2020-02-21 12:31:00,120.10770666,120.10770666,120.10770666,120.10770666
2020-02-21 12:32:00,120.10770666,120.10770666,120.10770666,120.10770666
2020-02-21 12:33:00,120.10770666,120.10770666,120.10770666,120.10770666
2020-02-21 12:34:00,120.10770666,120.10770666,120.10770666,120.10770666
2020-02-21 12:35:00,120.10770666,120.10770666,120.10770666,120.10770666
2020-02-21 12:36:00,120.10770666,120.10770666,120.10770666,120.10770666
2020-02-21 12:37:00,120.10770666,120.10770666,120.10770666,120.10770666
2020-02-21 12:38:00,120.10770666,120.10770666,120.10770666,120.10770666
2020-02-21 12:39:00,120.10770666,120.10770666,120.10770666,120.10770666
2020-02-21 12:40:00,120.10770666,120.10770666,120.10770666,120.10770666
2020-02-21 12:41:00,120.10770666,120.10770666,120.10770666,120.10770666
2020-02-21 12:42:00,120.10770666,120.10770666,120.10770666,120.10770666
2020-02-21 12:43:00,120.18236696792,120.18236696792,120.18236696792,120.18236696792
2020-02-21 12:44:00,120.18236696792,120.18236696792,120.18236696792,120.18236696792
2020-02-21 12:45:00,120.18236696792,120.18236696792,120.18236696792,120.18236696792
2020-02-21 12:46:00,120.18236696792,120.18236696792,120.18236696792,120.18236696792
2020-02-21 12:47:00,120.18236696792,120.18236696792,120.18236696792,120.18236696792
2020-02-21 12:48:00,120.18236696792,120.18236696792,120.18236696792,120.18236696792
2020-02-21 12:49:00,120.18236696792,120.18236696792,120.18236696792,120.18236696792
2020-02-21 12:50:00,120.18236696792,120.18236696792,120.18236696792,120.18236696792
2020-02-21 12:51:00,120.18236696792,120.18236696792,120.18236696792,120.18236696792
2020-02-21 12:52:00,120.18236696792,120.18236696792,120.18236696792,120.18236696792
2020-02-21 12:53:00,120.18236696792,120.18236696792,120.18236696792,120.18236696792
2020-02-21 12:54:00,120.10605569496,120.10605569496,120.10605569496,120.10605569496
2020-02-21 12:55:00,120.10605569496,120.10605569496,120.10605569496,120.10605569496
2020-02-21 12:56:00,120.10605569496,120.10605569496,120.10605569496,120.10605569496
2020-02-21 12:57:00,120.10605569496,120.10605569496,120.10605569496,120.10605569496
2020-02-21 12:58:00,120.10605569496,120.10605569496,120.10605569496,120.10605569496
2020-02-21 12:59:00,120.10605569496,120.10605569496,120.10605569496,120.10605569496
2020-02-21 13:00:00,120.126050716,120.126050716,120.126050716,120.126050716
2020-02-21 13:01:00,120.126050716,120.126050716,120.126050716,120.126050716
2020-02-21 13:02:00,120.126050716,120.126050716,120.126050716,120.126050716
2020-02-21 13:03:00,120.13063673,120.13063673,120.13063673,120.13063673
2020-02-21 13:04:00,120.13063673,120.13063673,120.13063673,120.13063673
2020-02-21 13:05:00,120.13063673,120.13063673,120.13063673,120.13063673
2020-02-21 13:06:00,120.13063673,120.13063673,120.13063673,120.13063673
2020-02-21 13:07:00,120.13063673,120.13063673,120.13063673,120.13063673
2020-02-21 13:08:00,120.13063673,120.13063673,120.13063673,120.13063673
2020-02-21 13:09:00,120.13063673,120.13063673,120.13063673,120.13063673
2020-02-21 13:10:00,120.13063673,120.13063673,120.13063673,120.13063673
2020-02-21 13:11:00,120.0517572892,120.0517572892,120.0517572892,120.0517572892
2020-02-21 13:12:00,120.0517572892,120.0517572892,120.0517572892,120.0517572892
2020-02-21 13:13:00,120.0517572892,120.0517572892,120.0517572892,120.0517572892
2020-02-21 13:14:00,120.0517572892,120.0517572892,120.0517572892,120.0517572892
2020-02-21 13:15:00,120.0517572892,120.0517572892,120.0517572892,120.0517572892
2020-02-21 13:16:00,120.052674492,120.052674492,120.052674492,120.052674492
2020-02-21 13:17:00,120.036623443,120.036623443,120.036623443,120.036623443
2020-02-21 13:18:00,120.036623443,120.036623443,120.036623443,120.036623443
2020-02-21 13:19:00,120.036623443,120.036623443,120.036623443,120.036623443
2020-02-21 13:20:00,120.036623443,120.036623443,120.036623443,120.036623443
2020-02-21 13:21:00,120.036623443,120.036623443,120.036623443,120.036623443
2020-02-21 13:22:00,120.036623443,120.036623443,120.036623443,120.036623443
2020-02-21 13:23:00,120.036623443,120.036623443,120.036623443,120.036623443
2020-02-21 13:24:00,120.036623443,120.036623443,120.036623443,120.036623443
2020-02-21 13:25:00,120.036623443,120.036623443,120.036623443,120.036623443
2020-02-21 13:26:00,120.036623443,120.036623443,120.036623443,120.036623443
2020-02-21 13:27:00,120.036623443,120.036623443,120.036623443,120.036623443
2020-02-21 13:28:00,120.036623443,120.036623443,120.036623443,120.036623443
2020-02-21 13:29:00,120.036623443,120.036623443,120.036623443,120.036623443
2020-02-21 13:30:00,119.99323975056,119.99323975056,119.99323975056,119.99323975056
2020-02-21 13:31:00,119.99323975056,119.99323975056,119.99323975056,119.99323975056
2020-02-21 13:32:00,119.99323975056,119.99323975056,119.99323975056,119.99323975056
2020-02-21 13:33:00,119.99323975056,119.99323975056,119.99323975056,119.99323975056
2020-02-21 13:34:00,119.99323975056,119.99323975056,119.99323975056,119.99323975056
2020-02-21 13:35:00,119.99323975056,119.99323975056,119.99323975056,119.99323975056
2020-02-21 13:36:00,119.99323975056,119.99323975056,119.99323975056,119.99323975056
2020-02-21 13:37:00,119.99323975056,119.99323975056,119.99323975056,119.99323975056
2020-02-21 13:38:00,119.99323975056,119.99323975056,119.99323975056,119.99323975056
2020-02-21 13:39:00,119.99323975056,119.99323975056,119.99323975056,119.99323975056
2020-02-21 13:40:00,119.99323975056,119.99323975056,119.99323975056,119.99323975056
2020-02-21 13:41:00,119.99323975056,119.99323975056,119.99323975056,119.99323975056
2020-02-21 13:42:00,119.99323975056,119.99323975056,119.99323975056,119.99323975056
2020-02-21 13:43:00,119.99323975056,119.99323975056,119.99323975056,119.99323975056
2020-02-21 13:44:00,119.99323975056,119.99323975056,119.99323975056,119.99323975056
2020-02-21 13:45:00,119.99323975056,119.99323975056,119.99323975056,119.99323975056
2020-02-21 13:46:00,119.99323975056,119.99323975056,119.99323975056,119.99323975056
2020-02-21 13:47:00,119.99323975056,119.99323975056,119.99323975056,119.99323975056
2020-02-21 13:48:00,119.99323975056,119.99323975056,119.99323975056,119.99323975056
2020-02-21 13:49:00,119.99323975056,119.99323975056,119.99323975056,119.99323975056
2020-02-21 13:50:00,120.02846033808,120.02846033808,120.02846033808,120.02846033808
2020-02-21 13:51:00,120.02846033808,120.02846033808,120.02846033808,120.02846033808
2020-02-21 13:52:00,120.02846033808,120.02846033808,120.02846033808,120.02846033808
2020-02-21 13:53:00,120.02846033808,120.02846033808,120.02846033808,120.02846033808
2020-02-21 13:54:00,120.02846033808,120.02846033808,120.02846033808,120.02846033808
2020-02-21 13:55:00,120.020572394,120.020572394,120.020572394,120.020572394
2020-02-21 13:56:00,120.020572394,120.020572394,120.020572394,120.020572394
2020-02-21 13:57:00,120.020572394,120.020572394,120.020572394,120.020572394
2020-02-21 13:58:00,120.020572394,120.020572394,120.020572394,120.020572394
2020-02-21 13:59:00,120.020572394,120.020572394,120.020572394,120.020572394
2020-02-21 14:00:00,120.020572394,120.020572394,120.020572394,120.020572394
2020-02-21 14:01:00,120.020572394,120.020572394,120.020572394,120.020572394
2020-02-21 14:02:00,120.538791976,120.538791976,120.538791976,120.538791976
2020-02-21 14:03:00,120.538791976,120.538791976,120.538791976,120.538791976
2020-02-21 14:04:00,120.538791976,120.538791976,120.538791976,120.538791976
2020-02-21 14:05:00,120.538791976,120.538791976,120.538791976,120.538791976
2020-02-21 14:06:00,120.538791976,120.538791976,120.538791976,120.538791976
2020-02-21 14:07:00,120.538791976,120.538791976,120.538791976,120.538791976
2020-02-21 14:08:00,120.10770666,120.10770666,120.10770666,120.10770666
2020-02-21 14:09:00,120.10770666,120.10770666,120.10770666,120.10770666
2020-02-21 14:10:00,120.10770666,120.10770666,120.10770666,120.10770666
2020-02-21 14:11:00,120.1297195272,120.1297195272,120.1297195272,120.1297195272
2020-02-21 14:12:00,120.1297195272,120.1297195272,120.1297195272,120.1297195272
2020-02-21 14:13:00,120.12779340132,120.12779340132,120.12779340132,120.12779340132
2020-02-21 14:14:00,120.12779340132,120.12779340132,120.12779340132,120.12779340132
2020-02-21 14:15:00,120.12779340132,120.12779340132,120.12779340132,120.12779340132
2020-02-21 14:16:00,120.12779340132,120.12779340132,120.12779340132,120.12779340132
2020-02-21 14:17:00,120.12779340132,120.12779340132,120.12779340132,120.12779340132
2020-02-21 14:18:00,120.12779340132,120.12779340132,120.12779340132,120.12779340132
2020-02-21 14:19:00,120.12779340132,120.12779340132,120.12779340132,120.12779340132
2020-02-21 14:20:00,120.12779340132,120.12779340132,120.12779340132,120.12779340132
2020-02-21 14:21:00,120.12779340132,120.12779340132,120.12779340132,120.12779340132
2020-02-21 14:22:00,120.171910856,120.171910856,120.171910856,120.171910856
2020-02-21 14:23:00,120.171910856,120.171910856,120.171910856,120.171910856
2020-02-21 14:24:00,120.171910856,120.171910856,120.171910856,120.171910856
2020-02-21 14:25:00,120.171910856,120.171910856,120.171910856,120.171910856
2020-02-21 14:26:00,120.171910856,120.171910856,120.171910856,120.171910856
2020-02-21 14:27:00,120.171910856,120.171910856,120.171910856,120.171910856
2020-02-21 14:28:00,120.171910856,120.171910856,120.171910856,120.171910856
2020-02-21 14:29:00,120.171910856,120.171910856,120.171910856,120.171910856
2020-02-21 14:30:00,120.171910856,120.171910856,120.171910856,120.171910856
2020-02-21 14:31:00,120.171910856,120.171910856,120.171910856,120.171910856
2020-02-21 14:32:00,120.171910856,120.171910856,120.171910856,120.171910856
2020-02-21 14:33:00,120.171910856,120.171910856,120.171910856,120.171910856
2020-02-21 14:34:00,120.171910856,120.171910856,120.171910856,120.171910856
2020-02-21 14:35:00,120.171910856,120.171910856,120.171910856,120.171910856
2020-02-21 14:36:00,120.171910856,120.171910856,120.171910856,120.171910856
2020-02-21 14:37:00,120.171910856,120.171910856,120.171910856,120.171910856
2020-02-21 14:38:00,120.171910856,120.171910856,120.171910856,120.171910856
2020-02-21 14:39:00,120.171910856,120.171910856,120.171910856,120.171910856
2020-02-21 14:40:00,120.0898212054,120.116878688,120.0898212054,120.116878688
2020-02-21 14:41:00,120.0898212054,120.116878688,120.0898212054,120.116878688
2020-02-21 14:42:00,120.0898212054,120.116878688,120.0898212054,120.116878688
2020-02-21 14:43:00,120.0898212054,120.116878688,120.0898212054,120.116878688
2020-02-21 14:44:00,120.0898212054,120.116878688,120.0898212054,120.116878688
2020-02-21 14:45:00,120.0898212054,120.116878688,120.0898212054,120.116878688
2020-02-21 14:46:00,120.0898212054,120.116878688,120.0898212054,120.116878688
2020-02-21 14:47:00,120.08477659,120.08477659,120.08477659,120.08477659
2020-02-21 14:48:00,120.08477659,120.08477659,120.08477659,120.08477659
2020-02-21 14:49:00,120.08477659,120.08477659,120.08477659,120.08477659
2020-02-21 14:50:00,120.08477659,120.08477659,120.08477659,120.08477659
2020-02-21 14:51:00,120.08477659,120.08477659,120.08477659,120.08477659
2020-02-21 14:52:00,120.08477659,120.08477659,120.08477659,120.08477659
2020-02-21 14:53:00,120.08477659,120.08477659,120.08477659,120.08477659
2020-02-21 14:54:00,120.08477659,120.08477659,120.08477659,120.08477659
2020-02-21 14:55:00,120.08477659,120.08477659,120.08477659,120.08477659
2020-02-21 14:56:00,120.08477659,120.08477659,120.08477659,120.08477659
2020-02-21 14:57:00,120.126050716,120.126050716,120.126050716,120.126050716
2020-02-21 14:58:00,120.126050716,120.126050716,120.126050716,120.126050716
2020-02-21 14:59:00,120.126050716,120.126050716,120.126050716,120.126050716
2020-02-21 15:00:00,120.126050716,120.126050716,120.126050716,120.126050716
2020-02-21 15:01:00,120.126050716,120.126050716,120.126050716,120.126050716
2020-02-21 15:02:00,120.126050716,120.126050716,120.126050716,120.126050716
2020-02-21 15:03:00,120.126050716,120.126050716,120.126050716,120.126050716
2020-02-21 15:04:00,120.126050716,120.126050716,120.126050716,120.126050716
2020-02-21 15:05:00,120.126050716,120.126050716,120.126050716,120.126050716
2020-02-21 15:06:00,120.126050716,120.126050716,120.126050716,120.126050716
2020-02-21 15:07:00,120.034330436,120.01598638,120.01598638,120.034330436
2020-02-21 15:08:00,120.034330436,120.01598638,120.01598638,120.034330436
2020-02-21 15:09:00,120.057260506,120.057260506,120.057260506,120.057260506
2020-02-21 15:10:00,120.06184652,120.06184652,120.06184652,120.06184652
2020-02-21 15:11:00,120.06184652,120.06184652,120.06184652,120.06184652
2020-02-21 15:12:00,120.06184652,120.06184652,120.06184652,120.06184652
2020-02-21 15:13:00,120.06184652,120.06184652,120.06184652,120.06184652
2020-02-21 15:14:00,120.06184652,120.06184652,120.06184652,120.06184652
2020-02-21 15:15:00,120.06184652,120.06184652,120.06184652,120.06184652
2020-02-21 15:16:00,120.098534632,120.098534632,120.098534632,120.098534632
2020-02-21 15:17:00,120.098534632,120.098534632,120.098534632,120.098534632
2020-02-21 15:18:00,120.098534632,120.098534632,120.098534632,120.098534632
2020-02-21 15:19:00,120.006814352,120.006814352,120.006814352,120.006814352
2020-02-21 15:20:00,120.01589465972,120.01589465972,120.01589465972,120.01589465972
2020-02-21 15:21:00,120.01589465972,120.01589465972,120.01589465972,120.01589465972
2020-02-21 15:22:00,120.01589465972,120.01589465972,120.01589465972,120.01589465972
2020-02-21 15:23:00,120.01589465972,120.01589465972,120.01589465972,120.01589465972
2020-02-21 15:24:00,120.01589465972,120.01589465972,120.01589465972,120.01589465972
2020-02-21 15:25:00,120.01589465972,120.01589465972,120.01589465972,120.01589465972
2020-02-21 15:26:00,120.01589465972,120.01589465972,120.01589465972,120.01589465972
2020-02-21 15:27:00,120.01589465972,120.01589465972,120.01589465972,120.01589465972
2020-02-21 15:28:00,120.01589465972,120.01589465972,120.01589465972,120.01589465972
2020-02-21 15:29:00,120.01589465972,120.01589465972,120.01589465972,120.01589465972
2020-02-21 15:30:00,119.979298268,119.979298268,119.979298268,119.979298268
2020-02-21 15:31:00,120.006814352,120.006814352,120.006814352,120.006814352
2020-02-21 15:32:00,120.006814352,120.006814352,120.006814352,120.006814352
2020-02-21 15:33:00,120.006814352,120.006814352,120.006814352,120.006814352
2020-02-21 15:34:00,119.8976672188,119.8976672188,119.8976672188,119.8976672188
2020-02-21 15:35:00,119.8976672188,119.8976672188,119.8976672188,119.8976672188
2020-02-21 15:36:00,119.8976672188,119.8976672188,119.8976672188,119.8976672188
2020-02-21 15:37:00,119.8976672188,119.8976672188,119.8976672188,119.8976672188
2020-02-21 15:38:00,119.8976672188,119.8976672188,119.8976672188,119.8976672188
2020-02-21 15:39:00,119.8976672188,119.8976672188,119.8976672188,119.8976672188
2020-02-21 15:40:00,119.8976672188,119.8976672188,119.8976672188,119.8976672188
2020-02-21 15:41:00,119.8976672188,119.8976672188,119.8976672188,119.8976672188
2020-02-21 15:42:00,119.8976672188,119.8976672188,119.8976672188,119.8976672188
2020-02-21 15:43:00,119.919680086,119.905922044,119.905922044,119.919680086
2020-02-21 15:44:00,119.8651065194,119.850889876,119.850889876,119.8651065194
2020-02-21 15:45:00,119.8651065194,119.850889876,119.850889876,119.8651065194
2020-02-21 15:46:00,119.97012624,119.97012624,119.97012624,119.97012624
2020-02-21 15:47:00,119.951782184,119.951782184,119.951782184,119.951782184
2020-02-21 15:48:00,119.951782184,119.951782184,119.951782184,119.951782184
2020-02-21 15:49:00,119.951782184,119.951782184,119.951782184,119.951782184
2020-02-21 15:50:00,119.951782184,119.951782184,119.951782184,119.951782184
2020-02-21 15:51:00,119.933438128,119.933438128,119.933438128,119.933438128
2020-02-21 15:52:00,119.979298268,119.979298268,119.979298268,119.979298268
2020-02-21 15:53:00,120.029744422,120.029744422,120.029744422,120.029744422
2020-02-21 15:54:00,120.034330436,120.034330436,120.034330436,120.034330436
2020-02-21 15:55:00,120.034330436,120.034330436,120.034330436,120.034330436
2020-02-21 15:56:00,120.034330436,120.034330436,120.034330436,120.034330436
2020-02-21 15:57:00,120.00736467368,120.00736467368,120.00736467368,120.00736467368
2020-02-21 15:58:00,119.896750016,119.9242661,119.896750016,119.9242661
2020-02-21 15:59:00,119.896750016,119.9242661,119.896750016,119.9242661
2020-02-21 16:00:00,119.87840596,119.860061904,119.860061904,119.887577988
2020-02-24 09:31:00,116.4847556,116.594819936,116.4847556,116.640680076
2020-02-24 09:32:00,116.31057878828,116.31057878828,116.31057878828,116.31057878828
2020-02-24 09:33:00,116.31057878828,116.31057878828,116.31057878828,116.31057878828
2020-02-24 09:34:00,116.31057878828,116.31057878828,116.31057878828,116.31057878828
2020-02-24 09:35:00,116.585647908,116.585647908,116.585647908,116.585647908
2020-02-24 09:36:00,116.585647908,116.585647908,116.585647908,116.585647908
2020-02-24 09:37:00,116.585647908,116.585647908,116.585647908,116.585647908
2020-02-24 09:38:00,116.493927628,116.493927628,116.493927628,116.493927628
2020-02-24 09:39:00,116.493927628,116.493927628,116.493927628,116.493927628
2020-02-24 09:40:00,116.493927628,116.493927628,116.493927628,116.493927628
2020-02-24 09:41:00,116.493927628,116.493927628,116.493927628,116.493927628
2020-02-24 09:42:00,116.457239516,116.457239516,116.457239516,116.457239516
2020-02-24 09:43:00,116.2861811938,116.2861811938,116.2861811938,116.2861811938
2020-02-24 09:44:00,116.44017954392,116.292143012,116.292143012,116.44017954392
2020-02-24 09:45:00,116.44017954392,116.292143012,116.292143012,116.44017954392
2020-02-24 09:46:00,116.44017954392,116.292143012,116.292143012,116.44017954392
2020-02-24 09:47:00,116.44017954392,116.292143012,116.292143012,116.44017954392
2020-02-24 09:48:00,116.44017954392,116.292143012,116.292143012,116.44017954392
2020-02-24 09:49:00,116.44017954392,116.292143012,116.292143012,116.44017954392
2020-02-24 09:50:00,116.44017954392,116.292143012,116.292143012,116.44017954392
2020-02-24 09:51:00,116.44017954392,116.292143012,116.292143012,116.44017954392
2020-02-24 09:52:00,116.67773506912,116.67773506912,116.67773506912,116.67773506912
2020-02-24 09:53:00,116.67773506912,116.67773506912,116.67773506912,116.67773506912
2020-02-24 09:54:00,116.67773506912,116.67773506912,116.67773506912,116.67773506912
2020-02-24 09:55:00,116.67773506912,116.67773506912,116.67773506912,116.67773506912
2020-02-24 09:56:00,116.67773506912,116.67773506912,116.67773506912,116.67773506912
2020-02-24 09:57:00,116.67773506912,116.67773506912,116.67773506912,116.67773506912
2020-02-24 09:58:00,116.4847556,116.493927628,116.4847556,116.493927628
2020-02-24 09:59:00,116.4847556,116.493927628,116.4847556,116.493927628
2020-02-24 10:00:00,116.4847556,116.493927628,116.4847556,116.493927628
2020-02-24 10:01:00,116.4847556,116.493927628,116.4847556,116.493927628
2020-02-24 10:02:00,116.4847556,116.493927628,116.4847556,116.493927628
2020-02-24 10:03:00,116.4847556,116.493927628,116.4847556,116.493927628
2020-02-24 10:04:00,116.4847556,116.493927628,116.4847556,116.493927628
2020-02-24 10:05:00,116.4847556,116.493927628,116.4847556,116.493927628
2020-02-24 10:06:00,116.63646094312,116.63646094312,116.63646094312,116.63646094312
2020-02-24 10:07:00,116.63646094312,116.63646094312,116.63646094312,116.63646094312
2020-02-24 10:08:00,116.63646094312,116.63646094312,116.63646094312,116.63646094312
2020-02-24 10:09:00,116.704884272,116.704884272,116.704884272,116.704884272
2020-02-24 10:10:00,116.686540216,116.686540216,116.686540216,116.686540216
2020-02-24 10:11:00,116.686540216,116.686540216,116.686540216,116.686540216
2020-02-24 10:12:00,116.686540216,116.686540216,116.686540216,116.686540216
2020-02-24 10:13:00,116.80568485972,116.8048593772,116.755330426,116.80577658
2020-02-24 10:14:00,116.80568485972,116.8048593772,116.755330426,116.80577658
2020-02-24 10:15:00,116.80568485972,116.8048593772,116.755330426,116.80577658
2020-02-24 10:16:00,116.80568485972,116.8048593772,116.755330426,116.80577658
2020-02-24 10:17:00,116.80568485972,116.8048593772,116.755330426,116.80577658
2020-02-24 10:18:00,116.80568485972,116.8048593772,116.755330426,116.80577658
2020-02-24 10:19:00,116.80568485972,116.8048593772,116.755330426,116.80577658
2020-02-24 10:20:00,116.80568485972,116.8048593772,116.755330426,116.80577658
2020-02-24 10:21:00,116.80568485972,116.8048593772,116.755330426,116.80577658
2020-02-24 10:22:00,116.80568485972,116.8048593772,116.755330426,116.80577658
2020-02-24 10:23:00,116.640680076,116.640680076,116.640680076,116.640680076
2020-02-24 10:24:00,116.59078424368,116.59078424368,116.59078424368,116.59078424368
2020-02-24 10:25:00,116.59078424368,116.59078424368,116.59078424368,116.59078424368
2020-02-24 10:26:00,116.59078424368,116.59078424368,116.59078424368,116.59078424368
2020-02-24 10:27:00,119.87840596,119.87840596,119.87840596,119.87840596
2020-02-24 10:28:00,119.87840596,119.87840596,119.87840596,119.87840596
2020-02-24 10:29:00,119.87840596,119.87840596,119.87840596,119.87840596
2020-02-24 10:30:00,119.87840596,119.87840596,119.87840596,119.87840596
2020-02-24 10:31:00,119.87840596,119.87840596,119.87840596,119.87840596
2020-02-24 10:32:00,119.87840596,119.87840596,119.87840596,119.87840596
2020-02-24 10:33:00,119.87840596,119.87840596,119.87840596,119.87840596
2020-02-24 10:34:00,119.87840596,119.87840596,119.87840596,119.87840596
2020-02-24 10:35:00,119.87840596,119.87840596,119.87840596,119.87840596
2020-02-24 10:36:00,116.585647908,116.57647588,116.57647588,116.585647908
2020-02-24 10:37:00,116.585647908,116.57647588,116.57647588,116.585647908
2020-02-24 10:38:00,116.585647908,116.57647588,116.57647588,116.585647908
2020-02-24 10:39:00,116.585647908,116.57647588,116.57647588,116.585647908
2020-02-24 10:40:00,116.585647908,116.57647588,116.57647588,116.585647908
2020-02-24 10:41:00,116.539787768,116.539787768,116.539787768,116.539787768
2020-02-24 10:42:00,116.539787768,116.539787768,116.539787768,116.539787768
2020-02-24 10:43:00,116.429723432,116.429723432,116.429723432,116.429723432
2020-02-24 10:44:00,116.53061574,116.567303852,116.53061574,116.567303852
2020-02-24 10:45:00,116.53061574,116.567303852,116.53061574,116.567303852
2020-02-24 10:46:00,116.53061574,116.567303852,116.53061574,116.567303852
2020-02-24 10:47:00,116.53061574,116.567303852,116.53061574,116.567303852
2020-02-24 10:48:00,116.539787768,116.594819936,116.539787768,116.594819936
2020-02-24 10:49:00,116.539787768,116.594819936,116.539787768,116.594819936
2020-02-24 10:50:00,116.539787768,116.594819936,116.539787768,116.594819936
2020-02-24 10:51:00,116.66819616,116.66819616,116.66819616,116.66819616
2020-02-24 10:52:00,116.66819616,116.66819616,116.66819616,116.66819616
2020-02-24 10:53:00,116.66819616,116.66819616,116.66819616,116.66819616
2020-02-24 10:54:00,116.8232034332,116.81788365696,116.81788365696,116.8232034332
2020-02-24 10:55:00,116.8232034332,116.81788365696,116.81788365696,116.8232034332
2020-02-24 10:56:00,116.8232034332,116.81788365696,116.81788365696,116.8232034332
2020-02-24 10:57:00,116.8232034332,116.81788365696,116.81788365696,116.8232034332
2020-02-24 10:58:00,116.82357031432,116.82357031432,116.82357031432,116.82357031432
2020-02-24 10:59:00,116.778260496,116.778260496,116.778260496,116.778260496
2020-02-24 11:00:00,116.778260496,116.778260496,116.778260496,116.778260496
2020-02-24 11:01:00,116.778260496,116.778260496,116.778260496,116.778260496
2020-02-24 11:02:00,116.78156242608,116.787432524,116.78156242608,116.787432524
2020-02-24 11:03:00,116.78156242608,116.787432524,116.78156242608,116.787432524
2020-02-24 11:04:00,116.78156242608,116.787432524,116.78156242608,116.787432524
2020-02-24 11:05:00,116.78156242608,116.787432524,116.78156242608,116.787432524
2020-02-24 11:06:00,116.61564043956,116.61564043956,116.61564043956,116.61564043956
2020-02-24 11:07:00,116.61564043956,116.61564043956,116.61564043956,116.61564043956
2020-02-24 11:08:00,116.69112623,116.69112623,116.69112623,116.69112623
2020-02-24 11:09:00,116.69112623,116.69112623,116.69112623,116.69112623
2020-02-24 11:10:00,116.69112623,116.69112623,116.69112623,116.69112623
2020-02-24 11:11:00,116.69112623,116.69112623,116.69112623,116.69112623
2020-02-24 11:12:00,116.69112623,116.69112623,116.69112623,116.69112623
2020-02-24 11:13:00,116.69112623,116.69112623,116.69112623,116.69112623
2020-02-24 11:14:00,116.69112623,116.69112623,116.69112623,116.69112623
2020-02-24 11:15:00,116.69112623,116.69112623,116.69112623,116.69112623
2020-02-24 11:16:00,116.801190566,116.801190566,116.801190566,116.801190566
2020-02-24 11:17:00,116.95243730772,116.902082874,116.902082874,116.95243730772
2020-02-24 11:18:00,116.95243730772,116.902082874,116.902082874,116.95243730772
2020-02-24 11:19:00,116.95243730772,116.902082874,116.902082874,116.95243730772
2020-02-24 11:20:00,116.95243730772,116.902082874,116.902082874,116.95243730772
2020-02-24 11:21:00,116.975459098,116.975459098,116.975459098,116.975459098
2020-02-24 11:22:00,116.975459098,116.975459098,116.975459098,116.975459098
2020-02-24 11:23:00,116.975459098,116.975459098,116.975459098,116.975459098
2020-02-24 11:24:00,116.970873084,116.970873084,116.970873084,116.970873084
2020-02-24 11:25:00,116.970873084,116.970873084,116.970873084,116.970873084
2020-02-24 11:26:00,116.970873084,116.970873084,116.970873084,116.970873084
2020-02-24 11:27:00,116.970873084,116.970873084,116.970873084,116.970873084
2020-02-24 11:28:00,116.970873084,116.970873084,116.970873084,116.970873084
2020-02-24 11:29:00,116.970873084,116.970873084,116.970873084,116.970873084
2020-02-24 11:30:00,116.970873084,116.970873084,116.970873084,116.970873084
2020-02-24 11:31:00,116.934184972,116.936477979,116.934184972,116.936477979
2020-02-24 11:32:00,116.85512209064,116.85512209064,116.85512209064,116.85512209064
2020-02-24 11:33:00,116.85512209064,116.85512209064,116.85512209064,116.85512209064
2020-02-24 11:34:00,116.906668888,116.8984140628,116.8984140628,116.906668888
2020-02-24 11:35:00,116.860808748,116.860808748,116.860808748,116.860808748
2020-02-24 11:36:00,116.860808748,116.85163672,116.85163672,116.860808748
2020-02-24 11:37:00,116.9057516852,116.856222734,116.856222734,116.9057516852
2020-02-24 11:38:00,116.9057516852,116.856222734,116.856222734,116.9057516852
2020-02-24 11:39:00,116.952529028,116.952529028,116.952529028,116.952529028
2020-02-24 11:40:00,116.952529028,116.952529028,116.952529028,116.952529028
2020-02-24 11:41:00,116.952529028,116.952529028,116.952529028,116.952529028
2020-02-24 11:42:00,116.952529028,116.952529028,116.952529028,116.952529028
2020-02-24 11:43:00,116.952529028,116.952529028,116.952529028,116.952529028
2020-02-24 11:44:00,116.952529028,116.952529028,116.952529028,116.952529028
2020-02-24 11:45:00,116.66819616,116.66819616,116.66819616,116.66819616
2020-02-24 11:46:00,116.66819616,116.66819616,116.66819616,116.66819616
2020-02-24 11:47:00,116.66819616,116.66819616,116.66819616,116.66819616
2020-02-24 11:48:00,116.57647588,116.57647588,116.57647588,116.57647588
2020-02-24 11:49:00,116.548959796,116.548959796,116.548959796,116.548959796
2020-02-24 11:50:00,116.548959796,116.548959796,116.548959796,116.548959796
2020-02-24 11:51:00,116.503099656,116.503099656,116.503099656,116.503099656
2020-02-24 11:52:00,116.503099656,116.503099656,116.503099656,116.503099656
2020-02-24 11:53:00,116.503099656,116.503099656,116.503099656,116.503099656
2020-02-24 11:54:00,116.503099656,116.503099656,116.503099656,116.503099656
2020-02-24 11:55:00,116.503099656,116.503099656,116.503099656,116.503099656
2020-02-24 11:56:00,116.503099656,116.503099656,116.503099656,116.503099656
2020-02-24 11:57:00,116.503099656,116.503099656,116.503099656,116.503099656
2020-02-24 11:58:00,116.503099656,116.503099656,116.503099656,116.503099656
2020-02-24 11:59:00,116.567303852,116.567303852,116.567303852,116.567303852
2020-02-24 12:00:00,116.567303852,116.567303852,116.567303852,116.567303852
2020-02-24 12:01:00,116.567303852,116.567303852,116.567303852,116.567303852
2020-02-24 12:02:00,116.4847556,116.4847556,116.4847556,116.4847556
2020-02-24 12:03:00,116.4847556,116.4847556,116.4847556,116.4847556
2020-02-24 12:04:00,116.47118099856,116.47118099856,116.47118099856,116.47118099856
2020-02-24 12:05:00,116.47118099856,116.47118099856,116.47118099856,116.47118099856
2020-02-24 12:06:00,116.47118099856,116.47118099856,116.47118099856,116.47118099856
2020-02-24 12:07:00,116.43889546,116.43889546,116.43889546,116.43889546
2020-02-24 12:08:00,116.43889546,116.43889546,116.43889546,116.43889546
2020-02-24 12:09:00,116.420551404,116.420551404,116.420551404,116.420551404
2020-02-24 12:10:00,116.420551404,116.420551404,116.420551404,116.420551404
2020-02-24 12:11:00,116.420551404,116.420551404,116.420551404,116.420551404
2020-02-24 12:12:00,116.411379376,116.411379376,116.411379376,116.411379376
2020-02-24 12:13:00,116.411379376,116.411379376,116.411379376,116.411379376
2020-02-24 12:14:00,116.411379376,116.411379376,116.411379376,116.411379376
2020-02-24 12:15:00,116.411379376,116.411379376,116.411379376,116.411379376
2020-02-24 12:16:00,116.411379376,116.411379376,116.411379376,116.411379376
2020-02-24 12:17:00,116.411379376,116.411379376,116.411379376,116.411379376
2020-02-24 12:18:00,116.411379376,116.411379376,116.411379376,116.411379376
2020-02-24 12:19:00,116.37771803324,116.37771803324,116.37771803324,116.37771803324
2020-02-24 12:20:00,116.37771803324,116.37771803324,116.37771803324,116.37771803324
2020-02-24 12:21:00,116.37771803324,116.37771803324,116.37771803324,116.37771803324
2020-02-24 12:22:00,116.37771803324,116.37771803324,116.37771803324,116.37771803324
2020-02-24 12:23:00,116.37771803324,116.37771803324,116.37771803324,116.37771803324
2020-02-24 12:24:00,116.402207348,116.402207348,116.402207348,116.402207348
2020-02-24 12:25:00,116.402207348,116.402207348,116.402207348,116.402207348
2020-02-24 12:26:00,116.402207348,116.402207348,116.402207348,116.402207348
2020-02-24 12:27:00,116.4031245508,116.39303532,116.39303532,116.4031245508
2020-02-24 12:28:00,116.4031245508,116.39303532,116.39303532,116.4031245508
2020-02-24 12:29:00,116.4031245508,116.39303532,116.39303532,116.4031245508
2020-02-24 12:30:00,116.4031245508,116.39303532,116.39303532,116.4031245508
2020-02-24 12:31:00,116.4031245508,116.39303532,116.39303532,116.4031245508
2020-02-24 12:32:00,116.4031245508,116.39303532,116.39303532,116.4031245508
2020-02-24 12:33:00,116.4031245508,116.39303532,116.39303532,116.4031245508
2020-02-24 12:34:00,116.4031245508,116.39303532,116.39303532,116.4031245508
2020-02-24 12:35:00,116.4031245508,116.39303532,116.39303532,116.4031245508
2020-02-24 12:36:00,116.4031245508,116.39303532,116.39303532,116.4031245508
2020-02-24 12:37:00,116.39303532,116.3939525228,116.39303532,116.3939525228
2020-02-24 12:38:00,116.39303532,116.3939525228,116.39303532,116.3939525228
2020-02-24 12:39:00,116.39303532,116.3939525228,116.39303532,116.3939525228
2020-02-24 12:40:00,116.39303532,116.3939525228,116.39303532,116.3939525228
2020-02-24 12:41:00,116.39303532,116.3939525228,116.39303532,116.3939525228
2020-02-24 12:42:00,116.5636350408,116.5636350408,116.5636350408,116.5636350408
2020-02-24 12:43:00,116.5636350408,116.5636350408,116.5636350408,116.5636350408
2020-02-24 12:44:00,116.5636350408,116.5636350408,116.5636350408,116.5636350408
2020-02-24 12:45:00,116.5636350408,116.5636350408,116.5636350408,116.5636350408
2020-02-24 12:46:00,116.5636350408,116.5636350408,116.5636350408,116.5636350408
2020-02-24 12:47:00,116.5636350408,116.5636350408,116.5636350408,116.5636350408
2020-02-24 12:48:00,116.5636350408,116.5636350408,116.5636350408,116.5636350408
2020-02-24 12:49:00,116.5636350408,116.5636350408,116.5636350408,116.5636350408
2020-02-24 12:50:00,116.5636350408,116.5636350408,116.5636350408,116.5636350408
2020-02-24 12:51:00,116.5636350408,116.5636350408,116.5636350408,116.5636350408
2020-02-24 12:52:00,116.5636350408,116.5636350408,116.5636350408,116.5636350408
2020-02-24 12:53:00,116.5636350408,116.5636350408,116.5636350408,116.5636350408
2020-02-24 12:54:00,116.420551404,116.420551404,116.420551404,116.420551404
2020-02-24 12:55:00,116.420551404,116.420551404,116.420551404,116.420551404
2020-02-24 12:56:00,116.420551404,116.420551404,116.420551404,116.420551404
2020-02-24 12:57:00,116.420551404,116.420551404,116.420551404,116.420551404
2020-02-24 12:58:00,116.420551404,116.420551404,116.420551404,116.420551404
2020-02-24 12:59:00,116.420551404,116.420551404,116.420551404,116.420551404
2020-02-24 13:00:00,116.420551404,116.420551404,116.420551404,116.420551404
2020-02-24 13:01:00,116.191250704,116.223352802,116.191250704,116.223352802
2020-02-24 13:02:00,116.191250704,116.223352802,116.191250704,116.223352802
2020-02-24 13:03:00,116.191250704,116.223352802,116.191250704,116.223352802
2020-02-24 13:04:00,116.191250704,116.223352802,116.191250704,116.223352802
2020-02-24 13:05:00,116.191250704,116.223352802,116.191250704,116.223352802
2020-02-24 13:06:00,116.191250704,116.223352802,116.191250704,116.223352802
2020-02-24 13:07:00,116.14621604652,116.14621604652,116.14621604652,116.14621604652
2020-02-24 13:08:00,116.14621604652,116.14621604652,116.14621604652,116.14621604652
2020-02-24 13:09:00,116.13686057796,116.13686057796,116.13686057796,116.13686057796
2020-02-24 13:10:00,116.13686057796,116.13686057796,116.13686057796,116.13686057796
2020-02-24 13:11:00,116.13686057796,116.13686057796,116.13686057796,116.13686057796
2020-02-24 13:12:00,116.13686057796,116.13686057796,116.13686057796,116.13686057796
2020-02-24 13:13:00,116.13686057796,116.13686057796,116.13686057796,116.13686057796
2020-02-24 13:14:00,116.1719894452,116.1719894452,116.1719894452,116.1719894452
2020-02-24 13:15:00,116.1719894452,116.1719894452,116.1719894452,116.1719894452
2020-02-24 13:16:00,116.1719894452,116.1719894452,116.1719894452,116.1719894452
2020-02-24 13:17:00,116.035326228,116.035326228,116.035326228,116.035326228
2020-02-24 13:18:00,116.035326228,116.035326228,116.035326228,116.035326228
2020-02-24 13:19:00,116.035326228,116.035326228,116.035326228,116.035326228
2020-02-24 13:20:00,116.035326228,116.035326228,116.035326228,116.035326228
2020-02-24 13:21:00,116.20959476,116.20959476,116.20959476,116.20959476
2020-02-24 13:22:00,116.20959476,116.20959476,116.20959476,116.20959476
2020-02-24 13:23:00,116.20959476,116.20959476,116.20959476,116.20959476
2020-02-24 13:24:00,116.20959476,116.20959476,116.20959476,116.20959476
2020-02-24 13:25:00,116.20959476,116.20959476,116.20959476,116.20959476
2020-02-24 13:26:00,116.20959476,116.20959476,116.20959476,116.20959476
2020-02-24 13:27:00,116.20959476,116.20959476,116.20959476,116.20959476
2020-02-24 13:28:00,116.20959476,116.20959476,116.20959476,116.20959476
2020-02-24 13:29:00,116.20959476,116.20959476,116.20959476,116.20959476
2020-02-24 13:30:00,116.420551404,116.420551404,116.420551404,116.420551404
2020-02-24 13:31:00,116.420551404,116.420551404,116.420551404,116.420551404
2020-02-24 13:32:00,116.420551404,116.420551404,116.420551404,116.420551404
2020-02-24 13:33:00,116.420551404,116.420551404,116.420551404,116.420551404
2020-02-24 13:34:00,116.374691264,116.374691264,116.374691264,116.374691264
2020-02-24 13:35:00,116.374691264,116.374691264,116.374691264,116.374691264
2020-02-24 13:36:00,116.374691264,116.374691264,116.374691264,116.374691264
2020-02-24 13:37:00,116.374691264,116.374691264,116.374691264,116.374691264
2020-02-24 13:38:00,116.374691264,116.374691264,116.374691264,116.374691264
2020-02-24 13:39:00,116.374691264,116.374691264,116.374691264,116.374691264
2020-02-24 13:40:00,116.374691264,116.374691264,116.374691264,116.374691264
2020-02-24 13:41:00,116.411379376,116.411379376,116.411379376,116.411379376
2020-02-24 13:42:00,116.41202141796,116.41202141796,116.41202141796,116.41202141796
2020-02-24 13:43:00,116.41202141796,116.41202141796,116.41202141796,116.41202141796
2020-02-24 13:44:00,116.41202141796,116.41202141796,116.41202141796,116.41202141796
2020-02-24 13:45:00,116.41202141796,116.41202141796,116.41202141796,116.41202141796
2020-02-24 13:46:00,116.41202141796,116.41202141796,116.41202141796,116.41202141796
2020-02-24 13:47:00,116.41202141796,116.41202141796,116.41202141796,116.41202141796
2020-02-24 13:48:00,116.41202141796,116.41202141796,116.41202141796,116.41202141796
2020-02-24 13:49:00,116.41202141796,116.41202141796,116.41202141796,116.41202141796
2020-02-24 13:50:00,116.41202141796,116.41202141796,116.41202141796,116.41202141796
2020-02-24 13:51:00,116.41202141796,116.41202141796,116.41202141796,116.41202141796
2020-02-24 13:52:00,116.41202141796,116.41202141796,116.41202141796,116.41202141796
2020-02-24 13:53:00,116.4567809146,116.4567809146,116.4567809146,116.4567809146
2020-02-24 13:54:00,116.4567809146,116.4567809146,116.4567809146,116.4567809146
2020-02-24 13:55:00,116.4567809146,116.4567809146,116.4567809146,116.4567809146
2020-02-24 13:56:00,116.4567809146,116.4567809146,116.4567809146,116.4567809146
2020-02-24 13:57:00,116.4567809146,116.4567809146,116.4567809146,116.4567809146
2020-02-24 13:58:00,116.4567809146,116.4567809146,116.4567809146,116.4567809146
2020-02-24 13:59:00,116.4567809146,116.4567809146,116.4567809146,116.4567809146
2020-02-24 14:00:00,116.4567809146,116.4567809146,116.4567809146,116.4567809146
2020-02-24 14:01:00,116.4567809146,116.4567809146,116.4567809146,116.4567809146
2020-02-24 14:02:00,116.4567809146,116.4567809146,116.4567809146,116.4567809146
2020-02-24 14:03:00,116.53061574,116.53061574,116.53061574,116.53061574
2020-02-24 14:04:00,116.49365246716,116.503099656,116.49365246716,116.503099656
2020-02-24 14:05:00,116.49365246716,116.503099656,116.49365246716,116.503099656
2020-02-24 14:06:00,116.49365246716,116.503099656,116.49365246716,116.503099656
2020-02-24 14:07:00,116.493927628,116.493927628,116.493927628,116.493927628
2020-02-24 14:08:00,116.40431691444,116.40431691444,116.40431691444,116.40431691444
2020-02-24 14:09:00,116.40431691444,116.40431691444,116.40431691444,116.40431691444
2020-02-24 14:10:00,116.40431691444,116.40431691444,116.40431691444,116.40431691444
2020-02-24 14:11:00,116.40431691444,116.40431691444,116.40431691444,116.40431691444
2020-02-24 14:12:00,116.40431691444,116.40431691444,116.40431691444,116.40431691444
2020-02-24 14:13:00,116.40431691444,116.40431691444,116.40431691444,116.40431691444
2020-02-24 14:14:00,116.40431691444,116.40431691444,116.40431691444,116.40431691444
2020-02-24 14:15:00,116.40431691444,116.40431691444,116.40431691444,116.40431691444
2020-02-24 14:16:00,116.40431691444,116.40431691444,116.40431691444,116.40431691444
2020-02-24 14:17:00,116.40431691444,116.40431691444,116.40431691444,116.40431691444
2020-02-24 14:18:00,116.40431691444,116.40431691444,116.40431691444,116.40431691444
2020-02-24 14:19:00,116.40431691444,116.40431691444,116.40431691444,116.40431691444
2020-02-24 14:20:00,116.230231823,116.230231823,116.230231823,116.230231823
2020-02-24 14:21:00,116.230231823,116.230231823,116.230231823,116.230231823
2020-02-24 14:22:00,116.230231823,116.230231823,116.230231823,116.230231823
2020-02-24 14:23:00,116.420551404,116.420551404,116.420551404,116.420551404
2020-02-24 14:24:00,116.46054144608,116.46054144608,116.46054144608,116.46054144608
2020-02-24 14:25:00,116.46054144608,116.46054144608,116.46054144608,116.46054144608
2020-02-24 14:26:00,116.46054144608,116.46054144608,116.46054144608,116.46054144608
2020-02-24 14:27:00,116.46054144608,116.46054144608,116.46054144608,116.46054144608
2020-02-24 14:28:00,116.46054144608,116.46054144608,116.46054144608,116.46054144608
2020-02-24 14:29:00,116.46054144608,116.46054144608,116.46054144608,116.46054144608
2020-02-24 14:30:00,116.46054144608,116.46054144608,116.46054144608,116.46054144608
2020-02-24 14:31:00,116.46054144608,116.46054144608,116.46054144608,116.46054144608
2020-02-24 14:32:00,116.46054144608,116.46054144608,116.46054144608,116.46054144608
2020-02-24 14:33:00,116.46054144608,116.46054144608,116.46054144608,116.46054144608
2020-02-24 14:34:00,116.46054144608,116.46054144608,116.46054144608,116.46054144608
2020-02-24 14:35:00,116.72653025808,116.72653025808,116.72653025808,116.72653025808
2020-02-24 14:36:00,116.72653025808,116.72653025808,116.72653025808,116.72653025808
2020-02-24 14:37:00,116.72653025808,116.72653025808,116.72653025808,116.72653025808
2020-02-24 14:38:00,116.695712244,116.695712244,116.695712244,116.695712244
2020-02-24 14:39:00,116.695712244,116.695712244,116.695712244,116.695712244
2020-02-24 14:40:00,116.83173341924,116.83173341924,116.83173341924,116.83173341924
2020-02-24 14:41:00,116.83173341924,116.83173341924,116.83173341924,116.83173341924
2020-02-24 14:42:00,116.89749686,116.89749686,116.89749686,116.89749686
2020-02-24 14:43:00,116.8621845522,116.8621845522,116.8621845522,116.8621845522
2020-02-24 14:44:00,116.8621845522,116.8621845522,116.8621845522,116.8621845522
2020-02-24 14:45:00,116.8621845522,116.8621845522,116.8621845522,116.8621845522
2020-02-24 14:46:00,116.8621845522,116.8621845522,116.8621845522,116.8621845522
2020-02-24 14:47:00,116.94188947552,116.94188947552,116.94188947552,116.94188947552
2020-02-24 14:48:00,116.92767283212,116.975459098,116.92767283212,116.975459098
2020-02-24 14:49:00,116.92767283212,116.975459098,116.92767283212,116.975459098
2020-02-24 14:50:00,116.92767283212,116.975459098,116.92767283212,116.975459098
2020-02-24 14:51:00,116.92767283212,116.975459098,116.92767283212,116.975459098
2020-02-24 14:52:00,116.92767283212,116.975459098,116.92767283212,116.975459098
2020-02-24 14:53:00,116.92767283212,116.975459098,116.92767283212,116.975459098
2020-02-24 14:54:00,116.92767283212,116.975459098,116.92767283212,116.975459098
2020-02-24 14:55:00,116.92767283212,116.975459098,116.92767283212,116.975459098
2020-02-24 14:56:00,116.92767283212,116.975459098,116.92767283212,116.975459098
2020-02-24 14:57:00,116.92767283212,116.975459098,116.92767283212,116.975459098
2020-02-24 14:58:00,116.92767283212,116.975459098,116.92767283212,116.975459098
2020-02-24 14:59:00,117.0369116856,117.00765291628,117.00765291628,117.0369116856
2020-02-24 15:00:00,117.0369116856,117.00765291628,117.00765291628,117.0369116856
2020-02-24 15:01:00,117.0369116856,117.00765291628,117.00765291628,117.0369116856
2020-02-24 15:02:00,117.12679756,117.090109448,117.090109448,117.163485672
2020-02-24 15:03:00,117.12679756,117.090109448,117.090109448,117.163485672
2020-02-24 15:04:00,117.200173784,117.191001756,117.191001756,117.200173784
2020-02-24 15:05:00,117.200173784,117.191001756,117.191001756,117.200173784
2020-02-24 15:06:00,117.200173784,117.191001756,117.191001756,117.200173784
2020-02-24 15:07:00,117.15312128036,117.13606130828,117.13606130828,117.15312128036
2020-02-24 15:08:00,117.15312128036,117.13606130828,117.13606130828,117.15312128036
2020-02-24 15:09:00,117.15312128036,117.13606130828,117.13606130828,117.15312128036
2020-02-24 15:10:00,117.15312128036,117.13606130828,117.13606130828,117.15312128036
2020-02-24 15:11:00,116.980045112,116.980045112,116.980045112,116.980045112
2020-02-24 15:12:00,116.96628707,116.96628707,116.96628707,116.96628707
2020-02-24 15:13:00,116.96628707,116.96628707,116.96628707,116.96628707
2020-02-24 15:14:00,116.892910846,116.892910846,116.892910846,116.892910846
2020-02-24 15:15:00,116.89749686,116.89749686,116.89749686,116.89749686
2020-02-24 15:16:00,116.824120636,116.824120636,116.824120636,116.824120636
2020-02-24 15:17:00,116.824120636,116.824120636,116.824120636,116.824120636
2020-02-24 15:18:00,116.824120636,116.824120636,116.824120636,116.824120636
2020-02-24 15:19:00,116.824120636,116.824120636,116.824120636,116.824120636
2020-02-24 15:20:00,116.824120636,116.824120636,116.824120636,116.824120636
2020-02-24 15:21:00,116.824120636,116.824120636,116.824120636,116.824120636
2020-02-24 15:22:00,116.824120636,116.824120636,116.824120636,116.824120636
2020-02-24 15:23:00,116.824120636,116.824120636,116.824120636,116.824120636
2020-02-24 15:24:00,116.824120636,116.824120636,116.824120636,116.824120636
2020-02-24 15:25:00,116.824120636,116.824120636,116.824120636,116.824120636
2020-02-24 15:26:00,116.824120636,116.824120636,116.824120636,116.824120636
2020-02-24 15:27:00,116.824120636,116.824120636,116.824120636,116.824120636
2020-02-24 15:28:00,116.796604552,116.796604552,116.796604552,116.796604552
2020-02-24 15:29:00,116.796604552,116.796604552,116.796604552,116.796604552
2020-02-24 15:30:00,116.796604552,116.796604552,116.796604552,116.796604552
2020-02-24 15:31:00,116.796604552,116.796604552,116.796604552,116.796604552
2020-02-24 15:32:00,116.796604552,116.796604552,116.796604552,116.796604552
2020-02-24 15:33:00,116.842464692,116.842464692,116.842464692,116.842464692
2020-02-24 15:34:00,116.842464692,116.842464692,116.842464692,116.842464692
2020-02-24 15:35:00,116.842464692,116.842464692,116.842464692,116.842464692
2020-02-24 15:36:00,116.842464692,116.842464692,116.842464692,116.842464692
2020-02-24 15:37:00,116.842464692,116.842464692,116.842464692,116.842464692
2020-02-24 15:38:00,116.640680076,116.640680076,116.640680076,116.640680076
2020-02-24 15:39:00,116.640680076,116.640680076,116.640680076,116.640680076
2020-02-24 15:40:00,116.640680076,116.640680076,116.640680076,116.640680076
2020-02-24 15:41:00,116.640680076,116.640680076,116.640680076,116.640680076
2020-02-24 15:42:00,116.640680076,116.640680076,116.640680076,116.640680076
2020-02-24 15:43:00,116.640680076,116.640680076,116.640680076,116.640680076
2020-02-24 15:44:00,116.6237118242,116.6237118242,116.6237118242,116.6237118242
2020-02-24 15:45:00,116.6237118242,116.6237118242,116.6237118242,116.6237118242
2020-02-24 15:46:00,116.631508048,116.631508048,116.631508048,116.631508048
2020-02-24 15:47:00,116.631508048,116.631508048,116.631508048,116.631508048
2020-02-24 15:48:00,116.631508048,116.631508048,116.631508048,116.631508048
2020-02-24 15:49:00,116.631508048,116.631508048,116.631508048,116.631508048
2020-02-24 15:50:00,116.79724659396,116.79724659396,116.79724659396,116.79724659396
2020-02-24 15:51:00,116.741572384,116.741572384,116.741572384,116.741572384
2020-02-24 15:52:00,116.741572384,116.741572384,116.741572384,116.741572384
2020-02-24 15:53:00,116.741572384,116.741572384,116.741572384,116.741572384
2020-02-24 15:54:00,116.558131824,116.558131824,116.558131824,116.558131824
2020-02-24 15:55:00,116.558131824,116.558131824,116.558131824,116.558131824
2020-02-24 15:56:00,116.558131824,116.558131824,116.558131824,116.558131824
2020-02-24 15:57:00,116.53061574,116.53061574,116.53061574,116.53061574
2020-02-24 15:58:00,116.5269469288,116.53061574,116.5269469288,116.53061574
2020-02-24 15:59:00,116.53061574,116.53061574,116.53061574,116.53061574
2020-02-24 16:00:00,116.448067488,116.548959796,116.448067488,116.548959796
2020-02-25 09:31:00,116.567303852,116.567303852,116.567303852,116.567303852
2020-02-25 09:32:00,116.567303852,116.567303852,116.567303852,116.567303852
2020-02-25 09:33:00,116.567303852,116.567303852,116.567303852,116.567303852
2020-02-25 09:34:00,116.567303852,116.567303852,116.567303852,116.567303852
2020-02-25 09:35:00,116.30131504,116.30131504,116.30131504,116.30131504
2020-02-25 09:36:00,116.30131504,116.30131504,116.30131504,116.30131504
2020-02-25 09:37:00,116.31699920788,116.34570765552,116.31699920788,116.34570765552
2020-02-25 09:38:00,116.31699920788,116.34570765552,116.31699920788,116.34570765552
2020-02-25 09:39:00,116.4847556,116.4847556,116.4847556,116.4847556
2020-02-25 09:40:00,116.4847556,116.4847556,116.4847556,116.4847556
2020-02-25 09:41:00,116.4847556,116.4847556,116.4847556,116.4847556
2020-02-25 09:42:00,116.4847556,116.4847556,116.4847556,116.4847556
2020-02-25 09:43:00,116.4847556,116.4847556,116.4847556,116.4847556
2020-02-25 09:44:00,116.4847556,116.4847556,116.4847556,116.4847556
2020-02-25 09:45:00,116.4847556,116.4847556,116.4847556,116.4847556
2020-02-25 09:46:00,115.9078350388,115.943605948,115.9078350388,115.943605948
2020-02-25 09:47:00,116.016982172,116.016982172,116.016982172,116.016982172
2020-02-25 09:48:00,115.98799856352,115.98799856352,115.98799856352,115.98799856352
2020-02-25 09:49:00,115.98799856352,115.98799856352,115.98799856352,115.98799856352
2020-02-25 09:50:00,115.98799856352,115.98799856352,115.98799856352,115.98799856352
2020-02-25 09:51:00,115.98799856352,115.98799856352,115.98799856352,115.98799856352
2020-02-25 09:52:00,115.971122032,115.984880074,115.971122032,115.984880074
2020-02-25 09:53:00,115.971122032,115.984880074,115.971122032,115.984880074
2020-02-25 09:54:00,115.971122032,115.984880074,115.971122032,115.984880074
2020-02-25 09:55:00,115.971122032,115.984880074,115.971122032,115.984880074
2020-02-25 09:56:00,116.159148606,116.145390564,116.145390564,116.159148606
2020-02-25 09:57:00,116.159148606,116.145390564,116.145390564,116.159148606
2020-02-25 09:58:00,116.159148606,116.145390564,116.145390564,116.159148606
2020-02-25 09:59:00,116.159148606,116.145390564,116.145390564,116.159148606
2020-02-25 10:00:00,116.159148606,116.145390564,116.145390564,116.159148606
2020-02-25 10:01:00,116.168320634,116.11787448,116.11787448,116.168320634
2020-02-25 10:02:00,116.099530424,116.099530424,116.099530424,116.099530424
2020-02-25 10:03:00,116.099530424,116.099530424,116.099530424,116.099530424
2020-02-25 10:04:00,116.099530424,116.099530424,116.099530424,116.099530424
2020-02-25 10:05:00,116.099530424,116.099530424,116.099530424,116.099530424
2020-02-25 10:06:00,116.099530424,116.099530424,116.099530424,116.099530424
2020-02-25 10:07:00,115.98029406,115.98029406,115.98029406,115.98029406
2020-02-25 10:08:00,115.98029406,115.98029406,115.98029406,115.98029406
2020-02-25 10:09:00,115.998638116,115.998638116,115.998638116,115.998638116
2020-02-25 10:10:00,115.998638116,115.998638116,115.998638116,115.998638116
2020-02-25 10:11:00,115.998638116,115.998638116,115.998638116,115.998638116
2020-02-25 10:12:00,115.870229724,115.769337416,115.769337416,115.870229724
2020-02-25 10:13:00,115.870229724,115.769337416,115.769337416,115.870229724
2020-02-25 10:14:00,115.870229724,115.769337416,115.769337416,115.870229724
2020-02-25 10:15:00,115.8069427308,115.8069427308,115.8069427308,115.8069427308
2020-02-25 10:16:00,115.8069427308,115.8069427308,115.8069427308,115.8069427308
2020-02-25 10:17:00,115.8069427308,115.8069427308,115.8069427308,115.8069427308
2020-02-25 10:18:00,115.8069427308,115.8069427308,115.8069427308,115.8069427308
2020-02-25 10:19:00,116.448067488,116.448067488,116.448067488,116.448067488
2020-02-25 10:20:00,116.448067488,116.448067488,116.448067488,116.448067488
2020-02-25 10:21:00,116.448067488,116.448067488,116.448067488,116.448067488
2020-02-25 10:22:00,116.448067488,116.448067488,116.448067488,116.448067488
2020-02-25 10:23:00,116.448067488,116.448067488,116.448067488,116.448067488
2020-02-25 10:24:00,115.448316436,115.47436499552,115.425386366,115.47436499552
2020-02-25 10:25:00,115.3299972748,115.3299972748,115.3299972748,115.3299972748
2020-02-25 10:26:00,115.3299972748,115.3299972748,115.3299972748,115.3299972748
2020-02-25 10:27:00,115.3299972748,115.3299972748,115.3299972748,115.3299972748
2020-02-25 10:28:00,114.943854896,114.943854896,114.943854896,114.943854896
2020-02-25 10:29:00,114.943854896,114.943854896,114.943854896,114.943854896
2020-02-25 10:30:00,114.943854896,114.943854896,114.943854896,114.943854896
2020-02-25 10:31:00,114.943854896,114.943854896,114.943854896,114.943854896
2020-02-25 10:32:00,114.943854896,114.943854896,114.943854896,114.943854896
2020-02-25 10:33:00,114.943854896,114.943854896,114.943854896,114.943854896
2020-02-25 10:34:00,114.943854896,114.943854896,114.943854896,114.943854896
2020-02-25 10:35:00,114.980543008,114.980543008,114.980543008,114.980543008
2020-02-25 10:36:00,114.870478672,114.99430105,114.870478672,114.99430105
2020-02-25 10:37:00,114.870478672,114.99430105,114.870478672,114.99430105
2020-02-25 10:38:00,115.10885967972,115.08134359572,115.08134359572,115.10885967972
2020-02-25 10:39:00,115.10885967972,115.08134359572,115.08134359572,115.10885967972
2020-02-25 10:40:00,115.10885967972,115.08134359572,115.08134359572,115.10885967972
2020-02-25 10:41:00,115.10885967972,115.08134359572,115.08134359572,115.10885967972
2020-02-25 10:42:00,115.081435316,115.081435316,115.081435316,115.081435316
2020-02-25 10:43:00,114.989715036,114.989715036,114.989715036,114.989715036
2020-02-25 10:44:00,115.044747204,115.044747204,115.044747204,115.044747204
2020-02-25 10:45:00,115.044747204,115.044747204,115.044747204,115.044747204
2020-02-25 10:46:00,115.044747204,115.044747204,115.044747204,115.044747204
2020-02-25 10:47:00,115.044747204,115.044747204,115.044747204,115.044747204
2020-02-25 10:48:00,115.044747204,115.044747204,115.044747204,115.044747204
2020-02-25 10:49:00,115.044747204,115.044747204,115.044747204,115.044747204
2020-02-25 10:50:00,115.044747204,115.044747204,115.044747204,115.044747204
2020-02-25 10:51:00,115.044747204,115.044747204,115.044747204,115.044747204
2020-02-25 10:52:00,114.567801748,114.567801748,114.567801748,114.567801748
2020-02-25 10:53:00,114.567801748,114.567801748,114.567801748,114.567801748
2020-02-25 10:54:00,114.347673076,114.4384761532,114.347673076,114.4384761532
2020-02-25 10:55:00,114.347673076,114.4384761532,114.347673076,114.4384761532
2020-02-25 10:56:00,114.347673076,114.4384761532,114.347673076,114.4384761532
2020-02-25 10:57:00,114.347673076,114.4384761532,114.347673076,114.4384761532
2020-02-25 10:58:00,114.347673076,114.4384761532,114.347673076,114.4384761532
2020-02-25 10:59:00,114.347673076,114.4384761532,114.347673076,114.4384761532
2020-02-25 11:00:00,114.347673076,114.4384761532,114.347673076,114.4384761532
2020-02-25 11:01:00,114.347673076,114.4384761532,114.347673076,114.4384761532
2020-02-25 11:02:00,114.347673076,114.4384761532,114.347673076,114.4384761532
2020-02-25 11:03:00,114.347673076,114.4384761532,114.347673076,114.4384761532
2020-02-25 11:04:00,114.347673076,114.4384761532,114.347673076,114.4384761532
2020-02-25 11:05:00,114.347673076,114.4384761532,114.347673076,114.4384761532
2020-02-25 11:06:00,114.347673076,114.4384761532,114.347673076,114.4384761532
2020-02-25 11:07:00,114.347673076,114.4384761532,114.347673076,114.4384761532
2020-02-25 11:08:00,114.6049484614,114.687038112,114.6049484614,114.687038112
2020-02-25 11:09:00,114.6049484614,114.687038112,114.6049484614,114.687038112
2020-02-25 11:10:00,114.6049484614,114.687038112,114.6049484614,114.687038112
2020-02-25 11:11:00,114.6049484614,114.687038112,114.6049484614,114.687038112
2020-02-25 11:12:00,114.705382168,114.705382168,114.705382168,114.705382168
2020-02-25 11:13:00,114.58155979,114.58155979,114.58155979,114.58155979
2020-02-25 11:14:00,114.58155979,114.58155979,114.58155979,114.58155979
2020-02-25 11:15:00,114.58155979,114.58155979,114.58155979,114.58155979
2020-02-25 11:16:00,114.58155979,114.58155979,114.58155979,114.58155979
2020-02-25 11:17:00,114.38610387332,114.38610387332,114.38610387332,114.38610387332
2020-02-25 11:18:00,114.38610387332,114.38610387332,114.38610387332,114.38610387332
2020-02-25 11:19:00,114.38610387332,114.38610387332,114.38610387332,114.38610387332
2020-02-25 11:20:00,114.38610387332,114.38610387332,114.38610387332,114.38610387332
2020-02-25 11:21:00,114.1422196488,114.15074963484,114.1422196488,114.15074963484
2020-02-25 11:22:00,114.1422196488,114.15074963484,114.1422196488,114.15074963484
2020-02-25 11:23:00,114.155060488,114.08342694932,114.08342694932,114.155060488
2020-02-25 11:24:00,114.155060488,114.08342694932,114.08342694932,114.155060488
2020-02-25 11:25:00,114.155060488,114.08342694932,114.08342694932,114.155060488
2020-02-25 11:26:00,114.155060488,114.08342694932,114.08342694932,114.155060488
2020-02-25 11:27:00,114.155060488,114.08342694932,114.08342694932,114.155060488
2020-02-25 11:28:00,114.155060488,114.08342694932,114.08342694932,114.155060488
2020-02-25 11:29:00,114.47635662884,114.47635662884,114.47635662884,114.47635662884
2020-02-25 11:30:00,114.47635662884,114.47635662884,114.47635662884,114.47635662884
2020-02-25 11:31:00,114.47635662884,114.47635662884,114.47635662884,114.47635662884
2020-02-25 11:32:00,114.47635662884,114.47635662884,114.47635662884,114.47635662884
2020-02-25 11:33:00,114.47635662884,114.47635662884,114.47635662884,114.47635662884
2020-02-25 11:34:00,114.47635662884,114.47635662884,114.47635662884,114.47635662884
2020-02-25 11:35:00,114.59385030752,114.59385030752,114.59385030752,114.59385030752
2020-02-25 11:36:00,114.59385030752,114.59385030752,114.59385030752,114.59385030752
2020-02-25 11:37:00,114.521941608,114.521941608,114.521941608,114.521941608
2020-02-25 11:38:00,114.54202834932,114.54202834932,114.54202834932,114.54202834932
2020-02-25 11:39:00,114.54202834932,114.54202834932,114.54202834932,114.54202834932
2020-02-25 11:40:00,114.3985778314,114.48323564984,114.3985778314,114.48323564984
2020-02-25 11:41:00,114.4384761532,114.411877272,114.411877272,114.4384761532
2020-02-25 11:42:00,114.388947202,114.388947202,114.388947202,114.388947202
2020-02-25 11:43:00,114.388947202,114.388947202,114.388947202,114.388947202
2020-02-25 11:44:00,114.388947202,114.388947202,114.388947202,114.388947202
2020-02-25 11:45:00,114.388947202,114.388947202,114.388947202,114.388947202
2020-02-25 11:46:00,114.24457948128,114.200920628,114.200920628,114.24457948128
2020-02-25 11:47:00,114.32932902,114.32932902,114.32932902,114.32932902
2020-02-25 11:48:00,114.32932902,114.32932902,114.32932902,114.32932902
2020-02-25 11:49:00,114.448565384,114.448565384,114.448565384,114.448565384
2020-02-25 11:50:00,114.448565384,114.448565384,114.448565384,114.448565384
2020-02-25 11:51:00,114.448565384,114.448565384,114.448565384,114.448565384
2020-02-25 11:52:00,114.448565384,114.448565384,114.448565384,114.448565384
2020-02-25 11:53:00,114.425635314,114.425635314,114.425635314,114.425635314
2020-02-25 11:54:00,114.4238009084,114.43563282452,114.4238009084,114.457737412
2020-02-25 11:55:00,114.4238009084,114.43563282452,114.4238009084,114.457737412
2020-02-25 11:56:00,114.4238009084,114.43563282452,114.4238009084,114.457737412
2020-02-25 11:57:00,114.4238009084,114.43563282452,114.4238009084,114.457737412
2020-02-25 11:58:00,114.4238009084,114.43563282452,114.4238009084,114.457737412
2020-02-25 11:59:00,114.4238009084,114.43563282452,114.4238009084,114.457737412
2020-02-25 12:00:00,114.4238009084,114.43563282452,114.4238009084,114.457737412
2020-02-25 12:01:00,114.28346888,114.28346888,114.28346888,114.28346888
2020-02-25 12:02:00,114.28346888,114.28346888,114.28346888,114.28346888
2020-02-25 12:03:00,114.28346888,114.28346888,114.28346888,114.28346888
2020-02-25 12:04:00,114.28346888,114.28346888,114.28346888,114.28346888
2020-02-25 12:05:00,114.274296852,114.274296852,114.274296852,114.274296852
2020-02-25 12:06:00,114.23614121552,114.23614121552,114.23614121552,114.23614121552
2020-02-25 12:07:00,114.173404544,114.2321055232,114.173404544,114.2321055232
2020-02-25 12:08:00,114.1743217468,114.21348630636,114.1743217468,114.21348630636
2020-02-25 12:09:00,114.246780768,114.155060488,114.155060488,114.246780768
2020-02-25 12:10:00,114.246780768,114.155060488,114.155060488,114.246780768
2020-02-25 12:11:00,114.246780768,114.155060488,114.155060488,114.246780768
2020-02-25 12:12:00,114.246780768,114.155060488,114.155060488,114.246780768
2020-02-25 12:13:00,114.246780768,114.155060488,114.155060488,114.246780768
2020-02-25 12:14:00,114.246780768,114.155060488,114.155060488,114.246780768
2020-02-25 12:15:00,114.246780768,114.155060488,114.155060488,114.246780768
2020-02-25 12:16:00,113.999136012,113.999136012,113.999136012,113.999136012
2020-02-25 12:17:00,113.999136012,113.999136012,113.999136012,113.999136012
2020-02-25 12:18:00,113.999136012,113.999136012,113.999136012,113.999136012
2020-02-25 12:19:00,113.999136012,113.999136012,113.999136012,113.999136012
2020-02-25 12:20:00,113.999136012,113.999136012,113.999136012,113.999136012
2020-02-25 12:21:00,113.85522689268,113.85522689268,113.85522689268,113.85522689268
2020-02-25 12:22:00,113.87072762,113.87072762,113.87072762,113.87072762
2020-02-25 12:23:00,113.87072762,113.87072762,113.87072762,113.87072762
2020-02-25 12:24:00,113.87072762,113.87072762,113.87072762,113.87072762
2020-02-25 12:25:00,113.79881892048,113.82147382964,113.79881892048,113.82147382964
2020-02-25 12:26:00,113.76139704624,113.76139704624,113.76139704624,113.76139704624
2020-02-25 12:27:00,113.7331472,113.7331472,113.7331472,113.7551600672
2020-02-25 12:28:00,113.7331472,113.7331472,113.7331472,113.7551600672
2020-02-25 12:29:00,113.7331472,113.7331472,113.7331472,113.7551600672
2020-02-25 12:30:00,113.7331472,113.7331472,113.7331472,113.7551600672
2020-02-25 12:31:00,113.7331472,113.7331472,113.7331472,113.7551600672
2020-02-25 12:32:00,113.7331472,113.7331472,113.7331472,113.7551600672
2020-02-25 12:33:00,113.7331472,113.7331472,113.7331472,113.7551600672
2020-02-25 12:34:00,113.7331472,113.7331472,113.7331472,113.7551600672
2020-02-25 12:35:00,113.7331472,113.7331472,113.7331472,113.7551600672
2020-02-25 12:36:00,113.7331472,113.7331472,113.7331472,113.7551600672
2020-02-25 12:37:00,113.7331472,113.7331472,113.7331472,113.7551600672
2020-02-25 12:38:00,113.7331472,113.7331472,113.7331472,113.7551600672
2020-02-25 12:39:00,114.044996152,114.044996152,114.044996152,114.044996152
2020-02-25 12:40:00,114.044996152,114.044996152,114.044996152,114.044996152
2020-02-25 12:41:00,113.971619928,113.971619928,113.971619928,113.971619928
2020-02-25 12:42:00,113.971619928,113.971619928,113.971619928,113.971619928
2020-02-25 12:43:00,113.971619928,113.971619928,113.971619928,113.971619928
2020-02-25 12:44:00,113.971619928,113.971619928,113.971619928,113.971619928
2020-02-25 12:45:00,113.668943004,113.668943004,113.668943004,113.668943004
2020-02-25 12:46:00,113.668943004,113.668943004,113.668943004,113.668943004
2020-02-25 12:47:00,113.668943004,113.668943004,113.668943004,113.668943004
2020-02-25 12:48:00,113.668943004,113.668943004,113.668943004,113.668943004
2020-02-25 12:49:00,113.558878668,113.558878668,113.558878668,113.558878668
2020-02-25 12:50:00,113.558878668,113.558878668,113.558878668,113.558878668
2020-02-25 12:51:00,113.558878668,113.558878668,113.558878668,113.558878668
2020-02-25 12:52:00,113.558878668,113.558878668,113.558878668,113.558878668
2020-02-25 12:53:00,113.513018528,113.513018528,113.513018528,113.513018528
2020-02-25 12:54:00,113.513018528,113.513018528,113.513018528,113.513018528
2020-02-25 12:55:00,113.513018528,113.513018528,113.513018528,113.513018528
2020-02-25 12:56:00,113.513018528,113.513018528,113.513018528,113.513018528
2020-02-25 12:57:00,113.52393324132,113.52393324132,113.52393324132,113.52393324132
2020-02-25 12:58:00,113.485502444,113.467158388,113.467158388,113.485502444
2020-02-25 12:59:00,113.430470276,113.44890605228,113.430470276,113.44890605228
2020-02-25 13:00:00,113.430470276,113.44890605228,113.430470276,113.44890605228
2020-02-25 13:01:00,113.421298248,113.421298248,113.421298248,113.421298248
2020-02-25 13:02:00,113.421298248,113.421298248,113.421298248,113.421298248
2020-02-25 13:03:00,113.421298248,113.421298248,113.421298248,113.421298248
2020-02-25 13:04:00,113.421298248,113.421298248,113.421298248,113.421298248
2020-02-25 13:05:00,113.476330416,113.540534612,113.476330416,113.540534612
2020-02-25 13:06:00,113.476330416,113.540534612,113.476330416,113.540534612
2020-02-25 13:07:00,113.476330416,113.540534612,113.476330416,113.540534612
2020-02-25 13:08:00,113.476330416,113.540534612,113.476330416,113.540534612
2020-02-25 13:09:00,113.531362584,113.59556678,113.531362584,113.59556678
2020-02-25 13:10:00,113.531362584,113.59556678,113.531362584,113.59556678
2020-02-25 13:11:00,113.659770976,113.668943004,113.659770976,113.668943004
2020-02-25 13:12:00,113.659770976,113.668943004,113.659770976,113.668943004
2020-02-25 13:13:00,113.714803144,113.751491256,113.714803144,113.751491256
2020-02-25 13:14:00,113.714803144,113.751491256,113.714803144,113.751491256
2020-02-25 13:15:00,113.714803144,113.751491256,113.714803144,113.751491256
2020-02-25 13:16:00,113.668943004,113.668943004,113.668943004,113.668943004
2020-02-25 13:17:00,113.668943004,113.668943004,113.668943004,113.668943004
2020-02-25 13:18:00,113.384610136,113.384610136,113.384610136,113.384610136
2020-02-25 13:19:00,113.384610136,113.384610136,113.384610136,113.384610136
2020-02-25 13:20:00,113.384610136,113.384610136,113.384610136,113.384610136
2020-02-25 13:21:00,113.384610136,113.384610136,113.384610136,113.384610136
2020-02-25 13:22:00,113.384610136,113.384610136,113.384610136,113.384610136
2020-02-25 13:23:00,113.467158388,113.467158388,113.467158388,113.467158388
2020-02-25 13:24:00,113.467158388,113.467158388,113.467158388,113.467158388
2020-02-25 13:25:00,113.467158388,113.467158388,113.467158388,113.467158388
2020-02-25 13:26:00,113.467158388,113.467158388,113.467158388,113.467158388
2020-02-25 13:27:00,113.467158388,113.467158388,113.467158388,113.467158388
2020-02-25 13:28:00,113.467158388,113.467158388,113.467158388,113.467158388
2020-02-25 13:29:00,113.467158388,113.467158388,113.467158388,113.467158388
2020-02-25 13:30:00,113.402954192,113.430470276,113.402954192,113.430470276
2020-02-25 13:31:00,113.402954192,113.430470276,113.402954192,113.430470276
2020-02-25 13:32:00,113.402954192,113.430470276,113.402954192,113.430470276
2020-02-25 13:33:00,113.402954192,113.430470276,113.402954192,113.430470276
2020-02-25 13:34:00,113.402954192,113.430470276,113.402954192,113.430470276
2020-02-25 13:35:00,113.338749996,113.338749996,113.338749996,113.338749996
2020-02-25 13:36:00,113.338749996,113.338749996,113.338749996,113.338749996
2020-02-25 13:37:00,113.338749996,113.338749996,113.338749996,113.338749996
2020-02-25 13:38:00,113.338749996,113.338749996,113.338749996,113.338749996
2020-02-25 13:39:00,113.338749996,113.338749996,113.338749996,113.338749996
2020-02-25 13:40:00,113.338749996,113.338749996,113.338749996,113.338749996
2020-02-25 13:41:00,113.18282552,113.18282552,113.18282552,113.18282552
2020-02-25 13:42:00,113.18282552,113.18282552,113.18282552,113.18282552
2020-02-25 13:43:00,113.18282552,113.18282552,113.18282552,113.18282552
2020-02-25 13:44:00,113.18282552,113.18282552,113.18282552,113.18282552
2020-02-25 13:45:00,113.18282552,113.18282552,113.18282552,113.18282552
2020-02-25 13:46:00,113.18282552,113.18282552,113.18282552,113.18282552
2020-02-25 13:47:00,113.18282552,113.18282552,113.18282552,113.18282552
2020-02-25 13:48:00,113.18282552,113.18282552,113.18282552,113.18282552
2020-02-25 13:49:00,113.18282552,113.18282552,113.18282552,113.18282552
2020-02-25 13:50:00,113.18282552,113.18282552,113.18282552,113.18282552
2020-02-25 13:51:00,113.18282552,113.18282552,113.18282552,113.18282552
2020-02-25 13:52:00,113.18282552,113.18282552,113.18282552,113.18282552
2020-02-25 13:53:00,113.22868566,113.247029716,113.22868566,113.247029716
2020-02-25 13:54:00,113.22868566,113.247029716,113.22868566,113.247029716
2020-02-25 13:55:00,113.22868566,113.247029716,113.22868566,113.247029716
2020-02-25 13:56:00,113.22868566,113.247029716,113.22868566,113.247029716
2020-02-25 13:57:00,113.22868566,113.247029716,113.22868566,113.247029716
2020-02-25 13:58:00,113.22868566,113.247029716,113.22868566,113.247029716
2020-02-25 13:59:00,113.22868566,113.247029716,113.22868566,113.247029716
2020-02-25 14:00:00,113.09110524,113.063589156,113.063589156,113.09110524
2020-02-25 14:01:00,113.09110524,113.063589156,113.063589156,113.09110524
2020-02-25 14:02:00,112.8159444,112.8159444,112.8159444,112.8159444
2020-02-25 14:03:00,112.8159444,112.8159444,112.8159444,112.8159444
2020-02-25 14:04:00,112.797600344,112.797600344,112.797600344,112.797600344
2020-02-25 14:05:00,112.8159444,112.8159444,112.8159444,112.8159444
2020-02-25 14:06:00,112.8159444,112.8159444,112.8159444,112.8159444
2020-02-25 14:07:00,112.8159444,112.8159444,112.8159444,112.8159444
2020-02-25 14:08:00,112.687536008,112.687536008,112.687536008,112.687536008
2020-02-25 14:09:00,112.687536008,112.687536008,112.687536008,112.687536008
2020-02-25 14:10:00,112.338998944,112.476579364,112.26562272,112.476579364
2020-02-25 14:11:00,112.338998944,112.476579364,112.26562272,112.476579364
2020-02-25 14:12:00,112.338998944,112.476579364,112.26562272,112.476579364
2020-02-25 14:13:00,112.338998944,112.476579364,112.26562272,112.476579364
2020-02-25 14:14:00,112.338998944,112.476579364,112.26562272,112.476579364
2020-02-25 14:15:00,112.338998944,112.476579364,112.26562272,112.476579364
2020-02-25 14:16:00,112.338998944,112.476579364,112.26562272,112.476579364
2020-02-25 14:17:00,112.338998944,112.476579364,112.26562272,112.476579364
2020-02-25 14:18:00,112.338998944,112.476579364,112.26562272,112.476579364
2020-02-25 14:19:00,112.394031112,112.394031112,112.394031112,112.394031112
2020-02-25 14:20:00,112.394031112,112.394031112,112.394031112,112.394031112
2020-02-25 14:21:00,112.394031112,112.394031112,112.394031112,112.394031112
2020-02-25 14:22:00,112.394031112,112.394031112,112.394031112,112.394031112
2020-02-25 14:23:00,112.394031112,112.394031112,112.394031112,112.394031112
2020-02-25 14:24:00,112.394031112,112.394031112,112.394031112,112.394031112
2020-02-25 14:25:00,112.394031112,112.394031112,112.394031112,112.394031112
2020-02-25 14:26:00,112.394031112,112.394031112,112.394031112,112.394031112
2020-02-25 14:27:00,112.394031112,112.394031112,112.394031112,112.394031112
2020-02-25 14:28:00,112.394031112,112.394031112,112.394031112,112.394031112
2020-02-25 14:29:00,112.17390244,112.17390244,112.17390244,112.17390244
2020-02-25 14:30:00,112.17390244,112.17390244,112.17390244,112.17390244
2020-02-25 14:31:00,112.17390244,112.17390244,112.17390244,112.17390244
2020-02-25 14:32:00,112.17390244,112.17390244,112.17390244,112.17390244
2020-02-25 14:33:00,112.17390244,112.17390244,112.17390244,112.17390244
2020-02-25 14:34:00,112.054666076,112.054666076,112.054666076,112.054666076
2020-02-25 14:35:00,112.054666076,112.054666076,112.054666076,112.054666076
2020-02-25 14:36:00,112.054666076,112.054666076,112.054666076,112.054666076
2020-02-25 14:37:00,112.054666076,112.054666076,112.054666076,112.054666076
2020-02-25 14:38:00,112.054666076,112.054666076,112.054666076,112.054666076
2020-02-25 14:39:00,112.054666076,112.054666076,112.054666076,112.054666076
2020-02-25 14:40:00,112.054666076,112.054666076,112.054666076,112.054666076
2020-02-25 14:41:00,112.054666076,112.054666076,112.054666076,112.054666076
2020-02-25 14:42:00,112.054666076,112.054666076,112.054666076,112.054666076
2020-02-25 14:43:00,111.935429712,111.935429712,111.935429712,111.935429712
2020-02-25 14:44:00,112.183074468,112.183074468,112.183074468,112.183074468
2020-02-25 14:45:00,112.183074468,112.183074468,112.183074468,112.183074468
2020-02-25 14:46:00,112.201418524,112.201418524,112.201418524,112.201418524
2020-02-25 14:47:00,112.17390244,112.192246496,112.17390244,112.192246496
2020-02-25 14:48:00,112.17390244,112.17390244,112.17390244,112.17390244
2020-02-25 14:49:00,112.17390244,112.17390244,112.17390244,112.17390244
2020-02-25 14:50:00,112.17390244,112.17390244,112.17390244,112.17390244
2020-02-25 14:51:00,112.17390244,112.17390244,112.17390244,112.17390244
2020-02-25 14:52:00,112.17390244,112.17390244,112.17390244,112.17390244
2020-02-25 14:53:00,112.17390244,112.17390244,112.17390244,112.17390244
2020-02-25 14:54:00,112.17390244,112.17390244,112.17390244,112.17390244
2020-02-25 14:55:00,112.17390244,112.17390244,112.17390244,112.17390244
2020-02-25 14:56:00,112.17390244,112.17390244,112.17390244,112.17390244
2020-02-25 14:57:00,112.549955588,112.549955588,112.549955588,112.549955588
2020-02-25 14:58:00,112.549955588,112.549955588,112.549955588,112.549955588
2020-02-25 14:59:00,112.549955588,112.549955588,112.549955588,112.549955588
2020-02-25 15:00:00,112.549955588,112.549955588,112.549955588,112.549955588
2020-02-25 15:01:00,112.549955588,112.549955588,112.549955588,112.549955588
2020-02-25 15:02:00,112.568299644,112.577471672,112.568299644,112.577471672
2020-02-25 15:03:00,112.568299644,112.577471672,112.568299644,112.577471672
2020-02-25 15:04:00,112.568299644,112.577471672,112.568299644,112.577471672
2020-02-25 15:05:00,112.568299644,112.577471672,112.568299644,112.577471672
2020-02-25 15:06:00,112.568299644,112.577471672,112.568299644,112.577471672
2020-02-25 15:07:00,112.568299644,112.577471672,112.568299644,112.577471672
2020-02-25 15:08:00,112.568299644,112.577471672,112.568299644,112.577471672
2020-02-25 15:09:00,112.568299644,112.577471672,112.568299644,112.577471672
2020-02-25 15:10:00,112.568299644,112.577471672,112.568299644,112.577471672
2020-02-25 15:11:00,112.568299644,112.577471672,112.568299644,112.577471672
2020-02-25 15:12:00,112.568299644,112.577471672,112.568299644,112.577471672
2020-02-25 15:13:00,112.568299644,112.577471672,112.568299644,112.577471672
2020-02-25 15:14:00,112.568299644,112.577471672,112.568299644,112.577471672
2020-02-25 15:15:00,112.568299644,112.577471672,112.568299644,112.577471672
2020-02-25 15:16:00,112.568299644,112.577471672,112.568299644,112.577471672
2020-02-25 15:17:00,112.008805936,112.008805936,112.008805936,112.008805936
2020-02-25 15:18:00,112.008805936,112.008805936,112.008805936,112.008805936
2020-02-25 15:19:00,112.008805936,112.008805936,112.008805936,112.008805936
2020-02-25 15:20:00,112.008805936,112.008805936,112.008805936,112.008805936
2020-02-25 15:21:00,112.008805936,112.008805936,112.008805936,112.008805936
2020-02-25 15:22:00,112.008805936,112.008805936,112.008805936,112.008805936
2020-02-25 15:23:00,112.008805936,112.008805936,112.008805936,112.008805936
2020-02-25 15:24:00,112.008805936,112.008805936,112.008805936,112.008805936
2020-02-25 15:25:00,112.008805936,112.008805936,112.008805936,112.008805936
2020-02-25 15:26:00,112.008805936,112.008805936,112.008805936,112.008805936
2020-02-25 15:27:00,112.008805936,112.008805936,112.008805936,112.008805936
2020-02-25 15:28:00,112.008805936,112.008805936,112.008805936,112.008805936
2020-02-25 15:29:00,112.008805936,112.008805936,112.008805936,112.008805936
2020-02-25 15:30:00,112.008805936,112.008805936,112.008805936,112.008805936
2020-02-25 15:31:00,112.008805936,112.008805936,112.008805936,112.008805936
2020-02-25 15:32:00,112.008805936,112.008805936,112.008805936,112.008805936
2020-02-25 15:33:00,112.008805936,112.008805936,112.008805936,112.008805936
2020-02-25 15:34:00,111.30255978,111.30255978,111.30255978,111.30255978
2020-02-25 15:35:00,111.30255978,111.30255978,111.30255978,111.30255978
2020-02-25 15:36:00,111.30255978,111.30255978,111.30255978,111.30255978
2020-02-25 15:37:00,111.375936004,111.375936004,111.375936004,111.375936004
2020-02-25 15:38:00,111.375936004,111.375936004,111.375936004,111.375936004
2020-02-25 15:39:00,111.375936004,111.375936004,111.375936004,111.375936004
2020-02-25 15:40:00,111.375936004,111.375936004,111.375936004,111.375936004
2020-02-25 15:41:00,111.504344396,111.504344396,111.504344396,111.504344396
2020-02-25 15:42:00,111.504344396,111.504344396,111.504344396,111.504344396
2020-02-25 15:43:00,111.504344396,111.504344396,111.504344396,111.504344396
2020-02-25 15:44:00,111.504344396,111.504344396,111.504344396,111.504344396
2020-02-25 15:45:00,111.504344396,111.504344396,111.504344396,111.504344396
2020-02-25 15:46:00,111.504344396,111.504344396,111.504344396,111.504344396
2020-02-25 15:47:00,111.504344396,111.504344396,111.504344396,111.504344396
2020-02-25 15:48:00,111.504344396,111.504344396,111.504344396,111.504344396
2020-02-25 15:49:00,111.504344396,111.504344396,111.504344396,111.504344396
2020-02-25 15:50:00,111.504344396,111.504344396,111.504344396,111.504344396
2020-02-25 15:51:00,111.504344396,111.504344396,111.504344396,111.504344396
2020-02-25 15:52:00,111.504344396,111.504344396,111.504344396,111.504344396
2020-02-25 15:53:00,111.504344396,111.504344396,111.504344396,111.504344396
2020-02-25 15:54:00,111.504344396,111.504344396,111.504344396,111.504344396
2020-02-25 15:55:00,111.53186048,111.53186048,111.53186048,111.53186048
2020-02-25 15:56:00,111.53186048,111.53186048,111.53186048,111.53186048
2020-02-25 15:57:00,111.430968172,111.430968172,111.430968172,111.430968172
2020-02-25 15:58:00,111.430968172,111.430968172,111.430968172,111.430968172
2020-02-25 15:59:00,111.541032508,111.53186048,111.522688452,111.541032508
2020-02-25 16:00:00,111.458484256,111.541032508,111.458484256,111.541032508
2020-02-26 09:31:00,112.155558384,112.155558384,112.155558384,112.155558384
2020-02-26 09:32:00,112.155558384,112.155558384,112.155558384,112.155558384
2020-02-26 09:33:00,112.109698244,112.1280423,112.109698244,112.1280423
2020-02-26 09:34:00,112.274794748,112.28038968508,112.274794748,112.28038968508
2020-02-26 09:35:00,112.256450692,112.467407336,112.256450692,112.476579364
2020-02-26 09:36:00,112.293138804,112.256450692,112.256450692,112.293138804
2020-02-26 09:37:00,112.293138804,112.256450692,112.256450692,112.293138804
2020-02-26 09:38:00,112.293138804,112.256450692,112.256450692,112.293138804
2020-02-26 09:39:00,112.302310832,112.302310832,112.302310832,112.302310832
2020-02-26 09:40:00,112.348170972,112.348170972,112.348170972,112.348170972
2020-02-26 09:41:00,112.669191952,112.660019924,112.660019924,112.669191952
2020-02-26 09:42:00,112.669191952,112.660019924,112.660019924,112.669191952
2020-02-26 09:43:00,112.669191952,112.660019924,112.660019924,112.669191952
2020-02-26 09:44:00,112.669191952,112.660019924,112.660019924,112.669191952
2020-02-26 09:45:00,112.669191952,112.660019924,112.660019924,112.669191952
2020-02-26 09:46:00,112.870976568,112.889320624,112.870976568,112.889320624
2020-02-26 09:47:00,112.889320624,112.889320624,112.889320624,112.889320624
2020-02-26 09:48:00,112.889320624,112.889320624,112.889320624,112.889320624
2020-02-26 09:49:00,112.889320624,112.889320624,112.889320624,112.889320624
2020-02-26 09:50:00,112.889320624,112.889320624,112.889320624,112.889320624
2020-02-26 09:51:00,112.889320624,112.889320624,112.889320624,112.889320624
2020-02-26 09:52:00,112.715052092,112.715052092,112.715052092,112.715052092
2020-02-26 09:53:00,112.715052092,112.715052092,112.715052092,112.715052092
2020-02-26 09:54:00,112.715052092,112.715052092,112.715052092,112.715052092
2020-02-26 09:55:00,112.715052092,112.715052092,112.715052092,112.715052092
2020-02-26 09:56:00,112.715052092,112.715052092,112.715052092,112.715052092
2020-02-26 09:57:00,112.715052092,112.715052092,112.715052092,112.715052092
2020-02-26 09:58:00,112.715052092,112.715052092,112.715052092,112.715052092
2020-02-26 09:59:00,112.715052092,112.715052092,112.715052092,112.715052092
2020-02-26 10:00:00,112.715052092,112.715052092,112.715052092,112.715052092
2020-02-26 10:01:00,112.559127616,112.559127616,112.559127616,112.559127616
2020-02-26 10:02:00,112.568299644,112.568299644,112.568299644,112.568299644
2020-02-26 10:03:00,112.568299644,112.568299644,112.568299644,112.568299644
2020-02-26 10:04:00,112.568299644,112.568299644,112.568299644,112.568299644
2020-02-26 10:05:00,112.568299644,112.568299644,112.568299644,112.568299644
2020-02-26 10:06:00,112.568299644,112.568299644,112.568299644,112.568299644
2020-02-26 10:07:00,112.568299644,112.568299644,112.568299644,112.568299644
2020-02-26 10:08:00,112.568299644,112.568299644,112.568299644,112.568299644
2020-02-26 10:09:00,112.568299644,112.568299644,112.568299644,112.568299644
2020-02-26 10:10:00,112.568299644,112.568299644,112.568299644,112.568299644
2020-02-26 10:11:00,112.568299644,112.568299644,112.568299644,112.568299644
2020-02-26 10:12:00,112.568299644,112.568299644,112.568299644,112.568299644
2020-02-26 10:13:00,112.43053578344,112.338998944,112.338998944,112.43053578344
2020-02-26 10:14:00,112.43053578344,112.338998944,112.338998944,112.43053578344
2020-02-26 10:15:00,112.646261882,112.577471672,112.577471672,112.650847896
2020-02-26 10:16:00,112.646261882,112.577471672,112.577471672,112.650847896
2020-02-26 10:17:00,112.646261882,112.577471672,112.577471672,112.650847896
2020-02-26 10:18:00,112.646261882,112.577471672,112.577471672,112.650847896
2020-02-26 10:19:00,112.646261882,112.577471672,112.577471672,112.650847896
2020-02-26 10:20:00,112.8416260784,112.8269508336,112.8269508336,112.8416260784
2020-02-26 10:21:00,112.8416260784,112.8269508336,112.8269508336,112.8416260784
2020-02-26 10:22:00,112.8416260784,112.8269508336,112.8269508336,112.8416260784
2020-02-26 10:23:00,112.77943972856,112.77943972856,112.77943972856,112.77943972856
2020-02-26 10:24:00,112.77943972856,112.77943972856,112.77943972856,112.77943972856
2020-02-26 10:25:00,112.77943972856,112.77943972856,112.77943972856,112.77943972856
2020-02-26 10:26:00,112.77943972856,112.77943972856,112.77943972856,112.77943972856
2020-02-26 10:27:00,112.687536008,112.687536008,112.687536008,112.687536008
2020-02-26 10:28:00,112.687536008,112.687536008,112.687536008,112.687536008
2020-02-26 10:29:00,112.687536008,112.687536008,112.687536008,112.687536008
2020-02-26 10:30:00,112.687536008,112.687536008,112.687536008,112.687536008
2020-02-26 10:31:00,112.687536008,112.687536008,112.687536008,112.687536008
2020-02-26 10:32:00,112.577471672,112.577471672,112.577471672,112.577471672
2020-02-26 10:33:00,112.577471672,112.577471672,112.577471672,112.577471672
2020-02-26 10:34:00,112.7737530712,112.8159444,112.7737530712,112.8159444
2020-02-26 10:35:00,112.78650219012,112.78650219012,112.78650219012,112.78650219012
2020-02-26 10:36:00,112.78650219012,112.78650219012,112.78650219012,112.78650219012
2020-02-26 10:37:00,112.78650219012,112.78650219012,112.78650219012,112.78650219012
2020-02-26 10:38:00,111.458484256,111.458484256,111.458484256,111.458484256
2020-02-26 10:39:00,111.458484256,111.458484256,111.458484256,111.458484256
2020-02-26 10:40:00,111.458484256,111.458484256,111.458484256,111.458484256
2020-02-26 10:41:00,111.458484256,111.458484256,111.458484256,111.458484256
2020-02-26 10:42:00,111.458484256,111.458484256,111.458484256,111.458484256
2020-02-26 10:43:00,111.458484256,111.458484256,111.458484256,111.458484256
2020-02-26 10:44:00,111.458484256,111.458484256,111.458484256,111.458484256
2020-02-26 10:45:00,113.0048881768,113.0048881768,113.0048881768,113.0048881768
2020-02-26 10:46:00,113.0048881768,113.0048881768,113.0048881768,113.0048881768
2020-02-26 10:47:00,113.0048881768,113.0048881768,113.0048881768,113.0048881768
2020-02-26 10:48:00,112.962696848,112.962696848,112.962696848,112.962696848
2020-02-26 10:49:00,112.962696848,112.962696848,112.962696848,112.962696848
2020-02-26 10:50:00,112.962696848,112.962696848,112.962696848,112.962696848
2020-02-26 10:51:00,113.00415441456,113.00415441456,113.00415441456,113.00415441456
2020-02-26 10:52:00,113.00415441456,113.00415441456,113.00415441456,113.00415441456
2020-02-26 10:53:00,113.100277268,113.100277268,113.100277268,113.100277268
2020-02-26 10:54:00,113.008556988,113.07377010708,113.008556988,113.07377010708
2020-02-26 10:55:00,113.008556988,113.07377010708,113.008556988,113.07377010708
2020-02-26 10:56:00,113.008556988,113.07377010708,113.008556988,113.07377010708
2020-02-26 10:57:00,112.880148596,112.880148596,112.880148596,112.880148596
2020-02-26 10:58:00,112.880148596,112.880148596,112.880148596,112.880148596
2020-02-26 10:59:00,112.880148596,112.880148596,112.880148596,112.880148596
2020-02-26 11:00:00,112.880148596,112.880148596,112.880148596,112.880148596
2020-02-26 11:01:00,112.880148596,112.880148596,112.880148596,112.880148596
2020-02-26 11:02:00,112.880148596,112.880148596,112.880148596,112.880148596
2020-02-26 11:03:00,112.880148596,112.880148596,112.880148596,112.880148596
2020-02-26 11:04:00,112.880148596,112.880148596,112.880148596,112.880148596
2020-02-26 11:05:00,112.84034199448,112.84034199448,112.84034199448,112.84034199448
2020-02-26 11:06:00,112.75183192428,112.75183192428,112.75183192428,112.75183192428
2020-02-26 11:07:00,112.733396148,112.733396148,112.733396148,112.733396148
2020-02-26 11:08:00,112.733396148,112.733396148,112.733396148,112.733396148
2020-02-26 11:09:00,112.733396148,112.733396148,112.733396148,112.733396148
2020-02-26 11:10:00,112.733396148,112.733396148,112.733396148,112.733396148
2020-02-26 11:11:00,112.733396148,112.733396148,112.733396148,112.733396148
2020-02-26 11:12:00,112.733396148,112.733396148,112.733396148,112.733396148
2020-02-26 11:13:00,112.733396148,112.733396148,112.733396148,112.733396148
2020-02-26 11:14:00,112.733396148,112.733396148,112.733396148,112.733396148
2020-02-26 11:15:00,112.733396148,112.733396148,112.733396148,112.733396148
2020-02-26 11:16:00,112.733396148,112.733396148,112.733396148,112.733396148
2020-02-26 11:17:00,112.733396148,112.733396148,112.733396148,112.733396148
2020-02-26 11:18:00,112.733396148,112.733396148,112.733396148,112.733396148
2020-02-26 11:19:00,112.733396148,112.733396148,112.733396148,112.733396148
2020-02-26 11:20:00,112.733396148,112.733396148,112.733396148,112.733396148
2020-02-26 11:21:00,112.733396148,112.733396148,112.733396148,112.733396148
2020-02-26 11:22:00,112.733396148,112.733396148,112.733396148,112.733396148
2020-02-26 11:23:00,112.733396148,112.733396148,112.733396148,112.733396148
2020-02-26 11:24:00,112.733396148,112.733396148,112.733396148,112.733396148
2020-02-26 11:25:00,112.733396148,112.733396148,112.733396148,112.733396148
2020-02-26 11:26:00,112.733396148,112.733396148,112.733396148,112.733396148
2020-02-26 11:27:00,112.733396148,112.733396148,112.733396148,112.733396148
2020-02-26 11:28:00,112.733396148,112.733396148,112.733396148,112.733396148
2020-02-26 11:29:00,112.733396148,112.733396148,112.733396148,112.733396148
2020-02-26 11:30:00,113.311233912,113.302061884,113.302061884,113.311233912
2020-02-26 11:31:00,113.311233912,113.302061884,113.302061884,113.311233912
2020-02-26 11:32:00,113.311233912,113.302061884,113.302061884,113.311233912
2020-02-26 11:33:00,113.0553343308,113.0553343308,113.0553343308,113.0553343308
2020-02-26 11:34:00,113.0553343308,113.0553343308,113.0553343308,113.0553343308
2020-02-26 11:35:00,113.0553343308,113.0553343308,113.0553343308,113.0553343308
2020-02-26 11:36:00,113.0553343308,113.0553343308,113.0553343308,113.0553343308
2020-02-26 11:37:00,113.0452451,113.0452451,113.0452451,113.0452451
2020-02-26 11:38:00,113.0452451,113.0452451,113.0452451,113.0452451
2020-02-26 11:39:00,113.22868566,113.22868566,113.219513632,113.22868566
2020-02-26 11:40:00,113.22868566,113.22868566,113.219513632,113.22868566
2020-02-26 11:41:00,113.22868566,113.22868566,113.219513632,113.22868566
2020-02-26 11:42:00,113.22868566,113.22868566,113.219513632,113.22868566
2020-02-26 11:43:00,113.22868566,113.22868566,113.219513632,113.22868566
2020-02-26 11:44:00,113.054417128,113.054417128,113.054417128,113.054417128
2020-02-26 11:45:00,113.054417128,113.054417128,113.054417128,113.054417128
2020-02-26 11:46:00,113.054417128,113.054417128,113.054417128,113.054417128
2020-02-26 11:47:00,113.054417128,113.054417128,113.054417128,113.054417128
2020-02-26 11:48:00,113.054417128,113.054417128,113.054417128,113.054417128
2020-02-26 11:49:00,113.054417128,113.054417128,113.054417128,113.054417128
2020-02-26 11:50:00,112.83410501544,112.8306196448,112.8306196448,112.83410501544
2020-02-26 11:51:00,112.72422412,112.72422412,112.72422412,112.72422412
2020-02-26 11:52:00,112.705880064,112.705880064,112.705880064,112.705880064
2020-02-26 11:53:00,112.705880064,112.705880064,112.705880064,112.705880064
2020-02-26 11:54:00,112.705880064,112.705880064,112.705880064,112.705880064
2020-02-26 11:55:00,112.705880064,112.705880064,112.705880064,112.705880064
2020-02-26 11:56:00,112.48061505632,112.48061505632,112.48061505632,112.48061505632
2020-02-26 11:57:00,112.48061505632,112.48061505632,112.48061505632,112.48061505632
2020-02-26 11:58:00,112.604987756,112.57994811956,112.57994811956,112.604987756
2020-02-26 11:59:00,112.60691388188,112.60691388188,112.60691388188,112.60691388188
2020-02-26 12:00:00,112.60691388188,112.60691388188,112.60691388188,112.60691388188
2020-02-26 12:01:00,112.60691388188,112.60691388188,112.60691388188,112.60691388188
2020-02-26 12:02:00,112.384859084,112.384859084,112.384859084,112.384859084
2020-02-26 12:03:00,112.384859084,112.384859084,112.384859084,112.384859084
2020-02-26 12:04:00,112.384859084,112.384859084,112.384859084,112.384859084
2020-02-26 12:05:00,112.384859084,112.384859084,112.384859084,112.384859084
2020-02-26 12:06:00,112.384859084,112.384859084,112.384859084,112.384859084
2020-02-26 12:07:00,112.08218216,112.008805936,112.008805936,112.08218216
2020-02-26 12:08:00,112.08218216,112.008805936,112.008805936,112.08218216
2020-02-26 12:09:00,111.87984722232,111.8537986628,111.85288146,111.87984722232
2020-02-26 12:10:00,111.87984722232,111.8537986628,111.85288146,111.87984722232
2020-02-26 12:11:00,111.87984722232,111.8537986628,111.85288146,111.87984722232
2020-02-26 12:12:00,112.02274741856,111.999633908,111.999633908,112.02274741856
2020-02-26 12:13:00,112.008805936,112.008805936,112.008805936,112.008805936
2020-02-26 12:14:00,112.00550400592,111.999633908,111.999633908,112.00550400592
2020-02-26 12:15:00,112.00550400592,111.999633908,111.999633908,112.00550400592
2020-02-26 12:16:00,112.00550400592,111.999633908,111.999633908,112.00550400592
2020-02-26 12:17:00,112.00550400592,111.999633908,111.999633908,112.00550400592
2020-02-26 12:18:00,111.76116118,111.76116118,111.76116118,111.76116118
2020-02-26 12:19:00,111.76116118,111.76116118,111.76116118,111.76116118
2020-02-26 12:20:00,111.940015726,111.85288146,111.85288146,111.940015726
2020-02-26 12:21:00,111.940015726,111.85288146,111.85288146,111.940015726
2020-02-26 12:22:00,112.017977964,112.017977964,112.017977964,112.017977964
2020-02-26 12:23:00,112.017977964,112.017977964,112.017977964,112.017977964
2020-02-26 12:24:00,112.017977964,112.017977964,112.017977964,112.017977964
2020-02-26 12:25:00,112.017977964,112.017977964,112.017977964,112.017977964
2020-02-26 12:26:00,112.017977964,112.017977964,112.017977964,112.017977964
2020-02-26 12:27:00,112.017977964,112.017977964,112.017977964,112.017977964
2020-02-26 12:28:00,112.017977964,112.017977964,112.017977964,112.017977964
2020-02-26 12:29:00,112.017977964,112.017977964,112.017977964,112.017977964
2020-02-26 12:30:00,112.017977964,112.017977964,112.017977964,112.017977964
2020-02-26 12:31:00,112.017977964,112.017977964,112.017977964,112.017977964
2020-02-26 12:32:00,112.017977964,112.017977964,112.017977964,112.017977964
2020-02-26 12:33:00,112.017977964,112.017977964,112.017977964,112.017977964
2020-02-26 12:34:00,112.2738775452,112.2738775452,112.2738775452,112.2738775452
2020-02-26 12:35:00,112.247278664,112.23700599264,112.23700599264,112.247278664
2020-02-26 12:36:00,112.247278664,112.23700599264,112.23700599264,112.247278664
2020-02-26 12:37:00,112.247278664,112.23700599264,112.23700599264,112.247278664
2020-02-26 12:38:00,112.247278664,112.23700599264,112.23700599264,112.247278664
2020-02-26 12:39:00,112.247278664,112.23700599264,112.23700599264,112.247278664
2020-02-26 12:40:00,112.247278664,112.23700599264,112.23700599264,112.247278664
2020-02-26 12:41:00,112.247278664,112.23700599264,112.23700599264,112.247278664
2020-02-26 12:42:00,112.03632202,112.03632202,112.03632202,112.03632202
2020-02-26 12:43:00,112.03632202,112.03632202,112.03632202,112.03632202
2020-02-26 12:44:00,112.03632202,112.03632202,112.03632202,112.03632202
2020-02-26 12:45:00,112.03632202,112.03632202,112.03632202,112.03632202
2020-02-26 12:46:00,112.03632202,112.03632202,112.03632202,112.03632202
2020-02-26 12:47:00,112.03632202,112.03632202,112.03632202,112.03632202
2020-02-26 12:48:00,112.14198378256,112.14198378256,112.14198378256,112.14198378256
2020-02-26 12:49:00,112.14198378256,112.14198378256,112.14198378256,112.14198378256
2020-02-26 12:50:00,112.14198378256,112.14198378256,112.14198378256,112.14198378256
2020-02-26 12:51:00,112.14198378256,112.14198378256,112.14198378256,112.14198378256
2020-02-26 12:52:00,112.14198378256,112.14198378256,112.14198378256,112.14198378256
2020-02-26 12:53:00,112.14198378256,112.14198378256,112.14198378256,112.14198378256
2020-02-26 12:54:00,112.14198378256,112.14198378256,112.14198378256,112.14198378256
2020-02-26 12:55:00,112.14198378256,112.14198378256,112.14198378256,112.14198378256
2020-02-26 12:56:00,111.95505785192,111.95505785192,111.95505785192,111.95505785192
2020-02-26 12:57:00,111.95505785192,111.95505785192,111.95505785192,111.95505785192
2020-02-26 12:58:00,111.95505785192,111.95505785192,111.95505785192,111.95505785192
2020-02-26 12:59:00,111.95505785192,111.95505785192,111.95505785192,111.95505785192
2020-02-26 13:00:00,112.06539734876,112.06539734876,112.06539734876,112.06539734876
2020-02-26 13:01:00,112.06539734876,112.06539734876,112.06539734876,112.06539734876
2020-02-26 13:02:00,112.06539734876,112.06539734876,112.06539734876,112.06539734876
2020-02-26 13:03:00,112.12730853776,112.12730853776,112.12730853776,112.12730853776
2020-02-26 13:04:00,112.12730853776,112.12730853776,112.12730853776,112.12730853776
2020-02-26 13:05:00,112.12730853776,112.12730853776,112.12730853776,112.12730853776
2020-02-26 13:06:00,112.12730853776,112.12730853776,112.12730853776,112.12730853776
2020-02-26 13:07:00,111.981289852,111.981289852,111.981289852,111.981289852
2020-02-26 13:08:00,111.981289852,111.981289852,111.981289852,111.981289852
2020-02-26 13:09:00,111.981289852,111.981289852,111.981289852,111.981289852
2020-02-26 13:10:00,111.981289852,111.981289852,111.981289852,111.981289852
2020-02-26 13:11:00,111.981289852,111.981289852,111.981289852,111.981289852
2020-02-26 13:12:00,111.981289852,111.981289852,111.981289852,111.981289852
2020-02-26 13:13:00,111.981289852,111.981289852,111.981289852,111.981289852
2020-02-26 13:14:00,111.981289852,111.981289852,111.981289852,111.981289852
2020-02-26 13:15:00,111.981289852,111.981289852,111.981289852,111.981289852
2020-02-26 13:16:00,111.981289852,111.981289852,111.981289852,111.981289852
2020-02-26 13:17:00,111.981289852,111.981289852,111.981289852,111.981289852
2020-02-26 13:18:00,111.981289852,111.981289852,111.981289852,111.981289852
2020-02-26 13:19:00,111.981289852,111.981289852,111.981289852,111.981289852
2020-02-26 13:20:00,111.655682858,111.655682858,111.655682858,111.655682858
2020-02-26 13:21:00,111.6694409,111.6694409,111.6694409,111.6694409
2020-02-26 13:22:00,111.6694409,111.6694409,111.6694409,111.6694409
2020-02-26 13:23:00,111.6694409,111.6694409,111.6694409,111.6694409
2020-02-26 13:24:00,111.6694409,111.6694409,111.6694409,111.6694409
2020-02-26 13:25:00,111.6694409,111.6694409,111.6694409,111.6694409
2020-02-26 13:26:00,111.6694409,111.6694409,111.6694409,111.6694409
2020-02-26 13:27:00,111.6694409,111.6694409,111.6694409,111.6694409
2020-02-26 13:28:00,111.6694409,111.6694409,111.6694409,111.6694409
2020-02-26 13:29:00,111.6694409,111.6694409,111.6694409,111.6694409
2020-02-26 13:30:00,111.6694409,111.6694409,111.6694409,111.6694409
2020-02-26 13:31:00,111.6694409,111.6694409,111.6694409,111.6694409
2020-02-26 13:32:00,111.6694409,111.6694409,111.6694409,111.6694409
2020-02-26 13:33:00,111.6694409,111.6694409,111.6694409,111.6694409
2020-02-26 13:34:00,111.6694409,111.6694409,111.6694409,111.6694409
2020-02-26 13:35:00,111.6694409,111.6694409,111.6694409,111.6694409
2020-02-26 13:36:00,111.6694409,111.6694409,111.6694409,111.6694409
2020-02-26 13:37:00,111.6694409,111.6694409,111.6694409,111.6694409
2020-02-26 13:38:00,111.6694409,111.6694409,111.6694409,111.6694409
2020-02-26 13:39:00,111.6694409,111.6694409,111.6694409,111.6694409
2020-02-26 13:40:00,111.1438836956,111.13324414312,111.13324414312,111.1438836956
2020-02-26 13:41:00,110.9251308278,110.9251308278,110.9251308278,110.9251308278
2020-02-26 13:42:00,110.9251308278,110.9251308278,110.9251308278,110.9251308278
2020-02-26 13:43:00,111.02739894,111.02739894,111.02739894,111.02739894
2020-02-26 13:44:00,110.986124814,110.9576915272,110.9576915272,110.986124814
2020-02-26 13:45:00,110.986124814,110.9576915272,110.9576915272,110.986124814
2020-02-26 13:46:00,110.80158361064,110.77865354064,110.77865354064,110.80158361064
2020-02-26 13:47:00,110.9393474712,110.9393474712,110.9393474712,110.9393474712
2020-02-26 13:48:00,110.9393474712,110.9393474712,110.9393474712,110.9393474712
2020-02-26 13:49:00,110.9393474712,110.9393474712,110.9393474712,110.9393474712
2020-02-26 13:50:00,111.4282165636,111.39024436768,111.39024436768,111.4282165636
2020-02-26 13:51:00,111.4282165636,111.39024436768,111.39024436768,111.4282165636
2020-02-26 13:52:00,111.4282165636,111.39024436768,111.39024436768,111.4282165636
2020-02-26 13:53:00,111.4282165636,111.39024436768,111.39024436768,111.4282165636
2020-02-26 13:54:00,111.4282165636,111.39024436768,111.39024436768,111.4282165636
2020-02-26 13:55:00,111.174151388,111.174151388,111.174151388,111.174151388
2020-02-26 13:56:00,111.174151388,111.174151388,111.174151388,111.174151388
2020-02-26 13:57:00,111.174151388,111.174151388,111.174151388,111.174151388
2020-02-26 13:58:00,111.174151388,111.174151388,111.174151388,111.174151388
2020-02-26 13:59:00,111.174151388,111.174151388,111.174151388,111.174151388
2020-02-26 14:00:00,110.82634808624,110.82634808624,110.82634808624,110.82634808624
2020-02-26 14:01:00,110.82634808624,110.82634808624,110.82634808624,110.82634808624
2020-02-26 14:02:00,110.82634808624,110.82634808624,110.82634808624,110.82634808624
2020-02-26 14:03:00,110.82634808624,110.82634808624,110.82634808624,110.82634808624
2020-02-26 14:04:00,111.09077765348,111.09077765348,111.09077765348,111.09077765348
2020-02-26 14:05:00,111.09077765348,111.09077765348,111.09077765348,111.09077765348
2020-02-26 14:06:00,111.09077765348,111.09077765348,111.09077765348,111.09077765348
2020-02-26 14:07:00,111.20065854892,111.20065854892,111.20065854892,111.20065854892
2020-02-26 14:08:00,111.18048008732,111.17396794744,111.17396794744,111.18048008732
2020-02-26 14:09:00,111.18048008732,111.17396794744,111.17396794744,111.18048008732
2020-02-26 14:10:00,111.18048008732,111.17396794744,111.17396794744,111.18048008732
2020-02-26 14:11:00,110.95338067404,110.9870420168,110.95338067404,110.9870420168
2020-02-26 14:12:00,110.95338067404,110.9870420168,110.95338067404,110.9870420168
2020-02-26 14:13:00,111.04739396104,111.04739396104,111.04739396104,111.04739396104
2020-02-26 14:14:00,111.2076292902,111.2076292902,111.2076292902,111.2076292902
2020-02-26 14:15:00,111.252113626,111.252113626,111.252113626,111.252113626
2020-02-26 14:16:00,111.3383306892,111.3383306892,111.3383306892,111.3383306892
2020-02-26 14:17:00,111.3383306892,111.3383306892,111.3383306892,111.3383306892
2020-02-26 14:18:00,111.3383306892,111.3383306892,111.3383306892,111.3383306892
2020-02-26 14:19:00,111.3383306892,111.3383306892,111.3383306892,111.3383306892
2020-02-26 14:20:00,111.3383306892,111.3383306892,111.3383306892,111.3383306892
2020-02-26 14:21:00,111.3383306892,111.3383306892,111.3383306892,111.3383306892
2020-02-26 14:22:00,111.3383306892,111.3383306892,111.3383306892,111.3383306892
2020-02-26 14:23:00,111.3383306892,111.3383306892,111.3383306892,111.3383306892
2020-02-26 14:24:00,111.3383306892,111.3383306892,111.3383306892,111.3383306892
2020-02-26 14:25:00,111.3383306892,111.3383306892,111.3383306892,111.3383306892
2020-02-26 14:26:00,111.3383306892,111.3383306892,111.3383306892,111.3383306892
2020-02-26 14:27:00,111.320903836,111.320903836,111.320903836,111.320903836
2020-02-26 14:28:00,111.320903836,111.320903836,111.320903836,111.320903836
2020-02-26 14:29:00,111.320903836,111.320903836,111.320903836,111.320903836
2020-02-26 14:30:00,111.320903836,111.320903836,111.320903836,111.320903836
2020-02-26 14:31:00,111.320903836,111.320903836,111.320903836,111.320903836
2020-02-26 14:32:00,111.320903836,111.320903836,111.320903836,111.320903836
2020-02-26 14:33:00,111.320903836,111.320903836,111.320903836,111.320903836
2020-02-26 14:34:00,111.320903836,111.320903836,111.320903836,111.320903836
2020-02-26 14:35:00,111.320903836,111.320903836,111.320903836,111.320903836
2020-02-26 14:36:00,111.320903836,111.320903836,111.320903836,111.320903836
2020-02-26 14:37:00,111.320903836,111.320903836,111.320903836,111.320903836
2020-02-26 14:38:00,111.320903836,111.320903836,111.320903836,111.320903836
2020-02-26 14:39:00,111.320903836,111.320903836,111.320903836,111.320903836
2020-02-26 14:40:00,111.320903836,111.320903836,111.320903836,111.320903836
2020-02-26 14:41:00,111.320903836,111.320903836,111.320903836,111.320903836
2020-02-26 14:42:00,111.0539978212,111.0539978212,111.0539978212,111.0539978212
2020-02-26 14:43:00,111.0539978212,111.0539978212,111.0539978212,111.0539978212
2020-02-26 14:44:00,110.999882856,110.999882856,110.999882856,110.999882856
2020-02-26 14:45:00,110.999882856,110.999882856,110.999882856,110.999882856
2020-02-26 14:46:00,110.999882856,110.999882856,110.999882856,110.999882856
2020-02-26 14:47:00,110.999882856,110.999882856,110.999882856,110.999882856
2020-02-26 14:48:00,110.84395838,110.84395838,110.84395838,110.84395838
2020-02-26 14:49:00,110.84395838,110.84395838,110.84395838,110.84395838
2020-02-26 14:50:00,110.84395838,110.84395838,110.84395838,110.84395838
2020-02-26 14:51:00,110.954022716,110.954022716,110.954022716,110.954022716
2020-02-26 14:52:00,110.954022716,110.954022716,110.954022716,110.954022716
2020-02-26 14:53:00,110.954022716,110.954022716,110.954022716,110.954022716
2020-02-26 14:54:00,110.954022716,110.954022716,110.954022716,110.954022716
2020-02-26 14:55:00,110.954022716,110.954022716,110.954022716,110.954022716
2020-02-26 14:56:00,110.954022716,110.954022716,110.954022716,110.954022716
2020-02-26 14:57:00,110.954022716,110.954022716,110.954022716,110.954022716
2020-02-26 14:58:00,110.954022716,110.954022716,110.954022716,110.954022716
2020-02-26 14:59:00,110.954022716,110.954022716,110.954022716,110.954022716
2020-02-26 15:00:00,110.954022716,110.954022716,110.954022716,110.954022716
2020-02-26 15:01:00,110.898990548,110.898990548,110.898990548,110.898990548
2020-02-26 15:02:00,110.898990548,110.898990548,110.898990548,110.898990548
2020-02-26 15:03:00,110.788926212,110.788926212,110.788926212,110.788926212
2020-02-26 15:04:00,110.999882856,110.999882856,110.999882856,110.999882856
2020-02-26 15:05:00,110.999882856,110.999882856,110.999882856,110.999882856
2020-02-26 15:06:00,110.999882856,110.999882856,110.999882856,110.999882856
2020-02-26 15:07:00,110.999882856,110.999882856,110.999882856,110.999882856
2020-02-26 15:08:00,110.834786352,110.834786352,110.834786352,110.834786352
2020-02-26 15:09:00,110.834786352,110.834786352,110.834786352,110.834786352
2020-02-26 15:10:00,110.834786352,110.834786352,110.834786352,110.834786352
2020-02-26 15:11:00,110.834786352,110.834786352,110.834786352,110.834786352
2020-02-26 15:12:00,110.834786352,110.834786352,110.834786352,110.834786352
2020-02-26 15:13:00,110.834786352,110.834786352,110.834786352,110.834786352
2020-02-26 15:14:00,110.834786352,110.834786352,110.834786352,110.834786352
2020-02-26 15:15:00,110.834786352,110.834786352,110.834786352,110.834786352
2020-02-26 15:16:00,111.174151388,111.183323416,111.174151388,111.183323416
2020-02-26 15:17:00,111.174151388,111.183323416,111.174151388,111.183323416
2020-02-26 15:18:00,111.174151388,111.183323416,111.174151388,111.183323416
2020-02-26 15:19:00,111.174151388,111.183323416,111.174151388,111.183323416
2020-02-26 15:20:00,111.229183556,111.229183556,111.229183556,111.229183556
2020-02-26 15:21:00,111.155807332,111.155807332,111.155807332,111.155807332
2020-02-26 15:22:00,111.155807332,111.155807332,111.155807332,111.155807332
2020-02-26 15:23:00,111.155807332,111.155807332,111.155807332,111.155807332
2020-02-26 15:24:00,111.155807332,111.155807332,111.155807332,111.155807332
2020-02-26 15:25:00,111.155807332,111.155807332,111.155807332,111.155807332
2020-02-26 15:26:00,111.155807332,111.155807332,111.155807332,111.155807332
2020-02-26 15:27:00,111.155807332,111.155807332,111.155807332,111.155807332
2020-02-26 15:28:00,111.155807332,111.155807332,111.155807332,111.155807332
2020-02-26 15:29:00,111.155807332,111.155807332,111.155807332,111.155807332
2020-02-26 15:30:00,111.155807332,111.155807332,111.155807332,111.155807332
2020-02-26 15:31:00,111.155807332,111.155807332,111.155807332,111.155807332
2020-02-26 15:32:00,111.155807332,111.155807332,111.155807332,111.155807332
2020-02-26 15:33:00,111.155807332,111.155807332,111.155807332,111.155807332
2020-02-26 15:34:00,111.155807332,111.155807332,111.155807332,111.155807332
2020-02-26 15:35:00,110.807270268,110.807270268,110.807270268,110.807270268
2020-02-26 15:36:00,110.880646492,110.880646492,110.880646492,110.880646492
2020-02-26 15:37:00,110.880646492,110.880646492,110.880646492,110.880646492
2020-02-26 15:38:00,110.963194744,110.963194744,110.963194744,110.963194744
2020-02-26 15:39:00,110.963194744,110.963194744,110.963194744,110.963194744
2020-02-26 15:40:00,110.963194744,110.963194744,110.963194744,110.963194744
2020-02-26 15:41:00,110.963194744,110.963194744,110.963194744,110.963194744
2020-02-26 15:42:00,111.054915024,111.054915024,111.054915024,111.054915024
2020-02-26 15:43:00,111.054915024,111.054915024,111.054915024,111.054915024
2020-02-26 15:44:00,111.054915024,111.054915024,111.054915024,111.054915024
2020-02-26 15:45:00,111.054915024,111.054915024,111.054915024,111.054915024
2020-02-26 15:46:00,111.054915024,111.054915024,111.054915024,111.054915024
2020-02-26 15:47:00,111.054915024,111.054915024,111.054915024,111.054915024
2020-02-26 15:48:00,111.054915024,111.054915024,111.054915024,111.054915024
2020-02-26 15:49:00,111.054915024,111.054915024,111.054915024,111.054915024
2020-02-26 15:50:00,111.054915024,111.054915024,111.054915024,111.054915024
2020-02-26 15:51:00,111.054915024,111.054915024,111.054915024,111.054915024
2020-02-26 15:52:00,111.054915024,111.054915024,111.054915024,111.054915024
2020-02-26 15:53:00,111.054915024,111.054915024,111.054915024,111.054915024
2020-02-26 15:54:00,111.054915024,111.054915024,111.054915024,111.054915024
2020-02-26 15:55:00,111.054915024,111.054915024,111.054915024,111.054915024
2020-02-26 15:56:00,111.054915024,111.054915024,111.054915024,111.054915024
2020-02-26 15:57:00,111.054915024,111.054915024,111.054915024,111.054915024
2020-02-26 15:58:00,111.054915024,111.054915024,111.054915024,111.054915024
2020-02-26 15:59:00,111.054915024,111.054915024,111.054915024,111.054915024
2020-02-26 16:00:00,110.816442296,110.853130408,110.816442296,110.871474464
2020-02-27 09:31:00,108.716047884,108.908660472,108.615155576,108.908660472
2020-02-27 09:32:00,108.78080240168,108.78080240168,108.78080240168,108.78080240168
2020-02-27 09:33:00,108.78080240168,108.78080240168,108.78080240168,108.78080240168
2020-02-27 09:34:00,108.789424108,108.789424108,108.789424108,108.789424108
2020-02-27 09:35:00,108.789424108,108.789424108,108.789424108,108.789424108
2020-02-27 09:36:00,108.789424108,108.789424108,108.789424108,108.789424108
2020-02-27 09:37:00,108.77584950656,108.7472327792,108.7472327792,108.77584950656
2020-02-27 09:38:00,108.890316416,108.702289842,108.683945786,108.890316416
2020-02-27 09:39:00,109.1471332,109.037068864,109.037068864,109.1471332
2020-02-27 09:40:00,109.1471332,109.037068864,109.037068864,109.1471332
2020-02-27 09:41:00,109.1471332,109.037068864,109.037068864,109.1471332
2020-02-27 09:42:00,108.86637742292,108.86637742292,108.86637742292,108.86637742292
2020-02-27 09:43:00,108.913246486,109.0512855074,108.913246486,109.0512855074
2020-02-27 09:44:00,108.913246486,109.0512855074,108.913246486,109.0512855074
2020-02-27 09:45:00,108.58598852696,108.58598852696,108.58598852696,108.58598852696
2020-02-27 09:46:00,108.54398063872,108.54398063872,108.54398063872,108.54398063872
2020-02-27 09:47:00,108.54398063872,108.54398063872,108.54398063872,108.54398063872
2020-02-27 09:48:00,108.381268862,108.303306624,108.303306624,108.381268862
2020-02-27 09:49:00,108.381268862,108.303306624,108.303306624,108.381268862
2020-02-27 09:50:00,108.6124039676,108.41346268028,108.41346268028,108.6124039676
2020-02-27 09:51:00,108.6124039676,108.41346268028,108.41346268028,108.6124039676
2020-02-27 09:52:00,108.6124039676,108.41346268028,108.41346268028,108.6124039676
2020-02-27 09:53:00,108.6124039676,108.41346268028,108.41346268028,108.6124039676
2020-02-27 09:54:00,108.6124039676,108.41346268028,108.41346268028,108.6124039676
2020-02-27 09:55:00,108.6124039676,108.41346268028,108.41346268028,108.6124039676
2020-02-27 09:56:00,108.6124039676,108.41346268028,108.41346268028,108.6124039676
2020-02-27 09:57:00,108.6124039676,108.41346268028,108.41346268028,108.6124039676
2020-02-27 09:58:00,108.6124039676,108.41346268028,108.41346268028,108.6124039676
2020-02-27 09:59:00,108.6124039676,108.41346268028,108.41346268028,108.6124039676
2020-02-27 10:00:00,108.6124039676,108.41346268028,108.41346268028,108.6124039676
2020-02-27 10:01:00,108.6124039676,108.41346268028,108.41346268028,108.6124039676
2020-02-27 10:02:00,108.6124039676,108.41346268028,108.41346268028,108.6124039676
2020-02-27 10:03:00,108.266618512,108.266618512,108.266618512,108.266618512
2020-02-27 10:04:00,108.266618512,108.266618512,108.266618512,108.266618512
2020-02-27 10:05:00,108.266618512,108.266618512,108.266618512,108.266618512
2020-02-27 10:06:00,108.266618512,108.266618512,108.266618512,108.266618512
2020-02-27 10:07:00,108.266618512,108.266618512,108.266618512,108.266618512
2020-02-27 10:08:00,108.266618512,108.266618512,108.266618512,108.266618512
2020-02-27 10:09:00,108.266618512,108.266618512,108.266618512,108.266618512
2020-02-27 10:10:00,108.266618512,108.266618512,108.266618512,108.266618512
2020-02-27 10:11:00,108.266618512,108.266618512,108.266618512,108.266618512
2020-02-27 10:12:00,108.385854876,108.385854876,108.385854876,108.385854876
2020-02-27 10:13:00,108.33348259612,108.239102428,108.239102428,108.33348259612
2020-02-27 10:14:00,108.41337096,108.41337096,108.404198932,108.41337096
2020-02-27 10:15:00,108.41337096,108.41337096,108.404198932,108.41337096
2020-02-27 10:16:00,108.486747184,108.395026904,108.395026904,108.486747184
2020-02-27 10:17:00,108.486747184,108.395026904,108.395026904,108.486747184
2020-02-27 10:18:00,108.284962568,108.2446056448,108.2446056448,108.284962568
2020-02-27 10:19:00,108.257446484,108.239102428,108.239102428,108.257446484
2020-02-27 10:20:00,108.18407026,108.129038092,108.129038092,108.18407026
2020-02-27 10:21:00,108.174898232,108.202414316,108.174898232,108.202414316
2020-02-27 10:22:00,108.174898232,108.202414316,108.174898232,108.202414316
2020-02-27 10:23:00,108.13821012,108.13821012,108.13821012,108.13821012
2020-02-27 10:24:00,108.13821012,108.13821012,108.13821012,108.13821012
2020-02-27 10:25:00,108.009801728,108.009801728,108.009801728,108.009801728
2020-02-27 10:26:00,108.009801728,108.009801728,108.009801728,108.009801728
2020-02-27 10:27:00,108.009801728,108.009801728,108.009801728,108.009801728
2020-02-27 10:28:00,107.8923997696,107.8923997696,107.8923997696,107.8923997696
2020-02-27 10:29:00,107.8923997696,107.8923997696,107.8923997696,107.8923997696
2020-02-27 10:30:00,107.8923997696,107.8923997696,107.8923997696,107.8923997696
2020-02-27 10:31:00,107.890565364,107.890565364,107.853877252,107.890565364
2020-02-27 10:32:00,107.890565364,107.890565364,107.853877252,107.890565364
2020-02-27 10:33:00,107.890565364,107.890565364,107.853877252,107.890565364
2020-02-27 10:34:00,107.890565364,107.890565364,107.853877252,107.890565364
2020-02-27 10:35:00,107.55890483152,107.55890483152,107.55890483152,107.55890483152
2020-02-27 10:36:00,107.38922231352,107.41793076116,107.36858525052,107.41793076116
2020-02-27 10:37:00,107.578716412,107.578716412,107.578716412,107.578716412
2020-02-27 10:38:00,107.578716412,107.578716412,107.578716412,107.578716412
2020-02-27 10:39:00,107.844705224,107.86304928,107.844705224,107.86304928
2020-02-27 10:40:00,110.816442296,110.816442296,110.816442296,110.816442296
2020-02-27 10:41:00,108.07648237156,108.07648237156,108.07648237156,108.07648237156
2020-02-27 10:42:00,108.0006297,108.0006297,107.991457672,108.0006297
2020-02-27 10:43:00,108.11601381224,108.11601381224,108.11601381224,108.11601381224
2020-02-27 10:44:00,108.11601381224,108.11601381224,108.11601381224,108.11601381224
2020-02-27 10:45:00,108.11601381224,108.11601381224,108.11601381224,108.11601381224
2020-02-27 10:46:00,108.11601381224,108.11601381224,108.11601381224,108.11601381224
2020-02-27 10:47:00,108.11601381224,108.11601381224,108.11601381224,108.11601381224
2020-02-27 10:48:00,108.578467464,108.578467464,108.578467464,108.578467464
2020-02-27 10:49:00,108.578467464,108.578467464,108.578467464,108.578467464
2020-02-27 10:50:00,108.6885318,108.6885318,108.6885318,108.6885318
2020-02-27 10:51:00,108.6885318,108.6885318,108.6885318,108.6885318
2020-02-27 10:52:00,108.91287960488,108.91287960488,108.91287960488,108.91287960488
2020-02-27 10:53:00,108.91287960488,108.91287960488,108.91287960488,108.91287960488
2020-02-27 10:54:00,108.752735996,108.752735996,108.752735996,108.752735996
2020-02-27 10:55:00,108.752735996,108.752735996,108.752735996,108.752735996
2020-02-27 10:56:00,108.752735996,108.752735996,108.752735996,108.752735996
2020-02-27 10:57:00,108.74613213584,108.74613213584,108.74613213584,108.74613213584
2020-02-27 10:58:00,108.807768164,108.807768164,108.807768164,108.807768164
2020-02-27 10:59:00,108.945348584,109.000380752,108.945348584,109.000380752
2020-02-27 11:00:00,108.945348584,109.000380752,108.945348584,109.000380752
2020-02-27 11:01:00,109.275541592,109.137961172,109.137961172,109.275541592
2020-02-27 11:02:00,109.275541592,109.137961172,109.137961172,109.275541592
2020-02-27 11:03:00,109.33057376,109.33057376,109.33057376,109.33057376
2020-02-27 11:04:00,109.128789144,109.174649284,109.128789144,109.174649284
2020-02-27 11:05:00,109.128789144,109.174649284,109.128789144,109.174649284
2020-02-27 11:06:00,109.037068864,109.037068864,109.037068864,109.037068864
2020-02-27 11:07:00,109.037068864,109.037068864,109.037068864,109.037068864
2020-02-27 11:08:00,109.220509424,109.229681452,109.220509424,109.229681452
2020-02-27 11:09:00,109.477326208,109.578218516,109.477326208,109.578218516
2020-02-27 11:10:00,109.477326208,109.578218516,109.477326208,109.578218516
2020-02-27 11:11:00,109.541530404,109.541530404,109.541530404,109.541530404
2020-02-27 11:12:00,109.541530404,109.541530404,109.541530404,109.541530404
2020-02-27 11:13:00,109.339745788,109.339745788,109.339745788,109.339745788
2020-02-27 11:14:00,109.128789144,109.128789144,109.128789144,109.128789144
2020-02-27 11:15:00,109.128789144,109.128789144,109.128789144,109.128789144
2020-02-27 11:16:00,109.312229704,109.312229704,109.312229704,109.312229704
2020-02-27 11:17:00,109.266369564,109.266369564,109.266369564,109.266369564
2020-02-27 11:18:00,109.303057676,109.303057676,109.303057676,109.303057676
2020-02-27 11:19:00,109.303057676,109.303057676,109.303057676,109.303057676
2020-02-27 11:20:00,109.303057676,109.303057676,109.303057676,109.303057676
2020-02-27 11:21:00,109.303057676,109.303057676,109.303057676,109.303057676
2020-02-27 11:22:00,109.449810124,109.449810124,109.449810124,109.449810124
2020-02-27 11:23:00,109.449810124,109.449810124,109.449810124,109.449810124
2020-02-27 11:24:00,109.312229704,109.312229704,109.303057676,109.312229704
2020-02-27 11:25:00,109.23885348,109.229681452,109.220509424,109.23885348
2020-02-27 11:26:00,109.23885348,109.229681452,109.220509424,109.23885348
2020-02-27 11:27:00,109.10127306,109.10127306,109.10127306,109.10127306
2020-02-27 11:28:00,109.10127306,109.10127306,109.10127306,109.10127306
2020-02-27 11:29:00,109.10127306,109.10127306,109.10127306,109.10127306
2020-02-27 11:30:00,109.10127306,109.10127306,109.10127306,109.10127306
2020-02-27 11:31:00,109.10127306,109.10127306,109.10127306,109.10127306
2020-02-27 11:32:00,109.10127306,109.10127306,109.10127306,109.10127306
2020-02-27 11:33:00,109.174649284,109.174649284,109.174649284,109.174649284
2020-02-27 11:34:00,109.321401732,109.321401732,109.321401732,109.321401732
2020-02-27 11:35:00,109.073756976,109.073756976,109.073756976,109.073756976
2020-02-27 11:36:00,109.05541292,109.05541292,109.05541292,109.05541292
2020-02-27 11:37:00,109.05541292,109.05541292,109.05541292,109.05541292
2020-02-27 11:38:00,109.05541292,109.05541292,109.05541292,109.05541292
2020-02-27 11:39:00,109.05541292,109.05541292,109.05541292,109.05541292
2020-02-27 11:40:00,109.05541292,109.05541292,109.05541292,109.05541292
2020-02-27 11:41:00,109.018724808,109.064584948,109.018724808,109.064584948
2020-02-27 11:42:00,109.018724808,109.064584948,109.018724808,109.064584948
2020-02-27 11:43:00,109.018724808,109.064584948,109.018724808,109.064584948
2020-02-27 11:44:00,109.018724808,109.064584948,109.018724808,109.064584948
2020-02-27 11:45:00,109.018724808,109.064584948,109.018724808,109.064584948
2020-02-27 11:46:00,109.018724808,109.064584948,109.018724808,109.064584948
2020-02-27 11:47:00,109.018724808,109.064584948,109.018724808,109.064584948
2020-02-27 11:48:00,109.018724808,109.064584948,109.018724808,109.064584948
2020-02-27 11:49:00,109.018724808,109.064584948,109.018724808,109.064584948
2020-02-27 11:50:00,109.018724808,109.064584948,109.018724808,109.064584948
2020-02-27 11:51:00,109.018724808,109.064584948,109.018724808,109.064584948
2020-02-27 11:52:00,109.018724808,109.064584948,109.018724808,109.064584948
2020-02-27 11:53:00,109.018724808,109.064584948,109.018724808,109.064584948
2020-02-27 11:54:00,109.018724808,109.064584948,109.018724808,109.064584948
2020-02-27 11:55:00,109.018724808,109.064584948,109.018724808,109.064584948
2020-02-27 11:56:00,109.018724808,109.064584948,109.018724808,109.064584948
2020-02-27 11:57:00,109.293885648,109.293885648,109.293885648,109.293885648
2020-02-27 11:58:00,109.394777956,109.394777956,109.394777956,109.394777956
2020-02-27 11:59:00,109.394777956,109.394777956,109.394777956,109.394777956
2020-02-27 12:00:00,109.394777956,109.394777956,109.394777956,109.394777956
2020-02-27 12:01:00,109.449810124,109.477326208,109.449810124,109.477326208
2020-02-27 12:02:00,109.660766768,109.642422712,109.642422712,109.660766768
2020-02-27 12:03:00,109.660766768,109.642422712,109.642422712,109.660766768
2020-02-27 12:04:00,109.660766768,109.642422712,109.642422712,109.660766768
2020-02-27 12:05:00,109.532358376,109.532358376,109.523186348,109.532358376
2020-02-27 12:06:00,109.532358376,109.532358376,109.523186348,109.532358376
2020-02-27 12:07:00,109.532358376,109.532358376,109.523186348,109.532358376
2020-02-27 12:08:00,109.532358376,109.532358376,109.523186348,109.532358376
2020-02-27 12:09:00,109.532358376,109.532358376,109.523186348,109.532358376
2020-02-27 12:10:00,109.825863272,109.78917516,109.78917516,109.825863272
2020-02-27 12:11:00,109.825863272,109.78917516,109.78917516,109.825863272
2020-02-27 12:12:00,109.825863272,109.78917516,109.78917516,109.825863272
2020-02-27 12:13:00,109.825863272,109.78917516,109.78917516,109.825863272
2020-02-27 12:14:00,109.825863272,109.78917516,109.78917516,109.825863272
2020-02-27 12:15:00,109.825863272,109.78917516,109.78917516,109.825863272
2020-02-27 12:16:00,109.825863272,109.78917516,109.78917516,109.825863272
2020-02-27 12:17:00,109.825863272,109.78917516,109.78917516,109.825863272
2020-02-27 12:18:00,109.825863272,109.78917516,109.78917516,109.825863272
2020-02-27 12:19:00,109.825863272,109.78917516,109.78917516,109.825863272
2020-02-27 12:20:00,109.825863272,109.78917516,109.78917516,109.825863272
2020-02-27 12:21:00,109.825863272,109.78917516,109.78917516,109.825863272
2020-02-27 12:22:00,109.825863272,109.78917516,109.78917516,109.825863272
2020-02-27 12:23:00,109.825863272,109.78917516,109.78917516,109.825863272
2020-02-27 12:24:00,109.825863272,109.78917516,109.78917516,109.825863272
2020-02-27 12:25:00,109.303057676,109.3764339,109.303057676,109.3764339
2020-02-27 12:26:00,109.303057676,109.3764339,109.303057676,109.3764339
2020-02-27 12:27:00,109.624078656,109.624078656,109.624078656,109.624078656
2020-02-27 12:28:00,109.770831104,109.770831104,109.770831104,109.770831104
2020-02-27 12:29:00,109.770831104,109.770831104,109.770831104,109.770831104
2020-02-27 12:30:00,109.770831104,109.770831104,109.770831104,109.770831104
2020-02-27 12:31:00,109.8350353,109.8350353,109.8350353,109.8350353
2020-02-27 12:32:00,109.963443692,109.963443692,109.963443692,109.963443692
2020-02-27 12:33:00,110.064336,110.055163972,110.055163972,110.064336
2020-02-27 12:34:00,110.174400336,110.174400336,110.174400336,110.174400336
2020-02-27 12:35:00,110.174400336,110.174400336,110.174400336,110.174400336
2020-02-27 12:36:00,110.091852084,110.082680056,110.082680056,110.091852084
2020-02-27 12:37:00,110.091852084,110.082680056,110.082680056,110.091852084
2020-02-27 12:38:00,110.091852084,110.082680056,110.082680056,110.091852084
2020-02-27 12:39:00,110.091852084,110.082680056,110.082680056,110.091852084
2020-02-27 12:40:00,110.091852084,110.082680056,110.082680056,110.091852084
2020-02-27 12:41:00,110.027647888,110.027647888,110.027647888,110.027647888
2020-02-27 12:42:00,110.027647888,110.027647888,110.027647888,110.027647888
2020-02-27 12:43:00,110.027647888,110.027647888,110.027647888,110.027647888
2020-02-27 12:44:00,110.027647888,110.027647888,110.027647888,110.027647888
2020-02-27 12:45:00,109.963443692,109.963443692,109.963443692,109.963443692
2020-02-27 12:46:00,109.844207328,109.844207328,109.844207328,109.844207328
2020-02-27 12:47:00,109.844207328,109.844207328,109.844207328,109.844207328
2020-02-27 12:48:00,109.890067468,109.890067468,109.890067468,109.890067468
2020-02-27 12:49:00,109.890067468,109.890067468,109.890067468,109.890067468
2020-02-27 12:50:00,109.890067468,109.890067468,109.890067468,109.890067468
2020-02-27 12:51:00,110.055163972,110.055163972,110.055163972,110.055163972
2020-02-27 12:52:00,110.055163972,110.055163972,110.055163972,110.055163972
2020-02-27 12:53:00,110.064336,110.064336,110.064336,110.064336
2020-02-27 12:54:00,110.064336,110.064336,110.064336,110.064336
2020-02-27 12:55:00,110.064336,110.064336,110.064336,110.064336
2020-02-27 12:56:00,110.064336,110.064336,110.064336,110.064336
2020-02-27 12:57:00,110.064336,110.064336,110.064336,110.064336
2020-02-27 12:58:00,110.064336,110.064336,110.064336,110.064336
2020-02-27 12:59:00,109.752487048,109.752487048,109.752487048,109.752487048
2020-02-27 13:00:00,109.679110824,109.679110824,109.679110824,109.679110824
2020-02-27 13:01:00,109.679110824,109.679110824,109.679110824,109.679110824
2020-02-27 13:02:00,109.679110824,109.679110824,109.679110824,109.679110824
2020-02-27 13:03:00,109.679110824,109.679110824,109.679110824,109.679110824
2020-02-27 13:04:00,109.679110824,109.679110824,109.679110824,109.679110824
2020-02-27 13:05:00,109.679110824,109.679110824,109.679110824,109.679110824
2020-02-27 13:06:00,109.679110824,109.679110824,109.679110824,109.679110824
2020-02-27 13:07:00,109.853379356,109.853379356,109.853379356,109.853379356
2020-02-27 13:08:00,110.036819916,110.036819916,110.036819916,110.036819916
2020-02-27 13:09:00,110.036819916,110.036819916,110.036819916,110.036819916
2020-02-27 13:10:00,110.036819916,110.036819916,110.036819916,110.036819916
2020-02-27 13:11:00,110.036819916,110.036819916,110.036819916,110.036819916
2020-02-27 13:12:00,110.036819916,110.036819916,110.036819916,110.036819916
2020-02-27 13:13:00,110.036819916,110.036819916,110.036819916,110.036819916
2020-02-27 13:14:00,110.036819916,110.036819916,110.036819916,110.036819916
2020-02-27 13:15:00,110.036819916,110.036819916,110.036819916,110.036819916
2020-02-27 13:16:00,110.036819916,110.036819916,110.036819916,110.036819916
2020-02-27 13:17:00,110.036819916,110.036819916,110.036819916,110.036819916
2020-02-27 13:18:00,110.036819916,110.036819916,110.036819916,110.036819916
2020-02-27 13:19:00,110.036819916,110.036819916,110.036819916,110.036819916
2020-02-27 13:20:00,110.036819916,110.036819916,110.036819916,110.036819916
2020-02-27 13:21:00,110.036819916,110.036819916,110.036819916,110.036819916
2020-02-27 13:22:00,110.036819916,110.036819916,110.036819916,110.036819916
2020-02-27 13:23:00,110.036819916,110.036819916,110.036819916,110.036819916
2020-02-27 13:24:00,109.495670264,109.385605928,109.385605928,109.495670264
2020-02-27 13:25:00,109.495670264,109.385605928,109.385605928,109.495670264
2020-02-27 13:26:00,109.495670264,109.385605928,109.385605928,109.495670264
2020-02-27 13:27:00,109.495670264,109.385605928,109.385605928,109.495670264
2020-02-27 13:28:00,109.495670264,109.385605928,109.385605928,109.495670264
2020-02-27 13:29:00,109.495670264,109.385605928,109.385605928,109.495670264
2020-02-27 13:30:00,109.495670264,109.385605928,109.385605928,109.495670264
2020-02-27 13:31:00,109.495670264,109.385605928,109.385605928,109.495670264
2020-02-27 13:32:00,109.183821312,109.183821312,109.183821312,109.183821312
2020-02-27 13:33:00,109.183821312,109.183821312,109.183821312,109.183821312
2020-02-27 13:34:00,109.183821312,109.183821312,109.183821312,109.183821312
2020-02-27 13:35:00,109.183821312,109.183821312,109.183821312,109.183821312
2020-02-27 13:36:00,109.183821312,109.183821312,109.183821312,109.183821312
2020-02-27 13:37:00,109.082929004,109.128789144,109.082929004,109.128789144
2020-02-27 13:38:00,109.082929004,109.128789144,109.082929004,109.128789144
2020-02-27 13:39:00,109.05541292,109.05541292,109.05541292,109.05541292
2020-02-27 13:40:00,109.05541292,109.05541292,109.05541292,109.05541292
2020-02-27 13:41:00,109.05541292,109.05541292,109.05541292,109.05541292
2020-02-27 13:42:00,109.05541292,109.05541292,109.05541292,109.05541292
2020-02-27 13:43:00,109.05541292,109.05541292,109.05541292,109.05541292
2020-02-27 13:44:00,108.2299304,108.2299304,108.2299304,108.2299304
2020-02-27 13:45:00,108.679359772,108.55095138,108.55095138,108.679359772
2020-02-27 13:46:00,108.679359772,108.55095138,108.55095138,108.679359772
2020-02-27 13:47:00,108.679359772,108.55095138,108.55095138,108.679359772
2020-02-27 13:48:00,108.679359772,108.55095138,108.55095138,108.679359772
2020-02-27 13:49:00,108.679359772,108.55095138,108.55095138,108.679359772
2020-02-27 13:50:00,108.679359772,108.55095138,108.55095138,108.679359772
2020-02-27 13:51:00,108.679359772,108.55095138,108.55095138,108.679359772
2020-02-27 13:52:00,108.679359772,108.55095138,108.55095138,108.679359772
2020-02-27 13:53:00,108.679359772,108.55095138,108.55095138,108.679359772
2020-02-27 13:54:00,108.679359772,108.55095138,108.55095138,108.679359772
2020-02-27 13:55:00,109.092101032,109.092101032,109.092101032,109.092101032
2020-02-27 13:56:00,109.092101032,109.092101032,109.092101032,109.092101032
2020-02-27 13:57:00,108.945348584,108.945348584,108.945348584,108.945348584
2020-02-27 13:58:00,108.945348584,108.945348584,108.945348584,108.945348584
2020-02-27 13:59:00,108.945348584,108.945348584,108.945348584,108.945348584
2020-02-27 14:00:00,108.945348584,108.945348584,108.945348584,108.945348584
2020-02-27 14:01:00,108.945348584,108.945348584,108.945348584,108.945348584
2020-02-27 14:02:00,108.330822708,108.330822708,108.330822708,108.330822708
2020-02-27 14:03:00,108.330822708,108.330822708,108.330822708,108.330822708
2020-02-27 14:04:00,108.330822708,108.330822708,108.330822708,108.330822708
2020-02-27 14:05:00,108.330822708,108.330822708,108.330822708,108.330822708
2020-02-27 14:06:00,108.330822708,108.330822708,108.330822708,108.330822708
2020-02-27 14:07:00,108.330822708,108.330822708,108.330822708,108.330822708
2020-02-27 14:08:00,108.330822708,108.330822708,108.330822708,108.330822708
2020-02-27 14:09:00,108.330822708,108.330822708,108.330822708,108.330822708
2020-02-27 14:10:00,108.330822708,108.330822708,108.330822708,108.330822708
2020-02-27 14:11:00,108.330822708,108.330822708,108.330822708,108.330822708
2020-02-27 14:12:00,108.330822708,108.330822708,108.330822708,108.330822708
2020-02-27 14:13:00,108.330822708,108.330822708,108.330822708,108.330822708
2020-02-27 14:14:00,108.330822708,108.330822708,108.330822708,108.330822708
2020-02-27 14:15:00,108.330822708,108.330822708,108.330822708,108.330822708
2020-02-27 14:16:00,108.330822708,108.330822708,108.330822708,108.330822708
2020-02-27 14:17:00,108.330822708,108.330822708,108.330822708,108.330822708
2020-02-27 14:18:00,108.248274456,108.248274456,108.248274456,108.248274456
2020-02-27 14:19:00,108.248274456,108.248274456,108.248274456,108.248274456
2020-02-27 14:20:00,108.248274456,108.248274456,108.248274456,108.248274456
2020-02-27 14:21:00,108.248274456,108.248274456,108.248274456,108.248274456
2020-02-27 14:22:00,108.248274456,108.248274456,108.248274456,108.248274456
2020-02-27 14:23:00,108.248274456,108.248274456,108.248274456,108.248274456
2020-02-27 14:24:00,108.248274456,108.248274456,108.248274456,108.248274456
2020-02-27 14:25:00,108.248274456,108.248274456,108.248274456,108.248274456
2020-02-27 14:26:00,108.248274456,108.248274456,108.248274456,108.248274456
2020-02-27 14:27:00,108.50509124,108.50509124,108.50509124,108.50509124
2020-02-27 14:28:00,108.679359772,108.679359772,108.679359772,108.679359772
2020-02-27 14:29:00,108.679359772,108.679359772,108.679359772,108.679359772
2020-02-27 14:30:00,108.679359772,108.679359772,108.679359772,108.679359772
2020-02-27 14:31:00,108.679359772,108.679359772,108.679359772,108.679359772
2020-02-27 14:32:00,108.395026904,108.385854876,108.385854876,108.395026904
2020-02-27 14:33:00,108.41337096,108.41337096,108.41337096,108.41337096
2020-02-27 14:34:00,108.27579054,108.303306624,108.27579054,108.303306624
2020-02-27 14:35:00,108.27579054,108.303306624,108.27579054,108.303306624
2020-02-27 14:36:00,108.27579054,108.303306624,108.27579054,108.303306624
2020-02-27 14:37:00,108.27579054,108.303306624,108.27579054,108.303306624
2020-02-27 14:38:00,108.27579054,108.303306624,108.27579054,108.303306624
2020-02-27 14:39:00,108.27579054,108.303306624,108.27579054,108.303306624
2020-02-27 14:40:00,108.27579054,108.303306624,108.27579054,108.303306624
2020-02-27 14:41:00,108.27579054,108.303306624,108.27579054,108.303306624
2020-02-27 14:42:00,108.27579054,108.303306624,108.27579054,108.303306624
2020-02-27 14:43:00,108.27579054,108.303306624,108.27579054,108.303306624
2020-02-27 14:44:00,108.27579054,108.303306624,108.27579054,108.303306624
2020-02-27 14:45:00,108.27579054,108.303306624,108.27579054,108.303306624
2020-02-27 14:46:00,108.27579054,108.303306624,108.27579054,108.303306624
2020-02-27 14:47:00,108.349166764,108.349166764,108.349166764,108.349166764
2020-02-27 14:48:00,108.349166764,108.349166764,108.349166764,108.349166764
2020-02-27 14:49:00,108.349166764,108.349166764,108.349166764,108.349166764
2020-02-27 14:50:00,108.349166764,108.349166764,108.349166764,108.349166764
2020-02-27 14:51:00,108.468403128,108.468403128,108.468403128,108.468403128
2020-02-27 14:52:00,108.303306624,108.358338792,108.294134596,108.358338792
2020-02-27 14:53:00,108.303306624,108.358338792,108.294134596,108.358338792
2020-02-27 14:54:00,108.248274456,108.248274456,108.234516414,108.248274456
2020-02-27 14:55:00,108.248274456,108.248274456,108.234516414,108.248274456
2020-02-27 14:56:00,108.13821012,108.13821012,108.13821012,108.13821012
2020-02-27 14:57:00,108.147382148,108.147382148,108.147382148,108.147382148
2020-02-27 14:58:00,108.165726204,108.165726204,108.165726204,108.165726204
2020-02-27 14:59:00,108.165726204,108.165726204,108.165726204,108.165726204
2020-02-27 15:00:00,108.165726204,108.165726204,108.165726204,108.165726204
2020-02-27 15:01:00,107.890565364,107.890565364,107.890565364,107.890565364
2020-02-27 15:02:00,107.798845084,107.798845084,107.798845084,107.798845084
2020-02-27 15:03:00,107.798845084,107.798845084,107.798845084,107.798845084
2020-02-27 15:04:00,107.642920608,107.642920608,107.642920608,107.642920608
2020-02-27 15:05:00,107.642920608,107.642920608,107.642920608,107.642920608
2020-02-27 15:06:00,107.642920608,107.642920608,107.642920608,107.642920608
2020-02-27 15:07:00,107.982285644,107.982285644,107.982285644,107.982285644
2020-02-27 15:08:00,107.982285644,107.982285644,107.982285644,107.982285644
2020-02-27 15:09:00,107.982285644,107.982285644,107.982285644,107.982285644
2020-02-27 15:10:00,108.09234998,108.09234998,108.09234998,108.09234998
2020-02-27 15:11:00,108.09234998,108.09234998,108.09234998,108.09234998
2020-02-27 15:12:00,108.09234998,108.09234998,108.09234998,108.09234998
2020-02-27 15:13:00,108.09234998,108.09234998,108.09234998,108.09234998
2020-02-27 15:14:00,108.09234998,108.09234998,108.09234998,108.09234998
2020-02-27 15:15:00,108.09234998,108.09234998,108.09234998,108.09234998
2020-02-27 15:16:00,108.018973756,108.018973756,108.018973756,108.018973756
2020-02-27 15:17:00,108.018973756,108.018973756,108.018973756,108.018973756
2020-02-27 15:18:00,108.018973756,108.018973756,108.018973756,108.018973756
2020-02-27 15:19:00,108.018973756,108.018973756,108.018973756,108.018973756
2020-02-27 15:20:00,108.018973756,108.018973756,108.018973756,108.018973756
2020-02-27 15:21:00,108.018973756,108.018973756,108.018973756,108.018973756
2020-02-27 15:22:00,108.018973756,108.018973756,108.018973756,108.018973756
2020-02-27 15:23:00,108.018973756,108.018973756,108.018973756,108.018973756
2020-02-27 15:24:00,107.789673056,107.789673056,107.789673056,107.789673056
2020-02-27 15:25:00,107.789673056,107.789673056,107.789673056,107.789673056
2020-02-27 15:26:00,107.789673056,107.789673056,107.789673056,107.789673056
2020-02-27 15:27:00,107.789673056,107.789673056,107.789673056,107.789673056
2020-02-27 15:28:00,107.789673056,107.789673056,107.789673056,107.789673056
2020-02-27 15:29:00,107.789673056,107.789673056,107.789673056,107.789673056
2020-02-27 15:30:00,107.606232496,107.606232496,107.606232496,107.606232496
2020-02-27 15:31:00,107.606232496,107.606232496,107.606232496,107.606232496
2020-02-27 15:32:00,107.505340188,107.505340188,107.505340188,107.505340188
2020-02-27 15:33:00,107.505340188,107.505340188,107.505340188,107.505340188
2020-02-27 15:34:00,107.49616816,107.523684244,107.49616816,107.523684244
2020-02-27 15:35:00,107.49616816,107.523684244,107.49616816,107.523684244
2020-02-27 15:36:00,107.49616816,107.523684244,107.49616816,107.523684244
2020-02-27 15:37:00,107.49616816,107.523684244,107.49616816,107.523684244
2020-02-27 15:38:00,107.49616816,107.523684244,107.49616816,107.523684244
2020-02-27 15:39:00,107.49616816,107.523684244,107.49616816,107.523684244
2020-02-27 15:40:00,107.49616816,107.523684244,107.49616816,107.523684244
2020-02-27 15:41:00,107.49616816,107.523684244,107.49616816,107.523684244
2020-02-27 15:42:00,107.12928704,107.101770956,107.101770956,107.12928704
2020-02-27 15:43:00,107.12928704,107.101770956,107.101770956,107.12928704
2020-02-27 15:44:00,107.12928704,107.101770956,107.101770956,107.12928704
2020-02-27 15:45:00,107.12928704,107.101770956,107.101770956,107.12928704
2020-02-27 15:46:00,107.17514718,107.17514718,107.17514718,107.17514718
2020-02-27 15:47:00,107.17514718,107.17514718,107.17514718,107.17514718
2020-02-27 15:48:00,107.17514718,107.17514718,107.17514718,107.17514718
2020-02-27 15:49:00,107.17514718,107.17514718,107.17514718,107.17514718
2020-02-27 15:50:00,107.17514718,107.17514718,107.17514718,107.17514718
2020-02-27 15:51:00,106.844954172,106.881642284,106.844954172,106.881642284
2020-02-27 15:52:00,106.71654578,106.71654578,106.71654578,106.71654578
2020-02-27 15:53:00,106.71654578,106.71654578,106.71654578,106.71654578
2020-02-27 15:54:00,106.3955248,106.3955248,106.3955248,106.3955248
2020-02-27 15:55:00,106.3955248,106.3955248,106.3955248,106.3955248
2020-02-27 15:56:00,106.3955248,106.3955248,106.3955248,106.3955248
2020-02-27 15:57:00,106.3955248,106.3955248,106.3955248,106.3955248
2020-02-27 15:58:00,106.3955248,106.3955248,106.3955248,106.3955248
2020-02-27 15:59:00,106.3955248,106.3955248,106.3955248,106.3955248
2020-02-27 16:00:00,105.881891232,106.092847876,105.790170952,106.12036396
2020-02-28 09:31:00,102.194735976,102.057155556,102.057155556,102.515756956
2020-02-28 09:32:00,102.65691446692,102.4570559768,102.31397234,102.65691446692
2020-02-28 09:33:00,102.6377449284,102.561617096,102.561617096,102.92134403416
2020-02-28 09:34:00,102.763401712,102.763401712,102.763401712,102.763401712
2020-02-28 09:35:00,103.04773458,102.946842272,102.946842272,103.04773458
2020-02-28 09:36:00,103.066078636,103.066078636,103.066078636,103.066078636
2020-02-28 09:37:00,103.52926605,103.52926605,103.52926605,103.52926605
2020-02-28 09:38:00,103.78149682,103.55219612,103.55219612,103.78149682
2020-02-28 09:39:00,103.50734490308,103.66684647,103.50734490308,103.66684647
2020-02-28 09:40:00,103.744808708,103.854873044,103.744808708,103.854873044
2020-02-28 09:41:00,103.6439164,103.6439164,103.6439164,103.6439164
2020-02-28 09:42:00,103.809012904,103.726464652,103.726464652,103.809012904
2020-02-28 09:43:00,103.854873044,104.029141576,103.854873044,104.029141576
2020-02-28 09:44:00,103.790668848,103.790668848,103.790668848,103.790668848
2020-02-28 09:45:00,103.607228288,103.744808708,103.607228288,103.744808708
2020-02-28 09:46:00,103.487991924,103.487991924,103.487991924,103.487991924
2020-02-28 09:47:00,103.451303812,103.423787728,103.423787728,103.451303812
2020-02-28 09:48:00,103.451303812,103.423787728,103.423787728,103.451303812
2020-02-28 09:49:00,103.4976225534,103.4976225534,103.4976225534,103.4976225534
2020-02-28 09:50:00,103.176142972,103.176142972,103.176142972,103.176142972
2020-02-28 09:51:00,103.056906608,103.222003112,103.056906608,103.23117514
2020-02-28 09:52:00,103.029390524,103.029390524,103.029390524,103.029390524
2020-02-28 09:53:00,103.029390524,103.029390524,103.029390524,103.029390524
2020-02-28 09:54:00,102.717541572,102.7267136,102.708369544,102.7267136
2020-02-28 09:55:00,102.717541572,102.7267136,102.708369544,102.7267136
2020-02-28 09:56:00,102.717541572,102.7267136,102.708369544,102.7267136
2020-02-28 09:57:00,102.717541572,102.7267136,102.708369544,102.7267136
2020-02-28 09:58:00,102.717541572,102.7267136,102.708369544,102.7267136
2020-02-28 09:59:00,102.277284228,102.203908004,102.203908004,102.277284228
2020-02-28 10:00:00,102.277284228,102.203908004,102.203908004,102.277284228
2020-02-28 10:01:00,102.277284228,102.203908004,102.203908004,102.277284228
2020-02-28 10:02:00,102.277284228,102.203908004,102.203908004,102.277284228
2020-02-28 10:03:00,101.8095108,101.914989122,101.8095108,101.914989122
2020-02-28 10:04:00,101.699446464,101.699446464,101.699446464,101.699446464
2020-02-28 10:05:00,101.424285624,101.53434996,101.424285624,101.53434996
2020-02-28 10:06:00,101.571038072,101.497661848,101.497661848,101.571038072
2020-02-28 10:07:00,101.965435276,102.112187724,101.965435276,102.112187724
2020-02-28 10:08:00,101.965435276,102.112187724,101.965435276,102.112187724
2020-02-28 10:09:00,101.965435276,102.112187724,101.965435276,102.112187724
2020-02-28 10:10:00,101.965435276,102.112187724,101.965435276,102.112187724
2020-02-28 10:11:00,102.167219892,102.17639192,102.167219892,102.17639192
2020-02-28 10:12:00,102.167219892,102.17639192,102.167219892,102.17639192
2020-02-28 10:13:00,101.800338772,101.800338772,101.800338772,101.800338772
2020-02-28 10:14:00,101.800338772,101.800338772,101.800338772,101.800338772
2020-02-28 10:15:00,101.800338772,101.800338772,101.800338772,101.800338772
2020-02-28 10:16:00,102.323144368,102.31397234,102.31397234,102.323144368
2020-02-28 10:17:00,102.579961152,102.616649264,102.579961152,102.616649264
2020-02-28 10:18:00,102.579961152,102.616649264,102.579961152,102.616649264
2020-02-28 10:19:00,102.616649264,102.616649264,102.616649264,102.616649264
2020-02-28 10:20:00,102.616649264,102.616649264,102.616649264,102.616649264
2020-02-28 10:21:00,102.616649264,102.616649264,102.616649264,102.616649264
2020-02-28 10:22:00,102.616649264,102.616649264,102.616649264,102.616649264
2020-02-28 10:23:00,102.616649264,102.616649264,102.616649264,102.616649264
2020-02-28 10:24:00,102.616649264,102.616649264,102.616649264,102.616649264
2020-02-28 10:25:00,102.616649264,102.616649264,102.616649264,102.616649264
2020-02-28 10:26:00,102.63499332,102.653337376,102.63499332,102.653337376
2020-02-28 10:27:00,102.63499332,102.653337376,102.63499332,102.653337376
2020-02-28 10:28:00,102.63499332,102.653337376,102.63499332,102.653337376
2020-02-28 10:29:00,102.488240872,102.515756956,102.488240872,102.515756956
2020-02-28 10:30:00,102.488240872,102.515756956,102.488240872,102.515756956
2020-02-28 10:31:00,102.139703808,102.139703808,102.139703808,102.139703808
2020-02-28 10:32:00,102.139703808,102.139703808,102.139703808,102.139703808
2020-02-28 10:33:00,102.139703808,102.139703808,102.139703808,102.139703808
2020-02-28 10:34:00,102.185563948,102.17639192,102.121359752,102.185563948
2020-02-28 10:35:00,102.185563948,102.17639192,102.121359752,102.185563948
2020-02-28 10:36:00,102.185563948,102.17639192,102.121359752,102.185563948
2020-02-28 10:37:00,102.185563948,102.17639192,102.121359752,102.185563948
2020-02-28 10:38:00,102.185563948,102.17639192,102.121359752,102.185563948
2020-02-28 10:39:00,102.54327304,102.54327304,102.54327304,102.54327304
2020-02-28 10:40:00,102.341488424,102.341488424,102.341488424,102.341488424
2020-02-28 10:41:00,102.424036676,102.433208704,102.424036676,102.433208704
2020-02-28 10:42:00,102.424036676,102.433208704,102.424036676,102.433208704
2020-02-28 10:43:00,102.424036676,102.433208704,102.424036676,102.433208704
2020-02-28 10:44:00,102.424036676,102.433208704,102.424036676,102.433208704
2020-02-28 10:45:00,102.424036676,102.433208704,102.424036676,102.433208704
2020-02-28 10:46:00,102.424036676,102.433208704,102.424036676,102.433208704
2020-02-28 10:47:00,102.08467164,102.08467164,102.08467164,102.08467164
2020-02-28 10:48:00,102.08467164,102.08467164,102.08467164,102.08467164
2020-02-28 10:49:00,102.08467164,102.08467164,102.08467164,102.08467164
2020-02-28 10:50:00,102.029639472,101.956263248,101.94709122,102.029639472
2020-02-28 10:51:00,101.928747164,101.928747164,101.919575136,101.937919192
2020-02-28 10:52:00,101.928747164,101.928747164,101.919575136,101.937919192
2020-02-28 10:53:00,102.54327304,102.54327304,102.54327304,102.54327304
2020-02-28 10:54:00,102.54327304,102.54327304,102.54327304,102.54327304
2020-02-28 10:55:00,102.91015416,102.91015416,102.91015416,102.91015416
2020-02-28 10:56:00,102.836777936,102.836777936,102.836777936,102.836777936
2020-02-28 10:57:00,102.836777936,102.836777936,102.836777936,102.836777936
2020-02-28 10:58:00,102.616649264,102.671681432,102.598305208,102.671681432
2020-02-28 10:59:00,102.616649264,102.671681432,102.598305208,102.671681432
2020-02-28 11:00:00,102.616649264,102.671681432,102.598305208,102.671681432
2020-02-28 11:01:00,102.616649264,102.671681432,102.598305208,102.671681432
2020-02-28 11:02:00,102.616649264,102.671681432,102.598305208,102.671681432
2020-02-28 11:03:00,102.112187724,102.148875836,102.112187724,102.148875836
2020-02-28 11:04:00,102.22225206,102.22225206,102.22225206,102.22225206
2020-02-28 11:05:00,102.22225206,102.22225206,102.22225206,102.22225206
2020-02-28 11:06:00,102.22225206,102.22225206,102.22225206,102.22225206
2020-02-28 11:07:00,102.22225206,102.22225206,102.22225206,102.22225206
2020-02-28 11:08:00,101.974607304,102.047983528,101.974607304,102.047983528
2020-02-28 11:09:00,101.90123108,102.029639472,101.90123108,102.029639472
2020-02-28 11:10:00,101.90123108,102.029639472,101.90123108,102.029639472
2020-02-28 11:11:00,102.194735976,102.194735976,102.194735976,102.194735976
2020-02-28 11:12:00,102.240596116,102.158047864,102.158047864,102.240596116
2020-02-28 11:13:00,102.442380732,102.240596116,102.240596116,102.469896816
2020-02-28 11:14:00,102.442380732,102.240596116,102.240596116,102.469896816
2020-02-28 11:15:00,102.442380732,102.240596116,102.240596116,102.469896816
2020-02-28 11:16:00,102.442380732,102.240596116,102.240596116,102.469896816
2020-02-28 11:17:00,102.442380732,102.240596116,102.240596116,102.469896816
2020-02-28 11:18:00,102.442380732,102.240596116,102.240596116,102.469896816
2020-02-28 11:19:00,102.442380732,102.240596116,102.240596116,102.469896816
2020-02-28 11:20:00,102.442380732,102.240596116,102.240596116,102.469896816
2020-02-28 11:21:00,102.442380732,102.240596116,102.240596116,102.469896816
2020-02-28 11:22:00,102.442380732,102.240596116,102.240596116,102.469896816
2020-02-28 11:23:00,102.442380732,102.240596116,102.240596116,102.469896816
2020-02-28 11:24:00,102.644165348,102.653337376,102.644165348,102.653337376
2020-02-28 11:25:00,102.91015416,102.91015416,102.91015416,102.91015416
2020-02-28 11:26:00,102.900982132,102.900982132,102.891810104,102.900982132
2020-02-28 11:27:00,102.900982132,102.900982132,102.891810104,102.900982132
2020-02-28 11:28:00,102.900982132,102.900982132,102.891810104,102.900982132
2020-02-28 11:29:00,102.900982132,102.900982132,102.891810104,102.900982132
2020-02-28 11:30:00,102.900982132,102.900982132,102.891810104,102.900982132
2020-02-28 11:31:00,102.900982132,102.900982132,102.891810104,102.900982132
2020-02-28 11:32:00,103.332067448,103.332067448,103.332067448,103.332067448
2020-02-28 11:33:00,103.432959756,103.4146157,103.4146157,103.432959756
2020-02-28 11:34:00,103.442131784,103.442131784,103.442131784,103.442131784
2020-02-28 11:35:00,103.442131784,103.442131784,103.442131784,103.442131784
2020-02-28 11:36:00,103.442131784,103.442131784,103.442131784,103.442131784
2020-02-28 11:37:00,103.442131784,103.442131784,103.442131784,103.442131784
2020-02-28 11:38:00,103.616400316,103.6439164,103.616400316,103.6439164
2020-02-28 11:39:00,103.616400316,103.6439164,103.616400316,103.6439164
2020-02-28 11:40:00,103.928249268,103.928249268,103.91907724,103.946593324
2020-02-28 11:41:00,103.928249268,103.928249268,103.91907724,103.946593324
2020-02-28 11:42:00,103.928249268,103.928249268,103.91907724,103.946593324
2020-02-28 11:43:00,103.928249268,103.928249268,103.91907724,103.946593324
2020-02-28 11:44:00,104.5611192,104.524431088,104.524431088,104.5611192
2020-02-28 11:45:00,104.5611192,104.524431088,104.524431088,104.5611192
2020-02-28 11:46:00,104.386850668,104.386850668,104.386850668,104.386850668
2020-02-28 11:47:00,104.386850668,104.386850668,104.386850668,104.386850668
2020-02-28 11:48:00,104.386850668,104.386850668,104.386850668,104.386850668
2020-02-28 11:49:00,104.386850668,104.386850668,104.386850668,104.386850668
2020-02-28 11:50:00,104.05665766,104.166721996,104.05665766,104.166721996
2020-02-28 11:51:00,104.084173744,104.24009822,104.084173744,104.258442276
2020-02-28 11:52:00,104.084173744,104.24009822,104.084173744,104.258442276
2020-02-28 11:53:00,104.084173744,104.24009822,104.084173744,104.258442276
2020-02-28 11:54:00,104.084173744,104.24009822,104.084173744,104.258442276
2020-02-28 11:55:00,104.084173744,104.24009822,104.084173744,104.258442276
2020-02-28 11:56:00,104.084173744,104.24009822,104.084173744,104.258442276
2020-02-28 11:57:00,104.084173744,104.24009822,104.084173744,104.258442276
2020-02-28 11:58:00,104.084173744,104.24009822,104.084173744,104.258442276
2020-02-28 11:59:00,103.570540176,103.570540176,103.570540176,103.570540176
2020-02-28 12:00:00,103.570540176,103.570540176,103.570540176,103.570540176
2020-02-28 12:01:00,103.570540176,103.570540176,103.570540176,103.570540176
2020-02-28 12:02:00,103.570540176,103.570540176,103.570540176,103.570540176
2020-02-28 12:03:00,103.570540176,103.570540176,103.570540176,103.570540176
2020-02-28 12:04:00,103.570540176,103.570540176,103.570540176,103.570540176
2020-02-28 12:05:00,103.570540176,103.570540176,103.570540176,103.570540176
2020-02-28 12:06:00,103.524680036,103.524680036,103.524680036,103.524680036
2020-02-28 12:07:00,103.524680036,103.524680036,103.524680036,103.524680036
2020-02-28 12:08:00,103.607228288,103.607228288,103.607228288,103.607228288
2020-02-28 12:09:00,103.46047584,103.478819896,103.46047584,103.478819896
2020-02-28 12:10:00,103.46047584,103.478819896,103.46047584,103.478819896
2020-02-28 12:11:00,103.46047584,103.478819896,103.46047584,103.478819896
2020-02-28 12:12:00,103.46047584,103.478819896,103.46047584,103.478819896
2020-02-28 12:13:00,103.46047584,103.478819896,103.46047584,103.478819896
2020-02-28 12:14:00,103.46047584,103.478819896,103.46047584,103.478819896
2020-02-28 12:15:00,103.46047584,103.478819896,103.46047584,103.478819896
2020-02-28 12:16:00,103.46047584,103.478819896,103.46047584,103.478819896
2020-02-28 12:17:00,102.9560143,102.9560143,102.9560143,102.9560143
2020-02-28 12:18:00,102.9560143,102.9560143,102.9560143,102.9560143
2020-02-28 12:19:00,102.9560143,102.9560143,102.9560143,102.9560143
2020-02-28 12:20:00,103.295379336,103.295379336,103.295379336,103.295379336
2020-02-28 12:21:00,103.295379336,103.295379336,103.295379336,103.295379336
2020-02-28 12:22:00,103.295379336,103.295379336,103.295379336,103.295379336
2020-02-28 12:23:00,103.387099616,103.4146157,103.387099616,103.4146157
2020-02-28 12:24:00,103.387099616,103.4146157,103.387099616,103.4146157
2020-02-28 12:25:00,103.295379336,103.295379336,103.295379336,103.295379336
2020-02-28 12:26:00,103.295379336,103.295379336,103.295379336,103.295379336
2020-02-28 12:27:00,103.616400316,103.616400316,103.616400316,103.616400316
2020-02-28 12:28:00,103.616400316,103.616400316,103.616400316,103.616400316
2020-02-28 12:29:00,103.616400316,103.616400316,103.616400316,103.616400316
2020-02-28 12:30:00,103.82735696,103.82735696,103.82735696,103.82735696
2020-02-28 12:31:00,103.82735696,103.82735696,103.82735696,103.82735696
2020-02-28 12:32:00,103.82735696,103.82735696,103.82735696,103.82735696
2020-02-28 12:33:00,104.1025178,104.1025178,104.1025178,104.1025178
2020-02-28 12:34:00,104.1025178,104.1025178,104.1025178,104.1025178
2020-02-28 12:35:00,104.1025178,104.1025178,104.1025178,104.1025178
2020-02-28 12:36:00,103.809012904,103.8732171,103.809012904,103.882389128
2020-02-28 12:37:00,103.708120596,103.799840876,103.708120596,103.799840876
2020-02-28 12:38:00,104.01079752,104.01079752,104.01079752,104.01079752
2020-02-28 12:39:00,104.01079752,104.01079752,104.01079752,104.01079752
2020-02-28 12:40:00,103.946593324,103.946593324,103.946593324,103.946593324
2020-02-28 12:41:00,103.946593324,103.946593324,103.946593324,103.946593324
2020-02-28 12:42:00,103.946593324,103.946593324,103.946593324,103.946593324
2020-02-28 12:43:00,104.166721996,104.203410108,104.166721996,104.203410108
2020-02-28 12:44:00,104.166721996,104.203410108,104.166721996,104.203410108
2020-02-28 12:45:00,104.166721996,104.203410108,104.166721996,104.203410108
2020-02-28 12:46:00,104.166721996,104.203410108,104.166721996,104.203410108
2020-02-28 12:47:00,104.166721996,104.203410108,104.166721996,104.203410108
2020-02-28 12:48:00,103.625572344,103.634744372,103.625572344,103.634744372
2020-02-28 12:49:00,103.561368148,103.561368148,103.561368148,103.561368148
2020-02-28 12:50:00,103.350411504,103.350411504,103.350411504,103.350411504
2020-02-28 12:51:00,103.350411504,103.350411504,103.350411504,103.350411504
2020-02-28 12:52:00,103.82735696,103.818184932,103.818184932,103.82735696
2020-02-28 12:53:00,103.82735696,103.818184932,103.818184932,103.82735696
2020-02-28 12:54:00,103.82735696,103.818184932,103.818184932,103.82735696
2020-02-28 12:55:00,103.82735696,103.818184932,103.818184932,103.82735696
2020-02-28 12:56:00,103.946593324,104.01079752,103.946593324,104.01079752
2020-02-28 12:57:00,104.230926192,104.221754164,104.221754164,104.230926192
2020-02-28 12:58:00,104.175894024,104.175894024,104.175894024,104.175894024
2020-02-28 12:59:00,104.276786332,104.304302416,104.276786332,104.304302416
2020-02-28 13:00:00,104.276786332,104.304302416,104.276786332,104.304302416
2020-02-28 13:01:00,104.276786332,104.304302416,104.276786332,104.304302416
2020-02-28 13:02:00,104.276786332,104.304302416,104.276786332,104.304302416
2020-02-28 13:03:00,104.084173744,104.212582136,104.084173744,104.212582136
2020-02-28 13:04:00,104.084173744,104.212582136,104.084173744,104.212582136
2020-02-28 13:05:00,104.084173744,104.212582136,104.084173744,104.212582136
2020-02-28 13:06:00,104.084173744,104.212582136,104.084173744,104.212582136
2020-02-28 13:07:00,104.084173744,104.212582136,104.084173744,104.212582136
2020-02-28 13:08:00,104.084173744,104.212582136,104.084173744,104.212582136
2020-02-28 13:09:00,104.084173744,104.212582136,104.084173744,104.212582136
2020-02-28 13:10:00,104.212582136,104.212582136,104.212582136,104.212582136
2020-02-28 13:11:00,104.212582136,104.212582136,104.212582136,104.212582136
2020-02-28 13:12:00,104.212582136,104.212582136,104.212582136,104.212582136
2020-02-28 13:13:00,104.212582136,104.212582136,104.212582136,104.212582136
2020-02-28 13:14:00,104.212582136,104.212582136,104.212582136,104.212582136
2020-02-28 13:15:00,103.579712204,103.579712204,103.579712204,103.579712204
2020-02-28 13:16:00,103.579712204,103.579712204,103.579712204,103.579712204
2020-02-28 13:17:00,103.616400316,103.662260456,103.616400316,103.68977654
2020-02-28 13:18:00,103.818184932,103.818184932,103.818184932,103.818184932
2020-02-28 13:19:00,104.001625492,103.854873044,103.854873044,104.01079752
2020-02-28 13:20:00,104.075001716,104.093345772,104.075001716,104.093345772
2020-02-28 13:21:00,104.075001716,104.093345772,104.075001716,104.093345772
2020-02-28 13:22:00,103.974109408,103.96493738,103.96493738,103.983281436
2020-02-28 13:23:00,103.974109408,103.96493738,103.96493738,103.983281436
2020-02-28 13:24:00,103.82735696,103.680604512,103.680604512,103.82735696
2020-02-28 13:25:00,103.799840876,103.790668848,103.790668848,103.799840876
2020-02-28 13:26:00,103.799840876,103.809012904,103.799840876,103.809012904
2020-02-28 13:27:00,103.864045072,103.864045072,103.864045072,103.864045072
2020-02-28 13:28:00,103.864045072,103.864045072,103.864045072,103.864045072
2020-02-28 13:29:00,103.983281436,103.983281436,103.983281436,103.983281436
2020-02-28 13:30:00,103.983281436,103.983281436,103.983281436,103.983281436
2020-02-28 13:31:00,103.32289542,103.32289542,103.32289542,103.32289542
2020-02-28 13:32:00,103.32289542,103.32289542,103.32289542,103.32289542
2020-02-28 13:33:00,103.32289542,103.32289542,103.32289542,103.32289542
2020-02-28 13:34:00,103.32289542,103.32289542,103.32289542,103.32289542
2020-02-28 13:35:00,103.185315,103.185315,103.185315,103.185315
2020-02-28 13:36:00,103.185315,103.185315,103.185315,103.185315
2020-02-28 13:37:00,103.185315,103.185315,103.185315,103.185315
2020-02-28 13:38:00,103.185315,103.185315,103.185315,103.185315
2020-02-28 13:39:00,103.185315,103.185315,103.185315,103.185315
2020-02-28 13:40:00,103.185315,103.185315,103.185315,103.185315
2020-02-28 13:41:00,103.185315,103.185315,103.185315,103.185315
2020-02-28 13:42:00,103.185315,103.185315,103.185315,103.185315
2020-02-28 13:43:00,103.185315,103.185315,103.185315,103.185315
2020-02-28 13:44:00,102.91015416,102.91015416,102.91015416,102.91015416
2020-02-28 13:45:00,102.91015416,102.91015416,102.91015416,102.91015416
2020-02-28 13:46:00,102.91015416,102.91015416,102.91015416,102.91015416
2020-02-28 13:47:00,102.671681432,102.671681432,102.671681432,102.671681432
2020-02-28 13:48:00,102.671681432,102.671681432,102.671681432,102.671681432
2020-02-28 13:49:00,102.671681432,102.671681432,102.671681432,102.671681432
2020-02-28 13:50:00,102.836777936,102.836777936,102.836777936,102.836777936
2020-02-28 13:51:00,102.836777936,102.836777936,102.836777936,102.836777936
2020-02-28 13:52:00,102.836777936,102.836777936,102.836777936,102.836777936
2020-02-28 13:53:00,102.7267136,102.7267136,102.7267136,102.7267136
2020-02-28 13:54:00,102.7267136,102.7267136,102.7267136,102.7267136
2020-02-28 13:55:00,102.7267136,102.7267136,102.7267136,102.7267136
2020-02-28 13:56:00,102.7267136,102.7267136,102.7267136,102.7267136
2020-02-28 13:57:00,102.7267136,102.7267136,102.7267136,102.7267136
2020-02-28 13:58:00,102.7267136,102.7267136,102.7267136,102.7267136
2020-02-28 13:59:00,102.7267136,102.7267136,102.7267136,102.7267136
2020-02-28 14:00:00,102.974358356,103.00187444,102.974358356,103.038562552
2020-02-28 14:01:00,102.68085346,102.946842272,102.68085346,102.946842272
2020-02-28 14:02:00,102.625821292,102.607477236,102.607477236,102.625821292
2020-02-28 14:03:00,102.561617096,102.561617096,102.561617096,102.561617096
2020-02-28 14:04:00,102.561617096,102.561617096,102.561617096,102.561617096
2020-02-28 14:05:00,102.4974129,102.570789124,102.4974129,102.570789124
2020-02-28 14:06:00,102.4974129,102.570789124,102.4974129,102.570789124
2020-02-28 14:07:00,102.598305208,102.552445068,102.552445068,102.598305208
2020-02-28 14:08:00,102.598305208,102.552445068,102.552445068,102.598305208
2020-02-28 14:09:00,102.598305208,102.552445068,102.552445068,102.598305208
2020-02-28 14:10:00,102.31397234,102.35983248,102.295628284,102.35983248
2020-02-28 14:11:00,102.488240872,102.488240872,102.488240872,102.488240872
2020-02-28 14:12:00,102.644165348,102.644165348,102.644165348,102.644165348
2020-02-28 14:13:00,102.644165348,102.644165348,102.644165348,102.644165348
2020-02-28 14:14:00,102.630407306,102.630407306,102.630407306,102.630407306
2020-02-28 14:15:00,102.630407306,102.630407306,102.630407306,102.630407306
2020-02-28 14:16:00,102.630407306,102.630407306,102.630407306,102.630407306
2020-02-28 14:17:00,102.630407306,102.630407306,102.630407306,102.630407306
2020-02-28 14:18:00,102.644165348,102.644165348,102.644165348,102.644165348
2020-02-28 14:19:00,102.644165348,102.644165348,102.644165348,102.644165348
2020-02-28 14:20:00,102.873466048,102.86429402,102.86429402,102.891810104
2020-02-28 14:21:00,102.77257374,102.77257374,102.77257374,102.77257374
2020-02-28 14:22:00,102.77257374,102.77257374,102.77257374,102.77257374
2020-02-28 14:23:00,102.77257374,102.77257374,102.77257374,102.77257374
2020-02-28 14:24:00,103.185315,103.194487028,103.185315,103.194487028
2020-02-28 14:25:00,103.185315,103.194487028,103.185315,103.194487028
2020-02-28 14:26:00,103.185315,103.194487028,103.185315,103.194487028
2020-02-28 14:27:00,102.823019894,102.823019894,102.823019894,102.823019894
2020-02-28 14:28:00,102.81843388,102.81843388,102.81843388,102.81843388
2020-02-28 14:29:00,102.823019894,102.823019894,102.823019894,102.823019894
2020-02-28 14:30:00,102.823019894,102.823019894,102.823019894,102.823019894
2020-02-28 14:31:00,103.111938776,102.974358356,102.965186328,103.111938776
2020-02-28 14:32:00,103.258691224,103.423787728,103.166970944,103.423787728
2020-02-28 14:33:00,103.258691224,103.423787728,103.166970944,103.423787728
2020-02-28 14:34:00,103.258691224,103.423787728,103.166970944,103.423787728
2020-02-28 14:35:00,103.579712204,103.579712204,103.579712204,103.579712204
2020-02-28 14:36:00,103.50633598,103.50633598,103.50633598,103.50633598
2020-02-28 14:37:00,103.50633598,103.50633598,103.50633598,103.50633598
2020-02-28 14:38:00,103.50633598,103.50633598,103.50633598,103.50633598
2020-02-28 14:39:00,103.50633598,103.50633598,103.50633598,103.50633598
2020-02-28 14:40:00,103.50633598,103.50633598,103.50633598,103.50633598
2020-02-28 14:41:00,103.50633598,103.50633598,103.50633598,103.50633598
2020-02-28 14:42:00,103.50633598,103.50633598,103.50633598,103.50633598
2020-02-28 14:43:00,103.50633598,103.50633598,103.50633598,103.50633598
2020-02-28 14:44:00,103.50633598,103.50633598,103.50633598,103.50633598
2020-02-28 14:45:00,103.50633598,103.50633598,103.50633598,103.50633598
2020-02-28 14:46:00,103.50633598,103.50633598,103.50633598,103.50633598
2020-02-28 14:47:00,104.258442276,104.258442276,104.258442276,104.258442276
2020-02-28 14:48:00,104.258442276,104.258442276,104.258442276,104.258442276
2020-02-28 14:49:00,104.258442276,104.258442276,104.258442276,104.258442276
2020-02-28 14:50:00,104.258442276,104.258442276,104.258442276,104.258442276
2020-02-28 14:51:00,104.130033884,104.130033884,104.130033884,104.130033884
2020-02-28 14:52:00,104.130033884,104.130033884,104.130033884,104.130033884
2020-02-28 14:53:00,104.130033884,104.130033884,104.130033884,104.130033884
2020-02-28 14:54:00,104.084173744,104.084173744,104.084173744,104.084173744
2020-02-28 14:55:00,104.019969548,103.983281436,103.974109408,104.019969548
2020-02-28 14:56:00,103.786082834,103.786082834,103.786082834,103.786082834
2020-02-28 14:57:00,103.561368148,103.538438078,103.538438078,103.561368148
2020-02-28 14:58:00,103.726464652,103.708120596,103.708120596,103.726464652
2020-02-28 14:59:00,103.698948568,103.726464652,103.698948568,103.726464652
2020-02-28 15:00:00,103.657674442,103.607228288,103.607228288,103.662260456
2020-02-28 15:01:00,103.657674442,103.607228288,103.607228288,103.662260456
2020-02-28 15:02:00,103.657674442,103.607228288,103.607228288,103.662260456
2020-02-28 15:03:00,103.653088428,103.6439164,103.6439164,103.698948568
2020-02-28 15:04:00,103.653088428,103.6439164,103.6439164,103.698948568
2020-02-28 15:05:00,103.653088428,103.6439164,103.6439164,103.698948568
2020-02-28 15:06:00,103.176142972,103.176142972,103.176142972,103.176142972
2020-02-28 15:07:00,103.176142972,103.176142972,103.176142972,103.176142972
2020-02-28 15:08:00,103.176142972,103.176142972,103.176142972,103.176142972
2020-02-28 15:09:00,103.176142972,103.176142972,103.176142972,103.176142972
2020-02-28 15:10:00,103.176142972,103.176142972,103.176142972,103.176142972
2020-02-28 15:11:00,103.176142972,103.176142972,103.176142972,103.176142972
2020-02-28 15:12:00,103.176142972,103.176142972,103.176142972,103.176142972
2020-02-28 15:13:00,103.4146157,103.27703528,103.27703528,103.4146157
2020-02-28 15:14:00,103.4146157,103.27703528,103.27703528,103.4146157
2020-02-28 15:15:00,103.27703528,103.377927588,103.27703528,103.377927588
2020-02-28 15:16:00,103.515508008,103.46047584,103.46047584,103.515508008
2020-02-28 15:17:00,103.763152764,103.698948568,103.698948568,103.763152764
2020-02-28 15:18:00,103.763152764,103.698948568,103.698948568,103.763152764
2020-02-28 15:19:00,103.845701016,103.845701016,103.845701016,103.845701016
2020-02-28 15:20:00,103.845701016,103.845701016,103.845701016,103.845701016
2020-02-28 15:21:00,103.845701016,103.845701016,103.845701016,103.845701016
2020-02-28 15:22:00,103.753980736,103.744808708,103.726464652,103.753980736
2020-02-28 15:23:00,103.753980736,103.744808708,103.726464652,103.753980736
2020-02-28 15:24:00,103.36875556,103.327481434,103.286207308,103.36875556
2020-02-28 15:25:00,103.313723392,103.313723392,103.313723392,103.313723392
2020-02-28 15:26:00,103.359583532,103.36875556,103.359583532,103.36875556
2020-02-28 15:27:00,103.185315,103.185315,103.166970944,103.185315
2020-02-28 15:28:00,103.056906608,103.107352762,103.029390524,103.107352762
2020-02-28 15:29:00,102.974358356,102.974358356,102.965186328,102.974358356
2020-02-28 15:30:00,102.873466048,102.900982132,102.873466048,102.900982132
2020-02-28 15:31:00,102.900982132,102.745057656,102.745057656,102.900982132
2020-02-28 15:32:00,102.992702412,102.974358356,102.965186328,102.992702412
2020-02-28 15:33:00,103.176142972,103.130282832,103.130282832,103.176142972
2020-02-28 15:34:00,102.974358356,103.00187444,102.974358356,103.09359472
2020-02-28 15:35:00,103.111938776,102.992702412,102.937670244,103.111938776
2020-02-28 15:36:00,102.974358356,102.974358356,102.974358356,102.974358356
2020-02-28 15:37:00,103.011046468,102.992702412,102.992702412,103.011046468
2020-02-28 15:38:00,102.992702412,103.011046468,102.992702412,103.011046468
2020-02-28 15:39:00,102.946842272,103.020218496,102.928498216,103.029390524
2020-02-28 15:40:00,103.011046468,102.983530384,102.946842272,103.056906608
2020-02-28 15:41:00,103.056906608,103.056906608,103.056906608,103.056906608
2020-02-28 15:42:00,103.056906608,103.056906608,103.056906608,103.056906608
2020-02-28 15:43:00,102.735885628,102.735885628,102.735885628,102.735885628
2020-02-28 15:44:00,102.735885628,102.735885628,102.735885628,102.735885628
2020-02-28 15:45:00,102.735885628,102.735885628,102.735885628,102.735885628
2020-02-28 15:46:00,103.029390524,102.488240872,102.488240872,103.029390524
2020-02-28 15:47:00,102.900982132,102.900982132,102.900982132,102.900982132
2020-02-28 15:48:00,102.974358356,102.974358356,102.974358356,102.974358356
2020-02-28 15:49:00,102.974358356,102.974358356,102.974358356,102.974358356
2020-02-28 15:50:00,102.974358356,102.974358356,102.974358356,102.974358356
2020-02-28 15:51:00,103.13945486,103.166970944,103.13945486,103.166970944
2020-02-28 15:52:00,103.359583532,103.267863252,103.267863252,103.405443672
2020-02-28 15:53:00,103.377927588,103.377927588,103.377927588,103.377927588
2020-02-28 15:54:00,103.359583532,103.359583532,103.359583532,103.359583532
2020-02-28 15:55:00,103.46047584,103.46047584,103.46047584,103.46047584
2020-02-28 15:56:00,103.46047584,103.46047584,103.46047584,103.46047584
2020-02-28 15:57:00,103.909905212,104.01079752,103.909905212,104.01079752
2020-02-28 15:58:00,104.038313604,104.01079752,104.01079752,104.038313604
2020-02-28 15:59:00,104.038313604,104.05665766,104.038313604,104.05665766
2020-02-28 16:00:00,104.643667452,104.350162556,104.350162556,104.707871648
